#NSTP            DELTAT         TIME    POT. FLUX    ACT. FLUX    OVL. FLUX    RET. FLUX    SEEP FLUX    REC. FLUX     REC.VOL.
         1  1.00000E-02  1.00000E-02  0.00000E+00 -1.22019E-05  1.22019E-05  1.22019E-05  0.00000E+00  7.79529E-06  1.56364E-09
         2  5.00000E-03  1.50000E-02  0.00000E+00 -9.56536E-06  1.13055E-05  1.17796E-05  0.00000E+00  7.85594E-06  1.95644E-09
         3  5.50000E-03  2.05000E-02  0.00000E+00  2.91929E-05  6.55988E-06  1.16756E-05  0.00000E+00  7.00280E-06  2.34159E-09
         4  6.05000E-03  2.65500E-02  0.00000E+00  1.54217E-05  9.91932E-06  1.16174E-05  0.00000E+00  8.04202E-06  2.82813E-09
         5  6.65500E-03  3.32050E-02  0.00000E+00  8.84053E-06  9.87004E-06  1.15836E-05  0.00000E+00  8.11089E-06  3.36791E-09
         6  7.32050E-03  4.05255E-02  0.00000E+00  4.09600E-06  9.25451E-06  1.15616E-05  0.00000E+00  8.16254E-06  3.96545E-09
         7  8.05255E-03  4.85780E-02  0.00000E+00  1.51891E-04  9.55087E-06  1.15449E-05  0.00000E+00  8.63394E-06  4.66070E-09
         8  8.85781E-03  5.74359E-02  0.00000E+00  1.10239E-04  9.53469E-06  1.15333E-05  0.00000E+00  9.01325E-06  5.45908E-09
         9  9.74359E-03  6.71794E-02  0.00000E+00  7.93762E-05  9.52208E-06  1.15243E-05  0.00000E+00  9.31640E-06  6.36683E-09
        10  1.07179E-02  7.78974E-02  0.00000E+00  5.65085E-05  9.51200E-06  1.15172E-05  0.00000E+00  9.55676E-06  7.39112E-09
        11  1.17897E-02  8.96871E-02  0.00000E+00  3.97422E-05  9.50375E-06  1.15114E-05  0.00000E+00  9.74612E-06  8.54016E-09
        12  1.29687E-02  1.02656E-01  0.00000E+00  2.74936E-05  9.49684E-06  1.15066E-05  0.00000E+00  9.89567E-06  9.82350E-09
        13  1.42656E-02  1.16921E-01  0.00000E+00  1.83881E-05  9.49098E-06  1.15026E-05  0.00000E+00  1.00097E-05  1.12515E-08
        14  1.56921E-02  1.32614E-01  0.00000E+00  1.16267E-05  9.48585E-06  1.14991E-05  0.00000E+00  1.00957E-05  1.28357E-08
        15  1.72614E-02  1.49875E-01  0.00000E+00  6.60538E-06  9.48134E-06  1.14960E-05  0.00000E+00  1.01563E-05  1.45888E-08
        16  1.89875E-02  1.68862E-01  0.00000E+00  2.87574E-06  9.47734E-06  1.14933E-05  0.00000E+00  1.01952E-05  1.65246E-08
        17  2.08862E-02  1.89749E-01  0.00000E+00  1.05116E-07  9.47379E-06  1.14908E-05  0.00000E+00  1.02154E-05  1.86582E-08
        18  2.29749E-02  2.12724E-01  0.00000E+00 -1.95342E-06  9.47064E-06  1.14887E-05  0.00000E+00  1.02193E-05  2.10061E-08
        19  2.52724E-02  2.37996E-01  0.00000E+00 -3.48317E-06  9.46785E-06  1.14868E-05  0.00000E+00  1.02108E-05  2.35866E-08
        20  2.77996E-02  2.65795E-01  0.00000E+00 -4.62021E-06  9.46541E-06  1.14851E-05  0.00000E+00  1.01908E-05  2.64196E-08
        21  3.05795E-02  2.96375E-01  0.00000E+00 -5.46555E-06  9.46330E-06  1.14836E-05  0.00000E+00  1.01598E-05  2.95264E-08
        22  3.36375E-02  3.30012E-01  0.00000E+00 -6.09420E-06  9.46151E-06  1.14823E-05  0.00000E+00  1.01188E-05  3.29301E-08
        23  3.70012E-02  3.67014E-01  0.00000E+00 -6.56186E-06  9.46000E-06  1.14812E-05  0.00000E+00  1.00689E-05  3.66558E-08
        24  4.07014E-02  4.07715E-01  0.00000E+00 -6.90990E-06  9.45876E-06  1.14803E-05  0.00000E+00  1.00108E-05  4.07303E-08
        25  4.47715E-02  4.52487E-01  0.00000E+00 -7.16902E-06  9.45778E-06  1.14796E-05  0.00000E+00  9.94518E-06  4.51829E-08
        26  4.92487E-02  5.01735E-01  0.00000E+00 -7.36204E-06  9.45702E-06  1.14789E-05  0.00000E+00  9.87285E-06  5.00451E-08
        27  5.41735E-02  5.55909E-01  0.00000E+00 -7.46807E-06  9.45647E-06  1.14784E-05  0.00000E+00  9.79523E-06  5.53516E-08
        28  5.95909E-02  6.15500E-01  0.00000E+00 -7.47407E-06  9.45609E-06  1.14780E-05  0.00000E+00  9.71447E-06  6.11405E-08
        29  6.55500E-02  6.81050E-01  0.00000E+00 -7.47899E-06  9.45587E-06  1.14777E-05  0.00000E+00  9.63097E-06  6.74536E-08
        30  7.21050E-02  7.53155E-01  0.00000E+00 -7.48307E-06  9.45577E-06  1.14774E-05  0.00000E+00  9.54534E-06  7.43363E-08
        31  7.93155E-02  8.32470E-01  0.00000E+00 -7.48648E-06  9.45580E-06  1.14772E-05  0.00000E+00  9.45824E-06  8.18381E-08
        32  8.72470E-02  9.19717E-01  0.00000E+00 -7.48937E-06  9.45591E-06  1.14771E-05  0.00000E+00  9.37037E-06  9.00135E-08
        33  9.59717E-02  1.01569E+00  0.00000E+00 -7.49183E-06  9.45610E-06  1.14769E-05  0.00000E+00  9.28249E-06  9.89221E-08
        34  1.05569E-01  1.12126E+00  0.00000E+00 -7.49395E-06  9.45636E-06  1.14768E-05  0.00000E+00  9.19537E-06  1.08630E-07
        35  1.16126E-01  1.23738E+00  0.00000E+00 -7.49581E-06  9.45667E-06  1.14767E-05  0.00000E+00  9.10979E-06  1.19208E-07
        36  1.27738E-01  1.36512E+00  0.00000E+00 -8.72815E-06  1.06877E-05  1.14766E-05  0.00000E+00  9.03000E-06  1.30743E-07
        37  1.40512E-01  1.50563E+00  0.00000E+00 -7.55851E-06  1.06830E-05  1.14733E-05  0.00000E+00  8.95147E-06  1.43321E-07
        38  1.54563E-01  1.66020E+00  0.00000E+00 -7.59145E-06  1.06809E-05  1.14719E-05  0.00000E+00  8.84610E-06  1.56994E-07
        39  1.70020E-01  1.83022E+00  0.00000E+00 -7.61776E-06  1.06777E-05  1.14696E-05  0.00000E+00  8.77139E-06  1.71907E-07
        40  1.87022E-01  2.01724E+00  0.00000E+00 -7.63945E-06  1.06744E-05  1.14672E-05  0.00000E+00  8.69991E-06  1.88178E-07
        41  2.05724E-01  2.22296E+00  0.00000E+00 -7.65731E-06  1.06710E-05  1.14647E-05  0.00000E+00  8.63269E-06  2.05937E-07
        42  2.26296E-01  2.44926E+00  0.00000E+00 -7.67199E-06  1.06674E-05  1.14621E-05  0.00000E+00  8.57001E-06  2.25331E-07
        43  2.48926E-01  2.69818E+00  0.00000E+00 -7.68404E-06  1.06636E-05  1.14593E-05  0.00000E+00  8.51196E-06  2.46519E-07
        44  2.73818E-01  2.97200E+00  0.00000E+00 -7.69393E-06  1.06596E-05  1.14564E-05  0.00000E+00  8.45846E-06  2.69680E-07
        45  3.01200E-01  3.27320E+00  0.00000E+00 -7.70203E-06  1.06555E-05  1.14533E-05  0.00000E+00  8.40931E-06  2.95009E-07
        46  3.31320E-01  3.60452E+00  0.00000E+00 -7.70862E-06  1.06512E-05  1.14502E-05  0.00000E+00  8.36428E-06  3.22721E-07
        47  3.64452E-01  3.96898E+00  0.00000E+00 -7.71397E-06  1.06467E-05  1.14468E-05  0.00000E+00  8.32306E-06  3.53055E-07
        48  4.00898E-01  4.36987E+00  0.00000E+00 -7.71828E-06  1.06419E-05  1.14433E-05  0.00000E+00  8.28536E-06  3.86271E-07
        49  4.40987E-01  4.81086E+00  0.00000E+00 -7.72169E-06  1.06370E-05  1.14396E-05  0.00000E+00  8.25089E-06  4.22656E-07
        50  4.85086E-01  5.29595E+00  0.00000E+00 -7.72435E-06  1.06318E-05  1.14358E-05  0.00000E+00  8.21942E-06  4.62528E-07
        51  5.33595E-01  5.82954E+00  0.00000E+00 -7.72637E-06  1.06263E-05  1.14317E-05  0.00000E+00  8.19075E-06  5.06233E-07
        52  5.86954E-01  6.41650E+00  0.00000E+00 -7.72783E-06  1.06205E-05  1.14275E-05  0.00000E+00  8.16471E-06  5.54156E-07
        53  6.45650E-01  7.06215E+00  0.00000E+00 -7.72881E-06  1.06145E-05  1.14230E-05  0.00000E+00  8.14119E-06  6.06720E-07
        54  7.10215E-01  7.77236E+00  0.00000E+00 -7.72936E-06  1.06081E-05  1.14183E-05  0.00000E+00  8.12006E-06  6.64390E-07
        55  7.81236E-01  8.55360E+00  0.00000E+00 -7.72954E-06  1.06015E-05  1.14134E-05  0.00000E+00  8.10123E-06  7.27679E-07
        56  8.59360E-01  9.41296E+00  0.00000E+00 -7.72940E-06  1.05945E-05  1.14082E-05  0.00000E+00  8.08456E-06  7.97155E-07
        57  9.45296E-01  1.03583E+01  0.00000E+00 -7.72897E-06  1.05871E-05  1.14028E-05  0.00000E+00  8.06993E-06  8.73439E-07
        58  1.03983E+00  1.13981E+01  0.00000E+00 -7.72828E-06  1.05794E-05  1.13970E-05  0.00000E+00  8.05714E-06  9.57220E-07
        59  1.14381E+00  1.25419E+01  0.00000E+00 -7.72737E-06  1.05714E-05  1.13910E-05  0.00000E+00  8.04601E-06  1.04925E-06
        60  1.25819E+00  1.38001E+01  0.00000E+00 -7.72626E-06  1.05630E-05  1.13846E-05  0.00000E+00  8.03631E-06  1.15036E-06
        61  1.38401E+00  1.51841E+01  0.00000E+00 -7.72495E-06  1.05542E-05  1.13779E-05  0.00000E+00  8.02782E-06  1.26147E-06
        62  1.52241E+00  1.67065E+01  0.00000E+00 -7.72347E-06  1.05450E-05  1.13709E-05  0.00000E+00  8.02032E-06  1.38357E-06
        63  1.67465E+00  1.83811E+01  0.00000E+00 -7.72183E-06  1.05353E-05  1.13634E-05  0.00000E+00  8.01358E-06  1.51777E-06
        64  1.84211E+00  2.02233E+01  0.00000E+00 -7.72001E-06  1.05252E-05  1.13555E-05  0.00000E+00  8.00740E-06  1.66527E-06
        65  2.02633E+00  2.22496E+01  0.00000E+00 -7.71803E-06  1.05146E-05  1.13471E-05  0.00000E+00  8.00160E-06  1.82741E-06
        66  2.22896E+00  2.44785E+01  0.00000E+00 -7.71588E-06  1.05034E-05  1.13382E-05  0.00000E+00  7.99602E-06  2.00564E-06
        67  2.45185E+00  2.69304E+01  0.00000E+00 -7.71355E-06  1.04916E-05  1.13287E-05  0.00000E+00  7.99052E-06  2.20156E-06
        68  2.69704E+00  2.96274E+01  0.00000E+00 -7.71103E-06  1.04790E-05  1.13186E-05  0.00000E+00  7.98498E-06  2.41692E-06
        69  2.96674E+00  3.25942E+01  0.00000E+00 -7.70833E-06  1.04657E-05  1.13077E-05  0.00000E+00  7.97928E-06  2.65364E-06
        70  3.26342E+00  3.58576E+01  0.00000E+00 -7.70544E-06  1.04515E-05  1.12961E-05  0.00000E+00  7.97330E-06  2.91384E-06
        71  3.58976E+00  3.94473E+01  0.00000E+00 -7.70237E-06  1.04363E-05  1.12835E-05  0.00000E+00  7.96694E-06  3.19984E-06
        72  3.94873E+00  4.33961E+01  0.00000E+00 -7.69914E-06  1.04199E-05  1.12700E-05  0.00000E+00  7.96009E-06  3.51416E-06
        73  4.34361E+00  4.77397E+01  0.00000E+00 -7.69577E-06  1.04024E-05  1.12554E-05  0.00000E+00  7.95261E-06  3.85959E-06
        74  4.77797E+00  5.25177E+01  0.00000E+00 -7.69232E-06  1.03835E-05  1.12397E-05  0.00000E+00  7.94435E-06  4.23917E-06
        75  5.25577E+00  5.77734E+01  0.00000E+00 -7.68887E-06  1.03631E-05  1.12226E-05  0.00000E+00  7.93514E-06  4.65622E-06
        76  5.78134E+00  6.35548E+01  0.00000E+00 -7.68551E-06  1.03410E-05  1.12041E-05  0.00000E+00  7.92475E-06  5.11438E-06
        77  6.35948E+00  6.99142E+01  0.00000E+00 -7.68241E-06  1.03171E-05  1.11841E-05  0.00000E+00  7.91290E-06  5.61760E-06
        78  6.99542E+00  7.69097E+01  0.00000E+00 -7.67981E-06  1.02910E-05  1.11622E-05  0.00000E+00  7.89918E-06  6.17018E-06
        79  7.69497E+00  8.46046E+01  0.00000E+00 -7.67808E-06  1.02625E-05  1.11384E-05  0.00000E+00  7.88301E-06  6.77677E-06
        80  8.46446E+00  9.30691E+01  0.00000E+00 -7.66463E-06  1.02180E-05  1.10963E-05  0.00000E+00  7.76196E-06  7.43378E-06
        81  9.31091E+00  1.02380E+02  0.00000E+00 -7.66735E-06  1.01828E-05  1.10667E-05  0.00000E+00  7.73391E-06  8.15388E-06
        82  1.00000E+01  1.12380E+02  0.00000E+00 -7.64754E-06  1.01716E-05  1.10603E-05  0.00000E+00  7.82893E-06  8.93677E-06
        83  1.00000E+01  1.22380E+02  0.00000E+00 -7.49073E-06  1.01779E-05  1.10488E-05  0.00000E+00  7.75511E-06  9.71228E-06
        84  1.00000E+01  1.32380E+02  0.00000E+00 -7.39820E-06  1.02127E-05  1.10636E-05  0.00000E+00  7.80103E-06  1.04924E-05
        85  1.00000E+01  1.42380E+02  0.00000E+00 -7.33015E-06  1.02497E-05  1.10799E-05  0.00000E+00  7.85734E-06  1.12781E-05
        86  1.00000E+01  1.52380E+02  0.00000E+00 -7.28070E-06  8.55663E-06  1.10947E-05  0.00000E+00  7.08210E-06  1.19863E-05
        87  1.00000E+01  1.62380E+02  0.00000E+00 -7.26931E-06  8.58536E-06  1.10848E-05  0.00000E+00  7.88980E-06  1.27753E-05
        88  1.00000E+01  1.72380E+02  0.00000E+00 -7.23619E-06  8.59325E-06  1.10829E-05  0.00000E+00  7.90175E-06  1.35655E-05
        89  1.00000E+01  1.82380E+02  0.00000E+00 -7.20492E-06  8.60079E-06  1.10809E-05  0.00000E+00  7.91301E-06  1.43568E-05
        90  1.00000E+01  1.92380E+02  0.00000E+00 -7.17551E-06  8.60800E-06  1.10790E-05  0.00000E+00  7.92341E-06  1.51491E-05
        91  1.00000E+01  2.02380E+02  0.00000E+00 -7.14804E-06  8.61502E-06  1.10772E-05  0.00000E+00  7.93307E-06  1.59424E-05
        92  1.00000E+01  2.12380E+02  0.00000E+00 -7.12372E-06  7.37428E-06  1.10757E-05  0.00000E+00  7.75865E-06  1.67183E-05
        93  1.00000E+01  2.22380E+02  0.00000E+00 -7.12965E-06  7.38330E-06  1.10748E-05  0.00000E+00  7.99799E-06  1.75181E-05
        94  1.00000E+01  2.32380E+02  0.00000E+00 -7.12152E-06  7.37751E-06  1.10653E-05  0.00000E+00  7.98718E-06  1.83168E-05
        95  1.00000E+01  2.42380E+02  0.00000E+00 -7.11418E-06  7.37196E-06  1.10562E-05  0.00000E+00  7.97801E-06  1.91146E-05
        96  1.00000E+01  2.52380E+02  0.00000E+00 -7.10741E-06  7.36658E-06  1.10473E-05  0.00000E+00  7.96916E-06  1.99115E-05
        97  1.00000E+01  2.62380E+02  0.00000E+00 -7.10111E-06  7.36135E-06  1.10388E-05  0.00000E+00  7.96063E-06  2.07076E-05
        98  1.00000E+01  2.72380E+02  0.00000E+00 -7.09519E-06  7.35627E-06  1.10305E-05  0.00000E+00  7.95241E-06  2.15028E-05
        99  1.00000E+01  2.82380E+02  0.00000E+00 -7.08959E-06  7.35134E-06  1.10225E-05  0.00000E+00  7.94450E-06  2.22973E-05
       100  1.00000E+01  2.92380E+02  0.00000E+00 -7.08427E-06  7.34656E-06  1.10148E-05  0.00000E+00  7.93688E-06  2.30910E-05
       101  1.00000E+01  3.02380E+02  0.00000E+00 -7.07919E-06  7.34191E-06  1.10074E-05  0.00000E+00  7.92954E-06  2.38839E-05
       102  1.00000E+01  3.12380E+02  0.00000E+00 -7.07434E-06  7.33741E-06  1.10002E-05  0.00000E+00  7.92247E-06  2.46762E-05
       103  1.00000E+01  3.22380E+02  0.00000E+00 -7.06969E-06  7.33304E-06  1.09933E-05  0.00000E+00  7.91567E-06  2.54677E-05
       104  1.00000E+01  3.32380E+02  0.00000E+00 -7.06523E-06  7.32880E-06  1.09866E-05  0.00000E+00  7.90912E-06  2.62587E-05
       105  1.00000E+01  3.42380E+02  0.00000E+00 -7.06094E-06  7.32470E-06  1.09802E-05  0.00000E+00  7.90281E-06  2.70489E-05
       106  1.00000E+01  3.52380E+02  0.00000E+00 -7.05682E-06  7.32071E-06  1.09740E-05  0.00000E+00  7.89672E-06  2.78386E-05
       107  1.00000E+01  3.62380E+02  0.00000E+00 -7.05285E-06  7.31685E-06  1.09680E-05  0.00000E+00  7.89087E-06  2.86277E-05
       108  1.00000E+01  3.72380E+02  0.00000E+00 -7.04903E-06  7.31310E-06  1.09622E-05  0.00000E+00  7.88522E-06  2.94162E-05
       109  1.00000E+01  3.82380E+02  0.00000E+00 -7.04534E-06  7.30946E-06  1.09566E-05  0.00000E+00  7.87978E-06  3.02042E-05
       110  1.00000E+01  3.92380E+02  0.00000E+00 -7.04179E-06  7.30594E-06  1.09512E-05  0.00000E+00  7.87453E-06  3.09916E-05
       111  1.00000E+01  4.02380E+02  0.00000E+00 -7.03836E-06  7.30252E-06  1.09460E-05  0.00000E+00  7.86948E-06  3.17786E-05
       112  1.00000E+01  4.12380E+02  0.00000E+00 -7.03505E-06  7.29920E-06  1.09410E-05  0.00000E+00  7.86460E-06  3.25651E-05
       113  1.00000E+01  4.22380E+02  0.00000E+00 -7.03185E-06  7.29597E-06  1.09361E-05  0.00000E+00  7.85990E-06  3.33510E-05
       114  1.00000E+01  4.32380E+02  0.00000E+00 -7.02875E-06  7.29284E-06  1.09314E-05  0.00000E+00  7.85537E-06  3.41366E-05
       115  1.00000E+01  4.42380E+02  0.00000E+00 -7.02576E-06  7.28980E-06  1.09269E-05  0.00000E+00  7.85099E-06  3.49217E-05
       116  1.00000E+01  4.52380E+02  0.00000E+00 -7.02287E-06  7.28685E-06  1.09225E-05  0.00000E+00  7.84678E-06  3.57064E-05
       117  1.00000E+01  4.62380E+02  0.00000E+00 -7.02007E-06  7.28398E-06  1.09183E-05  0.00000E+00  7.84271E-06  3.64906E-05
       118  1.00000E+01  4.72380E+02  0.00000E+00 -7.01736E-06  7.28119E-06  1.09142E-05  0.00000E+00  7.83879E-06  3.72745E-05
       119  1.00000E+01  4.82380E+02  0.00000E+00 -7.01473E-06  7.27848E-06  1.09103E-05  0.00000E+00  7.83500E-06  3.80580E-05
       120  1.00000E+01  4.92380E+02  0.00000E+00 -7.01218E-06  7.27584E-06  1.09065E-05  0.00000E+00  7.83135E-06  3.88411E-05
       121  1.00000E+01  5.02380E+02  0.00000E+00 -7.00971E-06  7.27327E-06  1.09028E-05  0.00000E+00  7.82783E-06  3.96239E-05
       122  1.00000E+01  5.12380E+02  0.00000E+00 -7.00732E-06  7.27077E-06  1.08992E-05  0.00000E+00  7.82443E-06  4.04064E-05
       123  1.00000E+01  5.22380E+02  0.00000E+00 -7.00499E-06  7.26834E-06  1.08958E-05  0.00000E+00  7.82115E-06  4.11885E-05
       124  1.00000E+01  5.32380E+02  0.00000E+00 -7.00274E-06  7.26597E-06  1.08925E-05  0.00000E+00  7.81798E-06  4.19703E-05
       125  1.00000E+01  5.42380E+02  0.00000E+00 -7.00054E-06  7.26366E-06  1.08893E-05  0.00000E+00  7.81492E-06  4.27518E-05
       126  1.00000E+01  5.52380E+02  0.00000E+00 -6.99841E-06  7.26140E-06  1.08862E-05  0.00000E+00  7.81197E-06  4.35330E-05
       127  1.00000E+01  5.62380E+02  0.00000E+00 -6.99634E-06  7.25920E-06  1.08832E-05  0.00000E+00  7.80912E-06  4.43139E-05
       128  1.00000E+01  5.72380E+02  0.00000E+00 -6.99432E-06  7.25706E-06  1.08802E-05  0.00000E+00  7.80637E-06  4.50945E-05
       129  1.00000E+01  5.82380E+02  0.00000E+00 -6.99235E-06  7.25496E-06  1.08774E-05  0.00000E+00  7.80371E-06  4.58749E-05
       130  1.00000E+01  5.92380E+02  0.00000E+00 -6.99044E-06  7.25292E-06  1.08747E-05  0.00000E+00  7.80115E-06  4.66550E-05
       131  1.00000E+01  6.02380E+02  0.00000E+00 -6.98858E-06  7.25092E-06  1.08721E-05  0.00000E+00  7.79867E-06  4.74349E-05
       132  1.00000E+01  6.12380E+02  0.00000E+00 -6.98676E-06  7.24897E-06  1.08695E-05  0.00000E+00  7.79628E-06  4.82145E-05
       133  1.00000E+01  6.22380E+02  0.00000E+00 -6.98499E-06  7.24706E-06  1.08671E-05  0.00000E+00  7.79397E-06  4.89939E-05
       134  1.00000E+01  6.32380E+02  0.00000E+00 -6.98326E-06  7.24519E-06  1.08647E-05  0.00000E+00  7.79173E-06  4.97731E-05
       135  1.00000E+01  6.42380E+02  0.00000E+00 -6.98157E-06  7.24336E-06  1.08624E-05  0.00000E+00  7.78957E-06  5.05520E-05
       136  1.00000E+01  6.52380E+02  0.00000E+00 -6.97993E-06  7.24156E-06  1.08601E-05  0.00000E+00  7.78749E-06  5.13308E-05
       137  1.00000E+01  6.62380E+02  0.00000E+00 -6.97831E-06  7.23981E-06  1.08579E-05  0.00000E+00  7.78547E-06  5.21093E-05
       138  1.00000E+01  6.72380E+02  0.00000E+00 -6.97674E-06  7.23809E-06  1.08558E-05  0.00000E+00  7.78352E-06  5.28877E-05
       139  1.00000E+01  6.82380E+02  0.00000E+00 -6.97520E-06  7.23640E-06  1.08538E-05  0.00000E+00  7.78164E-06  5.36658E-05
       140  1.00000E+01  6.92380E+02  0.00000E+00 -6.97369E-06  7.23474E-06  1.08518E-05  0.00000E+00  7.77982E-06  5.44438E-05
       141  1.00000E+01  7.02380E+02  0.00000E+00 -6.97222E-06  7.23312E-06  1.08499E-05  0.00000E+00  7.77805E-06  5.52216E-05
       142  1.00000E+01  7.12380E+02  0.00000E+00 -6.97077E-06  7.23152E-06  1.08480E-05  0.00000E+00  7.77635E-06  5.59993E-05
       143  1.00000E+01  7.22380E+02  0.00000E+00 -6.96936E-06  7.22996E-06  1.08462E-05  0.00000E+00  7.77470E-06  5.67767E-05
       144  1.00000E+01  7.32380E+02  0.00000E+00 -6.96797E-06  7.22842E-06  1.08445E-05  0.00000E+00  7.77310E-06  5.75540E-05
       145  1.00000E+01  7.42380E+02  0.00000E+00 -6.96660E-06  7.22690E-06  1.08427E-05  0.00000E+00  7.77156E-06  5.83312E-05
       146  1.00000E+01  7.52380E+02  0.00000E+00 -6.96527E-06  7.22541E-06  1.08411E-05  0.00000E+00  7.77006E-06  5.91082E-05
       147  1.00000E+01  7.62380E+02  0.00000E+00 -6.96396E-06  7.22395E-06  1.08395E-05  0.00000E+00  7.76862E-06  5.98851E-05
       148  1.00000E+01  7.72380E+02  0.00000E+00 -6.96267E-06  7.22250E-06  1.08379E-05  0.00000E+00  7.76722E-06  6.06618E-05
       149  1.00000E+01  7.82380E+02  0.00000E+00 -6.96140E-06  7.22108E-06  1.08364E-05  0.00000E+00  7.76586E-06  6.14384E-05
       150  1.00000E+01  7.92380E+02  0.00000E+00 -6.96015E-06  7.21968E-06  1.08349E-05  0.00000E+00  7.76454E-06  6.22148E-05
       151  1.00000E+01  8.02380E+02  0.00000E+00 -6.95893E-06  7.21830E-06  1.08335E-05  0.00000E+00  7.76327E-06  6.29912E-05
       152  1.00000E+01  8.12380E+02  0.00000E+00 -6.95772E-06  7.21694E-06  1.08321E-05  0.00000E+00  7.76203E-06  6.37674E-05
       153  1.00000E+01  8.22380E+02  0.00000E+00 -6.95654E-06  7.21559E-06  1.08307E-05  0.00000E+00  7.76439E-06  6.45438E-05
       154  1.00000E+01  8.32380E+02  0.00000E+00 -6.95537E-06  7.21427E-06  1.08294E-05  0.00000E+00  7.76312E-06  6.53201E-05
       155  1.00000E+01  8.42380E+02  0.00000E+00 -6.95422E-06  7.21296E-06  1.08281E-05  0.00000E+00  7.76199E-06  6.60963E-05
       156  1.00000E+01  8.52380E+02  0.00000E+00 -6.95308E-06  7.21166E-06  1.08268E-05  0.00000E+00  7.76089E-06  6.68724E-05
       157  1.00000E+01  8.62380E+02  0.00000E+00 -6.95196E-06  7.21039E-06  1.08256E-05  0.00000E+00  7.75982E-06  6.76484E-05
       158  1.00000E+01  8.72380E+02  0.00000E+00 -6.95086E-06  7.20912E-06  1.08244E-05  0.00000E+00  7.75878E-06  6.84243E-05
       159  1.00000E+01  8.82380E+02  0.00000E+00 -6.94977E-06  7.20787E-06  1.08232E-05  0.00000E+00  7.75778E-06  6.92000E-05
       160  1.00000E+01  8.92380E+02  0.00000E+00 -6.94869E-06  7.20664E-06  1.08221E-05  0.00000E+00  7.75680E-06  6.99757E-05
       161  1.00000E+01  9.02380E+02  0.00000E+00 -6.94763E-06  7.20542E-06  1.08210E-05  0.00000E+00  7.75586E-06  7.07513E-05
       162  1.00000E+01  9.12380E+02  0.00000E+00 -6.94658E-06  7.20420E-06  1.08199E-05  0.00000E+00  7.75494E-06  7.15268E-05
       163  1.00000E+01  9.22380E+02  0.00000E+00 -6.94554E-06  7.20301E-06  1.08188E-05  0.00000E+00  7.75404E-06  7.23022E-05
       164  1.00000E+01  9.32380E+02  0.00000E+00 -6.94451E-06  7.20182E-06  1.08178E-05  0.00000E+00  7.75317E-06  7.30775E-05
       165  1.00000E+01  9.42380E+02  0.00000E+00 -6.94350E-06  7.20064E-06  1.08168E-05  0.00000E+00  7.75232E-06  7.38528E-05
       166  1.00000E+01  9.52380E+02  0.00000E+00 -6.94249E-06  7.19947E-06  1.08158E-05  0.00000E+00  7.75150E-06  7.46279E-05
       167  1.00000E+01  9.62380E+02  0.00000E+00 -6.94150E-06  7.19832E-06  1.08148E-05  0.00000E+00  7.75070E-06  7.54030E-05
       168  1.00000E+01  9.72380E+02  0.00000E+00 -6.94051E-06  7.19717E-06  1.08139E-05  0.00000E+00  7.74992E-06  7.61780E-05
       169  1.00000E+01  9.82380E+02  0.00000E+00 -6.93954E-06  7.19603E-06  1.08129E-05  0.00000E+00  7.74916E-06  7.69529E-05
       170  1.00000E+01  9.92380E+02  0.00000E+00 -6.93857E-06  7.19490E-06  1.08120E-05  0.00000E+00  7.74842E-06  7.77277E-05
       171  1.00000E+01  1.00238E+03  0.00000E+00 -6.93761E-06  7.19378E-06  1.08111E-05  0.00000E+00  7.74770E-06  7.85025E-05
       172  1.00000E+01  1.01238E+03  0.00000E+00 -6.93666E-06  7.19266E-06  1.08103E-05  0.00000E+00  7.74700E-06  7.92772E-05
       173  1.00000E+01  1.02238E+03  0.00000E+00 -6.93572E-06  7.19155E-06  1.08094E-05  0.00000E+00  7.74631E-06  8.00518E-05
       174  1.00000E+01  1.03238E+03  0.00000E+00 -6.93478E-06  7.19045E-06  1.08086E-05  0.00000E+00  7.74565E-06  8.08264E-05
       175  1.00000E+01  1.04238E+03  0.00000E+00 -6.93385E-06  7.18936E-06  1.08077E-05  0.00000E+00  7.74499E-06  8.16009E-05
       176  1.00000E+01  1.05238E+03  0.00000E+00 -6.93293E-06  7.18827E-06  1.08069E-05  0.00000E+00  7.74436E-06  8.23753E-05
       177  1.00000E+01  1.06238E+03  0.00000E+00 -6.93202E-06  7.18719E-06  1.08061E-05  0.00000E+00  7.74374E-06  8.31497E-05
       178  1.00000E+01  1.07238E+03  0.00000E+00 -6.93111E-06  7.18612E-06  1.08054E-05  0.00000E+00  7.74313E-06  8.39240E-05
       179  1.00000E+01  1.08238E+03  0.00000E+00 -6.93020E-06  7.18505E-06  1.08046E-05  0.00000E+00  7.74254E-06  8.46983E-05
       180  1.00000E+01  1.09238E+03  0.00000E+00 -6.92931E-06  7.18398E-06  1.08038E-05  0.00000E+00  7.74196E-06  8.54725E-05
       181  1.00000E+01  1.10238E+03  0.00000E+00 -6.92842E-06  7.18293E-06  1.08031E-05  0.00000E+00  7.74139E-06  8.62466E-05
       182  1.00000E+01  1.11238E+03  0.00000E+00 -6.92753E-06  7.18187E-06  1.08024E-05  0.00000E+00  7.74084E-06  8.70207E-05
       183  1.00000E+01  1.12238E+03  0.00000E+00 -6.92665E-06  7.18082E-06  1.08016E-05  0.00000E+00  7.74030E-06  8.77947E-05
       184  1.00000E+01  1.13238E+03  0.00000E+00 -6.92577E-06  7.17978E-06  1.08009E-05  0.00000E+00  7.73977E-06  8.85687E-05
       185  1.00000E+01  1.14238E+03  0.00000E+00 -6.92490E-06  7.17874E-06  1.08002E-05  0.00000E+00  7.73925E-06  8.93426E-05
       186  1.00000E+01  1.15238E+03  0.00000E+00 -6.92403E-06  7.17770E-06  1.07996E-05  0.00000E+00  7.73874E-06  9.01165E-05
       187  1.00000E+01  1.16238E+03  0.00000E+00 -6.92316E-06  7.17666E-06  1.07989E-05  0.00000E+00  7.73824E-06  9.08903E-05
       188  1.00000E+01  1.17238E+03  0.00000E+00 -6.92230E-06  7.17563E-06  1.07982E-05  0.00000E+00  7.73775E-06  9.16641E-05
       189  1.00000E+01  1.18238E+03  0.00000E+00 -6.92145E-06  7.17461E-06  1.07976E-05  0.00000E+00  7.73727E-06  9.24378E-05
       190  1.00000E+01  1.19238E+03  0.00000E+00 -6.92059E-06  7.17358E-06  1.07969E-05  0.00000E+00  7.73680E-06  9.32115E-05
       191  1.00000E+01  1.20238E+03  0.00000E+00 -6.91974E-06  7.17256E-06  1.07963E-05  0.00000E+00  7.73634E-06  9.39851E-05
       192  1.00000E+01  1.21238E+03  0.00000E+00 -6.91890E-06  7.17155E-06  1.07956E-05  0.00000E+00  7.73589E-06  9.47587E-05
       193  1.00000E+01  1.22238E+03  0.00000E+00 -6.91805E-06  7.17053E-06  1.07950E-05  0.00000E+00  7.73545E-06  9.55323E-05
       194  1.00000E+01  1.23238E+03  0.00000E+00 -6.91721E-06  7.16952E-06  1.07944E-05  0.00000E+00  7.73501E-06  9.63058E-05
       195  1.00000E+01  1.24238E+03  0.00000E+00 -6.91638E-06  7.16851E-06  1.07938E-05  0.00000E+00  7.73458E-06  9.70792E-05
       196  1.00000E+01  1.25238E+03  0.00000E+00 -6.91554E-06  7.16750E-06  1.07932E-05  0.00000E+00  7.73416E-06  9.78526E-05
       197  1.00000E+01  1.26238E+03  0.00000E+00 -6.91471E-06  7.16650E-06  1.07926E-05  0.00000E+00  7.73374E-06  9.86260E-05
       198  1.00000E+01  1.27238E+03  0.00000E+00 -6.91388E-06  7.16550E-06  1.07920E-05  0.00000E+00  7.73334E-06  9.93993E-05
       199  1.00000E+01  1.28238E+03  0.00000E+00 -6.91305E-06  7.16449E-06  1.07914E-05  0.00000E+00  7.73293E-06  1.00173E-04
       200  1.00000E+01  1.29238E+03  0.00000E+00 -6.91222E-06  7.16349E-06  1.07908E-05  0.00000E+00  7.73254E-06  1.00946E-04
       201  1.00000E+01  1.30238E+03  0.00000E+00 -6.91140E-06  7.16250E-06  1.07902E-05  0.00000E+00  7.73215E-06  1.01719E-04
       202  1.00000E+01  1.31238E+03  0.00000E+00 -6.91058E-06  7.16150E-06  1.07897E-05  0.00000E+00  7.73176E-06  1.02492E-04
       203  1.00000E+01  1.32238E+03  0.00000E+00 -6.90976E-06  7.16051E-06  1.07891E-05  0.00000E+00  7.73139E-06  1.03265E-04
       204  1.00000E+01  1.33238E+03  0.00000E+00 -6.90894E-06  7.15951E-06  1.07886E-05  0.00000E+00  7.73101E-06  1.04039E-04
       205  1.00000E+01  1.34238E+03  0.00000E+00 -6.90812E-06  7.15852E-06  1.07880E-05  0.00000E+00  7.73064E-06  1.04812E-04
       206  1.00000E+01  1.35238E+03  0.00000E+00 -6.90731E-06  7.15753E-06  1.07875E-05  0.00000E+00  7.73028E-06  1.05585E-04
       207  1.00000E+01  1.36238E+03  0.00000E+00 -6.90650E-06  7.15655E-06  1.07869E-05  0.00000E+00  7.72992E-06  1.06358E-04
       208  1.00000E+01  1.37238E+03  0.00000E+00 -6.90568E-06  7.15556E-06  1.07864E-05  0.00000E+00  7.72957E-06  1.07131E-04
       209  1.00000E+01  1.38238E+03  0.00000E+00 -6.90487E-06  7.15457E-06  1.07858E-05  0.00000E+00  7.72922E-06  1.07903E-04
       210  1.00000E+01  1.39238E+03  0.00000E+00 -6.90406E-06  7.15359E-06  1.07853E-05  0.00000E+00  7.72887E-06  1.08676E-04
       211  1.00000E+01  1.40238E+03  0.00000E+00 -6.90326E-06  7.15260E-06  1.07848E-05  0.00000E+00  7.72853E-06  1.09449E-04
       212  1.00000E+01  1.41238E+03  0.00000E+00 -6.90245E-06  7.15162E-06  1.07842E-05  0.00000E+00  7.72820E-06  1.10222E-04
       213  1.00000E+01  1.42238E+03  0.00000E+00 -6.90164E-06  7.15063E-06  1.07837E-05  0.00000E+00  7.72786E-06  1.10995E-04
       214  1.00000E+01  1.43238E+03  0.00000E+00 -6.90084E-06  7.14965E-06  1.07832E-05  0.00000E+00  7.72753E-06  1.11768E-04
       215  1.00000E+01  1.44238E+03  0.00000E+00 -6.90003E-06  7.14867E-06  1.07827E-05  0.00000E+00  7.72721E-06  1.12540E-04
       216  1.00000E+01  1.45238E+03  0.00000E+00 -6.89923E-06  7.14769E-06  1.07822E-05  0.00000E+00  7.72688E-06  1.13313E-04
       217  1.00000E+01  1.46238E+03  0.00000E+00 -6.89843E-06  7.14671E-06  1.07817E-05  0.00000E+00  7.72656E-06  1.14086E-04
       218  1.00000E+01  1.47238E+03  0.00000E+00 -6.89763E-06  7.14573E-06  1.07812E-05  0.00000E+00  7.72625E-06  1.14858E-04
       219  1.00000E+01  1.48238E+03  0.00000E+00 -6.89683E-06  7.14475E-06  1.07807E-05  0.00000E+00  7.72593E-06  1.15631E-04
       220  1.00000E+01  1.49238E+03  0.00000E+00 -6.89603E-06  7.14377E-06  1.07802E-05  0.00000E+00  7.72562E-06  1.16403E-04
       221  1.00000E+01  1.50238E+03  0.00000E+00 -6.89523E-06  7.14280E-06  1.07797E-05  0.00000E+00  7.72531E-06  1.17176E-04
       222  1.00000E+01  1.51238E+03  0.00000E+00 -6.89443E-06  7.14182E-06  1.07792E-05  0.00000E+00  7.72501E-06  1.17948E-04
       223  1.00000E+01  1.52238E+03  0.00000E+00 -6.89363E-06  7.14084E-06  1.07787E-05  0.00000E+00  7.72470E-06  1.18721E-04
       224  1.00000E+01  1.53238E+03  0.00000E+00 -6.89284E-06  7.13987E-06  1.07782E-05  0.00000E+00  7.72440E-06  1.19493E-04
       225  1.00000E+01  1.54238E+03  0.00000E+00 -6.89204E-06  7.13889E-06  1.07777E-05  0.00000E+00  7.72410E-06  1.20266E-04
       226  1.00000E+01  1.55238E+03  0.00000E+00 -6.89124E-06  7.13791E-06  1.07772E-05  0.00000E+00  7.72381E-06  1.21038E-04
       227  1.00000E+01  1.56238E+03  0.00000E+00 -6.89045E-06  7.13694E-06  1.07767E-05  0.00000E+00  7.72351E-06  1.21811E-04
       228  1.00000E+01  1.57238E+03  0.00000E+00 -6.88965E-06  7.13596E-06  1.07762E-05  0.00000E+00  7.72322E-06  1.22583E-04
       229  1.00000E+01  1.58238E+03  0.00000E+00 -6.88886E-06  7.13499E-06  1.07758E-05  0.00000E+00  7.72293E-06  1.23355E-04
       230  1.00000E+01  1.59238E+03  0.00000E+00 -6.88806E-06  7.13401E-06  1.07753E-05  0.00000E+00  7.72264E-06  1.24127E-04
       231  1.00000E+01  1.60238E+03  0.00000E+00 -6.88727E-06  7.13303E-06  1.07748E-05  0.00000E+00  7.72236E-06  1.24900E-04
       232  1.00000E+01  1.61238E+03  0.00000E+00 -6.88647E-06  7.13206E-06  1.07743E-05  0.00000E+00  7.72207E-06  1.25672E-04
       233  1.00000E+01  1.62238E+03  0.00000E+00 -6.88568E-06  7.13109E-06  1.07738E-05  0.00000E+00  7.72179E-06  1.26444E-04
       234  1.00000E+01  1.63238E+03  0.00000E+00 -6.88489E-06  7.13011E-06  1.07734E-05  0.00000E+00  7.72151E-06  1.27216E-04
       235  1.00000E+01  1.64238E+03  0.00000E+00 -6.88409E-06  7.12914E-06  1.07729E-05  0.00000E+00  7.72123E-06  1.27988E-04
       236  1.00000E+01  1.65238E+03  0.00000E+00 -6.88330E-06  7.12816E-06  1.07724E-05  0.00000E+00  7.72095E-06  1.28760E-04
       237  1.00000E+01  1.66238E+03  0.00000E+00 -6.88251E-06  7.12719E-06  1.07720E-05  0.00000E+00  7.72068E-06  1.29532E-04
       238  1.00000E+01  1.67238E+03  0.00000E+00 -6.88172E-06  7.12621E-06  1.07715E-05  0.00000E+00  7.72040E-06  1.30304E-04
       239  1.00000E+01  1.68238E+03  0.00000E+00 -6.88092E-06  7.12524E-06  1.07710E-05  0.00000E+00  7.72013E-06  1.31077E-04
       240  1.00000E+01  1.69238E+03  0.00000E+00 -6.88013E-06  7.12426E-06  1.07706E-05  0.00000E+00  7.71986E-06  1.31848E-04
       241  1.00000E+01  1.70238E+03  0.00000E+00 -6.87934E-06  7.12329E-06  1.07701E-05  0.00000E+00  7.71959E-06  1.32620E-04
       242  1.00000E+01  1.71238E+03  0.00000E+00 -6.87855E-06  7.12231E-06  1.07696E-05  0.00000E+00  7.71932E-06  1.33392E-04
       243  1.00000E+01  1.72238E+03  0.00000E+00 -6.87776E-06  7.12134E-06  1.07692E-05  0.00000E+00  7.71905E-06  1.34164E-04
       244  1.00000E+01  1.73238E+03  0.00000E+00 -6.87697E-06  7.12036E-06  1.07687E-05  0.00000E+00  7.71878E-06  1.34936E-04
       245  1.00000E+01  1.74238E+03  0.00000E+00 -6.87617E-06  7.11939E-06  1.07682E-05  0.00000E+00  7.71851E-06  1.35708E-04
       246  1.00000E+01  1.75238E+03  0.00000E+00 -6.87538E-06  7.11841E-06  1.07678E-05  0.00000E+00  7.71825E-06  1.36480E-04
       247  1.00000E+01  1.76238E+03  0.00000E+00 -6.87459E-06  7.11744E-06  1.07673E-05  0.00000E+00  7.71798E-06  1.37252E-04
       248  1.00000E+01  1.77238E+03  0.00000E+00 -6.87380E-06  7.11646E-06  1.07669E-05  0.00000E+00  7.71772E-06  1.38023E-04
       249  1.00000E+01  1.78238E+03  0.00000E+00 -6.87301E-06  7.11549E-06  1.07664E-05  0.00000E+00  7.71746E-06  1.38795E-04
       250  1.00000E+01  1.79238E+03  0.00000E+00 -6.87222E-06  7.11451E-06  1.07659E-05  0.00000E+00  7.71720E-06  1.39567E-04
       251  1.00000E+01  1.80238E+03  0.00000E+00 -6.87143E-06  7.11354E-06  1.07655E-05  0.00000E+00  7.71694E-06  1.40339E-04
       252  1.00000E+01  1.81238E+03  0.00000E+00 -6.87064E-06  7.11256E-06  1.07650E-05  0.00000E+00  7.71668E-06  1.41110E-04
       253  1.00000E+01  1.82238E+03  0.00000E+00 -6.86984E-06  7.11159E-06  1.07646E-05  0.00000E+00  7.71642E-06  1.41882E-04
       254  1.00000E+01  1.83238E+03  0.00000E+00 -6.86905E-06  7.11061E-06  1.07641E-05  0.00000E+00  7.71616E-06  1.42654E-04
       255  1.00000E+01  1.84238E+03  0.00000E+00 -6.86826E-06  7.10963E-06  1.07637E-05  0.00000E+00  7.71590E-06  1.43425E-04
       256  1.00000E+01  1.85238E+03  0.00000E+00 -6.86747E-06  7.10866E-06  1.07632E-05  0.00000E+00  7.71564E-06  1.44197E-04
       257  1.00000E+01  1.86238E+03  0.00000E+00 -6.86668E-06  7.10768E-06  1.07628E-05  0.00000E+00  7.71539E-06  1.44968E-04
       258  1.00000E+01  1.87238E+03  0.00000E+00 -6.86589E-06  7.10671E-06  1.07623E-05  0.00000E+00  7.71513E-06  1.45740E-04
       259  1.00000E+01  1.88238E+03  0.00000E+00 -6.86510E-06  7.10573E-06  1.07619E-05  0.00000E+00  7.71488E-06  1.46511E-04
       260  1.00000E+01  1.89238E+03  0.00000E+00 -6.86431E-06  7.10475E-06  1.07614E-05  0.00000E+00  7.71462E-06  1.47283E-04
       261  1.00000E+01  1.90238E+03  0.00000E+00 -6.86352E-06  7.10378E-06  1.07610E-05  0.00000E+00  7.71437E-06  1.48054E-04
       262  1.00000E+01  1.91238E+03  0.00000E+00 -6.86272E-06  7.10280E-06  1.07605E-05  0.00000E+00  7.71412E-06  1.48826E-04
       263  1.00000E+01  1.92238E+03  0.00000E+00 -6.86193E-06  7.10182E-06  1.07601E-05  0.00000E+00  7.71387E-06  1.49597E-04
       264  1.00000E+01  1.93238E+03  0.00000E+00 -6.86114E-06  7.10085E-06  1.07596E-05  0.00000E+00  7.71361E-06  1.50368E-04
       265  1.00000E+01  1.94238E+03  0.00000E+00 -6.86035E-06  7.09987E-06  1.07592E-05  0.00000E+00  7.71336E-06  1.51140E-04
       266  1.00000E+01  1.95238E+03  0.00000E+00 -6.85956E-06  7.09889E-06  1.07587E-05  0.00000E+00  7.71311E-06  1.51911E-04
       267  1.00000E+01  1.96238E+03  0.00000E+00 -6.85877E-06  7.09791E-06  1.07583E-05  0.00000E+00  7.71286E-06  1.52682E-04
       268  1.00000E+01  1.97238E+03  0.00000E+00 -6.85798E-06  7.09693E-06  1.07578E-05  0.00000E+00  7.71261E-06  1.53453E-04
       269  1.00000E+01  1.98238E+03  0.00000E+00 -6.85718E-06  7.09596E-06  1.07574E-05  0.00000E+00  7.72180E-06  1.54226E-04
       270  1.00000E+01  1.99238E+03  0.00000E+00 -6.85639E-06  7.09498E-06  1.07569E-05  0.00000E+00  7.72136E-06  1.54998E-04
       271  1.00000E+01  2.00238E+03  0.00000E+00 -6.85560E-06  7.09400E-06  1.07565E-05  0.00000E+00  7.72104E-06  1.55770E-04
       272  1.00000E+01  2.01238E+03  0.00000E+00 -6.85481E-06  7.09302E-06  1.07560E-05  0.00000E+00  7.72071E-06  1.56542E-04
       273  1.00000E+01  2.02238E+03  0.00000E+00 -6.85402E-06  7.09204E-06  1.07556E-05  0.00000E+00  7.72039E-06  1.57314E-04
       274  1.00000E+01  2.03238E+03  0.00000E+00 -6.85322E-06  7.09106E-06  1.07551E-05  0.00000E+00  7.72008E-06  1.58086E-04
       275  1.00000E+01  2.04238E+03  0.00000E+00 -6.85243E-06  7.09008E-06  1.07547E-05  0.00000E+00  7.71978E-06  1.58858E-04
       276  1.00000E+01  2.05238E+03  0.00000E+00 -6.85164E-06  7.08911E-06  1.07542E-05  0.00000E+00  7.71948E-06  1.59630E-04
       277  1.00000E+01  2.06238E+03  0.00000E+00 -6.85085E-06  7.08813E-06  1.07538E-05  0.00000E+00  7.71919E-06  1.60402E-04
       278  1.00000E+01  2.07238E+03  0.00000E+00 -6.85005E-06  7.08715E-06  1.07533E-05  0.00000E+00  7.71891E-06  1.61174E-04
       279  1.00000E+01  2.08238E+03  0.00000E+00 -6.84926E-06  7.08617E-06  1.07529E-05  0.00000E+00  7.71862E-06  1.61946E-04
       280  1.00000E+01  2.09238E+03  0.00000E+00 -6.84847E-06  7.08519E-06  1.07524E-05  0.00000E+00  7.71835E-06  1.62717E-04
       281  1.00000E+01  2.10238E+03  0.00000E+00 -6.84768E-06  7.08421E-06  1.07520E-05  0.00000E+00  7.71807E-06  1.63489E-04
       282  1.00000E+01  2.11238E+03  0.00000E+00 -6.84688E-06  7.08323E-06  1.07516E-05  0.00000E+00  7.71780E-06  1.64261E-04
       283  1.00000E+01  2.12238E+03  0.00000E+00 -6.84609E-06  7.08225E-06  1.07511E-05  0.00000E+00  7.71752E-06  1.65033E-04
       284  1.00000E+01  2.13238E+03  0.00000E+00 -6.84530E-06  7.08127E-06  1.07507E-05  0.00000E+00  7.71725E-06  1.65804E-04
       285  1.00000E+01  2.14238E+03  0.00000E+00 -6.84451E-06  7.08029E-06  1.07502E-05  0.00000E+00  7.71699E-06  1.66576E-04
       286  1.00000E+01  2.15238E+03  0.00000E+00 -6.84371E-06  7.07931E-06  1.07498E-05  0.00000E+00  7.71672E-06  1.67348E-04
       287  1.00000E+01  2.16238E+03  0.00000E+00 -6.84292E-06  7.07832E-06  1.07493E-05  0.00000E+00  7.71646E-06  1.68120E-04
       288  1.00000E+01  2.17238E+03  0.00000E+00 -6.84213E-06  7.07734E-06  1.07489E-05  0.00000E+00  7.71619E-06  1.68891E-04
       289  1.00000E+01  2.18238E+03  0.00000E+00 -6.84133E-06  7.07636E-06  1.07485E-05  0.00000E+00  7.71593E-06  1.69663E-04
       290  1.00000E+01  2.19238E+03  0.00000E+00 -6.84054E-06  7.07538E-06  1.07480E-05  0.00000E+00  7.71567E-06  1.70434E-04
       291  1.00000E+01  2.20238E+03  0.00000E+00 -6.83975E-06  7.07440E-06  1.07476E-05  0.00000E+00  7.71541E-06  1.71206E-04
       292  1.00000E+01  2.21238E+03  0.00000E+00 -6.83895E-06  7.07342E-06  1.07471E-05  0.00000E+00  7.71515E-06  1.71977E-04
       293  1.00000E+01  2.22238E+03  0.00000E+00 -6.83816E-06  7.07244E-06  1.07467E-05  0.00000E+00  7.71489E-06  1.72749E-04
       294  1.00000E+01  2.23238E+03  0.00000E+00 -6.83737E-06  7.07146E-06  1.07462E-05  0.00000E+00  7.71463E-06  1.73520E-04
       295  1.00000E+01  2.24238E+03  0.00000E+00 -6.83657E-06  7.07047E-06  1.07458E-05  0.00000E+00  7.71438E-06  1.74292E-04
       296  1.00000E+01  2.25238E+03  0.00000E+00 -6.83578E-06  7.06949E-06  1.07453E-05  0.00000E+00  7.71412E-06  1.75063E-04
       297  1.00000E+01  2.26238E+03  0.00000E+00 -6.83499E-06  7.06851E-06  1.07449E-05  0.00000E+00  7.71386E-06  1.75835E-04
       298  1.00000E+01  2.27238E+03  0.00000E+00 -6.83419E-06  7.06753E-06  1.07445E-05  0.00000E+00  7.71361E-06  1.76606E-04
       299  1.00000E+01  2.28238E+03  0.00000E+00 -6.83340E-06  7.06654E-06  1.07440E-05  0.00000E+00  7.71335E-06  1.77377E-04
       300  1.00000E+01  2.29238E+03  0.00000E+00 -6.83260E-06  7.06556E-06  1.07436E-05  0.00000E+00  7.71310E-06  1.78149E-04
       301  1.00000E+01  2.30238E+03  0.00000E+00 -6.83181E-06  7.06458E-06  1.07431E-05  0.00000E+00  7.71285E-06  1.78920E-04
       302  1.00000E+01  2.31238E+03  0.00000E+00 -6.83102E-06  7.06360E-06  1.07427E-05  0.00000E+00  7.71259E-06  1.79691E-04
       303  1.00000E+01  2.32238E+03  0.00000E+00 -6.83022E-06  7.06261E-06  1.07422E-05  0.00000E+00  7.71234E-06  1.80462E-04
       304  1.00000E+01  2.33238E+03  0.00000E+00 -6.82943E-06  7.06163E-06  1.07418E-05  0.00000E+00  7.71209E-06  1.81234E-04
       305  1.00000E+01  2.34238E+03  0.00000E+00 -6.82863E-06  7.06065E-06  1.07414E-05  0.00000E+00  7.71183E-06  1.82005E-04
       306  1.00000E+01  2.35238E+03  0.00000E+00 -6.82784E-06  7.05966E-06  1.07409E-05  0.00000E+00  7.71158E-06  1.82776E-04
       307  1.00000E+01  2.36238E+03  0.00000E+00 -6.82704E-06  7.05868E-06  1.07405E-05  0.00000E+00  7.71133E-06  1.83547E-04
       308  1.00000E+01  2.37238E+03  0.00000E+00 -6.82625E-06  7.05770E-06  1.07400E-05  0.00000E+00  7.71108E-06  1.84318E-04
       309  1.00000E+01  2.38238E+03  0.00000E+00 -6.82545E-06  7.05671E-06  1.07396E-05  0.00000E+00  7.71083E-06  1.85089E-04
       310  1.00000E+01  2.39238E+03  0.00000E+00 -6.82466E-06  7.05573E-06  1.07392E-05  0.00000E+00  7.71058E-06  1.85860E-04
       311  1.00000E+01  2.40238E+03  0.00000E+00 -6.82387E-06  7.05475E-06  1.07387E-05  0.00000E+00  7.71033E-06  1.86631E-04
       312  1.00000E+01  2.41238E+03  0.00000E+00 -6.82307E-06  7.05376E-06  1.07383E-05  0.00000E+00  7.71008E-06  1.87402E-04
       313  1.00000E+01  2.42238E+03  0.00000E+00 -6.82228E-06  7.05278E-06  1.07378E-05  0.00000E+00  7.70983E-06  1.88173E-04
       314  1.00000E+01  2.43238E+03  0.00000E+00 -6.82148E-06  7.05180E-06  1.07374E-05  0.00000E+00  7.70958E-06  1.88944E-04
       315  1.00000E+01  2.44238E+03  0.00000E+00 -6.82069E-06  7.05081E-06  1.07369E-05  0.00000E+00  7.70933E-06  1.89715E-04
       316  1.00000E+01  2.45238E+03  0.00000E+00 -6.81989E-06  7.04983E-06  1.07365E-05  0.00000E+00  7.70908E-06  1.90486E-04
       317  1.00000E+01  2.46238E+03  0.00000E+00 -6.81910E-06  7.04884E-06  1.07361E-05  0.00000E+00  7.70883E-06  1.91257E-04
       318  1.00000E+01  2.47238E+03  0.00000E+00 -6.81830E-06  7.04786E-06  1.07356E-05  0.00000E+00  7.70858E-06  1.92028E-04
       319  1.00000E+01  2.48238E+03  0.00000E+00 -6.81751E-06  7.04688E-06  1.07352E-05  0.00000E+00  7.70833E-06  1.92799E-04
       320  1.00000E+01  2.49238E+03  0.00000E+00 -6.81671E-06  7.04589E-06  1.07347E-05  0.00000E+00  7.70808E-06  1.93569E-04
       321  1.00000E+01  2.50238E+03  0.00000E+00 -6.81592E-06  7.04491E-06  1.07343E-05  0.00000E+00  7.70783E-06  1.94340E-04
       322  1.00000E+01  2.51238E+03  0.00000E+00 -6.81512E-06  7.04392E-06  1.07339E-05  0.00000E+00  7.70759E-06  1.95111E-04
       323  1.00000E+01  2.52238E+03  0.00000E+00 -6.81432E-06  7.04294E-06  1.07334E-05  0.00000E+00  7.70734E-06  1.95882E-04
       324  1.00000E+01  2.53238E+03  0.00000E+00 -6.81353E-06  7.04195E-06  1.07330E-05  0.00000E+00  7.70709E-06  1.96652E-04
       325  1.00000E+01  2.54238E+03  0.00000E+00 -6.81273E-06  7.04097E-06  1.07325E-05  0.00000E+00  7.70684E-06  1.97423E-04
       326  1.00000E+01  2.55238E+03  0.00000E+00 -6.81194E-06  7.03998E-06  1.07321E-05  0.00000E+00  7.70659E-06  1.98194E-04
       327  1.00000E+01  2.56238E+03  0.00000E+00 -6.81114E-06  7.03900E-06  1.07316E-05  0.00000E+00  7.70635E-06  1.98964E-04
       328  1.00000E+01  2.57238E+03  0.00000E+00 -6.81035E-06  7.03801E-06  1.07312E-05  0.00000E+00  7.70610E-06  1.99735E-04
       329  1.00000E+01  2.58238E+03  0.00000E+00 -6.80955E-06  7.03703E-06  1.07308E-05  0.00000E+00  7.70585E-06  2.00506E-04
       330  1.00000E+01  2.59238E+03  0.00000E+00 -6.80876E-06  7.03604E-06  1.07303E-05  0.00000E+00  7.70560E-06  2.01276E-04
       331  1.00000E+01  2.60238E+03  0.00000E+00 -6.80796E-06  7.03506E-06  1.07299E-05  0.00000E+00  7.70536E-06  2.02047E-04
       332  1.00000E+01  2.61238E+03  0.00000E+00 -6.80717E-06  7.03407E-06  1.07294E-05  0.00000E+00  7.70511E-06  2.02817E-04
       333  1.00000E+01  2.62238E+03  0.00000E+00 -6.80637E-06  7.03309E-06  1.07290E-05  0.00000E+00  7.70486E-06  2.03588E-04
       334  1.00000E+01  2.63238E+03  0.00000E+00 -6.80557E-06  7.03210E-06  1.07286E-05  0.00000E+00  7.70462E-06  2.04358E-04
       335  1.00000E+01  2.64238E+03  0.00000E+00 -6.80478E-06  7.03112E-06  1.07281E-05  0.00000E+00  7.70437E-06  2.05129E-04
       336  1.00000E+01  2.65238E+03  0.00000E+00 -6.80398E-06  7.03013E-06  1.07277E-05  0.00000E+00  7.70412E-06  2.05899E-04
       337  1.00000E+01  2.66238E+03  0.00000E+00 -6.80319E-06  7.02915E-06  1.07272E-05  0.00000E+00  7.70388E-06  2.06669E-04
       338  1.00000E+01  2.67238E+03  0.00000E+00 -6.80239E-06  7.02816E-06  1.07268E-05  0.00000E+00  7.70363E-06  2.07440E-04
       339  1.00000E+01  2.68238E+03  0.00000E+00 -6.80160E-06  7.02718E-06  1.07263E-05  0.00000E+00  7.70338E-06  2.08210E-04
       340  1.00000E+01  2.69238E+03  0.00000E+00 -6.80080E-06  7.02619E-06  1.07259E-05  0.00000E+00  7.70314E-06  2.08980E-04
       341  1.00000E+01  2.70238E+03  0.00000E+00 -6.80000E-06  7.02521E-06  1.07255E-05  0.00000E+00  7.70289E-06  2.09751E-04
       342  1.00000E+01  2.71238E+03  0.00000E+00 -6.79921E-06  7.02422E-06  1.07250E-05  0.00000E+00  7.70264E-06  2.10521E-04
       343  1.00000E+01  2.72238E+03  0.00000E+00 -6.79841E-06  7.02324E-06  1.07246E-05  0.00000E+00  7.70240E-06  2.11291E-04
       344  1.00000E+01  2.73238E+03  0.00000E+00 -6.79762E-06  7.02225E-06  1.07241E-05  0.00000E+00  7.70215E-06  2.12061E-04
       345  1.00000E+01  2.74238E+03  0.00000E+00 -6.79682E-06  7.02127E-06  1.07237E-05  0.00000E+00  7.70191E-06  2.12832E-04
       346  1.00000E+01  2.75238E+03  0.00000E+00 -6.79603E-06  7.02028E-06  1.07233E-05  0.00000E+00  7.70166E-06  2.13602E-04
       347  1.00000E+01  2.76238E+03  0.00000E+00 -6.79523E-06  7.01929E-06  1.07228E-05  0.00000E+00  7.70142E-06  2.14372E-04
       348  1.00000E+01  2.77238E+03  0.00000E+00 -6.79443E-06  7.01831E-06  1.07224E-05  0.00000E+00  7.70117E-06  2.15142E-04
       349  1.00000E+01  2.78238E+03  0.00000E+00 -6.79364E-06  7.01732E-06  1.07219E-05  0.00000E+00  7.70092E-06  2.15912E-04
       350  1.00000E+01  2.79238E+03  0.00000E+00 -6.79284E-06  7.01634E-06  1.07215E-05  0.00000E+00  7.70068E-06  2.16682E-04
       351  1.00000E+01  2.80238E+03  0.00000E+00 -6.79205E-06  7.01535E-06  1.07211E-05  0.00000E+00  7.70043E-06  2.17452E-04
       352  1.00000E+01  2.81238E+03  0.00000E+00 -6.79125E-06  7.01437E-06  1.07206E-05  0.00000E+00  7.70019E-06  2.18222E-04
       353  1.00000E+01  2.82238E+03  0.00000E+00 -6.79045E-06  7.01338E-06  1.07202E-05  0.00000E+00  7.69994E-06  2.18992E-04
       354  1.00000E+01  2.83238E+03  0.00000E+00 -6.78966E-06  7.01240E-06  1.07197E-05  0.00000E+00  7.69970E-06  2.19762E-04
       355  1.00000E+01  2.84238E+03  0.00000E+00 -6.78886E-06  7.01141E-06  1.07193E-05  0.00000E+00  7.69945E-06  2.20532E-04
       356  1.00000E+01  2.85238E+03  0.00000E+00 -6.78807E-06  7.01042E-06  1.07188E-05  0.00000E+00  7.69921E-06  2.21302E-04
       357  1.00000E+01  2.86238E+03  0.00000E+00 -6.78727E-06  7.00944E-06  1.07184E-05  0.00000E+00  7.69896E-06  2.22072E-04
       358  1.00000E+01  2.87238E+03  0.00000E+00 -6.78648E-06  7.00845E-06  1.07180E-05  0.00000E+00  7.69872E-06  2.22842E-04
       359  1.00000E+01  2.88238E+03  0.00000E+00 -6.78568E-06  7.00747E-06  1.07175E-05  0.00000E+00  7.69847E-06  2.23612E-04
       360  1.00000E+01  2.89238E+03  0.00000E+00 -6.78488E-06  7.00648E-06  1.07171E-05  0.00000E+00  7.70359E-06  2.24382E-04
       361  1.00000E+01  2.90238E+03  0.00000E+00 -6.78409E-06  7.00550E-06  1.07166E-05  0.00000E+00  7.70329E-06  2.25152E-04
       362  1.00000E+01  2.91238E+03  0.00000E+00 -6.78329E-06  7.00451E-06  1.07162E-05  0.00000E+00  7.70302E-06  2.25923E-04
       363  1.00000E+01  2.92238E+03  0.00000E+00 -6.78250E-06  7.00352E-06  1.07158E-05  0.00000E+00  7.70274E-06  2.26693E-04
       364  1.00000E+01  2.93238E+03  0.00000E+00 -6.78170E-06  7.00254E-06  1.07153E-05  0.00000E+00  7.70247E-06  2.27463E-04
       365  1.00000E+01  2.94238E+03  0.00000E+00 -6.78090E-06  7.00155E-06  1.07149E-05  0.00000E+00  7.70220E-06  2.28233E-04
       366  1.00000E+01  2.95238E+03  0.00000E+00 -6.78011E-06  7.00057E-06  1.07144E-05  0.00000E+00  7.70194E-06  2.29004E-04
       367  1.00000E+01  2.96238E+03  0.00000E+00 -6.77931E-06  6.99958E-06  1.07140E-05  0.00000E+00  7.70168E-06  2.29774E-04
       368  1.00000E+01  2.97238E+03  0.00000E+00 -6.77852E-06  6.99860E-06  1.07136E-05  0.00000E+00  7.70142E-06  2.30544E-04
       369  1.00000E+01  2.98238E+03  0.00000E+00 -6.77772E-06  6.99761E-06  1.07131E-05  0.00000E+00  7.70116E-06  2.31314E-04
       370  1.00000E+01  2.99238E+03  0.00000E+00 -6.77693E-06  6.99663E-06  1.07127E-05  0.00000E+00  7.70091E-06  2.32084E-04
       371  1.00000E+01  3.00238E+03  0.00000E+00 -6.77613E-06  6.99564E-06  1.07122E-05  0.00000E+00  7.70065E-06  2.32854E-04
       372  1.00000E+01  3.01238E+03  0.00000E+00 -6.77533E-06  6.99465E-06  1.07118E-05  0.00000E+00  7.70039E-06  2.33624E-04
       373  1.00000E+01  3.02238E+03  0.00000E+00 -6.77454E-06  6.99367E-06  1.07114E-05  0.00000E+00  7.70014E-06  2.34394E-04
       374  1.00000E+01  3.03238E+03  0.00000E+00 -6.77374E-06  6.99268E-06  1.07109E-05  0.00000E+00  7.69989E-06  2.35164E-04
       375  1.00000E+01  3.04238E+03  0.00000E+00 -6.77295E-06  6.99170E-06  1.07105E-05  0.00000E+00  7.69964E-06  2.35934E-04
       376  1.00000E+01  3.05238E+03  0.00000E+00 -6.77215E-06  6.99071E-06  1.07100E-05  0.00000E+00  7.69938E-06  2.36704E-04
       377  1.00000E+01  3.06238E+03  0.00000E+00 -6.77136E-06  6.98973E-06  1.07096E-05  0.00000E+00  7.69913E-06  2.37474E-04
       378  1.00000E+01  3.07238E+03  0.00000E+00 -6.77056E-06  6.98874E-06  1.07092E-05  0.00000E+00  7.69888E-06  2.38244E-04
       379  1.00000E+01  3.08238E+03  0.00000E+00 -6.76977E-06  6.98776E-06  1.07087E-05  0.00000E+00  7.69863E-06  2.39014E-04
       380  1.00000E+01  3.09238E+03  0.00000E+00 -6.76897E-06  6.98677E-06  1.07083E-05  0.00000E+00  7.69838E-06  2.39784E-04
       381  1.00000E+01  3.10238E+03  0.00000E+00 -6.76818E-06  6.98579E-06  1.07078E-05  0.00000E+00  7.69813E-06  2.40553E-04
       382  1.00000E+01  3.11238E+03  0.00000E+00 -6.76738E-06  6.98480E-06  1.07074E-05  0.00000E+00  7.69788E-06  2.41323E-04
       383  1.00000E+01  3.12238E+03  0.00000E+00 -6.76659E-06  6.98382E-06  1.07070E-05  0.00000E+00  7.69763E-06  2.42093E-04
       384  1.00000E+01  3.13238E+03  0.00000E+00 -6.76579E-06  6.98283E-06  1.07065E-05  0.00000E+00  7.69738E-06  2.42863E-04
       385  1.00000E+01  3.14238E+03  0.00000E+00 -6.76499E-06  6.98185E-06  1.07061E-05  0.00000E+00  7.69713E-06  2.43632E-04
       386  1.00000E+01  3.15238E+03  0.00000E+00 -6.76420E-06  6.98086E-06  1.07056E-05  0.00000E+00  7.69688E-06  2.44402E-04
       387  1.00000E+01  3.16238E+03  0.00000E+00 -6.76340E-06  6.97988E-06  1.07052E-05  0.00000E+00  7.69663E-06  2.45172E-04
       388  1.00000E+01  3.17238E+03  0.00000E+00 -6.76261E-06  6.97889E-06  1.07048E-05  0.00000E+00  7.69638E-06  2.45941E-04
       389  1.00000E+01  3.18238E+03  0.00000E+00 -6.76181E-06  6.97791E-06  1.07043E-05  0.00000E+00  7.69613E-06  2.46711E-04
       390  1.00000E+01  3.19238E+03  0.00000E+00 -6.76102E-06  6.97692E-06  1.07039E-05  0.00000E+00  7.69588E-06  2.47481E-04
       391  1.00000E+01  3.20238E+03  0.00000E+00 -6.76022E-06  6.97594E-06  1.07034E-05  0.00000E+00  7.69563E-06  2.48250E-04
       392  1.00000E+01  3.21238E+03  0.00000E+00 -6.75943E-06  6.97496E-06  1.07030E-05  0.00000E+00  7.69539E-06  2.49020E-04
       393  1.00000E+01  3.22238E+03  0.00000E+00 -6.75864E-06  6.97397E-06  1.07026E-05  0.00000E+00  7.69514E-06  2.49789E-04
       394  1.00000E+01  3.23238E+03  0.00000E+00 -6.75784E-06  6.97299E-06  1.07021E-05  0.00000E+00  7.69489E-06  2.50559E-04
       395  1.00000E+01  3.24238E+03  0.00000E+00 -6.75705E-06  6.97200E-06  1.07017E-05  0.00000E+00  7.69464E-06  2.51328E-04
       396  1.00000E+01  3.25238E+03  0.00000E+00 -6.75625E-06  6.97102E-06  1.07012E-05  0.00000E+00  7.69439E-06  2.52098E-04
       397  1.00000E+01  3.26238E+03  0.00000E+00 -6.75546E-06  6.97003E-06  1.07008E-05  0.00000E+00  7.69415E-06  2.52867E-04
       398  1.00000E+01  3.27238E+03  0.00000E+00 -6.75466E-06  6.96905E-06  1.07004E-05  0.00000E+00  7.70333E-06  2.53637E-04
       399  1.00000E+01  3.28238E+03  0.00000E+00 -6.75387E-06  6.96806E-06  1.06999E-05  0.00000E+00  7.70300E-06  2.54408E-04
       400  1.00000E+01  3.29238E+03  0.00000E+00 -6.75307E-06  6.96708E-06  1.06995E-05  0.00000E+00  7.70266E-06  2.55178E-04
       401  1.00000E+01  3.30238E+03  0.00000E+00 -6.75228E-06  6.96610E-06  1.06990E-05  0.00000E+00  7.70233E-06  2.55948E-04
       402  1.00000E+01  3.31238E+03  0.00000E+00 -6.75148E-06  6.96511E-06  1.06986E-05  0.00000E+00  7.70201E-06  2.56718E-04
       403  1.00000E+01  3.32238E+03  0.00000E+00 -6.75069E-06  6.96413E-06  1.06982E-05  0.00000E+00  7.70170E-06  2.57489E-04
       404  1.00000E+01  3.33238E+03  0.00000E+00 -6.74989E-06  6.96314E-06  1.06977E-05  0.00000E+00  7.70140E-06  2.58259E-04
       405  1.00000E+01  3.34238E+03  0.00000E+00 -6.74910E-06  6.96216E-06  1.06973E-05  0.00000E+00  7.70111E-06  2.59029E-04
       406  1.00000E+01  3.35238E+03  0.00000E+00 -6.74831E-06  6.96118E-06  1.06968E-05  0.00000E+00  7.70081E-06  2.59799E-04
       407  1.00000E+01  3.36238E+03  0.00000E+00 -6.74751E-06  6.96019E-06  1.06964E-05  0.00000E+00  7.70053E-06  2.60569E-04
       408  1.00000E+01  3.37238E+03  0.00000E+00 -6.74672E-06  6.95921E-06  1.06960E-05  0.00000E+00  7.70024E-06  2.61339E-04
       409  1.00000E+01  3.38238E+03  0.00000E+00 -6.74592E-06  6.95823E-06  1.06955E-05  0.00000E+00  7.69996E-06  2.62109E-04
       410  1.00000E+01  3.39238E+03  0.00000E+00 -6.74513E-06  6.95724E-06  1.06951E-05  0.00000E+00  7.69969E-06  2.62879E-04
       411  1.00000E+01  3.40238E+03  0.00000E+00 -6.74434E-06  6.95626E-06  1.06946E-05  0.00000E+00  7.69941E-06  2.63649E-04
       412  1.00000E+01  3.41238E+03  0.00000E+00 -6.74354E-06  6.95528E-06  1.06942E-05  0.00000E+00  7.69914E-06  2.64419E-04
       413  1.00000E+01  3.42238E+03  0.00000E+00 -6.74275E-06  6.95429E-06  1.06938E-05  0.00000E+00  7.69887E-06  2.65189E-04
       414  1.00000E+01  3.43238E+03  0.00000E+00 -6.74195E-06  6.95331E-06  1.06933E-05  0.00000E+00  7.69860E-06  2.65959E-04
       415  1.00000E+01  3.44238E+03  0.00000E+00 -6.74116E-06  6.95233E-06  1.06929E-05  0.00000E+00  7.69833E-06  2.66728E-04
       416  1.00000E+01  3.45238E+03  0.00000E+00 -6.74037E-06  6.95134E-06  1.06924E-05  0.00000E+00  7.69806E-06  2.67498E-04
       417  1.00000E+01  3.46238E+03  0.00000E+00 -6.73957E-06  6.95036E-06  1.06920E-05  0.00000E+00  7.69780E-06  2.68268E-04
       418  1.00000E+01  3.47238E+03  0.00000E+00 -6.73878E-06  6.94938E-06  1.06916E-05  0.00000E+00  7.69753E-06  2.69038E-04
       419  1.00000E+01  3.48238E+03  0.00000E+00 -6.73799E-06  6.94839E-06  1.06911E-05  0.00000E+00  7.69727E-06  2.69807E-04
       420  1.00000E+01  3.49238E+03  0.00000E+00 -6.73719E-06  6.94741E-06  1.06907E-05  0.00000E+00  7.69700E-06  2.70577E-04
       421  1.00000E+01  3.50238E+03  0.00000E+00 -6.73640E-06  6.94643E-06  1.06903E-05  0.00000E+00  7.69674E-06  2.71347E-04
       422  1.00000E+01  3.51238E+03  0.00000E+00 -6.73561E-06  6.94545E-06  1.06898E-05  0.00000E+00  7.69648E-06  2.72116E-04
       423  1.00000E+01  3.52238E+03  0.00000E+00 -6.73481E-06  6.94446E-06  1.06894E-05  0.00000E+00  7.69622E-06  2.72886E-04
       424  1.00000E+01  3.53238E+03  0.00000E+00 -6.73402E-06  6.94348E-06  1.06889E-05  0.00000E+00  7.69596E-06  2.73656E-04
       425  1.00000E+01  3.54238E+03  0.00000E+00 -6.73323E-06  6.94250E-06  1.06885E-05  0.00000E+00  7.69570E-06  2.74425E-04
       426  1.00000E+01  3.55238E+03  0.00000E+00 -6.73243E-06  6.94152E-06  1.06881E-05  0.00000E+00  7.69544E-06  2.75195E-04
       427  1.00000E+01  3.56238E+03  0.00000E+00 -6.73164E-06  6.94053E-06  1.06876E-05  0.00000E+00  7.69518E-06  2.75964E-04
       428  1.00000E+01  3.57238E+03  0.00000E+00 -6.73085E-06  6.93955E-06  1.06872E-05  0.00000E+00  7.69492E-06  2.76734E-04
       429  1.00000E+01  3.58238E+03  0.00000E+00 -6.73006E-06  6.93857E-06  1.06867E-05  0.00000E+00  7.69466E-06  2.77503E-04
       430  1.00000E+01  3.59238E+03  0.00000E+00 -6.72926E-06  6.93759E-06  1.06863E-05  0.00000E+00  7.69441E-06  2.78273E-04
       431  1.00000E+01  3.60238E+03  0.00000E+00 -6.72847E-06  6.93660E-06  1.06859E-05  0.00000E+00  7.69415E-06  2.79042E-04
       432  1.00000E+01  3.61238E+03  0.00000E+00 -6.72768E-06  6.93562E-06  1.06854E-05  0.00000E+00  7.69389E-06  2.79812E-04
       433  1.00000E+01  3.62238E+03  0.00000E+00 -6.72688E-06  6.93464E-06  1.06850E-05  0.00000E+00  7.69363E-06  2.80581E-04
       434  1.00000E+01  3.63238E+03  0.00000E+00 -6.72609E-06  6.93366E-06  1.06845E-05  0.00000E+00  7.69338E-06  2.81350E-04
       435  1.00000E+01  3.64238E+03  0.00000E+00 -6.72530E-06  6.93268E-06  1.06841E-05  0.00000E+00  7.69312E-06  2.82120E-04
       436  1.00000E+01  3.65238E+03  0.00000E+00 -6.72451E-06  6.93170E-06  1.06837E-05  0.00000E+00  7.69287E-06  2.82889E-04
       437  1.00000E+01  3.66238E+03  0.00000E+00 -6.72371E-06  6.93071E-06  1.06832E-05  0.00000E+00  7.69261E-06  2.83658E-04
       438  1.00000E+01  3.67238E+03  0.00000E+00 -6.72292E-06  6.92973E-06  1.06828E-05  0.00000E+00  7.69236E-06  2.84427E-04
       439  1.00000E+01  3.68238E+03  0.00000E+00 -6.72213E-06  6.92875E-06  1.06824E-05  0.00000E+00  7.69210E-06  2.85197E-04
       440  1.00000E+01  3.69238E+03  0.00000E+00 -6.72134E-06  6.92777E-06  1.06819E-05  0.00000E+00  7.69185E-06  2.85966E-04
       441  1.00000E+01  3.70238E+03  0.00000E+00 -6.72055E-06  6.92679E-06  1.06815E-05  0.00000E+00  7.69159E-06  2.86735E-04
       442  1.00000E+01  3.71238E+03  0.00000E+00 -6.71975E-06  6.92581E-06  1.06810E-05  0.00000E+00  7.69134E-06  2.87504E-04
       443  1.00000E+01  3.72238E+03  0.00000E+00 -6.71896E-06  6.92483E-06  1.06806E-05  0.00000E+00  7.69109E-06  2.88273E-04
       444  1.00000E+01  3.73238E+03  0.00000E+00 -6.71817E-06  6.92385E-06  1.06802E-05  0.00000E+00  7.69083E-06  2.89042E-04
       445  1.00000E+01  3.74238E+03  0.00000E+00 -6.71738E-06  6.92287E-06  1.06797E-05  0.00000E+00  7.69058E-06  2.89811E-04
       446  1.00000E+01  3.75238E+03  0.00000E+00 -6.71659E-06  6.92188E-06  1.06793E-05  0.00000E+00  7.69032E-06  2.90580E-04
       447  1.00000E+01  3.76238E+03  0.00000E+00 -6.71579E-06  6.92090E-06  1.06789E-05  0.00000E+00  7.69007E-06  2.91349E-04
       448  1.00000E+01  3.77238E+03  0.00000E+00 -6.71500E-06  6.91992E-06  1.06784E-05  0.00000E+00  7.68982E-06  2.92118E-04
       449  1.00000E+01  3.78238E+03  0.00000E+00 -6.71421E-06  6.91894E-06  1.06780E-05  0.00000E+00  7.68957E-06  2.92887E-04
       450  1.00000E+01  3.79238E+03  0.00000E+00 -6.71342E-06  6.91796E-06  1.06775E-05  0.00000E+00  7.68931E-06  2.93656E-04
       451  1.00000E+01  3.80238E+03  0.00000E+00 -6.71263E-06  6.91698E-06  1.06771E-05  0.00000E+00  7.68906E-06  2.94425E-04
       452  1.00000E+01  3.81238E+03  0.00000E+00 -6.71184E-06  6.91600E-06  1.06767E-05  0.00000E+00  7.68881E-06  2.95194E-04
       453  1.00000E+01  3.82238E+03  0.00000E+00 -6.71105E-06  6.91502E-06  1.06762E-05  0.00000E+00  7.68856E-06  2.95963E-04
       454  1.00000E+01  3.83238E+03  0.00000E+00 -6.71026E-06  6.91404E-06  1.06758E-05  0.00000E+00  7.68830E-06  2.96732E-04
       455  1.00000E+01  3.84238E+03  0.00000E+00 -6.70946E-06  6.91306E-06  1.06754E-05  0.00000E+00  7.68805E-06  2.97500E-04
       456  1.00000E+01  3.85238E+03  0.00000E+00 -6.70867E-06  6.91208E-06  1.06749E-05  0.00000E+00  7.68780E-06  2.98269E-04
       457  1.00000E+01  3.86238E+03  0.00000E+00 -6.70788E-06  6.91110E-06  1.06745E-05  0.00000E+00  7.68755E-06  2.99038E-04
       458  1.00000E+01  3.87238E+03  0.00000E+00 -6.70709E-06  6.91012E-06  1.06740E-05  0.00000E+00  7.68730E-06  2.99807E-04
       459  1.00000E+01  3.88238E+03  0.00000E+00 -6.70630E-06  6.90914E-06  1.06736E-05  0.00000E+00  7.68705E-06  3.00575E-04
       460  1.00000E+01  3.89238E+03  0.00000E+00 -6.70551E-06  6.90816E-06  1.06732E-05  0.00000E+00  7.68679E-06  3.01344E-04
       461  1.00000E+01  3.90238E+03  0.00000E+00 -6.70472E-06  6.90718E-06  1.06727E-05  0.00000E+00  7.68654E-06  3.02113E-04
       462  1.00000E+01  3.91238E+03  0.00000E+00 -6.70393E-06  6.90620E-06  1.06723E-05  0.00000E+00  7.68629E-06  3.02881E-04
       463  1.00000E+01  3.92238E+03  0.00000E+00 -6.70314E-06  6.90522E-06  1.06719E-05  0.00000E+00  7.68604E-06  3.03650E-04
       464  1.00000E+01  3.93238E+03  0.00000E+00 -6.70235E-06  6.90425E-06  1.06714E-05  0.00000E+00  7.68579E-06  3.04419E-04
       465  1.00000E+01  3.94238E+03  0.00000E+00 -6.70156E-06  6.90327E-06  1.06710E-05  0.00000E+00  7.68554E-06  3.05187E-04
       466  1.00000E+01  3.95238E+03  0.00000E+00 -6.70077E-06  6.90229E-06  1.06705E-05  0.00000E+00  7.68529E-06  3.05956E-04
       467  1.00000E+01  3.96238E+03  0.00000E+00 -6.69998E-06  6.90131E-06  1.06701E-05  0.00000E+00  7.68504E-06  3.06724E-04
       468  1.00000E+01  3.97238E+03  0.00000E+00 -6.69919E-06  6.90033E-06  1.06697E-05  0.00000E+00  7.68479E-06  3.07493E-04
       469  1.00000E+01  3.98238E+03  0.00000E+00 -6.69840E-06  6.89935E-06  1.06692E-05  0.00000E+00  7.68454E-06  3.08261E-04
       470  1.00000E+01  3.99238E+03  0.00000E+00 -6.69761E-06  6.89837E-06  1.06688E-05  0.00000E+00  7.68429E-06  3.09030E-04
       471  1.00000E+01  4.00238E+03  0.00000E+00 -6.69682E-06  6.89739E-06  1.06684E-05  0.00000E+00  7.68404E-06  3.09798E-04
       472  1.00000E+01  4.01238E+03  0.00000E+00 -6.69603E-06  6.89642E-06  1.06679E-05  0.00000E+00  7.68379E-06  3.10566E-04
       473  1.00000E+01  4.02238E+03  0.00000E+00 -6.69524E-06  6.89544E-06  1.06675E-05  0.00000E+00  7.68354E-06  3.11335E-04
       474  1.00000E+01  4.03238E+03  0.00000E+00 -6.69445E-06  6.89446E-06  1.06670E-05  0.00000E+00  7.68329E-06  3.12103E-04
       475  1.00000E+01  4.04238E+03  0.00000E+00 -6.69366E-06  6.89348E-06  1.06666E-05  0.00000E+00  7.68304E-06  3.12871E-04
       476  1.00000E+01  4.05238E+03  0.00000E+00 -6.69287E-06  6.89250E-06  1.06662E-05  0.00000E+00  7.68279E-06  3.13640E-04
       477  1.00000E+01  4.06238E+03  0.00000E+00 -6.69208E-06  6.89152E-06  1.06657E-05  0.00000E+00  7.68254E-06  3.14408E-04
       478  1.00000E+01  4.07238E+03  0.00000E+00 -6.69129E-06  6.89055E-06  1.06653E-05  0.00000E+00  7.68229E-06  3.15176E-04
       479  1.00000E+01  4.08238E+03  0.00000E+00 -6.69050E-06  6.88957E-06  1.06649E-05  0.00000E+00  7.68204E-06  3.15944E-04
       480  1.00000E+01  4.09238E+03  0.00000E+00 -6.68971E-06  6.88859E-06  1.06644E-05  0.00000E+00  7.68179E-06  3.16712E-04
       481  1.00000E+01  4.10238E+03  0.00000E+00 -6.68892E-06  6.88761E-06  1.06640E-05  0.00000E+00  7.68155E-06  3.17481E-04
       482  1.00000E+01  4.11238E+03  0.00000E+00 -6.68813E-06  6.88664E-06  1.06636E-05  0.00000E+00  7.68130E-06  3.18249E-04
       483  1.00000E+01  4.12238E+03  0.00000E+00 -6.68734E-06  6.88566E-06  1.06631E-05  0.00000E+00  7.68105E-06  3.19017E-04
       484  1.00000E+01  4.13238E+03  0.00000E+00 -6.68655E-06  6.88468E-06  1.06627E-05  0.00000E+00  7.68080E-06  3.19785E-04
       485  1.00000E+01  4.14238E+03  0.00000E+00 -6.68577E-06  6.88370E-06  1.06622E-05  0.00000E+00  7.68055E-06  3.20553E-04
       486  1.00000E+01  4.15238E+03  0.00000E+00 -6.68498E-06  6.88273E-06  1.06618E-05  0.00000E+00  7.68030E-06  3.21321E-04
       487  1.00000E+01  4.16238E+03  0.00000E+00 -6.68419E-06  6.88175E-06  1.06614E-05  0.00000E+00  7.68006E-06  3.22089E-04
       488  1.00000E+01  4.17238E+03  0.00000E+00 -6.68340E-06  6.88077E-06  1.06609E-05  0.00000E+00  7.67981E-06  3.22857E-04
       489  1.00000E+01  4.18238E+03  0.00000E+00 -6.68261E-06  6.87980E-06  1.06605E-05  0.00000E+00  7.67956E-06  3.23625E-04
       490  1.00000E+01  4.19238E+03  0.00000E+00 -6.68182E-06  6.87882E-06  1.06601E-05  0.00000E+00  7.67931E-06  3.24393E-04
       491  1.00000E+01  4.20238E+03  0.00000E+00 -6.68103E-06  6.87784E-06  1.06596E-05  0.00000E+00  7.67906E-06  3.25161E-04
       492  1.00000E+01  4.21238E+03  0.00000E+00 -6.68025E-06  6.87687E-06  1.06592E-05  0.00000E+00  7.67882E-06  3.25929E-04
       493  1.00000E+01  4.22238E+03  0.00000E+00 -6.67946E-06  6.87589E-06  1.06588E-05  0.00000E+00  7.67857E-06  3.26697E-04
       494  1.00000E+01  4.23238E+03  0.00000E+00 -6.67867E-06  6.87491E-06  1.06583E-05  0.00000E+00  7.67832E-06  3.27464E-04
       495  1.00000E+01  4.24238E+03  0.00000E+00 -6.67788E-06  6.87394E-06  1.06579E-05  0.00000E+00  7.67807E-06  3.28232E-04
       496  1.00000E+01  4.25238E+03  0.00000E+00 -6.67709E-06  6.87296E-06  1.06574E-05  0.00000E+00  7.67783E-06  3.29000E-04
       497  1.00000E+01  4.26238E+03  0.00000E+00 -6.67631E-06  6.87199E-06  1.06570E-05  0.00000E+00  7.67758E-06  3.29768E-04
       498  1.00000E+01  4.27238E+03  0.00000E+00 -6.67552E-06  6.87101E-06  1.06566E-05  0.00000E+00  7.67733E-06  3.30535E-04
       499  1.00000E+01  4.28238E+03  0.00000E+00 -6.67473E-06  6.87003E-06  1.06561E-05  0.00000E+00  7.67708E-06  3.31303E-04
       500  1.00000E+01  4.29238E+03  0.00000E+00 -6.67394E-06  6.86906E-06  1.06557E-05  0.00000E+00  7.67684E-06  3.32071E-04
       501  1.00000E+01  4.30238E+03  0.00000E+00 -6.67316E-06  6.86808E-06  1.06553E-05  0.00000E+00  7.67659E-06  3.32838E-04
       502  1.00000E+01  4.31238E+03  0.00000E+00 -6.67237E-06  6.86711E-06  1.06548E-05  0.00000E+00  7.67634E-06  3.33606E-04
       503  1.00000E+01  4.32238E+03  0.00000E+00 -6.67158E-06  6.86613E-06  1.06544E-05  0.00000E+00  7.67610E-06  3.34374E-04
       504  1.00000E+01  4.33238E+03  0.00000E+00 -6.67079E-06  6.86516E-06  1.06540E-05  0.00000E+00  7.67585E-06  3.35141E-04
       505  1.00000E+01  4.34238E+03  0.00000E+00 -6.67001E-06  6.86418E-06  1.06535E-05  0.00000E+00  7.67560E-06  3.35909E-04
       506  1.00000E+01  4.35238E+03  0.00000E+00 -6.66922E-06  6.86321E-06  1.06531E-05  0.00000E+00  7.67536E-06  3.36676E-04
       507  1.00000E+01  4.36238E+03  0.00000E+00 -6.66843E-06  6.86223E-06  1.06527E-05  0.00000E+00  7.67511E-06  3.37444E-04
       508  1.00000E+01  4.37238E+03  0.00000E+00 -6.66765E-06  6.86126E-06  1.06522E-05  0.00000E+00  7.67487E-06  3.38211E-04
       509  1.00000E+01  4.38238E+03  0.00000E+00 -6.66686E-06  6.86028E-06  1.06518E-05  0.00000E+00  7.67462E-06  3.38979E-04
       510  1.00000E+01  4.39238E+03  0.00000E+00 -6.66608E-06  6.85931E-06  1.06514E-05  0.00000E+00  7.67437E-06  3.39746E-04
       511  1.00000E+01  4.40238E+03  0.00000E+00 -6.66530E-06  6.85833E-06  1.06509E-05  0.00000E+00  7.67412E-06  3.40514E-04
       512  1.00000E+01  4.41238E+03  0.00000E+00 -6.66453E-06  6.85735E-06  1.06505E-05  0.00000E+00  7.67387E-06  3.41281E-04
       513  1.00000E+01  4.42238E+03  0.00000E+00 -6.66376E-06  6.85638E-06  1.06500E-05  0.00000E+00  7.67362E-06  3.42048E-04
       514  1.00000E+01  4.43238E+03  0.00000E+00 -6.66299E-06  6.85540E-06  1.06496E-05  0.00000E+00  7.67336E-06  3.42816E-04
       515  1.00000E+01  4.44238E+03  0.00000E+00 -6.66222E-06  6.85442E-06  1.06492E-05  0.00000E+00  7.67311E-06  3.43583E-04
       516  1.00000E+01  4.45238E+03  0.00000E+00 -6.66145E-06  6.85344E-06  1.06487E-05  0.00000E+00  7.67285E-06  3.44350E-04
       517  1.00000E+01  4.46238E+03  0.00000E+00 -6.66069E-06  6.85245E-06  1.06483E-05  0.00000E+00  7.67259E-06  3.45118E-04
       518  1.00000E+01  4.47238E+03  0.00000E+00 -6.65993E-06  6.85147E-06  1.06478E-05  0.00000E+00  7.67234E-06  3.45885E-04
       519  1.00000E+01  4.48238E+03  0.00000E+00 -6.65916E-06  6.85048E-06  1.06474E-05  0.00000E+00  7.67208E-06  3.46652E-04
       520  1.00000E+01  4.49238E+03  0.00000E+00 -6.65840E-06  6.84950E-06  1.06470E-05  0.00000E+00  7.67182E-06  3.47419E-04
       521  1.00000E+01  4.50238E+03  0.00000E+00 -6.65764E-06  6.84851E-06  1.06465E-05  0.00000E+00  7.67156E-06  3.48186E-04
       522  1.00000E+01  4.51238E+03  0.00000E+00 -6.65688E-06  6.84752E-06  1.06461E-05  0.00000E+00  7.67130E-06  3.48954E-04
       523  1.00000E+01  4.52238E+03  0.00000E+00 -6.65612E-06  6.84652E-06  1.06456E-05  0.00000E+00  7.67104E-06  3.49721E-04
       524  1.00000E+01  4.53238E+03  0.00000E+00 -6.65536E-06  6.84553E-06  1.06452E-05  0.00000E+00  7.67078E-06  3.50488E-04
       525  1.00000E+01  4.54238E+03  0.00000E+00 -6.65461E-06  6.84454E-06  1.06447E-05  0.00000E+00  7.67051E-06  3.51255E-04
       526  1.00000E+01  4.55238E+03  0.00000E+00 -6.65386E-06  6.84354E-06  1.06443E-05  0.00000E+00  7.67025E-06  3.52022E-04
       527  1.00000E+01  4.56238E+03  0.00000E+00 -6.65311E-06  6.84254E-06  1.06438E-05  0.00000E+00  7.66998E-06  3.52789E-04
       528  1.00000E+01  4.57238E+03  0.00000E+00 -6.65237E-06  6.84154E-06  1.06434E-05  0.00000E+00  7.66971E-06  3.53556E-04
       529  1.00000E+01  4.58238E+03  0.00000E+00 -6.65162E-06  6.84054E-06  1.06429E-05  0.00000E+00  7.66944E-06  3.54323E-04
       530  1.00000E+01  4.59238E+03  0.00000E+00 -6.65088E-06  6.83953E-06  1.06425E-05  0.00000E+00  7.66917E-06  3.55090E-04
       531  1.00000E+01  4.60238E+03  0.00000E+00 -6.65014E-06  6.83852E-06  1.06420E-05  0.00000E+00  7.66889E-06  3.55857E-04
       532  1.00000E+01  4.61238E+03  0.00000E+00 -6.64940E-06  6.83751E-06  1.06416E-05  0.00000E+00  7.66862E-06  3.56623E-04
       533  1.00000E+01  4.62238E+03  0.00000E+00 -6.64866E-06  6.83650E-06  1.06411E-05  0.00000E+00  7.66835E-06  3.57390E-04
       534  1.00000E+01  4.63238E+03  0.00000E+00 -6.64792E-06  6.83549E-06  1.06407E-05  0.00000E+00  7.66807E-06  3.58157E-04
       535  1.00000E+01  4.64238E+03  0.00000E+00 -6.64718E-06  6.83447E-06  1.06402E-05  0.00000E+00  7.66780E-06  3.58924E-04
       536  1.00000E+01  4.65238E+03  0.00000E+00 -6.64644E-06  6.83345E-06  1.06398E-05  0.00000E+00  7.66752E-06  3.59691E-04
       537  1.00000E+01  4.66238E+03  0.00000E+00 -6.64570E-06  6.83243E-06  1.06393E-05  0.00000E+00  7.66725E-06  3.60457E-04
       538  1.00000E+01  4.67238E+03  0.00000E+00 -6.64496E-06  6.83141E-06  1.06388E-05  0.00000E+00  7.66697E-06  3.61224E-04
       539  1.00000E+01  4.68238E+03  0.00000E+00 -6.64422E-06  6.83039E-06  1.06384E-05  0.00000E+00  7.66669E-06  3.61991E-04
       540  1.00000E+01  4.69238E+03  0.00000E+00 -6.64348E-06  6.82936E-06  1.06379E-05  0.00000E+00  7.66642E-06  3.62757E-04
       541  1.00000E+01  4.70238E+03  0.00000E+00 -6.64274E-06  6.82834E-06  1.06374E-05  0.00000E+00  7.66614E-06  3.63524E-04
       542  1.00000E+01  4.71238E+03  0.00000E+00 -6.64200E-06  6.82731E-06  1.06370E-05  0.00000E+00  7.66586E-06  3.64291E-04
       543  1.00000E+01  4.72238E+03  0.00000E+00 -6.64126E-06  6.82628E-06  1.06365E-05  0.00000E+00  7.66559E-06  3.65057E-04
       544  1.00000E+01  4.73238E+03  0.00000E+00 -6.64052E-06  6.82525E-06  1.06360E-05  0.00000E+00  7.66531E-06  3.65824E-04
       545  1.00000E+01  4.74238E+03  0.00000E+00 -6.63978E-06  6.82422E-06  1.06356E-05  0.00000E+00  7.66503E-06  3.66590E-04
       546  1.00000E+01  4.75238E+03  0.00000E+00 -6.63904E-06  6.82318E-06  1.06351E-05  0.00000E+00  7.66475E-06  3.67357E-04
       547  1.00000E+01  4.76238E+03  0.00000E+00 -6.63830E-06  6.82215E-06  1.06346E-05  0.00000E+00  7.66447E-06  3.68123E-04
       548  1.00000E+01  4.77238E+03  0.00000E+00 -6.63756E-06  6.82112E-06  1.06342E-05  0.00000E+00  7.66419E-06  3.68889E-04
       549  1.00000E+01  4.78238E+03  0.00000E+00 -6.63682E-06  6.82008E-06  1.06337E-05  0.00000E+00  7.66391E-06  3.69656E-04
       550  1.00000E+01  4.79238E+03  0.00000E+00 -6.63608E-06  6.81904E-06  1.06332E-05  0.00000E+00  7.66363E-06  3.70422E-04
       551  1.00000E+01  4.80238E+03  0.00000E+00 -6.63534E-06  6.81801E-06  1.06328E-05  0.00000E+00  7.66335E-06  3.71189E-04
       552  1.00000E+01  4.81238E+03  0.00000E+00 -6.63460E-06  6.81697E-06  1.06323E-05  0.00000E+00  7.66308E-06  3.71955E-04
       553  1.00000E+01  4.82238E+03  0.00000E+00 -6.63386E-06  6.81593E-06  1.06318E-05  0.00000E+00  7.66280E-06  3.72721E-04
       554  1.00000E+01  4.83238E+03  0.00000E+00 -6.63312E-06  6.81489E-06  1.06314E-05  0.00000E+00  7.66252E-06  3.73487E-04
       555  1.00000E+01  4.84238E+03  0.00000E+00 -6.63238E-06  6.81385E-06  1.06309E-05  0.00000E+00  7.66224E-06  3.74254E-04
       556  1.00000E+01  4.85238E+03  0.00000E+00 -6.63164E-06  6.81280E-06  1.06304E-05  0.00000E+00  7.66196E-06  3.75020E-04
       557  1.00000E+01  4.86238E+03  0.00000E+00 -6.63090E-06  6.81176E-06  1.06299E-05  0.00000E+00  7.66168E-06  3.75786E-04
       558  1.00000E+01  4.87238E+03  0.00000E+00 -6.63016E-06  6.81072E-06  1.06295E-05  0.00000E+00  7.66140E-06  3.76552E-04
       559  1.00000E+01  4.88238E+03  0.00000E+00 -6.62942E-06  6.80968E-06  1.06290E-05  0.00000E+00  7.66112E-06  3.77318E-04
       560  1.00000E+01  4.89238E+03  0.00000E+00 -6.62868E-06  6.80863E-06  1.06285E-05  0.00000E+00  7.66084E-06  3.78084E-04
       561  1.00000E+01  4.90238E+03  0.00000E+00 -6.62794E-06  6.80759E-06  1.06280E-05  0.00000E+00  7.66056E-06  3.78850E-04
       562  1.00000E+01  4.91238E+03  0.00000E+00 -6.62720E-06  6.80654E-06  1.06276E-05  0.00000E+00  7.66027E-06  3.79616E-04
       563  1.00000E+01  4.92238E+03  0.00000E+00 -6.62646E-06  6.80550E-06  1.06271E-05  0.00000E+00  7.65999E-06  3.80382E-04
       564  1.00000E+01  4.93238E+03  0.00000E+00 -6.62572E-06  6.80445E-06  1.06266E-05  0.00000E+00  7.65971E-06  3.81148E-04
       565  1.00000E+01  4.94238E+03  0.00000E+00 -6.62498E-06  6.80340E-06  1.06261E-05  0.00000E+00  7.65943E-06  3.81914E-04
       566  1.00000E+01  4.95238E+03  0.00000E+00 -6.62424E-06  6.80236E-06  1.06257E-05  0.00000E+00  7.65915E-06  3.82680E-04
       567  1.00000E+01  4.96238E+03  0.00000E+00 -6.62350E-06  6.80131E-06  1.06252E-05  0.00000E+00  7.65887E-06  3.83446E-04
       568  1.00000E+01  4.97238E+03  0.00000E+00 -6.62276E-06  6.80026E-06  1.06247E-05  0.00000E+00  7.65859E-06  3.84212E-04
       569  1.00000E+01  4.98238E+03  0.00000E+00 -6.62202E-06  6.79921E-06  1.06242E-05  0.00000E+00  7.65831E-06  3.84978E-04
       570  1.00000E+01  4.99238E+03  0.00000E+00 -6.62128E-06  6.79816E-06  1.06238E-05  0.00000E+00  7.65803E-06  3.85744E-04
       571  1.00000E+01  5.00238E+03  0.00000E+00 -6.62054E-06  6.79711E-06  1.06233E-05  0.00000E+00  7.65775E-06  3.86509E-04
       572  1.00000E+01  5.01238E+03  0.00000E+00 -6.61980E-06  6.79606E-06  1.06228E-05  0.00000E+00  7.65747E-06  3.87275E-04
       573  1.00000E+01  5.02238E+03  0.00000E+00 -6.61906E-06  6.79502E-06  1.06223E-05  0.00000E+00  7.65719E-06  3.88041E-04
       574  1.00000E+01  5.03238E+03  0.00000E+00 -6.61832E-06  6.79397E-06  1.06218E-05  0.00000E+00  7.65691E-06  3.88807E-04
       575  1.00000E+01  5.04238E+03  0.00000E+00 -6.61758E-06  6.79291E-06  1.06214E-05  0.00000E+00  7.65663E-06  3.89572E-04
       576  1.00000E+01  5.05238E+03  0.00000E+00 -6.61684E-06  6.79186E-06  1.06209E-05  0.00000E+00  7.65635E-06  3.90338E-04
       577  1.00000E+01  5.06238E+03  0.00000E+00 -6.61610E-06  6.79081E-06  1.06204E-05  0.00000E+00  7.65607E-06  3.91103E-04
       578  1.00000E+01  5.07238E+03  0.00000E+00 -6.61536E-06  6.78976E-06  1.06199E-05  0.00000E+00  7.65579E-06  3.91869E-04
       579  1.00000E+01  5.08238E+03  0.00000E+00 -6.61462E-06  6.78871E-06  1.06195E-05  0.00000E+00  7.65551E-06  3.92635E-04
       580  1.00000E+01  5.09238E+03  0.00000E+00 -6.61388E-06  6.78766E-06  1.06190E-05  0.00000E+00  7.65523E-06  3.93400E-04
       581  1.00000E+01  5.10238E+03  0.00000E+00 -6.61314E-06  6.78661E-06  1.06185E-05  0.00000E+00  7.65495E-06  3.94166E-04
       582  1.00000E+01  5.11238E+03  0.00000E+00 -6.61240E-06  6.78556E-06  1.06180E-05  0.00000E+00  7.65467E-06  3.94931E-04
       583  1.00000E+01  5.12238E+03  0.00000E+00 -6.61166E-06  6.78451E-06  1.06175E-05  0.00000E+00  7.65438E-06  3.95696E-04
       584  1.00000E+01  5.13238E+03  0.00000E+00 -6.61092E-06  6.78345E-06  1.06171E-05  0.00000E+00  7.65410E-06  3.96462E-04
       585  1.00000E+01  5.14238E+03  0.00000E+00 -6.61018E-06  6.78240E-06  1.06166E-05  0.00000E+00  7.65382E-06  3.97227E-04
       586  1.00000E+01  5.15238E+03  0.00000E+00 -6.60944E-06  6.78135E-06  1.06161E-05  0.00000E+00  7.65354E-06  3.97993E-04
       587  1.00000E+01  5.16238E+03  0.00000E+00 -6.60870E-06  6.78030E-06  1.06156E-05  0.00000E+00  7.65326E-06  3.98758E-04
       588  1.00000E+01  5.17238E+03  0.00000E+00 -6.60796E-06  6.77924E-06  1.06151E-05  0.00000E+00  7.65298E-06  3.99523E-04
       589  1.00000E+01  5.18238E+03  0.00000E+00 -6.60722E-06  6.77819E-06  1.06147E-05  0.00000E+00  7.65270E-06  4.00289E-04
       590  1.00000E+01  5.19238E+03  0.00000E+00 -6.60648E-06  6.77714E-06  1.06142E-05  0.00000E+00  7.65242E-06  4.01054E-04
       591  1.00000E+01  5.20238E+03  0.00000E+00 -6.60574E-06  6.77608E-06  1.06137E-05  0.00000E+00  7.65214E-06  4.01819E-04
       592  1.00000E+01  5.21238E+03  0.00000E+00 -6.60500E-06  6.77503E-06  1.06132E-05  0.00000E+00  7.65186E-06  4.02584E-04
       593  1.00000E+01  5.22238E+03  0.00000E+00 -6.60426E-06  6.77398E-06  1.06127E-05  0.00000E+00  7.65158E-06  4.03349E-04
       594  1.00000E+01  5.23238E+03  0.00000E+00 -6.60352E-06  6.77293E-06  1.06123E-05  0.00000E+00  7.65130E-06  4.04114E-04
       595  1.00000E+01  5.24238E+03  0.00000E+00 -6.60278E-06  6.77187E-06  1.06118E-05  0.00000E+00  7.65102E-06  4.04880E-04
       596  1.00000E+01  5.25238E+03  0.00000E+00 -6.60204E-06  6.77082E-06  1.06113E-05  0.00000E+00  7.65074E-06  4.05645E-04
       597  1.00000E+01  5.26238E+03  0.00000E+00 -6.60130E-06  6.76977E-06  1.06108E-05  0.00000E+00  7.65046E-06  4.06410E-04
       598  1.00000E+01  5.27238E+03  0.00000E+00 -6.60056E-06  6.76871E-06  1.06104E-05  0.00000E+00  7.65018E-06  4.07175E-04
       599  1.00000E+01  5.28238E+03  0.00000E+00 -6.59982E-06  6.76766E-06  1.06099E-05  0.00000E+00  7.64990E-06  4.07940E-04
       600  1.00000E+01  5.29238E+03  0.00000E+00 -6.59908E-06  6.76660E-06  1.06094E-05  0.00000E+00  7.64962E-06  4.08705E-04
       601  1.00000E+01  5.30238E+03  0.00000E+00 -6.59834E-06  6.76555E-06  1.06089E-05  0.00000E+00  7.64934E-06  4.09470E-04
       602  1.00000E+01  5.31238E+03  0.00000E+00 -6.59760E-06  6.76450E-06  1.06084E-05  0.00000E+00  7.64906E-06  4.10234E-04
       603  1.00000E+01  5.32238E+03  0.00000E+00 -6.59686E-06  6.76344E-06  1.06080E-05  0.00000E+00  7.64878E-06  4.10999E-04
       604  1.00000E+01  5.33238E+03  0.00000E+00 -6.59612E-06  6.76239E-06  1.06075E-05  0.00000E+00  7.64851E-06  4.11764E-04
       605  1.00000E+01  5.34238E+03  0.00000E+00 -6.59538E-06  6.76134E-06  1.06070E-05  0.00000E+00  7.64823E-06  4.12529E-04
       606  1.00000E+01  5.35238E+03  0.00000E+00 -6.59464E-06  6.76028E-06  1.06065E-05  0.00000E+00  7.64795E-06  4.13294E-04
       607  1.00000E+01  5.36238E+03  0.00000E+00 -6.59390E-06  6.75923E-06  1.06060E-05  0.00000E+00  7.64767E-06  4.14059E-04
       608  1.00000E+01  5.37238E+03  0.00000E+00 -6.59316E-06  6.75817E-06  1.06056E-05  0.00000E+00  7.64739E-06  4.14823E-04
       609  1.00000E+01  5.38238E+03  0.00000E+00 -6.59242E-06  6.75712E-06  1.06051E-05  0.00000E+00  7.64711E-06  4.15588E-04
       610  1.00000E+01  5.39238E+03  0.00000E+00 -6.59168E-06  6.75607E-06  1.06046E-05  0.00000E+00  7.64683E-06  4.16353E-04
       611  1.00000E+01  5.40238E+03  0.00000E+00 -6.59094E-06  6.75501E-06  1.06041E-05  0.00000E+00  7.64655E-06  4.17117E-04
       612  1.00000E+01  5.41238E+03  0.00000E+00 -6.59020E-06  6.75396E-06  1.06036E-05  0.00000E+00  7.64627E-06  4.17882E-04
       613  1.00000E+01  5.42238E+03  0.00000E+00 -6.58946E-06  6.75290E-06  1.06031E-05  0.00000E+00  7.64599E-06  4.18647E-04
       614  1.00000E+01  5.43238E+03  0.00000E+00 -6.58873E-06  6.75185E-06  1.06027E-05  0.00000E+00  7.64571E-06  4.19411E-04
       615  1.00000E+01  5.44238E+03  0.00000E+00 -6.58799E-06  6.75079E-06  1.06022E-05  0.00000E+00  7.64543E-06  4.20176E-04
       616  1.00000E+01  5.45238E+03  0.00000E+00 -6.58725E-06  6.74974E-06  1.06017E-05  0.00000E+00  7.64516E-06  4.20940E-04
       617  1.00000E+01  5.46238E+03  0.00000E+00 -6.58651E-06  6.74869E-06  1.06012E-05  0.00000E+00  7.64488E-06  4.21705E-04
       618  1.00000E+01  5.47238E+03  0.00000E+00 -6.58577E-06  6.74763E-06  1.06007E-05  0.00000E+00  7.64460E-06  4.22469E-04
       619  1.00000E+01  5.48238E+03  0.00000E+00 -6.58503E-06  6.74658E-06  1.06003E-05  0.00000E+00  7.64432E-06  4.23234E-04
       620  1.00000E+01  5.49238E+03  0.00000E+00 -6.58429E-06  6.74552E-06  1.05998E-05  0.00000E+00  7.64404E-06  4.23998E-04
       621  1.00000E+01  5.50238E+03  0.00000E+00 -6.58355E-06  6.74447E-06  1.05993E-05  0.00000E+00  7.64675E-06  4.24763E-04
       622  1.00000E+01  5.51238E+03  0.00000E+00 -6.58281E-06  6.74342E-06  1.05988E-05  0.00000E+00  7.64635E-06  4.25527E-04
       623  1.00000E+01  5.52238E+03  0.00000E+00 -6.58207E-06  6.74236E-06  1.05983E-05  0.00000E+00  7.64607E-06  4.26292E-04
       624  1.00000E+01  5.53238E+03  0.00000E+00 -6.58133E-06  6.74131E-06  1.05979E-05  0.00000E+00  7.64579E-06  4.27057E-04
       625  1.00000E+01  5.54238E+03  0.00000E+00 -6.58059E-06  6.74025E-06  1.05974E-05  0.00000E+00  7.64550E-06  4.27821E-04
       626  1.00000E+01  5.55238E+03  0.00000E+00 -6.57985E-06  6.73920E-06  1.05969E-05  0.00000E+00  7.64522E-06  4.28586E-04
       627  1.00000E+01  5.56238E+03  0.00000E+00 -6.57912E-06  6.73815E-06  1.05964E-05  0.00000E+00  7.64494E-06  4.29350E-04
       628  1.00000E+01  5.57238E+03  0.00000E+00 -6.57838E-06  6.73709E-06  1.05959E-05  0.00000E+00  7.64465E-06  4.30115E-04
       629  1.00000E+01  5.58238E+03  0.00000E+00 -6.57764E-06  6.73604E-06  1.05955E-05  0.00000E+00  7.64437E-06  4.30879E-04
       630  1.00000E+01  5.59238E+03  0.00000E+00 -6.57690E-06  6.73499E-06  1.05950E-05  0.00000E+00  7.64409E-06  4.31643E-04
       631  1.00000E+01  5.60238E+03  0.00000E+00 -6.57616E-06  6.73393E-06  1.05945E-05  0.00000E+00  7.64380E-06  4.32408E-04
       632  1.00000E+01  5.61238E+03  0.00000E+00 -6.57542E-06  6.73288E-06  1.05940E-05  0.00000E+00  7.64352E-06  4.33172E-04
       633  1.00000E+01  5.62238E+03  0.00000E+00 -6.57468E-06  6.73182E-06  1.05935E-05  0.00000E+00  7.64324E-06  4.33936E-04
       634  1.00000E+01  5.63238E+03  0.00000E+00 -6.57394E-06  6.73077E-06  1.05931E-05  0.00000E+00  7.64295E-06  4.34701E-04
       635  1.00000E+01  5.64238E+03  0.00000E+00 -6.57321E-06  6.72972E-06  1.05926E-05  0.00000E+00  7.64267E-06  4.35465E-04
       636  1.00000E+01  5.65238E+03  0.00000E+00 -6.57247E-06  6.72866E-06  1.05921E-05  0.00000E+00  7.64239E-06  4.36229E-04
       637  1.00000E+01  5.66238E+03  0.00000E+00 -6.57173E-06  6.72761E-06  1.05916E-05  0.00000E+00  7.64211E-06  4.36993E-04
       638  1.00000E+01  5.67238E+03  0.00000E+00 -6.57099E-06  6.72656E-06  1.05911E-05  0.00000E+00  7.64183E-06  4.37758E-04
       639  1.00000E+01  5.68238E+03  0.00000E+00 -6.57025E-06  6.72550E-06  1.05907E-05  0.00000E+00  7.64154E-06  4.38522E-04
       640  1.00000E+01  5.69238E+03  0.00000E+00 -6.56951E-06  6.72445E-06  1.05902E-05  0.00000E+00  7.64126E-06  4.39286E-04
       641  1.00000E+01  5.70238E+03  0.00000E+00 -6.56878E-06  6.72340E-06  1.05897E-05  0.00000E+00  7.64098E-06  4.40050E-04
       642  1.00000E+01  5.71238E+03  0.00000E+00 -6.56804E-06  6.72234E-06  1.05892E-05  0.00000E+00  7.64070E-06  4.40814E-04
       643  1.00000E+01  5.72238E+03  0.00000E+00 -6.56730E-06  6.72129E-06  1.05887E-05  0.00000E+00  7.64042E-06  4.41578E-04
       644  1.00000E+01  5.73238E+03  0.00000E+00 -6.56656E-06  6.72024E-06  1.05883E-05  0.00000E+00  7.64014E-06  4.42342E-04
       645  1.00000E+01  5.74238E+03  0.00000E+00 -6.56582E-06  6.71918E-06  1.05878E-05  0.00000E+00  7.63986E-06  4.43106E-04
       646  1.00000E+01  5.75238E+03  0.00000E+00 -6.56509E-06  6.71813E-06  1.05873E-05  0.00000E+00  7.63958E-06  4.43870E-04
       647  1.00000E+01  5.76238E+03  0.00000E+00 -6.56435E-06  6.71708E-06  1.05868E-05  0.00000E+00  7.63930E-06  4.44634E-04
       648  1.00000E+01  5.77238E+03  0.00000E+00 -6.56361E-06  6.71603E-06  1.05863E-05  0.00000E+00  7.63902E-06  4.45398E-04
       649  1.00000E+01  5.78238E+03  0.00000E+00 -6.56287E-06  6.71497E-06  1.05859E-05  0.00000E+00  7.63873E-06  4.46162E-04
       650  1.00000E+01  5.79238E+03  0.00000E+00 -6.56213E-06  6.71392E-06  1.05854E-05  0.00000E+00  7.63845E-06  4.46926E-04
       651  1.00000E+01  5.80238E+03  0.00000E+00 -6.56140E-06  6.71287E-06  1.05849E-05  0.00000E+00  7.63817E-06  4.47689E-04
       652  1.00000E+01  5.81238E+03  0.00000E+00 -6.56066E-06  6.71182E-06  1.05844E-05  0.00000E+00  7.63789E-06  4.48453E-04
       653  1.00000E+01  5.82238E+03  0.00000E+00 -6.55992E-06  6.71076E-06  1.05839E-05  0.00000E+00  7.63761E-06  4.49217E-04
       654  1.00000E+01  5.83238E+03  0.00000E+00 -6.55918E-06  6.70971E-06  1.05835E-05  0.00000E+00  7.63733E-06  4.49981E-04
       655  1.00000E+01  5.84238E+03  0.00000E+00 -6.55845E-06  6.70866E-06  1.05830E-05  0.00000E+00  7.63706E-06  4.50744E-04
       656  1.00000E+01  5.85238E+03  0.00000E+00 -6.55771E-06  6.70761E-06  1.05825E-05  0.00000E+00  7.63678E-06  4.51508E-04
       657  1.00000E+01  5.86238E+03  0.00000E+00 -6.55697E-06  6.70655E-06  1.05820E-05  0.00000E+00  7.63650E-06  4.52272E-04
       658  1.00000E+01  5.87238E+03  0.00000E+00 -6.55623E-06  6.70550E-06  1.05815E-05  0.00000E+00  7.63622E-06  4.53035E-04
       659  1.00000E+01  5.88238E+03  0.00000E+00 -6.55550E-06  6.70445E-06  1.05811E-05  0.00000E+00  7.63594E-06  4.53799E-04
       660  1.00000E+01  5.89238E+03  0.00000E+00 -6.55476E-06  6.70340E-06  1.05806E-05  0.00000E+00  7.63566E-06  4.54563E-04
       661  1.00000E+01  5.90238E+03  0.00000E+00 -6.55402E-06  6.70235E-06  1.05801E-05  0.00000E+00  7.63538E-06  4.55326E-04
       662  1.00000E+01  5.91238E+03  0.00000E+00 -6.55328E-06  6.70129E-06  1.05796E-05  0.00000E+00  7.63510E-06  4.56090E-04
       663  1.00000E+01  5.92238E+03  0.00000E+00 -6.55255E-06  6.70024E-06  1.05792E-05  0.00000E+00  7.63482E-06  4.56853E-04
       664  1.00000E+01  5.93238E+03  0.00000E+00 -6.55181E-06  6.69919E-06  1.05787E-05  0.00000E+00  7.63454E-06  4.57617E-04
       665  1.00000E+01  5.94238E+03  0.00000E+00 -6.55107E-06  6.69814E-06  1.05782E-05  0.00000E+00  7.63426E-06  4.58380E-04
       666  1.00000E+01  5.95238E+03  0.00000E+00 -6.55034E-06  6.69709E-06  1.05777E-05  0.00000E+00  7.63399E-06  4.59143E-04
       667  1.00000E+01  5.96238E+03  0.00000E+00 -6.54960E-06  6.69603E-06  1.05772E-05  0.00000E+00  7.63371E-06  4.59907E-04
       668  1.00000E+01  5.97238E+03  0.00000E+00 -6.54886E-06  6.69498E-06  1.05768E-05  0.00000E+00  7.63343E-06  4.60670E-04
       669  1.00000E+01  5.98238E+03  0.00000E+00 -6.54813E-06  6.69393E-06  1.05763E-05  0.00000E+00  7.63315E-06  4.61433E-04
       670  1.00000E+01  5.99238E+03  0.00000E+00 -6.54739E-06  6.69288E-06  1.05758E-05  0.00000E+00  7.63287E-06  4.62197E-04
       671  1.00000E+01  6.00238E+03  0.00000E+00 -6.54665E-06  6.69183E-06  1.05753E-05  0.00000E+00  7.63260E-06  4.62960E-04
       672  1.00000E+01  6.01238E+03  0.00000E+00 -6.54592E-06  6.69078E-06  1.05748E-05  0.00000E+00  7.63232E-06  4.63723E-04
       673  1.00000E+01  6.02238E+03  0.00000E+00 -6.54518E-06  6.68973E-06  1.05744E-05  0.00000E+00  7.63204E-06  4.64486E-04
       674  1.00000E+01  6.03238E+03  0.00000E+00 -6.54444E-06  6.68868E-06  1.05739E-05  0.00000E+00  7.63176E-06  4.65250E-04
       675  1.00000E+01  6.04238E+03  0.00000E+00 -6.54371E-06  6.68763E-06  1.05734E-05  0.00000E+00  7.63149E-06  4.66013E-04
       676  1.00000E+01  6.05238E+03  0.00000E+00 -6.54297E-06  6.68657E-06  1.05729E-05  0.00000E+00  7.63121E-06  4.66776E-04
       677  1.00000E+01  6.06238E+03  0.00000E+00 -6.54223E-06  6.68552E-06  1.05724E-05  0.00000E+00  7.63093E-06  4.67539E-04
       678  1.00000E+01  6.07238E+03  0.00000E+00 -6.54150E-06  6.68447E-06  1.05720E-05  0.00000E+00  7.63065E-06  4.68302E-04
       679  1.00000E+01  6.08238E+03  0.00000E+00 -6.54076E-06  6.68342E-06  1.05715E-05  0.00000E+00  7.63038E-06  4.69065E-04
       680  1.00000E+01  6.09238E+03  0.00000E+00 -6.54003E-06  6.68237E-06  1.05710E-05  0.00000E+00  7.63010E-06  4.69828E-04
       681  1.00000E+01  6.10238E+03  0.00000E+00 -6.53929E-06  6.68132E-06  1.05705E-05  0.00000E+00  7.62982E-06  4.70591E-04
       682  1.00000E+01  6.11238E+03  0.00000E+00 -6.53855E-06  6.68027E-06  1.05701E-05  0.00000E+00  7.62954E-06  4.71354E-04
       683  1.00000E+01  6.12238E+03  0.00000E+00 -6.53782E-06  6.67922E-06  1.05696E-05  0.00000E+00  7.62927E-06  4.72117E-04
       684  1.00000E+01  6.13238E+03  0.00000E+00 -6.53708E-06  6.67817E-06  1.05691E-05  0.00000E+00  7.62899E-06  4.72880E-04
       685  1.00000E+01  6.14238E+03  0.00000E+00 -6.53635E-06  6.67712E-06  1.05686E-05  0.00000E+00  7.62871E-06  4.73643E-04
       686  1.00000E+01  6.15238E+03  0.00000E+00 -6.53561E-06  6.67607E-06  1.05681E-05  0.00000E+00  7.62844E-06  4.74406E-04
       687  1.00000E+01  6.16238E+03  0.00000E+00 -6.53488E-06  6.67502E-06  1.05677E-05  0.00000E+00  7.62816E-06  4.75168E-04
       688  1.00000E+01  6.17238E+03  0.00000E+00 -6.53414E-06  6.67397E-06  1.05672E-05  0.00000E+00  7.62789E-06  4.75931E-04
       689  1.00000E+01  6.18238E+03  0.00000E+00 -6.53340E-06  6.67292E-06  1.05667E-05  0.00000E+00  7.62761E-06  4.76694E-04
       690  1.00000E+01  6.19238E+03  0.00000E+00 -6.53267E-06  6.67187E-06  1.05662E-05  0.00000E+00  7.62733E-06  4.77457E-04
       691  1.00000E+01  6.20238E+03  0.00000E+00 -6.53193E-06  6.67082E-06  1.05657E-05  0.00000E+00  7.62706E-06  4.78219E-04
       692  1.00000E+01  6.21238E+03  0.00000E+00 -6.53120E-06  6.66977E-06  1.05653E-05  0.00000E+00  7.62678E-06  4.78982E-04
       693  1.00000E+01  6.22238E+03  0.00000E+00 -6.53046E-06  6.66872E-06  1.05648E-05  0.00000E+00  7.62650E-06  4.79745E-04
       694  1.00000E+01  6.23238E+03  0.00000E+00 -6.52973E-06  6.66767E-06  1.05643E-05  0.00000E+00  7.62623E-06  4.80507E-04
       695  1.00000E+01  6.24238E+03  0.00000E+00 -6.52899E-06  6.66662E-06  1.05638E-05  0.00000E+00  7.62595E-06  4.81270E-04
       696  1.00000E+01  6.25238E+03  0.00000E+00 -6.52826E-06  6.66557E-06  1.05634E-05  0.00000E+00  7.62568E-06  4.82032E-04
       697  1.00000E+01  6.26238E+03  0.00000E+00 -6.52752E-06  6.66453E-06  1.05629E-05  0.00000E+00  7.62540E-06  4.82795E-04
       698  1.00000E+01  6.27238E+03  0.00000E+00 -6.52679E-06  6.66348E-06  1.05624E-05  0.00000E+00  7.62513E-06  4.83557E-04
       699  1.00000E+01  6.28238E+03  0.00000E+00 -6.52605E-06  6.66243E-06  1.05619E-05  0.00000E+00  7.62485E-06  4.84320E-04
       700  1.00000E+01  6.29238E+03  0.00000E+00 -6.52532E-06  6.66138E-06  1.05614E-05  0.00000E+00  7.62969E-06  4.85083E-04
       701  1.00000E+01  6.30238E+03  0.00000E+00 -6.52458E-06  6.66033E-06  1.05610E-05  0.00000E+00  7.62939E-06  4.85846E-04
       702  1.00000E+01  6.31238E+03  0.00000E+00 -6.52385E-06  6.65928E-06  1.05605E-05  0.00000E+00  7.62908E-06  4.86609E-04
       703  1.00000E+01  6.32238E+03  0.00000E+00 -6.52311E-06  6.65823E-06  1.05600E-05  0.00000E+00  7.62878E-06  4.87372E-04
       704  1.00000E+01  6.33238E+03  0.00000E+00 -6.52238E-06  6.65718E-06  1.05595E-05  0.00000E+00  7.62848E-06  4.88135E-04
       705  1.00000E+01  6.34238E+03  0.00000E+00 -6.52164E-06  6.65613E-06  1.05591E-05  0.00000E+00  7.62819E-06  4.88897E-04
       706  1.00000E+01  6.35238E+03  0.00000E+00 -6.52091E-06  6.65509E-06  1.05586E-05  0.00000E+00  7.62789E-06  4.89660E-04
       707  1.00000E+01  6.36238E+03  0.00000E+00 -6.52018E-06  6.65404E-06  1.05581E-05  0.00000E+00  7.62760E-06  4.90423E-04
       708  1.00000E+01  6.37238E+03  0.00000E+00 -6.51944E-06  6.65299E-06  1.05576E-05  0.00000E+00  7.62732E-06  4.91186E-04
       709  1.00000E+01  6.38238E+03  0.00000E+00 -6.51871E-06  6.65194E-06  1.05571E-05  0.00000E+00  7.62703E-06  4.91948E-04
       710  1.00000E+01  6.39238E+03  0.00000E+00 -6.51797E-06  6.65089E-06  1.05567E-05  0.00000E+00  7.62674E-06  4.92711E-04
       711  1.00000E+01  6.40238E+03  0.00000E+00 -6.51724E-06  6.64985E-06  1.05562E-05  0.00000E+00  7.62646E-06  4.93474E-04
       712  1.00000E+01  6.41238E+03  0.00000E+00 -6.51651E-06  6.64880E-06  1.05557E-05  0.00000E+00  7.62617E-06  4.94236E-04
       713  1.00000E+01  6.42238E+03  0.00000E+00 -6.51577E-06  6.64775E-06  1.05552E-05  0.00000E+00  7.62589E-06  4.94999E-04
       714  1.00000E+01  6.43238E+03  0.00000E+00 -6.51504E-06  6.64670E-06  1.05548E-05  0.00000E+00  7.62560E-06  4.95761E-04
       715  1.00000E+01  6.44238E+03  0.00000E+00 -6.51430E-06  6.64566E-06  1.05543E-05  0.00000E+00  7.62532E-06  4.96524E-04
       716  1.00000E+01  6.45238E+03  0.00000E+00 -6.51357E-06  6.64461E-06  1.05538E-05  0.00000E+00  7.62504E-06  4.97286E-04
       717  1.00000E+01  6.46238E+03  0.00000E+00 -6.51284E-06  6.64356E-06  1.05533E-05  0.00000E+00  7.62476E-06  4.98049E-04
       718  1.00000E+01  6.47238E+03  0.00000E+00 -6.51210E-06  6.64252E-06  1.05528E-05  0.00000E+00  7.62448E-06  4.98811E-04
       719  1.00000E+01  6.48238E+03  0.00000E+00 -6.51137E-06  6.64147E-06  1.05524E-05  0.00000E+00  7.62420E-06  4.99574E-04
       720  1.00000E+01  6.49238E+03  0.00000E+00 -6.51064E-06  6.64042E-06  1.05519E-05  0.00000E+00  7.62391E-06  5.00336E-04
       721  1.00000E+01  6.50238E+03  0.00000E+00 -6.50990E-06  6.63937E-06  1.05514E-05  0.00000E+00  7.62363E-06  5.01099E-04
       722  1.00000E+01  6.51238E+03  0.00000E+00 -6.50917E-06  6.63833E-06  1.05509E-05  0.00000E+00  7.62335E-06  5.01861E-04
       723  1.00000E+01  6.52238E+03  0.00000E+00 -6.50844E-06  6.63728E-06  1.05505E-05  0.00000E+00  7.62307E-06  5.02623E-04
       724  1.00000E+01  6.53238E+03  0.00000E+00 -6.50770E-06  6.63623E-06  1.05500E-05  0.00000E+00  7.62279E-06  5.03385E-04
       725  1.00000E+01  6.54238E+03  0.00000E+00 -6.50697E-06  6.63519E-06  1.05495E-05  0.00000E+00  7.62251E-06  5.04148E-04
       726  1.00000E+01  6.55238E+03  0.00000E+00 -6.50624E-06  6.63414E-06  1.05490E-05  0.00000E+00  7.62223E-06  5.04910E-04
       727  1.00000E+01  6.56238E+03  0.00000E+00 -6.50551E-06  6.63310E-06  1.05486E-05  0.00000E+00  7.62196E-06  5.05672E-04
       728  1.00000E+01  6.57238E+03  0.00000E+00 -6.50477E-06  6.63205E-06  1.05481E-05  0.00000E+00  7.62168E-06  5.06434E-04
       729  1.00000E+01  6.58238E+03  0.00000E+00 -6.50404E-06  6.63100E-06  1.05476E-05  0.00000E+00  7.62140E-06  5.07196E-04
       730  1.00000E+01  6.59238E+03  0.00000E+00 -6.50331E-06  6.62996E-06  1.05471E-05  0.00000E+00  7.62112E-06  5.07959E-04
       731  1.00000E+01  6.60238E+03  0.00000E+00 -6.50257E-06  6.62891E-06  1.05466E-05  0.00000E+00  7.62084E-06  5.08721E-04
       732  1.00000E+01  6.61238E+03  0.00000E+00 -6.50184E-06  6.62787E-06  1.05462E-05  0.00000E+00  7.62056E-06  5.09483E-04
       733  1.00000E+01  6.62238E+03  0.00000E+00 -6.50111E-06  6.62682E-06  1.05457E-05  0.00000E+00  7.62028E-06  5.10245E-04
       734  1.00000E+01  6.63238E+03  0.00000E+00 -6.50038E-06  6.62578E-06  1.05452E-05  0.00000E+00  7.62000E-06  5.11007E-04
       735  1.00000E+01  6.64238E+03  0.00000E+00 -6.49945E-06  6.62475E-06  1.05448E-05  0.00000E+00  7.61982E-06  5.11769E-04
       736  1.00000E+01  6.65238E+03  0.00000E+00 -6.49838E-06  6.62374E-06  1.05443E-05  0.00000E+00  7.61971E-06  5.12531E-04
       737  1.00000E+01  6.66238E+03  0.00000E+00 -6.49737E-06  6.62276E-06  1.05439E-05  0.00000E+00  7.61956E-06  5.13293E-04
       738  1.00000E+01  6.67238E+03  0.00000E+00 -6.49641E-06  6.62180E-06  1.05434E-05  0.00000E+00  7.61940E-06  5.14055E-04
       739  1.00000E+01  6.68238E+03  0.00000E+00 -6.49548E-06  6.62085E-06  1.05430E-05  0.00000E+00  7.61923E-06  5.14816E-04
       740  1.00000E+01  6.69238E+03  0.00000E+00 -6.49458E-06  6.61991E-06  1.05426E-05  0.00000E+00  7.61905E-06  5.15578E-04
       741  1.00000E+01  6.70238E+03  0.00000E+00 -6.49370E-06  6.61898E-06  1.05422E-05  0.00000E+00  7.61886E-06  5.16340E-04
       742  1.00000E+01  6.71238E+03  0.00000E+00 -6.49283E-06  6.61805E-06  1.05417E-05  0.00000E+00  7.61868E-06  5.17102E-04
       743  1.00000E+01  6.72238E+03  0.00000E+00 -6.49198E-06  6.61713E-06  1.05413E-05  0.00000E+00  7.61849E-06  5.17864E-04
       744  1.00000E+01  6.73238E+03  0.00000E+00 -6.49114E-06  6.61622E-06  1.05409E-05  0.00000E+00  7.61829E-06  5.18626E-04
       745  1.00000E+01  6.74238E+03  0.00000E+00 -6.49031E-06  6.61531E-06  1.05405E-05  0.00000E+00  7.61809E-06  5.19388E-04
       746  1.00000E+01  6.75238E+03  0.00000E+00 -6.48948E-06  6.61440E-06  1.05401E-05  0.00000E+00  7.61790E-06  5.20149E-04
       747  1.00000E+01  6.76238E+03  0.00000E+00 -6.48866E-06  6.61349E-06  1.05397E-05  0.00000E+00  7.61770E-06  5.20911E-04
       748  1.00000E+01  6.77238E+03  0.00000E+00 -6.48785E-06  6.61259E-06  1.05393E-05  0.00000E+00  7.61750E-06  5.21673E-04
       749  1.00000E+01  6.78238E+03  0.00000E+00 -6.48703E-06  6.61168E-06  1.05389E-05  0.00000E+00  7.61729E-06  5.22435E-04
       750  1.00000E+01  6.79238E+03  0.00000E+00 -6.48622E-06  6.61078E-06  1.05385E-05  0.00000E+00  7.61709E-06  5.23196E-04
       751  1.00000E+01  6.80238E+03  0.00000E+00 -6.48541E-06  6.60988E-06  1.05381E-05  0.00000E+00  7.61689E-06  5.23958E-04
       752  1.00000E+01  6.81238E+03  0.00000E+00 -6.48461E-06  6.60898E-06  1.05377E-05  0.00000E+00  7.61668E-06  5.24720E-04
       753  1.00000E+01  6.82238E+03  0.00000E+00 -6.48381E-06  6.60807E-06  1.05373E-05  0.00000E+00  7.61648E-06  5.25481E-04
       754  1.00000E+01  6.83238E+03  0.00000E+00 -6.48300E-06  6.60717E-06  1.05369E-05  0.00000E+00  7.61627E-06  5.26243E-04
       755  1.00000E+01  6.84238E+03  0.00000E+00 -6.48220E-06  6.60627E-06  1.05365E-05  0.00000E+00  7.61606E-06  5.27005E-04
       756  1.00000E+01  6.85238E+03  0.00000E+00 -6.48140E-06  6.60537E-06  1.05361E-05  0.00000E+00  7.61586E-06  5.27766E-04
       757  1.00000E+01  6.86238E+03  0.00000E+00 -6.48061E-06  6.60447E-06  1.05357E-05  0.00000E+00  7.61565E-06  5.28528E-04
       758  1.00000E+01  6.87238E+03  0.00000E+00 -6.47981E-06  6.60357E-06  1.05354E-05  0.00000E+00  7.61544E-06  5.29289E-04
       759  1.00000E+01  6.88238E+03  0.00000E+00 -6.47901E-06  6.60267E-06  1.05350E-05  0.00000E+00  7.61523E-06  5.30051E-04
       760  1.00000E+01  6.89238E+03  0.00000E+00 -6.47822E-06  6.60176E-06  1.05346E-05  0.00000E+00  7.61503E-06  5.30812E-04
       761  1.00000E+01  6.90238E+03  0.00000E+00 -6.47742E-06  6.60086E-06  1.05342E-05  0.00000E+00  7.61482E-06  5.31574E-04
       762  1.00000E+01  6.91238E+03  0.00000E+00 -6.47663E-06  6.59996E-06  1.05338E-05  0.00000E+00  7.61461E-06  5.32335E-04
       763  1.00000E+01  6.92238E+03  0.00000E+00 -6.47583E-06  6.59906E-06  1.05334E-05  0.00000E+00  7.61440E-06  5.33097E-04
       764  1.00000E+01  6.93238E+03  0.00000E+00 -6.47504E-06  6.59816E-06  1.05330E-05  0.00000E+00  7.61419E-06  5.33858E-04
       765  1.00000E+01  6.94238E+03  0.00000E+00 -6.47425E-06  6.59725E-06  1.05326E-05  0.00000E+00  7.61398E-06  5.34620E-04
       766  1.00000E+01  6.95238E+03  0.00000E+00 -6.47345E-06  6.59635E-06  1.05322E-05  0.00000E+00  7.61377E-06  5.35381E-04
       767  1.00000E+01  6.96238E+03  0.00000E+00 -6.47266E-06  6.59545E-06  1.05318E-05  0.00000E+00  7.61356E-06  5.36142E-04
       768  1.00000E+01  6.97238E+03  0.00000E+00 -6.47187E-06  6.59455E-06  1.05314E-05  0.00000E+00  7.61335E-06  5.36904E-04
       769  1.00000E+01  6.98238E+03  0.00000E+00 -6.47108E-06  6.59365E-06  1.05310E-05  0.00000E+00  7.61314E-06  5.37665E-04
       770  1.00000E+01  6.99238E+03  0.00000E+00 -6.47029E-06  6.59274E-06  1.05306E-05  0.00000E+00  7.61293E-06  5.38426E-04
       771  1.00000E+01  7.00238E+03  0.00000E+00 -6.46950E-06  6.59184E-06  1.05302E-05  0.00000E+00  7.61272E-06  5.39187E-04
       772  1.00000E+01  7.01238E+03  0.00000E+00 -6.46871E-06  6.59094E-06  1.05298E-05  0.00000E+00  7.61252E-06  5.39949E-04
       773  1.00000E+01  7.02238E+03  0.00000E+00 -6.46791E-06  6.59004E-06  1.05294E-05  0.00000E+00  7.61231E-06  5.40710E-04
       774  1.00000E+01  7.03238E+03  0.00000E+00 -6.46712E-06  6.58913E-06  1.05290E-05  0.00000E+00  7.61210E-06  5.41471E-04
       775  1.00000E+01  7.04238E+03  0.00000E+00 -6.46634E-06  6.58823E-06  1.05286E-05  0.00000E+00  7.61189E-06  5.42232E-04
       776  1.00000E+01  7.05238E+03  0.00000E+00 -6.46555E-06  6.58733E-06  1.05282E-05  0.00000E+00  7.61168E-06  5.42994E-04
       777  1.00000E+01  7.06238E+03  0.00000E+00 -6.46476E-06  6.58643E-06  1.05278E-05  0.00000E+00  7.61147E-06  5.43755E-04
       778  1.00000E+01  7.07238E+03  0.00000E+00 -6.46397E-06  6.58552E-06  1.05274E-05  0.00000E+00  7.61126E-06  5.44516E-04
       779  1.00000E+01  7.08238E+03  0.00000E+00 -6.46318E-06  6.58462E-06  1.05270E-05  0.00000E+00  7.61105E-06  5.45277E-04
       780  1.00000E+01  7.09238E+03  0.00000E+00 -6.46239E-06  6.58372E-06  1.05266E-05  0.00000E+00  7.61084E-06  5.46038E-04
       781  1.00000E+01  7.10238E+03  0.00000E+00 -6.46160E-06  6.58282E-06  1.05262E-05  0.00000E+00  7.61063E-06  5.46799E-04
       782  1.00000E+01  7.11238E+03  0.00000E+00 -6.46081E-06  6.58191E-06  1.05258E-05  0.00000E+00  7.61042E-06  5.47560E-04
       783  1.00000E+01  7.12238E+03  0.00000E+00 -6.46003E-06  6.58101E-06  1.05254E-05  0.00000E+00  7.61021E-06  5.48321E-04
       784  1.00000E+01  7.13238E+03  0.00000E+00 -6.45924E-06  6.58011E-06  1.05250E-05  0.00000E+00  7.61000E-06  5.49082E-04
       785  1.00000E+01  7.14238E+03  0.00000E+00 -6.45845E-06  6.57921E-06  1.05246E-05  0.00000E+00  7.60979E-06  5.49843E-04
       786  1.00000E+01  7.15238E+03  0.00000E+00 -6.45766E-06  6.57831E-06  1.05242E-05  0.00000E+00  7.60958E-06  5.50604E-04
       787  1.00000E+01  7.16238E+03  0.00000E+00 -6.45688E-06  6.57740E-06  1.05238E-05  0.00000E+00  7.60938E-06  5.51365E-04
       788  1.00000E+01  7.17238E+03  0.00000E+00 -6.45609E-06  6.57650E-06  1.05234E-05  0.00000E+00  7.60917E-06  5.52126E-04
       789  1.00000E+01  7.18238E+03  0.00000E+00 -6.45530E-06  6.57560E-06  1.05230E-05  0.00000E+00  7.60896E-06  5.52887E-04
       790  1.00000E+01  7.19238E+03  0.00000E+00 -6.45452E-06  6.57470E-06  1.05226E-05  0.00000E+00  7.60875E-06  5.53648E-04
       791  1.00000E+01  7.20238E+03  0.00000E+00 -6.45373E-06  6.57380E-06  1.05222E-05  0.00000E+00  7.60854E-06  5.54409E-04
       792  1.00000E+01  7.21238E+03  0.00000E+00 -6.45294E-06  6.57290E-06  1.05218E-05  0.00000E+00  7.60833E-06  5.55169E-04
       793  1.00000E+01  7.22238E+03  0.00000E+00 -6.45216E-06  6.57200E-06  1.05214E-05  0.00000E+00  7.60812E-06  5.55930E-04
       794  1.00000E+01  7.23238E+03  0.00000E+00 -6.45137E-06  6.57109E-06  1.05210E-05  0.00000E+00  7.60792E-06  5.56691E-04
       795  1.00000E+01  7.24238E+03  0.00000E+00 -6.45058E-06  6.57019E-06  1.05206E-05  0.00000E+00  7.60771E-06  5.57452E-04
       796  1.00000E+01  7.25238E+03  0.00000E+00 -6.44980E-06  6.56929E-06  1.05203E-05  0.00000E+00  7.60750E-06  5.58212E-04
       797  1.00000E+01  7.26238E+03  0.00000E+00 -6.44901E-06  6.56839E-06  1.05199E-05  0.00000E+00  7.60729E-06  5.58973E-04
       798  1.00000E+01  7.27238E+03  0.00000E+00 -6.44823E-06  6.56749E-06  1.05195E-05  0.00000E+00  7.60708E-06  5.59734E-04
       799  1.00000E+01  7.28238E+03  0.00000E+00 -6.44744E-06  6.56659E-06  1.05191E-05  0.00000E+00  7.60688E-06  5.60495E-04
       800  1.00000E+01  7.29238E+03  0.00000E+00 -6.44666E-06  6.56569E-06  1.05187E-05  0.00000E+00  7.60667E-06  5.61255E-04
       801  1.00000E+01  7.30238E+03  0.00000E+00 -6.44587E-06  6.56479E-06  1.05183E-05  0.00000E+00  7.60646E-06  5.62016E-04
       802  1.00000E+01  7.31238E+03  0.00000E+00 -6.44509E-06  6.56389E-06  1.05179E-05  0.00000E+00  7.60625E-06  5.62777E-04
       803  1.00000E+01  7.32238E+03  0.00000E+00 -6.44430E-06  6.56299E-06  1.05175E-05  0.00000E+00  7.60605E-06  5.63537E-04
       804  1.00000E+01  7.33238E+03  0.00000E+00 -6.44352E-06  6.56209E-06  1.05171E-05  0.00000E+00  7.60584E-06  5.64298E-04
       805  1.00000E+01  7.34238E+03  0.00000E+00 -6.44274E-06  6.56119E-06  1.05167E-05  0.00000E+00  7.60563E-06  5.65058E-04
       806  1.00000E+01  7.35238E+03  0.00000E+00 -6.44195E-06  6.56029E-06  1.05163E-05  0.00000E+00  7.60542E-06  5.65819E-04
       807  1.00000E+01  7.36238E+03  0.00000E+00 -6.44117E-06  6.55940E-06  1.05159E-05  0.00000E+00  7.60522E-06  5.66579E-04
       808  1.00000E+01  7.37238E+03  0.00000E+00 -6.44039E-06  6.55850E-06  1.05155E-05  0.00000E+00  7.60501E-06  5.67340E-04
       809  1.00000E+01  7.38238E+03  0.00000E+00 -6.43960E-06  6.55760E-06  1.05151E-05  0.00000E+00  7.60480E-06  5.68100E-04
       810  1.00000E+01  7.39238E+03  0.00000E+00 -6.43882E-06  6.55670E-06  1.05147E-05  0.00000E+00  7.60460E-06  5.68861E-04
       811  1.00000E+01  7.40238E+03  0.00000E+00 -6.43804E-06  6.55580E-06  1.05143E-05  0.00000E+00  7.60439E-06  5.69621E-04
       812  1.00000E+01  7.41238E+03  0.00000E+00 -6.43725E-06  6.55490E-06  1.05139E-05  0.00000E+00  7.60418E-06  5.70382E-04
       813  1.00000E+01  7.42238E+03  0.00000E+00 -6.43647E-06  6.55401E-06  1.05135E-05  0.00000E+00  7.60398E-06  5.71142E-04
       814  1.00000E+01  7.43238E+03  0.00000E+00 -6.43569E-06  6.55311E-06  1.05131E-05  0.00000E+00  7.60377E-06  5.71902E-04
       815  1.00000E+01  7.44238E+03  0.00000E+00 -6.43491E-06  6.55221E-06  1.05127E-05  0.00000E+00  7.60357E-06  5.72663E-04
       816  1.00000E+01  7.45238E+03  0.00000E+00 -6.43412E-06  6.55131E-06  1.05123E-05  0.00000E+00  7.60336E-06  5.73423E-04
       817  1.00000E+01  7.46238E+03  0.00000E+00 -6.43334E-06  6.55042E-06  1.05119E-05  0.00000E+00  7.60315E-06  5.74183E-04
       818  1.00000E+01  7.47238E+03  0.00000E+00 -6.43256E-06  6.54952E-06  1.05115E-05  0.00000E+00  7.60295E-06  5.74944E-04
       819  1.00000E+01  7.48238E+03  0.00000E+00 -6.43178E-06  6.54862E-06  1.05111E-05  0.00000E+00  7.60274E-06  5.75704E-04
       820  1.00000E+01  7.49238E+03  0.00000E+00 -6.43100E-06  6.54772E-06  1.05107E-05  0.00000E+00  7.60254E-06  5.76464E-04
       821  1.00000E+01  7.50238E+03  0.00000E+00 -6.43021E-06  6.54683E-06  1.05103E-05  0.00000E+00  7.60233E-06  5.77225E-04
       822  1.00000E+01  7.51238E+03  0.00000E+00 -6.42943E-06  6.54593E-06  1.05100E-05  0.00000E+00  7.60213E-06  5.77985E-04
       823  1.00000E+01  7.52238E+03  0.00000E+00 -6.42865E-06  6.54503E-06  1.05096E-05  0.00000E+00  7.60192E-06  5.78745E-04
       824  1.00000E+01  7.53238E+03  0.00000E+00 -6.42787E-06  6.54414E-06  1.05092E-05  0.00000E+00  7.60172E-06  5.79505E-04
       825  1.00000E+01  7.54238E+03  0.00000E+00 -6.42709E-06  6.54324E-06  1.05088E-05  0.00000E+00  7.60151E-06  5.80265E-04
       826  1.00000E+01  7.55238E+03  0.00000E+00 -6.42631E-06  6.54235E-06  1.05084E-05  0.00000E+00  7.60131E-06  5.81025E-04
       827  1.00000E+01  7.56238E+03  0.00000E+00 -6.42553E-06  6.54145E-06  1.05080E-05  0.00000E+00  7.60110E-06  5.81785E-04
       828  1.00000E+01  7.57238E+03  0.00000E+00 -6.42475E-06  6.54056E-06  1.05076E-05  0.00000E+00  7.60090E-06  5.82546E-04
       829  1.00000E+01  7.58238E+03  0.00000E+00 -6.42397E-06  6.53966E-06  1.05072E-05  0.00000E+00  7.60069E-06  5.83306E-04
       830  1.00000E+01  7.59238E+03  0.00000E+00 -6.42319E-06  6.53877E-06  1.05068E-05  0.00000E+00  7.60049E-06  5.84066E-04
       831  1.00000E+01  7.60238E+03  0.00000E+00 -6.42241E-06  6.53787E-06  1.05064E-05  0.00000E+00  7.60029E-06  5.84826E-04
       832  1.00000E+01  7.61238E+03  0.00000E+00 -6.42163E-06  6.53698E-06  1.05060E-05  0.00000E+00  7.60008E-06  5.85586E-04
       833  1.00000E+01  7.62238E+03  0.00000E+00 -6.42085E-06  6.53608E-06  1.05056E-05  0.00000E+00  7.59988E-06  5.86346E-04
       834  1.00000E+01  7.63238E+03  0.00000E+00 -6.42007E-06  6.53519E-06  1.05052E-05  0.00000E+00  7.59967E-06  5.87106E-04
       835  1.00000E+01  7.64238E+03  0.00000E+00 -6.41929E-06  6.53429E-06  1.05048E-05  0.00000E+00  7.59947E-06  5.87866E-04
       836  1.00000E+01  7.65238E+03  0.00000E+00 -6.41851E-06  6.53340E-06  1.05044E-05  0.00000E+00  7.59927E-06  5.88626E-04
       837  1.00000E+01  7.66238E+03  0.00000E+00 -6.41773E-06  6.53250E-06  1.05040E-05  0.00000E+00  7.59906E-06  5.89385E-04
       838  1.00000E+01  7.67238E+03  0.00000E+00 -6.41695E-06  6.53161E-06  1.05036E-05  0.00000E+00  7.59886E-06  5.90145E-04
       839  1.00000E+01  7.68238E+03  0.00000E+00 -6.41617E-06  6.53072E-06  1.05032E-05  0.00000E+00  7.59866E-06  5.90905E-04
       840  1.00000E+01  7.69238E+03  0.00000E+00 -6.41539E-06  6.52982E-06  1.05029E-05  0.00000E+00  7.59845E-06  5.91665E-04
       841  1.00000E+01  7.70238E+03  0.00000E+00 -6.41462E-06  6.52893E-06  1.05025E-05  0.00000E+00  7.59825E-06  5.92425E-04
       842  1.00000E+01  7.71238E+03  0.00000E+00 -6.41384E-06  6.52804E-06  1.05021E-05  0.00000E+00  7.59805E-06  5.93185E-04
       843  1.00000E+01  7.72238E+03  0.00000E+00 -6.41306E-06  6.52714E-06  1.05017E-05  0.00000E+00  7.59784E-06  5.93944E-04
       844  1.00000E+01  7.73238E+03  0.00000E+00 -6.41228E-06  6.52625E-06  1.05013E-05  0.00000E+00  7.59764E-06  5.94704E-04
       845  1.00000E+01  7.74238E+03  0.00000E+00 -6.41150E-06  6.52536E-06  1.05009E-05  0.00000E+00  7.59744E-06  5.95464E-04
       846  1.00000E+01  7.75238E+03  0.00000E+00 -6.41073E-06  6.52447E-06  1.05005E-05  0.00000E+00  7.59724E-06  5.96224E-04
       847  1.00000E+01  7.76238E+03  0.00000E+00 -6.40995E-06  6.52357E-06  1.05001E-05  0.00000E+00  7.59703E-06  5.96983E-04
       848  1.00000E+01  7.77238E+03  0.00000E+00 -6.40917E-06  6.52268E-06  1.04997E-05  0.00000E+00  7.59683E-06  5.97743E-04
       849  1.00000E+01  7.78238E+03  0.00000E+00 -6.40839E-06  6.52179E-06  1.04993E-05  0.00000E+00  7.59663E-06  5.98503E-04
       850  1.00000E+01  7.79238E+03  0.00000E+00 -6.40762E-06  6.52090E-06  1.04989E-05  0.00000E+00  7.59643E-06  5.99262E-04
       851  1.00000E+01  7.80238E+03  0.00000E+00 -6.40684E-06  6.52001E-06  1.04985E-05  0.00000E+00  7.59622E-06  6.00022E-04
       852  1.00000E+01  7.81238E+03  0.00000E+00 -6.40606E-06  6.51911E-06  1.04981E-05  0.00000E+00  7.59602E-06  6.00782E-04
       853  1.00000E+01  7.82238E+03  0.00000E+00 -6.40529E-06  6.51822E-06  1.04977E-05  0.00000E+00  7.59582E-06  6.01541E-04
       854  1.00000E+01  7.83238E+03  0.00000E+00 -6.40451E-06  6.51733E-06  1.04973E-05  0.00000E+00  7.59562E-06  6.02301E-04
       855  1.00000E+01  7.84238E+03  0.00000E+00 -6.40373E-06  6.51644E-06  1.04970E-05  0.00000E+00  7.59542E-06  6.03060E-04
       856  1.00000E+01  7.85238E+03  0.00000E+00 -6.40296E-06  6.51555E-06  1.04966E-05  0.00000E+00  7.59521E-06  6.03820E-04
       857  1.00000E+01  7.86238E+03  0.00000E+00 -6.40218E-06  6.51466E-06  1.04962E-05  0.00000E+00  7.59501E-06  6.04579E-04
       858  1.00000E+01  7.87238E+03  0.00000E+00 -6.40140E-06  6.51377E-06  1.04958E-05  0.00000E+00  7.59481E-06  6.05339E-04
       859  1.00000E+01  7.88238E+03  0.00000E+00 -6.40063E-06  6.51288E-06  1.04954E-05  0.00000E+00  7.59461E-06  6.06098E-04
       860  1.00000E+01  7.89238E+03  0.00000E+00 -6.39985E-06  6.51199E-06  1.04950E-05  0.00000E+00  7.59441E-06  6.06858E-04
       861  1.00000E+01  7.90238E+03  0.00000E+00 -6.39908E-06  6.51110E-06  1.04946E-05  0.00000E+00  7.59421E-06  6.07617E-04
       862  1.00000E+01  7.91238E+03  0.00000E+00 -6.39830E-06  6.51021E-06  1.04942E-05  0.00000E+00  7.59401E-06  6.08377E-04
       863  1.00000E+01  7.92238E+03  0.00000E+00 -6.39753E-06  6.50932E-06  1.04938E-05  0.00000E+00  7.59381E-06  6.09136E-04
       864  1.00000E+01  7.93238E+03  0.00000E+00 -6.39675E-06  6.50843E-06  1.04934E-05  0.00000E+00  7.59361E-06  6.09895E-04
       865  1.00000E+01  7.94238E+03  0.00000E+00 -6.39598E-06  6.50754E-06  1.04930E-05  0.00000E+00  7.59340E-06  6.10655E-04
       866  1.00000E+01  7.95238E+03  0.00000E+00 -6.39520E-06  6.50665E-06  1.04926E-05  0.00000E+00  7.59320E-06  6.11414E-04
       867  1.00000E+01  7.96238E+03  0.00000E+00 -6.39443E-06  6.50576E-06  1.04922E-05  0.00000E+00  7.59300E-06  6.12173E-04
       868  1.00000E+01  7.97238E+03  0.00000E+00 -6.39365E-06  6.50487E-06  1.04919E-05  0.00000E+00  7.59280E-06  6.12933E-04
       869  1.00000E+01  7.98238E+03  0.00000E+00 -6.39288E-06  6.50398E-06  1.04915E-05  0.00000E+00  7.60709E-06  6.13693E-04
       870  1.00000E+01  7.99238E+03  0.00000E+00 -6.39210E-06  6.50309E-06  1.04911E-05  0.00000E+00  7.60653E-06  6.14454E-04
       871  1.00000E+01  8.00238E+03  0.00000E+00 -6.39133E-06  6.50220E-06  1.04907E-05  0.00000E+00  7.60627E-06  6.15214E-04
       872  1.00000E+01  8.01238E+03  0.00000E+00 -6.39055E-06  6.50132E-06  1.04903E-05  0.00000E+00  7.60595E-06  6.15975E-04
       873  1.00000E+01  8.02238E+03  0.00000E+00 -6.38978E-06  6.50043E-06  1.04899E-05  0.00000E+00  7.60564E-06  6.16736E-04
       874  1.00000E+01  8.03238E+03  0.00000E+00 -6.38901E-06  6.49954E-06  1.04895E-05  0.00000E+00  7.60535E-06  6.17496E-04
       875  1.00000E+01  8.04238E+03  0.00000E+00 -6.38823E-06  6.49865E-06  1.04891E-05  0.00000E+00  7.60507E-06  6.18257E-04
       876  1.00000E+01  8.05238E+03  0.00000E+00 -6.38746E-06  6.49776E-06  1.04887E-05  0.00000E+00  7.60479E-06  6.19017E-04
       877  1.00000E+01  8.06238E+03  0.00000E+00 -6.38668E-06  6.49688E-06  1.04883E-05  0.00000E+00  7.60452E-06  6.19778E-04
       878  1.00000E+01  8.07238E+03  0.00000E+00 -6.38591E-06  6.49599E-06  1.04879E-05  0.00000E+00  7.60426E-06  6.20538E-04
       879  1.00000E+01  8.08238E+03  0.00000E+00 -6.38514E-06  6.49510E-06  1.04875E-05  0.00000E+00  7.60400E-06  6.21298E-04
       880  1.00000E+01  8.09238E+03  0.00000E+00 -6.38436E-06  6.49421E-06  1.04872E-05  0.00000E+00  7.60374E-06  6.22059E-04
       881  1.00000E+01  8.10238E+03  0.00000E+00 -6.38359E-06  6.49333E-06  1.04868E-05  0.00000E+00  7.60349E-06  6.22819E-04
       882  1.00000E+01  8.11238E+03  0.00000E+00 -6.38282E-06  6.49244E-06  1.04864E-05  0.00000E+00  7.60325E-06  6.23580E-04
       883  1.00000E+01  8.12238E+03  0.00000E+00 -6.38205E-06  6.49155E-06  1.04860E-05  0.00000E+00  7.60300E-06  6.24340E-04
       884  1.00000E+01  8.13238E+03  0.00000E+00 -6.38127E-06  6.49067E-06  1.04856E-05  0.00000E+00  7.60276E-06  6.25100E-04
       885  1.00000E+01  8.14238E+03  0.00000E+00 -6.38050E-06  6.48978E-06  1.04852E-05  0.00000E+00  7.60252E-06  6.25860E-04
       886  1.00000E+01  8.15238E+03  0.00000E+00 -6.37973E-06  6.48889E-06  1.04848E-05  0.00000E+00  7.60229E-06  6.26621E-04
       887  1.00000E+01  8.16238E+03  0.00000E+00 -6.37896E-06  6.48801E-06  1.04844E-05  0.00000E+00  7.60205E-06  6.27381E-04
       888  1.00000E+01  8.17238E+03  0.00000E+00 -6.37818E-06  6.48712E-06  1.04840E-05  0.00000E+00  7.60182E-06  6.28141E-04
       889  1.00000E+01  8.18238E+03  0.00000E+00 -6.37741E-06  6.48624E-06  1.04836E-05  0.00000E+00  7.60159E-06  6.28901E-04
       890  1.00000E+01  8.19238E+03  0.00000E+00 -6.37664E-06  6.48535E-06  1.04832E-05  0.00000E+00  7.60136E-06  6.29661E-04
       891  1.00000E+01  8.20238E+03  0.00000E+00 -6.37587E-06  6.48446E-06  1.04829E-05  0.00000E+00  7.60113E-06  6.30421E-04
       892  1.00000E+01  8.21238E+03  0.00000E+00 -6.37510E-06  6.48358E-06  1.04825E-05  0.00000E+00  7.60090E-06  6.31181E-04
       893  1.00000E+01  8.22238E+03  0.00000E+00 -6.37433E-06  6.48269E-06  1.04821E-05  0.00000E+00  7.60068E-06  6.31942E-04
       894  1.00000E+01  8.23238E+03  0.00000E+00 -6.37355E-06  6.48181E-06  1.04817E-05  0.00000E+00  7.60045E-06  6.32702E-04
       895  1.00000E+01  8.24238E+03  0.00000E+00 -6.37278E-06  6.48092E-06  1.04813E-05  0.00000E+00  7.60023E-06  6.33462E-04
       896  1.00000E+01  8.25238E+03  0.00000E+00 -6.37201E-06  6.48004E-06  1.04809E-05  0.00000E+00  7.60000E-06  6.34222E-04
       897  1.00000E+01  8.26238E+03  0.00000E+00 -6.37124E-06  6.47915E-06  1.04805E-05  0.00000E+00  7.59978E-06  6.34982E-04
       898  1.00000E+01  8.27238E+03  0.00000E+00 -6.37047E-06  6.47827E-06  1.04801E-05  0.00000E+00  7.59956E-06  6.35742E-04
       899  1.00000E+01  8.28238E+03  0.00000E+00 -6.36970E-06  6.47738E-06  1.04797E-05  0.00000E+00  7.59934E-06  6.36501E-04
       900  1.00000E+01  8.29238E+03  0.00000E+00 -6.36893E-06  6.47650E-06  1.04793E-05  0.00000E+00  7.59912E-06  6.37261E-04
       901  1.00000E+01  8.30238E+03  0.00000E+00 -6.36816E-06  6.47562E-06  1.04790E-05  0.00000E+00  7.59890E-06  6.38021E-04
       902  1.00000E+01  8.31238E+03  0.00000E+00 -6.36739E-06  6.47473E-06  1.04786E-05  0.00000E+00  7.59868E-06  6.38781E-04
       903  1.00000E+01  8.32238E+03  0.00000E+00 -6.36662E-06  6.47385E-06  1.04782E-05  0.00000E+00  7.59847E-06  6.39541E-04
       904  1.00000E+01  8.33238E+03  0.00000E+00 -6.36585E-06  6.47296E-06  1.04778E-05  0.00000E+00  7.59825E-06  6.40301E-04
       905  1.00000E+01  8.34238E+03  0.00000E+00 -6.36508E-06  6.47208E-06  1.04774E-05  0.00000E+00  7.59803E-06  6.41061E-04
       906  1.00000E+01  8.35238E+03  0.00000E+00 -6.36431E-06  6.47120E-06  1.04770E-05  0.00000E+00  7.59782E-06  6.41820E-04
       907  1.00000E+01  8.36238E+03  0.00000E+00 -6.36354E-06  6.47031E-06  1.04766E-05  0.00000E+00  7.59760E-06  6.42580E-04
       908  1.00000E+01  8.37238E+03  0.00000E+00 -7.69943E-06  7.80609E-06  1.04762E-05  0.00000E+00  7.90821E-06  6.43371E-04
       909  1.00000E+01  8.38238E+03  0.00000E+00 -6.36286E-06  7.80478E-06  1.04755E-05  0.00000E+00  7.57971E-06  6.44129E-04
       910  1.00000E+01  8.39238E+03  0.00000E+00 -6.36269E-06  7.80359E-06  1.04748E-05  0.00000E+00  7.59535E-06  6.44888E-04
       911  1.00000E+01  8.40238E+03  0.00000E+00 -6.36254E-06  7.80245E-06  1.04742E-05  0.00000E+00  7.59199E-06  6.45648E-04
       912  1.00000E+01  8.41238E+03  0.00000E+00 -6.36236E-06  7.80129E-06  1.04736E-05  0.00000E+00  7.59256E-06  6.46407E-04
       913  1.00000E+01  8.42238E+03  0.00000E+00 -6.36217E-06  7.80014E-06  1.04730E-05  0.00000E+00  7.59229E-06  6.47166E-04
       914  1.00000E+01  8.43238E+03  0.00000E+00 -6.36195E-06  7.79900E-06  1.04723E-05  0.00000E+00  7.59201E-06  6.47925E-04
       915  1.00000E+01  8.44238E+03  0.00000E+00 -6.36172E-06  7.79785E-06  1.04717E-05  0.00000E+00  7.59166E-06  6.48685E-04
       916  1.00000E+01  8.45238E+03  0.00000E+00 -6.36148E-06  7.79671E-06  1.04711E-05  0.00000E+00  7.59127E-06  6.49444E-04
       917  1.00000E+01  8.46238E+03  0.00000E+00 -6.36122E-06  7.79557E-06  1.04705E-05  0.00000E+00  7.59085E-06  6.50203E-04
       918  1.00000E+01  8.47238E+03  0.00000E+00 -6.36095E-06  7.79444E-06  1.04698E-05  0.00000E+00  7.59040E-06  6.50962E-04
       919  1.00000E+01  8.48238E+03  0.00000E+00 -6.36066E-06  7.79331E-06  1.04692E-05  0.00000E+00  7.58994E-06  6.51721E-04
       920  1.00000E+01  8.49238E+03  0.00000E+00 -6.36037E-06  7.79217E-06  1.04686E-05  0.00000E+00  7.58947E-06  6.52480E-04
       921  1.00000E+01  8.50238E+03  0.00000E+00 -6.36006E-06  7.79104E-06  1.04680E-05  0.00000E+00  7.58898E-06  6.53239E-04
       922  1.00000E+01  8.51238E+03  0.00000E+00 -6.35975E-06  7.78992E-06  1.04674E-05  0.00000E+00  7.58849E-06  6.53997E-04
       923  1.00000E+01  8.52238E+03  0.00000E+00 -6.35942E-06  7.78879E-06  1.04668E-05  0.00000E+00  7.58800E-06  6.54756E-04
       924  1.00000E+01  8.53238E+03  0.00000E+00 -6.35909E-06  7.78766E-06  1.04662E-05  0.00000E+00  7.58750E-06  6.55515E-04
       925  1.00000E+01  8.54238E+03  0.00000E+00 -6.35874E-06  7.78654E-06  1.04655E-05  0.00000E+00  7.58699E-06  6.56274E-04
       926  1.00000E+01  8.55238E+03  0.00000E+00 -6.35840E-06  7.78542E-06  1.04649E-05  0.00000E+00  7.58649E-06  6.57032E-04
       927  1.00000E+01  8.56238E+03  0.00000E+00 -6.35804E-06  7.78429E-06  1.04643E-05  0.00000E+00  7.58598E-06  6.57791E-04
       928  1.00000E+01  8.57238E+03  0.00000E+00 -6.35768E-06  7.78317E-06  1.04637E-05  0.00000E+00  7.58546E-06  6.58549E-04
       929  1.00000E+01  8.58238E+03  0.00000E+00 -6.35731E-06  7.78205E-06  1.04631E-05  0.00000E+00  7.58495E-06  6.59308E-04
       930  1.00000E+01  8.59238E+03  0.00000E+00 -6.35694E-06  7.78093E-06  1.04625E-05  0.00000E+00  7.58444E-06  6.60066E-04
       931  1.00000E+01  8.60238E+03  0.00000E+00 -6.35657E-06  7.77981E-06  1.04619E-05  0.00000E+00  7.58392E-06  6.60825E-04
       932  1.00000E+01  8.61238E+03  0.00000E+00 -6.35619E-06  7.77869E-06  1.04613E-05  0.00000E+00  7.58340E-06  6.61583E-04
       933  1.00000E+01  8.62238E+03  0.00000E+00 -6.35580E-06  7.77757E-06  1.04607E-05  0.00000E+00  7.58288E-06  6.62341E-04
       934  1.00000E+01  8.63238E+03  0.00000E+00 -6.35541E-06  7.77645E-06  1.04601E-05  0.00000E+00  7.58236E-06  6.63100E-04
       935  1.00000E+01  8.64238E+03  0.00000E+00 -6.35502E-06  7.77532E-06  1.04595E-05  0.00000E+00  7.58184E-06  6.63858E-04
       936  1.00000E+01  8.65238E+03  0.00000E+00 -6.35463E-06  7.77420E-06  1.04589E-05  0.00000E+00  7.58132E-06  6.64616E-04
       937  1.00000E+01  8.66238E+03  0.00000E+00 -6.35423E-06  7.77308E-06  1.04583E-05  0.00000E+00  7.58079E-06  6.65374E-04
       938  1.00000E+01  8.67238E+03  0.00000E+00 -6.35383E-06  7.77196E-06  1.04577E-05  0.00000E+00  7.58027E-06  6.66132E-04
       939  1.00000E+01  8.68238E+03  0.00000E+00 -6.35343E-06  7.77084E-06  1.04571E-05  0.00000E+00  7.57975E-06  6.66890E-04
       940  1.00000E+01  8.69238E+03  0.00000E+00 -6.35303E-06  7.76972E-06  1.04565E-05  0.00000E+00  7.57922E-06  6.67648E-04
       941  1.00000E+01  8.70238E+03  0.00000E+00 -6.35262E-06  7.76860E-06  1.04558E-05  0.00000E+00  7.57870E-06  6.68406E-04
       942  1.00000E+01  8.71238E+03  0.00000E+00 -6.35221E-06  7.76748E-06  1.04552E-05  0.00000E+00  7.57817E-06  6.69164E-04
       943  1.00000E+01  8.72238E+03  0.00000E+00 -6.35180E-06  7.76636E-06  1.04546E-05  0.00000E+00  7.57764E-06  6.69921E-04
       944  1.00000E+01  8.73238E+03  0.00000E+00 -6.35139E-06  7.76523E-06  1.04540E-05  0.00000E+00  7.57711E-06  6.70679E-04
       945  1.00000E+01  8.74238E+03  0.00000E+00 -6.35098E-06  7.76411E-06  1.04534E-05  0.00000E+00  7.57659E-06  6.71437E-04
       946  1.00000E+01  8.75238E+03  0.00000E+00 -6.35057E-06  7.76299E-06  1.04528E-05  0.00000E+00  7.57606E-06  6.72194E-04
       947  1.00000E+01  8.76238E+03  0.00000E+00 -6.35015E-06  7.76186E-06  1.04522E-05  0.00000E+00  7.57553E-06  6.72952E-04
       948  1.00000E+01  8.77238E+03  0.00000E+00 -6.34973E-06  7.76074E-06  1.04516E-05  0.00000E+00  7.57500E-06  6.73709E-04
       949  1.00000E+01  8.78238E+03  0.00000E+00 -6.34932E-06  7.75961E-06  1.04510E-05  0.00000E+00  7.57447E-06  6.74467E-04
       950  1.00000E+01  8.79238E+03  0.00000E+00 -6.34890E-06  7.75849E-06  1.04504E-05  0.00000E+00  7.57394E-06  6.75224E-04
       951  1.00000E+01  8.80238E+03  0.00000E+00 -6.34848E-06  7.75736E-06  1.04498E-05  0.00000E+00  7.57340E-06  6.75982E-04
       952  1.00000E+01  8.81238E+03  0.00000E+00 -6.34806E-06  7.75624E-06  1.04492E-05  0.00000E+00  7.57287E-06  6.76739E-04
       953  1.00000E+01  8.82238E+03  0.00000E+00 -6.34763E-06  7.75511E-06  1.04486E-05  0.00000E+00  7.57234E-06  6.77496E-04
       954  1.00000E+01  8.83238E+03  0.00000E+00 -6.34721E-06  7.75398E-06  1.04480E-05  0.00000E+00  7.57180E-06  6.78253E-04
       955  1.00000E+01  8.84238E+03  0.00000E+00 -6.34679E-06  7.75286E-06  1.04474E-05  0.00000E+00  7.57127E-06  6.79010E-04
       956  1.00000E+01  8.85238E+03  0.00000E+00 -6.34637E-06  7.75173E-06  1.04468E-05  0.00000E+00  7.57073E-06  6.79768E-04
       957  1.00000E+01  8.86238E+03  0.00000E+00 -6.34594E-06  7.75060E-06  1.04461E-05  0.00000E+00  7.57020E-06  6.80525E-04
       958  1.00000E+01  8.87238E+03  0.00000E+00 -6.34552E-06  7.74947E-06  1.04455E-05  0.00000E+00  7.56966E-06  6.81282E-04
       959  1.00000E+01  8.88238E+03  0.00000E+00 -6.34509E-06  7.74834E-06  1.04449E-05  0.00000E+00  7.56913E-06  6.82038E-04
       960  1.00000E+01  8.89238E+03  0.00000E+00 -6.34466E-06  7.74721E-06  1.04443E-05  0.00000E+00  7.56859E-06  6.82795E-04
       961  1.00000E+01  8.90238E+03  0.00000E+00 -6.34424E-06  7.74608E-06  1.04437E-05  0.00000E+00  7.56805E-06  6.83552E-04
       962  1.00000E+01  8.91238E+03  0.00000E+00 -6.34381E-06  7.74495E-06  1.04431E-05  0.00000E+00  7.56751E-06  6.84309E-04
       963  1.00000E+01  8.92238E+03  0.00000E+00 -6.34338E-06  7.74381E-06  1.04425E-05  0.00000E+00  7.56697E-06  6.85066E-04
       964  1.00000E+01  8.93238E+03  0.00000E+00 -6.34296E-06  7.74268E-06  1.04419E-05  0.00000E+00  7.56643E-06  6.85822E-04
       965  1.00000E+01  8.94238E+03  0.00000E+00 -6.34253E-06  7.74155E-06  1.04413E-05  0.00000E+00  7.56589E-06  6.86579E-04
       966  1.00000E+01  8.95238E+03  0.00000E+00 -6.34210E-06  7.74041E-06  1.04407E-05  0.00000E+00  7.56535E-06  6.87335E-04
       967  1.00000E+01  8.96238E+03  0.00000E+00 -6.34167E-06  7.73928E-06  1.04400E-05  0.00000E+00  7.56481E-06  6.88092E-04
       968  1.00000E+01  8.97238E+03  0.00000E+00 -6.34124E-06  7.73814E-06  1.04394E-05  0.00000E+00  7.56427E-06  6.88848E-04
       969  1.00000E+01  8.98238E+03  0.00000E+00 -6.34081E-06  7.73701E-06  1.04388E-05  0.00000E+00  7.56373E-06  6.89605E-04
       970  1.00000E+01  8.99238E+03  0.00000E+00 -6.34038E-06  7.73587E-06  1.04382E-05  0.00000E+00  7.56318E-06  6.90361E-04
       971  1.00000E+01  9.00238E+03  0.00000E+00 -6.33995E-06  7.73473E-06  1.04376E-05  0.00000E+00  7.56264E-06  6.91117E-04
       972  1.00000E+01  9.01238E+03  0.00000E+00 -6.33952E-06  7.73360E-06  1.04370E-05  0.00000E+00  7.56210E-06  6.91873E-04
       973  1.00000E+01  9.02238E+03  0.00000E+00 -6.33909E-06  7.73246E-06  1.04364E-05  0.00000E+00  7.56155E-06  6.92630E-04
       974  1.00000E+01  9.03238E+03  0.00000E+00 -6.33866E-06  7.73132E-06  1.04358E-05  0.00000E+00  7.56101E-06  6.93386E-04
       975  1.00000E+01  9.04238E+03  0.00000E+00 -6.33823E-06  7.73018E-06  1.04352E-05  0.00000E+00  7.56046E-06  6.94142E-04
       976  1.00000E+01  9.05238E+03  0.00000E+00 -6.33779E-06  7.72904E-06  1.04345E-05  0.00000E+00  7.55992E-06  6.94898E-04
       977  1.00000E+01  9.06238E+03  0.00000E+00 -6.33736E-06  7.72790E-06  1.04339E-05  0.00000E+00  7.55937E-06  6.95654E-04
       978  1.00000E+01  9.07238E+03  0.00000E+00 -6.33693E-06  7.72676E-06  1.04333E-05  0.00000E+00  7.55882E-06  6.96410E-04
       979  1.00000E+01  9.08238E+03  0.00000E+00 -6.33650E-06  7.72562E-06  1.04327E-05  0.00000E+00  7.55827E-06  6.97165E-04
       980  1.00000E+01  9.09238E+03  0.00000E+00 -6.33606E-06  7.72447E-06  1.04321E-05  0.00000E+00  7.55773E-06  6.97921E-04
       981  1.00000E+01  9.10238E+03  0.00000E+00 -6.33563E-06  7.72333E-06  1.04315E-05  0.00000E+00  7.55718E-06  6.98677E-04
       982  1.00000E+01  9.11238E+03  0.00000E+00 -6.33520E-06  7.72219E-06  1.04309E-05  0.00000E+00  7.55663E-06  6.99433E-04
       983  1.00000E+01  9.12238E+03  0.00000E+00 -6.33477E-06  7.72104E-06  1.04302E-05  0.00000E+00  7.55608E-06  7.00188E-04
       984  1.00000E+01  9.13238E+03  0.00000E+00 -6.33433E-06  7.71990E-06  1.04296E-05  0.00000E+00  7.55553E-06  7.00944E-04
       985  1.00000E+01  9.14238E+03  0.00000E+00 -6.33390E-06  7.71876E-06  1.04290E-05  0.00000E+00  7.55498E-06  7.01699E-04
       986  1.00000E+01  9.15238E+03  0.00000E+00 -6.33347E-06  7.71761E-06  1.04284E-05  0.00000E+00  7.55443E-06  7.02455E-04
       987  1.00000E+01  9.16238E+03  0.00000E+00 -6.33303E-06  7.71646E-06  1.04278E-05  0.00000E+00  7.55388E-06  7.03210E-04
       988  1.00000E+01  9.17238E+03  0.00000E+00 -6.33260E-06  7.71532E-06  1.04272E-05  0.00000E+00  7.55332E-06  7.03965E-04
       989  1.00000E+01  9.18238E+03  0.00000E+00 -6.33216E-06  7.71417E-06  1.04265E-05  0.00000E+00  7.55277E-06  7.04721E-04
       990  1.00000E+01  9.19238E+03  0.00000E+00 -6.33173E-06  7.71302E-06  1.04259E-05  0.00000E+00  7.55222E-06  7.05476E-04
       991  1.00000E+01  9.20238E+03  0.00000E+00 -6.33129E-06  7.71188E-06  1.04253E-05  0.00000E+00  7.55166E-06  7.06231E-04
       992  1.00000E+01  9.21238E+03  0.00000E+00 -6.33086E-06  7.71073E-06  1.04247E-05  0.00000E+00  7.55111E-06  7.06986E-04
       993  1.00000E+01  9.22238E+03  0.00000E+00 -6.33043E-06  7.70958E-06  1.04241E-05  0.00000E+00  7.55056E-06  7.07741E-04
       994  1.00000E+01  9.23238E+03  0.00000E+00 -6.32999E-06  7.70843E-06  1.04234E-05  0.00000E+00  7.55000E-06  7.08496E-04
       995  1.00000E+01  9.24238E+03  0.00000E+00 -6.32956E-06  7.70728E-06  1.04228E-05  0.00000E+00  7.54945E-06  7.09251E-04
       996  1.00000E+01  9.25238E+03  0.00000E+00 -6.32912E-06  7.70613E-06  1.04222E-05  0.00000E+00  7.54889E-06  7.10006E-04
       997  1.00000E+01  9.26238E+03  0.00000E+00 -6.32869E-06  7.70498E-06  1.04216E-05  0.00000E+00  7.54834E-06  7.10761E-04
       998  1.00000E+01  9.27238E+03  0.00000E+00 -6.32825E-06  7.70383E-06  1.04210E-05  0.00000E+00  7.54778E-06  7.11516E-04
       999  1.00000E+01  9.28238E+03  0.00000E+00 -6.32781E-06  7.70268E-06  1.04204E-05  0.00000E+00  7.54722E-06  7.12270E-04
      1000  1.00000E+01  9.29238E+03  0.00000E+00 -6.32738E-06  7.70152E-06  1.04197E-05  0.00000E+00  7.54667E-06  7.13025E-04
      1001  1.00000E+01  9.30238E+03  0.00000E+00 -6.32694E-06  7.70037E-06  1.04191E-05  0.00000E+00  7.54611E-06  7.13780E-04
      1002  1.00000E+01  9.31238E+03  0.00000E+00 -6.32651E-06  7.69922E-06  1.04185E-05  0.00000E+00  7.54555E-06  7.14534E-04
      1003  1.00000E+01  9.32238E+03  0.00000E+00 -6.32607E-06  7.69806E-06  1.04179E-05  0.00000E+00  7.54499E-06  7.15289E-04
      1004  1.00000E+01  9.33238E+03  0.00000E+00 -6.32564E-06  7.69691E-06  1.04173E-05  0.00000E+00  7.54443E-06  7.16043E-04
      1005  1.00000E+01  9.34238E+03  0.00000E+00 -6.32520E-06  7.69576E-06  1.04166E-05  0.00000E+00  7.54388E-06  7.16798E-04
      1006  1.00000E+01  9.35238E+03  0.00000E+00 -6.32476E-06  7.69460E-06  1.04160E-05  0.00000E+00  7.54332E-06  7.17552E-04
      1007  1.00000E+01  9.36238E+03  0.00000E+00 -6.32433E-06  7.69345E-06  1.04154E-05  0.00000E+00  7.54276E-06  7.18306E-04
      1008  1.00000E+01  9.37238E+03  0.00000E+00 -6.32389E-06  7.69229E-06  1.04148E-05  0.00000E+00  7.54220E-06  7.19060E-04
      1009  1.00000E+01  9.38238E+03  0.00000E+00 -6.32345E-06  7.69113E-06  1.04141E-05  0.00000E+00  7.54164E-06  7.19814E-04
      1010  1.00000E+01  9.39238E+03  0.00000E+00 -6.32302E-06  7.68998E-06  1.04135E-05  0.00000E+00  7.54107E-06  7.20569E-04
      1011  1.00000E+01  9.40238E+03  0.00000E+00 -6.32258E-06  7.68882E-06  1.04129E-05  0.00000E+00  7.54051E-06  7.21323E-04
      1012  1.00000E+01  9.41238E+03  0.00000E+00 -6.32214E-06  7.68766E-06  1.04123E-05  0.00000E+00  7.53995E-06  7.22077E-04
      1013  1.00000E+01  9.42238E+03  0.00000E+00 -6.32171E-06  7.68651E-06  1.04117E-05  0.00000E+00  7.53939E-06  7.22831E-04
      1014  1.00000E+01  9.43238E+03  0.00000E+00 -6.32127E-06  7.68535E-06  1.04110E-05  0.00000E+00  7.53883E-06  7.23584E-04
      1015  1.00000E+01  9.44238E+03  0.00000E+00 -6.32083E-06  7.68419E-06  1.04104E-05  0.00000E+00  7.53827E-06  7.24338E-04
      1016  1.00000E+01  9.45238E+03  0.00000E+00 -6.32039E-06  7.68303E-06  1.04098E-05  0.00000E+00  7.54117E-06  7.25092E-04
      1017  1.00000E+01  9.46238E+03  0.00000E+00 -6.31996E-06  7.68187E-06  1.04092E-05  0.00000E+00  7.54050E-06  7.25846E-04
      1018  1.00000E+01  9.47238E+03  0.00000E+00 -6.31952E-06  7.68071E-06  1.04085E-05  0.00000E+00  7.53993E-06  7.26600E-04
      1019  1.00000E+01  9.48238E+03  0.00000E+00 -6.31908E-06  7.67955E-06  1.04079E-05  0.00000E+00  7.53934E-06  7.27354E-04
      1020  1.00000E+01  9.49238E+03  0.00000E+00 -6.31864E-06  7.67839E-06  1.04073E-05  0.00000E+00  7.53876E-06  7.28108E-04
      1021  1.00000E+01  9.50238E+03  0.00000E+00 -6.31821E-06  7.67723E-06  1.04067E-05  0.00000E+00  7.53817E-06  7.28862E-04
      1022  1.00000E+01  9.51238E+03  0.00000E+00 -6.31777E-06  7.67607E-06  1.04060E-05  0.00000E+00  7.53759E-06  7.29616E-04
      1023  1.00000E+01  9.52238E+03  0.00000E+00 -6.31733E-06  7.67491E-06  1.04054E-05  0.00000E+00  7.53701E-06  7.30370E-04
      1024  1.00000E+01  9.53238E+03  0.00000E+00 -6.31689E-06  7.67375E-06  1.04048E-05  0.00000E+00  7.53644E-06  7.31123E-04
      1025  1.00000E+01  9.54238E+03  0.00000E+00 -6.31645E-06  7.67258E-06  1.04042E-05  0.00000E+00  7.53586E-06  7.31877E-04
      1026  1.00000E+01  9.55238E+03  0.00000E+00 -6.31602E-06  7.67142E-06  1.04035E-05  0.00000E+00  7.53528E-06  7.32630E-04
      1027  1.00000E+01  9.56238E+03  0.00000E+00 -6.31558E-06  7.67026E-06  1.04029E-05  0.00000E+00  7.53470E-06  7.33384E-04
      1028  1.00000E+01  9.57238E+03  0.00000E+00 -6.31514E-06  7.66909E-06  1.04023E-05  0.00000E+00  7.53413E-06  7.34137E-04
      1029  1.00000E+01  9.58238E+03  0.00000E+00 -6.31470E-06  7.66793E-06  1.04017E-05  0.00000E+00  7.53355E-06  7.34891E-04
      1030  8.80999E+00  9.59119E+03  0.00000E+00 -6.20389E-06  6.29623E-06  1.04342E-05  0.00000E+00  6.59056E-06  7.35471E-04
      1031  8.80999E+00  9.60000E+03  0.00000E+00 -6.25014E-06  6.34353E-06  1.04265E-05  0.00000E+00  7.58007E-06  7.36139E-04
