#INITIAL VOLUME OF WATER IN THE SUBSURFACE =   1.59843E+02
#NSTEP       DELTAT         TIME  NLIN   AVG.LIN       STORE1       STORE2       DSTORE   CUM.DSTORE       VIN  CUM.VIN       VOUT    CUM.VOUT   VIN+VOUT   CUM. VIN  M.BAL.ERR   REL. MBE   CUM. MBE      CUM.
#                                 ITER.    ITER.                             (>0 x inc)                                                                      + VOUT  (Vi+Vo-Ds)        (%)             ABS(MBE)
     1 1.000000E-02 1.000000E-02     8 6.375E+00 1.598431E+02 1.598431E+02 -1.28286E-07 -1.28286E-07 0.000E+00 0.000E+00 -6.101E-08 -6.101E-08 -6.101E-08 -6.101E-08  6.728E-08 -1.103E+02  6.728E-08 6.728E-08
     2 5.000000E-03 1.500000E-02     2 5.500E+00 1.598431E+02 1.598431E+02 -4.89110E-08 -1.77197E-07 5.535E-09 5.535E-09 -5.995E-08 -1.210E-07 -5.442E-08 -1.154E-07 -5.507E-09  1.012E+01  6.177E-08 7.278E-08
     3 5.500000E-03 2.050000E-02     2 5.500E+00 1.598431E+02 1.598431E+02  1.60405E-07 -1.67918E-08 1.185E-07 1.240E-07 -6.450E-08 -1.855E-07  5.398E-08 -6.145E-08 -1.064E-07 -1.972E+02 -4.466E-08 1.792E-07
     4 6.050000E-03 2.655000E-02     2 5.500E+00 1.598431E+02 1.598431E+02  9.30838E-08  7.62920E-08 2.054E-07 3.294E-07 -7.046E-08 -2.559E-07  1.350E-07  7.351E-08  4.188E-08  3.103E+01 -2.785E-09 2.211E-07
     5 6.655000E-03 3.320500E-02     1 6.000E+00 1.598431E+02 1.598431E+02 -3.19471E-09  7.30973E-08 1.579E-07 4.874E-07 -7.720E-08 -3.331E-07  8.073E-08  1.542E-07  8.393E-08  1.040E+02  8.114E-08 3.050E-07
     6 7.320500E-03 4.052550E-02     1 6.000E+00 1.598431E+02 1.598431E+02 -3.16514E-09  6.99321E-08 1.321E-07 6.194E-07 -8.472E-08 -4.178E-07  4.735E-08  2.016E-07  5.052E-08  1.067E+02  1.317E-07 3.555E-07
     7 8.052550E-03 4.857805E-02     2 5.500E+00 1.598431E+02 1.598431E+02  1.22522E-06  1.29515E-06 7.211E-07 1.341E-06 -9.303E-08 -5.109E-07  6.280E-07  8.296E-07 -5.972E-07 -9.508E+01 -4.655E-07 9.527E-07
     8 8.857805E-03 5.743586E-02     2 5.000E+00 1.598431E+02 1.598431E+02  9.77789E-07  2.27294E-06 1.263E-06 2.604E-06 -1.022E-07 -6.131E-07  1.161E-06  1.991E-06  1.832E-07  1.578E+01 -2.824E-07 1.136E-06
     9 9.743586E-03 6.717944E-02     2 5.500E+00 1.598431E+02 1.598431E+02  7.74222E-07  3.04716E-06 1.036E-06 3.640E-06 -1.123E-07 -7.254E-07  9.238E-07  2.914E-06  1.495E-07  1.619E+01 -1.328E-07 1.285E-06
    10 1.071794E-02 7.789738E-02     2 6.000E+00 1.598431E+02 1.598431E+02  6.06154E-07  3.65332E-06 8.517E-07 4.491E-06 -1.235E-07 -8.489E-07  7.282E-07  3.643E-06  1.220E-07  1.676E+01 -1.076E-08 1.407E-06
    11 1.178974E-02 8.968712E-02     2 6.000E+00 1.598431E+02 1.598431E+02  4.68851E-07  4.12217E-06 7.031E-07 5.195E-06 -1.358E-07 -9.847E-07  5.674E-07  4.210E-06  9.853E-08  1.737E+01  8.777E-08 1.506E-06
    12 1.296871E-02 1.026558E-01     2 6.500E+00 1.598431E+02 1.598431E+02  3.56734E-07  4.47890E-06 5.852E-07 5.780E-06 -1.493E-07 -1.134E-06  4.360E-07  4.646E-06  7.925E-08  1.818E+01  1.670E-07 1.585E-06
    13 1.426558E-02 1.169214E-01     1 7.000E+00 1.598431E+02 1.598431E+02 -3.49378E-09  4.47541E-06 4.914E-07 6.271E-06 -1.641E-07 -1.298E-06  3.273E-07  4.973E-06  3.308E-07  1.011E+02  4.978E-07 1.916E-06
    14 1.569214E-02 1.326136E-01     1 7.000E+00 1.598431E+02 1.598431E+02 -3.52649E-09  4.47188E-06 4.160E-07 6.687E-06 -1.805E-07 -1.479E-06  2.355E-07  5.209E-06  2.390E-07  1.015E+02  7.368E-07 2.155E-06
    15 1.726136E-02 1.498749E-01     1 8.000E+00 1.598431E+02 1.598431E+02 -3.53988E-09  4.46834E-06 3.558E-07 7.043E-06 -1.985E-07 -1.677E-06  1.574E-07  5.366E-06  1.609E-07  1.022E+02  8.977E-07 2.316E-06
    16 1.898749E-02 1.688624E-01     1 8.000E+00 1.598431E+02 1.598431E+02 -3.52897E-09  4.46481E-06 3.083E-07 7.351E-06 -2.183E-07 -1.895E-06  9.001E-08  5.456E-06  9.354E-08  1.039E+02  9.912E-07 2.409E-06
    17 2.088624E-02 1.897486E-01     1 8.000E+00 1.598431E+02 1.598431E+02 -3.48944E-09  4.46132E-06 2.712E-07 7.622E-06 -2.400E-07 -2.135E-06  3.113E-08  5.487E-06  3.462E-08  1.112E+02  1.026E-06 2.444E-06
    18 2.297486E-02 2.127235E-01     1 9.000E+00 1.598431E+02 1.598431E+02 -3.41804E-09  4.45791E-06 2.427E-07 7.865E-06 -2.640E-07 -2.399E-06 -2.123E-08  5.466E-06 -1.781E-08  8.390E+01  1.008E-06 2.462E-06
    19 2.527235E-02 2.379959E-01     1 9.000E+00 1.598431E+02 1.598431E+02 -3.31276E-09  4.45459E-06 2.216E-07 8.087E-06 -2.903E-07 -2.690E-06 -6.870E-08  5.397E-06 -6.538E-08  9.518E+01  9.427E-07 2.527E-06
    20 2.779959E-02 2.657955E-01     1 9.000E+00 1.598431E+02 1.598431E+02 -3.17308E-09  4.45142E-06 2.067E-07 8.293E-06 -3.193E-07 -3.009E-06 -1.126E-07  5.285E-06 -1.095E-07  9.718E+01  8.332E-07 2.637E-06
    21 3.057955E-02 2.963750E-01     1 1.000E+01 1.598431E+02 1.598431E+02 -3.00009E-09  4.44842E-06 1.970E-07 8.490E-06 -3.512E-07 -3.360E-06 -1.542E-07  5.130E-06 -1.512E-07  9.805E+01  6.820E-07 2.788E-06
    22 3.363750E-02 3.300125E-01     1 1.000E+01 1.598431E+02 1.598431E+02 -2.79652E-09  4.44562E-06 1.918E-07 8.682E-06 -3.863E-07 -3.746E-06 -1.944E-07  4.936E-06 -1.916E-07  9.856E+01  4.904E-07 2.980E-06
    23 3.700125E-02 3.670137E-01     1 1.000E+01 1.598431E+02 1.598431E+02 -2.56672E-09  4.44306E-06 1.907E-07 8.873E-06 -4.248E-07 -4.171E-06 -2.341E-07  4.702E-06 -2.316E-07  9.890E+01  2.588E-07 3.211E-06
    24 4.070137E-02 4.077151E-01     1 1.000E+01 1.598431E+02 1.598431E+02 -2.31651E-09  4.44074E-06 1.931E-07 9.066E-06 -4.673E-07 -4.638E-06 -2.742E-07  4.428E-06 -2.718E-07  9.916E+01 -1.306E-08 3.483E-06
    25 4.477151E-02 4.524866E-01     1 1.000E+01 1.598431E+02 1.598431E+02 -2.05292E-09  4.43869E-06 1.988E-07 9.265E-06 -5.140E-07 -5.152E-06 -3.152E-07  4.113E-06 -3.131E-07  9.935E+01 -3.262E-07 3.796E-06
    26 4.924866E-02 5.017353E-01     1 1.000E+01 1.598431E+02 1.598431E+02 -1.78380E-09  4.43690E-06 2.075E-07 9.472E-06 -5.653E-07 -5.718E-06 -3.578E-07  3.755E-06 -3.560E-07  9.950E+01 -6.822E-07 4.152E-06
    27 5.417353E-02 5.559088E-01     1 1.100E+01 1.598431E+02 1.598431E+02 -1.51730E-09  4.43539E-06 2.201E-07 9.693E-06 -6.218E-07 -6.340E-06 -4.017E-07  3.353E-06 -4.002E-07  9.962E+01 -1.082E-06 4.552E-06
    28 5.959088E-02 6.154997E-01     1 1.100E+01 1.598431E+02 1.598431E+02 -1.26129E-09  4.43412E-06 2.388E-07 9.931E-06 -6.840E-07 -7.024E-06 -4.452E-07  2.908E-06 -4.439E-07  9.972E+01 -1.526E-06 4.996E-06
    29 6.554997E-02 6.810497E-01     1 1.100E+01 1.598431E+02 1.598431E+02 -1.02281E-09  4.43310E-06 2.623E-07 1.019E-05 -7.524E-07 -7.776E-06 -4.901E-07  2.418E-06 -4.891E-07  9.979E+01 -2.015E-06 5.485E-06
    30 7.210497E-02 7.531546E-01     1 1.100E+01 1.598431E+02 1.598431E+02 -8.07642E-10  4.43229E-06 2.882E-07 1.048E-05 -8.276E-07 -8.604E-06 -5.394E-07  1.878E-06 -5.386E-07  9.985E+01 -2.554E-06 6.024E-06
    31 7.931546E-02 8.324701E-01     1 1.200E+01 1.598431E+02 1.598431E+02 -6.19703E-10  4.43167E-06 3.167E-07 1.080E-05 -9.103E-07 -9.514E-06 -5.937E-07  1.285E-06 -5.930E-07  9.990E+01 -3.147E-06 6.617E-06
    32 8.724701E-02 9.197171E-01     1 1.200E+01 1.598431E+02 1.598431E+02 -4.60993E-10  4.43121E-06 3.480E-07 1.115E-05 -1.001E-06 -1.052E-05 -6.533E-07  6.313E-07 -6.528E-07  9.993E+01 -3.800E-06 7.270E-06
    33 9.597171E-02 1.015689E+00     1 1.200E+01 1.598431E+02 1.598431E+02 -3.31588E-10  4.43088E-06 3.826E-07 1.153E-05 -1.101E-06 -1.162E-05 -7.189E-07 -8.756E-08 -7.186E-07  9.995E+01 -4.518E-06 7.988E-06
    34 1.055689E-01 1.121258E+00     1 1.300E+01 1.598431E+02 1.598431E+02 -2.29876E-10  4.43065E-06 4.206E-07 1.195E-05 -1.212E-06 -1.283E-05 -7.910E-07 -8.786E-07 -7.908E-07  9.997E+01 -5.309E-06 8.779E-06
    35 1.161258E-01 1.237383E+00     1 1.400E+01 1.598430E+02 1.598431E+02 -1.52960E-10  4.43050E-06 4.624E-07 1.241E-05 -1.333E-06 -1.416E-05 -8.703E-07 -1.749E-06 -8.702E-07  9.998E+01 -6.179E-06 9.649E-06
    36 1.277383E-01 1.365122E+00     1 1.500E+01 1.598430E+02 1.598431E+02 -9.71670E-11  4.43040E-06 5.084E-07 1.292E-05 -1.466E-06 -1.563E-05 -9.576E-07 -2.707E-06 -9.575E-07  9.999E+01 -7.137E-06 1.061E-05
    37 1.405122E-01 1.505634E+00     3 1.767E+01 1.598430E+02 1.598431E+02 -1.08558E-06  3.34482E-06 5.546E-07 1.348E-05 -1.612E-06 -1.724E-05 -1.058E-06 -3.764E-06  2.781E-08 -2.629E+00 -7.109E-06 1.063E-05
    38 1.545634E-01 1.660197E+00     1 1.600E+01 1.598430E+02 1.598431E+02 -3.48311E-10  3.34447E-06 6.024E-07 1.408E-05 -1.773E-06 -1.901E-05 -1.171E-06 -4.935E-06 -1.170E-06  9.997E+01 -8.280E-06 1.181E-05
    39 1.700197E-01 1.830217E+00     1 1.700E+01 1.598430E+02 1.598431E+02 -3.84761E-10  3.34408E-06 6.573E-07 1.473E-05 -1.950E-06 -2.096E-05 -1.293E-06 -6.228E-06 -1.293E-06  9.997E+01 -9.572E-06 1.310E-05
    40 1.870217E-01 2.017239E+00     1 1.800E+01 1.598430E+02 1.598431E+02 -4.17607E-10  3.34367E-06 7.181E-07 1.545E-05 -2.145E-06 -2.311E-05 -1.427E-06 -7.655E-06 -1.426E-06  9.997E+01 -1.100E-05 1.452E-05
    41 2.057239E-01 2.222963E+00     1 1.800E+01 1.598430E+02 1.598431E+02 -4.47728E-10  3.34322E-06 7.854E-07 1.624E-05 -2.359E-06 -2.547E-05 -1.573E-06 -9.228E-06 -1.573E-06  9.997E+01 -1.257E-05 1.610E-05
    42 2.262963E-01 2.449259E+00     1 1.800E+01 1.598430E+02 1.598431E+02 -4.76174E-10  3.34274E-06 8.596E-07 1.710E-05 -2.594E-06 -2.806E-05 -1.734E-06 -1.096E-05 -1.734E-06  9.997E+01 -1.431E-05 1.783E-05
    43 2.489259E-01 2.698185E+00     1 1.900E+01 1.598430E+02 1.598431E+02 -5.04139E-10  3.34224E-06 9.416E-07 1.804E-05 -2.853E-06 -3.091E-05 -1.911E-06 -1.287E-05 -1.911E-06  9.997E+01 -1.622E-05 1.974E-05
    44 2.738185E-01 2.972003E+00     1 1.900E+01 1.598430E+02 1.598431E+02 -5.32760E-10  3.34171E-06 1.032E-06 1.907E-05 -3.137E-06 -3.405E-05 -2.105E-06 -1.498E-05 -2.105E-06  9.997E+01 -1.832E-05 2.185E-05
    45 3.012003E-01 3.273204E+00     1 1.900E+01 1.598430E+02 1.598431E+02 -5.63051E-10  3.34114E-06 1.132E-06 2.020E-05 -3.450E-06 -3.750E-05 -2.319E-06 -1.730E-05 -2.318E-06  9.998E+01 -2.064E-05 2.416E-05
    46 3.313204E-01 3.604524E+00     1 2.000E+01 1.598430E+02 1.598431E+02 -5.95871E-10  3.34055E-06 1.241E-06 2.144E-05 -3.794E-06 -4.130E-05 -2.553E-06 -1.985E-05 -2.552E-06  9.998E+01 -2.319E-05 2.672E-05
    47 3.644524E-01 3.968977E+00     1 2.000E+01 1.598430E+02 1.598431E+02 -6.31924E-10  3.33992E-06 1.362E-06 2.281E-05 -4.172E-06 -4.547E-05 -2.810E-06 -2.266E-05 -2.810E-06  9.998E+01 -2.600E-05 2.953E-05
    48 4.008977E-01 4.369874E+00     1 2.000E+01 1.598430E+02 1.598431E+02 -6.71753E-10  3.33924E-06 1.495E-06 2.430E-05 -4.588E-06 -5.006E-05 -3.093E-06 -2.575E-05 -3.093E-06  9.998E+01 -2.909E-05 3.262E-05
    49 4.409874E-01 4.810862E+00     1 2.100E+01 1.598430E+02 1.598431E+02 -7.15752E-10  3.33853E-06 1.641E-06 2.594E-05 -5.046E-06 -5.510E-05 -3.404E-06 -2.916E-05 -3.404E-06  9.998E+01 -3.250E-05 3.602E-05
    50 4.850862E-01 5.295948E+00     1 2.100E+01 1.598430E+02 1.598431E+02 -7.64174E-10  3.33776E-06 1.802E-06 2.774E-05 -5.548E-06 -6.065E-05 -3.746E-06 -3.291E-05 -3.746E-06  9.998E+01 -3.624E-05 3.977E-05
    51 5.335948E-01 5.829543E+00     1 2.100E+01 1.598430E+02 1.598431E+02 -8.17143E-10  3.33695E-06 1.979E-06 2.972E-05 -6.101E-06 -6.675E-05 -4.122E-06 -3.703E-05 -4.121E-06  9.998E+01 -4.036E-05 4.389E-05
    52 5.869543E-01 6.416497E+00     1 2.100E+01 1.598430E+02 1.598431E+02 -8.74675E-10  3.33607E-06 2.173E-06 3.190E-05 -6.709E-06 -7.346E-05 -4.535E-06 -4.156E-05 -4.535E-06  9.998E+01 -4.490E-05 4.842E-05
    53 6.456497E-01 7.062147E+00     1 2.200E+01 1.598430E+02 1.598431E+02 -9.36709E-10  3.33514E-06 2.387E-06 3.428E-05 -7.377E-06 -8.084E-05 -4.990E-06 -4.655E-05 -4.989E-06  9.998E+01 -4.989E-05 5.341E-05
    54 7.102147E-01 7.772361E+00     1 2.200E+01 1.598430E+02 1.598431E+02 -1.00314E-09  3.33413E-06 2.622E-06 3.691E-05 -8.111E-06 -8.895E-05 -5.489E-06 -5.204E-05 -5.488E-06  9.998E+01 -5.538E-05 5.890E-05
    55 7.812361E-01 8.553597E+00     1 2.300E+01 1.598430E+02 1.598431E+02 -1.07387E-09  3.33306E-06 2.880E-06 3.979E-05 -8.918E-06 -9.787E-05 -6.039E-06 -5.808E-05 -6.037E-06  9.998E+01 -6.141E-05 6.494E-05
    56 8.593597E-01 9.412957E+00     1 2.300E+01 1.598430E+02 1.598431E+02 -1.14884E-09  3.33191E-06 3.164E-06 4.295E-05 -9.806E-06 -1.077E-04 -6.642E-06 -6.472E-05 -6.641E-06  9.998E+01 -6.806E-05 7.158E-05
    57 9.452957E-01 1.035825E+01     1 2.300E+01 1.598430E+02 1.598431E+02 -1.22813E-09  3.33068E-06 3.475E-06 4.642E-05 -1.078E-05 -1.185E-04 -7.306E-06 -7.203E-05 -7.305E-06  9.998E+01 -7.536E-05 7.889E-05
    58 1.039825E+00 1.139808E+01     1 2.300E+01 1.598430E+02 1.598431E+02 -1.31194E-09  3.32937E-06 3.817E-06 5.024E-05 -1.185E-05 -1.303E-04 -8.036E-06 -8.007E-05 -8.035E-06  9.998E+01 -8.340E-05 8.692E-05
    59 1.143808E+00 1.254189E+01     1 2.300E+01 1.598430E+02 1.598431E+02 -1.40069E-09  3.32797E-06 4.193E-06 5.443E-05 -1.303E-05 -1.433E-04 -8.839E-06 -8.891E-05 -8.838E-06  9.998E+01 -9.223E-05 9.576E-05
    60 1.258189E+00 1.380007E+01     1 2.300E+01 1.598430E+02 1.598431E+02 -1.49501E-09  3.32647E-06 4.606E-06 5.904E-05 -1.433E-05 -1.577E-04 -9.722E-06 -9.863E-05 -9.720E-06  9.998E+01 -1.020E-04 1.055E-04
    61 1.384007E+00 1.518408E+01     1 2.300E+01 1.598429E+02 1.598431E+02 -1.59577E-09  3.32488E-06 5.059E-06 6.410E-05 -1.575E-05 -1.734E-04 -1.069E-05 -1.093E-04 -1.069E-05  9.999E+01 -1.126E-04 1.162E-04
    62 1.522408E+00 1.670649E+01     1 2.300E+01 1.598429E+02 1.598431E+02 -1.70408E-09  3.32317E-06 5.557E-06 6.966E-05 -1.732E-05 -1.907E-04 -1.176E-05 -1.211E-04 -1.176E-05  9.999E+01 -1.244E-04 1.279E-04
    63 1.674649E+00 1.838114E+01     1 2.300E+01 1.598429E+02 1.598431E+02 -1.82128E-09  3.32135E-06 6.103E-06 7.576E-05 -1.904E-05 -2.098E-04 -1.293E-05 -1.340E-04 -1.293E-05  9.999E+01 -1.373E-04 1.409E-04
    64 1.842114E+00 2.022325E+01     1 2.200E+01 1.598429E+02 1.598431E+02 -1.94888E-09  3.31940E-06 6.703E-06 8.246E-05 -2.093E-05 -2.307E-04 -1.422E-05 -1.482E-04 -1.422E-05  9.999E+01 -1.516E-04 1.551E-04
    65 2.026325E+00 2.224958E+01     1 2.200E+01 1.598429E+02 1.598431E+02 -2.08859E-09  3.31732E-06 7.360E-06 8.982E-05 -2.300E-05 -2.537E-04 -1.564E-05 -1.639E-04 -1.564E-05  9.999E+01 -1.672E-04 1.707E-04
    66 2.228958E+00 2.447854E+01     1 2.200E+01 1.598429E+02 1.598431E+02 -2.24223E-09  3.31507E-06 8.082E-06 9.791E-05 -2.528E-05 -2.790E-04 -1.720E-05 -1.811E-04 -1.720E-05  9.999E+01 -1.844E-04 1.879E-04
    67 2.451854E+00 2.693039E+01     1 2.200E+01 1.598429E+02 1.598431E+02 -2.41178E-09  3.31266E-06 8.873E-06 1.068E-04 -2.779E-05 -3.068E-04 -1.892E-05 -2.000E-04 -1.891E-05  9.999E+01 -2.033E-04 2.068E-04
    68 2.697039E+00 2.962743E+01     1 2.200E+01 1.598428E+02 1.598431E+02 -2.59930E-09  3.31006E-06 9.740E-06 1.165E-04 -3.054E-05 -3.373E-04 -2.080E-05 -2.208E-04 -2.080E-05  9.999E+01 -2.241E-04 2.276E-04
    69 2.966743E+00 3.259417E+01     1 2.200E+01 1.598428E+02 1.598431E+02 -2.80697E-09  3.30725E-06 1.069E-05 1.272E-04 -3.356E-05 -3.709E-04 -2.287E-05 -2.437E-04 -2.287E-05  9.999E+01 -2.470E-04 2.505E-04
    70 3.263417E+00 3.585759E+01     1 2.300E+01 1.598428E+02 1.598431E+02 -3.03713E-09  3.30422E-06 1.173E-05 1.389E-04 -3.688E-05 -4.078E-04 -2.515E-05 -2.688E-04 -2.515E-05  9.999E+01 -2.721E-04 2.756E-04
    71 3.589759E+00 3.944735E+01     1 2.300E+01 1.598428E+02 1.598431E+02 -3.29228E-09  3.30093E-06 1.287E-05 1.518E-04 -4.053E-05 -4.483E-04 -2.766E-05 -2.965E-04 -2.765E-05  9.999E+01 -2.998E-04 3.033E-04
    72 3.948735E+00 4.339608E+01     1 2.400E+01 1.598427E+02 1.598431E+02 -3.57518E-09  3.29735E-06 1.412E-05 1.659E-04 -4.453E-05 -4.928E-04 -3.041E-05 -3.269E-04 -3.040E-05  9.999E+01 -3.302E-04 3.337E-04
    73 4.343608E+00 4.773969E+01     1 2.400E+01 1.598427E+02 1.598431E+02 -3.88899E-09  3.29346E-06 1.549E-05 1.814E-04 -4.892E-05 -5.417E-04 -3.343E-05 -3.603E-04 -3.343E-05  9.999E+01 -3.636E-04 3.671E-04
    74 4.777969E+00 5.251766E+01     1 2.400E+01 1.598427E+02 1.598431E+02 -4.23735E-09  3.28922E-06 1.698E-05 1.984E-04 -5.374E-05 -5.955E-04 -3.676E-05 -3.971E-04 -3.676E-05  9.999E+01 -4.004E-04 4.039E-04
    75 5.255766E+00 5.777343E+01     1 2.400E+01 1.598426E+02 1.598431E+02 -4.62469E-09  3.28460E-06 1.861E-05 2.170E-04 -5.903E-05 -6.545E-04 -4.042E-05 -4.375E-04 -4.042E-05  9.999E+01 -4.408E-04 4.443E-04
    76 5.781343E+00 6.355477E+01     1 2.400E+01 1.598426E+02 1.598431E+02 -5.05653E-09  3.27954E-06 2.039E-05 2.374E-04 -6.483E-05 -7.193E-04 -4.444E-05 -4.819E-04 -4.444E-05  9.999E+01 -4.852E-04 4.887E-04
    77 6.359477E+00 6.991425E+01     1 2.400E+01 1.598425E+02 1.598431E+02 -5.54003E-09  3.27400E-06 2.232E-05 2.597E-04 -7.119E-05 -7.905E-04 -4.887E-05 -5.308E-04 -4.886E-05  9.999E+01 -5.341E-04 5.376E-04
    78 6.995425E+00 7.690967E+01     1 2.400E+01 1.598425E+02 1.598431E+02 -6.08484E-09  3.26792E-06 2.443E-05 2.841E-04 -7.816E-05 -8.687E-04 -5.373E-05 -5.845E-04 -5.373E-05  9.999E+01 -5.878E-04 5.913E-04
    79 7.694967E+00 8.460464E+01     1 2.400E+01 1.598424E+02 1.598431E+02 -6.70483E-09  3.26121E-06 2.671E-05 3.109E-04 -8.580E-05 -9.545E-04 -5.909E-05 -6.436E-04 -5.908E-05  9.999E+01 -6.469E-04 6.504E-04
    80 8.464464E+00 9.306910E+01     2 2.450E+01 1.598423E+02 1.598430E+02 -6.49900E-05 -6.17288E-05 2.917E-05 3.400E-04 -9.410E-05 -1.049E-03 -6.493E-05 -7.086E-04  5.613E-08 -8.644E-02 -6.468E-04 6.505E-04
    81 9.310910E+00 1.023800E+02     2 2.450E+01 1.598423E+02 1.598429E+02 -7.15228E-05 -1.33252E-04 3.180E-05 3.718E-04 -1.032E-04 -1.152E-03 -7.138E-05 -7.799E-04  1.454E-07 -2.037E-01 -6.467E-04 6.506E-04
    82 1.000000E+01 1.123800E+02     1 2.300E+01 1.598422E+02 1.598429E+02 -1.00242E-08 -1.33262E-04 3.406E-05 4.059E-04 -1.106E-04 -1.262E-03 -7.657E-05 -8.565E-04 -7.656E-05  9.999E+01 -7.232E-04 7.272E-04
    83 1.000000E+01 1.223800E+02     2 2.450E+01 1.598421E+02 1.598428E+02 -7.50408E-05 -2.08302E-04 3.485E-05 4.407E-04 -1.105E-04 -1.373E-03 -7.569E-05 -9.322E-04 -6.505E-07  8.594E-01 -7.239E-04 7.278E-04
    84 1.000000E+01 1.323800E+02     2 2.500E+01 1.598420E+02 1.598428E+02 -7.41204E-05 -2.82423E-04 3.612E-05 4.769E-04 -1.106E-04 -1.484E-03 -7.444E-05 -1.007E-03 -3.243E-07  4.356E-01 -7.242E-04 7.282E-04
    85 1.000000E+01 1.423800E+02     2 2.500E+01 1.598420E+02 1.598427E+02 -7.34460E-05 -3.55869E-04 3.708E-05 5.139E-04 -1.107E-04 -1.594E-03 -7.364E-05 -1.080E-03 -1.958E-07  2.659E-01 -7.244E-04 7.283E-04
    86 1.000000E+01 1.523800E+02     2 2.500E+01 1.598419E+02 1.598426E+02 -7.29240E-05 -4.28793E-04 3.782E-05 5.518E-04 -1.109E-04 -1.705E-03 -7.305E-05 -1.153E-03 -1.303E-07  1.783E-01 -7.246E-04 7.285E-04
    87 1.000000E+01 1.623800E+02     2 2.400E+01 1.598418E+02 1.598425E+02 -7.27914E-05 -5.01584E-04 3.815E-05 5.899E-04 -1.109E-04 -1.816E-03 -7.275E-05 -1.226E-03  4.137E-08 -5.686E-02 -7.245E-04 7.285E-04
    88 1.000000E+01 1.723800E+02     2 2.450E+01 1.598418E+02 1.598425E+02 -7.24552E-05 -5.74039E-04 3.831E-05 6.282E-04 -1.108E-04 -1.927E-03 -7.253E-05 -1.299E-03 -7.227E-08  9.964E-02 -7.246E-04 7.286E-04
    89 1.000000E+01 1.823800E+02     2 2.450E+01 1.598417E+02 1.598424E+02 -7.21386E-05 -6.46178E-04 3.861E-05 6.668E-04 -1.108E-04 -2.038E-03 -7.221E-05 -1.371E-03 -6.691E-08  9.267E-02 -7.246E-04 7.287E-04
    90 1.000000E+01 1.923800E+02     2 2.450E+01 1.598416E+02 1.598423E+02 -7.18413E-05 -7.18019E-04 3.890E-05 7.057E-04 -1.108E-04 -2.148E-03 -7.190E-05 -1.443E-03 -6.086E-08  8.464E-02 -7.247E-04 7.287E-04
    91 1.000000E+01 2.023800E+02     2 2.450E+01 1.598415E+02 1.598423E+02 -7.15644E-05 -7.89584E-04 3.916E-05 7.449E-04 -1.108E-04 -2.259E-03 -7.162E-05 -1.514E-03 -5.333E-08  7.447E-02 -7.248E-04 7.288E-04
    92 1.000000E+01 2.123800E+02     2 2.450E+01 1.598415E+02 1.598422E+02 -7.13202E-05 -8.60904E-04 3.941E-05 7.843E-04 -1.108E-04 -2.370E-03 -7.136E-05 -1.586E-03 -3.864E-08  5.414E-02 -7.248E-04 7.288E-04
    93 1.000000E+01 2.223800E+02     1 2.400E+01 1.598414E+02 1.598422E+02 -7.41457E-09 -8.60911E-04 3.949E-05 8.238E-04 -1.108E-04 -2.481E-03 -7.127E-05 -1.657E-03 -7.126E-05  9.999E+01 -7.961E-04 8.001E-04
    94 1.000000E+01 2.323800E+02     1 2.500E+01 1.598413E+02 1.598422E+02 -5.92149E-09 -8.60917E-04 3.945E-05 8.632E-04 -1.107E-04 -2.591E-03 -7.126E-05 -1.728E-03 -7.125E-05  9.999E+01 -8.673E-04 8.713E-04
    95 1.000000E+01 2.423800E+02     1 2.500E+01 1.598413E+02 1.598422E+02 -5.95601E-09 -8.60923E-04 3.943E-05 9.027E-04 -1.106E-04 -2.702E-03 -7.118E-05 -1.799E-03 -7.117E-05  9.999E+01 -9.385E-04 9.425E-04
    96 1.000000E+01 2.523800E+02     1 2.500E+01 1.598412E+02 1.598422E+02 -6.00782E-09 -8.60929E-04 3.941E-05 9.421E-04 -1.105E-04 -2.813E-03 -7.111E-05 -1.871E-03 -7.110E-05  9.999E+01 -1.010E-03 1.014E-03
    97 1.000000E+01 2.623800E+02     1 2.500E+01 1.598411E+02 1.598422E+02 -6.05664E-09 -8.60935E-04 3.939E-05 9.814E-04 -1.104E-04 -2.923E-03 -7.104E-05 -1.942E-03 -7.104E-05  9.999E+01 -1.081E-03 1.085E-03
    98 1.000000E+01 2.723800E+02     1 2.500E+01 1.598410E+02 1.598422E+02 -6.10247E-09 -8.60941E-04 3.936E-05 1.021E-03 -1.103E-04 -3.033E-03 -7.098E-05 -2.013E-03 -7.098E-05  9.999E+01 -1.152E-03 1.156E-03
    99 1.000000E+01 2.823800E+02     1 2.500E+01 1.598410E+02 1.598422E+02 -6.14562E-09 -8.60948E-04 3.934E-05 1.060E-03 -1.103E-04 -3.144E-03 -7.092E-05 -2.083E-03 -7.092E-05  9.999E+01 -1.223E-03 1.227E-03
   100 1.000000E+01 2.923800E+02     1 2.500E+01 1.598409E+02 1.598422E+02 -6.18635E-09 -8.60954E-04 3.932E-05 1.099E-03 -1.102E-04 -3.254E-03 -7.087E-05 -2.154E-03 -7.086E-05  9.999E+01 -1.293E-03 1.297E-03
   101 1.000000E+01 3.023800E+02     1 2.500E+01 1.598408E+02 1.598422E+02 -6.22488E-09 -8.60960E-04 3.929E-05 1.139E-03 -1.101E-04 -3.364E-03 -7.082E-05 -2.225E-03 -7.081E-05  9.999E+01 -1.364E-03 1.368E-03
   102 1.000000E+01 3.123800E+02     1 2.500E+01 1.598408E+02 1.598422E+02 -6.26141E-09 -8.60966E-04 3.927E-05 1.178E-03 -1.100E-04 -3.474E-03 -7.077E-05 -2.296E-03 -7.076E-05  9.999E+01 -1.435E-03 1.439E-03
   103 1.000000E+01 3.223800E+02     1 2.500E+01 1.598407E+02 1.598422E+02 -6.29612E-09 -8.60972E-04 3.925E-05 1.217E-03 -1.100E-04 -3.584E-03 -7.072E-05 -2.367E-03 -7.071E-05  9.999E+01 -1.506E-03 1.510E-03
   104 1.000000E+01 3.323800E+02     1 2.500E+01 1.598406E+02 1.598422E+02 -6.32914E-09 -8.60979E-04 3.923E-05 1.257E-03 -1.099E-04 -3.694E-03 -7.067E-05 -2.437E-03 -7.067E-05  9.999E+01 -1.576E-03 1.580E-03
   105 1.000000E+01 3.423800E+02     1 2.500E+01 1.598405E+02 1.598422E+02 -6.36063E-09 -8.60985E-04 3.920E-05 1.296E-03 -1.098E-04 -3.804E-03 -7.063E-05 -2.508E-03 -7.062E-05  9.999E+01 -1.647E-03 1.651E-03
   106 1.000000E+01 3.523800E+02     1 2.400E+01 1.598405E+02 1.598422E+02 -6.39070E-09 -8.60992E-04 3.918E-05 1.335E-03 -1.098E-04 -3.913E-03 -7.059E-05 -2.579E-03 -7.058E-05  9.999E+01 -1.718E-03 1.722E-03
   107 1.000000E+01 3.623800E+02     1 2.400E+01 1.598404E+02 1.598422E+02 -6.41945E-09 -8.60998E-04 3.916E-05 1.374E-03 -1.097E-04 -4.023E-03 -7.055E-05 -2.649E-03 -7.054E-05  9.999E+01 -1.788E-03 1.792E-03
   108 1.000000E+01 3.723800E+02     1 2.400E+01 1.598403E+02 1.598422E+02 -6.44699E-09 -8.61004E-04 3.914E-05 1.413E-03 -1.097E-04 -4.133E-03 -7.051E-05 -2.720E-03 -7.050E-05  9.999E+01 -1.859E-03 1.863E-03
   109 1.000000E+01 3.823800E+02     1 2.400E+01 1.598403E+02 1.598422E+02 -6.47338E-09 -8.61011E-04 3.912E-05 1.452E-03 -1.096E-04 -4.242E-03 -7.047E-05 -2.790E-03 -7.047E-05  9.999E+01 -1.929E-03 1.933E-03
   110 1.000000E+01 3.923800E+02     1 2.400E+01 1.598402E+02 1.598422E+02 -6.49872E-09 -8.61017E-04 3.910E-05 1.491E-03 -1.095E-04 -4.352E-03 -7.044E-05 -2.860E-03 -7.043E-05  9.999E+01 -1.999E-03 2.003E-03
   111 1.000000E+01 4.023800E+02     1 2.400E+01 1.598401E+02 1.598422E+02 -6.52305E-09 -8.61024E-04 3.909E-05 1.531E-03 -1.095E-04 -4.461E-03 -7.040E-05 -2.931E-03 -7.039E-05  9.999E+01 -2.070E-03 2.074E-03
   112 1.000000E+01 4.123800E+02     1 2.400E+01 1.598401E+02 1.598422E+02 -6.54643E-09 -8.61030E-04 3.907E-05 1.570E-03 -1.094E-04 -4.571E-03 -7.037E-05 -3.001E-03 -7.036E-05  9.999E+01 -2.140E-03 2.144E-03
   113 1.000000E+01 4.223800E+02     1 2.400E+01 1.598400E+02 1.598422E+02 -6.56892E-09 -8.61037E-04 3.905E-05 1.609E-03 -1.094E-04 -4.680E-03 -7.033E-05 -3.072E-03 -7.033E-05  9.999E+01 -2.211E-03 2.215E-03
   114 1.000000E+01 4.323800E+02     1 2.400E+01 1.598399E+02 1.598422E+02 -6.59057E-09 -8.61044E-04 3.903E-05 1.648E-03 -1.093E-04 -4.790E-03 -7.030E-05 -3.142E-03 -7.030E-05  9.999E+01 -2.281E-03 2.285E-03
   115 1.000000E+01 4.423800E+02     1 2.400E+01 1.598398E+02 1.598422E+02 -6.61141E-09 -8.61050E-04 3.902E-05 1.687E-03 -1.093E-04 -4.899E-03 -7.027E-05 -3.212E-03 -7.027E-05  9.999E+01 -2.351E-03 2.355E-03
   116 1.000000E+01 4.523800E+02     1 2.400E+01 1.598398E+02 1.598422E+02 -6.63149E-09 -8.61057E-04 3.900E-05 1.726E-03 -1.092E-04 -5.008E-03 -7.024E-05 -3.282E-03 -7.024E-05  9.999E+01 -2.421E-03 2.425E-03
   117 1.000000E+01 4.623800E+02     1 2.400E+01 1.598397E+02 1.598422E+02 -6.65083E-09 -8.61064E-04 3.899E-05 1.765E-03 -1.092E-04 -5.117E-03 -7.021E-05 -3.353E-03 -7.021E-05  9.999E+01 -2.492E-03 2.496E-03
   118 1.000000E+01 4.723800E+02     1 2.400E+01 1.598396E+02 1.598422E+02 -6.66947E-09 -8.61070E-04 3.898E-05 1.804E-03 -1.092E-04 -5.226E-03 -7.019E-05 -3.423E-03 -7.018E-05  9.999E+01 -2.562E-03 2.566E-03
   119 1.000000E+01 4.823800E+02     1 2.400E+01 1.598396E+02 1.598422E+02 -6.68744E-09 -8.61077E-04 3.896E-05 1.843E-03 -1.091E-04 -5.336E-03 -7.016E-05 -3.493E-03 -7.015E-05  9.999E+01 -2.632E-03 2.636E-03
   120 1.000000E+01 4.923800E+02     1 2.400E+01 1.598395E+02 1.598422E+02 -6.70477E-09 -8.61084E-04 3.895E-05 1.882E-03 -1.091E-04 -5.445E-03 -7.013E-05 -3.563E-03 -7.013E-05  9.999E+01 -2.702E-03 2.706E-03
   121 1.000000E+01 5.023800E+02     1 2.400E+01 1.598394E+02 1.598422E+02 -6.72147E-09 -8.61090E-04 3.894E-05 1.920E-03 -1.090E-04 -5.554E-03 -7.011E-05 -3.633E-03 -7.010E-05  9.999E+01 -2.772E-03 2.776E-03
   122 1.000000E+01 5.123800E+02     1 2.400E+01 1.598394E+02 1.598422E+02 -6.73759E-09 -8.61097E-04 3.892E-05 1.959E-03 -1.090E-04 -5.663E-03 -7.009E-05 -3.703E-03 -7.008E-05  9.999E+01 -2.842E-03 2.846E-03
   123 1.000000E+01 5.223800E+02     1 2.400E+01 1.598393E+02 1.598422E+02 -6.75313E-09 -8.61104E-04 3.891E-05 1.998E-03 -1.090E-04 -5.772E-03 -7.006E-05 -3.773E-03 -7.005E-05  9.999E+01 -2.912E-03 2.916E-03
   124 1.000000E+01 5.323800E+02     1 2.400E+01 1.598392E+02 1.598422E+02 -6.76812E-09 -8.61111E-04 3.890E-05 2.037E-03 -1.089E-04 -5.881E-03 -7.004E-05 -3.843E-03 -7.003E-05  9.999E+01 -2.982E-03 2.986E-03
   125 1.000000E+01 5.423800E+02     1 2.400E+01 1.598391E+02 1.598422E+02 -6.78258E-09 -8.61117E-04 3.889E-05 2.076E-03 -1.089E-04 -5.990E-03 -7.002E-05 -3.913E-03 -7.001E-05  9.999E+01 -3.052E-03 3.056E-03
   126 1.000000E+01 5.523800E+02     1 2.400E+01 1.598391E+02 1.598422E+02 -6.79652E-09 -8.61124E-04 3.888E-05 2.115E-03 -1.089E-04 -6.098E-03 -6.999E-05 -3.983E-03 -6.999E-05  9.999E+01 -3.122E-03 3.126E-03
   127 1.000000E+01 5.623800E+02     1 2.400E+01 1.598390E+02 1.598422E+02 -6.80998E-09 -8.61131E-04 3.887E-05 2.154E-03 -1.088E-04 -6.207E-03 -6.997E-05 -4.053E-03 -6.997E-05  9.999E+01 -3.192E-03 3.196E-03
   128 1.000000E+01 5.723800E+02     1 2.400E+01 1.598389E+02 1.598422E+02 -6.82295E-09 -8.61138E-04 3.886E-05 2.193E-03 -1.088E-04 -6.316E-03 -6.995E-05 -4.123E-03 -6.995E-05  9.999E+01 -3.262E-03 3.266E-03
   129 1.000000E+01 5.823800E+02     1 2.400E+01 1.598389E+02 1.598422E+02 -6.83547E-09 -8.61145E-04 3.886E-05 2.232E-03 -1.088E-04 -6.425E-03 -6.993E-05 -4.193E-03 -6.993E-05  9.999E+01 -3.332E-03 3.336E-03
   130 1.000000E+01 5.923800E+02     1 2.400E+01 1.598388E+02 1.598422E+02 -6.84754E-09 -8.61151E-04 3.885E-05 2.270E-03 -1.088E-04 -6.534E-03 -6.991E-05 -4.263E-03 -6.991E-05  9.999E+01 -3.402E-03 3.406E-03
   131 1.000000E+01 6.023800E+02     1 2.400E+01 1.598387E+02 1.598422E+02 -6.85919E-09 -8.61158E-04 3.884E-05 2.309E-03 -1.087E-04 -6.642E-03 -6.990E-05 -4.333E-03 -6.989E-05  9.999E+01 -3.472E-03 3.476E-03
   132 1.000000E+01 6.123800E+02     1 2.400E+01 1.598387E+02 1.598422E+02 -6.87042E-09 -8.61165E-04 3.883E-05 2.348E-03 -1.087E-04 -6.751E-03 -6.988E-05 -4.403E-03 -6.987E-05  9.999E+01 -3.542E-03 3.546E-03
   133 1.000000E+01 6.223800E+02     1 2.400E+01 1.598386E+02 1.598422E+02 -6.88126E-09 -8.61172E-04 3.882E-05 2.387E-03 -1.087E-04 -6.860E-03 -6.986E-05 -4.473E-03 -6.985E-05  9.999E+01 -3.612E-03 3.616E-03
   134 1.000000E+01 6.323800E+02     1 2.400E+01 1.598385E+02 1.598422E+02 -6.89171E-09 -8.61179E-04 3.882E-05 2.426E-03 -1.087E-04 -6.968E-03 -6.984E-05 -4.543E-03 -6.983E-05  9.999E+01 -3.681E-03 3.685E-03
   135 1.000000E+01 6.423800E+02     1 2.400E+01 1.598384E+02 1.598422E+02 -6.90178E-09 -8.61186E-04 3.881E-05 2.465E-03 -1.086E-04 -7.077E-03 -6.982E-05 -4.612E-03 -6.982E-05  9.999E+01 -3.751E-03 3.755E-03
   136 1.000000E+01 6.523800E+02     1 2.400E+01 1.598384E+02 1.598422E+02 -6.91150E-09 -8.61193E-04 3.880E-05 2.503E-03 -1.086E-04 -7.186E-03 -6.981E-05 -4.682E-03 -6.980E-05  9.999E+01 -3.821E-03 3.825E-03
   137 1.000000E+01 6.623800E+02     1 2.400E+01 1.598383E+02 1.598422E+02 -6.92087E-09 -8.61200E-04 3.880E-05 2.542E-03 -1.086E-04 -7.294E-03 -6.979E-05 -4.752E-03 -6.978E-05  9.999E+01 -3.891E-03 3.895E-03
   138 1.000000E+01 6.723800E+02     1 2.400E+01 1.598382E+02 1.598422E+02 -6.92990E-09 -8.61207E-04 3.879E-05 2.581E-03 -1.086E-04 -7.403E-03 -6.978E-05 -4.822E-03 -6.977E-05  9.999E+01 -3.961E-03 3.965E-03
   139 1.000000E+01 6.823800E+02     1 2.400E+01 1.598382E+02 1.598422E+02 -6.93861E-09 -8.61214E-04 3.879E-05 2.620E-03 -1.085E-04 -7.511E-03 -6.976E-05 -4.892E-03 -6.975E-05  9.999E+01 -4.030E-03 4.034E-03
   140 1.000000E+01 6.923800E+02     1 2.400E+01 1.598381E+02 1.598422E+02 -6.94701E-09 -8.61221E-04 3.878E-05 2.659E-03 -1.085E-04 -7.620E-03 -6.974E-05 -4.961E-03 -6.974E-05  9.999E+01 -4.100E-03 4.104E-03
   141 1.000000E+01 7.023800E+02     1 2.400E+01 1.598380E+02 1.598422E+02 -6.95510E-09 -8.61227E-04 3.878E-05 2.697E-03 -1.085E-04 -7.728E-03 -6.973E-05 -5.031E-03 -6.972E-05  9.999E+01 -4.170E-03 4.174E-03
   142 1.000000E+01 7.123800E+02     1 2.400E+01 1.598380E+02 1.598422E+02 -6.96290E-09 -8.61234E-04 3.877E-05 2.736E-03 -1.085E-04 -7.837E-03 -6.971E-05 -5.101E-03 -6.971E-05  9.999E+01 -4.240E-03 4.244E-03
   143 1.000000E+01 7.223800E+02     1 2.400E+01 1.598379E+02 1.598422E+02 -6.97042E-09 -8.61241E-04 3.877E-05 2.775E-03 -1.085E-04 -7.945E-03 -6.970E-05 -5.171E-03 -6.969E-05  9.999E+01 -4.309E-03 4.313E-03
   144 1.000000E+01 7.323800E+02     1 2.400E+01 1.598378E+02 1.598422E+02 -6.97766E-09 -8.61248E-04 3.877E-05 2.814E-03 -1.085E-04 -8.054E-03 -6.969E-05 -5.240E-03 -6.968E-05  9.999E+01 -4.379E-03 4.383E-03
   145 1.000000E+01 7.423800E+02     1 2.400E+01 1.598377E+02 1.598422E+02 -6.98464E-09 -8.61255E-04 3.876E-05 2.852E-03 -1.084E-04 -8.162E-03 -6.967E-05 -5.310E-03 -6.967E-05  9.999E+01 -4.449E-03 4.453E-03
   146 1.000000E+01 7.523800E+02     1 2.400E+01 1.598377E+02 1.598422E+02 -6.99137E-09 -8.61262E-04 3.876E-05 2.891E-03 -1.084E-04 -8.271E-03 -6.966E-05 -5.380E-03 -6.965E-05  9.999E+01 -4.518E-03 4.522E-03
   147 1.000000E+01 7.623800E+02     1 2.400E+01 1.598376E+02 1.598422E+02 -6.99785E-09 -8.61269E-04 3.876E-05 2.930E-03 -1.084E-04 -8.379E-03 -6.965E-05 -5.449E-03 -6.964E-05  9.999E+01 -4.588E-03 4.592E-03
   148 1.000000E+01 7.723800E+02     1 2.400E+01 1.598375E+02 1.598422E+02 -7.00409E-09 -8.61276E-04 3.875E-05 2.969E-03 -1.084E-04 -8.487E-03 -6.963E-05 -5.519E-03 -6.963E-05  9.999E+01 -4.658E-03 4.662E-03
   149 1.000000E+01 7.823800E+02     1 2.400E+01 1.598375E+02 1.598422E+02 -7.01010E-09 -8.61283E-04 3.875E-05 3.007E-03 -1.084E-04 -8.596E-03 -6.962E-05 -5.588E-03 -6.961E-05  9.999E+01 -4.727E-03 4.731E-03
   150 1.000000E+01 7.923800E+02     1 2.400E+01 1.598374E+02 1.598422E+02 -7.01589E-09 -8.61290E-04 3.875E-05 3.046E-03 -1.084E-04 -8.704E-03 -6.961E-05 -5.658E-03 -6.960E-05  9.999E+01 -4.797E-03 4.801E-03
   151 1.000000E+01 8.023800E+02     1 2.400E+01 1.598373E+02 1.598422E+02 -7.02146E-09 -8.61297E-04 3.875E-05 3.085E-03 -1.083E-04 -8.813E-03 -6.960E-05 -5.728E-03 -6.959E-05  9.999E+01 -4.866E-03 4.870E-03
   152 1.000000E+01 8.123800E+02     1 2.400E+01 1.598373E+02 1.598422E+02 -7.02683E-09 -8.61304E-04 3.874E-05 3.124E-03 -1.083E-04 -8.921E-03 -6.958E-05 -5.797E-03 -6.958E-05  9.999E+01 -4.936E-03 4.940E-03
   153 1.000000E+01 8.223800E+02     1 2.400E+01 1.598372E+02 1.598422E+02 -7.03199E-09 -8.61311E-04 3.874E-05 3.162E-03 -1.083E-04 -9.029E-03 -6.957E-05 -5.867E-03 -6.956E-05  9.999E+01 -5.005E-03 5.009E-03
   154 1.000000E+01 8.323800E+02     1 2.400E+01 1.598371E+02 1.598422E+02 -7.03736E-09 -8.61318E-04 3.874E-05 3.201E-03 -1.083E-04 -9.137E-03 -6.956E-05 -5.936E-03 -6.955E-05  9.999E+01 -5.075E-03 5.079E-03
   155 1.000000E+01 8.423800E+02     1 2.400E+01 1.598370E+02 1.598422E+02 -7.04250E-09 -8.61326E-04 3.874E-05 3.240E-03 -1.083E-04 -9.246E-03 -6.955E-05 -6.006E-03 -6.954E-05  9.999E+01 -5.145E-03 5.149E-03
   156 1.000000E+01 8.523800E+02     1 2.400E+01 1.598370E+02 1.598422E+02 -7.04655E-09 -8.61333E-04 3.874E-05 3.279E-03 -1.083E-04 -9.354E-03 -6.954E-05 -6.075E-03 -6.953E-05  9.999E+01 -5.214E-03 5.218E-03
   157 1.000000E+01 8.623800E+02     1 2.400E+01 1.598369E+02 1.598422E+02 -7.05078E-09 -8.61340E-04 3.874E-05 3.317E-03 -1.083E-04 -9.462E-03 -6.953E-05 -6.145E-03 -6.952E-05  9.999E+01 -5.284E-03 5.288E-03
   158 1.000000E+01 8.723800E+02     1 2.400E+01 1.598368E+02 1.598422E+02 -7.05490E-09 -8.61347E-04 3.874E-05 3.356E-03 -1.082E-04 -9.571E-03 -6.951E-05 -6.214E-03 -6.951E-05  9.999E+01 -5.353E-03 5.357E-03
   159 1.000000E+01 8.823800E+02     1 2.400E+01 1.598368E+02 1.598422E+02 -7.05889E-09 -8.61354E-04 3.874E-05 3.395E-03 -1.082E-04 -9.679E-03 -6.950E-05 -6.284E-03 -6.950E-05  9.999E+01 -5.423E-03 5.427E-03
   160 1.000000E+01 8.923800E+02     1 2.400E+01 1.598367E+02 1.598422E+02 -7.06275E-09 -8.61361E-04 3.873E-05 3.434E-03 -1.082E-04 -9.787E-03 -6.949E-05 -6.353E-03 -6.949E-05  9.999E+01 -5.492E-03 5.496E-03
   161 1.000000E+01 9.023800E+02     1 2.400E+01 1.598366E+02 1.598422E+02 -7.06646E-09 -8.61368E-04 3.873E-05 3.472E-03 -1.082E-04 -9.895E-03 -6.948E-05 -6.423E-03 -6.947E-05  9.999E+01 -5.562E-03 5.566E-03
   162 1.000000E+01 9.123800E+02     1 2.400E+01 1.598366E+02 1.598422E+02 -7.07004E-09 -8.61375E-04 3.873E-05 3.511E-03 -1.082E-04 -1.000E-02 -6.947E-05 -6.492E-03 -6.946E-05  9.999E+01 -5.631E-03 5.635E-03
   163 1.000000E+01 9.223800E+02     1 2.400E+01 1.598365E+02 1.598422E+02 -7.07348E-09 -8.61382E-04 3.873E-05 3.550E-03 -1.082E-04 -1.011E-02 -6.946E-05 -6.562E-03 -6.945E-05  9.999E+01 -5.700E-03 5.705E-03
   164 1.000000E+01 9.323800E+02     1 2.400E+01 1.598364E+02 1.598422E+02 -7.07679E-09 -8.61389E-04 3.873E-05 3.588E-03 -1.082E-04 -1.022E-02 -6.945E-05 -6.631E-03 -6.944E-05  9.999E+01 -5.770E-03 5.774E-03
   165 1.000000E+01 9.423800E+02     1 2.400E+01 1.598364E+02 1.598422E+02 -7.07998E-09 -8.61396E-04 3.873E-05 3.627E-03 -1.082E-04 -1.033E-02 -6.944E-05 -6.701E-03 -6.943E-05  9.999E+01 -5.839E-03 5.843E-03
   166 1.000000E+01 9.523800E+02     1 2.400E+01 1.598363E+02 1.598422E+02 -7.08303E-09 -8.61403E-04 3.873E-05 3.666E-03 -1.082E-04 -1.044E-02 -6.943E-05 -6.770E-03 -6.942E-05  9.999E+01 -5.909E-03 5.913E-03
   167 1.000000E+01 9.623800E+02     1 2.400E+01 1.598362E+02 1.598422E+02 -7.08597E-09 -8.61410E-04 3.873E-05 3.705E-03 -1.082E-04 -1.054E-02 -6.942E-05 -6.840E-03 -6.941E-05  9.999E+01 -5.978E-03 5.982E-03
   168 1.000000E+01 9.723800E+02     1 2.400E+01 1.598361E+02 1.598422E+02 -7.08879E-09 -8.61417E-04 3.873E-05 3.743E-03 -1.081E-04 -1.065E-02 -6.941E-05 -6.909E-03 -6.940E-05  9.999E+01 -6.048E-03 6.052E-03
   169 1.000000E+01 9.823800E+02     1 2.400E+01 1.598361E+02 1.598422E+02 -7.09150E-09 -8.61425E-04 3.873E-05 3.782E-03 -1.081E-04 -1.076E-02 -6.940E-05 -6.978E-03 -6.939E-05  9.999E+01 -6.117E-03 6.121E-03
   170 1.000000E+01 9.923800E+02     1 2.400E+01 1.598360E+02 1.598422E+02 -7.09409E-09 -8.61432E-04 3.873E-05 3.821E-03 -1.081E-04 -1.087E-02 -6.939E-05 -7.048E-03 -6.938E-05  9.999E+01 -6.186E-03 6.190E-03
   171 1.000000E+01 1.002380E+03     1 2.400E+01 1.598359E+02 1.598422E+02 -7.09658E-09 -8.61439E-04 3.873E-05 3.860E-03 -1.081E-04 -1.098E-02 -6.938E-05 -7.117E-03 -6.937E-05  9.999E+01 -6.256E-03 6.260E-03
   172 1.000000E+01 1.012380E+03     1 2.400E+01 1.598359E+02 1.598422E+02 -7.09896E-09 -8.61446E-04 3.874E-05 3.898E-03 -1.081E-04 -1.108E-02 -6.937E-05 -7.187E-03 -6.936E-05  9.999E+01 -6.325E-03 6.329E-03
   173 1.000000E+01 1.022380E+03     1 2.400E+01 1.598358E+02 1.598422E+02 -7.10125E-09 -8.61453E-04 3.874E-05 3.937E-03 -1.081E-04 -1.119E-02 -6.936E-05 -7.256E-03 -6.935E-05  9.999E+01 -6.394E-03 6.398E-03
   174 1.000000E+01 1.032380E+03     1 2.400E+01 1.598357E+02 1.598422E+02 -7.10343E-09 -8.61460E-04 3.874E-05 3.976E-03 -1.081E-04 -1.130E-02 -6.935E-05 -7.325E-03 -6.935E-05  9.999E+01 -6.464E-03 6.468E-03
   175 1.000000E+01 1.042380E+03     1 2.400E+01 1.598357E+02 1.598422E+02 -7.10553E-09 -8.61467E-04 3.874E-05 4.015E-03 -1.081E-04 -1.141E-02 -6.934E-05 -7.395E-03 -6.934E-05  9.999E+01 -6.533E-03 6.537E-03
   176 1.000000E+01 1.052380E+03     1 2.400E+01 1.598356E+02 1.598422E+02 -7.10753E-09 -8.61474E-04 3.874E-05 4.053E-03 -1.081E-04 -1.152E-02 -6.933E-05 -7.464E-03 -6.933E-05  9.999E+01 -6.602E-03 6.607E-03
   177 1.000000E+01 1.062380E+03     1 2.400E+01 1.598355E+02 1.598422E+02 -7.10944E-09 -8.61481E-04 3.874E-05 4.092E-03 -1.081E-04 -1.163E-02 -6.932E-05 -7.533E-03 -6.932E-05  9.999E+01 -6.672E-03 6.676E-03
   178 1.000000E+01 1.072380E+03     1 2.400E+01 1.598355E+02 1.598422E+02 -7.11127E-09 -8.61488E-04 3.874E-05 4.131E-03 -1.081E-04 -1.173E-02 -6.932E-05 -7.603E-03 -6.931E-05  9.999E+01 -6.741E-03 6.745E-03
   179 1.000000E+01 1.082380E+03     1 2.400E+01 1.598354E+02 1.598422E+02 -7.11302E-09 -8.61496E-04 3.874E-05 4.170E-03 -1.080E-04 -1.184E-02 -6.931E-05 -7.672E-03 -6.930E-05  9.999E+01 -6.810E-03 6.814E-03
   180 1.000000E+01 1.092380E+03     1 2.400E+01 1.598353E+02 1.598422E+02 -7.11468E-09 -8.61503E-04 3.874E-05 4.208E-03 -1.080E-04 -1.195E-02 -6.930E-05 -7.741E-03 -6.929E-05  9.999E+01 -6.880E-03 6.884E-03
   181 1.000000E+01 1.102380E+03     1 2.400E+01 1.598352E+02 1.598422E+02 -7.11627E-09 -8.61510E-04 3.875E-05 4.247E-03 -1.080E-04 -1.206E-02 -6.929E-05 -7.810E-03 -6.928E-05  9.999E+01 -6.949E-03 6.953E-03
   182 1.000000E+01 1.112380E+03     1 2.400E+01 1.598352E+02 1.598422E+02 -7.11778E-09 -8.61517E-04 3.875E-05 4.286E-03 -1.080E-04 -1.217E-02 -6.928E-05 -7.880E-03 -6.927E-05  9.999E+01 -7.018E-03 7.022E-03
   183 1.000000E+01 1.122380E+03     1 2.400E+01 1.598351E+02 1.598422E+02 -7.11923E-09 -8.61524E-04 3.875E-05 4.325E-03 -1.080E-04 -1.227E-02 -6.927E-05 -7.949E-03 -6.926E-05  9.999E+01 -7.088E-03 7.092E-03
   184 1.000000E+01 1.132380E+03     1 2.400E+01 1.598350E+02 1.598422E+02 -7.12060E-09 -8.61531E-04 3.875E-05 4.363E-03 -1.080E-04 -1.238E-02 -6.926E-05 -8.018E-03 -6.925E-05  9.999E+01 -7.157E-03 7.161E-03
   185 1.000000E+01 1.142380E+03     1 2.400E+01 1.598350E+02 1.598422E+02 -7.12190E-09 -8.61538E-04 3.875E-05 4.402E-03 -1.080E-04 -1.249E-02 -6.925E-05 -8.088E-03 -6.925E-05  9.999E+01 -7.226E-03 7.230E-03
   186 1.000000E+01 1.152380E+03     1 2.400E+01 1.598349E+02 1.598422E+02 -7.12314E-09 -8.61545E-04 3.875E-05 4.441E-03 -1.080E-04 -1.260E-02 -6.924E-05 -8.157E-03 -6.924E-05  9.999E+01 -7.295E-03 7.299E-03
   187 1.000000E+01 1.162380E+03     1 2.400E+01 1.598348E+02 1.598422E+02 -7.12432E-09 -8.61553E-04 3.876E-05 4.480E-03 -1.080E-04 -1.271E-02 -6.924E-05 -8.226E-03 -6.923E-05  9.999E+01 -7.364E-03 7.369E-03
   188 1.000000E+01 1.172380E+03     1 2.400E+01 1.598348E+02 1.598422E+02 -7.12543E-09 -8.61560E-04 3.876E-05 4.518E-03 -1.080E-04 -1.281E-02 -6.923E-05 -8.295E-03 -6.922E-05  9.999E+01 -7.434E-03 7.438E-03
   189 1.000000E+01 1.182380E+03     1 2.400E+01 1.598347E+02 1.598422E+02 -7.12648E-09 -8.61567E-04 3.876E-05 4.557E-03 -1.080E-04 -1.292E-02 -6.922E-05 -8.364E-03 -6.921E-05  9.999E+01 -7.503E-03 7.507E-03
   190 1.000000E+01 1.192380E+03     1 2.400E+01 1.598346E+02 1.598422E+02 -7.12748E-09 -8.61574E-04 3.876E-05 4.596E-03 -1.080E-04 -1.303E-02 -6.921E-05 -8.434E-03 -6.920E-05  9.999E+01 -7.572E-03 7.576E-03
   191 1.000000E+01 1.202380E+03     1 2.400E+01 1.598346E+02 1.598422E+02 -7.12842E-09 -8.61581E-04 3.876E-05 4.635E-03 -1.080E-04 -1.314E-02 -6.920E-05 -8.503E-03 -6.919E-05  9.999E+01 -7.641E-03 7.645E-03
   192 1.000000E+01 1.212380E+03     1 2.400E+01 1.598345E+02 1.598422E+02 -7.12931E-09 -8.61588E-04 3.877E-05 4.673E-03 -1.080E-04 -1.325E-02 -6.919E-05 -8.572E-03 -6.919E-05  9.999E+01 -7.711E-03 7.715E-03
   193 1.000000E+01 1.222380E+03     1 2.400E+01 1.598344E+02 1.598422E+02 -7.13015E-09 -8.61595E-04 3.877E-05 4.712E-03 -1.080E-04 -1.335E-02 -6.918E-05 -8.641E-03 -6.918E-05  9.999E+01 -7.780E-03 7.784E-03
   194 1.000000E+01 1.232380E+03     1 2.400E+01 1.598343E+02 1.598422E+02 -7.13093E-09 -8.61602E-04 3.877E-05 4.751E-03 -1.079E-04 -1.346E-02 -6.918E-05 -8.710E-03 -6.917E-05  9.999E+01 -7.849E-03 7.853E-03
   195 1.000000E+01 1.242380E+03     1 2.400E+01 1.598343E+02 1.598422E+02 -7.13167E-09 -8.61610E-04 3.877E-05 4.790E-03 -1.079E-04 -1.357E-02 -6.917E-05 -8.780E-03 -6.916E-05  9.999E+01 -7.918E-03 7.922E-03
   196 1.000000E+01 1.252380E+03     1 2.400E+01 1.598342E+02 1.598422E+02 -7.13236E-09 -8.61617E-04 3.878E-05 4.828E-03 -1.079E-04 -1.368E-02 -6.916E-05 -8.849E-03 -6.915E-05  9.999E+01 -7.987E-03 7.991E-03
   197 1.000000E+01 1.262380E+03     1 2.400E+01 1.598341E+02 1.598422E+02 -7.13300E-09 -8.61624E-04 3.878E-05 4.867E-03 -1.079E-04 -1.379E-02 -6.915E-05 -8.918E-03 -6.914E-05  9.999E+01 -8.056E-03 8.060E-03
   198 1.000000E+01 1.272380E+03     1 2.400E+01 1.598341E+02 1.598422E+02 -7.13360E-09 -8.61631E-04 3.878E-05 4.906E-03 -1.079E-04 -1.389E-02 -6.914E-05 -8.987E-03 -6.914E-05  9.999E+01 -8.125E-03 8.129E-03
   199 1.000000E+01 1.282380E+03     1 2.400E+01 1.598340E+02 1.598422E+02 -7.13416E-09 -8.61638E-04 3.878E-05 4.945E-03 -1.079E-04 -1.400E-02 -6.913E-05 -9.056E-03 -6.913E-05  9.999E+01 -8.195E-03 8.199E-03
   200 1.000000E+01 1.292380E+03     1 2.400E+01 1.598339E+02 1.598422E+02 -7.13468E-09 -8.61645E-04 3.878E-05 4.984E-03 -1.079E-04 -1.411E-02 -6.913E-05 -9.125E-03 -6.912E-05  9.999E+01 -8.264E-03 8.268E-03
   201 1.000000E+01 1.302380E+03     1 2.400E+01 1.598339E+02 1.598422E+02 -7.13515E-09 -8.61652E-04 3.879E-05 5.022E-03 -1.079E-04 -1.422E-02 -6.912E-05 -9.194E-03 -6.911E-05  9.999E+01 -8.333E-03 8.337E-03
   202 1.000000E+01 1.312380E+03     1 2.400E+01 1.598338E+02 1.598422E+02 -7.13559E-09 -8.61659E-04 3.879E-05 5.061E-03 -1.079E-04 -1.432E-02 -6.911E-05 -9.264E-03 -6.910E-05  9.999E+01 -8.402E-03 8.406E-03
   203 1.000000E+01 1.322380E+03     1 2.400E+01 1.598337E+02 1.598422E+02 -7.13599E-09 -8.61667E-04 3.879E-05 5.100E-03 -1.079E-04 -1.443E-02 -6.910E-05 -9.333E-03 -6.909E-05  9.999E+01 -8.471E-03 8.475E-03
   204 1.000000E+01 1.332380E+03     1 2.400E+01 1.598337E+02 1.598422E+02 -7.13635E-09 -8.61674E-04 3.879E-05 5.139E-03 -1.079E-04 -1.454E-02 -6.909E-05 -9.402E-03 -6.909E-05  9.999E+01 -8.540E-03 8.544E-03
   205 1.000000E+01 1.342380E+03     1 2.400E+01 1.598336E+02 1.598422E+02 -7.13668E-09 -8.61681E-04 3.880E-05 5.178E-03 -1.079E-04 -1.465E-02 -6.909E-05 -9.471E-03 -6.908E-05  9.999E+01 -8.609E-03 8.613E-03
   206 1.000000E+01 1.352380E+03     1 2.400E+01 1.598335E+02 1.598422E+02 -7.13697E-09 -8.61688E-04 3.880E-05 5.216E-03 -1.079E-04 -1.476E-02 -6.908E-05 -9.540E-03 -6.907E-05  9.999E+01 -8.678E-03 8.682E-03
   207 1.000000E+01 1.362380E+03     1 2.400E+01 1.598334E+02 1.598422E+02 -7.13723E-09 -8.61695E-04 3.880E-05 5.255E-03 -1.079E-04 -1.486E-02 -6.907E-05 -9.609E-03 -6.906E-05  9.999E+01 -8.747E-03 8.751E-03
   208 1.000000E+01 1.372380E+03     1 2.400E+01 1.598334E+02 1.598422E+02 -7.13746E-09 -8.61702E-04 3.881E-05 5.294E-03 -1.079E-04 -1.497E-02 -6.906E-05 -9.678E-03 -6.905E-05  9.999E+01 -8.816E-03 8.820E-03
   209 1.000000E+01 1.382380E+03     1 2.400E+01 1.598333E+02 1.598422E+02 -7.13766E-09 -8.61709E-04 3.881E-05 5.333E-03 -1.079E-04 -1.508E-02 -6.905E-05 -9.747E-03 -6.905E-05  9.999E+01 -8.885E-03 8.889E-03
   210 1.000000E+01 1.392380E+03     1 2.400E+01 1.598332E+02 1.598422E+02 -7.13783E-09 -8.61717E-04 3.881E-05 5.372E-03 -1.079E-04 -1.519E-02 -6.904E-05 -9.816E-03 -6.904E-05  9.999E+01 -8.954E-03 8.958E-03
   211 1.000000E+01 1.402380E+03     1 2.400E+01 1.598332E+02 1.598422E+02 -7.13797E-09 -8.61724E-04 3.881E-05 5.410E-03 -1.079E-04 -1.530E-02 -6.904E-05 -9.885E-03 -6.903E-05  9.999E+01 -9.023E-03 9.027E-03
   212 1.000000E+01 1.412380E+03     1 2.400E+01 1.598331E+02 1.598422E+02 -7.13808E-09 -8.61731E-04 3.882E-05 5.449E-03 -1.078E-04 -1.540E-02 -6.903E-05 -9.954E-03 -6.902E-05  9.999E+01 -9.092E-03 9.096E-03
   213 1.000000E+01 1.422380E+03     1 2.400E+01 1.598330E+02 1.598422E+02 -7.13816E-09 -8.61738E-04 3.882E-05 5.488E-03 -1.078E-04 -1.551E-02 -6.902E-05 -1.002E-02 -6.901E-05  9.999E+01 -9.162E-03 9.166E-03
   214 1.000000E+01 1.432380E+03     1 2.400E+01 1.598330E+02 1.598422E+02 -7.13822E-09 -8.61745E-04 3.882E-05 5.527E-03 -1.078E-04 -1.562E-02 -6.901E-05 -1.009E-02 -6.901E-05  9.999E+01 -9.231E-03 9.235E-03
   215 1.000000E+01 1.442380E+03     1 2.400E+01 1.598329E+02 1.598422E+02 -7.13825E-09 -8.61752E-04 3.883E-05 5.566E-03 -1.078E-04 -1.573E-02 -6.900E-05 -1.016E-02 -6.900E-05  9.999E+01 -9.300E-03 9.304E-03
   216 1.000000E+01 1.452380E+03     1 2.400E+01 1.598328E+02 1.598422E+02 -7.13826E-09 -8.61759E-04 3.883E-05 5.604E-03 -1.078E-04 -1.583E-02 -6.900E-05 -1.023E-02 -6.899E-05  9.999E+01 -9.368E-03 9.373E-03
   217 1.000000E+01 1.462380E+03     1 2.400E+01 1.598328E+02 1.598422E+02 -7.13825E-09 -8.61767E-04 3.883E-05 5.643E-03 -1.078E-04 -1.594E-02 -6.899E-05 -1.030E-02 -6.898E-05  9.999E+01 -9.437E-03 9.441E-03
   218 1.000000E+01 1.472380E+03     1 2.400E+01 1.598327E+02 1.598422E+02 -7.13821E-09 -8.61774E-04 3.883E-05 5.682E-03 -1.078E-04 -1.605E-02 -6.898E-05 -1.037E-02 -6.897E-05  9.999E+01 -9.506E-03 9.510E-03
   219 1.000000E+01 1.482380E+03     1 2.400E+01 1.598326E+02 1.598422E+02 -7.13814E-09 -8.61781E-04 3.884E-05 5.721E-03 -1.078E-04 -1.616E-02 -6.897E-05 -1.044E-02 -6.897E-05  9.999E+01 -9.575E-03 9.579E-03
   220 1.000000E+01 1.492380E+03     1 2.400E+01 1.598326E+02 1.598422E+02 -7.13806E-09 -8.61788E-04 3.884E-05 5.760E-03 -1.078E-04 -1.627E-02 -6.896E-05 -1.051E-02 -6.896E-05  9.999E+01 -9.644E-03 9.648E-03
   221 1.000000E+01 1.502380E+03     1 2.400E+01 1.598325E+02 1.598422E+02 -7.13795E-09 -8.61795E-04 3.884E-05 5.799E-03 -1.078E-04 -1.637E-02 -6.896E-05 -1.058E-02 -6.895E-05  9.999E+01 -9.713E-03 9.717E-03
   222 1.000000E+01 1.512380E+03     1 2.400E+01 1.598324E+02 1.598422E+02 -7.13783E-09 -8.61802E-04 3.885E-05 5.838E-03 -1.078E-04 -1.648E-02 -6.895E-05 -1.064E-02 -6.894E-05  9.999E+01 -9.782E-03 9.786E-03
   223 1.000000E+01 1.522380E+03     1 2.400E+01 1.598323E+02 1.598422E+02 -7.13768E-09 -8.61809E-04 3.885E-05 5.876E-03 -1.078E-04 -1.659E-02 -6.894E-05 -1.071E-02 -6.893E-05  9.999E+01 -9.851E-03 9.855E-03
   224 1.000000E+01 1.532380E+03     1 2.400E+01 1.598323E+02 1.598422E+02 -7.13752E-09 -8.61817E-04 3.885E-05 5.915E-03 -1.078E-04 -1.670E-02 -6.893E-05 -1.078E-02 -6.893E-05  9.999E+01 -9.920E-03 9.924E-03
   225 1.000000E+01 1.542380E+03     1 2.400E+01 1.598322E+02 1.598422E+02 -7.13734E-09 -8.61824E-04 3.885E-05 5.954E-03 -1.078E-04 -1.680E-02 -6.892E-05 -1.085E-02 -6.892E-05  9.999E+01 -9.989E-03 9.993E-03
   226 1.000000E+01 1.552380E+03     1 2.400E+01 1.598321E+02 1.598422E+02 -7.13713E-09 -8.61831E-04 3.886E-05 5.993E-03 -1.078E-04 -1.691E-02 -6.892E-05 -1.092E-02 -6.891E-05  9.999E+01 -1.006E-02 1.006E-02
   227 1.000000E+01 1.562380E+03     1 2.400E+01 1.598321E+02 1.598422E+02 -7.13692E-09 -8.61838E-04 3.886E-05 6.032E-03 -1.078E-04 -1.702E-02 -6.891E-05 -1.099E-02 -6.890E-05  9.999E+01 -1.013E-02 1.013E-02
   228 1.000000E+01 1.572380E+03     1 2.400E+01 1.598320E+02 1.598422E+02 -7.13668E-09 -8.61845E-04 3.886E-05 6.071E-03 -1.078E-04 -1.713E-02 -6.890E-05 -1.106E-02 -6.889E-05  9.999E+01 -1.020E-02 1.020E-02
   229 1.000000E+01 1.582380E+03     1 2.400E+01 1.598319E+02 1.598422E+02 -7.13643E-09 -8.61852E-04 3.887E-05 6.110E-03 -1.078E-04 -1.724E-02 -6.889E-05 -1.113E-02 -6.889E-05  9.999E+01 -1.026E-02 1.027E-02
   230 1.000000E+01 1.592380E+03     1 2.400E+01 1.598319E+02 1.598422E+02 -7.13616E-09 -8.61859E-04 3.887E-05 6.148E-03 -1.078E-04 -1.734E-02 -6.888E-05 -1.120E-02 -6.888E-05  9.999E+01 -1.033E-02 1.034E-02
   231 1.000000E+01 1.602380E+03     1 2.400E+01 1.598318E+02 1.598422E+02 -7.13588E-09 -8.61866E-04 3.887E-05 6.187E-03 -1.078E-04 -1.745E-02 -6.888E-05 -1.126E-02 -6.887E-05  9.999E+01 -1.040E-02 1.041E-02
   232 1.000000E+01 1.612380E+03     1 2.400E+01 1.598317E+02 1.598422E+02 -7.13558E-09 -8.61874E-04 3.888E-05 6.226E-03 -1.077E-04 -1.756E-02 -6.887E-05 -1.133E-02 -6.886E-05  9.999E+01 -1.047E-02 1.048E-02
   233 1.000000E+01 1.622380E+03     1 2.400E+01 1.598317E+02 1.598422E+02 -7.13527E-09 -8.61881E-04 3.888E-05 6.265E-03 -1.077E-04 -1.767E-02 -6.886E-05 -1.140E-02 -6.885E-05  9.999E+01 -1.054E-02 1.054E-02
   234 1.000000E+01 1.632380E+03     1 2.400E+01 1.598316E+02 1.598422E+02 -7.13494E-09 -8.61888E-04 3.888E-05 6.304E-03 -1.077E-04 -1.777E-02 -6.885E-05 -1.147E-02 -6.885E-05  9.999E+01 -1.061E-02 1.061E-02
   235 1.000000E+01 1.642380E+03     1 2.400E+01 1.598315E+02 1.598422E+02 -7.13460E-09 -8.61895E-04 3.889E-05 6.343E-03 -1.077E-04 -1.788E-02 -6.884E-05 -1.154E-02 -6.884E-05  9.999E+01 -1.068E-02 1.068E-02
   236 1.000000E+01 1.652380E+03     1 2.400E+01 1.598314E+02 1.598422E+02 -7.13424E-09 -8.61902E-04 3.889E-05 6.382E-03 -1.077E-04 -1.799E-02 -6.884E-05 -1.161E-02 -6.883E-05  9.999E+01 -1.075E-02 1.075E-02
   237 1.000000E+01 1.662380E+03     1 2.400E+01 1.598314E+02 1.598422E+02 -7.13388E-09 -8.61909E-04 3.889E-05 6.421E-03 -1.077E-04 -1.810E-02 -6.883E-05 -1.168E-02 -6.882E-05  9.999E+01 -1.082E-02 1.082E-02
   238 1.000000E+01 1.672380E+03     1 2.400E+01 1.598313E+02 1.598422E+02 -7.13350E-09 -8.61916E-04 3.890E-05 6.459E-03 -1.077E-04 -1.821E-02 -6.882E-05 -1.175E-02 -6.881E-05  9.999E+01 -1.088E-02 1.089E-02
   239 1.000000E+01 1.682380E+03     1 2.400E+01 1.598312E+02 1.598422E+02 -7.13311E-09 -8.61924E-04 3.890E-05 6.498E-03 -1.077E-04 -1.831E-02 -6.881E-05 -1.181E-02 -6.881E-05  9.999E+01 -1.095E-02 1.096E-02
   240 1.000000E+01 1.692380E+03     1 2.400E+01 1.598312E+02 1.598422E+02 -7.13270E-09 -8.61931E-04 3.890E-05 6.537E-03 -1.077E-04 -1.842E-02 -6.881E-05 -1.188E-02 -6.880E-05  9.999E+01 -1.102E-02 1.103E-02
   241 1.000000E+01 1.702380E+03     1 2.400E+01 1.598311E+02 1.598422E+02 -7.13229E-09 -8.61938E-04 3.891E-05 6.576E-03 -1.077E-04 -1.853E-02 -6.880E-05 -1.195E-02 -6.879E-05  9.999E+01 -1.109E-02 1.109E-02
   242 1.000000E+01 1.712380E+03     1 2.400E+01 1.598310E+02 1.598422E+02 -7.13186E-09 -8.61945E-04 3.891E-05 6.615E-03 -1.077E-04 -1.864E-02 -6.879E-05 -1.202E-02 -6.878E-05  9.999E+01 -1.116E-02 1.116E-02
   243 1.000000E+01 1.722380E+03     1 2.400E+01 1.598310E+02 1.598422E+02 -7.13143E-09 -8.61952E-04 3.891E-05 6.654E-03 -1.077E-04 -1.874E-02 -6.878E-05 -1.209E-02 -6.877E-05  9.999E+01 -1.123E-02 1.123E-02
   244 1.000000E+01 1.732380E+03     1 2.400E+01 1.598309E+02 1.598422E+02 -7.13098E-09 -8.61959E-04 3.892E-05 6.693E-03 -1.077E-04 -1.885E-02 -6.877E-05 -1.216E-02 -6.877E-05  9.999E+01 -1.130E-02 1.130E-02
   245 1.000000E+01 1.742380E+03     1 2.400E+01 1.598308E+02 1.598422E+02 -7.13052E-09 -8.61966E-04 3.892E-05 6.732E-03 -1.077E-04 -1.896E-02 -6.877E-05 -1.223E-02 -6.876E-05  9.999E+01 -1.137E-02 1.137E-02
   246 1.000000E+01 1.752380E+03     1 2.400E+01 1.598308E+02 1.598422E+02 -7.13006E-09 -8.61973E-04 3.892E-05 6.771E-03 -1.077E-04 -1.907E-02 -6.876E-05 -1.230E-02 -6.875E-05  9.999E+01 -1.143E-02 1.144E-02
   247 1.000000E+01 1.762380E+03     1 2.400E+01 1.598307E+02 1.598422E+02 -7.12958E-09 -8.61981E-04 3.893E-05 6.810E-03 -1.077E-04 -1.917E-02 -6.875E-05 -1.237E-02 -6.874E-05  9.999E+01 -1.150E-02 1.151E-02
   248 1.000000E+01 1.772380E+03     1 2.400E+01 1.598306E+02 1.598422E+02 -7.12910E-09 -8.61988E-04 3.893E-05 6.849E-03 -1.077E-04 -1.928E-02 -6.874E-05 -1.243E-02 -6.873E-05  9.999E+01 -1.157E-02 1.158E-02
   249 1.000000E+01 1.782380E+03     1 2.400E+01 1.598306E+02 1.598422E+02 -7.12860E-09 -8.61995E-04 3.893E-05 6.888E-03 -1.077E-04 -1.939E-02 -6.873E-05 -1.250E-02 -6.873E-05  9.999E+01 -1.164E-02 1.164E-02
   250 1.000000E+01 1.792380E+03     1 2.400E+01 1.598305E+02 1.598422E+02 -7.12810E-09 -8.62002E-04 3.894E-05 6.926E-03 -1.077E-04 -1.950E-02 -6.873E-05 -1.257E-02 -6.872E-05  9.999E+01 -1.171E-02 1.171E-02
   251 1.000000E+01 1.802380E+03     1 2.400E+01 1.598304E+02 1.598422E+02 -7.12759E-09 -8.62009E-04 3.894E-05 6.965E-03 -1.077E-04 -1.961E-02 -6.872E-05 -1.264E-02 -6.871E-05  9.999E+01 -1.178E-02 1.178E-02
   252 1.000000E+01 1.812380E+03     1 2.400E+01 1.598303E+02 1.598422E+02 -7.12707E-09 -8.62016E-04 3.894E-05 7.004E-03 -1.077E-04 -1.971E-02 -6.871E-05 -1.271E-02 -6.870E-05  9.999E+01 -1.185E-02 1.185E-02
   253 1.000000E+01 1.822380E+03     1 2.400E+01 1.598303E+02 1.598422E+02 -7.12654E-09 -8.62023E-04 3.895E-05 7.043E-03 -1.076E-04 -1.982E-02 -6.870E-05 -1.278E-02 -6.870E-05  9.999E+01 -1.192E-02 1.192E-02
   254 1.000000E+01 1.832380E+03     1 2.400E+01 1.598302E+02 1.598422E+02 -7.12600E-09 -8.62030E-04 3.895E-05 7.082E-03 -1.076E-04 -1.993E-02 -6.869E-05 -1.285E-02 -6.869E-05  9.999E+01 -1.198E-02 1.199E-02
   255 1.000000E+01 1.842380E+03     1 2.400E+01 1.598301E+02 1.598422E+02 -7.12546E-09 -8.62038E-04 3.895E-05 7.121E-03 -1.076E-04 -2.004E-02 -6.869E-05 -1.291E-02 -6.868E-05  9.999E+01 -1.205E-02 1.206E-02
   256 1.000000E+01 1.852380E+03     1 2.400E+01 1.598301E+02 1.598422E+02 -7.12491E-09 -8.62045E-04 3.896E-05 7.160E-03 -1.076E-04 -2.014E-02 -6.868E-05 -1.298E-02 -6.867E-05  9.999E+01 -1.212E-02 1.213E-02
   257 1.000000E+01 1.862380E+03     1 2.400E+01 1.598300E+02 1.598422E+02 -7.12435E-09 -8.62052E-04 3.896E-05 7.199E-03 -1.076E-04 -2.025E-02 -6.867E-05 -1.305E-02 -6.866E-05  9.999E+01 -1.219E-02 1.219E-02
   258 1.000000E+01 1.872380E+03     1 2.400E+01 1.598299E+02 1.598422E+02 -7.12379E-09 -8.62059E-04 3.896E-05 7.238E-03 -1.076E-04 -2.036E-02 -6.866E-05 -1.312E-02 -6.866E-05  9.999E+01 -1.226E-02 1.226E-02
   259 1.000000E+01 1.882380E+03     1 2.400E+01 1.598299E+02 1.598422E+02 -7.12322E-09 -8.62066E-04 3.897E-05 7.277E-03 -1.076E-04 -2.047E-02 -6.865E-05 -1.319E-02 -6.865E-05  9.999E+01 -1.233E-02 1.233E-02
   260 1.000000E+01 1.892380E+03     1 2.400E+01 1.598298E+02 1.598422E+02 -7.12264E-09 -8.62073E-04 3.897E-05 7.316E-03 -1.076E-04 -2.057E-02 -6.865E-05 -1.326E-02 -6.864E-05  9.999E+01 -1.240E-02 1.240E-02
   261 1.000000E+01 1.902380E+03     1 2.400E+01 1.598297E+02 1.598422E+02 -7.12206E-09 -8.62080E-04 3.897E-05 7.355E-03 -1.076E-04 -2.068E-02 -6.864E-05 -1.333E-02 -6.863E-05  9.999E+01 -1.246E-02 1.247E-02
   262 1.000000E+01 1.912380E+03     1 2.400E+01 1.598297E+02 1.598422E+02 -7.12147E-09 -8.62087E-04 3.898E-05 7.394E-03 -1.076E-04 -2.079E-02 -6.863E-05 -1.340E-02 -6.862E-05  9.999E+01 -1.253E-02 1.254E-02
   263 1.000000E+01 1.922380E+03     1 2.400E+01 1.598296E+02 1.598422E+02 -7.12087E-09 -8.62095E-04 3.898E-05 7.433E-03 -1.076E-04 -2.090E-02 -6.862E-05 -1.346E-02 -6.862E-05  9.999E+01 -1.260E-02 1.261E-02
   264 1.000000E+01 1.932380E+03     1 2.400E+01 1.598295E+02 1.598422E+02 -7.12027E-09 -8.62102E-04 3.898E-05 7.472E-03 -1.076E-04 -2.100E-02 -6.862E-05 -1.353E-02 -6.861E-05  9.999E+01 -1.267E-02 1.267E-02
   265 1.000000E+01 1.942380E+03     1 2.400E+01 1.598295E+02 1.598422E+02 -7.11967E-09 -8.62109E-04 3.899E-05 7.511E-03 -1.076E-04 -2.111E-02 -6.861E-05 -1.360E-02 -6.860E-05  9.999E+01 -1.274E-02 1.274E-02
   266 1.000000E+01 1.952380E+03     1 2.400E+01 1.598294E+02 1.598422E+02 -7.11905E-09 -8.62116E-04 3.899E-05 7.550E-03 -1.076E-04 -2.122E-02 -6.860E-05 -1.367E-02 -6.859E-05  9.999E+01 -1.281E-02 1.281E-02
   267 1.000000E+01 1.962380E+03     1 2.400E+01 1.598293E+02 1.598422E+02 -7.11844E-09 -8.62123E-04 3.899E-05 7.589E-03 -1.076E-04 -2.133E-02 -6.859E-05 -1.374E-02 -6.858E-05  9.999E+01 -1.288E-02 1.288E-02
   268 1.000000E+01 1.972380E+03     1 2.400E+01 1.598292E+02 1.598422E+02 -7.11781E-09 -8.62130E-04 3.900E-05 7.628E-03 -1.076E-04 -2.143E-02 -6.858E-05 -1.381E-02 -6.858E-05  9.999E+01 -1.294E-02 1.295E-02
   269 1.000000E+01 1.982380E+03     1 2.400E+01 1.598292E+02 1.598422E+02 -7.11718E-09 -8.62137E-04 3.900E-05 7.667E-03 -1.076E-04 -2.154E-02 -6.858E-05 -1.388E-02 -6.857E-05  9.999E+01 -1.301E-02 1.302E-02
   270 1.000000E+01 1.992380E+03     1 2.400E+01 1.598291E+02 1.598422E+02 -7.12044E-09 -8.62144E-04 3.900E-05 7.706E-03 -1.076E-04 -2.165E-02 -6.857E-05 -1.394E-02 -6.856E-05  9.999E+01 -1.308E-02 1.309E-02
   271 1.000000E+01 2.002380E+03     1 2.400E+01 1.598290E+02 1.598422E+02 -7.12017E-09 -8.62152E-04 3.901E-05 7.745E-03 -1.076E-04 -2.176E-02 -6.856E-05 -1.401E-02 -6.855E-05  9.999E+01 -1.315E-02 1.315E-02
   272 1.000000E+01 2.012380E+03     1 2.400E+01 1.598290E+02 1.598422E+02 -7.11541E-09 -8.62159E-04 3.901E-05 7.784E-03 -1.076E-04 -2.187E-02 -6.855E-05 -1.408E-02 -6.854E-05  9.999E+01 -1.322E-02 1.322E-02
   273 1.000000E+01 2.022380E+03     1 2.400E+01 1.598289E+02 1.598422E+02 -7.11385E-09 -8.62166E-04 3.901E-05 7.823E-03 -1.076E-04 -2.197E-02 -6.854E-05 -1.415E-02 -6.854E-05  9.999E+01 -1.329E-02 1.329E-02
   274 1.000000E+01 2.032380E+03     1 2.400E+01 1.598288E+02 1.598422E+02 -7.11269E-09 -8.62173E-04 3.902E-05 7.862E-03 -1.076E-04 -2.208E-02 -6.854E-05 -1.422E-02 -6.853E-05  9.999E+01 -1.336E-02 1.336E-02
   275 1.000000E+01 2.042380E+03     1 2.400E+01 1.598288E+02 1.598422E+02 -7.11167E-09 -8.62180E-04 3.902E-05 7.901E-03 -1.075E-04 -2.219E-02 -6.853E-05 -1.429E-02 -6.852E-05  9.999E+01 -1.342E-02 1.343E-02
   276 1.000000E+01 2.052380E+03     1 2.400E+01 1.598287E+02 1.598422E+02 -7.11071E-09 -8.62187E-04 3.902E-05 7.940E-03 -1.075E-04 -2.230E-02 -6.852E-05 -1.436E-02 -6.851E-05  9.999E+01 -1.349E-02 1.350E-02
   277 1.000000E+01 2.062380E+03     1 2.400E+01 1.598286E+02 1.598422E+02 -7.10980E-09 -8.62194E-04 3.903E-05 7.979E-03 -1.075E-04 -2.240E-02 -6.851E-05 -1.442E-02 -6.851E-05  9.999E+01 -1.356E-02 1.357E-02
   278 1.000000E+01 2.072380E+03     1 2.400E+01 1.598286E+02 1.598422E+02 -7.10890E-09 -8.62201E-04 3.903E-05 8.018E-03 -1.075E-04 -2.251E-02 -6.850E-05 -1.449E-02 -6.850E-05  9.999E+01 -1.363E-02 1.363E-02
   279 1.000000E+01 2.082380E+03     1 2.400E+01 1.598285E+02 1.598422E+02 -7.10803E-09 -8.62208E-04 3.903E-05 8.057E-03 -1.075E-04 -2.262E-02 -6.850E-05 -1.456E-02 -6.849E-05  9.999E+01 -1.370E-02 1.370E-02
   280 1.000000E+01 2.092380E+03     1 2.400E+01 1.598284E+02 1.598422E+02 -7.10717E-09 -8.62216E-04 3.904E-05 8.096E-03 -1.075E-04 -2.273E-02 -6.849E-05 -1.463E-02 -6.848E-05  9.999E+01 -1.377E-02 1.377E-02
   281 1.000000E+01 2.102380E+03     1 2.400E+01 1.598284E+02 1.598422E+02 -7.10632E-09 -8.62223E-04 3.904E-05 8.135E-03 -1.075E-04 -2.283E-02 -6.848E-05 -1.470E-02 -6.847E-05  9.999E+01 -1.384E-02 1.384E-02
   282 1.000000E+01 2.112380E+03     1 2.400E+01 1.598283E+02 1.598422E+02 -7.10548E-09 -8.62230E-04 3.905E-05 8.174E-03 -1.075E-04 -2.294E-02 -6.847E-05 -1.477E-02 -6.847E-05  9.999E+01 -1.390E-02 1.391E-02
   283 1.000000E+01 2.122380E+03     1 2.400E+01 1.598282E+02 1.598422E+02 -7.10464E-09 -8.62237E-04 3.905E-05 8.213E-03 -1.075E-04 -2.305E-02 -6.846E-05 -1.483E-02 -6.846E-05  9.999E+01 -1.397E-02 1.398E-02
   284 1.000000E+01 2.132380E+03     1 2.400E+01 1.598282E+02 1.598422E+02 -7.10381E-09 -8.62244E-04 3.905E-05 8.252E-03 -1.075E-04 -2.316E-02 -6.846E-05 -1.490E-02 -6.845E-05  9.999E+01 -1.404E-02 1.405E-02
   285 1.000000E+01 2.142380E+03     1 2.400E+01 1.598281E+02 1.598422E+02 -7.10298E-09 -8.62251E-04 3.906E-05 8.291E-03 -1.075E-04 -2.326E-02 -6.845E-05 -1.497E-02 -6.844E-05  9.999E+01 -1.411E-02 1.411E-02
   286 1.000000E+01 2.152380E+03     1 2.400E+01 1.598280E+02 1.598422E+02 -7.10215E-09 -8.62258E-04 3.906E-05 8.330E-03 -1.075E-04 -2.337E-02 -6.844E-05 -1.504E-02 -6.843E-05  9.999E+01 -1.418E-02 1.418E-02
   287 1.000000E+01 2.162380E+03     1 2.400E+01 1.598279E+02 1.598422E+02 -7.10133E-09 -8.62265E-04 3.906E-05 8.369E-03 -1.075E-04 -2.348E-02 -6.843E-05 -1.511E-02 -6.843E-05  9.999E+01 -1.425E-02 1.425E-02
   288 1.000000E+01 2.172380E+03     1 2.400E+01 1.598279E+02 1.598422E+02 -7.10051E-09 -8.62272E-04 3.907E-05 8.409E-03 -1.075E-04 -2.359E-02 -6.843E-05 -1.518E-02 -6.842E-05  9.999E+01 -1.431E-02 1.432E-02
   289 1.000000E+01 2.182380E+03     1 2.400E+01 1.598278E+02 1.598422E+02 -7.09969E-09 -8.62279E-04 3.907E-05 8.448E-03 -1.075E-04 -2.369E-02 -6.842E-05 -1.525E-02 -6.841E-05  9.999E+01 -1.438E-02 1.439E-02
   290 1.000000E+01 2.192380E+03     1 2.400E+01 1.598277E+02 1.598422E+02 -7.09888E-09 -8.62287E-04 3.907E-05 8.487E-03 -1.075E-04 -2.380E-02 -6.841E-05 -1.531E-02 -6.840E-05  9.999E+01 -1.445E-02 1.446E-02
   291 1.000000E+01 2.202380E+03     1 2.400E+01 1.598277E+02 1.598422E+02 -7.09806E-09 -8.62294E-04 3.908E-05 8.526E-03 -1.075E-04 -2.391E-02 -6.840E-05 -1.538E-02 -6.839E-05  9.999E+01 -1.452E-02 1.452E-02
   292 1.000000E+01 2.212380E+03     1 2.400E+01 1.598276E+02 1.598422E+02 -7.09725E-09 -8.62301E-04 3.908E-05 8.565E-03 -1.075E-04 -2.402E-02 -6.839E-05 -1.545E-02 -6.839E-05  9.999E+01 -1.459E-02 1.459E-02
   293 1.000000E+01 2.222380E+03     1 2.400E+01 1.598275E+02 1.598422E+02 -7.09643E-09 -8.62308E-04 3.908E-05 8.604E-03 -1.075E-04 -2.412E-02 -6.839E-05 -1.552E-02 -6.838E-05  9.999E+01 -1.466E-02 1.466E-02
   294 1.000000E+01 2.232380E+03     1 2.400E+01 1.598275E+02 1.598422E+02 -7.09562E-09 -8.62315E-04 3.909E-05 8.643E-03 -1.075E-04 -2.423E-02 -6.838E-05 -1.559E-02 -6.837E-05  9.999E+01 -1.473E-02 1.473E-02
   295 1.000000E+01 2.242380E+03     1 2.400E+01 1.598274E+02 1.598422E+02 -7.09481E-09 -8.62322E-04 3.909E-05 8.682E-03 -1.075E-04 -2.434E-02 -6.837E-05 -1.566E-02 -6.836E-05  9.999E+01 -1.479E-02 1.480E-02
   296 1.000000E+01 2.252380E+03     1 2.400E+01 1.598273E+02 1.598422E+02 -7.09399E-09 -8.62329E-04 3.909E-05 8.721E-03 -1.075E-04 -2.445E-02 -6.836E-05 -1.572E-02 -6.835E-05  9.999E+01 -1.486E-02 1.487E-02
   297 1.000000E+01 2.262380E+03     1 2.400E+01 1.598273E+02 1.598422E+02 -7.09318E-09 -8.62336E-04 3.910E-05 8.760E-03 -1.075E-04 -2.455E-02 -6.835E-05 -1.579E-02 -6.835E-05  9.999E+01 -1.493E-02 1.493E-02
   298 1.000000E+01 2.272380E+03     1 2.400E+01 1.598272E+02 1.598422E+02 -7.09237E-09 -8.62343E-04 3.910E-05 8.799E-03 -1.074E-04 -2.466E-02 -6.835E-05 -1.586E-02 -6.834E-05  9.999E+01 -1.500E-02 1.500E-02
   299 1.000000E+01 2.282380E+03     1 2.400E+01 1.598271E+02 1.598422E+02 -7.09156E-09 -8.62350E-04 3.910E-05 8.839E-03 -1.074E-04 -2.477E-02 -6.834E-05 -1.593E-02 -6.833E-05  9.999E+01 -1.507E-02 1.507E-02
   300 1.000000E+01 2.292380E+03     1 2.400E+01 1.598271E+02 1.598422E+02 -7.09075E-09 -8.62358E-04 3.911E-05 8.878E-03 -1.074E-04 -2.488E-02 -6.833E-05 -1.600E-02 -6.832E-05  9.999E+01 -1.514E-02 1.514E-02
   301 1.000000E+01 2.302380E+03     1 2.400E+01 1.598270E+02 1.598422E+02 -7.08993E-09 -8.62365E-04 3.911E-05 8.917E-03 -1.074E-04 -2.498E-02 -6.832E-05 -1.607E-02 -6.831E-05  9.999E+01 -1.520E-02 1.521E-02
   302 1.000000E+01 2.312380E+03     1 2.400E+01 1.598269E+02 1.598422E+02 -7.08912E-09 -8.62372E-04 3.911E-05 8.956E-03 -1.074E-04 -2.509E-02 -6.831E-05 -1.613E-02 -6.831E-05  9.999E+01 -1.527E-02 1.528E-02
   303 1.000000E+01 2.322380E+03     1 2.400E+01 1.598269E+02 1.598422E+02 -7.08831E-09 -8.62379E-04 3.912E-05 8.995E-03 -1.074E-04 -2.520E-02 -6.831E-05 -1.620E-02 -6.830E-05  9.999E+01 -1.534E-02 1.534E-02
   304 1.000000E+01 2.332380E+03     1 2.400E+01 1.598268E+02 1.598422E+02 -7.08749E-09 -8.62386E-04 3.912E-05 9.034E-03 -1.074E-04 -2.530E-02 -6.830E-05 -1.627E-02 -6.829E-05  9.999E+01 -1.541E-02 1.541E-02
   305 1.000000E+01 2.342380E+03     1 2.400E+01 1.598267E+02 1.598422E+02 -7.08668E-09 -8.62393E-04 3.913E-05 9.073E-03 -1.074E-04 -2.541E-02 -6.829E-05 -1.634E-02 -6.828E-05  9.999E+01 -1.548E-02 1.548E-02
   306 1.000000E+01 2.352380E+03     1 2.400E+01 1.598266E+02 1.598422E+02 -7.08587E-09 -8.62400E-04 3.913E-05 9.112E-03 -1.074E-04 -2.552E-02 -6.828E-05 -1.641E-02 -6.828E-05  9.999E+01 -1.555E-02 1.555E-02
   307 1.000000E+01 2.362380E+03     1 2.400E+01 1.598266E+02 1.598422E+02 -7.08505E-09 -8.62407E-04 3.913E-05 9.151E-03 -1.074E-04 -2.563E-02 -6.827E-05 -1.648E-02 -6.827E-05  9.999E+01 -1.561E-02 1.562E-02
   308 1.000000E+01 2.372380E+03     1 2.400E+01 1.598265E+02 1.598422E+02 -7.08424E-09 -8.62414E-04 3.914E-05 9.191E-03 -1.074E-04 -2.573E-02 -6.827E-05 -1.654E-02 -6.826E-05  9.999E+01 -1.568E-02 1.569E-02
   309 1.000000E+01 2.382380E+03     1 2.400E+01 1.598264E+02 1.598422E+02 -7.08342E-09 -8.62421E-04 3.914E-05 9.230E-03 -1.074E-04 -2.584E-02 -6.826E-05 -1.661E-02 -6.825E-05  9.999E+01 -1.575E-02 1.575E-02
   310 1.000000E+01 2.392380E+03     1 2.400E+01 1.598264E+02 1.598422E+02 -7.08260E-09 -8.62428E-04 3.914E-05 9.269E-03 -1.074E-04 -2.595E-02 -6.825E-05 -1.668E-02 -6.824E-05  9.999E+01 -1.582E-02 1.582E-02
   311 1.000000E+01 2.402380E+03     1 2.400E+01 1.598263E+02 1.598422E+02 -7.08179E-09 -8.62435E-04 3.915E-05 9.308E-03 -1.074E-04 -2.606E-02 -6.824E-05 -1.675E-02 -6.824E-05  9.999E+01 -1.589E-02 1.589E-02
   312 1.000000E+01 2.412380E+03     1 2.400E+01 1.598262E+02 1.598422E+02 -7.08097E-09 -8.62443E-04 3.915E-05 9.347E-03 -1.074E-04 -2.616E-02 -6.823E-05 -1.682E-02 -6.823E-05  9.999E+01 -1.595E-02 1.596E-02
   313 1.000000E+01 2.422380E+03     1 2.400E+01 1.598262E+02 1.598422E+02 -7.08015E-09 -8.62450E-04 3.915E-05 9.386E-03 -1.074E-04 -2.627E-02 -6.823E-05 -1.689E-02 -6.822E-05  9.999E+01 -1.602E-02 1.603E-02
   314 1.000000E+01 2.432380E+03     1 2.400E+01 1.598261E+02 1.598422E+02 -7.07934E-09 -8.62457E-04 3.916E-05 9.425E-03 -1.074E-04 -2.638E-02 -6.822E-05 -1.695E-02 -6.821E-05  9.999E+01 -1.609E-02 1.609E-02
   315 1.000000E+01 2.442380E+03     1 2.400E+01 1.598260E+02 1.598422E+02 -7.07852E-09 -8.62464E-04 3.916E-05 9.465E-03 -1.074E-04 -2.649E-02 -6.821E-05 -1.702E-02 -6.820E-05  9.999E+01 -1.616E-02 1.616E-02
   316 1.000000E+01 2.452380E+03     1 2.400E+01 1.598260E+02 1.598422E+02 -7.07770E-09 -8.62471E-04 3.916E-05 9.504E-03 -1.074E-04 -2.659E-02 -6.820E-05 -1.709E-02 -6.820E-05  9.999E+01 -1.623E-02 1.623E-02
   317 1.000000E+01 2.462380E+03     1 2.400E+01 1.598259E+02 1.598422E+02 -7.07688E-09 -8.62478E-04 3.917E-05 9.543E-03 -1.074E-04 -2.670E-02 -6.819E-05 -1.716E-02 -6.819E-05  9.999E+01 -1.630E-02 1.630E-02
   318 1.000000E+01 2.472380E+03     1 2.400E+01 1.598258E+02 1.598422E+02 -7.07606E-09 -8.62485E-04 3.917E-05 9.582E-03 -1.074E-04 -2.681E-02 -6.819E-05 -1.723E-02 -6.818E-05  9.999E+01 -1.636E-02 1.637E-02
   319 1.000000E+01 2.482380E+03     1 2.400E+01 1.598258E+02 1.598422E+02 -7.07524E-09 -8.62492E-04 3.917E-05 9.621E-03 -1.074E-04 -2.692E-02 -6.818E-05 -1.729E-02 -6.817E-05  9.999E+01 -1.643E-02 1.644E-02
   320 1.000000E+01 2.492380E+03     1 2.400E+01 1.598257E+02 1.598422E+02 -7.07442E-09 -8.62499E-04 3.918E-05 9.661E-03 -1.073E-04 -2.702E-02 -6.817E-05 -1.736E-02 -6.816E-05  9.999E+01 -1.650E-02 1.650E-02
   321 1.000000E+01 2.502380E+03     1 2.400E+01 1.598256E+02 1.598422E+02 -7.07360E-09 -8.62506E-04 3.918E-05 9.700E-03 -1.073E-04 -2.713E-02 -6.816E-05 -1.743E-02 -6.816E-05  9.999E+01 -1.657E-02 1.657E-02
   322 1.000000E+01 2.512380E+03     1 2.400E+01 1.598256E+02 1.598422E+02 -7.07277E-09 -8.62513E-04 3.919E-05 9.739E-03 -1.073E-04 -2.724E-02 -6.816E-05 -1.750E-02 -6.815E-05  9.999E+01 -1.664E-02 1.664E-02
   323 1.000000E+01 2.522380E+03     1 2.400E+01 1.598255E+02 1.598422E+02 -7.07195E-09 -8.62520E-04 3.919E-05 9.778E-03 -1.073E-04 -2.735E-02 -6.815E-05 -1.757E-02 -6.814E-05  9.999E+01 -1.670E-02 1.671E-02
   324 1.000000E+01 2.532380E+03     1 2.400E+01 1.598254E+02 1.598422E+02 -7.07113E-09 -8.62527E-04 3.919E-05 9.817E-03 -1.073E-04 -2.745E-02 -6.814E-05 -1.764E-02 -6.813E-05  9.999E+01 -1.677E-02 1.678E-02
   325 1.000000E+01 2.542380E+03     1 2.400E+01 1.598254E+02 1.598422E+02 -7.07030E-09 -8.62535E-04 3.920E-05 9.856E-03 -1.073E-04 -2.756E-02 -6.813E-05 -1.770E-02 -6.812E-05  9.999E+01 -1.684E-02 1.684E-02
   326 1.000000E+01 2.552380E+03     1 2.400E+01 1.598253E+02 1.598422E+02 -7.06948E-09 -8.62542E-04 3.920E-05 9.896E-03 -1.073E-04 -2.767E-02 -6.812E-05 -1.777E-02 -6.812E-05  9.999E+01 -1.691E-02 1.691E-02
   327 1.000000E+01 2.562380E+03     1 2.400E+01 1.598252E+02 1.598422E+02 -7.06865E-09 -8.62549E-04 3.920E-05 9.935E-03 -1.073E-04 -2.777E-02 -6.812E-05 -1.784E-02 -6.811E-05  9.999E+01 -1.698E-02 1.698E-02
   328 1.000000E+01 2.572380E+03     1 2.400E+01 1.598251E+02 1.598422E+02 -7.06783E-09 -8.62556E-04 3.921E-05 9.974E-03 -1.073E-04 -2.788E-02 -6.811E-05 -1.791E-02 -6.810E-05  9.999E+01 -1.705E-02 1.705E-02
   329 1.000000E+01 2.582380E+03     1 2.400E+01 1.598251E+02 1.598422E+02 -7.06700E-09 -8.62563E-04 3.921E-05 1.001E-02 -1.073E-04 -2.799E-02 -6.810E-05 -1.798E-02 -6.809E-05  9.999E+01 -1.711E-02 1.712E-02
   330 1.000000E+01 2.592380E+03     1 2.400E+01 1.598250E+02 1.598422E+02 -7.06618E-09 -8.62570E-04 3.921E-05 1.005E-02 -1.073E-04 -2.810E-02 -6.809E-05 -1.804E-02 -6.808E-05  9.999E+01 -1.718E-02 1.719E-02
   331 1.000000E+01 2.602380E+03     1 2.400E+01 1.598249E+02 1.598422E+02 -7.06535E-09 -8.62577E-04 3.922E-05 1.009E-02 -1.073E-04 -2.820E-02 -6.808E-05 -1.811E-02 -6.808E-05  9.999E+01 -1.725E-02 1.725E-02
   332 1.000000E+01 2.612380E+03     1 2.400E+01 1.598249E+02 1.598422E+02 -7.06452E-09 -8.62584E-04 3.922E-05 1.013E-02 -1.073E-04 -2.831E-02 -6.808E-05 -1.818E-02 -6.807E-05  9.999E+01 -1.732E-02 1.732E-02
   333 1.000000E+01 2.622380E+03     1 2.400E+01 1.598248E+02 1.598422E+02 -7.06370E-09 -8.62591E-04 3.922E-05 1.017E-02 -1.073E-04 -2.842E-02 -6.807E-05 -1.825E-02 -6.806E-05  9.999E+01 -1.739E-02 1.739E-02
   334 1.000000E+01 2.632380E+03     1 2.400E+01 1.598247E+02 1.598422E+02 -7.06287E-09 -8.62598E-04 3.923E-05 1.021E-02 -1.073E-04 -2.853E-02 -6.806E-05 -1.832E-02 -6.805E-05  9.999E+01 -1.745E-02 1.746E-02
   335 1.000000E+01 2.642380E+03     1 2.400E+01 1.598247E+02 1.598422E+02 -7.06204E-09 -8.62605E-04 3.923E-05 1.025E-02 -1.073E-04 -2.863E-02 -6.805E-05 -1.838E-02 -6.804E-05  9.999E+01 -1.752E-02 1.753E-02
   336 1.000000E+01 2.652380E+03     1 2.400E+01 1.598246E+02 1.598422E+02 -7.06121E-09 -8.62612E-04 3.924E-05 1.029E-02 -1.073E-04 -2.874E-02 -6.804E-05 -1.845E-02 -6.804E-05  9.999E+01 -1.759E-02 1.759E-02
   337 1.000000E+01 2.662380E+03     1 2.400E+01 1.598245E+02 1.598422E+02 -7.06038E-09 -8.62619E-04 3.924E-05 1.033E-02 -1.073E-04 -2.885E-02 -6.804E-05 -1.852E-02 -6.803E-05  9.999E+01 -1.766E-02 1.766E-02
   338 1.000000E+01 2.672380E+03     1 2.400E+01 1.598245E+02 1.598422E+02 -7.05955E-09 -8.62626E-04 3.924E-05 1.037E-02 -1.073E-04 -2.895E-02 -6.803E-05 -1.859E-02 -6.802E-05  9.999E+01 -1.773E-02 1.773E-02
   339 1.000000E+01 2.682380E+03     1 2.400E+01 1.598244E+02 1.598422E+02 -7.05872E-09 -8.62633E-04 3.925E-05 1.041E-02 -1.073E-04 -2.906E-02 -6.802E-05 -1.866E-02 -6.801E-05  9.999E+01 -1.779E-02 1.780E-02
   340 1.000000E+01 2.692380E+03     1 2.400E+01 1.598243E+02 1.598422E+02 -7.05789E-09 -8.62640E-04 3.925E-05 1.044E-02 -1.073E-04 -2.917E-02 -6.801E-05 -1.872E-02 -6.800E-05  9.999E+01 -1.786E-02 1.787E-02
   341 1.000000E+01 2.702380E+03     1 2.400E+01 1.598243E+02 1.598422E+02 -7.05706E-09 -8.62648E-04 3.925E-05 1.048E-02 -1.073E-04 -2.928E-02 -6.800E-05 -1.879E-02 -6.800E-05  9.999E+01 -1.793E-02 1.793E-02
   342 1.000000E+01 2.712380E+03     1 2.400E+01 1.598242E+02 1.598422E+02 -7.05623E-09 -8.62655E-04 3.926E-05 1.052E-02 -1.073E-04 -2.938E-02 -6.800E-05 -1.886E-02 -6.799E-05  9.999E+01 -1.800E-02 1.800E-02
   343 1.000000E+01 2.722380E+03     1 2.400E+01 1.598241E+02 1.598422E+02 -7.05540E-09 -8.62662E-04 3.926E-05 1.056E-02 -1.072E-04 -2.949E-02 -6.799E-05 -1.893E-02 -6.798E-05  9.999E+01 -1.807E-02 1.807E-02
   344 1.000000E+01 2.732380E+03     1 2.400E+01 1.598241E+02 1.598422E+02 -7.05457E-09 -8.62669E-04 3.926E-05 1.060E-02 -1.072E-04 -2.960E-02 -6.798E-05 -1.900E-02 -6.797E-05  9.999E+01 -1.813E-02 1.814E-02
   345 1.000000E+01 2.742380E+03     1 2.400E+01 1.598240E+02 1.598422E+02 -7.05374E-09 -8.62676E-04 3.927E-05 1.064E-02 -1.072E-04 -2.971E-02 -6.797E-05 -1.906E-02 -6.797E-05  9.999E+01 -1.820E-02 1.821E-02
   346 1.000000E+01 2.752380E+03     1 2.400E+01 1.598239E+02 1.598422E+02 -7.05290E-09 -8.62683E-04 3.927E-05 1.068E-02 -1.072E-04 -2.981E-02 -6.796E-05 -1.913E-02 -6.796E-05  9.999E+01 -1.827E-02 1.827E-02
   347 1.000000E+01 2.762380E+03     1 2.400E+01 1.598239E+02 1.598422E+02 -7.05207E-09 -8.62690E-04 3.927E-05 1.072E-02 -1.072E-04 -2.992E-02 -6.796E-05 -1.920E-02 -6.795E-05  9.999E+01 -1.834E-02 1.834E-02
   348 1.000000E+01 2.772380E+03     1 2.400E+01 1.598238E+02 1.598422E+02 -7.05124E-09 -8.62697E-04 3.928E-05 1.076E-02 -1.072E-04 -3.003E-02 -6.795E-05 -1.927E-02 -6.794E-05  9.999E+01 -1.841E-02 1.841E-02
   349 1.000000E+01 2.782380E+03     1 2.400E+01 1.598237E+02 1.598422E+02 -7.05040E-09 -8.62704E-04 3.928E-05 1.080E-02 -1.072E-04 -3.013E-02 -6.794E-05 -1.934E-02 -6.793E-05  9.999E+01 -1.847E-02 1.848E-02
   350 1.000000E+01 2.792380E+03     1 2.400E+01 1.598237E+02 1.598422E+02 -7.04957E-09 -8.62711E-04 3.928E-05 1.084E-02 -1.072E-04 -3.024E-02 -6.793E-05 -1.940E-02 -6.793E-05  9.999E+01 -1.854E-02 1.855E-02
   351 1.000000E+01 2.802380E+03     1 2.400E+01 1.598236E+02 1.598422E+02 -7.04874E-09 -8.62718E-04 3.929E-05 1.088E-02 -1.072E-04 -3.035E-02 -6.792E-05 -1.947E-02 -6.792E-05  9.999E+01 -1.861E-02 1.861E-02
   352 1.000000E+01 2.812380E+03     1 2.400E+01 1.598235E+02 1.598422E+02 -7.04790E-09 -8.62725E-04 3.929E-05 1.092E-02 -1.072E-04 -3.046E-02 -6.792E-05 -1.954E-02 -6.791E-05  9.999E+01 -1.868E-02 1.868E-02
   353 1.000000E+01 2.822380E+03     1 2.400E+01 1.598234E+02 1.598422E+02 -7.04707E-09 -8.62732E-04 3.930E-05 1.096E-02 -1.072E-04 -3.056E-02 -6.791E-05 -1.961E-02 -6.790E-05  9.999E+01 -1.874E-02 1.875E-02
   354 1.000000E+01 2.832380E+03     1 2.400E+01 1.598234E+02 1.598422E+02 -7.04623E-09 -8.62739E-04 3.930E-05 1.099E-02 -1.072E-04 -3.067E-02 -6.790E-05 -1.968E-02 -6.789E-05  9.999E+01 -1.881E-02 1.882E-02
   355 1.000000E+01 2.842380E+03     1 2.400E+01 1.598233E+02 1.598422E+02 -7.04540E-09 -8.62746E-04 3.930E-05 1.103E-02 -1.072E-04 -3.078E-02 -6.789E-05 -1.974E-02 -6.789E-05  9.999E+01 -1.888E-02 1.888E-02
   356 1.000000E+01 2.852380E+03     1 2.400E+01 1.598232E+02 1.598422E+02 -7.04456E-09 -8.62753E-04 3.931E-05 1.107E-02 -1.072E-04 -3.088E-02 -6.788E-05 -1.981E-02 -6.788E-05  9.999E+01 -1.895E-02 1.895E-02
   357 1.000000E+01 2.862380E+03     1 2.400E+01 1.598232E+02 1.598422E+02 -7.04373E-09 -8.62760E-04 3.931E-05 1.111E-02 -1.072E-04 -3.099E-02 -6.788E-05 -1.988E-02 -6.787E-05  9.999E+01 -1.902E-02 1.902E-02
   358 1.000000E+01 2.872380E+03     1 2.400E+01 1.598231E+02 1.598422E+02 -7.04289E-09 -8.62767E-04 3.931E-05 1.115E-02 -1.072E-04 -3.110E-02 -6.787E-05 -1.995E-02 -6.786E-05  9.999E+01 -1.908E-02 1.909E-02
   359 1.000000E+01 2.882380E+03     1 2.400E+01 1.598230E+02 1.598422E+02 -7.04205E-09 -8.62774E-04 3.932E-05 1.119E-02 -1.072E-04 -3.121E-02 -6.786E-05 -2.001E-02 -6.785E-05  9.999E+01 -1.915E-02 1.916E-02
   360 1.000000E+01 2.892380E+03     1 2.400E+01 1.598230E+02 1.598422E+02 -7.04122E-09 -8.62781E-04 3.932E-05 1.123E-02 -1.072E-04 -3.131E-02 -6.785E-05 -2.008E-02 -6.785E-05  9.999E+01 -1.922E-02 1.922E-02
   361 1.000000E+01 2.902380E+03     1 2.400E+01 1.598229E+02 1.598422E+02 -7.04244E-09 -8.62789E-04 3.932E-05 1.127E-02 -1.072E-04 -3.142E-02 -6.784E-05 -2.015E-02 -6.784E-05  9.999E+01 -1.929E-02 1.929E-02
   362 1.000000E+01 2.912380E+03     1 2.400E+01 1.598228E+02 1.598422E+02 -7.04054E-09 -8.62796E-04 3.933E-05 1.131E-02 -1.072E-04 -3.153E-02 -6.784E-05 -2.022E-02 -6.783E-05  9.999E+01 -1.936E-02 1.936E-02
   363 1.000000E+01 2.922380E+03     1 2.400E+01 1.598228E+02 1.598422E+02 -7.03893E-09 -8.62803E-04 3.933E-05 1.135E-02 -1.072E-04 -3.163E-02 -6.783E-05 -2.029E-02 -6.782E-05  9.999E+01 -1.942E-02 1.943E-02
   364 1.000000E+01 2.932380E+03     1 2.400E+01 1.598227E+02 1.598422E+02 -7.03773E-09 -8.62810E-04 3.933E-05 1.139E-02 -1.072E-04 -3.174E-02 -6.782E-05 -2.035E-02 -6.781E-05  9.999E+01 -1.949E-02 1.950E-02
   365 1.000000E+01 2.942380E+03     1 2.400E+01 1.598226E+02 1.598422E+02 -7.03665E-09 -8.62817E-04 3.934E-05 1.143E-02 -1.072E-04 -3.185E-02 -6.781E-05 -2.042E-02 -6.781E-05  9.999E+01 -1.956E-02 1.956E-02
   366 1.000000E+01 2.952380E+03     1 2.400E+01 1.598226E+02 1.598422E+02 -7.03562E-09 -8.62824E-04 3.934E-05 1.147E-02 -1.071E-04 -3.196E-02 -6.781E-05 -2.049E-02 -6.780E-05  9.999E+01 -1.963E-02 1.963E-02
   367 1.000000E+01 2.962380E+03     1 2.400E+01 1.598225E+02 1.598422E+02 -7.03463E-09 -8.62831E-04 3.935E-05 1.151E-02 -1.071E-04 -3.206E-02 -6.780E-05 -2.056E-02 -6.779E-05  9.999E+01 -1.969E-02 1.970E-02
   368 1.000000E+01 2.972380E+03     1 2.400E+01 1.598224E+02 1.598422E+02 -7.03367E-09 -8.62838E-04 3.935E-05 1.155E-02 -1.071E-04 -3.217E-02 -6.779E-05 -2.063E-02 -6.778E-05  9.999E+01 -1.976E-02 1.977E-02
   369 1.000000E+01 2.982380E+03     1 2.400E+01 1.598224E+02 1.598422E+02 -7.03272E-09 -8.62845E-04 3.935E-05 1.158E-02 -1.071E-04 -3.228E-02 -6.778E-05 -2.069E-02 -6.777E-05  9.999E+01 -1.983E-02 1.983E-02
   370 1.000000E+01 2.992380E+03     1 2.400E+01 1.598223E+02 1.598422E+02 -7.03178E-09 -8.62852E-04 3.936E-05 1.162E-02 -1.071E-04 -3.238E-02 -6.777E-05 -2.076E-02 -6.777E-05  9.999E+01 -1.990E-02 1.990E-02
   371 1.000000E+01 3.002380E+03     1 2.400E+01 1.598222E+02 1.598422E+02 -7.03085E-09 -8.62859E-04 3.936E-05 1.166E-02 -1.071E-04 -3.249E-02 -6.777E-05 -2.083E-02 -6.776E-05  9.999E+01 -1.997E-02 1.997E-02
   372 1.000000E+01 3.012380E+03     1 2.400E+01 1.598222E+02 1.598422E+02 -7.02993E-09 -8.62866E-04 3.936E-05 1.170E-02 -1.071E-04 -3.260E-02 -6.776E-05 -2.090E-02 -6.775E-05  9.999E+01 -2.003E-02 2.004E-02
   373 1.000000E+01 3.022380E+03     1 2.400E+01 1.598221E+02 1.598422E+02 -7.02902E-09 -8.62873E-04 3.937E-05 1.174E-02 -1.071E-04 -3.271E-02 -6.775E-05 -2.096E-02 -6.774E-05  9.999E+01 -2.010E-02 2.011E-02
   374 1.000000E+01 3.032380E+03     1 2.400E+01 1.598220E+02 1.598422E+02 -7.02811E-09 -8.62880E-04 3.937E-05 1.178E-02 -1.071E-04 -3.281E-02 -6.774E-05 -2.103E-02 -6.773E-05  9.999E+01 -2.017E-02 2.017E-02
   375 1.000000E+01 3.042380E+03     1 2.400E+01 1.598220E+02 1.598422E+02 -7.02721E-09 -8.62887E-04 3.937E-05 1.182E-02 -1.071E-04 -3.292E-02 -6.773E-05 -2.110E-02 -6.773E-05  9.999E+01 -2.024E-02 2.024E-02
   376 1.000000E+01 3.052380E+03     1 2.400E+01 1.598219E+02 1.598422E+02 -7.02631E-09 -8.62894E-04 3.938E-05 1.186E-02 -1.071E-04 -3.303E-02 -6.773E-05 -2.117E-02 -6.772E-05  9.999E+01 -2.030E-02 2.031E-02
   377 1.000000E+01 3.062380E+03     1 2.400E+01 1.598218E+02 1.598422E+02 -7.02542E-09 -8.62901E-04 3.938E-05 1.190E-02 -1.071E-04 -3.313E-02 -6.772E-05 -2.124E-02 -6.771E-05  9.999E+01 -2.037E-02 2.038E-02
   378 1.000000E+01 3.072380E+03     1 2.400E+01 1.598218E+02 1.598422E+02 -7.02453E-09 -8.62908E-04 3.938E-05 1.194E-02 -1.071E-04 -3.324E-02 -6.771E-05 -2.130E-02 -6.770E-05  9.999E+01 -2.044E-02 2.044E-02
   379 1.000000E+01 3.082380E+03     1 2.400E+01 1.598217E+02 1.598422E+02 -7.02364E-09 -8.62915E-04 3.939E-05 1.198E-02 -1.071E-04 -3.335E-02 -6.770E-05 -2.137E-02 -6.769E-05  9.999E+01 -2.051E-02 2.051E-02
   380 1.000000E+01 3.092380E+03     1 2.400E+01 1.598216E+02 1.598422E+02 -7.02275E-09 -8.62922E-04 3.939E-05 1.202E-02 -1.071E-04 -3.346E-02 -6.769E-05 -2.144E-02 -6.769E-05  9.999E+01 -2.058E-02 2.058E-02
   381 1.000000E+01 3.102380E+03     1 2.400E+01 1.598216E+02 1.598422E+02 -7.02187E-09 -8.62929E-04 3.939E-05 1.206E-02 -1.071E-04 -3.356E-02 -6.769E-05 -2.151E-02 -6.768E-05  9.999E+01 -2.064E-02 2.065E-02
   382 1.000000E+01 3.112380E+03     1 2.400E+01 1.598215E+02 1.598422E+02 -7.02099E-09 -8.62936E-04 3.940E-05 1.210E-02 -1.071E-04 -3.367E-02 -6.768E-05 -2.157E-02 -6.767E-05  9.999E+01 -2.071E-02 2.071E-02
   383 1.000000E+01 3.122380E+03     1 2.400E+01 1.598214E+02 1.598422E+02 -7.02011E-09 -8.62943E-04 3.940E-05 1.214E-02 -1.071E-04 -3.378E-02 -6.767E-05 -2.164E-02 -6.766E-05  9.999E+01 -2.078E-02 2.078E-02
   384 1.000000E+01 3.132380E+03     1 2.400E+01 1.598213E+02 1.598422E+02 -7.01923E-09 -8.62950E-04 3.941E-05 1.218E-02 -1.071E-04 -3.388E-02 -6.766E-05 -2.171E-02 -6.765E-05  9.999E+01 -2.085E-02 2.085E-02
   385 1.000000E+01 3.142380E+03     1 2.400E+01 1.598213E+02 1.598422E+02 -7.01835E-09 -8.62957E-04 3.941E-05 1.221E-02 -1.071E-04 -3.399E-02 -6.765E-05 -2.178E-02 -6.765E-05  9.999E+01 -2.091E-02 2.092E-02
   386 1.000000E+01 3.152380E+03     1 2.400E+01 1.598212E+02 1.598422E+02 -7.01748E-09 -8.62964E-04 3.941E-05 1.225E-02 -1.071E-04 -3.410E-02 -6.765E-05 -2.184E-02 -6.764E-05  9.999E+01 -2.098E-02 2.099E-02
   387 1.000000E+01 3.162380E+03     1 2.400E+01 1.598211E+02 1.598422E+02 -7.01660E-09 -8.62971E-04 3.942E-05 1.229E-02 -1.071E-04 -3.421E-02 -6.764E-05 -2.191E-02 -6.763E-05  9.999E+01 -2.105E-02 2.105E-02
   388 1.000000E+01 3.172380E+03     1 2.400E+01 1.598211E+02 1.598422E+02 -7.01573E-09 -8.62978E-04 3.942E-05 1.233E-02 -1.070E-04 -3.431E-02 -6.763E-05 -2.198E-02 -6.762E-05  9.999E+01 -2.112E-02 2.112E-02
   389 1.000000E+01 3.182380E+03     1 2.400E+01 1.598210E+02 1.598422E+02 -7.01486E-09 -8.62985E-04 3.942E-05 1.237E-02 -1.070E-04 -3.442E-02 -6.762E-05 -2.205E-02 -6.762E-05  9.999E+01 -2.118E-02 2.119E-02
   390 1.000000E+01 3.192380E+03     1 2.400E+01 1.598209E+02 1.598422E+02 -7.01399E-09 -8.62992E-04 3.943E-05 1.241E-02 -1.070E-04 -3.453E-02 -6.761E-05 -2.211E-02 -6.761E-05  9.999E+01 -2.125E-02 2.126E-02
   391 1.000000E+01 3.202380E+03     1 2.400E+01 1.598209E+02 1.598422E+02 -7.01312E-09 -8.62999E-04 3.943E-05 1.245E-02 -1.070E-04 -3.463E-02 -6.761E-05 -2.218E-02 -6.760E-05  9.999E+01 -2.132E-02 2.132E-02
   392 1.000000E+01 3.212380E+03     1 2.400E+01 1.598208E+02 1.598422E+02 -7.01225E-09 -8.63006E-04 3.943E-05 1.249E-02 -1.070E-04 -3.474E-02 -6.760E-05 -2.225E-02 -6.759E-05  9.999E+01 -2.139E-02 2.139E-02
   393 1.000000E+01 3.222380E+03     1 2.400E+01 1.598207E+02 1.598422E+02 -7.01138E-09 -8.63013E-04 3.944E-05 1.253E-02 -1.070E-04 -3.485E-02 -6.759E-05 -2.232E-02 -6.758E-05  9.999E+01 -2.145E-02 2.146E-02
   394 1.000000E+01 3.232380E+03     1 2.400E+01 1.598207E+02 1.598422E+02 -7.01052E-09 -8.63020E-04 3.944E-05 1.257E-02 -1.070E-04 -3.495E-02 -6.758E-05 -2.239E-02 -6.758E-05  9.999E+01 -2.152E-02 2.153E-02
   395 1.000000E+01 3.242380E+03     1 2.400E+01 1.598206E+02 1.598422E+02 -7.00965E-09 -8.63027E-04 3.944E-05 1.261E-02 -1.070E-04 -3.506E-02 -6.757E-05 -2.245E-02 -6.757E-05  9.999E+01 -2.159E-02 2.159E-02
   396 1.000000E+01 3.252380E+03     1 2.400E+01 1.598205E+02 1.598422E+02 -7.00878E-09 -8.63034E-04 3.945E-05 1.265E-02 -1.070E-04 -3.517E-02 -6.757E-05 -2.252E-02 -6.756E-05  9.999E+01 -2.166E-02 2.166E-02
   397 1.000000E+01 3.262380E+03     1 2.400E+01 1.598205E+02 1.598422E+02 -7.00792E-09 -8.63041E-04 3.945E-05 1.269E-02 -1.070E-04 -3.528E-02 -6.756E-05 -2.259E-02 -6.755E-05  9.999E+01 -2.172E-02 2.173E-02
   398 1.000000E+01 3.272380E+03     1 2.400E+01 1.598204E+02 1.598422E+02 -7.00705E-09 -8.63048E-04 3.946E-05 1.273E-02 -1.070E-04 -3.538E-02 -6.755E-05 -2.266E-02 -6.754E-05  9.999E+01 -2.179E-02 2.180E-02
   399 1.000000E+01 3.282380E+03     1 2.400E+01 1.598203E+02 1.598422E+02 -7.01293E-09 -8.63055E-04 3.946E-05 1.277E-02 -1.070E-04 -3.549E-02 -6.754E-05 -2.272E-02 -6.754E-05  9.999E+01 -2.186E-02 2.186E-02
   400 1.000000E+01 3.292380E+03     1 2.400E+01 1.598203E+02 1.598422E+02 -7.00644E-09 -8.63062E-04 3.946E-05 1.281E-02 -1.070E-04 -3.560E-02 -6.753E-05 -2.279E-02 -6.753E-05  9.999E+01 -2.193E-02 2.193E-02
   401 1.000000E+01 3.302380E+03     1 2.400E+01 1.598202E+02 1.598422E+02 -7.00397E-09 -8.63069E-04 3.947E-05 1.285E-02 -1.070E-04 -3.570E-02 -6.753E-05 -2.286E-02 -6.752E-05  9.999E+01 -2.199E-02 2.200E-02
   402 1.000000E+01 3.312380E+03     1 2.400E+01 1.598201E+02 1.598422E+02 -7.00243E-09 -8.63076E-04 3.947E-05 1.289E-02 -1.070E-04 -3.581E-02 -6.752E-05 -2.293E-02 -6.751E-05  9.999E+01 -2.206E-02 2.207E-02
   403 1.000000E+01 3.322380E+03     1 2.400E+01 1.598201E+02 1.598422E+02 -7.00114E-09 -8.63083E-04 3.947E-05 1.292E-02 -1.070E-04 -3.592E-02 -6.751E-05 -2.299E-02 -6.750E-05  9.999E+01 -2.213E-02 2.213E-02
   404 1.000000E+01 3.332380E+03     1 2.400E+01 1.598200E+02 1.598422E+02 -6.99995E-09 -8.63090E-04 3.948E-05 1.296E-02 -1.070E-04 -3.602E-02 -6.750E-05 -2.306E-02 -6.750E-05  9.999E+01 -2.220E-02 2.220E-02
   405 1.000000E+01 3.342380E+03     1 2.400E+01 1.598199E+02 1.598422E+02 -6.99881E-09 -8.63097E-04 3.948E-05 1.300E-02 -1.070E-04 -3.613E-02 -6.749E-05 -2.313E-02 -6.749E-05  9.999E+01 -2.226E-02 2.227E-02
   406 1.000000E+01 3.352380E+03     1 2.400E+01 1.598199E+02 1.598422E+02 -6.99771E-09 -8.63104E-04 3.948E-05 1.304E-02 -1.070E-04 -3.624E-02 -6.749E-05 -2.320E-02 -6.748E-05  9.999E+01 -2.233E-02 2.234E-02
   407 1.000000E+01 3.362380E+03     1 2.400E+01 1.598198E+02 1.598422E+02 -6.99664E-09 -8.63111E-04 3.949E-05 1.308E-02 -1.070E-04 -3.635E-02 -6.748E-05 -2.326E-02 -6.747E-05  9.999E+01 -2.240E-02 2.240E-02
   408 1.000000E+01 3.372380E+03     1 2.400E+01 1.598197E+02 1.598422E+02 -6.99558E-09 -8.63118E-04 3.949E-05 1.312E-02 -1.070E-04 -3.645E-02 -6.747E-05 -2.333E-02 -6.746E-05  9.999E+01 -2.247E-02 2.247E-02
   409 1.000000E+01 3.382380E+03     1 2.400E+01 1.598197E+02 1.598422E+02 -6.99454E-09 -8.63125E-04 3.949E-05 1.316E-02 -1.070E-04 -3.656E-02 -6.746E-05 -2.340E-02 -6.746E-05  9.999E+01 -2.253E-02 2.254E-02
   410 1.000000E+01 3.392380E+03     1 2.400E+01 1.598196E+02 1.598422E+02 -6.99351E-09 -8.63132E-04 3.950E-05 1.320E-02 -1.070E-04 -3.667E-02 -6.746E-05 -2.347E-02 -6.745E-05  9.999E+01 -2.260E-02 2.261E-02
   411 1.000000E+01 3.402380E+03     1 2.400E+01 1.598195E+02 1.598422E+02 -6.99250E-09 -8.63139E-04 3.950E-05 1.324E-02 -1.069E-04 -3.677E-02 -6.745E-05 -2.353E-02 -6.744E-05  9.999E+01 -2.267E-02 2.267E-02
   412 1.000000E+01 3.412380E+03     1 2.400E+01 1.598195E+02 1.598422E+02 -6.99149E-09 -8.63146E-04 3.950E-05 1.328E-02 -1.069E-04 -3.688E-02 -6.744E-05 -2.360E-02 -6.743E-05  9.999E+01 -2.274E-02 2.274E-02
   413 1.000000E+01 3.422380E+03     1 2.400E+01 1.598194E+02 1.598422E+02 -6.99049E-09 -8.63153E-04 3.951E-05 1.332E-02 -1.069E-04 -3.699E-02 -6.743E-05 -2.367E-02 -6.742E-05  9.999E+01 -2.280E-02 2.281E-02
   414 1.000000E+01 3.432380E+03     1 2.400E+01 1.598193E+02 1.598422E+02 -6.98950E-09 -8.63160E-04 3.951E-05 1.336E-02 -1.069E-04 -3.709E-02 -6.742E-05 -2.374E-02 -6.742E-05  9.999E+01 -2.287E-02 2.288E-02
   415 1.000000E+01 3.442380E+03     1 2.400E+01 1.598193E+02 1.598422E+02 -6.98851E-09 -8.63167E-04 3.952E-05 1.340E-02 -1.069E-04 -3.720E-02 -6.742E-05 -2.380E-02 -6.741E-05  9.999E+01 -2.294E-02 2.294E-02
   416 1.000000E+01 3.452380E+03     1 2.400E+01 1.598192E+02 1.598422E+02 -6.98753E-09 -8.63174E-04 3.952E-05 1.344E-02 -1.069E-04 -3.731E-02 -6.741E-05 -2.387E-02 -6.740E-05  9.999E+01 -2.301E-02 2.301E-02
   417 1.000000E+01 3.462380E+03     1 2.400E+01 1.598191E+02 1.598422E+02 -6.98656E-09 -8.63181E-04 3.952E-05 1.348E-02 -1.069E-04 -3.741E-02 -6.740E-05 -2.394E-02 -6.739E-05  9.999E+01 -2.307E-02 2.308E-02
   418 1.000000E+01 3.472380E+03     1 2.400E+01 1.598191E+02 1.598422E+02 -6.98559E-09 -8.63188E-04 3.953E-05 1.352E-02 -1.069E-04 -3.752E-02 -6.739E-05 -2.400E-02 -6.738E-05  9.999E+01 -2.314E-02 2.315E-02
   419 1.000000E+01 3.482380E+03     1 2.400E+01 1.598190E+02 1.598422E+02 -6.98463E-09 -8.63195E-04 3.953E-05 1.356E-02 -1.069E-04 -3.763E-02 -6.738E-05 -2.407E-02 -6.738E-05  9.999E+01 -2.321E-02 2.321E-02
   420 1.000000E+01 3.492380E+03     1 2.400E+01 1.598189E+02 1.598422E+02 -6.98367E-09 -8.63202E-04 3.953E-05 1.360E-02 -1.069E-04 -3.774E-02 -6.738E-05 -2.414E-02 -6.737E-05  9.999E+01 -2.328E-02 2.328E-02
   421 1.000000E+01 3.502380E+03     1 2.400E+01 1.598189E+02 1.598422E+02 -6.98271E-09 -8.63209E-04 3.954E-05 1.364E-02 -1.069E-04 -3.784E-02 -6.737E-05 -2.421E-02 -6.736E-05  9.999E+01 -2.334E-02 2.335E-02
   422 1.000000E+01 3.512380E+03     1 2.400E+01 1.598188E+02 1.598422E+02 -6.98176E-09 -8.63216E-04 3.954E-05 1.368E-02 -1.069E-04 -3.795E-02 -6.736E-05 -2.427E-02 -6.735E-05  9.999E+01 -2.341E-02 2.341E-02
   423 1.000000E+01 3.522380E+03     1 2.400E+01 1.598187E+02 1.598422E+02 -6.98081E-09 -8.63223E-04 3.954E-05 1.371E-02 -1.069E-04 -3.806E-02 -6.735E-05 -2.434E-02 -6.735E-05  9.999E+01 -2.348E-02 2.348E-02
   424 1.000000E+01 3.532380E+03     1 2.400E+01 1.598186E+02 1.598422E+02 -6.97986E-09 -8.63230E-04 3.955E-05 1.375E-02 -1.069E-04 -3.816E-02 -6.734E-05 -2.441E-02 -6.734E-05  9.999E+01 -2.355E-02 2.355E-02
   425 1.000000E+01 3.542380E+03     1 2.400E+01 1.598186E+02 1.598422E+02 -6.97891E-09 -8.63237E-04 3.955E-05 1.379E-02 -1.069E-04 -3.827E-02 -6.734E-05 -2.448E-02 -6.733E-05  9.999E+01 -2.361E-02 2.362E-02
   426 1.000000E+01 3.552380E+03     1 2.400E+01 1.598185E+02 1.598422E+02 -6.97797E-09 -8.63244E-04 3.955E-05 1.383E-02 -1.069E-04 -3.838E-02 -6.733E-05 -2.454E-02 -6.732E-05  9.999E+01 -2.368E-02 2.368E-02
   427 1.000000E+01 3.562380E+03     1 2.400E+01 1.598184E+02 1.598422E+02 -6.97703E-09 -8.63251E-04 3.956E-05 1.387E-02 -1.069E-04 -3.848E-02 -6.732E-05 -2.461E-02 -6.731E-05  9.999E+01 -2.375E-02 2.375E-02
   428 1.000000E+01 3.572380E+03     1 2.400E+01 1.598184E+02 1.598422E+02 -6.97610E-09 -8.63258E-04 3.956E-05 1.391E-02 -1.069E-04 -3.859E-02 -6.731E-05 -2.468E-02 -6.731E-05  9.999E+01 -2.381E-02 2.382E-02
   429 1.000000E+01 3.582380E+03     1 2.400E+01 1.598183E+02 1.598422E+02 -6.97516E-09 -8.63265E-04 3.957E-05 1.395E-02 -1.069E-04 -3.870E-02 -6.730E-05 -2.475E-02 -6.730E-05  9.999E+01 -2.388E-02 2.389E-02
   430 1.000000E+01 3.592380E+03     1 2.400E+01 1.598182E+02 1.598422E+02 -6.97423E-09 -8.63272E-04 3.957E-05 1.399E-02 -1.069E-04 -3.880E-02 -6.730E-05 -2.481E-02 -6.729E-05  9.999E+01 -2.395E-02 2.395E-02
   431 1.000000E+01 3.602380E+03     1 2.400E+01 1.598182E+02 1.598422E+02 -6.97330E-09 -8.63279E-04 3.957E-05 1.403E-02 -1.069E-04 -3.891E-02 -6.729E-05 -2.488E-02 -6.728E-05  9.999E+01 -2.402E-02 2.402E-02
   432 1.000000E+01 3.612380E+03     1 2.400E+01 1.598181E+02 1.598422E+02 -6.97237E-09 -8.63286E-04 3.958E-05 1.407E-02 -1.069E-04 -3.902E-02 -6.728E-05 -2.495E-02 -6.727E-05  9.999E+01 -2.408E-02 2.409E-02
   433 1.000000E+01 3.622380E+03     1 2.400E+01 1.598180E+02 1.598422E+02 -6.97145E-09 -8.63293E-04 3.958E-05 1.411E-02 -1.069E-04 -3.913E-02 -6.727E-05 -2.501E-02 -6.727E-05  9.999E+01 -2.415E-02 2.416E-02
   434 1.000000E+01 3.632380E+03     1 2.400E+01 1.598180E+02 1.598422E+02 -6.97052E-09 -8.63300E-04 3.958E-05 1.415E-02 -1.068E-04 -3.923E-02 -6.726E-05 -2.508E-02 -6.726E-05  9.999E+01 -2.422E-02 2.422E-02
   435 1.000000E+01 3.642380E+03     1 2.400E+01 1.598179E+02 1.598422E+02 -6.96960E-09 -8.63307E-04 3.959E-05 1.419E-02 -1.068E-04 -3.934E-02 -6.726E-05 -2.515E-02 -6.725E-05  9.999E+01 -2.429E-02 2.429E-02
   436 1.000000E+01 3.652380E+03     1 2.400E+01 1.598178E+02 1.598422E+02 -6.96868E-09 -8.63314E-04 3.959E-05 1.423E-02 -1.068E-04 -3.945E-02 -6.725E-05 -2.522E-02 -6.724E-05  9.999E+01 -2.435E-02 2.436E-02
   437 1.000000E+01 3.662380E+03     1 2.400E+01 1.598178E+02 1.598422E+02 -6.96776E-09 -8.63321E-04 3.959E-05 1.427E-02 -1.068E-04 -3.955E-02 -6.724E-05 -2.528E-02 -6.723E-05  9.999E+01 -2.442E-02 2.442E-02
   438 1.000000E+01 3.672380E+03     1 2.400E+01 1.598177E+02 1.598422E+02 -6.96684E-09 -8.63328E-04 3.960E-05 1.431E-02 -1.068E-04 -3.966E-02 -6.723E-05 -2.535E-02 -6.723E-05  9.999E+01 -2.449E-02 2.449E-02
   439 1.000000E+01 3.682380E+03     1 2.400E+01 1.598176E+02 1.598422E+02 -6.96593E-09 -8.63335E-04 3.960E-05 1.435E-02 -1.068E-04 -3.977E-02 -6.723E-05 -2.542E-02 -6.722E-05  9.999E+01 -2.455E-02 2.456E-02
   440 1.000000E+01 3.692380E+03     1 2.400E+01 1.598176E+02 1.598422E+02 -6.96501E-09 -8.63342E-04 3.960E-05 1.439E-02 -1.068E-04 -3.987E-02 -6.722E-05 -2.549E-02 -6.721E-05  9.999E+01 -2.462E-02 2.463E-02
   441 1.000000E+01 3.702380E+03     1 2.400E+01 1.598175E+02 1.598422E+02 -6.96410E-09 -8.63349E-04 3.961E-05 1.443E-02 -1.068E-04 -3.998E-02 -6.721E-05 -2.555E-02 -6.720E-05  9.999E+01 -2.469E-02 2.469E-02
   442 1.000000E+01 3.712380E+03     1 2.400E+01 1.598174E+02 1.598422E+02 -6.96318E-09 -8.63356E-04 3.961E-05 1.447E-02 -1.068E-04 -4.009E-02 -6.720E-05 -2.562E-02 -6.719E-05  9.999E+01 -2.476E-02 2.476E-02
   443 1.000000E+01 3.722380E+03     1 2.400E+01 1.598174E+02 1.598422E+02 -6.96227E-09 -8.63363E-04 3.961E-05 1.451E-02 -1.068E-04 -4.019E-02 -6.719E-05 -2.569E-02 -6.719E-05  9.999E+01 -2.482E-02 2.483E-02
   444 1.000000E+01 3.732380E+03     1 2.400E+01 1.598173E+02 1.598422E+02 -6.96136E-09 -8.63370E-04 3.962E-05 1.455E-02 -1.068E-04 -4.030E-02 -6.719E-05 -2.575E-02 -6.718E-05  9.999E+01 -2.489E-02 2.489E-02
   445 1.000000E+01 3.742380E+03     1 2.400E+01 1.598172E+02 1.598422E+02 -6.96045E-09 -8.63377E-04 3.962E-05 1.459E-02 -1.068E-04 -4.041E-02 -6.718E-05 -2.582E-02 -6.717E-05  9.999E+01 -2.496E-02 2.496E-02
   446 1.000000E+01 3.752380E+03     1 2.400E+01 1.598172E+02 1.598422E+02 -6.95954E-09 -8.63383E-04 3.963E-05 1.463E-02 -1.068E-04 -4.051E-02 -6.717E-05 -2.589E-02 -6.716E-05  9.999E+01 -2.503E-02 2.503E-02
   447 1.000000E+01 3.762380E+03     1 2.400E+01 1.598171E+02 1.598422E+02 -6.95864E-09 -8.63390E-04 3.963E-05 1.467E-02 -1.068E-04 -4.062E-02 -6.716E-05 -2.596E-02 -6.715E-05  9.999E+01 -2.509E-02 2.510E-02
   448 1.000000E+01 3.772380E+03     1 2.400E+01 1.598170E+02 1.598422E+02 -6.95773E-09 -8.63397E-04 3.963E-05 1.470E-02 -1.068E-04 -4.073E-02 -6.715E-05 -2.602E-02 -6.715E-05  9.999E+01 -2.516E-02 2.516E-02
   449 1.000000E+01 3.782380E+03     1 2.400E+01 1.598170E+02 1.598422E+02 -6.95683E-09 -8.63404E-04 3.964E-05 1.474E-02 -1.068E-04 -4.083E-02 -6.715E-05 -2.609E-02 -6.714E-05  9.999E+01 -2.523E-02 2.523E-02
   450 1.000000E+01 3.792380E+03     1 2.400E+01 1.598169E+02 1.598422E+02 -6.95592E-09 -8.63411E-04 3.964E-05 1.478E-02 -1.068E-04 -4.094E-02 -6.714E-05 -2.616E-02 -6.713E-05  9.999E+01 -2.529E-02 2.530E-02
   451 1.000000E+01 3.802380E+03     1 2.400E+01 1.598168E+02 1.598422E+02 -6.95502E-09 -8.63418E-04 3.964E-05 1.482E-02 -1.068E-04 -4.105E-02 -6.713E-05 -2.622E-02 -6.712E-05  9.999E+01 -2.536E-02 2.536E-02
   452 1.000000E+01 3.812380E+03     1 2.400E+01 1.598168E+02 1.598422E+02 -6.95412E-09 -8.63425E-04 3.965E-05 1.486E-02 -1.068E-04 -4.115E-02 -6.712E-05 -2.629E-02 -6.712E-05  9.999E+01 -2.543E-02 2.543E-02
   453 1.000000E+01 3.822380E+03     1 2.400E+01 1.598167E+02 1.598422E+02 -6.95321E-09 -8.63432E-04 3.965E-05 1.490E-02 -1.068E-04 -4.126E-02 -6.711E-05 -2.636E-02 -6.711E-05  9.999E+01 -2.549E-02 2.550E-02
   454 1.000000E+01 3.832380E+03     1 2.400E+01 1.598166E+02 1.598422E+02 -6.95231E-09 -8.63439E-04 3.965E-05 1.494E-02 -1.068E-04 -4.137E-02 -6.711E-05 -2.643E-02 -6.710E-05  9.999E+01 -2.556E-02 2.557E-02
   455 1.000000E+01 3.842380E+03     1 2.400E+01 1.598166E+02 1.598422E+02 -6.95141E-09 -8.63446E-04 3.966E-05 1.498E-02 -1.068E-04 -4.147E-02 -6.710E-05 -2.649E-02 -6.709E-05  9.999E+01 -2.563E-02 2.563E-02
   456 1.000000E+01 3.852380E+03     1 2.400E+01 1.598165E+02 1.598422E+02 -6.95051E-09 -8.63453E-04 3.966E-05 1.502E-02 -1.068E-04 -4.158E-02 -6.709E-05 -2.656E-02 -6.708E-05  9.999E+01 -2.570E-02 2.570E-02
   457 1.000000E+01 3.862380E+03     1 2.400E+01 1.598164E+02 1.598422E+02 -6.94962E-09 -8.63460E-04 3.966E-05 1.506E-02 -1.067E-04 -4.169E-02 -6.708E-05 -2.663E-02 -6.708E-05  9.999E+01 -2.576E-02 2.577E-02
   458 1.000000E+01 3.872380E+03     1 2.400E+01 1.598164E+02 1.598422E+02 -6.94872E-09 -8.63467E-04 3.967E-05 1.510E-02 -1.067E-04 -4.180E-02 -6.707E-05 -2.669E-02 -6.707E-05  9.999E+01 -2.583E-02 2.583E-02
   459 1.000000E+01 3.882380E+03     1 2.400E+01 1.598163E+02 1.598422E+02 -6.94782E-09 -8.63474E-04 3.967E-05 1.514E-02 -1.067E-04 -4.190E-02 -6.707E-05 -2.676E-02 -6.706E-05  9.999E+01 -2.590E-02 2.590E-02
   460 1.000000E+01 3.892380E+03     1 2.400E+01 1.598162E+02 1.598422E+02 -6.94693E-09 -8.63481E-04 3.967E-05 1.518E-02 -1.067E-04 -4.201E-02 -6.706E-05 -2.683E-02 -6.705E-05  9.999E+01 -2.596E-02 2.597E-02
   461 1.000000E+01 3.902380E+03     1 2.400E+01 1.598162E+02 1.598422E+02 -6.94603E-09 -8.63488E-04 3.968E-05 1.522E-02 -1.067E-04 -4.212E-02 -6.705E-05 -2.690E-02 -6.704E-05  9.999E+01 -2.603E-02 2.604E-02
   462 1.000000E+01 3.912380E+03     1 2.400E+01 1.598161E+02 1.598422E+02 -6.94513E-09 -8.63495E-04 3.968E-05 1.526E-02 -1.067E-04 -4.222E-02 -6.704E-05 -2.696E-02 -6.704E-05  9.999E+01 -2.610E-02 2.610E-02
   463 1.000000E+01 3.922380E+03     1 2.400E+01 1.598160E+02 1.598422E+02 -6.94424E-09 -8.63502E-04 3.969E-05 1.530E-02 -1.067E-04 -4.233E-02 -6.704E-05 -2.703E-02 -6.703E-05  9.999E+01 -2.617E-02 2.617E-02
   464 1.000000E+01 3.932380E+03     1 2.400E+01 1.598160E+02 1.598422E+02 -6.94335E-09 -8.63509E-04 3.969E-05 1.534E-02 -1.067E-04 -4.244E-02 -6.703E-05 -2.710E-02 -6.702E-05  9.999E+01 -2.623E-02 2.624E-02
   465 1.000000E+01 3.942380E+03     1 2.400E+01 1.598159E+02 1.598422E+02 -6.94245E-09 -8.63516E-04 3.969E-05 1.538E-02 -1.067E-04 -4.254E-02 -6.702E-05 -2.716E-02 -6.701E-05  9.999E+01 -2.630E-02 2.630E-02
   466 1.000000E+01 3.952380E+03     1 2.400E+01 1.598158E+02 1.598422E+02 -6.94156E-09 -8.63522E-04 3.970E-05 1.542E-02 -1.067E-04 -4.265E-02 -6.701E-05 -2.723E-02 -6.700E-05  9.999E+01 -2.637E-02 2.637E-02
   467 1.000000E+01 3.962380E+03     1 2.400E+01 1.598158E+02 1.598422E+02 -6.94067E-09 -8.63529E-04 3.970E-05 1.546E-02 -1.067E-04 -4.276E-02 -6.700E-05 -2.730E-02 -6.700E-05  9.999E+01 -2.643E-02 2.644E-02
   468 1.000000E+01 3.972380E+03     1 2.400E+01 1.598157E+02 1.598422E+02 -6.93978E-09 -8.63536E-04 3.970E-05 1.550E-02 -1.067E-04 -4.286E-02 -6.700E-05 -2.736E-02 -6.699E-05  9.999E+01 -2.650E-02 2.650E-02
   469 1.000000E+01 3.982380E+03     1 2.400E+01 1.598156E+02 1.598422E+02 -6.93889E-09 -8.63543E-04 3.971E-05 1.554E-02 -1.067E-04 -4.297E-02 -6.699E-05 -2.743E-02 -6.698E-05  9.999E+01 -2.657E-02 2.657E-02
   470 1.000000E+01 3.992380E+03     1 2.400E+01 1.598156E+02 1.598422E+02 -6.93800E-09 -8.63550E-04 3.971E-05 1.558E-02 -1.067E-04 -4.308E-02 -6.698E-05 -2.750E-02 -6.697E-05  9.999E+01 -2.663E-02 2.664E-02
   471 1.000000E+01 4.002380E+03     1 2.400E+01 1.598155E+02 1.598422E+02 -6.93711E-09 -8.63557E-04 3.971E-05 1.562E-02 -1.067E-04 -4.318E-02 -6.697E-05 -2.757E-02 -6.697E-05  9.999E+01 -2.670E-02 2.671E-02
   472 1.000000E+01 4.012380E+03     1 2.400E+01 1.598154E+02 1.598422E+02 -6.93622E-09 -8.63564E-04 3.972E-05 1.566E-02 -1.067E-04 -4.329E-02 -6.696E-05 -2.763E-02 -6.696E-05  9.999E+01 -2.677E-02 2.677E-02
   473 1.000000E+01 4.022380E+03     1 2.400E+01 1.598154E+02 1.598422E+02 -6.93534E-09 -8.63571E-04 3.972E-05 1.570E-02 -1.067E-04 -4.340E-02 -6.696E-05 -2.770E-02 -6.695E-05  9.999E+01 -2.684E-02 2.684E-02
   474 1.000000E+01 4.032380E+03     1 2.400E+01 1.598153E+02 1.598422E+02 -6.93445E-09 -8.63578E-04 3.972E-05 1.574E-02 -1.067E-04 -4.350E-02 -6.695E-05 -2.777E-02 -6.694E-05  9.999E+01 -2.690E-02 2.691E-02
   475 1.000000E+01 4.042380E+03     1 2.400E+01 1.598152E+02 1.598422E+02 -6.93356E-09 -8.63585E-04 3.973E-05 1.578E-02 -1.067E-04 -4.361E-02 -6.694E-05 -2.783E-02 -6.693E-05  9.999E+01 -2.697E-02 2.697E-02
   476 1.000000E+01 4.052380E+03     1 2.400E+01 1.598152E+02 1.598422E+02 -6.93267E-09 -8.63592E-04 3.973E-05 1.582E-02 -1.067E-04 -4.372E-02 -6.693E-05 -2.790E-02 -6.693E-05  9.999E+01 -2.704E-02 2.704E-02
   477 1.000000E+01 4.062380E+03     1 2.400E+01 1.598151E+02 1.598422E+02 -6.93179E-09 -8.63599E-04 3.973E-05 1.586E-02 -1.067E-04 -4.382E-02 -6.692E-05 -2.797E-02 -6.692E-05  9.999E+01 -2.710E-02 2.711E-02
   478 1.000000E+01 4.072380E+03     1 2.400E+01 1.598150E+02 1.598422E+02 -6.93090E-09 -8.63606E-04 3.974E-05 1.590E-02 -1.067E-04 -4.393E-02 -6.692E-05 -2.803E-02 -6.691E-05  9.999E+01 -2.717E-02 2.717E-02
   479 1.000000E+01 4.082380E+03     1 2.400E+01 1.598150E+02 1.598422E+02 -6.93002E-09 -8.63613E-04 3.974E-05 1.593E-02 -1.067E-04 -4.404E-02 -6.691E-05 -2.810E-02 -6.690E-05  9.999E+01 -2.724E-02 2.724E-02
   480 1.000000E+01 4.092380E+03     1 2.400E+01 1.598149E+02 1.598422E+02 -6.92913E-09 -8.63620E-04 3.975E-05 1.597E-02 -1.066E-04 -4.414E-02 -6.690E-05 -2.817E-02 -6.689E-05  9.999E+01 -2.730E-02 2.731E-02
   481 1.000000E+01 4.102380E+03     1 2.400E+01 1.598148E+02 1.598422E+02 -6.92825E-09 -8.63627E-04 3.975E-05 1.601E-02 -1.066E-04 -4.425E-02 -6.689E-05 -2.823E-02 -6.689E-05  9.999E+01 -2.737E-02 2.737E-02
   482 1.000000E+01 4.112380E+03     1 2.400E+01 1.598148E+02 1.598422E+02 -6.92737E-09 -8.63633E-04 3.975E-05 1.605E-02 -1.066E-04 -4.436E-02 -6.689E-05 -2.830E-02 -6.688E-05  9.999E+01 -2.744E-02 2.744E-02
   483 1.000000E+01 4.122380E+03     1 2.400E+01 1.598147E+02 1.598422E+02 -6.92648E-09 -8.63640E-04 3.976E-05 1.609E-02 -1.066E-04 -4.446E-02 -6.688E-05 -2.837E-02 -6.687E-05  9.999E+01 -2.750E-02 2.751E-02
   484 1.000000E+01 4.132380E+03     1 2.400E+01 1.598146E+02 1.598422E+02 -6.92560E-09 -8.63647E-04 3.976E-05 1.613E-02 -1.066E-04 -4.457E-02 -6.687E-05 -2.844E-02 -6.686E-05  9.999E+01 -2.757E-02 2.758E-02
   485 1.000000E+01 4.142380E+03     1 2.400E+01 1.598146E+02 1.598422E+02 -6.92472E-09 -8.63654E-04 3.976E-05 1.617E-02 -1.066E-04 -4.468E-02 -6.686E-05 -2.850E-02 -6.685E-05  9.999E+01 -2.764E-02 2.764E-02
   486 1.000000E+01 4.152380E+03     1 2.400E+01 1.598145E+02 1.598422E+02 -6.92384E-09 -8.63661E-04 3.977E-05 1.621E-02 -1.066E-04 -4.478E-02 -6.685E-05 -2.857E-02 -6.685E-05  9.999E+01 -2.771E-02 2.771E-02
   487 1.000000E+01 4.162380E+03     1 2.400E+01 1.598144E+02 1.598422E+02 -6.92296E-09 -8.63668E-04 3.977E-05 1.625E-02 -1.066E-04 -4.489E-02 -6.685E-05 -2.864E-02 -6.684E-05  9.999E+01 -2.777E-02 2.778E-02
   488 1.000000E+01 4.172380E+03     1 2.400E+01 1.598144E+02 1.598422E+02 -6.92208E-09 -8.63675E-04 3.977E-05 1.629E-02 -1.066E-04 -4.500E-02 -6.684E-05 -2.870E-02 -6.683E-05  9.999E+01 -2.784E-02 2.784E-02
   489 1.000000E+01 4.182380E+03     1 2.400E+01 1.598143E+02 1.598422E+02 -6.92120E-09 -8.63682E-04 3.978E-05 1.633E-02 -1.066E-04 -4.510E-02 -6.683E-05 -2.877E-02 -6.682E-05  9.999E+01 -2.791E-02 2.791E-02
   490 1.000000E+01 4.192380E+03     1 2.400E+01 1.598142E+02 1.598422E+02 -6.92032E-09 -8.63689E-04 3.978E-05 1.637E-02 -1.066E-04 -4.521E-02 -6.682E-05 -2.884E-02 -6.682E-05  9.999E+01 -2.797E-02 2.798E-02
   491 1.000000E+01 4.202380E+03     1 2.400E+01 1.598142E+02 1.598422E+02 -6.91944E-09 -8.63696E-04 3.978E-05 1.641E-02 -1.066E-04 -4.532E-02 -6.681E-05 -2.890E-02 -6.681E-05  9.999E+01 -2.804E-02 2.804E-02
   492 1.000000E+01 4.212380E+03     1 2.400E+01 1.598141E+02 1.598422E+02 -6.91856E-09 -8.63703E-04 3.979E-05 1.645E-02 -1.066E-04 -4.542E-02 -6.681E-05 -2.897E-02 -6.680E-05  9.999E+01 -2.811E-02 2.811E-02
   493 1.000000E+01 4.222380E+03     1 2.400E+01 1.598140E+02 1.598422E+02 -6.91768E-09 -8.63710E-04 3.979E-05 1.649E-02 -1.066E-04 -4.553E-02 -6.680E-05 -2.904E-02 -6.679E-05  9.999E+01 -2.817E-02 2.818E-02
   494 1.000000E+01 4.232380E+03     1 2.400E+01 1.598140E+02 1.598422E+02 -6.91680E-09 -8.63716E-04 3.979E-05 1.653E-02 -1.066E-04 -4.563E-02 -6.679E-05 -2.910E-02 -6.678E-05  9.999E+01 -2.824E-02 2.824E-02
   495 1.000000E+01 4.242380E+03     1 2.400E+01 1.598139E+02 1.598422E+02 -6.91593E-09 -8.63723E-04 3.980E-05 1.657E-02 -1.066E-04 -4.574E-02 -6.678E-05 -2.917E-02 -6.678E-05  9.999E+01 -2.831E-02 2.831E-02
   496 1.000000E+01 4.252380E+03     1 2.400E+01 1.598138E+02 1.598422E+02 -6.91505E-09 -8.63730E-04 3.980E-05 1.661E-02 -1.066E-04 -4.585E-02 -6.677E-05 -2.924E-02 -6.677E-05  9.999E+01 -2.837E-02 2.838E-02
   497 1.000000E+01 4.262380E+03     1 2.400E+01 1.598138E+02 1.598422E+02 -6.91417E-09 -8.63737E-04 3.981E-05 1.665E-02 -1.066E-04 -4.595E-02 -6.677E-05 -2.930E-02 -6.676E-05  9.999E+01 -2.844E-02 2.844E-02
   498 1.000000E+01 4.272380E+03     1 2.400E+01 1.598137E+02 1.598422E+02 -6.91330E-09 -8.63744E-04 3.981E-05 1.669E-02 -1.066E-04 -4.606E-02 -6.676E-05 -2.937E-02 -6.675E-05  9.999E+01 -2.851E-02 2.851E-02
   499 1.000000E+01 4.282380E+03     1 2.400E+01 1.598136E+02 1.598422E+02 -6.91242E-09 -8.63751E-04 3.981E-05 1.673E-02 -1.066E-04 -4.617E-02 -6.675E-05 -2.944E-02 -6.674E-05  9.999E+01 -2.857E-02 2.858E-02
   500 1.000000E+01 4.292380E+03     1 2.400E+01 1.598136E+02 1.598422E+02 -6.91155E-09 -8.63758E-04 3.982E-05 1.677E-02 -1.066E-04 -4.627E-02 -6.674E-05 -2.950E-02 -6.674E-05  9.999E+01 -2.864E-02 2.864E-02
   501 1.000000E+01 4.302380E+03     1 2.400E+01 1.598135E+02 1.598422E+02 -6.91067E-09 -8.63765E-04 3.982E-05 1.681E-02 -1.066E-04 -4.638E-02 -6.674E-05 -2.957E-02 -6.673E-05  9.999E+01 -2.871E-02 2.871E-02
   502 1.000000E+01 4.312380E+03     1 2.400E+01 1.598134E+02 1.598422E+02 -6.90980E-09 -8.63772E-04 3.982E-05 1.685E-02 -1.066E-04 -4.649E-02 -6.673E-05 -2.964E-02 -6.672E-05  9.999E+01 -2.877E-02 2.878E-02
   503 1.000000E+01 4.322380E+03     1 2.400E+01 1.598134E+02 1.598422E+02 -6.90892E-09 -8.63779E-04 3.983E-05 1.689E-02 -1.065E-04 -4.659E-02 -6.672E-05 -2.970E-02 -6.671E-05  9.999E+01 -2.884E-02 2.884E-02
   504 1.000000E+01 4.332380E+03     1 2.400E+01 1.598133E+02 1.598422E+02 -6.90805E-09 -8.63786E-04 3.983E-05 1.693E-02 -1.065E-04 -4.670E-02 -6.671E-05 -2.977E-02 -6.670E-05  9.999E+01 -2.891E-02 2.891E-02
   505 1.000000E+01 4.342380E+03     1 2.400E+01 1.598132E+02 1.598422E+02 -6.90717E-09 -8.63793E-04 3.983E-05 1.697E-02 -1.065E-04 -4.681E-02 -6.670E-05 -2.984E-02 -6.670E-05  9.999E+01 -2.897E-02 2.898E-02
   506 1.000000E+01 4.352380E+03     1 2.400E+01 1.598132E+02 1.598422E+02 -6.90630E-09 -8.63799E-04 3.984E-05 1.701E-02 -1.065E-04 -4.691E-02 -6.670E-05 -2.990E-02 -6.669E-05  9.999E+01 -2.904E-02 2.904E-02
   507 1.000000E+01 4.362380E+03     1 2.400E+01 1.598131E+02 1.598422E+02 -6.90543E-09 -8.63806E-04 3.984E-05 1.705E-02 -1.065E-04 -4.702E-02 -6.669E-05 -2.997E-02 -6.668E-05  9.999E+01 -2.911E-02 2.911E-02
   508 1.000000E+01 4.372380E+03     1 2.400E+01 1.598130E+02 1.598422E+02 -6.90456E-09 -8.63813E-04 3.984E-05 1.709E-02 -1.065E-04 -4.713E-02 -6.668E-05 -3.004E-02 -6.667E-05  9.999E+01 -2.917E-02 2.918E-02
   509 1.000000E+01 4.382380E+03     1 2.400E+01 1.598130E+02 1.598422E+02 -6.90369E-09 -8.63820E-04 3.985E-05 1.713E-02 -1.065E-04 -4.723E-02 -6.667E-05 -3.010E-02 -6.667E-05  9.999E+01 -2.924E-02 2.924E-02
   510 1.000000E+01 4.392380E+03     1 2.400E+01 1.598129E+02 1.598422E+02 -6.90286E-09 -8.63827E-04 3.985E-05 1.717E-02 -1.065E-04 -4.734E-02 -6.666E-05 -3.017E-02 -6.666E-05  9.999E+01 -2.931E-02 2.931E-02
   511 1.000000E+01 4.402380E+03     1 2.400E+01 1.598128E+02 1.598422E+02 -6.90206E-09 -8.63834E-04 3.985E-05 1.721E-02 -1.065E-04 -4.745E-02 -6.666E-05 -3.024E-02 -6.665E-05  9.999E+01 -2.937E-02 2.938E-02
   512 1.000000E+01 4.412380E+03     1 2.400E+01 1.598128E+02 1.598422E+02 -6.90130E-09 -8.63841E-04 3.986E-05 1.725E-02 -1.065E-04 -4.755E-02 -6.665E-05 -3.030E-02 -6.664E-05  9.999E+01 -2.944E-02 2.944E-02
   513 1.000000E+01 4.422380E+03     1 2.400E+01 1.598127E+02 1.598422E+02 -6.90055E-09 -8.63848E-04 3.986E-05 1.729E-02 -1.065E-04 -4.766E-02 -6.664E-05 -3.037E-02 -6.663E-05  9.999E+01 -2.951E-02 2.951E-02
   514 1.000000E+01 4.432380E+03     1 2.400E+01 1.598126E+02 1.598422E+02 -6.89983E-09 -8.63855E-04 3.986E-05 1.733E-02 -1.065E-04 -4.777E-02 -6.663E-05 -3.044E-02 -6.663E-05  9.999E+01 -2.957E-02 2.958E-02
   515 1.000000E+01 4.442380E+03     1 2.400E+01 1.598126E+02 1.598422E+02 -6.89911E-09 -8.63862E-04 3.987E-05 1.737E-02 -1.065E-04 -4.787E-02 -6.663E-05 -3.050E-02 -6.662E-05  9.999E+01 -2.964E-02 2.964E-02
   516 1.000000E+01 4.452380E+03     1 2.400E+01 1.598125E+02 1.598422E+02 -6.89840E-09 -8.63868E-04 3.987E-05 1.741E-02 -1.065E-04 -4.798E-02 -6.662E-05 -3.057E-02 -6.661E-05  9.999E+01 -2.971E-02 2.971E-02
   517 1.000000E+01 4.462380E+03     1 2.400E+01 1.598124E+02 1.598422E+02 -6.89769E-09 -8.63875E-04 3.987E-05 1.745E-02 -1.065E-04 -4.809E-02 -6.661E-05 -3.064E-02 -6.660E-05  9.999E+01 -2.977E-02 2.978E-02
   518 1.000000E+01 4.472380E+03     1 2.400E+01 1.598124E+02 1.598422E+02 -6.89699E-09 -8.63882E-04 3.988E-05 1.749E-02 -1.065E-04 -4.819E-02 -6.660E-05 -3.070E-02 -6.660E-05  9.999E+01 -2.984E-02 2.984E-02
   519 1.000000E+01 4.482380E+03     1 2.400E+01 1.598123E+02 1.598422E+02 -6.89629E-09 -8.63889E-04 3.988E-05 1.753E-02 -1.065E-04 -4.830E-02 -6.660E-05 -3.077E-02 -6.659E-05  9.999E+01 -2.991E-02 2.991E-02
   520 1.000000E+01 4.492380E+03     1 2.400E+01 1.598122E+02 1.598422E+02 -6.89559E-09 -8.63896E-04 3.988E-05 1.757E-02 -1.065E-04 -4.840E-02 -6.659E-05 -3.084E-02 -6.658E-05  9.999E+01 -2.997E-02 2.998E-02
   521 1.000000E+01 4.502380E+03     1 2.400E+01 1.598122E+02 1.598422E+02 -6.89489E-09 -8.63903E-04 3.989E-05 1.761E-02 -1.065E-04 -4.851E-02 -6.658E-05 -3.090E-02 -6.657E-05  9.999E+01 -3.004E-02 3.004E-02
   522 1.000000E+01 4.512380E+03     1 2.400E+01 1.598121E+02 1.598422E+02 -6.89419E-09 -8.63910E-04 3.989E-05 1.765E-02 -1.065E-04 -4.862E-02 -6.657E-05 -3.097E-02 -6.657E-05  9.999E+01 -3.011E-02 3.011E-02
   523 1.000000E+01 4.522380E+03     1 2.400E+01 1.598120E+02 1.598422E+02 -6.89349E-09 -8.63917E-04 3.989E-05 1.769E-02 -1.065E-04 -4.872E-02 -6.656E-05 -3.104E-02 -6.656E-05  9.999E+01 -3.017E-02 3.018E-02
   524 1.000000E+01 4.532380E+03     1 2.400E+01 1.598120E+02 1.598422E+02 -6.89283E-09 -8.63924E-04 3.990E-05 1.773E-02 -1.065E-04 -4.883E-02 -6.656E-05 -3.110E-02 -6.655E-05  9.999E+01 -3.024E-02 3.024E-02
   525 1.000000E+01 4.542380E+03     1 2.400E+01 1.598119E+02 1.598422E+02 -6.89219E-09 -8.63930E-04 3.990E-05 1.777E-02 -1.064E-04 -4.894E-02 -6.655E-05 -3.117E-02 -6.654E-05  9.999E+01 -3.031E-02 3.031E-02
   526 1.000000E+01 4.552380E+03     1 2.400E+01 1.598118E+02 1.598422E+02 -6.89158E-09 -8.63937E-04 3.990E-05 1.781E-02 -1.064E-04 -4.904E-02 -6.654E-05 -3.124E-02 -6.654E-05  9.999E+01 -3.037E-02 3.038E-02
   527 1.000000E+01 4.562380E+03     1 2.400E+01 1.598118E+02 1.598422E+02 -6.89097E-09 -8.63944E-04 3.991E-05 1.785E-02 -1.064E-04 -4.915E-02 -6.653E-05 -3.130E-02 -6.653E-05  9.999E+01 -3.044E-02 3.044E-02
   528 1.000000E+01 4.572380E+03     1 2.400E+01 1.598117E+02 1.598422E+02 -6.89038E-09 -8.63951E-04 3.991E-05 1.789E-02 -1.064E-04 -4.926E-02 -6.653E-05 -3.137E-02 -6.652E-05  9.999E+01 -3.051E-02 3.051E-02
   529 1.000000E+01 4.582380E+03     1 2.400E+01 1.598116E+02 1.598422E+02 -6.88979E-09 -8.63958E-04 3.991E-05 1.793E-02 -1.064E-04 -4.936E-02 -6.652E-05 -3.144E-02 -6.651E-05  9.999E+01 -3.057E-02 3.058E-02
   530 1.000000E+01 4.592380E+03     1 2.400E+01 1.598116E+02 1.598422E+02 -6.88920E-09 -8.63965E-04 3.991E-05 1.797E-02 -1.064E-04 -4.947E-02 -6.651E-05 -3.150E-02 -6.651E-05  9.999E+01 -3.064E-02 3.064E-02
   531 1.000000E+01 4.602380E+03     1 2.400E+01 1.598115E+02 1.598422E+02 -6.88862E-09 -8.63972E-04 3.992E-05 1.801E-02 -1.064E-04 -4.958E-02 -6.651E-05 -3.157E-02 -6.650E-05  9.999E+01 -3.071E-02 3.071E-02
   532 1.000000E+01 4.612380E+03     1 2.400E+01 1.598114E+02 1.598422E+02 -6.88803E-09 -8.63979E-04 3.992E-05 1.805E-02 -1.064E-04 -4.968E-02 -6.650E-05 -3.164E-02 -6.649E-05  9.999E+01 -3.077E-02 3.078E-02
   533 1.000000E+01 4.622380E+03     1 2.400E+01 1.598114E+02 1.598422E+02 -6.88743E-09 -8.63986E-04 3.992E-05 1.809E-02 -1.064E-04 -4.979E-02 -6.649E-05 -3.170E-02 -6.648E-05  9.999E+01 -3.084E-02 3.084E-02
   534 1.000000E+01 4.632380E+03     1 2.400E+01 1.598113E+02 1.598422E+02 -6.88683E-09 -8.63992E-04 3.993E-05 1.813E-02 -1.064E-04 -4.989E-02 -6.648E-05 -3.177E-02 -6.648E-05  9.999E+01 -3.090E-02 3.091E-02
   535 1.000000E+01 4.642380E+03     1 2.400E+01 1.598112E+02 1.598422E+02 -6.88623E-09 -8.63999E-04 3.993E-05 1.817E-02 -1.064E-04 -5.000E-02 -6.648E-05 -3.184E-02 -6.647E-05  9.999E+01 -3.097E-02 3.098E-02
   536 1.000000E+01 4.652380E+03     1 2.400E+01 1.598112E+02 1.598422E+02 -6.88562E-09 -8.64006E-04 3.993E-05 1.821E-02 -1.064E-04 -5.011E-02 -6.647E-05 -3.190E-02 -6.646E-05  9.999E+01 -3.104E-02 3.104E-02
   537 1.000000E+01 4.662380E+03     1 2.400E+01 1.598111E+02 1.598422E+02 -6.88501E-09 -8.64013E-04 3.993E-05 1.825E-02 -1.064E-04 -5.021E-02 -6.646E-05 -3.197E-02 -6.645E-05  9.999E+01 -3.110E-02 3.111E-02
   538 1.000000E+01 4.672380E+03     1 2.400E+01 1.598110E+02 1.598422E+02 -6.88439E-09 -8.64020E-04 3.994E-05 1.829E-02 -1.064E-04 -5.032E-02 -6.645E-05 -3.203E-02 -6.645E-05  9.999E+01 -3.117E-02 3.117E-02
   539 1.000000E+01 4.682380E+03     1 2.400E+01 1.598110E+02 1.598422E+02 -6.88377E-09 -8.64027E-04 3.994E-05 1.833E-02 -1.064E-04 -5.043E-02 -6.645E-05 -3.210E-02 -6.644E-05  9.999E+01 -3.124E-02 3.124E-02
   540 1.000000E+01 4.692380E+03     1 2.400E+01 1.598109E+02 1.598422E+02 -6.88314E-09 -8.64034E-04 3.994E-05 1.837E-02 -1.064E-04 -5.053E-02 -6.644E-05 -3.217E-02 -6.643E-05  9.999E+01 -3.130E-02 3.131E-02
   541 1.000000E+01 4.702380E+03     1 2.400E+01 1.598108E+02 1.598422E+02 -6.88250E-09 -8.64041E-04 3.995E-05 1.841E-02 -1.064E-04 -5.064E-02 -6.643E-05 -3.223E-02 -6.642E-05  9.999E+01 -3.137E-02 3.137E-02
   542 1.000000E+01 4.712380E+03     1 2.400E+01 1.598108E+02 1.598422E+02 -6.88186E-09 -8.64048E-04 3.995E-05 1.845E-02 -1.064E-04 -5.075E-02 -6.642E-05 -3.230E-02 -6.642E-05  9.999E+01 -3.144E-02 3.144E-02
   543 1.000000E+01 4.722380E+03     1 2.400E+01 1.598107E+02 1.598422E+02 -6.88122E-09 -8.64054E-04 3.995E-05 1.849E-02 -1.064E-04 -5.085E-02 -6.642E-05 -3.237E-02 -6.641E-05  9.999E+01 -3.150E-02 3.151E-02
   544 1.000000E+01 4.732380E+03     1 2.400E+01 1.598106E+02 1.598422E+02 -6.88057E-09 -8.64061E-04 3.995E-05 1.853E-02 -1.064E-04 -5.096E-02 -6.641E-05 -3.243E-02 -6.640E-05  9.999E+01 -3.157E-02 3.157E-02
   545 1.000000E+01 4.742380E+03     1 2.400E+01 1.598106E+02 1.598422E+02 -6.87991E-09 -8.64068E-04 3.996E-05 1.857E-02 -1.064E-04 -5.106E-02 -6.640E-05 -3.250E-02 -6.639E-05  9.999E+01 -3.164E-02 3.164E-02
   546 1.000000E+01 4.752380E+03     1 2.400E+01 1.598105E+02 1.598422E+02 -6.87925E-09 -8.64075E-04 3.996E-05 1.861E-02 -1.064E-04 -5.117E-02 -6.639E-05 -3.257E-02 -6.639E-05  9.999E+01 -3.170E-02 3.171E-02
   547 1.000000E+01 4.762380E+03     1 2.400E+01 1.598104E+02 1.598422E+02 -6.87859E-09 -8.64082E-04 3.996E-05 1.865E-02 -1.063E-04 -5.128E-02 -6.639E-05 -3.263E-02 -6.638E-05  9.999E+01 -3.177E-02 3.177E-02
   548 1.000000E+01 4.772380E+03     1 2.400E+01 1.598104E+02 1.598422E+02 -6.87792E-09 -8.64089E-04 3.996E-05 1.869E-02 -1.063E-04 -5.138E-02 -6.638E-05 -3.270E-02 -6.637E-05  9.999E+01 -3.183E-02 3.184E-02
   549 1.000000E+01 4.782380E+03     1 2.400E+01 1.598103E+02 1.598422E+02 -6.87725E-09 -8.64096E-04 3.997E-05 1.873E-02 -1.063E-04 -5.149E-02 -6.637E-05 -3.276E-02 -6.637E-05  9.999E+01 -3.190E-02 3.190E-02
   550 1.000000E+01 4.792380E+03     1 2.400E+01 1.598102E+02 1.598422E+02 -6.87658E-09 -8.64103E-04 3.997E-05 1.877E-02 -1.063E-04 -5.160E-02 -6.636E-05 -3.283E-02 -6.636E-05  9.999E+01 -3.197E-02 3.197E-02
   551 1.000000E+01 4.802380E+03     1 2.400E+01 1.598102E+02 1.598422E+02 -6.87590E-09 -8.64109E-04 3.997E-05 1.881E-02 -1.063E-04 -5.170E-02 -6.636E-05 -3.290E-02 -6.635E-05  9.999E+01 -3.203E-02 3.204E-02
   552 1.000000E+01 4.812380E+03     1 2.400E+01 1.598101E+02 1.598422E+02 -6.87521E-09 -8.64116E-04 3.998E-05 1.885E-02 -1.063E-04 -5.181E-02 -6.635E-05 -3.296E-02 -6.634E-05  9.999E+01 -3.210E-02 3.210E-02
   553 1.000000E+01 4.822380E+03     1 2.400E+01 1.598100E+02 1.598422E+02 -6.87453E-09 -8.64123E-04 3.998E-05 1.889E-02 -1.063E-04 -5.192E-02 -6.634E-05 -3.303E-02 -6.634E-05  9.999E+01 -3.217E-02 3.217E-02
   554 1.000000E+01 4.832380E+03     1 2.400E+01 1.598100E+02 1.598422E+02 -6.87384E-09 -8.64130E-04 3.998E-05 1.893E-02 -1.063E-04 -5.202E-02 -6.633E-05 -3.310E-02 -6.633E-05  9.999E+01 -3.223E-02 3.224E-02
   555 1.000000E+01 4.842380E+03     1 2.400E+01 1.598099E+02 1.598422E+02 -6.87314E-09 -8.64137E-04 3.998E-05 1.897E-02 -1.063E-04 -5.213E-02 -6.633E-05 -3.316E-02 -6.632E-05  9.999E+01 -3.230E-02 3.230E-02
   556 1.000000E+01 4.852380E+03     1 2.400E+01 1.598098E+02 1.598422E+02 -6.87245E-09 -8.64144E-04 3.999E-05 1.901E-02 -1.063E-04 -5.223E-02 -6.632E-05 -3.323E-02 -6.631E-05  9.999E+01 -3.237E-02 3.237E-02
   557 1.000000E+01 4.862380E+03     1 2.400E+01 1.598098E+02 1.598422E+02 -6.87175E-09 -8.64151E-04 3.999E-05 1.905E-02 -1.063E-04 -5.234E-02 -6.631E-05 -3.330E-02 -6.631E-05  9.999E+01 -3.243E-02 3.244E-02
   558 1.000000E+01 4.872380E+03     1 2.400E+01 1.598097E+02 1.598422E+02 -6.87105E-09 -8.64158E-04 3.999E-05 1.909E-02 -1.063E-04 -5.245E-02 -6.631E-05 -3.336E-02 -6.630E-05  9.999E+01 -3.250E-02 3.250E-02
   559 1.000000E+01 4.882380E+03     1 2.400E+01 1.598096E+02 1.598422E+02 -6.87034E-09 -8.64164E-04 3.999E-05 1.913E-02 -1.063E-04 -5.255E-02 -6.630E-05 -3.343E-02 -6.629E-05  9.999E+01 -3.256E-02 3.257E-02
   560 1.000000E+01 4.892380E+03     1 2.400E+01 1.598096E+02 1.598422E+02 -6.86963E-09 -8.64171E-04 4.000E-05 1.917E-02 -1.063E-04 -5.266E-02 -6.629E-05 -3.349E-02 -6.628E-05  9.999E+01 -3.263E-02 3.263E-02
   561 1.000000E+01 4.902380E+03     1 2.400E+01 1.598095E+02 1.598422E+02 -6.86892E-09 -8.64178E-04 4.000E-05 1.921E-02 -1.063E-04 -5.277E-02 -6.628E-05 -3.356E-02 -6.628E-05  9.999E+01 -3.270E-02 3.270E-02
   562 1.000000E+01 4.912380E+03     1 2.400E+01 1.598094E+02 1.598422E+02 -6.86821E-09 -8.64185E-04 4.000E-05 1.925E-02 -1.063E-04 -5.287E-02 -6.628E-05 -3.363E-02 -6.627E-05  9.999E+01 -3.276E-02 3.277E-02
   563 1.000000E+01 4.922380E+03     1 2.400E+01 1.598094E+02 1.598422E+02 -6.86750E-09 -8.64192E-04 4.000E-05 1.929E-02 -1.063E-04 -5.298E-02 -6.627E-05 -3.369E-02 -6.626E-05  9.999E+01 -3.283E-02 3.283E-02
   564 1.000000E+01 4.932380E+03     1 2.400E+01 1.598093E+02 1.598422E+02 -6.86678E-09 -8.64199E-04 4.001E-05 1.933E-02 -1.063E-04 -5.308E-02 -6.626E-05 -3.376E-02 -6.625E-05  9.999E+01 -3.290E-02 3.290E-02
   565 1.000000E+01 4.942380E+03     1 2.400E+01 1.598092E+02 1.598422E+02 -6.86606E-09 -8.64206E-04 4.001E-05 1.937E-02 -1.063E-04 -5.319E-02 -6.625E-05 -3.383E-02 -6.625E-05  9.999E+01 -3.296E-02 3.297E-02
   566 1.000000E+01 4.952380E+03     1 2.400E+01 1.598092E+02 1.598422E+02 -6.86534E-09 -8.64213E-04 4.001E-05 1.941E-02 -1.063E-04 -5.330E-02 -6.625E-05 -3.389E-02 -6.624E-05  9.999E+01 -3.303E-02 3.303E-02
   567 1.000000E+01 4.962380E+03     1 2.400E+01 1.598091E+02 1.598422E+02 -6.86462E-09 -8.64219E-04 4.002E-05 1.945E-02 -1.063E-04 -5.340E-02 -6.624E-05 -3.396E-02 -6.623E-05  9.999E+01 -3.309E-02 3.310E-02
   568 1.000000E+01 4.972380E+03     1 2.400E+01 1.598090E+02 1.598422E+02 -6.86389E-09 -8.64226E-04 4.002E-05 1.949E-02 -1.062E-04 -5.351E-02 -6.623E-05 -3.402E-02 -6.622E-05  9.999E+01 -3.316E-02 3.316E-02
   569 1.000000E+01 4.982380E+03     1 2.300E+01 1.598090E+02 1.598422E+02 -6.86316E-09 -8.64233E-04 4.002E-05 1.953E-02 -1.062E-04 -5.362E-02 -6.622E-05 -3.409E-02 -6.622E-05  9.999E+01 -3.323E-02 3.323E-02
   570 1.000000E+01 4.992380E+03     1 2.300E+01 1.598089E+02 1.598422E+02 -6.86244E-09 -8.64240E-04 4.002E-05 1.957E-02 -1.062E-04 -5.372E-02 -6.622E-05 -3.416E-02 -6.621E-05  9.999E+01 -3.329E-02 3.330E-02
   571 1.000000E+01 5.002380E+03     1 2.300E+01 1.598088E+02 1.598422E+02 -6.86171E-09 -8.64247E-04 4.003E-05 1.961E-02 -1.062E-04 -5.383E-02 -6.621E-05 -3.422E-02 -6.620E-05  9.999E+01 -3.336E-02 3.336E-02
   572 1.000000E+01 5.012380E+03     1 2.300E+01 1.598088E+02 1.598422E+02 -6.86097E-09 -8.64254E-04 4.003E-05 1.965E-02 -1.062E-04 -5.393E-02 -6.620E-05 -3.429E-02 -6.619E-05  9.999E+01 -3.343E-02 3.343E-02
   573 1.000000E+01 5.022380E+03     1 2.300E+01 1.598087E+02 1.598422E+02 -6.86024E-09 -8.64261E-04 4.003E-05 1.969E-02 -1.062E-04 -5.404E-02 -6.619E-05 -3.436E-02 -6.619E-05  9.999E+01 -3.349E-02 3.350E-02
   574 1.000000E+01 5.032380E+03     1 2.300E+01 1.598086E+02 1.598422E+02 -6.85951E-09 -8.64267E-04 4.003E-05 1.973E-02 -1.062E-04 -5.415E-02 -6.619E-05 -3.442E-02 -6.618E-05  9.999E+01 -3.356E-02 3.356E-02
   575 1.000000E+01 5.042380E+03     1 2.300E+01 1.598086E+02 1.598422E+02 -6.85877E-09 -8.64274E-04 4.004E-05 1.977E-02 -1.062E-04 -5.425E-02 -6.618E-05 -3.449E-02 -6.617E-05  9.999E+01 -3.362E-02 3.363E-02
   576 1.000000E+01 5.052380E+03     1 2.300E+01 1.598085E+02 1.598422E+02 -6.85803E-09 -8.64281E-04 4.004E-05 1.981E-02 -1.062E-04 -5.436E-02 -6.617E-05 -3.455E-02 -6.617E-05  9.999E+01 -3.369E-02 3.369E-02
   577 1.000000E+01 5.062380E+03     1 2.300E+01 1.598084E+02 1.598422E+02 -6.85730E-09 -8.64288E-04 4.004E-05 1.985E-02 -1.062E-04 -5.447E-02 -6.616E-05 -3.462E-02 -6.616E-05  9.999E+01 -3.376E-02 3.376E-02
   578 1.000000E+01 5.072380E+03     1 2.300E+01 1.598084E+02 1.598422E+02 -6.85656E-09 -8.64295E-04 4.004E-05 1.989E-02 -1.062E-04 -5.457E-02 -6.616E-05 -3.469E-02 -6.615E-05  9.999E+01 -3.382E-02 3.383E-02
   579 1.000000E+01 5.082380E+03     1 2.300E+01 1.598083E+02 1.598422E+02 -6.85582E-09 -8.64302E-04 4.005E-05 1.993E-02 -1.062E-04 -5.468E-02 -6.615E-05 -3.475E-02 -6.614E-05  9.999E+01 -3.389E-02 3.389E-02
   580 1.000000E+01 5.092380E+03     1 2.300E+01 1.598082E+02 1.598422E+02 -6.85507E-09 -8.64309E-04 4.005E-05 1.997E-02 -1.062E-04 -5.478E-02 -6.614E-05 -3.482E-02 -6.614E-05  9.999E+01 -3.395E-02 3.396E-02
   581 1.000000E+01 5.102380E+03     1 2.300E+01 1.598082E+02 1.598422E+02 -6.85433E-09 -8.64315E-04 4.005E-05 2.001E-02 -1.062E-04 -5.489E-02 -6.614E-05 -3.488E-02 -6.613E-05  9.999E+01 -3.402E-02 3.402E-02
   582 1.000000E+01 5.112380E+03     1 2.300E+01 1.598081E+02 1.598422E+02 -6.85359E-09 -8.64322E-04 4.005E-05 2.005E-02 -1.062E-04 -5.500E-02 -6.613E-05 -3.495E-02 -6.612E-05  9.999E+01 -3.409E-02 3.409E-02
   583 1.000000E+01 5.122380E+03     1 2.300E+01 1.598080E+02 1.598422E+02 -6.85284E-09 -8.64329E-04 4.006E-05 2.009E-02 -1.062E-04 -5.510E-02 -6.612E-05 -3.502E-02 -6.611E-05  9.999E+01 -3.415E-02 3.416E-02
   584 1.000000E+01 5.132380E+03     1 2.300E+01 1.598080E+02 1.598422E+02 -6.85210E-09 -8.64336E-04 4.006E-05 2.013E-02 -1.062E-04 -5.521E-02 -6.611E-05 -3.508E-02 -6.611E-05  9.999E+01 -3.422E-02 3.422E-02
   585 1.000000E+01 5.142380E+03     1 2.300E+01 1.598079E+02 1.598422E+02 -6.85135E-09 -8.64343E-04 4.006E-05 2.017E-02 -1.062E-04 -5.532E-02 -6.611E-05 -3.515E-02 -6.610E-05  9.999E+01 -3.429E-02 3.429E-02
   586 1.000000E+01 5.152380E+03     1 2.300E+01 1.598078E+02 1.598422E+02 -6.85060E-09 -8.64350E-04 4.007E-05 2.021E-02 -1.062E-04 -5.542E-02 -6.610E-05 -3.522E-02 -6.609E-05  9.999E+01 -3.435E-02 3.436E-02
   587 1.000000E+01 5.162380E+03     1 2.300E+01 1.598078E+02 1.598422E+02 -6.84985E-09 -8.64357E-04 4.007E-05 2.025E-02 -1.062E-04 -5.553E-02 -6.609E-05 -3.528E-02 -6.608E-05  9.999E+01 -3.442E-02 3.442E-02
   588 1.000000E+01 5.172380E+03     1 2.300E+01 1.598077E+02 1.598422E+02 -6.84911E-09 -8.64363E-04 4.007E-05 2.029E-02 -1.062E-04 -5.563E-02 -6.608E-05 -3.535E-02 -6.608E-05  9.999E+01 -3.448E-02 3.449E-02
   589 1.000000E+01 5.182380E+03     1 2.300E+01 1.598076E+02 1.598422E+02 -6.84836E-09 -8.64370E-04 4.007E-05 2.033E-02 -1.061E-04 -5.574E-02 -6.608E-05 -3.541E-02 -6.607E-05  9.999E+01 -3.455E-02 3.455E-02
   590 1.000000E+01 5.192380E+03     1 2.300E+01 1.598076E+02 1.598422E+02 -6.84761E-09 -8.64377E-04 4.008E-05 2.037E-02 -1.061E-04 -5.585E-02 -6.607E-05 -3.548E-02 -6.606E-05  9.999E+01 -3.462E-02 3.462E-02
   591 1.000000E+01 5.202380E+03     1 2.300E+01 1.598075E+02 1.598422E+02 -6.84685E-09 -8.64384E-04 4.008E-05 2.041E-02 -1.061E-04 -5.595E-02 -6.606E-05 -3.555E-02 -6.605E-05  9.999E+01 -3.468E-02 3.469E-02
   592 1.000000E+01 5.212380E+03     1 2.300E+01 1.598074E+02 1.598422E+02 -6.84610E-09 -8.64391E-04 4.008E-05 2.045E-02 -1.061E-04 -5.606E-02 -6.605E-05 -3.561E-02 -6.605E-05  9.999E+01 -3.475E-02 3.475E-02
   593 1.000000E+01 5.222380E+03     1 2.300E+01 1.598074E+02 1.598422E+02 -6.84535E-09 -8.64398E-04 4.008E-05 2.049E-02 -1.061E-04 -5.616E-02 -6.605E-05 -3.568E-02 -6.604E-05  9.999E+01 -3.481E-02 3.482E-02
   594 1.000000E+01 5.232380E+03     1 2.300E+01 1.598073E+02 1.598422E+02 -6.84460E-09 -8.64404E-04 4.009E-05 2.053E-02 -1.061E-04 -5.627E-02 -6.604E-05 -3.574E-02 -6.603E-05  9.999E+01 -3.488E-02 3.488E-02
   595 1.000000E+01 5.242380E+03     1 2.300E+01 1.598073E+02 1.598422E+02 -6.84384E-09 -8.64411E-04 4.009E-05 2.057E-02 -1.061E-04 -5.638E-02 -6.603E-05 -3.581E-02 -6.602E-05  9.999E+01 -3.495E-02 3.495E-02
   596 1.000000E+01 5.252380E+03     1 2.300E+01 1.598072E+02 1.598422E+02 -6.84309E-09 -8.64418E-04 4.009E-05 2.061E-02 -1.061E-04 -5.648E-02 -6.602E-05 -3.588E-02 -6.602E-05  9.999E+01 -3.501E-02 3.502E-02
   597 1.000000E+01 5.262380E+03     1 2.300E+01 1.598071E+02 1.598422E+02 -6.84234E-09 -8.64425E-04 4.009E-05 2.065E-02 -1.061E-04 -5.659E-02 -6.602E-05 -3.594E-02 -6.601E-05  9.999E+01 -3.508E-02 3.508E-02
   598 1.000000E+01 5.272380E+03     1 2.300E+01 1.598071E+02 1.598422E+02 -6.84158E-09 -8.64432E-04 4.010E-05 2.069E-02 -1.061E-04 -5.670E-02 -6.601E-05 -3.601E-02 -6.600E-05  9.999E+01 -3.514E-02 3.515E-02
   599 1.000000E+01 5.282380E+03     1 2.300E+01 1.598070E+02 1.598422E+02 -6.84083E-09 -8.64439E-04 4.010E-05 2.073E-02 -1.061E-04 -5.680E-02 -6.600E-05 -3.607E-02 -6.600E-05  9.999E+01 -3.521E-02 3.521E-02
   600 1.000000E+01 5.292380E+03     1 2.300E+01 1.598069E+02 1.598422E+02 -6.84007E-09 -8.64446E-04 4.010E-05 2.077E-02 -1.061E-04 -5.691E-02 -6.599E-05 -3.614E-02 -6.599E-05  9.999E+01 -3.528E-02 3.528E-02
   601 1.000000E+01 5.302380E+03     1 2.300E+01 1.598069E+02 1.598422E+02 -6.83931E-09 -8.64452E-04 4.010E-05 2.081E-02 -1.061E-04 -5.701E-02 -6.599E-05 -3.621E-02 -6.598E-05  9.999E+01 -3.534E-02 3.535E-02
   602 1.000000E+01 5.312380E+03     1 2.300E+01 1.598068E+02 1.598422E+02 -6.83856E-09 -8.64459E-04 4.011E-05 2.085E-02 -1.061E-04 -5.712E-02 -6.598E-05 -3.627E-02 -6.597E-05  9.999E+01 -3.541E-02 3.541E-02
   603 1.000000E+01 5.322380E+03     1 2.300E+01 1.598067E+02 1.598422E+02 -6.83780E-09 -8.64466E-04 4.011E-05 2.089E-02 -1.061E-04 -5.723E-02 -6.597E-05 -3.634E-02 -6.597E-05  9.999E+01 -3.547E-02 3.548E-02
   604 1.000000E+01 5.332380E+03     1 2.300E+01 1.598067E+02 1.598422E+02 -6.83704E-09 -8.64473E-04 4.011E-05 2.093E-02 -1.061E-04 -5.733E-02 -6.596E-05 -3.640E-02 -6.596E-05  9.999E+01 -3.554E-02 3.554E-02
   605 1.000000E+01 5.342380E+03     1 2.300E+01 1.598066E+02 1.598422E+02 -6.83628E-09 -8.64480E-04 4.011E-05 2.097E-02 -1.061E-04 -5.744E-02 -6.596E-05 -3.647E-02 -6.595E-05  9.999E+01 -3.561E-02 3.561E-02
   606 1.000000E+01 5.352380E+03     1 2.300E+01 1.598065E+02 1.598422E+02 -6.83552E-09 -8.64487E-04 4.012E-05 2.101E-02 -1.061E-04 -5.754E-02 -6.595E-05 -3.654E-02 -6.594E-05  9.999E+01 -3.567E-02 3.568E-02
   607 1.000000E+01 5.362380E+03     1 2.300E+01 1.598065E+02 1.598422E+02 -6.83477E-09 -8.64493E-04 4.012E-05 2.105E-02 -1.061E-04 -5.765E-02 -6.594E-05 -3.660E-02 -6.594E-05  9.999E+01 -3.574E-02 3.574E-02
   608 1.000000E+01 5.372380E+03     1 2.300E+01 1.598064E+02 1.598422E+02 -6.83401E-09 -8.64500E-04 4.012E-05 2.109E-02 -1.061E-04 -5.776E-02 -6.594E-05 -3.667E-02 -6.593E-05  9.999E+01 -3.580E-02 3.581E-02
   609 1.000000E+01 5.382380E+03     1 2.300E+01 1.598063E+02 1.598422E+02 -6.83325E-09 -8.64507E-04 4.013E-05 2.113E-02 -1.061E-04 -5.786E-02 -6.593E-05 -3.673E-02 -6.592E-05  9.999E+01 -3.587E-02 3.587E-02
   610 1.000000E+01 5.392380E+03     1 2.300E+01 1.598063E+02 1.598422E+02 -6.83249E-09 -8.64514E-04 4.013E-05 2.117E-02 -1.060E-04 -5.797E-02 -6.592E-05 -3.680E-02 -6.591E-05  9.999E+01 -3.594E-02 3.594E-02
   611 1.000000E+01 5.402380E+03     1 2.300E+01 1.598062E+02 1.598422E+02 -6.83173E-09 -8.64521E-04 4.013E-05 2.121E-02 -1.060E-04 -5.807E-02 -6.591E-05 -3.687E-02 -6.591E-05  9.999E+01 -3.600E-02 3.601E-02
   612 1.000000E+01 5.412380E+03     1 2.300E+01 1.598061E+02 1.598422E+02 -6.83097E-09 -8.64528E-04 4.013E-05 2.125E-02 -1.060E-04 -5.818E-02 -6.591E-05 -3.693E-02 -6.590E-05  9.999E+01 -3.607E-02 3.607E-02
   613 1.000000E+01 5.422380E+03     1 2.300E+01 1.598061E+02 1.598422E+02 -6.83021E-09 -8.64534E-04 4.014E-05 2.129E-02 -1.060E-04 -5.829E-02 -6.590E-05 -3.700E-02 -6.589E-05  9.999E+01 -3.613E-02 3.614E-02
   614 1.000000E+01 5.432380E+03     1 2.300E+01 1.598060E+02 1.598422E+02 -6.82945E-09 -8.64541E-04 4.014E-05 2.133E-02 -1.060E-04 -5.839E-02 -6.589E-05 -3.706E-02 -6.588E-05  9.999E+01 -3.620E-02 3.620E-02
   615 1.000000E+01 5.442380E+03     1 2.300E+01 1.598059E+02 1.598422E+02 -6.82869E-09 -8.64548E-04 4.014E-05 2.137E-02 -1.060E-04 -5.850E-02 -6.588E-05 -3.713E-02 -6.588E-05  9.999E+01 -3.626E-02 3.627E-02
   616 1.000000E+01 5.452380E+03     1 2.300E+01 1.598059E+02 1.598422E+02 -6.82793E-09 -8.64555E-04 4.014E-05 2.141E-02 -1.060E-04 -5.860E-02 -6.588E-05 -3.719E-02 -6.587E-05  9.999E+01 -3.633E-02 3.633E-02
   617 1.000000E+01 5.462380E+03     1 2.300E+01 1.598058E+02 1.598422E+02 -6.82716E-09 -8.64562E-04 4.015E-05 2.145E-02 -1.060E-04 -5.871E-02 -6.587E-05 -3.726E-02 -6.586E-05  9.999E+01 -3.640E-02 3.640E-02
   618 1.000000E+01 5.472380E+03     1 2.300E+01 1.598057E+02 1.598422E+02 -6.82640E-09 -8.64569E-04 4.015E-05 2.149E-02 -1.060E-04 -5.882E-02 -6.586E-05 -3.733E-02 -6.585E-05  9.999E+01 -3.646E-02 3.647E-02
   619 1.000000E+01 5.482380E+03     1 2.300E+01 1.598057E+02 1.598422E+02 -6.82564E-09 -8.64575E-04 4.015E-05 2.153E-02 -1.060E-04 -5.892E-02 -6.585E-05 -3.739E-02 -6.585E-05  9.999E+01 -3.653E-02 3.653E-02
   620 1.000000E+01 5.492380E+03     1 2.300E+01 1.598056E+02 1.598422E+02 -6.82488E-09 -8.64582E-04 4.015E-05 2.157E-02 -1.060E-04 -5.903E-02 -6.585E-05 -3.746E-02 -6.584E-05  9.999E+01 -3.659E-02 3.660E-02
   621 1.000000E+01 5.502380E+03     1 2.300E+01 1.598055E+02 1.598422E+02 -6.82412E-09 -8.64589E-04 4.016E-05 2.161E-02 -1.060E-04 -5.913E-02 -6.584E-05 -3.752E-02 -6.583E-05  9.999E+01 -3.666E-02 3.666E-02
   622 1.000000E+01 5.512380E+03     1 2.300E+01 1.598055E+02 1.598422E+02 -6.82361E-09 -8.64596E-04 4.016E-05 2.165E-02 -1.060E-04 -5.924E-02 -6.583E-05 -3.759E-02 -6.582E-05  9.999E+01 -3.673E-02 3.673E-02
   623 1.000000E+01 5.522380E+03     1 2.300E+01 1.598054E+02 1.598422E+02 -6.82315E-09 -8.64603E-04 4.016E-05 2.169E-02 -1.060E-04 -5.935E-02 -6.582E-05 -3.766E-02 -6.582E-05  9.999E+01 -3.679E-02 3.680E-02
   624 1.000000E+01 5.532380E+03     1 2.300E+01 1.598053E+02 1.598422E+02 -6.82189E-09 -8.64609E-04 4.016E-05 2.173E-02 -1.060E-04 -5.945E-02 -6.582E-05 -3.772E-02 -6.581E-05  9.999E+01 -3.686E-02 3.686E-02
   625 1.000000E+01 5.542380E+03     1 2.300E+01 1.598053E+02 1.598422E+02 -6.82094E-09 -8.64616E-04 4.017E-05 2.177E-02 -1.060E-04 -5.956E-02 -6.581E-05 -3.779E-02 -6.580E-05  9.999E+01 -3.692E-02 3.693E-02
   626 1.000000E+01 5.552380E+03     1 2.300E+01 1.598052E+02 1.598422E+02 -6.82006E-09 -8.64623E-04 4.017E-05 2.181E-02 -1.060E-04 -5.966E-02 -6.580E-05 -3.785E-02 -6.580E-05  9.999E+01 -3.699E-02 3.699E-02
   627 1.000000E+01 5.562380E+03     1 2.300E+01 1.598051E+02 1.598422E+02 -6.81920E-09 -8.64630E-04 4.017E-05 2.185E-02 -1.060E-04 -5.977E-02 -6.579E-05 -3.792E-02 -6.579E-05  9.999E+01 -3.705E-02 3.706E-02
   628 1.000000E+01 5.572380E+03     1 2.300E+01 1.598051E+02 1.598422E+02 -6.81836E-09 -8.64637E-04 4.017E-05 2.189E-02 -1.060E-04 -5.988E-02 -6.579E-05 -3.798E-02 -6.578E-05  9.999E+01 -3.712E-02 3.712E-02
   629 1.000000E+01 5.582380E+03     1 2.300E+01 1.598050E+02 1.598422E+02 -6.81753E-09 -8.64644E-04 4.018E-05 2.193E-02 -1.060E-04 -5.998E-02 -6.578E-05 -3.805E-02 -6.577E-05  9.999E+01 -3.719E-02 3.719E-02
   630 1.000000E+01 5.592380E+03     1 2.300E+01 1.598049E+02 1.598422E+02 -6.81672E-09 -8.64650E-04 4.018E-05 2.197E-02 -1.060E-04 -6.009E-02 -6.577E-05 -3.812E-02 -6.577E-05  9.999E+01 -3.725E-02 3.726E-02
   631 1.000000E+01 5.602380E+03     1 2.300E+01 1.598049E+02 1.598422E+02 -6.81591E-09 -8.64657E-04 4.018E-05 2.201E-02 -1.059E-04 -6.019E-02 -6.577E-05 -3.818E-02 -6.576E-05  9.999E+01 -3.732E-02 3.732E-02
   632 1.000000E+01 5.612380E+03     1 2.300E+01 1.598048E+02 1.598422E+02 -6.81511E-09 -8.64664E-04 4.018E-05 2.205E-02 -1.059E-04 -6.030E-02 -6.576E-05 -3.825E-02 -6.575E-05  9.999E+01 -3.738E-02 3.739E-02
   633 1.000000E+01 5.622380E+03     1 2.300E+01 1.598047E+02 1.598422E+02 -6.81431E-09 -8.64671E-04 4.019E-05 2.209E-02 -1.059E-04 -6.041E-02 -6.575E-05 -3.831E-02 -6.574E-05  9.999E+01 -3.745E-02 3.745E-02
   634 1.000000E+01 5.632380E+03     1 2.300E+01 1.598047E+02 1.598422E+02 -6.81351E-09 -8.64678E-04 4.019E-05 2.213E-02 -1.059E-04 -6.051E-02 -6.574E-05 -3.838E-02 -6.574E-05  9.999E+01 -3.751E-02 3.752E-02
   635 1.000000E+01 5.642380E+03     1 2.300E+01 1.598046E+02 1.598422E+02 -6.81272E-09 -8.64684E-04 4.019E-05 2.217E-02 -1.059E-04 -6.062E-02 -6.574E-05 -3.845E-02 -6.573E-05  9.999E+01 -3.758E-02 3.758E-02
   636 1.000000E+01 5.652380E+03     1 2.300E+01 1.598045E+02 1.598422E+02 -6.81193E-09 -8.64691E-04 4.020E-05 2.221E-02 -1.059E-04 -6.072E-02 -6.573E-05 -3.851E-02 -6.572E-05  9.999E+01 -3.765E-02 3.765E-02
   637 1.000000E+01 5.662380E+03     1 2.300E+01 1.598045E+02 1.598422E+02 -6.81114E-09 -8.64698E-04 4.020E-05 2.225E-02 -1.059E-04 -6.083E-02 -6.572E-05 -3.858E-02 -6.571E-05  9.999E+01 -3.771E-02 3.772E-02
   638 1.000000E+01 5.672380E+03     1 2.300E+01 1.598044E+02 1.598422E+02 -6.81036E-09 -8.64705E-04 4.020E-05 2.229E-02 -1.059E-04 -6.094E-02 -6.571E-05 -3.864E-02 -6.571E-05  9.999E+01 -3.778E-02 3.778E-02
   639 1.000000E+01 5.682380E+03     1 2.300E+01 1.598044E+02 1.598422E+02 -6.80957E-09 -8.64712E-04 4.020E-05 2.233E-02 -1.059E-04 -6.104E-02 -6.571E-05 -3.871E-02 -6.570E-05  9.999E+01 -3.784E-02 3.785E-02
   640 1.000000E+01 5.692380E+03     1 2.300E+01 1.598043E+02 1.598422E+02 -6.80879E-09 -8.64718E-04 4.021E-05 2.237E-02 -1.059E-04 -6.115E-02 -6.570E-05 -3.877E-02 -6.569E-05  9.999E+01 -3.791E-02 3.791E-02
   641 1.000000E+01 5.702380E+03     1 2.300E+01 1.598042E+02 1.598422E+02 -6.80801E-09 -8.64725E-04 4.021E-05 2.241E-02 -1.059E-04 -6.125E-02 -6.569E-05 -3.884E-02 -6.568E-05  9.999E+01 -3.797E-02 3.798E-02
   642 1.000000E+01 5.712380E+03     1 2.300E+01 1.598042E+02 1.598422E+02 -6.80723E-09 -8.64732E-04 4.021E-05 2.245E-02 -1.059E-04 -6.136E-02 -6.568E-05 -3.891E-02 -6.568E-05  9.999E+01 -3.804E-02 3.804E-02
   643 1.000000E+01 5.722380E+03     1 2.300E+01 1.598041E+02 1.598422E+02 -6.80644E-09 -8.64739E-04 4.021E-05 2.249E-02 -1.059E-04 -6.146E-02 -6.568E-05 -3.897E-02 -6.567E-05  9.999E+01 -3.811E-02 3.811E-02
   644 1.000000E+01 5.732380E+03     1 2.300E+01 1.598040E+02 1.598422E+02 -6.80566E-09 -8.64746E-04 4.022E-05 2.253E-02 -1.059E-04 -6.157E-02 -6.567E-05 -3.904E-02 -6.566E-05  9.999E+01 -3.817E-02 3.818E-02
   645 1.000000E+01 5.742380E+03     1 2.300E+01 1.598040E+02 1.598422E+02 -6.80488E-09 -8.64753E-04 4.022E-05 2.257E-02 -1.059E-04 -6.168E-02 -6.566E-05 -3.910E-02 -6.566E-05  9.999E+01 -3.824E-02 3.824E-02
   646 1.000000E+01 5.752380E+03     1 2.300E+01 1.598039E+02 1.598422E+02 -6.80411E-09 -8.64759E-04 4.022E-05 2.261E-02 -1.059E-04 -6.178E-02 -6.565E-05 -3.917E-02 -6.565E-05  9.999E+01 -3.830E-02 3.831E-02
   647 1.000000E+01 5.762380E+03     1 2.300E+01 1.598038E+02 1.598422E+02 -6.80333E-09 -8.64766E-04 4.022E-05 2.265E-02 -1.059E-04 -6.189E-02 -6.565E-05 -3.923E-02 -6.564E-05  9.999E+01 -3.837E-02 3.837E-02
   648 1.000000E+01 5.772380E+03     1 2.300E+01 1.598038E+02 1.598422E+02 -6.80255E-09 -8.64773E-04 4.023E-05 2.270E-02 -1.059E-04 -6.199E-02 -6.564E-05 -3.930E-02 -6.563E-05  9.999E+01 -3.843E-02 3.844E-02
   649 1.000000E+01 5.782380E+03     1 2.300E+01 1.598037E+02 1.598422E+02 -6.80177E-09 -8.64780E-04 4.023E-05 2.274E-02 -1.059E-04 -6.210E-02 -6.563E-05 -3.936E-02 -6.563E-05  9.999E+01 -3.850E-02 3.850E-02
   650 1.000000E+01 5.792380E+03     1 2.300E+01 1.598036E+02 1.598422E+02 -6.80099E-09 -8.64787E-04 4.023E-05 2.278E-02 -1.059E-04 -6.221E-02 -6.563E-05 -3.943E-02 -6.562E-05  9.999E+01 -3.857E-02 3.857E-02
   651 1.000000E+01 5.802380E+03     1 2.300E+01 1.598036E+02 1.598422E+02 -6.80022E-09 -8.64793E-04 4.023E-05 2.282E-02 -1.059E-04 -6.231E-02 -6.562E-05 -3.950E-02 -6.561E-05  9.999E+01 -3.863E-02 3.864E-02
   652 1.000000E+01 5.812380E+03     1 2.300E+01 1.598035E+02 1.598422E+02 -6.79944E-09 -8.64800E-04 4.024E-05 2.286E-02 -1.058E-04 -6.242E-02 -6.561E-05 -3.956E-02 -6.560E-05  9.999E+01 -3.870E-02 3.870E-02
   653 1.000000E+01 5.822380E+03     1 2.300E+01 1.598034E+02 1.598422E+02 -6.79866E-09 -8.64807E-04 4.024E-05 2.290E-02 -1.058E-04 -6.252E-02 -6.560E-05 -3.963E-02 -6.560E-05  9.999E+01 -3.876E-02 3.877E-02
   654 1.000000E+01 5.832380E+03     1 2.300E+01 1.598034E+02 1.598422E+02 -6.79789E-09 -8.64814E-04 4.024E-05 2.294E-02 -1.058E-04 -6.263E-02 -6.560E-05 -3.969E-02 -6.559E-05  9.999E+01 -3.883E-02 3.883E-02
   655 1.000000E+01 5.842380E+03     1 2.300E+01 1.598033E+02 1.598422E+02 -6.79711E-09 -8.64821E-04 4.024E-05 2.298E-02 -1.058E-04 -6.274E-02 -6.559E-05 -3.976E-02 -6.558E-05  9.999E+01 -3.889E-02 3.890E-02
   656 1.000000E+01 5.852380E+03     1 2.300E+01 1.598032E+02 1.598422E+02 -6.79634E-09 -8.64827E-04 4.025E-05 2.302E-02 -1.058E-04 -6.284E-02 -6.558E-05 -3.982E-02 -6.557E-05  9.999E+01 -3.896E-02 3.896E-02
   657 1.000000E+01 5.862380E+03     1 2.300E+01 1.598032E+02 1.598422E+02 -6.79556E-09 -8.64834E-04 4.025E-05 2.306E-02 -1.058E-04 -6.295E-02 -6.557E-05 -3.989E-02 -6.557E-05  9.999E+01 -3.902E-02 3.903E-02
   658 1.000000E+01 5.872380E+03     1 2.300E+01 1.598031E+02 1.598422E+02 -6.79479E-09 -8.64841E-04 4.025E-05 2.310E-02 -1.058E-04 -6.305E-02 -6.557E-05 -3.996E-02 -6.556E-05  9.999E+01 -3.909E-02 3.909E-02
   659 1.000000E+01 5.882380E+03     1 2.300E+01 1.598030E+02 1.598422E+02 -6.79401E-09 -8.64848E-04 4.025E-05 2.314E-02 -1.058E-04 -6.316E-02 -6.556E-05 -4.002E-02 -6.555E-05  9.999E+01 -3.916E-02 3.916E-02
   660 1.000000E+01 5.892380E+03     1 2.300E+01 1.598030E+02 1.598422E+02 -6.79324E-09 -8.64854E-04 4.026E-05 2.318E-02 -1.058E-04 -6.326E-02 -6.555E-05 -4.009E-02 -6.554E-05  9.999E+01 -3.922E-02 3.923E-02
   661 1.000000E+01 5.902380E+03     1 2.300E+01 1.598029E+02 1.598422E+02 -6.79246E-09 -8.64861E-04 4.026E-05 2.322E-02 -1.058E-04 -6.337E-02 -6.554E-05 -4.015E-02 -6.554E-05  9.999E+01 -3.929E-02 3.929E-02
   662 1.000000E+01 5.912380E+03     1 2.300E+01 1.598028E+02 1.598422E+02 -6.79169E-09 -8.64868E-04 4.026E-05 2.326E-02 -1.058E-04 -6.348E-02 -6.554E-05 -4.022E-02 -6.553E-05  9.999E+01 -3.935E-02 3.936E-02
   663 1.000000E+01 5.922380E+03     1 2.300E+01 1.598028E+02 1.598422E+02 -6.79091E-09 -8.64875E-04 4.026E-05 2.330E-02 -1.058E-04 -6.358E-02 -6.553E-05 -4.028E-02 -6.552E-05  9.999E+01 -3.942E-02 3.942E-02
   664 1.000000E+01 5.932380E+03     1 2.300E+01 1.598027E+02 1.598422E+02 -6.79014E-09 -8.64882E-04 4.027E-05 2.334E-02 -1.058E-04 -6.369E-02 -6.552E-05 -4.035E-02 -6.552E-05  9.999E+01 -3.948E-02 3.949E-02
   665 1.000000E+01 5.942380E+03     1 2.300E+01 1.598026E+02 1.598422E+02 -6.78937E-09 -8.64888E-04 4.027E-05 2.338E-02 -1.058E-04 -6.379E-02 -6.551E-05 -4.041E-02 -6.551E-05  9.999E+01 -3.955E-02 3.955E-02
   666 1.000000E+01 5.952380E+03     1 2.300E+01 1.598026E+02 1.598422E+02 -6.78859E-09 -8.64895E-04 4.027E-05 2.342E-02 -1.058E-04 -6.390E-02 -6.551E-05 -4.048E-02 -6.550E-05  9.999E+01 -3.961E-02 3.962E-02
   667 1.000000E+01 5.962380E+03     1 2.300E+01 1.598025E+02 1.598422E+02 -6.78782E-09 -8.64902E-04 4.028E-05 2.346E-02 -1.058E-04 -6.400E-02 -6.550E-05 -4.054E-02 -6.549E-05  9.999E+01 -3.968E-02 3.968E-02
   668 1.000000E+01 5.972380E+03     1 2.300E+01 1.598025E+02 1.598422E+02 -6.78705E-09 -8.64909E-04 4.028E-05 2.350E-02 -1.058E-04 -6.411E-02 -6.549E-05 -4.061E-02 -6.549E-05  9.999E+01 -3.975E-02 3.975E-02
   669 1.000000E+01 5.982380E+03     1 2.300E+01 1.598024E+02 1.598422E+02 -6.78627E-09 -8.64916E-04 4.028E-05 2.354E-02 -1.058E-04 -6.422E-02 -6.548E-05 -4.068E-02 -6.548E-05  9.999E+01 -3.981E-02 3.981E-02
   670 1.000000E+01 5.992380E+03     1 2.300E+01 1.598023E+02 1.598422E+02 -6.78550E-09 -8.64922E-04 4.028E-05 2.358E-02 -1.058E-04 -6.432E-02 -6.548E-05 -4.074E-02 -6.547E-05  9.999E+01 -3.988E-02 3.988E-02
   671 1.000000E+01 6.002380E+03     1 2.300E+01 1.598023E+02 1.598422E+02 -6.78473E-09 -8.64929E-04 4.029E-05 2.362E-02 -1.058E-04 -6.443E-02 -6.547E-05 -4.081E-02 -6.546E-05  9.999E+01 -3.994E-02 3.995E-02
   672 1.000000E+01 6.012380E+03     1 2.300E+01 1.598022E+02 1.598422E+02 -6.78396E-09 -8.64936E-04 4.029E-05 2.366E-02 -1.058E-04 -6.453E-02 -6.546E-05 -4.087E-02 -6.546E-05  9.999E+01 -4.001E-02 4.001E-02
   673 1.000000E+01 6.022380E+03     1 2.300E+01 1.598021E+02 1.598422E+02 -6.78318E-09 -8.64943E-04 4.029E-05 2.370E-02 -1.057E-04 -6.464E-02 -6.546E-05 -4.094E-02 -6.545E-05  9.999E+01 -4.007E-02 4.008E-02
   674 1.000000E+01 6.032380E+03     1 2.300E+01 1.598021E+02 1.598422E+02 -6.78241E-09 -8.64950E-04 4.029E-05 2.374E-02 -1.057E-04 -6.475E-02 -6.545E-05 -4.100E-02 -6.544E-05  9.999E+01 -4.014E-02 4.014E-02
   675 1.000000E+01 6.042380E+03     1 2.300E+01 1.598020E+02 1.598422E+02 -6.78164E-09 -8.64956E-04 4.030E-05 2.378E-02 -1.057E-04 -6.485E-02 -6.544E-05 -4.107E-02 -6.543E-05  9.999E+01 -4.020E-02 4.021E-02
   676 1.000000E+01 6.052380E+03     1 2.300E+01 1.598019E+02 1.598422E+02 -6.78087E-09 -8.64963E-04 4.030E-05 2.382E-02 -1.057E-04 -6.496E-02 -6.543E-05 -4.113E-02 -6.543E-05  9.999E+01 -4.027E-02 4.027E-02
   677 1.000000E+01 6.062380E+03     1 2.300E+01 1.598019E+02 1.598422E+02 -6.78010E-09 -8.64970E-04 4.030E-05 2.386E-02 -1.057E-04 -6.506E-02 -6.543E-05 -4.120E-02 -6.542E-05  9.999E+01 -4.033E-02 4.034E-02
   678 1.000000E+01 6.072380E+03     1 2.300E+01 1.598018E+02 1.598422E+02 -6.77933E-09 -8.64977E-04 4.030E-05 2.390E-02 -1.057E-04 -6.517E-02 -6.542E-05 -4.126E-02 -6.541E-05  9.999E+01 -4.040E-02 4.040E-02
   679 1.000000E+01 6.082380E+03     1 2.300E+01 1.598017E+02 1.598422E+02 -6.77856E-09 -8.64983E-04 4.031E-05 2.394E-02 -1.057E-04 -6.527E-02 -6.541E-05 -4.133E-02 -6.540E-05  9.999E+01 -4.047E-02 4.047E-02
   680 1.000000E+01 6.092380E+03     1 2.300E+01 1.598017E+02 1.598422E+02 -6.77779E-09 -8.64990E-04 4.031E-05 2.398E-02 -1.057E-04 -6.538E-02 -6.540E-05 -4.140E-02 -6.540E-05  9.999E+01 -4.053E-02 4.053E-02
   681 1.000000E+01 6.102380E+03     1 2.300E+01 1.598016E+02 1.598422E+02 -6.77702E-09 -8.64997E-04 4.031E-05 2.402E-02 -1.057E-04 -6.549E-02 -6.540E-05 -4.146E-02 -6.539E-05  9.999E+01 -4.060E-02 4.060E-02
   682 1.000000E+01 6.112380E+03     1 2.300E+01 1.598015E+02 1.598422E+02 -6.77624E-09 -8.65004E-04 4.031E-05 2.406E-02 -1.057E-04 -6.559E-02 -6.539E-05 -4.153E-02 -6.538E-05  9.999E+01 -4.066E-02 4.067E-02
   683 1.000000E+01 6.122380E+03     1 2.300E+01 1.598015E+02 1.598422E+02 -6.77547E-09 -8.65011E-04 4.032E-05 2.410E-02 -1.057E-04 -6.570E-02 -6.538E-05 -4.159E-02 -6.538E-05  9.999E+01 -4.073E-02 4.073E-02
   684 1.000000E+01 6.132380E+03     1 2.300E+01 1.598014E+02 1.598422E+02 -6.77470E-09 -8.65017E-04 4.032E-05 2.414E-02 -1.057E-04 -6.580E-02 -6.537E-05 -4.166E-02 -6.537E-05  9.999E+01 -4.079E-02 4.080E-02
   685 1.000000E+01 6.142380E+03     1 2.300E+01 1.598013E+02 1.598422E+02 -6.77393E-09 -8.65024E-04 4.032E-05 2.419E-02 -1.057E-04 -6.591E-02 -6.537E-05 -4.172E-02 -6.536E-05  9.999E+01 -4.086E-02 4.086E-02
   686 1.000000E+01 6.152380E+03     1 2.300E+01 1.598013E+02 1.598422E+02 -6.77317E-09 -8.65031E-04 4.032E-05 2.423E-02 -1.057E-04 -6.601E-02 -6.536E-05 -4.179E-02 -6.535E-05  9.999E+01 -4.092E-02 4.093E-02
   687 1.000000E+01 6.162380E+03     1 2.300E+01 1.598012E+02 1.598422E+02 -6.77240E-09 -8.65038E-04 4.033E-05 2.427E-02 -1.057E-04 -6.612E-02 -6.535E-05 -4.185E-02 -6.535E-05  9.999E+01 -4.099E-02 4.099E-02
   688 1.000000E+01 6.172380E+03     1 2.300E+01 1.598011E+02 1.598422E+02 -6.77163E-09 -8.65044E-04 4.033E-05 2.431E-02 -1.057E-04 -6.622E-02 -6.535E-05 -4.192E-02 -6.534E-05  9.999E+01 -4.105E-02 4.106E-02
   689 1.000000E+01 6.182380E+03     1 2.300E+01 1.598011E+02 1.598422E+02 -6.77086E-09 -8.65051E-04 4.033E-05 2.435E-02 -1.057E-04 -6.633E-02 -6.534E-05 -4.198E-02 -6.533E-05  9.999E+01 -4.112E-02 4.112E-02
   690 1.000000E+01 6.192380E+03     1 2.300E+01 1.598010E+02 1.598422E+02 -6.77009E-09 -8.65058E-04 4.033E-05 2.439E-02 -1.057E-04 -6.644E-02 -6.533E-05 -4.205E-02 -6.532E-05  9.999E+01 -4.118E-02 4.119E-02
   691 1.000000E+01 6.202380E+03     1 2.300E+01 1.598009E+02 1.598422E+02 -6.76932E-09 -8.65065E-04 4.034E-05 2.443E-02 -1.057E-04 -6.654E-02 -6.532E-05 -4.211E-02 -6.532E-05  9.999E+01 -4.125E-02 4.125E-02
   692 1.000000E+01 6.212380E+03     1 2.300E+01 1.598009E+02 1.598422E+02 -6.76855E-09 -8.65071E-04 4.034E-05 2.447E-02 -1.057E-04 -6.665E-02 -6.532E-05 -4.218E-02 -6.531E-05  9.999E+01 -4.131E-02 4.132E-02
   693 1.000000E+01 6.222380E+03     1 2.300E+01 1.598008E+02 1.598422E+02 -6.76778E-09 -8.65078E-04 4.034E-05 2.451E-02 -1.057E-04 -6.675E-02 -6.531E-05 -4.225E-02 -6.530E-05  9.999E+01 -4.138E-02 4.138E-02
   694 1.000000E+01 6.232380E+03     1 2.300E+01 1.598008E+02 1.598422E+02 -6.76701E-09 -8.65085E-04 4.034E-05 2.455E-02 -1.056E-04 -6.686E-02 -6.530E-05 -4.231E-02 -6.529E-05  9.999E+01 -4.145E-02 4.145E-02
   695 1.000000E+01 6.242380E+03     1 2.300E+01 1.598007E+02 1.598422E+02 -6.76625E-09 -8.65092E-04 4.035E-05 2.459E-02 -1.056E-04 -6.696E-02 -6.529E-05 -4.238E-02 -6.529E-05  9.999E+01 -4.151E-02 4.151E-02
   696 1.000000E+01 6.252380E+03     1 2.300E+01 1.598006E+02 1.598422E+02 -6.76548E-09 -8.65099E-04 4.035E-05 2.463E-02 -1.056E-04 -6.707E-02 -6.529E-05 -4.244E-02 -6.528E-05  9.999E+01 -4.158E-02 4.158E-02
   697 1.000000E+01 6.262380E+03     1 2.300E+01 1.598006E+02 1.598422E+02 -6.76471E-09 -8.65105E-04 4.035E-05 2.467E-02 -1.056E-04 -6.718E-02 -6.528E-05 -4.251E-02 -6.527E-05  9.999E+01 -4.164E-02 4.165E-02
   698 1.000000E+01 6.272380E+03     1 2.300E+01 1.598005E+02 1.598422E+02 -6.76394E-09 -8.65112E-04 4.035E-05 2.471E-02 -1.056E-04 -6.728E-02 -6.527E-05 -4.257E-02 -6.526E-05  9.999E+01 -4.171E-02 4.171E-02
   699 1.000000E+01 6.282380E+03     1 2.300E+01 1.598004E+02 1.598422E+02 -6.76318E-09 -8.65119E-04 4.036E-05 2.475E-02 -1.056E-04 -6.739E-02 -6.526E-05 -4.264E-02 -6.526E-05  9.999E+01 -4.177E-02 4.178E-02
   700 1.000000E+01 6.292380E+03     1 2.300E+01 1.598004E+02 1.598422E+02 -6.76241E-09 -8.65126E-04 4.036E-05 2.479E-02 -1.056E-04 -6.749E-02 -6.526E-05 -4.270E-02 -6.525E-05  9.999E+01 -4.184E-02 4.184E-02
   701 1.000000E+01 6.302380E+03     1 2.300E+01 1.598003E+02 1.598422E+02 -6.76406E-09 -8.65132E-04 4.036E-05 2.483E-02 -1.056E-04 -6.760E-02 -6.525E-05 -4.277E-02 -6.524E-05  9.999E+01 -4.190E-02 4.191E-02
   702 1.000000E+01 6.312380E+03     1 2.300E+01 1.598002E+02 1.598422E+02 -6.76179E-09 -8.65139E-04 4.037E-05 2.487E-02 -1.056E-04 -6.770E-02 -6.524E-05 -4.283E-02 -6.524E-05  9.999E+01 -4.197E-02 4.197E-02
   703 1.000000E+01 6.322380E+03     1 2.300E+01 1.598002E+02 1.598422E+02 -6.76034E-09 -8.65146E-04 4.037E-05 2.491E-02 -1.056E-04 -6.781E-02 -6.523E-05 -4.290E-02 -6.523E-05  9.999E+01 -4.203E-02 4.204E-02
   704 1.000000E+01 6.332380E+03     1 2.300E+01 1.598001E+02 1.598422E+02 -6.75923E-09 -8.65153E-04 4.037E-05 2.495E-02 -1.056E-04 -6.792E-02 -6.523E-05 -4.296E-02 -6.522E-05  9.999E+01 -4.210E-02 4.210E-02
   705 1.000000E+01 6.342380E+03     1 2.300E+01 1.598000E+02 1.598422E+02 -6.75822E-09 -8.65159E-04 4.037E-05 2.499E-02 -1.056E-04 -6.802E-02 -6.522E-05 -4.303E-02 -6.521E-05  9.999E+01 -4.216E-02 4.217E-02
   706 1.000000E+01 6.352380E+03     1 2.300E+01 1.598000E+02 1.598422E+02 -6.75727E-09 -8.65166E-04 4.038E-05 2.503E-02 -1.056E-04 -6.813E-02 -6.521E-05 -4.309E-02 -6.521E-05  9.999E+01 -4.223E-02 4.223E-02
   707 1.000000E+01 6.362380E+03     1 2.300E+01 1.597999E+02 1.598422E+02 -6.75636E-09 -8.65173E-04 4.038E-05 2.507E-02 -1.056E-04 -6.823E-02 -6.521E-05 -4.316E-02 -6.520E-05  9.999E+01 -4.229E-02 4.230E-02
   708 1.000000E+01 6.372380E+03     1 2.300E+01 1.597998E+02 1.598422E+02 -6.75546E-09 -8.65180E-04 4.038E-05 2.511E-02 -1.056E-04 -6.834E-02 -6.520E-05 -4.322E-02 -6.519E-05  9.999E+01 -4.236E-02 4.236E-02
   709 1.000000E+01 6.382380E+03     1 2.300E+01 1.597998E+02 1.598422E+02 -6.75459E-09 -8.65186E-04 4.038E-05 2.515E-02 -1.056E-04 -6.844E-02 -6.519E-05 -4.329E-02 -6.518E-05  9.999E+01 -4.242E-02 4.243E-02
   710 1.000000E+01 6.392380E+03     1 2.300E+01 1.597997E+02 1.598422E+02 -6.75372E-09 -8.65193E-04 4.039E-05 2.519E-02 -1.056E-04 -6.855E-02 -6.518E-05 -4.335E-02 -6.518E-05  9.999E+01 -4.249E-02 4.249E-02
   711 1.000000E+01 6.402380E+03     1 2.300E+01 1.597996E+02 1.598422E+02 -6.75287E-09 -8.65200E-04 4.039E-05 2.523E-02 -1.056E-04 -6.865E-02 -6.518E-05 -4.342E-02 -6.517E-05  9.999E+01 -4.255E-02 4.256E-02
   712 1.000000E+01 6.412380E+03     1 2.300E+01 1.597996E+02 1.598422E+02 -6.75203E-09 -8.65207E-04 4.039E-05 2.527E-02 -1.056E-04 -6.876E-02 -6.517E-05 -4.348E-02 -6.516E-05  9.999E+01 -4.262E-02 4.262E-02
   713 1.000000E+01 6.422380E+03     1 2.300E+01 1.597995E+02 1.598422E+02 -6.75119E-09 -8.65213E-04 4.039E-05 2.532E-02 -1.056E-04 -6.887E-02 -6.516E-05 -4.355E-02 -6.515E-05  9.999E+01 -4.268E-02 4.269E-02
   714 1.000000E+01 6.432380E+03     1 2.300E+01 1.597994E+02 1.598422E+02 -6.75036E-09 -8.65220E-04 4.040E-05 2.536E-02 -1.055E-04 -6.897E-02 -6.515E-05 -4.362E-02 -6.515E-05  9.999E+01 -4.275E-02 4.275E-02
   715 1.000000E+01 6.442380E+03     1 2.300E+01 1.597994E+02 1.598422E+02 -6.74953E-09 -8.65227E-04 4.040E-05 2.540E-02 -1.055E-04 -6.908E-02 -6.515E-05 -4.368E-02 -6.514E-05  9.999E+01 -4.281E-02 4.282E-02
   716 1.000000E+01 6.452380E+03     1 2.300E+01 1.597993E+02 1.598422E+02 -6.74871E-09 -8.65234E-04 4.040E-05 2.544E-02 -1.055E-04 -6.918E-02 -6.514E-05 -4.375E-02 -6.513E-05  9.999E+01 -4.288E-02 4.288E-02
   717 1.000000E+01 6.462380E+03     1 2.300E+01 1.597993E+02 1.598422E+02 -6.74789E-09 -8.65240E-04 4.040E-05 2.548E-02 -1.055E-04 -6.929E-02 -6.513E-05 -4.381E-02 -6.513E-05  9.999E+01 -4.295E-02 4.295E-02
   718 1.000000E+01 6.472380E+03     1 2.300E+01 1.597992E+02 1.598422E+02 -6.74707E-09 -8.65247E-04 4.041E-05 2.552E-02 -1.055E-04 -6.939E-02 -6.512E-05 -4.388E-02 -6.512E-05  9.999E+01 -4.301E-02 4.301E-02
   719 1.000000E+01 6.482380E+03     1 2.300E+01 1.597991E+02 1.598422E+02 -6.74626E-09 -8.65254E-04 4.041E-05 2.556E-02 -1.055E-04 -6.950E-02 -6.512E-05 -4.394E-02 -6.511E-05  9.999E+01 -4.308E-02 4.308E-02
   720 1.000000E+01 6.492380E+03     1 2.300E+01 1.597991E+02 1.598422E+02 -6.74545E-09 -8.65261E-04 4.041E-05 2.560E-02 -1.055E-04 -6.960E-02 -6.511E-05 -4.401E-02 -6.510E-05  9.999E+01 -4.314E-02 4.314E-02
   721 1.000000E+01 6.502380E+03     1 2.300E+01 1.597990E+02 1.598422E+02 -6.74464E-09 -8.65267E-04 4.041E-05 2.564E-02 -1.055E-04 -6.971E-02 -6.510E-05 -4.407E-02 -6.510E-05  9.999E+01 -4.321E-02 4.321E-02
   722 1.000000E+01 6.512380E+03     1 2.300E+01 1.597989E+02 1.598422E+02 -6.74384E-09 -8.65274E-04 4.042E-05 2.568E-02 -1.055E-04 -6.982E-02 -6.510E-05 -4.414E-02 -6.509E-05  9.999E+01 -4.327E-02 4.327E-02
   723 1.000000E+01 6.522380E+03     1 2.300E+01 1.597989E+02 1.598422E+02 -6.74303E-09 -8.65281E-04 4.042E-05 2.572E-02 -1.055E-04 -6.992E-02 -6.509E-05 -4.420E-02 -6.508E-05  9.999E+01 -4.334E-02 4.334E-02
   724 1.000000E+01 6.532380E+03     1 2.300E+01 1.597988E+02 1.598422E+02 -6.74223E-09 -8.65288E-04 4.042E-05 2.576E-02 -1.055E-04 -7.003E-02 -6.508E-05 -4.427E-02 -6.507E-05  9.999E+01 -4.340E-02 4.340E-02
   725 1.000000E+01 6.542380E+03     1 2.300E+01 1.597987E+02 1.598422E+02 -6.74143E-09 -8.65294E-04 4.042E-05 2.580E-02 -1.055E-04 -7.013E-02 -6.507E-05 -4.433E-02 -6.507E-05  9.999E+01 -4.347E-02 4.347E-02
   726 1.000000E+01 6.552380E+03     1 2.300E+01 1.597987E+02 1.598422E+02 -6.74063E-09 -8.65301E-04 4.043E-05 2.584E-02 -1.055E-04 -7.024E-02 -6.507E-05 -4.440E-02 -6.506E-05  9.999E+01 -4.353E-02 4.354E-02
   727 1.000000E+01 6.562380E+03     1 2.300E+01 1.597986E+02 1.598422E+02 -6.73984E-09 -8.65308E-04 4.043E-05 2.588E-02 -1.055E-04 -7.034E-02 -6.506E-05 -4.446E-02 -6.505E-05  9.999E+01 -4.360E-02 4.360E-02
   728 1.000000E+01 6.572380E+03     1 2.300E+01 1.597985E+02 1.598422E+02 -6.73904E-09 -8.65315E-04 4.043E-05 2.592E-02 -1.055E-04 -7.045E-02 -6.505E-05 -4.453E-02 -6.504E-05  9.999E+01 -4.366E-02 4.367E-02
   729 1.000000E+01 6.582380E+03     1 2.300E+01 1.597985E+02 1.598422E+02 -6.73825E-09 -8.65321E-04 4.043E-05 2.596E-02 -1.055E-04 -7.055E-02 -6.504E-05 -4.459E-02 -6.504E-05  9.999E+01 -4.373E-02 4.373E-02
   730 1.000000E+01 6.592380E+03     1 2.300E+01 1.597984E+02 1.598422E+02 -6.73746E-09 -8.65328E-04 4.044E-05 2.600E-02 -1.055E-04 -7.066E-02 -6.504E-05 -4.466E-02 -6.503E-05  9.999E+01 -4.379E-02 4.380E-02
   731 1.000000E+01 6.602380E+03     1 2.300E+01 1.597983E+02 1.598422E+02 -6.73667E-09 -8.65335E-04 4.044E-05 2.604E-02 -1.055E-04 -7.076E-02 -6.503E-05 -4.472E-02 -6.502E-05  9.999E+01 -4.386E-02 4.386E-02
   732 1.000000E+01 6.612380E+03     1 2.300E+01 1.597983E+02 1.598422E+02 -6.73588E-09 -8.65342E-04 4.044E-05 2.608E-02 -1.055E-04 -7.087E-02 -6.502E-05 -4.479E-02 -6.502E-05  9.999E+01 -4.392E-02 4.393E-02
   733 1.000000E+01 6.622380E+03     1 2.300E+01 1.597982E+02 1.598422E+02 -6.73509E-09 -8.65348E-04 4.044E-05 2.612E-02 -1.055E-04 -7.098E-02 -6.501E-05 -4.485E-02 -6.501E-05  9.999E+01 -4.399E-02 4.399E-02
   734 1.000000E+01 6.632380E+03     1 2.300E+01 1.597981E+02 1.598422E+02 -6.73430E-09 -8.65355E-04 4.045E-05 2.616E-02 -1.055E-04 -7.108E-02 -6.501E-05 -4.492E-02 -6.500E-05  9.999E+01 -4.405E-02 4.406E-02
   735 1.000000E+01 6.642380E+03     1 2.300E+01 1.597981E+02 1.598422E+02 -6.73207E-09 -8.65362E-04 4.045E-05 2.620E-02 -1.054E-04 -7.119E-02 -6.500E-05 -4.498E-02 -6.499E-05  9.999E+01 -4.412E-02 4.412E-02
   736 1.000000E+01 6.652380E+03     1 2.400E+01 1.597980E+02 1.598422E+02 -6.72847E-09 -8.65368E-04 4.046E-05 2.625E-02 -1.054E-04 -7.129E-02 -6.499E-05 -4.505E-02 -6.498E-05  9.999E+01 -4.418E-02 4.419E-02
   737 1.000000E+01 6.662380E+03     1 2.400E+01 1.597980E+02 1.598422E+02 -6.72528E-09 -8.65375E-04 4.046E-05 2.629E-02 -1.054E-04 -7.140E-02 -6.498E-05 -4.511E-02 -6.497E-05  9.999E+01 -4.425E-02 4.425E-02
   738 1.000000E+01 6.672380E+03     1 2.400E+01 1.597979E+02 1.598422E+02 -6.72265E-09 -8.65382E-04 4.047E-05 2.633E-02 -1.054E-04 -7.150E-02 -6.497E-05 -4.518E-02 -6.496E-05  9.999E+01 -4.431E-02 4.432E-02
   739 1.000000E+01 6.682380E+03     1 2.400E+01 1.597978E+02 1.598422E+02 -6.72038E-09 -8.65389E-04 4.047E-05 2.637E-02 -1.054E-04 -7.161E-02 -6.496E-05 -4.524E-02 -6.495E-05  9.999E+01 -4.438E-02 4.438E-02
   740 1.000000E+01 6.692380E+03     1 2.400E+01 1.597978E+02 1.598422E+02 -6.71838E-09 -8.65395E-04 4.048E-05 2.641E-02 -1.054E-04 -7.171E-02 -6.495E-05 -4.531E-02 -6.494E-05  9.999E+01 -4.444E-02 4.445E-02
   741 1.000000E+01 6.702380E+03     1 2.400E+01 1.597977E+02 1.598422E+02 -6.71660E-09 -8.65402E-04 4.048E-05 2.645E-02 -1.054E-04 -7.182E-02 -6.494E-05 -4.537E-02 -6.493E-05  9.999E+01 -4.451E-02 4.451E-02
   742 1.000000E+01 6.712380E+03     1 2.400E+01 1.597976E+02 1.598422E+02 -6.71499E-09 -8.65409E-04 4.049E-05 2.649E-02 -1.054E-04 -7.192E-02 -6.493E-05 -4.544E-02 -6.493E-05  9.999E+01 -4.457E-02 4.457E-02
   743 1.000000E+01 6.722380E+03     1 2.400E+01 1.597976E+02 1.598422E+02 -6.71352E-09 -8.65416E-04 4.049E-05 2.653E-02 -1.054E-04 -7.203E-02 -6.492E-05 -4.550E-02 -6.492E-05  9.999E+01 -4.464E-02 4.464E-02
   744 1.000000E+01 6.732380E+03     1 2.400E+01 1.597975E+02 1.598422E+02 -6.71216E-09 -8.65422E-04 4.050E-05 2.657E-02 -1.054E-04 -7.214E-02 -6.492E-05 -4.557E-02 -6.491E-05  9.999E+01 -4.470E-02 4.470E-02
   745 1.000000E+01 6.742380E+03     1 2.400E+01 1.597974E+02 1.598422E+02 -6.71089E-09 -8.65429E-04 4.050E-05 2.661E-02 -1.054E-04 -7.224E-02 -6.491E-05 -4.563E-02 -6.490E-05  9.999E+01 -4.477E-02 4.477E-02
   746 1.000000E+01 6.752380E+03     1 2.400E+01 1.597974E+02 1.598422E+02 -6.70969E-09 -8.65436E-04 4.050E-05 2.665E-02 -1.054E-04 -7.235E-02 -6.490E-05 -4.570E-02 -6.489E-05  9.999E+01 -4.483E-02 4.483E-02
   747 1.000000E+01 6.762380E+03     1 2.400E+01 1.597973E+02 1.598422E+02 -6.70854E-09 -8.65442E-04 4.051E-05 2.669E-02 -1.054E-04 -7.245E-02 -6.489E-05 -4.576E-02 -6.488E-05  9.999E+01 -4.490E-02 4.490E-02
   748 1.000000E+01 6.772380E+03     1 2.400E+01 1.597972E+02 1.598422E+02 -6.70744E-09 -8.65449E-04 4.051E-05 2.673E-02 -1.054E-04 -7.256E-02 -6.488E-05 -4.583E-02 -6.488E-05  9.999E+01 -4.496E-02 4.496E-02
   749 1.000000E+01 6.782380E+03     1 2.400E+01 1.597972E+02 1.598422E+02 -6.70638E-09 -8.65456E-04 4.052E-05 2.677E-02 -1.054E-04 -7.266E-02 -6.487E-05 -4.589E-02 -6.487E-05  9.999E+01 -4.503E-02 4.503E-02
   750 1.000000E+01 6.792380E+03     1 2.400E+01 1.597971E+02 1.598422E+02 -6.70535E-09 -8.65462E-04 4.052E-05 2.681E-02 -1.054E-04 -7.277E-02 -6.487E-05 -4.596E-02 -6.486E-05  9.999E+01 -4.509E-02 4.509E-02
   751 1.000000E+01 6.802380E+03     1 2.400E+01 1.597970E+02 1.598422E+02 -6.70434E-09 -8.65469E-04 4.053E-05 2.685E-02 -1.054E-04 -7.287E-02 -6.486E-05 -4.602E-02 -6.485E-05  9.999E+01 -4.515E-02 4.516E-02
   752 1.000000E+01 6.812380E+03     1 2.400E+01 1.597970E+02 1.598422E+02 -6.70335E-09 -8.65476E-04 4.053E-05 2.689E-02 -1.054E-04 -7.298E-02 -6.485E-05 -4.609E-02 -6.484E-05  9.999E+01 -4.522E-02 4.522E-02
   753 1.000000E+01 6.822380E+03     1 2.400E+01 1.597969E+02 1.598422E+02 -6.70239E-09 -8.65483E-04 4.053E-05 2.693E-02 -1.054E-04 -7.308E-02 -6.484E-05 -4.615E-02 -6.484E-05  9.999E+01 -4.528E-02 4.529E-02
   754 1.000000E+01 6.832380E+03     1 2.400E+01 1.597968E+02 1.598422E+02 -6.70143E-09 -8.65489E-04 4.054E-05 2.697E-02 -1.054E-04 -7.319E-02 -6.483E-05 -4.621E-02 -6.483E-05  9.999E+01 -4.535E-02 4.535E-02
   755 1.000000E+01 6.842380E+03     1 2.400E+01 1.597968E+02 1.598422E+02 -6.70049E-09 -8.65496E-04 4.054E-05 2.701E-02 -1.054E-04 -7.329E-02 -6.483E-05 -4.628E-02 -6.482E-05  9.999E+01 -4.541E-02 4.542E-02
   756 1.000000E+01 6.852380E+03     1 2.400E+01 1.597967E+02 1.598422E+02 -6.69956E-09 -8.65503E-04 4.055E-05 2.706E-02 -1.054E-04 -7.340E-02 -6.482E-05 -4.634E-02 -6.481E-05  9.999E+01 -4.548E-02 4.548E-02
   757 1.000000E+01 6.862380E+03     1 2.400E+01 1.597967E+02 1.598422E+02 -6.69863E-09 -8.65509E-04 4.055E-05 2.710E-02 -1.054E-04 -7.351E-02 -6.481E-05 -4.641E-02 -6.480E-05  9.999E+01 -4.554E-02 4.555E-02
   758 1.000000E+01 6.872380E+03     1 2.400E+01 1.597966E+02 1.598422E+02 -6.69771E-09 -8.65516E-04 4.055E-05 2.714E-02 -1.054E-04 -7.361E-02 -6.480E-05 -4.647E-02 -6.480E-05  9.999E+01 -4.561E-02 4.561E-02
   759 1.000000E+01 6.882380E+03     1 2.400E+01 1.597965E+02 1.598422E+02 -6.69680E-09 -8.65523E-04 4.056E-05 2.718E-02 -1.054E-04 -7.372E-02 -6.479E-05 -4.654E-02 -6.479E-05  9.999E+01 -4.567E-02 4.568E-02
   760 1.000000E+01 6.892380E+03     1 2.400E+01 1.597965E+02 1.598422E+02 -6.69589E-09 -8.65529E-04 4.056E-05 2.722E-02 -1.053E-04 -7.382E-02 -6.479E-05 -4.660E-02 -6.478E-05  9.999E+01 -4.574E-02 4.574E-02
   761 1.000000E+01 6.902380E+03     1 2.400E+01 1.597964E+02 1.598422E+02 -6.69499E-09 -8.65536E-04 4.057E-05 2.726E-02 -1.053E-04 -7.393E-02 -6.478E-05 -4.667E-02 -6.477E-05  9.999E+01 -4.580E-02 4.581E-02
   762 1.000000E+01 6.912380E+03     1 2.400E+01 1.597963E+02 1.598422E+02 -6.69409E-09 -8.65543E-04 4.057E-05 2.730E-02 -1.053E-04 -7.403E-02 -6.477E-05 -4.673E-02 -6.476E-05  9.999E+01 -4.587E-02 4.587E-02
   763 1.000000E+01 6.922380E+03     1 2.400E+01 1.597963E+02 1.598422E+02 -6.69319E-09 -8.65550E-04 4.057E-05 2.734E-02 -1.053E-04 -7.414E-02 -6.476E-05 -4.680E-02 -6.476E-05  9.999E+01 -4.593E-02 4.594E-02
   764 1.000000E+01 6.932380E+03     1 2.400E+01 1.597962E+02 1.598422E+02 -6.69229E-09 -8.65556E-04 4.058E-05 2.738E-02 -1.053E-04 -7.424E-02 -6.475E-05 -4.686E-02 -6.475E-05  9.999E+01 -4.600E-02 4.600E-02
   765 1.000000E+01 6.942380E+03     1 2.400E+01 1.597961E+02 1.598422E+02 -6.69140E-09 -8.65563E-04 4.058E-05 2.742E-02 -1.053E-04 -7.435E-02 -6.475E-05 -4.693E-02 -6.474E-05  9.999E+01 -4.606E-02 4.607E-02
   766 1.000000E+01 6.952380E+03     1 2.400E+01 1.597961E+02 1.598422E+02 -6.69051E-09 -8.65570E-04 4.059E-05 2.746E-02 -1.053E-04 -7.445E-02 -6.474E-05 -4.699E-02 -6.473E-05  9.999E+01 -4.613E-02 4.613E-02
   767 1.000000E+01 6.962380E+03     1 2.400E+01 1.597960E+02 1.598422E+02 -6.68962E-09 -8.65576E-04 4.059E-05 2.750E-02 -1.053E-04 -7.456E-02 -6.473E-05 -4.706E-02 -6.472E-05  9.999E+01 -4.619E-02 4.620E-02
   768 1.000000E+01 6.972380E+03     1 2.400E+01 1.597959E+02 1.598422E+02 -6.68873E-09 -8.65583E-04 4.059E-05 2.754E-02 -1.053E-04 -7.466E-02 -6.472E-05 -4.712E-02 -6.472E-05  9.999E+01 -4.626E-02 4.626E-02
   769 1.000000E+01 6.982380E+03     1 2.400E+01 1.597959E+02 1.598422E+02 -6.68784E-09 -8.65590E-04 4.060E-05 2.758E-02 -1.053E-04 -7.477E-02 -6.471E-05 -4.719E-02 -6.471E-05  9.999E+01 -4.632E-02 4.632E-02
   770 1.000000E+01 6.992380E+03     1 2.400E+01 1.597958E+02 1.598422E+02 -6.68695E-09 -8.65596E-04 4.060E-05 2.762E-02 -1.053E-04 -7.487E-02 -6.471E-05 -4.725E-02 -6.470E-05  9.999E+01 -4.639E-02 4.639E-02
   771 1.000000E+01 7.002380E+03     1 2.400E+01 1.597957E+02 1.598422E+02 -6.68607E-09 -8.65603E-04 4.060E-05 2.766E-02 -1.053E-04 -7.498E-02 -6.470E-05 -4.732E-02 -6.469E-05  9.999E+01 -4.645E-02 4.645E-02
   772 1.000000E+01 7.012380E+03     1 2.400E+01 1.597957E+02 1.598422E+02 -6.68518E-09 -8.65610E-04 4.061E-05 2.770E-02 -1.053E-04 -7.508E-02 -6.469E-05 -4.738E-02 -6.468E-05  9.999E+01 -4.651E-02 4.652E-02
   773 1.000000E+01 7.022380E+03     1 2.400E+01 1.597956E+02 1.598422E+02 -6.68430E-09 -8.65616E-04 4.061E-05 2.775E-02 -1.053E-04 -7.519E-02 -6.468E-05 -4.745E-02 -6.468E-05  9.999E+01 -4.658E-02 4.658E-02
   774 1.000000E+01 7.032380E+03     1 2.400E+01 1.597956E+02 1.598422E+02 -6.68342E-09 -8.65623E-04 4.062E-05 2.779E-02 -1.053E-04 -7.530E-02 -6.468E-05 -4.751E-02 -6.467E-05  9.999E+01 -4.664E-02 4.665E-02
   775 1.000000E+01 7.042380E+03     1 2.400E+01 1.597955E+02 1.598422E+02 -6.68253E-09 -8.65630E-04 4.062E-05 2.783E-02 -1.053E-04 -7.540E-02 -6.467E-05 -4.757E-02 -6.466E-05  9.999E+01 -4.671E-02 4.671E-02
   776 1.000000E+01 7.052380E+03     1 2.400E+01 1.597954E+02 1.598422E+02 -6.68165E-09 -8.65636E-04 4.062E-05 2.787E-02 -1.053E-04 -7.551E-02 -6.466E-05 -4.764E-02 -6.465E-05  9.999E+01 -4.677E-02 4.678E-02
   777 1.000000E+01 7.062380E+03     1 2.400E+01 1.597954E+02 1.598422E+02 -6.68077E-09 -8.65643E-04 4.063E-05 2.791E-02 -1.053E-04 -7.561E-02 -6.465E-05 -4.770E-02 -6.464E-05  9.999E+01 -4.684E-02 4.684E-02
   778 1.000000E+01 7.072380E+03     1 2.400E+01 1.597953E+02 1.598422E+02 -6.67989E-09 -8.65650E-04 4.063E-05 2.795E-02 -1.053E-04 -7.572E-02 -6.464E-05 -4.777E-02 -6.464E-05  9.999E+01 -4.690E-02 4.691E-02
   779 1.000000E+01 7.082380E+03     1 2.400E+01 1.597952E+02 1.598422E+02 -6.67901E-09 -8.65657E-04 4.064E-05 2.799E-02 -1.053E-04 -7.582E-02 -6.464E-05 -4.783E-02 -6.463E-05  9.999E+01 -4.697E-02 4.697E-02
   780 1.000000E+01 7.092380E+03     1 2.400E+01 1.597952E+02 1.598422E+02 -6.67813E-09 -8.65663E-04 4.064E-05 2.803E-02 -1.053E-04 -7.593E-02 -6.463E-05 -4.790E-02 -6.462E-05  9.999E+01 -4.703E-02 4.704E-02
   781 1.000000E+01 7.102380E+03     1 2.400E+01 1.597951E+02 1.598422E+02 -6.67725E-09 -8.65670E-04 4.064E-05 2.807E-02 -1.053E-04 -7.603E-02 -6.462E-05 -4.796E-02 -6.461E-05  9.999E+01 -4.710E-02 4.710E-02
   782 1.000000E+01 7.112380E+03     1 2.400E+01 1.597950E+02 1.598422E+02 -6.67637E-09 -8.65677E-04 4.065E-05 2.811E-02 -1.053E-04 -7.614E-02 -6.461E-05 -4.803E-02 -6.461E-05  9.999E+01 -4.716E-02 4.717E-02
   783 1.000000E+01 7.122380E+03     1 2.400E+01 1.597950E+02 1.598422E+02 -6.67549E-09 -8.65683E-04 4.065E-05 2.815E-02 -1.053E-04 -7.624E-02 -6.460E-05 -4.809E-02 -6.460E-05  9.999E+01 -4.723E-02 4.723E-02
   784 1.000000E+01 7.132380E+03     1 2.400E+01 1.597949E+02 1.598422E+02 -6.67461E-09 -8.65690E-04 4.066E-05 2.819E-02 -1.053E-04 -7.635E-02 -6.460E-05 -4.816E-02 -6.459E-05  9.999E+01 -4.729E-02 4.729E-02
   785 1.000000E+01 7.142380E+03     1 2.400E+01 1.597948E+02 1.598422E+02 -6.67373E-09 -8.65697E-04 4.066E-05 2.823E-02 -1.052E-04 -7.645E-02 -6.459E-05 -4.822E-02 -6.458E-05  9.999E+01 -4.736E-02 4.736E-02
   786 1.000000E+01 7.152380E+03     1 2.400E+01 1.597948E+02 1.598422E+02 -6.67285E-09 -8.65703E-04 4.066E-05 2.827E-02 -1.052E-04 -7.656E-02 -6.458E-05 -4.829E-02 -6.457E-05  9.999E+01 -4.742E-02 4.742E-02
   787 1.000000E+01 7.162380E+03     1 2.400E+01 1.597947E+02 1.598422E+02 -6.67198E-09 -8.65710E-04 4.067E-05 2.831E-02 -1.052E-04 -7.666E-02 -6.457E-05 -4.835E-02 -6.457E-05  9.999E+01 -4.748E-02 4.749E-02
   788 1.000000E+01 7.172380E+03     1 2.400E+01 1.597946E+02 1.598422E+02 -6.67110E-09 -8.65717E-04 4.067E-05 2.835E-02 -1.052E-04 -7.677E-02 -6.456E-05 -4.841E-02 -6.456E-05  9.999E+01 -4.755E-02 4.755E-02
   789 1.000000E+01 7.182380E+03     1 2.400E+01 1.597946E+02 1.598422E+02 -6.67023E-09 -8.65723E-04 4.068E-05 2.840E-02 -1.052E-04 -7.687E-02 -6.456E-05 -4.848E-02 -6.455E-05  9.999E+01 -4.761E-02 4.762E-02
   790 1.000000E+01 7.192380E+03     1 2.400E+01 1.597945E+02 1.598422E+02 -6.66935E-09 -8.65730E-04 4.068E-05 2.844E-02 -1.052E-04 -7.698E-02 -6.455E-05 -4.854E-02 -6.454E-05  9.999E+01 -4.768E-02 4.768E-02
   791 1.000000E+01 7.202380E+03     1 2.400E+01 1.597945E+02 1.598422E+02 -6.66847E-09 -8.65737E-04 4.068E-05 2.848E-02 -1.052E-04 -7.708E-02 -6.454E-05 -4.861E-02 -6.453E-05  9.999E+01 -4.774E-02 4.775E-02
   792 1.000000E+01 7.212380E+03     1 2.400E+01 1.597944E+02 1.598422E+02 -6.66760E-09 -8.65743E-04 4.069E-05 2.852E-02 -1.052E-04 -7.719E-02 -6.453E-05 -4.867E-02 -6.453E-05  9.999E+01 -4.781E-02 4.781E-02
   793 1.000000E+01 7.222380E+03     1 2.400E+01 1.597943E+02 1.598422E+02 -6.66673E-09 -8.65750E-04 4.069E-05 2.856E-02 -1.052E-04 -7.730E-02 -6.453E-05 -4.874E-02 -6.452E-05  9.999E+01 -4.787E-02 4.788E-02
   794 1.000000E+01 7.232380E+03     1 2.400E+01 1.597943E+02 1.598422E+02 -6.66585E-09 -8.65757E-04 4.069E-05 2.860E-02 -1.052E-04 -7.740E-02 -6.452E-05 -4.880E-02 -6.451E-05  9.999E+01 -4.794E-02 4.794E-02
   795 1.000000E+01 7.242380E+03     1 2.400E+01 1.597942E+02 1.598422E+02 -6.66498E-09 -8.65763E-04 4.070E-05 2.864E-02 -1.052E-04 -7.751E-02 -6.451E-05 -4.887E-02 -6.450E-05  9.999E+01 -4.800E-02 4.800E-02
   796 1.000000E+01 7.252380E+03     1 2.400E+01 1.597941E+02 1.598422E+02 -6.66411E-09 -8.65770E-04 4.070E-05 2.868E-02 -1.052E-04 -7.761E-02 -6.450E-05 -4.893E-02 -6.450E-05  9.999E+01 -4.806E-02 4.807E-02
   797 1.000000E+01 7.262380E+03     1 2.400E+01 1.597941E+02 1.598422E+02 -6.66324E-09 -8.65777E-04 4.071E-05 2.872E-02 -1.052E-04 -7.772E-02 -6.449E-05 -4.900E-02 -6.449E-05  9.999E+01 -4.813E-02 4.813E-02
   798 1.000000E+01 7.272380E+03     1 2.400E+01 1.597940E+02 1.598422E+02 -6.66237E-09 -8.65783E-04 4.071E-05 2.876E-02 -1.052E-04 -7.782E-02 -6.449E-05 -4.906E-02 -6.448E-05  9.999E+01 -4.819E-02 4.820E-02
   799 1.000000E+01 7.282380E+03     1 2.400E+01 1.597939E+02 1.598422E+02 -6.66149E-09 -8.65790E-04 4.071E-05 2.880E-02 -1.052E-04 -7.793E-02 -6.448E-05 -4.912E-02 -6.447E-05  9.999E+01 -4.826E-02 4.826E-02
   800 1.000000E+01 7.292380E+03     1 2.400E+01 1.597939E+02 1.598422E+02 -6.66062E-09 -8.65797E-04 4.072E-05 2.884E-02 -1.052E-04 -7.803E-02 -6.447E-05 -4.919E-02 -6.446E-05  9.999E+01 -4.832E-02 4.833E-02
   801 1.000000E+01 7.302380E+03     1 2.400E+01 1.597938E+02 1.598422E+02 -6.65975E-09 -8.65803E-04 4.072E-05 2.888E-02 -1.052E-04 -7.814E-02 -6.446E-05 -4.925E-02 -6.446E-05  9.999E+01 -4.839E-02 4.839E-02
   802 1.000000E+01 7.312380E+03     1 2.400E+01 1.597937E+02 1.598422E+02 -6.65889E-09 -8.65810E-04 4.073E-05 2.892E-02 -1.052E-04 -7.824E-02 -6.445E-05 -4.932E-02 -6.445E-05  9.999E+01 -4.845E-02 4.846E-02
   803 1.000000E+01 7.322380E+03     1 2.400E+01 1.597937E+02 1.598422E+02 -6.65802E-09 -8.65817E-04 4.073E-05 2.897E-02 -1.052E-04 -7.835E-02 -6.445E-05 -4.938E-02 -6.444E-05  9.999E+01 -4.852E-02 4.852E-02
   804 1.000000E+01 7.332380E+03     1 2.400E+01 1.597936E+02 1.598422E+02 -6.65715E-09 -8.65823E-04 4.073E-05 2.901E-02 -1.052E-04 -7.845E-02 -6.444E-05 -4.945E-02 -6.443E-05  9.999E+01 -4.858E-02 4.858E-02
   805 1.000000E+01 7.342380E+03     1 2.400E+01 1.597936E+02 1.598422E+02 -6.65628E-09 -8.65830E-04 4.074E-05 2.905E-02 -1.052E-04 -7.856E-02 -6.443E-05 -4.951E-02 -6.442E-05  9.999E+01 -4.865E-02 4.865E-02
   806 1.000000E+01 7.352380E+03     1 2.400E+01 1.597935E+02 1.598422E+02 -6.65541E-09 -8.65837E-04 4.074E-05 2.909E-02 -1.052E-04 -7.866E-02 -6.442E-05 -4.958E-02 -6.442E-05  9.999E+01 -4.871E-02 4.871E-02
   807 1.000000E+01 7.362380E+03     1 2.400E+01 1.597934E+02 1.598422E+02 -6.65455E-09 -8.65843E-04 4.075E-05 2.913E-02 -1.052E-04 -7.877E-02 -6.442E-05 -4.964E-02 -6.441E-05  9.999E+01 -4.877E-02 4.878E-02
   808 1.000000E+01 7.372380E+03     1 2.400E+01 1.597934E+02 1.598422E+02 -6.65368E-09 -8.65850E-04 4.075E-05 2.917E-02 -1.052E-04 -7.887E-02 -6.441E-05 -4.970E-02 -6.440E-05  9.999E+01 -4.884E-02 4.884E-02
   809 1.000000E+01 7.382380E+03     1 2.400E+01 1.597933E+02 1.598422E+02 -6.65282E-09 -8.65856E-04 4.075E-05 2.921E-02 -1.052E-04 -7.898E-02 -6.440E-05 -4.977E-02 -6.439E-05  9.999E+01 -4.890E-02 4.891E-02
   810 1.000000E+01 7.392380E+03     1 2.400E+01 1.597932E+02 1.598422E+02 -6.65195E-09 -8.65863E-04 4.076E-05 2.925E-02 -1.051E-04 -7.908E-02 -6.439E-05 -4.983E-02 -6.439E-05  9.999E+01 -4.897E-02 4.897E-02
   811 1.000000E+01 7.402380E+03     1 2.400E+01 1.597932E+02 1.598422E+02 -6.65109E-09 -8.65870E-04 4.076E-05 2.929E-02 -1.051E-04 -7.919E-02 -6.438E-05 -4.990E-02 -6.438E-05  9.999E+01 -4.903E-02 4.904E-02
   812 1.000000E+01 7.412380E+03     1 2.400E+01 1.597931E+02 1.598422E+02 -6.65022E-09 -8.65876E-04 4.076E-05 2.933E-02 -1.051E-04 -7.929E-02 -6.438E-05 -4.996E-02 -6.437E-05  9.999E+01 -4.910E-02 4.910E-02
   813 1.000000E+01 7.422380E+03     1 2.400E+01 1.597930E+02 1.598422E+02 -6.64936E-09 -8.65883E-04 4.077E-05 2.937E-02 -1.051E-04 -7.940E-02 -6.437E-05 -5.003E-02 -6.436E-05  9.999E+01 -4.916E-02 4.916E-02
   814 1.000000E+01 7.432380E+03     1 2.400E+01 1.597930E+02 1.598422E+02 -6.64850E-09 -8.65890E-04 4.077E-05 2.941E-02 -1.051E-04 -7.950E-02 -6.436E-05 -5.009E-02 -6.435E-05  9.999E+01 -4.922E-02 4.923E-02
   815 1.000000E+01 7.442380E+03     1 2.400E+01 1.597929E+02 1.598422E+02 -6.64763E-09 -8.65896E-04 4.078E-05 2.945E-02 -1.051E-04 -7.961E-02 -6.435E-05 -5.015E-02 -6.435E-05  9.999E+01 -4.929E-02 4.929E-02
   816 1.000000E+01 7.452380E+03     1 2.400E+01 1.597928E+02 1.598422E+02 -6.64677E-09 -8.65903E-04 4.078E-05 2.950E-02 -1.051E-04 -7.971E-02 -6.435E-05 -5.022E-02 -6.434E-05  9.999E+01 -4.935E-02 4.936E-02
   817 1.000000E+01 7.462380E+03     1 2.400E+01 1.597928E+02 1.598422E+02 -6.64591E-09 -8.65910E-04 4.078E-05 2.954E-02 -1.051E-04 -7.982E-02 -6.434E-05 -5.028E-02 -6.433E-05  9.999E+01 -4.942E-02 4.942E-02
   818 1.000000E+01 7.472380E+03     1 2.400E+01 1.597927E+02 1.598422E+02 -6.64505E-09 -8.65916E-04 4.079E-05 2.958E-02 -1.051E-04 -7.992E-02 -6.433E-05 -5.035E-02 -6.432E-05  9.999E+01 -4.948E-02 4.949E-02
   819 1.000000E+01 7.482380E+03     1 2.400E+01 1.597927E+02 1.598422E+02 -6.64419E-09 -8.65923E-04 4.079E-05 2.962E-02 -1.051E-04 -8.003E-02 -6.432E-05 -5.041E-02 -6.432E-05  9.999E+01 -4.955E-02 4.955E-02
   820 1.000000E+01 7.492380E+03     1 2.400E+01 1.597926E+02 1.598422E+02 -6.64333E-09 -8.65930E-04 4.080E-05 2.966E-02 -1.051E-04 -8.013E-02 -6.431E-05 -5.048E-02 -6.431E-05  9.999E+01 -4.961E-02 4.961E-02
   821 1.000000E+01 7.502380E+03     1 2.400E+01 1.597925E+02 1.598422E+02 -6.64247E-09 -8.65936E-04 4.080E-05 2.970E-02 -1.051E-04 -8.024E-02 -6.431E-05 -5.054E-02 -6.430E-05  9.999E+01 -4.967E-02 4.968E-02
   822 1.000000E+01 7.512380E+03     1 2.400E+01 1.597925E+02 1.598422E+02 -6.64161E-09 -8.65943E-04 4.080E-05 2.974E-02 -1.051E-04 -8.034E-02 -6.430E-05 -5.061E-02 -6.429E-05  9.999E+01 -4.974E-02 4.974E-02
   823 1.000000E+01 7.522380E+03     1 2.400E+01 1.597924E+02 1.598422E+02 -6.64075E-09 -8.65950E-04 4.081E-05 2.978E-02 -1.051E-04 -8.045E-02 -6.429E-05 -5.067E-02 -6.428E-05  9.999E+01 -4.980E-02 4.981E-02
   824 1.000000E+01 7.532380E+03     1 2.400E+01 1.597923E+02 1.598422E+02 -6.63990E-09 -8.65956E-04 4.081E-05 2.982E-02 -1.051E-04 -8.056E-02 -6.428E-05 -5.073E-02 -6.428E-05  9.999E+01 -4.987E-02 4.987E-02
   825 1.000000E+01 7.542380E+03     1 2.400E+01 1.597923E+02 1.598422E+02 -6.63904E-09 -8.65963E-04 4.081E-05 2.986E-02 -1.051E-04 -8.066E-02 -6.427E-05 -5.080E-02 -6.427E-05  9.999E+01 -4.993E-02 4.994E-02
   826 1.000000E+01 7.552380E+03     1 2.400E+01 1.597922E+02 1.598422E+02 -6.63818E-09 -8.65969E-04 4.082E-05 2.990E-02 -1.051E-04 -8.077E-02 -6.427E-05 -5.086E-02 -6.426E-05  9.999E+01 -5.000E-02 5.000E-02
   827 1.000000E+01 7.562380E+03     1 2.400E+01 1.597921E+02 1.598422E+02 -6.63733E-09 -8.65976E-04 4.082E-05 2.994E-02 -1.051E-04 -8.087E-02 -6.426E-05 -5.093E-02 -6.425E-05  9.999E+01 -5.006E-02 5.006E-02
   828 1.000000E+01 7.572380E+03     1 2.400E+01 1.597921E+02 1.598422E+02 -6.63647E-09 -8.65983E-04 4.083E-05 2.998E-02 -1.051E-04 -8.098E-02 -6.425E-05 -5.099E-02 -6.424E-05  9.999E+01 -5.012E-02 5.013E-02
   829 1.000000E+01 7.582380E+03     1 2.400E+01 1.597920E+02 1.598422E+02 -6.63561E-09 -8.65989E-04 4.083E-05 3.003E-02 -1.051E-04 -8.108E-02 -6.424E-05 -5.105E-02 -6.424E-05  9.999E+01 -5.019E-02 5.019E-02
   830 1.000000E+01 7.592380E+03     1 2.400E+01 1.597919E+02 1.598422E+02 -6.63476E-09 -8.65996E-04 4.083E-05 3.007E-02 -1.051E-04 -8.119E-02 -6.424E-05 -5.112E-02 -6.423E-05  9.999E+01 -5.025E-02 5.026E-02
   831 1.000000E+01 7.602380E+03     1 2.400E+01 1.597919E+02 1.598422E+02 -6.63391E-09 -8.66003E-04 4.084E-05 3.011E-02 -1.051E-04 -8.129E-02 -6.423E-05 -5.118E-02 -6.422E-05  9.999E+01 -5.032E-02 5.032E-02
   832 1.000000E+01 7.612380E+03     1 2.400E+01 1.597918E+02 1.598422E+02 -6.63305E-09 -8.66009E-04 4.084E-05 3.015E-02 -1.051E-04 -8.140E-02 -6.422E-05 -5.125E-02 -6.421E-05  9.999E+01 -5.038E-02 5.039E-02
   833 1.000000E+01 7.622380E+03     1 2.400E+01 1.597918E+02 1.598422E+02 -6.63220E-09 -8.66016E-04 4.085E-05 3.019E-02 -1.051E-04 -8.150E-02 -6.421E-05 -5.131E-02 -6.421E-05  9.999E+01 -5.045E-02 5.045E-02
   834 1.000000E+01 7.632380E+03     1 2.400E+01 1.597917E+02 1.598422E+02 -6.63135E-09 -8.66023E-04 4.085E-05 3.023E-02 -1.051E-04 -8.161E-02 -6.420E-05 -5.138E-02 -6.420E-05  9.999E+01 -5.051E-02 5.051E-02
   835 1.000000E+01 7.642380E+03     1 2.400E+01 1.597916E+02 1.598422E+02 -6.63049E-09 -8.66029E-04 4.085E-05 3.027E-02 -1.051E-04 -8.171E-02 -6.420E-05 -5.144E-02 -6.419E-05  9.999E+01 -5.057E-02 5.058E-02
   836 1.000000E+01 7.652380E+03     1 2.400E+01 1.597916E+02 1.598422E+02 -6.62964E-09 -8.66036E-04 4.086E-05 3.031E-02 -1.050E-04 -8.182E-02 -6.419E-05 -5.150E-02 -6.418E-05  9.999E+01 -5.064E-02 5.064E-02
   837 1.000000E+01 7.662380E+03     1 2.400E+01 1.597915E+02 1.598422E+02 -6.62879E-09 -8.66042E-04 4.086E-05 3.035E-02 -1.050E-04 -8.192E-02 -6.418E-05 -5.157E-02 -6.417E-05  9.999E+01 -5.070E-02 5.071E-02
   838 1.000000E+01 7.672380E+03     1 2.400E+01 1.597914E+02 1.598422E+02 -6.62794E-09 -8.66049E-04 4.086E-05 3.039E-02 -1.050E-04 -8.203E-02 -6.417E-05 -5.163E-02 -6.417E-05  9.999E+01 -5.077E-02 5.077E-02
   839 1.000000E+01 7.682380E+03     1 2.400E+01 1.597914E+02 1.598422E+02 -6.62709E-09 -8.66056E-04 4.087E-05 3.043E-02 -1.050E-04 -8.213E-02 -6.417E-05 -5.170E-02 -6.416E-05  9.999E+01 -5.083E-02 5.083E-02
   840 1.000000E+01 7.692380E+03     1 2.400E+01 1.597913E+02 1.598422E+02 -6.62624E-09 -8.66062E-04 4.087E-05 3.048E-02 -1.050E-04 -8.224E-02 -6.416E-05 -5.176E-02 -6.415E-05  9.999E+01 -5.089E-02 5.090E-02
   841 1.000000E+01 7.702380E+03     1 2.400E+01 1.597912E+02 1.598422E+02 -6.62539E-09 -8.66069E-04 4.088E-05 3.052E-02 -1.050E-04 -8.234E-02 -6.415E-05 -5.183E-02 -6.414E-05  9.999E+01 -5.096E-02 5.096E-02
   842 1.000000E+01 7.712380E+03     1 2.400E+01 1.597912E+02 1.598422E+02 -6.62454E-09 -8.66076E-04 4.088E-05 3.056E-02 -1.050E-04 -8.245E-02 -6.414E-05 -5.189E-02 -6.414E-05  9.999E+01 -5.102E-02 5.103E-02
   843 1.000000E+01 7.722380E+03     1 2.400E+01 1.597911E+02 1.598422E+02 -6.62369E-09 -8.66082E-04 4.088E-05 3.060E-02 -1.050E-04 -8.255E-02 -6.413E-05 -5.195E-02 -6.413E-05  9.999E+01 -5.109E-02 5.109E-02
   844 1.000000E+01 7.732380E+03     1 2.400E+01 1.597910E+02 1.598422E+02 -6.62284E-09 -8.66089E-04 4.089E-05 3.064E-02 -1.050E-04 -8.266E-02 -6.413E-05 -5.202E-02 -6.412E-05  9.999E+01 -5.115E-02 5.116E-02
   845 1.000000E+01 7.742380E+03     1 2.400E+01 1.597910E+02 1.598422E+02 -6.62200E-09 -8.66095E-04 4.089E-05 3.068E-02 -1.050E-04 -8.276E-02 -6.412E-05 -5.208E-02 -6.411E-05  9.999E+01 -5.122E-02 5.122E-02
   846 1.000000E+01 7.752380E+03     1 2.400E+01 1.597909E+02 1.598422E+02 -6.62115E-09 -8.66102E-04 4.090E-05 3.072E-02 -1.050E-04 -8.287E-02 -6.411E-05 -5.215E-02 -6.410E-05  9.999E+01 -5.128E-02 5.128E-02
   847 1.000000E+01 7.762380E+03     1 2.400E+01 1.597909E+02 1.598422E+02 -6.62030E-09 -8.66109E-04 4.090E-05 3.076E-02 -1.050E-04 -8.297E-02 -6.410E-05 -5.221E-02 -6.410E-05  9.999E+01 -5.134E-02 5.135E-02
   848 1.000000E+01 7.772380E+03     1 2.400E+01 1.597908E+02 1.598422E+02 -6.61946E-09 -8.66115E-04 4.090E-05 3.080E-02 -1.050E-04 -8.308E-02 -6.410E-05 -5.227E-02 -6.409E-05  9.999E+01 -5.141E-02 5.141E-02
   849 1.000000E+01 7.782380E+03     1 2.400E+01 1.597907E+02 1.598422E+02 -6.61861E-09 -8.66122E-04 4.091E-05 3.084E-02 -1.050E-04 -8.318E-02 -6.409E-05 -5.234E-02 -6.408E-05  9.999E+01 -5.147E-02 5.148E-02
   850 1.000000E+01 7.792380E+03     1 2.400E+01 1.597907E+02 1.598422E+02 -6.61776E-09 -8.66129E-04 4.091E-05 3.088E-02 -1.050E-04 -8.329E-02 -6.408E-05 -5.240E-02 -6.407E-05  9.999E+01 -5.154E-02 5.154E-02
   851 1.000000E+01 7.802380E+03     1 2.400E+01 1.597906E+02 1.598422E+02 -6.61692E-09 -8.66135E-04 4.091E-05 3.092E-02 -1.050E-04 -8.339E-02 -6.407E-05 -5.247E-02 -6.407E-05  9.999E+01 -5.160E-02 5.160E-02
   852 1.000000E+01 7.812380E+03     1 2.400E+01 1.597905E+02 1.598422E+02 -6.61607E-09 -8.66142E-04 4.092E-05 3.097E-02 -1.050E-04 -8.350E-02 -6.406E-05 -5.253E-02 -6.406E-05  9.999E+01 -5.166E-02 5.167E-02
   853 1.000000E+01 7.822380E+03     1 2.400E+01 1.597905E+02 1.598422E+02 -6.61523E-09 -8.66148E-04 4.092E-05 3.101E-02 -1.050E-04 -8.360E-02 -6.406E-05 -5.259E-02 -6.405E-05  9.999E+01 -5.173E-02 5.173E-02
   854 1.000000E+01 7.832380E+03     1 2.400E+01 1.597904E+02 1.598422E+02 -6.61439E-09 -8.66155E-04 4.093E-05 3.105E-02 -1.050E-04 -8.371E-02 -6.405E-05 -5.266E-02 -6.404E-05  9.999E+01 -5.179E-02 5.180E-02
   855 1.000000E+01 7.842380E+03     1 2.400E+01 1.597903E+02 1.598422E+02 -6.61354E-09 -8.66162E-04 4.093E-05 3.109E-02 -1.050E-04 -8.381E-02 -6.404E-05 -5.272E-02 -6.403E-05  9.999E+01 -5.186E-02 5.186E-02
   856 1.000000E+01 7.852380E+03     1 2.400E+01 1.597903E+02 1.598422E+02 -6.61270E-09 -8.66168E-04 4.093E-05 3.113E-02 -1.050E-04 -8.392E-02 -6.403E-05 -5.279E-02 -6.403E-05  9.999E+01 -5.192E-02 5.192E-02
   857 1.000000E+01 7.862380E+03     1 2.400E+01 1.597902E+02 1.598422E+02 -6.61186E-09 -8.66175E-04 4.094E-05 3.117E-02 -1.050E-04 -8.402E-02 -6.403E-05 -5.285E-02 -6.402E-05  9.999E+01 -5.198E-02 5.199E-02
   858 1.000000E+01 7.872380E+03     1 2.400E+01 1.597901E+02 1.598422E+02 -6.61102E-09 -8.66181E-04 4.094E-05 3.121E-02 -1.050E-04 -8.413E-02 -6.402E-05 -5.291E-02 -6.401E-05  9.999E+01 -5.205E-02 5.205E-02
   859 1.000000E+01 7.882380E+03     1 2.400E+01 1.597901E+02 1.598422E+02 -6.61018E-09 -8.66188E-04 4.095E-05 3.125E-02 -1.050E-04 -8.423E-02 -6.401E-05 -5.298E-02 -6.400E-05  9.999E+01 -5.211E-02 5.212E-02
   860 1.000000E+01 7.892380E+03     1 2.400E+01 1.597900E+02 1.598422E+02 -6.60933E-09 -8.66195E-04 4.095E-05 3.129E-02 -1.050E-04 -8.434E-02 -6.400E-05 -5.304E-02 -6.400E-05  9.999E+01 -5.218E-02 5.218E-02
   861 1.000000E+01 7.902380E+03     1 2.400E+01 1.597900E+02 1.598422E+02 -6.60849E-09 -8.66201E-04 4.095E-05 3.133E-02 -1.049E-04 -8.444E-02 -6.399E-05 -5.311E-02 -6.399E-05  9.999E+01 -5.224E-02 5.224E-02
   862 1.000000E+01 7.912380E+03     1 2.400E+01 1.597899E+02 1.598422E+02 -6.60765E-09 -8.66208E-04 4.096E-05 3.138E-02 -1.049E-04 -8.455E-02 -6.399E-05 -5.317E-02 -6.398E-05  9.999E+01 -5.230E-02 5.231E-02
   863 1.000000E+01 7.922380E+03     1 2.400E+01 1.597898E+02 1.598422E+02 -6.60681E-09 -8.66214E-04 4.096E-05 3.142E-02 -1.049E-04 -8.465E-02 -6.398E-05 -5.323E-02 -6.397E-05  9.999E+01 -5.237E-02 5.237E-02
   864 1.000000E+01 7.932380E+03     1 2.400E+01 1.597898E+02 1.598422E+02 -6.60597E-09 -8.66221E-04 4.096E-05 3.146E-02 -1.049E-04 -8.476E-02 -6.397E-05 -5.330E-02 -6.396E-05  9.999E+01 -5.243E-02 5.244E-02
   865 1.000000E+01 7.942380E+03     1 2.400E+01 1.597897E+02 1.598422E+02 -6.60513E-09 -8.66228E-04 4.097E-05 3.150E-02 -1.049E-04 -8.486E-02 -6.396E-05 -5.336E-02 -6.396E-05  9.999E+01 -5.250E-02 5.250E-02
   866 1.000000E+01 7.952380E+03     1 2.400E+01 1.597896E+02 1.598422E+02 -6.60430E-09 -8.66234E-04 4.097E-05 3.154E-02 -1.049E-04 -8.497E-02 -6.396E-05 -5.343E-02 -6.395E-05  9.999E+01 -5.256E-02 5.256E-02
   867 1.000000E+01 7.962380E+03     1 2.400E+01 1.597896E+02 1.598422E+02 -6.60346E-09 -8.66241E-04 4.098E-05 3.158E-02 -1.049E-04 -8.507E-02 -6.395E-05 -5.349E-02 -6.394E-05  9.999E+01 -5.262E-02 5.263E-02
   868 1.000000E+01 7.972380E+03     1 2.400E+01 1.597895E+02 1.598422E+02 -6.60262E-09 -8.66247E-04 4.098E-05 3.162E-02 -1.049E-04 -8.518E-02 -6.394E-05 -5.355E-02 -6.393E-05  9.999E+01 -5.269E-02 5.269E-02
   869 1.000000E+01 7.982380E+03     1 2.400E+01 1.597894E+02 1.598422E+02 -6.60178E-09 -8.66254E-04 4.098E-05 3.166E-02 -1.049E-04 -8.528E-02 -6.393E-05 -5.362E-02 -6.393E-05  9.999E+01 -5.275E-02 5.276E-02
   870 1.000000E+01 7.992380E+03     1 2.300E+01 1.597894E+02 1.598422E+02 -6.61121E-09 -8.66261E-04 4.099E-05 3.170E-02 -1.049E-04 -8.539E-02 -6.392E-05 -5.368E-02 -6.392E-05  9.999E+01 -5.282E-02 5.282E-02
   871 1.000000E+01 8.002380E+03     1 2.300E+01 1.597893E+02 1.598422E+02 -6.61896E-09 -8.66267E-04 4.099E-05 3.174E-02 -1.049E-04 -8.549E-02 -6.392E-05 -5.375E-02 -6.391E-05  9.999E+01 -5.288E-02 5.288E-02
   872 1.000000E+01 8.012380E+03     1 2.300E+01 1.597893E+02 1.598422E+02 -6.60544E-09 -8.66274E-04 4.100E-05 3.178E-02 -1.049E-04 -8.559E-02 -6.391E-05 -5.381E-02 -6.390E-05  9.999E+01 -5.294E-02 5.295E-02
   873 1.000000E+01 8.022380E+03     1 2.300E+01 1.597892E+02 1.598422E+02 -6.60231E-09 -8.66281E-04 4.100E-05 3.183E-02 -1.049E-04 -8.570E-02 -6.390E-05 -5.387E-02 -6.390E-05  9.999E+01 -5.301E-02 5.301E-02
   874 1.000000E+01 8.032380E+03     1 2.300E+01 1.597891E+02 1.598422E+02 -6.60024E-09 -8.66287E-04 4.100E-05 3.187E-02 -1.049E-04 -8.580E-02 -6.389E-05 -5.394E-02 -6.389E-05  9.999E+01 -5.307E-02 5.308E-02
   875 1.000000E+01 8.042380E+03     1 2.300E+01 1.597891E+02 1.598422E+02 -6.59856E-09 -8.66294E-04 4.101E-05 3.191E-02 -1.049E-04 -8.591E-02 -6.389E-05 -5.400E-02 -6.388E-05  9.999E+01 -5.314E-02 5.314E-02
   876 1.000000E+01 8.052380E+03     1 2.300E+01 1.597890E+02 1.598422E+02 -6.59709E-09 -8.66300E-04 4.101E-05 3.195E-02 -1.049E-04 -8.601E-02 -6.388E-05 -5.407E-02 -6.387E-05  9.999E+01 -5.320E-02 5.320E-02
   877 1.000000E+01 8.062380E+03     1 2.300E+01 1.597889E+02 1.598422E+02 -6.59575E-09 -8.66307E-04 4.101E-05 3.199E-02 -1.049E-04 -8.612E-02 -6.387E-05 -5.413E-02 -6.386E-05  9.999E+01 -5.326E-02 5.327E-02
   878 1.000000E+01 8.072380E+03     1 2.300E+01 1.597889E+02 1.598422E+02 -6.59448E-09 -8.66314E-04 4.102E-05 3.203E-02 -1.049E-04 -8.622E-02 -6.386E-05 -5.419E-02 -6.386E-05  9.999E+01 -5.333E-02 5.333E-02
   879 1.000000E+01 8.082380E+03     1 2.300E+01 1.597888E+02 1.598422E+02 -6.59328E-09 -8.66320E-04 4.102E-05 3.207E-02 -1.049E-04 -8.633E-02 -6.386E-05 -5.426E-02 -6.385E-05  9.999E+01 -5.339E-02 5.339E-02
   880 1.000000E+01 8.092380E+03     1 2.300E+01 1.597887E+02 1.598422E+02 -6.59212E-09 -8.66327E-04 4.103E-05 3.211E-02 -1.049E-04 -8.643E-02 -6.385E-05 -5.432E-02 -6.384E-05  9.999E+01 -5.345E-02 5.346E-02
   881 1.000000E+01 8.102380E+03     1 2.300E+01 1.597887E+02 1.598422E+02 -6.59100E-09 -8.66333E-04 4.103E-05 3.215E-02 -1.049E-04 -8.654E-02 -6.384E-05 -5.438E-02 -6.383E-05  9.999E+01 -5.352E-02 5.352E-02
   882 1.000000E+01 8.112380E+03     1 2.300E+01 1.597886E+02 1.598422E+02 -6.58990E-09 -8.66340E-04 4.103E-05 3.220E-02 -1.049E-04 -8.664E-02 -6.383E-05 -5.445E-02 -6.383E-05  9.999E+01 -5.358E-02 5.359E-02
   883 1.000000E+01 8.122380E+03     1 2.300E+01 1.597886E+02 1.598422E+02 -6.58883E-09 -8.66346E-04 4.104E-05 3.224E-02 -1.049E-04 -8.675E-02 -6.382E-05 -5.451E-02 -6.382E-05  9.999E+01 -5.365E-02 5.365E-02
   884 1.000000E+01 8.132380E+03     1 2.300E+01 1.597885E+02 1.598422E+02 -6.58777E-09 -8.66353E-04 4.104E-05 3.228E-02 -1.049E-04 -8.685E-02 -6.382E-05 -5.458E-02 -6.381E-05  9.999E+01 -5.371E-02 5.371E-02
   885 1.000000E+01 8.142380E+03     1 2.300E+01 1.597884E+02 1.598422E+02 -6.58673E-09 -8.66360E-04 4.105E-05 3.232E-02 -1.049E-04 -8.696E-02 -6.381E-05 -5.464E-02 -6.380E-05  9.999E+01 -5.377E-02 5.378E-02
   886 1.000000E+01 8.152380E+03     1 2.300E+01 1.597884E+02 1.598422E+02 -6.58571E-09 -8.66366E-04 4.105E-05 3.236E-02 -1.049E-04 -8.706E-02 -6.380E-05 -5.470E-02 -6.379E-05  9.999E+01 -5.384E-02 5.384E-02
   887 1.000000E+01 8.162380E+03     1 2.300E+01 1.597883E+02 1.598422E+02 -6.58469E-09 -8.66373E-04 4.105E-05 3.240E-02 -1.048E-04 -8.717E-02 -6.379E-05 -5.477E-02 -6.379E-05  9.999E+01 -5.390E-02 5.391E-02
   888 1.000000E+01 8.172380E+03     1 2.300E+01 1.597882E+02 1.598422E+02 -6.58369E-09 -8.66379E-04 4.106E-05 3.244E-02 -1.048E-04 -8.727E-02 -6.379E-05 -5.483E-02 -6.378E-05  9.999E+01 -5.397E-02 5.397E-02
   889 1.000000E+01 8.182380E+03     1 2.300E+01 1.597882E+02 1.598422E+02 -6.58269E-09 -8.66386E-04 4.106E-05 3.248E-02 -1.048E-04 -8.738E-02 -6.378E-05 -5.490E-02 -6.377E-05  9.999E+01 -5.403E-02 5.403E-02
   890 1.000000E+01 8.192380E+03     1 2.300E+01 1.597881E+02 1.598422E+02 -6.58171E-09 -8.66393E-04 4.106E-05 3.252E-02 -1.048E-04 -8.748E-02 -6.377E-05 -5.496E-02 -6.376E-05  9.999E+01 -5.409E-02 5.410E-02
   891 1.000000E+01 8.202380E+03     1 2.300E+01 1.597880E+02 1.598422E+02 -6.58073E-09 -8.66399E-04 4.107E-05 3.256E-02 -1.048E-04 -8.759E-02 -6.376E-05 -5.502E-02 -6.376E-05  9.999E+01 -5.416E-02 5.416E-02
   892 1.000000E+01 8.212380E+03     1 2.300E+01 1.597880E+02 1.598422E+02 -6.57975E-09 -8.66406E-04 4.107E-05 3.261E-02 -1.048E-04 -8.769E-02 -6.375E-05 -5.509E-02 -6.375E-05  9.999E+01 -5.422E-02 5.422E-02
   893 1.000000E+01 8.222380E+03     1 2.300E+01 1.597879E+02 1.598422E+02 -6.57879E-09 -8.66412E-04 4.108E-05 3.265E-02 -1.048E-04 -8.780E-02 -6.375E-05 -5.515E-02 -6.374E-05  9.999E+01 -5.428E-02 5.429E-02
   894 1.000000E+01 8.232380E+03     1 2.300E+01 1.597878E+02 1.598422E+02 -6.57783E-09 -8.66419E-04 4.108E-05 3.269E-02 -1.048E-04 -8.790E-02 -6.374E-05 -5.521E-02 -6.373E-05  9.999E+01 -5.435E-02 5.435E-02
   895 1.000000E+01 8.242380E+03     1 2.300E+01 1.597878E+02 1.598422E+02 -6.57687E-09 -8.66425E-04 4.108E-05 3.273E-02 -1.048E-04 -8.801E-02 -6.373E-05 -5.528E-02 -6.373E-05  9.999E+01 -5.441E-02 5.442E-02
   896 1.000000E+01 8.252380E+03     1 2.300E+01 1.597877E+02 1.598422E+02 -6.57592E-09 -8.66432E-04 4.109E-05 3.277E-02 -1.048E-04 -8.811E-02 -6.372E-05 -5.534E-02 -6.372E-05  9.999E+01 -5.448E-02 5.448E-02
   897 1.000000E+01 8.262380E+03     1 2.300E+01 1.597877E+02 1.598422E+02 -6.57497E-09 -8.66439E-04 4.109E-05 3.281E-02 -1.048E-04 -8.822E-02 -6.372E-05 -5.541E-02 -6.371E-05  9.999E+01 -5.454E-02 5.454E-02
   898 1.000000E+01 8.272380E+03     1 2.300E+01 1.597876E+02 1.598422E+02 -6.57403E-09 -8.66445E-04 4.109E-05 3.285E-02 -1.048E-04 -8.832E-02 -6.371E-05 -5.547E-02 -6.370E-05  9.999E+01 -5.460E-02 5.461E-02
   899 1.000000E+01 8.282380E+03     1 2.300E+01 1.597875E+02 1.598422E+02 -6.57309E-09 -8.66452E-04 4.110E-05 3.289E-02 -1.048E-04 -8.843E-02 -6.370E-05 -5.553E-02 -6.369E-05  9.999E+01 -5.467E-02 5.467E-02
   900 1.000000E+01 8.292380E+03     1 2.300E+01 1.597875E+02 1.598422E+02 -6.57215E-09 -8.66458E-04 4.110E-05 3.293E-02 -1.048E-04 -8.853E-02 -6.369E-05 -5.560E-02 -6.369E-05  9.999E+01 -5.473E-02 5.473E-02
   901 1.000000E+01 8.302380E+03     1 2.300E+01 1.597874E+02 1.598422E+02 -6.57122E-09 -8.66465E-04 4.111E-05 3.298E-02 -1.048E-04 -8.864E-02 -6.369E-05 -5.566E-02 -6.368E-05  9.999E+01 -5.479E-02 5.480E-02
   902 1.000000E+01 8.312380E+03     1 2.300E+01 1.597873E+02 1.598422E+02 -6.57029E-09 -8.66471E-04 4.111E-05 3.302E-02 -1.048E-04 -8.874E-02 -6.368E-05 -5.572E-02 -6.367E-05  9.999E+01 -5.486E-02 5.486E-02
   903 1.000000E+01 8.322380E+03     1 2.300E+01 1.597873E+02 1.598422E+02 -6.56937E-09 -8.66478E-04 4.111E-05 3.306E-02 -1.048E-04 -8.885E-02 -6.367E-05 -5.579E-02 -6.366E-05  9.999E+01 -5.492E-02 5.492E-02
   904 1.000000E+01 8.332380E+03     1 2.300E+01 1.597872E+02 1.598422E+02 -6.56845E-09 -8.66485E-04 4.112E-05 3.310E-02 -1.048E-04 -8.895E-02 -6.366E-05 -5.585E-02 -6.366E-05  9.999E+01 -5.498E-02 5.499E-02
   905 1.000000E+01 8.342380E+03     1 2.300E+01 1.597871E+02 1.598422E+02 -6.56753E-09 -8.66491E-04 4.112E-05 3.314E-02 -1.048E-04 -8.905E-02 -6.365E-05 -5.591E-02 -6.365E-05  9.999E+01 -5.505E-02 5.505E-02
   906 1.000000E+01 8.352380E+03     1 2.300E+01 1.597871E+02 1.598422E+02 -6.56661E-09 -8.66498E-04 4.113E-05 3.318E-02 -1.048E-04 -8.916E-02 -6.365E-05 -5.598E-02 -6.364E-05  9.999E+01 -5.511E-02 5.512E-02
   907 1.000000E+01 8.362380E+03     1 2.300E+01 1.597870E+02 1.598422E+02 -6.56569E-09 -8.66504E-04 4.113E-05 3.322E-02 -1.048E-04 -8.926E-02 -6.364E-05 -5.604E-02 -6.363E-05  9.999E+01 -5.518E-02 5.518E-02
   908 1.000000E+01 8.372380E+03     1 2.300E+01 1.597870E+02 1.598422E+02 -6.56478E-09 -8.66511E-04 4.113E-05 3.326E-02 -1.048E-04 -8.937E-02 -6.363E-05 -5.611E-02 -6.362E-05  9.999E+01 -5.524E-02 5.524E-02
   909 1.000000E+01 8.382380E+03     1 2.300E+01 1.597869E+02 1.598422E+02 -6.63115E-09 -8.66518E-04 4.113E-05 3.330E-02 -1.048E-04 -8.947E-02 -6.363E-05 -5.617E-02 -6.362E-05  9.999E+01 -5.530E-02 5.531E-02
   910 1.000000E+01 8.392380E+03     1 2.300E+01 1.597868E+02 1.598422E+02 -6.60608E-09 -8.66524E-04 4.112E-05 3.335E-02 -1.048E-04 -8.958E-02 -6.363E-05 -5.623E-02 -6.362E-05  9.999E+01 -5.537E-02 5.537E-02
   911 1.000000E+01 8.402380E+03     1 2.300E+01 1.597868E+02 1.598422E+02 -6.61430E-09 -8.66531E-04 4.112E-05 3.339E-02 -1.047E-04 -8.968E-02 -6.363E-05 -5.630E-02 -6.362E-05  9.999E+01 -5.543E-02 5.543E-02
   912 1.000000E+01 8.412380E+03     1 2.300E+01 1.597867E+02 1.598422E+02 -6.61499E-09 -8.66537E-04 4.111E-05 3.343E-02 -1.047E-04 -8.979E-02 -6.362E-05 -5.636E-02 -6.362E-05  9.999E+01 -5.549E-02 5.550E-02
   913 1.000000E+01 8.422380E+03     1 2.300E+01 1.597866E+02 1.598422E+02 -6.61584E-09 -8.66544E-04 4.111E-05 3.347E-02 -1.047E-04 -8.989E-02 -6.362E-05 -5.642E-02 -6.362E-05  9.999E+01 -5.556E-02 5.556E-02
   914 1.000000E+01 8.432380E+03     1 2.400E+01 1.597866E+02 1.598422E+02 -6.61650E-09 -8.66551E-04 4.111E-05 3.351E-02 -1.047E-04 -9.000E-02 -6.362E-05 -5.649E-02 -6.361E-05  9.999E+01 -5.562E-02 5.562E-02
   915 1.000000E+01 8.442380E+03     1 2.400E+01 1.597865E+02 1.598422E+02 -6.61700E-09 -8.66557E-04 4.110E-05 3.355E-02 -1.047E-04 -9.010E-02 -6.362E-05 -5.655E-02 -6.361E-05  9.999E+01 -5.568E-02 5.569E-02
   916 1.000000E+01 8.452380E+03     1 2.400E+01 1.597864E+02 1.598422E+02 -6.61740E-09 -8.66564E-04 4.110E-05 3.359E-02 -1.047E-04 -9.021E-02 -6.362E-05 -5.661E-02 -6.361E-05  9.999E+01 -5.575E-02 5.575E-02
   917 1.000000E+01 8.462380E+03     1 2.400E+01 1.597864E+02 1.598422E+02 -6.61772E-09 -8.66570E-04 4.109E-05 3.363E-02 -1.047E-04 -9.031E-02 -6.361E-05 -5.668E-02 -6.361E-05  9.999E+01 -5.581E-02 5.582E-02
   918 1.000000E+01 8.472380E+03     1 2.400E+01 1.597863E+02 1.598422E+02 -6.61798E-09 -8.66577E-04 4.109E-05 3.367E-02 -1.047E-04 -9.042E-02 -6.361E-05 -5.674E-02 -6.360E-05  9.999E+01 -5.588E-02 5.588E-02
   919 1.000000E+01 8.482380E+03     1 2.400E+01 1.597863E+02 1.598422E+02 -6.61819E-09 -8.66584E-04 4.109E-05 3.372E-02 -1.047E-04 -9.052E-02 -6.361E-05 -5.681E-02 -6.360E-05  9.999E+01 -5.594E-02 5.594E-02
   920 1.000000E+01 8.492380E+03     1 2.400E+01 1.597862E+02 1.598422E+02 -6.61836E-09 -8.66590E-04 4.108E-05 3.376E-02 -1.047E-04 -9.063E-02 -6.361E-05 -5.687E-02 -6.360E-05  9.999E+01 -5.600E-02 5.601E-02
   921 1.000000E+01 8.502380E+03     1 2.400E+01 1.597861E+02 1.598422E+02 -6.61849E-09 -8.66597E-04 4.108E-05 3.380E-02 -1.047E-04 -9.073E-02 -6.360E-05 -5.693E-02 -6.360E-05  9.999E+01 -5.607E-02 5.607E-02
   922 1.000000E+01 8.512380E+03     1 2.400E+01 1.597861E+02 1.598422E+02 -6.61859E-09 -8.66604E-04 4.108E-05 3.384E-02 -1.047E-04 -9.083E-02 -6.360E-05 -5.700E-02 -6.359E-05  9.999E+01 -5.613E-02 5.613E-02
   923 1.000000E+01 8.522380E+03     1 2.400E+01 1.597860E+02 1.598422E+02 -6.61867E-09 -8.66610E-04 4.107E-05 3.388E-02 -1.047E-04 -9.094E-02 -6.360E-05 -5.706E-02 -6.359E-05  9.999E+01 -5.619E-02 5.620E-02
   924 1.000000E+01 8.532380E+03     1 2.400E+01 1.597859E+02 1.598422E+02 -6.61873E-09 -8.66617E-04 4.107E-05 3.392E-02 -1.047E-04 -9.104E-02 -6.359E-05 -5.712E-02 -6.359E-05  9.999E+01 -5.626E-02 5.626E-02
   925 1.000000E+01 8.542380E+03     1 2.400E+01 1.597859E+02 1.598422E+02 -6.61878E-09 -8.66623E-04 4.107E-05 3.396E-02 -1.047E-04 -9.115E-02 -6.359E-05 -5.719E-02 -6.358E-05  9.999E+01 -5.632E-02 5.632E-02
   926 1.000000E+01 8.552380E+03     1 2.400E+01 1.597858E+02 1.598422E+02 -6.61881E-09 -8.66630E-04 4.107E-05 3.400E-02 -1.047E-04 -9.125E-02 -6.359E-05 -5.725E-02 -6.358E-05  9.999E+01 -5.638E-02 5.639E-02
   927 1.000000E+01 8.562380E+03     1 2.400E+01 1.597857E+02 1.598422E+02 -6.61882E-09 -8.66637E-04 4.106E-05 3.404E-02 -1.046E-04 -9.136E-02 -6.358E-05 -5.731E-02 -6.358E-05  9.999E+01 -5.645E-02 5.645E-02
   928 1.000000E+01 8.572380E+03     1 2.400E+01 1.597857E+02 1.598422E+02 -6.61883E-09 -8.66643E-04 4.106E-05 3.409E-02 -1.046E-04 -9.146E-02 -6.358E-05 -5.738E-02 -6.357E-05  9.999E+01 -5.651E-02 5.652E-02
   929 1.000000E+01 8.582380E+03     1 2.400E+01 1.597856E+02 1.598422E+02 -6.61883E-09 -8.66650E-04 4.106E-05 3.413E-02 -1.046E-04 -9.157E-02 -6.357E-05 -5.744E-02 -6.357E-05  9.999E+01 -5.657E-02 5.658E-02
   930 1.000000E+01 8.592380E+03     1 2.400E+01 1.597856E+02 1.598422E+02 -6.61883E-09 -8.66656E-04 4.106E-05 3.417E-02 -1.046E-04 -9.167E-02 -6.357E-05 -5.750E-02 -6.356E-05  9.999E+01 -5.664E-02 5.664E-02
   931 1.000000E+01 8.602380E+03     1 2.400E+01 1.597855E+02 1.598422E+02 -6.61881E-09 -8.66663E-04 4.105E-05 3.421E-02 -1.046E-04 -9.178E-02 -6.357E-05 -5.757E-02 -6.356E-05  9.999E+01 -5.670E-02 5.671E-02
   932 1.000000E+01 8.612380E+03     1 2.400E+01 1.597854E+02 1.598422E+02 -6.61880E-09 -8.66670E-04 4.105E-05 3.425E-02 -1.046E-04 -9.188E-02 -6.356E-05 -5.763E-02 -6.356E-05  9.999E+01 -5.677E-02 5.677E-02
   933 1.000000E+01 8.622380E+03     1 2.400E+01 1.597854E+02 1.598422E+02 -6.61877E-09 -8.66676E-04 4.105E-05 3.429E-02 -1.046E-04 -9.199E-02 -6.356E-05 -5.770E-02 -6.355E-05  9.999E+01 -5.683E-02 5.683E-02
   934 1.000000E+01 8.632380E+03     1 2.400E+01 1.597853E+02 1.598422E+02 -6.61875E-09 -8.66683E-04 4.105E-05 3.433E-02 -1.046E-04 -9.209E-02 -6.356E-05 -5.776E-02 -6.355E-05  9.999E+01 -5.689E-02 5.690E-02
   935 1.000000E+01 8.642380E+03     1 2.400E+01 1.597852E+02 1.598422E+02 -6.61871E-09 -8.66690E-04 4.105E-05 3.437E-02 -1.046E-04 -9.220E-02 -6.355E-05 -5.782E-02 -6.355E-05  9.999E+01 -5.696E-02 5.696E-02
   936 1.000000E+01 8.652380E+03     1 2.400E+01 1.597852E+02 1.598422E+02 -6.61868E-09 -8.66696E-04 4.104E-05 3.441E-02 -1.046E-04 -9.230E-02 -6.355E-05 -5.789E-02 -6.354E-05  9.999E+01 -5.702E-02 5.702E-02
   937 1.000000E+01 8.662380E+03     1 2.400E+01 1.597851E+02 1.598422E+02 -6.61864E-09 -8.66703E-04 4.104E-05 3.445E-02 -1.046E-04 -9.240E-02 -6.354E-05 -5.795E-02 -6.354E-05  9.999E+01 -5.708E-02 5.709E-02
   938 1.000000E+01 8.672380E+03     1 2.400E+01 1.597851E+02 1.598422E+02 -6.61860E-09 -8.66709E-04 4.104E-05 3.450E-02 -1.046E-04 -9.251E-02 -6.354E-05 -5.801E-02 -6.353E-05  9.999E+01 -5.715E-02 5.715E-02
   939 1.000000E+01 8.682380E+03     1 2.400E+01 1.597850E+02 1.598422E+02 -6.61856E-09 -8.66716E-04 4.104E-05 3.454E-02 -1.046E-04 -9.261E-02 -6.354E-05 -5.808E-02 -6.353E-05  9.999E+01 -5.721E-02 5.721E-02
   940 1.000000E+01 8.692380E+03     1 2.400E+01 1.597849E+02 1.598422E+02 -6.61851E-09 -8.66723E-04 4.104E-05 3.458E-02 -1.046E-04 -9.272E-02 -6.353E-05 -5.814E-02 -6.353E-05  9.999E+01 -5.727E-02 5.728E-02
   941 1.000000E+01 8.702380E+03     1 2.400E+01 1.597849E+02 1.598422E+02 -6.61846E-09 -8.66729E-04 4.103E-05 3.462E-02 -1.046E-04 -9.282E-02 -6.353E-05 -5.820E-02 -6.352E-05  9.999E+01 -5.734E-02 5.734E-02
   942 1.000000E+01 8.712380E+03     1 2.400E+01 1.597848E+02 1.598422E+02 -6.61841E-09 -8.66736E-04 4.103E-05 3.466E-02 -1.046E-04 -9.293E-02 -6.352E-05 -5.827E-02 -6.352E-05  9.999E+01 -5.740E-02 5.740E-02
   943 1.000000E+01 8.722380E+03     1 2.400E+01 1.597847E+02 1.598422E+02 -6.61835E-09 -8.66743E-04 4.103E-05 3.470E-02 -1.045E-04 -9.303E-02 -6.352E-05 -5.833E-02 -6.351E-05  9.999E+01 -5.746E-02 5.747E-02
   944 1.000000E+01 8.732380E+03     1 2.400E+01 1.597847E+02 1.598422E+02 -6.61830E-09 -8.66749E-04 4.103E-05 3.474E-02 -1.045E-04 -9.314E-02 -6.352E-05 -5.839E-02 -6.351E-05  9.999E+01 -5.753E-02 5.753E-02
   945 1.000000E+01 8.742380E+03     1 2.400E+01 1.597846E+02 1.598422E+02 -6.61824E-09 -8.66756E-04 4.103E-05 3.478E-02 -1.045E-04 -9.324E-02 -6.351E-05 -5.846E-02 -6.351E-05  9.999E+01 -5.759E-02 5.760E-02
   946 1.000000E+01 8.752380E+03     1 2.400E+01 1.597845E+02 1.598422E+02 -6.61817E-09 -8.66762E-04 4.102E-05 3.482E-02 -1.045E-04 -9.335E-02 -6.351E-05 -5.852E-02 -6.350E-05  9.999E+01 -5.765E-02 5.766E-02
   947 1.000000E+01 8.762380E+03     1 2.400E+01 1.597845E+02 1.598422E+02 -6.61811E-09 -8.66769E-04 4.102E-05 3.486E-02 -1.045E-04 -9.345E-02 -6.350E-05 -5.858E-02 -6.350E-05  9.999E+01 -5.772E-02 5.772E-02
   948 1.000000E+01 8.772380E+03     1 2.400E+01 1.597844E+02 1.598422E+02 -6.61804E-09 -8.66776E-04 4.102E-05 3.491E-02 -1.045E-04 -9.355E-02 -6.350E-05 -5.865E-02 -6.349E-05  9.999E+01 -5.778E-02 5.779E-02
   949 1.000000E+01 8.782380E+03     1 2.400E+01 1.597844E+02 1.598422E+02 -6.61797E-09 -8.66782E-04 4.102E-05 3.495E-02 -1.045E-04 -9.366E-02 -6.350E-05 -5.871E-02 -6.349E-05  9.999E+01 -5.785E-02 5.785E-02
   950 1.000000E+01 8.792380E+03     1 2.400E+01 1.597843E+02 1.598422E+02 -6.61790E-09 -8.66789E-04 4.102E-05 3.499E-02 -1.045E-04 -9.376E-02 -6.349E-05 -5.878E-02 -6.348E-05  9.999E+01 -5.791E-02 5.791E-02
   951 1.000000E+01 8.802380E+03     1 2.400E+01 1.597842E+02 1.598422E+02 -6.61783E-09 -8.66795E-04 4.101E-05 3.503E-02 -1.045E-04 -9.387E-02 -6.349E-05 -5.884E-02 -6.348E-05  9.999E+01 -5.797E-02 5.798E-02
   952 1.000000E+01 8.812380E+03     1 2.400E+01 1.597842E+02 1.598422E+02 -6.61775E-09 -8.66802E-04 4.101E-05 3.507E-02 -1.045E-04 -9.397E-02 -6.348E-05 -5.890E-02 -6.348E-05  9.999E+01 -5.804E-02 5.804E-02
   953 1.000000E+01 8.822380E+03     1 2.400E+01 1.597841E+02 1.598422E+02 -6.61767E-09 -8.66809E-04 4.101E-05 3.511E-02 -1.045E-04 -9.408E-02 -6.348E-05 -5.897E-02 -6.347E-05  9.999E+01 -5.810E-02 5.810E-02
   954 1.000000E+01 8.832380E+03     1 2.400E+01 1.597840E+02 1.598422E+02 -6.61759E-09 -8.66815E-04 4.101E-05 3.515E-02 -1.045E-04 -9.418E-02 -6.347E-05 -5.903E-02 -6.347E-05  9.999E+01 -5.816E-02 5.817E-02
   955 1.000000E+01 8.842380E+03     1 2.400E+01 1.597840E+02 1.598422E+02 -6.61751E-09 -8.66822E-04 4.101E-05 3.519E-02 -1.045E-04 -9.429E-02 -6.347E-05 -5.909E-02 -6.346E-05  9.999E+01 -5.823E-02 5.823E-02
   956 1.000000E+01 8.852380E+03     1 2.400E+01 1.597839E+02 1.598422E+02 -6.61743E-09 -8.66829E-04 4.100E-05 3.523E-02 -1.045E-04 -9.439E-02 -6.347E-05 -5.916E-02 -6.346E-05  9.999E+01 -5.829E-02 5.829E-02
   957 1.000000E+01 8.862380E+03     1 2.400E+01 1.597838E+02 1.598422E+02 -6.61734E-09 -8.66835E-04 4.100E-05 3.528E-02 -1.045E-04 -9.449E-02 -6.346E-05 -5.922E-02 -6.345E-05  9.999E+01 -5.835E-02 5.836E-02
   958 1.000000E+01 8.872380E+03     1 2.400E+01 1.597838E+02 1.598422E+02 -6.61725E-09 -8.66842E-04 4.100E-05 3.532E-02 -1.045E-04 -9.460E-02 -6.346E-05 -5.928E-02 -6.345E-05  9.999E+01 -5.842E-02 5.842E-02
   959 1.000000E+01 8.882380E+03     1 2.400E+01 1.597837E+02 1.598422E+02 -6.61716E-09 -8.66848E-04 4.100E-05 3.536E-02 -1.045E-04 -9.470E-02 -6.345E-05 -5.935E-02 -6.345E-05  9.999E+01 -5.848E-02 5.848E-02
   960 1.000000E+01 8.892380E+03     1 2.400E+01 1.597837E+02 1.598422E+02 -6.61706E-09 -8.66855E-04 4.100E-05 3.540E-02 -1.044E-04 -9.481E-02 -6.345E-05 -5.941E-02 -6.344E-05  9.999E+01 -5.854E-02 5.855E-02
   961 1.000000E+01 8.902380E+03     1 2.400E+01 1.597836E+02 1.598422E+02 -6.61696E-09 -8.66862E-04 4.100E-05 3.544E-02 -1.044E-04 -9.491E-02 -6.344E-05 -5.947E-02 -6.344E-05  9.999E+01 -5.861E-02 5.861E-02
   962 1.000000E+01 8.912380E+03     1 2.400E+01 1.597835E+02 1.598422E+02 -6.61686E-09 -8.66868E-04 4.099E-05 3.548E-02 -1.044E-04 -9.502E-02 -6.344E-05 -5.954E-02 -6.343E-05  9.999E+01 -5.867E-02 5.867E-02
   963 1.000000E+01 8.922380E+03     1 2.400E+01 1.597835E+02 1.598422E+02 -6.61676E-09 -8.66875E-04 4.099E-05 3.552E-02 -1.044E-04 -9.512E-02 -6.344E-05 -5.960E-02 -6.343E-05  9.999E+01 -5.873E-02 5.874E-02
   964 1.000000E+01 8.932380E+03     1 2.400E+01 1.597834E+02 1.598422E+02 -6.61666E-09 -8.66881E-04 4.099E-05 3.556E-02 -1.044E-04 -9.523E-02 -6.343E-05 -5.966E-02 -6.343E-05  9.999E+01 -5.880E-02 5.880E-02
   965 1.000000E+01 8.942380E+03     1 2.400E+01 1.597833E+02 1.598422E+02 -6.61655E-09 -8.66888E-04 4.099E-05 3.560E-02 -1.044E-04 -9.533E-02 -6.343E-05 -5.973E-02 -6.342E-05  9.999E+01 -5.886E-02 5.886E-02
   966 1.000000E+01 8.952380E+03     1 2.400E+01 1.597833E+02 1.598422E+02 -6.61644E-09 -8.66895E-04 4.099E-05 3.564E-02 -1.044E-04 -9.543E-02 -6.342E-05 -5.979E-02 -6.342E-05  9.999E+01 -5.892E-02 5.893E-02
   967 1.000000E+01 8.962380E+03     1 2.400E+01 1.597832E+02 1.598422E+02 -6.61633E-09 -8.66901E-04 4.098E-05 3.568E-02 -1.044E-04 -9.554E-02 -6.342E-05 -5.985E-02 -6.341E-05  9.999E+01 -5.899E-02 5.899E-02
   968 1.000000E+01 8.972380E+03     1 2.400E+01 1.597831E+02 1.598422E+02 -6.61622E-09 -8.66908E-04 4.098E-05 3.573E-02 -1.044E-04 -9.564E-02 -6.341E-05 -5.992E-02 -6.341E-05  9.999E+01 -5.905E-02 5.905E-02
   969 1.000000E+01 8.982380E+03     1 2.400E+01 1.597831E+02 1.598422E+02 -6.61611E-09 -8.66915E-04 4.098E-05 3.577E-02 -1.044E-04 -9.575E-02 -6.341E-05 -5.998E-02 -6.340E-05  9.999E+01 -5.911E-02 5.912E-02
   970 1.000000E+01 8.992380E+03     1 2.400E+01 1.597830E+02 1.598422E+02 -6.61599E-09 -8.66921E-04 4.098E-05 3.581E-02 -1.044E-04 -9.585E-02 -6.341E-05 -6.004E-02 -6.340E-05  9.999E+01 -5.918E-02 5.918E-02
   971 1.000000E+01 9.002380E+03     1 2.400E+01 1.597830E+02 1.598422E+02 -6.61587E-09 -8.66928E-04 4.098E-05 3.585E-02 -1.044E-04 -9.596E-02 -6.340E-05 -6.011E-02 -6.340E-05  9.999E+01 -5.924E-02 5.924E-02
   972 1.000000E+01 9.012380E+03     1 2.400E+01 1.597829E+02 1.598422E+02 -6.61575E-09 -8.66934E-04 4.098E-05 3.589E-02 -1.044E-04 -9.606E-02 -6.340E-05 -6.017E-02 -6.339E-05  9.999E+01 -5.930E-02 5.931E-02
   973 1.000000E+01 9.022380E+03     1 2.400E+01 1.597828E+02 1.598422E+02 -6.61562E-09 -8.66941E-04 4.097E-05 3.593E-02 -1.044E-04 -9.617E-02 -6.339E-05 -6.023E-02 -6.339E-05  9.999E+01 -5.937E-02 5.937E-02
   974 1.000000E+01 9.032380E+03     1 2.400E+01 1.597828E+02 1.598422E+02 -6.61550E-09 -8.66948E-04 4.097E-05 3.597E-02 -1.044E-04 -9.627E-02 -6.339E-05 -6.030E-02 -6.338E-05  9.999E+01 -5.943E-02 5.944E-02
   975 1.000000E+01 9.042380E+03     1 2.400E+01 1.597827E+02 1.598422E+02 -6.61537E-09 -8.66954E-04 4.097E-05 3.601E-02 -1.044E-04 -9.637E-02 -6.338E-05 -6.036E-02 -6.338E-05  9.999E+01 -5.949E-02 5.950E-02
   976 1.000000E+01 9.052380E+03     1 2.400E+01 1.597826E+02 1.598422E+02 -6.61524E-09 -8.66961E-04 4.097E-05 3.605E-02 -1.043E-04 -9.648E-02 -6.338E-05 -6.042E-02 -6.337E-05  9.999E+01 -5.956E-02 5.956E-02
   977 1.000000E+01 9.062380E+03     1 2.400E+01 1.597826E+02 1.598422E+02 -6.61511E-09 -8.66967E-04 4.097E-05 3.609E-02 -1.043E-04 -9.658E-02 -6.338E-05 -6.049E-02 -6.337E-05  9.999E+01 -5.962E-02 5.963E-02
   978 1.000000E+01 9.072380E+03     1 2.400E+01 1.597825E+02 1.598422E+02 -6.61497E-09 -8.66974E-04 4.096E-05 3.614E-02 -1.043E-04 -9.669E-02 -6.337E-05 -6.055E-02 -6.336E-05  9.999E+01 -5.968E-02 5.969E-02
   979 1.000000E+01 9.082380E+03     1 2.400E+01 1.597824E+02 1.598422E+02 -6.61484E-09 -8.66981E-04 4.096E-05 3.618E-02 -1.043E-04 -9.679E-02 -6.337E-05 -6.061E-02 -6.336E-05  9.999E+01 -5.975E-02 5.975E-02
   980 1.000000E+01 9.092380E+03     1 2.400E+01 1.597824E+02 1.598422E+02 -6.61470E-09 -8.66987E-04 4.096E-05 3.622E-02 -1.043E-04 -9.690E-02 -6.336E-05 -6.068E-02 -6.336E-05  9.999E+01 -5.981E-02 5.982E-02
   981 1.000000E+01 9.102380E+03     1 2.400E+01 1.597823E+02 1.598422E+02 -6.61456E-09 -8.66994E-04 4.096E-05 3.626E-02 -1.043E-04 -9.700E-02 -6.336E-05 -6.074E-02 -6.335E-05  9.999E+01 -5.987E-02 5.988E-02
   982 1.000000E+01 9.112380E+03     1 2.400E+01 1.597823E+02 1.598422E+02 -6.61441E-09 -8.67001E-04 4.096E-05 3.630E-02 -1.043E-04 -9.710E-02 -6.335E-05 -6.080E-02 -6.335E-05  9.999E+01 -5.994E-02 5.994E-02
   983 1.000000E+01 9.122380E+03     1 2.400E+01 1.597822E+02 1.598422E+02 -6.61427E-09 -8.67007E-04 4.096E-05 3.634E-02 -1.043E-04 -9.721E-02 -6.335E-05 -6.087E-02 -6.334E-05  9.999E+01 -6.000E-02 6.001E-02
   984 1.000000E+01 9.132380E+03     1 2.400E+01 1.597821E+02 1.598422E+02 -6.61412E-09 -8.67014E-04 4.095E-05 3.638E-02 -1.043E-04 -9.731E-02 -6.335E-05 -6.093E-02 -6.334E-05  9.999E+01 -6.006E-02 6.007E-02
   985 1.000000E+01 9.142380E+03     1 2.400E+01 1.597821E+02 1.598422E+02 -6.61398E-09 -8.67020E-04 4.095E-05 3.642E-02 -1.043E-04 -9.742E-02 -6.334E-05 -6.099E-02 -6.333E-05  9.999E+01 -6.013E-02 6.013E-02
   986 1.000000E+01 9.152380E+03     1 2.400E+01 1.597820E+02 1.598422E+02 -6.61382E-09 -8.67027E-04 4.095E-05 3.646E-02 -1.043E-04 -9.752E-02 -6.334E-05 -6.106E-02 -6.333E-05  9.999E+01 -6.019E-02 6.020E-02
   987 1.000000E+01 9.162380E+03     1 2.400E+01 1.597819E+02 1.598422E+02 -6.61367E-09 -8.67034E-04 4.095E-05 3.650E-02 -1.043E-04 -9.763E-02 -6.333E-05 -6.112E-02 -6.333E-05  9.999E+01 -6.025E-02 6.026E-02
   988 1.000000E+01 9.172380E+03     1 2.400E+01 1.597819E+02 1.598422E+02 -6.61352E-09 -8.67040E-04 4.095E-05 3.655E-02 -1.043E-04 -9.773E-02 -6.333E-05 -6.118E-02 -6.332E-05  9.999E+01 -6.032E-02 6.032E-02
   989 1.000000E+01 9.182380E+03     1 2.400E+01 1.597818E+02 1.598422E+02 -6.61336E-09 -8.67047E-04 4.094E-05 3.659E-02 -1.043E-04 -9.783E-02 -6.332E-05 -6.125E-02 -6.332E-05  9.999E+01 -6.038E-02 6.039E-02
   990 1.000000E+01 9.192380E+03     1 2.400E+01 1.597818E+02 1.598422E+02 -6.61320E-09 -8.67053E-04 4.094E-05 3.663E-02 -1.043E-04 -9.794E-02 -6.332E-05 -6.131E-02 -6.331E-05  9.999E+01 -6.044E-02 6.045E-02
   991 1.000000E+01 9.202380E+03     1 2.400E+01 1.597817E+02 1.598422E+02 -6.61304E-09 -8.67060E-04 4.094E-05 3.667E-02 -1.043E-04 -9.804E-02 -6.332E-05 -6.137E-02 -6.331E-05  9.999E+01 -6.051E-02 6.051E-02
   992 1.000000E+01 9.212380E+03     1 2.400E+01 1.597816E+02 1.598422E+02 -6.61288E-09 -8.67067E-04 4.094E-05 3.671E-02 -1.042E-04 -9.815E-02 -6.331E-05 -6.144E-02 -6.330E-05  9.999E+01 -6.057E-02 6.058E-02
   993 1.000000E+01 9.222380E+03     1 2.400E+01 1.597816E+02 1.598422E+02 -6.61272E-09 -8.67073E-04 4.094E-05 3.675E-02 -1.042E-04 -9.825E-02 -6.331E-05 -6.150E-02 -6.330E-05  9.999E+01 -6.063E-02 6.064E-02
   994 1.000000E+01 9.232380E+03     1 2.400E+01 1.597815E+02 1.598422E+02 -6.61255E-09 -8.67080E-04 4.094E-05 3.679E-02 -1.042E-04 -9.836E-02 -6.330E-05 -6.156E-02 -6.330E-05  9.999E+01 -6.070E-02 6.070E-02
   995 1.000000E+01 9.242380E+03     1 2.400E+01 1.597814E+02 1.598422E+02 -6.61239E-09 -8.67087E-04 4.093E-05 3.683E-02 -1.042E-04 -9.846E-02 -6.330E-05 -6.163E-02 -6.329E-05  9.999E+01 -6.076E-02 6.077E-02
   996 1.000000E+01 9.252380E+03     1 2.400E+01 1.597814E+02 1.598422E+02 -6.61222E-09 -8.67093E-04 4.093E-05 3.687E-02 -1.042E-04 -9.856E-02 -6.329E-05 -6.169E-02 -6.329E-05  9.999E+01 -6.082E-02 6.083E-02
   997 1.000000E+01 9.262380E+03     1 2.400E+01 1.597813E+02 1.598422E+02 -6.61205E-09 -8.67100E-04 4.093E-05 3.691E-02 -1.042E-04 -9.867E-02 -6.329E-05 -6.175E-02 -6.328E-05  9.999E+01 -6.089E-02 6.089E-02
   998 1.000000E+01 9.272380E+03     1 2.400E+01 1.597812E+02 1.598422E+02 -6.61188E-09 -8.67106E-04 4.093E-05 3.695E-02 -1.042E-04 -9.877E-02 -6.328E-05 -6.182E-02 -6.328E-05  9.999E+01 -6.095E-02 6.095E-02
   999 1.000000E+01 9.282380E+03     1 2.400E+01 1.597812E+02 1.598422E+02 -6.61170E-09 -8.67113E-04 4.093E-05 3.700E-02 -1.042E-04 -9.888E-02 -6.328E-05 -6.188E-02 -6.327E-05  9.999E+01 -6.101E-02 6.102E-02
  1000 1.000000E+01 9.292380E+03     1 2.400E+01 1.597811E+02 1.598422E+02 -6.61153E-09 -8.67120E-04 4.092E-05 3.704E-02 -1.042E-04 -9.898E-02 -6.328E-05 -6.194E-02 -6.327E-05  9.999E+01 -6.108E-02 6.108E-02
  1001 1.000000E+01 9.302380E+03     1 2.400E+01 1.597811E+02 1.598422E+02 -6.61135E-09 -8.67126E-04 4.092E-05 3.708E-02 -1.042E-04 -9.909E-02 -6.327E-05 -6.201E-02 -6.326E-05  9.999E+01 -6.114E-02 6.114E-02
  1002 1.000000E+01 9.312380E+03     1 2.400E+01 1.597810E+02 1.598422E+02 -6.61117E-09 -8.67133E-04 4.092E-05 3.712E-02 -1.042E-04 -9.919E-02 -6.327E-05 -6.207E-02 -6.326E-05  9.999E+01 -6.120E-02 6.121E-02
  1003 1.000000E+01 9.322380E+03     1 2.400E+01 1.597809E+02 1.598422E+02 -6.61099E-09 -8.67139E-04 4.092E-05 3.716E-02 -1.042E-04 -9.929E-02 -6.326E-05 -6.213E-02 -6.326E-05  9.999E+01 -6.127E-02 6.127E-02
  1004 1.000000E+01 9.332380E+03     1 2.400E+01 1.597809E+02 1.598422E+02 -6.61081E-09 -8.67146E-04 4.092E-05 3.720E-02 -1.042E-04 -9.940E-02 -6.326E-05 -6.220E-02 -6.325E-05  9.999E+01 -6.133E-02 6.133E-02
  1005 1.000000E+01 9.342380E+03     1 2.400E+01 1.597808E+02 1.598422E+02 -6.61062E-09 -8.67153E-04 4.092E-05 3.724E-02 -1.042E-04 -9.950E-02 -6.325E-05 -6.226E-02 -6.325E-05  9.999E+01 -6.139E-02 6.140E-02
  1006 1.000000E+01 9.352380E+03     1 2.400E+01 1.597807E+02 1.598422E+02 -6.61044E-09 -8.67159E-04 4.091E-05 3.728E-02 -1.042E-04 -9.961E-02 -6.325E-05 -6.232E-02 -6.324E-05  9.999E+01 -6.146E-02 6.146E-02
  1007 1.000000E+01 9.362380E+03     1 2.400E+01 1.597807E+02 1.598422E+02 -6.61025E-09 -8.67166E-04 4.091E-05 3.732E-02 -1.042E-04 -9.971E-02 -6.325E-05 -6.239E-02 -6.324E-05  9.999E+01 -6.152E-02 6.152E-02
  1008 1.000000E+01 9.372380E+03     1 2.400E+01 1.597806E+02 1.598422E+02 -6.61006E-09 -8.67172E-04 4.091E-05 3.736E-02 -1.042E-04 -9.981E-02 -6.324E-05 -6.245E-02 -6.323E-05  9.999E+01 -6.158E-02 6.159E-02
  1009 1.000000E+01 9.382380E+03     1 2.400E+01 1.597806E+02 1.598422E+02 -6.60987E-09 -8.67179E-04 4.091E-05 3.740E-02 -1.041E-04 -9.992E-02 -6.324E-05 -6.251E-02 -6.323E-05  9.999E+01 -6.165E-02 6.165E-02
  1010 1.000000E+01 9.392380E+03     1 2.400E+01 1.597805E+02 1.598422E+02 -6.60968E-09 -8.67186E-04 4.091E-05 3.745E-02 -1.041E-04 -1.000E-01 -6.323E-05 -6.258E-02 -6.323E-05  9.999E+01 -6.171E-02 6.171E-02
  1011 1.000000E+01 9.402380E+03     1 2.400E+01 1.597804E+02 1.598422E+02 -6.60949E-09 -8.67192E-04 4.090E-05 3.749E-02 -1.041E-04 -1.001E-01 -6.323E-05 -6.264E-02 -6.322E-05  9.999E+01 -6.177E-02 6.178E-02
  1012 1.000000E+01 9.412380E+03     1 2.400E+01 1.597804E+02 1.598422E+02 -6.60929E-09 -8.67199E-04 4.090E-05 3.753E-02 -1.041E-04 -1.002E-01 -6.322E-05 -6.270E-02 -6.322E-05  9.999E+01 -6.184E-02 6.184E-02
  1013 1.000000E+01 9.422380E+03     1 2.400E+01 1.597803E+02 1.598422E+02 -6.60910E-09 -8.67206E-04 4.090E-05 3.757E-02 -1.041E-04 -1.003E-01 -6.322E-05 -6.277E-02 -6.321E-05  9.999E+01 -6.190E-02 6.190E-02
  1014 1.000000E+01 9.432380E+03     1 2.400E+01 1.597802E+02 1.598422E+02 -6.60890E-09 -8.67212E-04 4.090E-05 3.761E-02 -1.041E-04 -1.004E-01 -6.321E-05 -6.283E-02 -6.321E-05  9.999E+01 -6.196E-02 6.197E-02
  1015 1.000000E+01 9.442380E+03     1 2.400E+01 1.597802E+02 1.598422E+02 -6.60870E-09 -8.67219E-04 4.090E-05 3.765E-02 -1.041E-04 -1.005E-01 -6.321E-05 -6.289E-02 -6.320E-05  9.999E+01 -6.203E-02 6.203E-02
  1016 1.000000E+01 9.452380E+03     1 2.400E+01 1.597801E+02 1.598422E+02 -6.60850E-09 -8.67225E-04 4.089E-05 3.769E-02 -1.041E-04 -1.006E-01 -6.321E-05 -6.296E-02 -6.320E-05  9.999E+01 -6.209E-02 6.209E-02
  1017 1.000000E+01 9.462380E+03     1 2.400E+01 1.597800E+02 1.598422E+02 -6.60898E-09 -8.67232E-04 4.089E-05 3.773E-02 -1.041E-04 -1.008E-01 -6.320E-05 -6.302E-02 -6.320E-05  9.999E+01 -6.215E-02 6.216E-02
  1018 1.000000E+01 9.472380E+03     1 2.400E+01 1.597800E+02 1.598422E+02 -6.60901E-09 -8.67239E-04 4.089E-05 3.777E-02 -1.041E-04 -1.009E-01 -6.320E-05 -6.308E-02 -6.319E-05  9.999E+01 -6.222E-02 6.222E-02
  1019 1.000000E+01 9.482380E+03     1 2.400E+01 1.597799E+02 1.598422E+02 -6.60795E-09 -8.67245E-04 4.089E-05 3.781E-02 -1.041E-04 -1.010E-01 -6.319E-05 -6.315E-02 -6.319E-05  9.999E+01 -6.228E-02 6.228E-02
  1020 1.000000E+01 9.492380E+03     1 2.400E+01 1.597799E+02 1.598422E+02 -6.60743E-09 -8.67252E-04 4.089E-05 3.785E-02 -1.041E-04 -1.011E-01 -6.319E-05 -6.321E-02 -6.318E-05  9.999E+01 -6.234E-02 6.235E-02
  1021 1.000000E+01 9.502380E+03     1 2.400E+01 1.597798E+02 1.598422E+02 -6.60703E-09 -8.67258E-04 4.089E-05 3.790E-02 -1.041E-04 -1.012E-01 -6.318E-05 -6.327E-02 -6.318E-05  9.999E+01 -6.241E-02 6.241E-02
  1022 1.000000E+01 9.512380E+03     1 2.400E+01 1.597797E+02 1.598422E+02 -6.60667E-09 -8.67265E-04 4.088E-05 3.794E-02 -1.041E-04 -1.013E-01 -6.318E-05 -6.334E-02 -6.317E-05  9.999E+01 -6.247E-02 6.247E-02
  1023 1.000000E+01 9.522380E+03     1 2.400E+01 1.597797E+02 1.598422E+02 -6.60635E-09 -8.67272E-04 4.088E-05 3.798E-02 -1.041E-04 -1.014E-01 -6.318E-05 -6.340E-02 -6.317E-05  9.999E+01 -6.253E-02 6.254E-02
  1024 1.000000E+01 9.532380E+03     1 2.400E+01 1.597796E+02 1.598422E+02 -6.60604E-09 -8.67278E-04 4.088E-05 3.802E-02 -1.041E-04 -1.015E-01 -6.317E-05 -6.346E-02 -6.316E-05  9.999E+01 -6.259E-02 6.260E-02
  1025 1.000000E+01 9.542380E+03     1 2.400E+01 1.597795E+02 1.598422E+02 -6.60575E-09 -8.67285E-04 4.088E-05 3.806E-02 -1.040E-04 -1.016E-01 -6.317E-05 -6.353E-02 -6.316E-05  9.999E+01 -6.266E-02 6.266E-02
  1026 1.000000E+01 9.552380E+03     1 2.400E+01 1.597795E+02 1.598422E+02 -6.60546E-09 -8.67291E-04 4.088E-05 3.810E-02 -1.040E-04 -1.017E-01 -6.316E-05 -6.359E-02 -6.316E-05  9.999E+01 -6.272E-02 6.272E-02
  1027 1.000000E+01 9.562380E+03     1 2.400E+01 1.597794E+02 1.598422E+02 -6.60518E-09 -8.67298E-04 4.087E-05 3.814E-02 -1.040E-04 -1.018E-01 -6.316E-05 -6.365E-02 -6.315E-05  9.999E+01 -6.278E-02 6.279E-02
  1028 1.000000E+01 9.572380E+03     1 2.400E+01 1.597794E+02 1.598422E+02 -6.60491E-09 -8.67305E-04 4.087E-05 3.818E-02 -1.040E-04 -1.019E-01 -6.315E-05 -6.371E-02 -6.315E-05  9.999E+01 -6.285E-02 6.285E-02
  1029 1.000000E+01 9.582380E+03     1 2.400E+01 1.597793E+02 1.598422E+02 -6.60464E-09 -8.67311E-04 4.087E-05 3.822E-02 -1.040E-04 -1.020E-01 -6.315E-05 -6.378E-02 -6.314E-05  9.999E+01 -6.291E-02 6.291E-02
  1030 8.809995E+00 9.591190E+03     2 2.500E+01 1.597792E+02 1.598421E+02 -5.46765E-05 -9.21988E-04 3.664E-05 3.826E-02 -9.178E-05 -1.021E-01 -5.514E-05 -6.383E-02 -4.679E-07  8.484E-01 -6.291E-02 6.291E-02
  1031 8.809995E+00 9.600000E+03     2 2.300E+01 1.597792E+02 1.598421E+02 -5.50648E-05 -9.77053E-04 3.703E-05 3.830E-02 -9.189E-05 -1.022E-01 -5.486E-05 -6.389E-02  2.049E-07 -3.734E-01 -6.291E-02 6.292E-02
