      0  0.00000000E+00     NSTEP   TIME
  -3.288000E-01  -3.271000E-01  -3.271000E-01  -3.275000E-01  -3.278000E-01
  -3.281000E-01  -3.285000E-01  -3.288000E-01  -3.291000E-01  -3.292000E-01
  -3.291000E-01  -3.288000E-01  -3.284000E-01  -3.277000E-01  -3.269000E-01
  -3.258000E-01  -3.245000E-01  -3.229000E-01  -3.215000E-01  -3.179000E-01
  -3.171000E-01  -3.262000E-01  -3.235000E-01  -3.230000E-01  -3.237000E-01
  -3.241000E-01  -3.245000E-01  -3.248000E-01  -3.249000E-01  -3.249000E-01
  -3.247000E-01  -3.245000E-01  -3.240000E-01  -3.236000E-01  -3.229000E-01
  -3.222000E-01  -3.212000E-01  -3.200000E-01  -3.187000E-01  -3.172000E-01
  -3.141000E-01  -3.145000E-01  -3.265000E-01  -3.239000E-01  -3.231000E-01
  -3.238000E-01  -3.238000E-01  -3.238000E-01  -3.237000E-01  -3.234000E-01
  -3.229000E-01  -3.225000E-01  -3.217000E-01  -3.209000E-01  -3.200000E-01
  -3.188000E-01  -3.175000E-01  -3.160000E-01  -3.143000E-01  -3.123000E-01
  -3.101000E-01  -3.063000E-01  -3.062000E-01  -3.274000E-01  -3.250000E-01
  -3.239000E-01  -3.242000E-01  -3.239000E-01  -3.235000E-01  -3.229000E-01
  -3.223000E-01  -3.215000E-01  -3.206000E-01  -3.195000E-01  -3.182000E-01
  -3.169000E-01  -3.152000E-01  -3.135000E-01  -3.113000E-01  -3.089000E-01
  -3.061000E-01  -3.032000E-01  -2.987000E-01  -2.988000E-01  -3.277000E-01
  -3.248000E-01  -3.232000E-01  -3.231000E-01  -3.225000E-01  -3.217000E-01
  -3.208000E-01  -3.199000E-01  -3.186000E-01  -3.173000E-01  -3.159000E-01
  -3.141000E-01  -3.122000E-01  -3.100000E-01  -3.075000E-01  -3.046000E-01
  -3.014000E-01  -2.979000E-01  -2.939000E-01  -2.886000E-01  -2.885000E-01
  -3.268000E-01  -3.238000E-01  -3.218000E-01  -3.214000E-01  -3.203000E-01
  -3.192000E-01  -3.179000E-01  -3.164000E-01  -3.149000E-01  -3.131000E-01
  -3.109000E-01  -3.086000E-01  -3.060000E-01  -3.030000E-01  -2.997000E-01
  -2.959000E-01  -2.918000E-01  -2.871000E-01  -2.821000E-01  -2.759000E-01
  -2.756000E-01  -3.246000E-01  -3.219000E-01  -3.196000E-01  -3.186000E-01
  -3.172000E-01  -3.156000E-01  -3.139000E-01  -3.118000E-01  -3.096000E-01
  -3.071000E-01  -3.043000E-01  -3.012000E-01  -2.977000E-01  -2.939000E-01
  -2.896000E-01  -2.848000E-01  -2.796000E-01  -2.739000E-01  -2.678000E-01
  -2.606000E-01  -2.601000E-01  -3.211000E-01  -3.192000E-01  -3.163000E-01
  -3.148000E-01  -3.129000E-01  -3.106000E-01  -3.083000E-01  -3.056000E-01
  -3.026000E-01  -2.993000E-01  -2.956000E-01  -2.916000E-01  -2.870000E-01
  -2.822000E-01  -2.768000E-01  -2.710000E-01  -2.648000E-01  -2.581000E-01
  -2.509000E-01  -2.430000E-01  -2.424000E-01  -3.164000E-01  -3.153000E-01
  -3.117000E-01  -3.095000E-01  -3.068000E-01  -3.040000E-01  -3.008000E-01
  -2.973000E-01  -2.934000E-01  -2.891000E-01  -2.845000E-01  -2.793000E-01
  -2.737000E-01  -2.679000E-01  -2.615000E-01  -2.547000E-01  -2.475000E-01
  -2.399000E-01  -2.321000E-01  -2.235000E-01  -2.227000E-01  -3.102000E-01
  -3.098000E-01  -3.055000E-01  -3.024000E-01  -2.990000E-01  -2.952000E-01
  -2.911000E-01  -2.865000E-01  -2.815000E-01  -2.762000E-01  -2.705000E-01
  -2.644000E-01  -2.579000E-01  -2.510000E-01  -2.438000E-01  -2.362000E-01
  -2.282000E-01  -2.199000E-01  -2.114000E-01  -2.024000E-01  -2.016000E-01
  -3.024000E-01  -3.022000E-01  -2.970000E-01  -2.931000E-01  -2.886000E-01
  -2.838000E-01  -2.786000E-01  -2.730000E-01  -2.671000E-01  -2.608000E-01
  -2.540000E-01  -2.470000E-01  -2.397000E-01  -2.321000E-01  -2.240000E-01
  -2.158000E-01  -2.073000E-01  -1.986000E-01  -1.897000E-01  -1.805000E-01
  -1.796000E-01  -2.923000E-01  -2.921000E-01  -2.862000E-01  -2.811000E-01
  -2.756000E-01  -2.698000E-01  -2.635000E-01  -2.570000E-01  -2.501000E-01
  -2.429000E-01  -2.354000E-01  -2.276000E-01  -2.196000E-01  -2.113000E-01
  -2.029000E-01  -1.942000E-01  -1.854000E-01  -1.765000E-01  -1.672000E-01
  -1.577000E-01  -1.569000E-01  -2.797000E-01  -2.794000E-01  -2.725000E-01
  -2.664000E-01  -2.599000E-01  -2.531000E-01  -2.460000E-01  -2.386000E-01
  -2.309000E-01  -2.230000E-01  -2.148000E-01  -2.065000E-01  -1.981000E-01
  -1.895000E-01  -1.807000E-01  -1.718000E-01  -1.627000E-01  -1.535000E-01
  -1.442000E-01  -1.346000E-01  -1.338000E-01  -2.644000E-01  -2.639000E-01
  -2.564000E-01  -2.493000E-01  -2.419000E-01  -2.343000E-01  -2.264000E-01
  -2.183000E-01  -2.100000E-01  -2.016000E-01  -1.930000E-01  -1.844000E-01
  -1.757000E-01  -1.668000E-01  -1.578000E-01  -1.487000E-01  -1.396000E-01
  -1.303000E-01  -1.210000E-01  -1.114000E-01  -1.106000E-01  -2.467000E-01
  -2.460000E-01  -2.379000E-01  -2.300000E-01  -2.219000E-01  -2.136000E-01
  -2.051000E-01  -1.966000E-01  -1.879000E-01  -1.792000E-01  -1.703000E-01
  -1.614000E-01  -1.524000E-01  -1.434000E-01  -1.344000E-01  -1.253000E-01
  -1.162000E-01  -1.070000E-01  -9.759000E-02  -8.802000E-02  -8.731000E-02
  -2.270000E-01  -2.262000E-01  -2.175000E-01  -2.090000E-01  -2.003000E-01
  -1.916000E-01  -1.828000E-01  -1.739000E-01  -1.649000E-01  -1.559000E-01
  -1.469000E-01  -1.378000E-01  -1.288000E-01  -1.198000E-01  -1.107000E-01
  -1.017000E-01  -9.265000E-02  -8.354000E-02  -7.428000E-02  -6.483000E-02
  -6.419000E-02  -2.055000E-01  -2.047000E-01  -1.957000E-01  -1.868000E-01
  -1.778000E-01  -1.687000E-01  -1.595000E-01  -1.504000E-01  -1.413000E-01
  -1.321000E-01  -1.230000E-01  -1.139000E-01  -1.048000E-01  -9.575000E-02
  -8.677000E-02  -7.785000E-02  -6.902000E-02  -6.017000E-02  -5.115000E-02
  -4.210000E-02  -4.164000E-02  -1.831000E-01  -1.822000E-01  -1.729000E-01
  -1.636000E-01  -1.543000E-01  -1.450000E-01  -1.357000E-01  -1.265000E-01
  -1.172000E-01  -1.080000E-01  -9.874000E-02  -8.960000E-02  -8.049000E-02
  -7.147000E-02  -6.258000E-02  -5.383000E-02  -4.543000E-02  -3.698000E-02
  -2.804000E-02  -2.022000E-02  -2.011000E-02  -1.596000E-01  -1.588000E-01
  -1.493000E-01  -1.398000E-01  -1.304000E-01  -1.210000E-01  -1.115000E-01
  -1.021000E-01  -9.279000E-02  -8.347000E-02  -7.420000E-02  -6.504000E-02
  -5.596000E-02  -4.700000E-02  -3.814000E-02  -2.926000E-02  -2.150000E-02
  -1.341000E-02   4.713000E-05   1.844000E-04   1.270000E-04  -1.354000E-01
  -1.347000E-01  -1.251000E-01  -1.155000E-01  -1.060000E-01  -9.643000E-02
  -8.694000E-02  -7.746000E-02  -6.805000E-02  -5.872000E-02  -4.944000E-02
  -4.028000E-02  -3.126000E-02  -2.234000E-02  -1.331000E-02   4.992000E-05
   4.285000E-04   8.709000E-04   1.390000E-03   1.930000E-03   1.556000E-03
  -1.274000E-01  -1.242000E-01  -1.145000E-01  -1.049000E-01  -9.528000E-02
  -8.573000E-02  -7.620000E-02  -6.671000E-02  -5.731000E-02  -4.795000E-02
  -3.869000E-02  -2.954000E-02  -2.056000E-02  -1.182000E-02  -3.758000E-03
   1.197000E-04   6.230000E-04   1.490000E-03   2.340000E-03   3.218000E-03
   3.728000E-03  -3.229000E-01  -3.212000E-01  -3.212000E-01  -3.216000E-01
  -3.219000E-01  -3.222000E-01  -3.226000E-01  -3.230000E-01  -3.232000E-01
  -3.233000E-01  -3.232000E-01  -3.229000E-01  -3.225000E-01  -3.218000E-01
  -3.210000E-01  -3.199000E-01  -3.186000E-01  -3.170000E-01  -3.156000E-01
  -3.120000E-01  -3.113000E-01  -3.203000E-01  -3.177000E-01  -3.172000E-01
  -3.179000E-01  -3.183000E-01  -3.187000E-01  -3.190000E-01  -3.190000E-01
  -3.190000E-01  -3.189000E-01  -3.187000E-01  -3.182000E-01  -3.177000E-01
  -3.170000E-01  -3.164000E-01  -3.154000E-01  -3.142000E-01  -3.129000E-01
  -3.114000E-01  -3.083000E-01  -3.087000E-01  -3.206000E-01  -3.181000E-01
  -3.173000E-01  -3.180000E-01  -3.180000E-01  -3.180000E-01  -3.179000E-01
  -3.175000E-01  -3.171000E-01  -3.167000E-01  -3.159000E-01  -3.151000E-01
  -3.141000E-01  -3.130000E-01  -3.117000E-01  -3.102000E-01  -3.084000E-01
  -3.065000E-01  -3.043000E-01  -3.005000E-01  -3.004000E-01  -3.215000E-01
  -3.191000E-01  -3.181000E-01  -3.184000E-01  -3.180000E-01  -3.177000E-01
  -3.171000E-01  -3.165000E-01  -3.156000E-01  -3.148000E-01  -3.137000E-01
  -3.124000E-01  -3.111000E-01  -3.094000E-01  -3.076000E-01  -3.055000E-01
  -3.030000E-01  -3.003000E-01  -2.973000E-01  -2.929000E-01  -2.929000E-01
  -3.218000E-01  -3.190000E-01  -3.174000E-01  -3.173000E-01  -3.167000E-01
  -3.159000E-01  -3.150000E-01  -3.141000E-01  -3.128000E-01  -3.115000E-01
  -3.100000E-01  -3.083000E-01  -3.063000E-01  -3.041000E-01  -3.016000E-01
  -2.988000E-01  -2.956000E-01  -2.920000E-01  -2.881000E-01  -2.827000E-01
  -2.827000E-01  -3.209000E-01  -3.180000E-01  -3.160000E-01  -3.156000E-01
  -3.145000E-01  -3.134000E-01  -3.121000E-01  -3.106000E-01  -3.090000E-01
  -3.072000E-01  -3.051000E-01  -3.028000E-01  -3.002000E-01  -2.971000E-01
  -2.938000E-01  -2.900000E-01  -2.859000E-01  -2.813000E-01  -2.762000E-01
  -2.700000E-01  -2.698000E-01  -3.187000E-01  -3.161000E-01  -3.138000E-01
  -3.128000E-01  -3.114000E-01  -3.098000E-01  -3.080000E-01  -3.060000E-01
  -3.038000E-01  -3.013000E-01  -2.985000E-01  -2.954000E-01  -2.918000E-01
  -2.880000E-01  -2.837000E-01  -2.789000E-01  -2.737000E-01  -2.680000E-01
  -2.619000E-01  -2.547000E-01  -2.542000E-01  -3.152000E-01  -3.134000E-01
  -3.105000E-01  -3.089000E-01  -3.070000E-01  -3.048000E-01  -3.024000E-01
  -2.998000E-01  -2.967000E-01  -2.934000E-01  -2.897000E-01  -2.857000E-01
  -2.812000E-01  -2.763000E-01  -2.709000E-01  -2.650000E-01  -2.588000E-01
  -2.521000E-01  -2.450000E-01  -2.371000E-01  -2.364000E-01  -3.105000E-01
  -3.095000E-01  -3.058000E-01  -3.036000E-01  -3.010000E-01  -2.981000E-01
  -2.950000E-01  -2.914000E-01  -2.875000E-01  -2.832000E-01  -2.786000E-01
  -2.734000E-01  -2.678000E-01  -2.620000E-01  -2.555000E-01  -2.488000E-01
  -2.415000E-01  -2.340000E-01  -2.261000E-01  -2.175000E-01  -2.168000E-01
  -3.043000E-01  -3.039000E-01  -2.996000E-01  -2.966000E-01  -2.931000E-01
  -2.893000E-01  -2.852000E-01  -2.806000E-01  -2.756000E-01  -2.703000E-01
  -2.646000E-01  -2.585000E-01  -2.519000E-01  -2.450000E-01  -2.378000E-01
  -2.302000E-01  -2.223000E-01  -2.140000E-01  -2.055000E-01  -1.965000E-01
  -1.957000E-01  -2.965000E-01  -2.963000E-01  -2.912000E-01  -2.872000E-01
  -2.828000E-01  -2.779000E-01  -2.727000E-01  -2.671000E-01  -2.612000E-01
  -2.548000E-01  -2.481000E-01  -2.411000E-01  -2.338000E-01  -2.261000E-01
  -2.181000E-01  -2.098000E-01  -2.014000E-01  -1.927000E-01  -1.837000E-01
  -1.745000E-01  -1.737000E-01  -2.864000E-01  -2.862000E-01  -2.803000E-01
  -2.752000E-01  -2.697000E-01  -2.638000E-01  -2.576000E-01  -2.510000E-01
  -2.441000E-01  -2.370000E-01  -2.295000E-01  -2.216000E-01  -2.136000E-01
  -2.054000E-01  -1.969000E-01  -1.883000E-01  -1.795000E-01  -1.705000E-01
  -1.612000E-01  -1.517000E-01  -1.509000E-01  -2.737000E-01  -2.735000E-01
  -2.666000E-01  -2.605000E-01  -2.540000E-01  -2.472000E-01  -2.401000E-01
  -2.327000E-01  -2.250000E-01  -2.170000E-01  -2.089000E-01  -2.006000E-01
  -1.921000E-01  -1.835000E-01  -1.748000E-01  -1.658000E-01  -1.568000E-01
  -1.476000E-01  -1.382000E-01  -1.286000E-01  -1.278000E-01  -2.585000E-01
  -2.580000E-01  -2.504000E-01  -2.434000E-01  -2.360000E-01  -2.284000E-01
  -2.204000E-01  -2.123000E-01  -2.040000E-01  -1.956000E-01  -1.871000E-01
  -1.784000E-01  -1.697000E-01  -1.608000E-01  -1.518000E-01  -1.428000E-01
  -1.336000E-01  -1.244000E-01  -1.150000E-01  -1.054000E-01  -1.046000E-01
  -2.408000E-01  -2.401000E-01  -2.320000E-01  -2.241000E-01  -2.159000E-01
  -2.076000E-01  -1.992000E-01  -1.906000E-01  -1.820000E-01  -1.732000E-01
  -1.644000E-01  -1.554000E-01  -1.465000E-01  -1.375000E-01  -1.284000E-01
  -1.194000E-01  -1.102000E-01  -1.010000E-01  -9.160000E-02  -8.202000E-02
  -8.132000E-02  -2.210000E-01  -2.203000E-01  -2.115000E-01  -2.030000E-01
  -1.944000E-01  -1.857000E-01  -1.768000E-01  -1.679000E-01  -1.589000E-01
  -1.499000E-01  -1.409000E-01  -1.318000E-01  -1.228000E-01  -1.138000E-01
  -1.047000E-01  -9.570000E-02  -8.666000E-02  -7.754000E-02  -6.828000E-02
  -5.883000E-02  -5.820000E-02  -1.996000E-01  -1.988000E-01  -1.897000E-01
  -1.808000E-01  -1.718000E-01  -1.627000E-01  -1.536000E-01  -1.444000E-01
  -1.353000E-01  -1.261000E-01  -1.170000E-01  -1.079000E-01  -9.880000E-02
  -8.976000E-02  -8.078000E-02  -7.185000E-02  -6.303000E-02  -5.417000E-02
  -4.516000E-02  -3.610000E-02  -3.564000E-02  -1.771000E-01  -1.762000E-01
  -1.669000E-01  -1.576000E-01  -1.483000E-01  -1.391000E-01  -1.298000E-01
  -1.205000E-01  -1.112000E-01  -1.020000E-01  -9.275000E-02  -8.361000E-02
  -7.449000E-02  -6.548000E-02  -5.658000E-02  -4.783000E-02  -3.943000E-02
  -3.098000E-02  -2.204000E-02  -1.423000E-02  -1.411000E-02  -1.536000E-01
  -1.528000E-01  -1.433000E-01  -1.338000E-01  -1.244000E-01  -1.150000E-01
  -1.056000E-01  -9.615000E-02  -8.679000E-02  -7.747000E-02  -6.821000E-02
  -5.904000E-02  -4.997000E-02  -4.100000E-02  -3.214000E-02  -2.326000E-02
  -1.556000E-02  -7.504000E-03   5.774000E-03   6.136000E-03   6.046000E-03
  -1.295000E-01  -1.287000E-01  -1.191000E-01  -1.095000E-01  -9.997000E-02
  -9.044000E-02  -8.095000E-02  -7.147000E-02  -6.205000E-02  -5.273000E-02
  -4.345000E-02  -3.429000E-02  -2.526000E-02  -1.634000E-02  -7.310000E-03
   5.851000E-03   6.398000E-03   6.946000E-03   7.568000E-03   8.199000E-03
   7.791000E-03  -1.214000E-01  -1.182000E-01  -1.085000E-01  -9.889000E-02
  -8.929000E-02  -7.974000E-02  -7.020000E-02  -6.072000E-02  -5.131000E-02
  -4.195000E-02  -3.269000E-02  -2.355000E-02  -1.456000E-02  -5.822000E-03
   2.241000E-03   6.228000E-03   6.801000E-03   7.720000E-03   8.625000E-03
   9.578000E-03   1.017000E-02  -3.119000E-01  -3.103000E-01  -3.103000E-01
  -3.107000E-01  -3.110000E-01  -3.113000E-01  -3.117000E-01  -3.120000E-01
  -3.123000E-01  -3.124000E-01  -3.123000E-01  -3.120000E-01  -3.116000E-01
  -3.109000E-01  -3.101000E-01  -3.090000E-01  -3.077000E-01  -3.061000E-01
  -3.046000E-01  -3.010000E-01  -3.004000E-01  -3.094000E-01  -3.069000E-01
  -3.064000E-01  -3.071000E-01  -3.076000E-01  -3.080000E-01  -3.083000E-01
  -3.084000E-01  -3.084000E-01  -3.082000E-01  -3.080000E-01  -3.075000E-01
  -3.070000E-01  -3.063000E-01  -3.056000E-01  -3.047000E-01  -3.034000E-01
  -3.021000E-01  -3.006000E-01  -2.974000E-01  -2.980000E-01  -3.097000E-01
  -3.073000E-01  -3.066000E-01  -3.073000E-01  -3.073000E-01  -3.073000E-01
  -3.072000E-01  -3.069000E-01  -3.064000E-01  -3.060000E-01  -3.052000E-01
  -3.044000E-01  -3.034000E-01  -3.023000E-01  -3.009000E-01  -2.994000E-01
  -2.976000E-01  -2.956000E-01  -2.933000E-01  -2.896000E-01  -2.896000E-01
  -3.106000E-01  -3.085000E-01  -3.074000E-01  -3.077000E-01  -3.074000E-01
  -3.070000E-01  -3.064000E-01  -3.058000E-01  -3.049000E-01  -3.040000E-01
  -3.029000E-01  -3.017000E-01  -3.003000E-01  -2.986000E-01  -2.968000E-01
  -2.946000E-01  -2.921000E-01  -2.893000E-01  -2.863000E-01  -2.818000E-01
  -2.820000E-01  -3.109000E-01  -3.084000E-01  -3.067000E-01  -3.066000E-01
  -3.060000E-01  -3.052000E-01  -3.043000E-01  -3.033000E-01  -3.021000E-01
  -3.007000E-01  -2.992000E-01  -2.975000E-01  -2.955000E-01  -2.932000E-01
  -2.907000E-01  -2.878000E-01  -2.845000E-01  -2.809000E-01  -2.769000E-01
  -2.715000E-01  -2.716000E-01  -3.100000E-01  -3.073000E-01  -3.053000E-01
  -3.049000E-01  -3.037000E-01  -3.027000E-01  -3.013000E-01  -2.998000E-01
  -2.982000E-01  -2.964000E-01  -2.942000E-01  -2.918000E-01  -2.892000E-01
  -2.861000E-01  -2.827000E-01  -2.789000E-01  -2.747000E-01  -2.700000E-01
  -2.650000E-01  -2.586000E-01  -2.585000E-01  -3.078000E-01  -3.054000E-01
  -3.030000E-01  -3.020000E-01  -3.006000E-01  -2.989000E-01  -2.972000E-01
  -2.951000E-01  -2.929000E-01  -2.903000E-01  -2.875000E-01  -2.843000E-01
  -2.807000E-01  -2.768000E-01  -2.725000E-01  -2.676000E-01  -2.624000E-01
  -2.566000E-01  -2.504000E-01  -2.432000E-01  -2.429000E-01  -3.043000E-01
  -3.026000E-01  -2.997000E-01  -2.981000E-01  -2.962000E-01  -2.939000E-01
  -2.915000E-01  -2.888000E-01  -2.857000E-01  -2.824000E-01  -2.786000E-01
  -2.745000E-01  -2.699000E-01  -2.650000E-01  -2.596000E-01  -2.537000E-01
  -2.474000E-01  -2.407000E-01  -2.335000E-01  -2.255000E-01  -2.250000E-01
  -2.995000E-01  -2.986000E-01  -2.950000E-01  -2.927000E-01  -2.900000E-01
  -2.871000E-01  -2.839000E-01  -2.803000E-01  -2.763000E-01  -2.720000E-01
  -2.673000E-01  -2.621000E-01  -2.565000E-01  -2.505000E-01  -2.441000E-01
  -2.372000E-01  -2.300000E-01  -2.224000E-01  -2.145000E-01  -2.059000E-01
  -2.052000E-01  -2.932000E-01  -2.930000E-01  -2.886000E-01  -2.855000E-01
  -2.821000E-01  -2.782000E-01  -2.740000E-01  -2.694000E-01  -2.644000E-01
  -2.590000E-01  -2.532000E-01  -2.471000E-01  -2.405000E-01  -2.335000E-01
  -2.262000E-01  -2.186000E-01  -2.106000E-01  -2.023000E-01  -1.937000E-01
  -1.847000E-01  -1.840000E-01  -2.853000E-01  -2.852000E-01  -2.801000E-01
  -2.760000E-01  -2.716000E-01  -2.667000E-01  -2.614000E-01  -2.558000E-01
  -2.498000E-01  -2.434000E-01  -2.366000E-01  -2.295000E-01  -2.222000E-01
  -2.145000E-01  -2.064000E-01  -1.981000E-01  -1.896000E-01  -1.809000E-01
  -1.720000E-01  -1.627000E-01  -1.619000E-01  -2.751000E-01  -2.750000E-01
  -2.690000E-01  -2.640000E-01  -2.584000E-01  -2.525000E-01  -2.462000E-01
  -2.395000E-01  -2.326000E-01  -2.254000E-01  -2.178000E-01  -2.100000E-01
  -2.019000E-01  -1.936000E-01  -1.852000E-01  -1.765000E-01  -1.676000E-01
  -1.587000E-01  -1.494000E-01  -1.399000E-01  -1.391000E-01  -2.623000E-01
  -2.622000E-01  -2.553000E-01  -2.491000E-01  -2.425000E-01  -2.356000E-01
  -2.285000E-01  -2.211000E-01  -2.134000E-01  -2.054000E-01  -1.972000E-01
  -1.889000E-01  -1.803000E-01  -1.717000E-01  -1.629000E-01  -1.540000E-01
  -1.449000E-01  -1.357000E-01  -1.263000E-01  -1.167000E-01  -1.160000E-01
  -2.470000E-01  -2.465000E-01  -2.389000E-01  -2.319000E-01  -2.244000E-01
  -2.168000E-01  -2.088000E-01  -2.006000E-01  -1.923000E-01  -1.839000E-01
  -1.753000E-01  -1.666000E-01  -1.579000E-01  -1.489000E-01  -1.399000E-01
  -1.309000E-01  -1.217000E-01  -1.124000E-01  -1.030000E-01  -9.343000E-02
  -9.269000E-02  -2.292000E-01  -2.285000E-01  -2.204000E-01  -2.124000E-01
  -2.043000E-01  -1.959000E-01  -1.875000E-01  -1.789000E-01  -1.702000E-01
  -1.614000E-01  -1.525000E-01  -1.436000E-01  -1.346000E-01  -1.256000E-01
  -1.165000E-01  -1.074000E-01  -9.830000E-02  -8.904000E-02  -7.964000E-02
  -7.006000E-02  -6.936000E-02  -2.093000E-01  -2.086000E-01  -1.998000E-01
  -1.913000E-01  -1.826000E-01  -1.739000E-01  -1.650000E-01  -1.561000E-01
  -1.471000E-01  -1.381000E-01  -1.290000E-01  -1.199000E-01  -1.109000E-01
  -1.019000E-01  -9.280000E-02  -8.374000E-02  -7.469000E-02  -6.557000E-02
  -5.630000E-02  -4.685000E-02  -4.622000E-02  -1.878000E-01  -1.870000E-01
  -1.780000E-01  -1.690000E-01  -1.600000E-01  -1.509000E-01  -1.417000E-01
  -1.326000E-01  -1.234000E-01  -1.142000E-01  -1.051000E-01  -9.597000E-02
  -8.685000E-02  -7.780000E-02  -6.881000E-02  -5.987000E-02  -5.105000E-02
  -4.219000E-02  -3.316000E-02  -2.411000E-02  -2.365000E-02  -1.652000E-01
  -1.645000E-01  -1.551000E-01  -1.458000E-01  -1.365000E-01  -1.272000E-01
  -1.179000E-01  -1.086000E-01  -9.931000E-02  -9.003000E-02  -8.080000E-02
  -7.165000E-02  -6.252000E-02  -5.350000E-02  -4.460000E-02  -3.584000E-02
  -2.744000E-02  -1.898000E-02  -1.005000E-02  -2.228000E-03  -2.113000E-03
  -1.418000E-01  -1.410000E-01  -1.314000E-01  -1.220000E-01  -1.125000E-01
  -1.031000E-01  -9.363000E-02  -8.420000E-02  -7.484000E-02  -6.551000E-02
  -5.623000E-02  -4.705000E-02  -3.798000E-02  -2.900000E-02  -2.013000E-02
  -1.126000E-02  -3.643000E-03   4.384000E-03   1.729000E-02   1.805000E-02
   1.791000E-02  -1.176000E-01  -1.168000E-01  -1.072000E-01  -9.763000E-02
  -8.804000E-02  -7.849000E-02  -6.900000E-02  -5.950000E-02  -5.008000E-02
  -4.074000E-02  -3.146000E-02  -2.229000E-02  -1.326000E-02  -4.345000E-03
   4.687000E-03   1.750000E-02   1.834000E-02   1.908000E-02   1.990000E-02
   2.073000E-02   2.026000E-02  -1.095000E-01  -1.063000E-01  -9.661000E-02
  -8.698000E-02  -7.737000E-02  -6.780000E-02  -5.825000E-02  -4.875000E-02
  -3.934000E-02  -2.997000E-02  -2.070000E-02  -1.155000E-02  -2.560000E-03
   6.177000E-03   1.424000E-02   1.841000E-02   1.915000E-02   2.017000E-02
   2.119000E-02   2.229000E-02   2.304000E-02  -2.972000E-01  -2.958000E-01
  -2.957000E-01  -2.961000E-01  -2.964000E-01  -2.968000E-01  -2.972000E-01
  -2.976000E-01  -2.978000E-01  -2.980000E-01  -2.979000E-01  -2.976000E-01
  -2.972000E-01  -2.965000E-01  -2.957000E-01  -2.945000E-01  -2.931000E-01
  -2.915000E-01  -2.899000E-01  -2.863000E-01  -2.859000E-01  -2.949000E-01
  -2.927000E-01  -2.922000E-01  -2.930000E-01  -2.935000E-01  -2.939000E-01
  -2.942000E-01  -2.943000E-01  -2.944000E-01  -2.942000E-01  -2.940000E-01
  -2.935000E-01  -2.930000E-01  -2.922000E-01  -2.915000E-01  -2.904000E-01
  -2.891000E-01  -2.877000E-01  -2.861000E-01  -2.828000E-01  -2.837000E-01
  -2.952000E-01  -2.932000E-01  -2.924000E-01  -2.932000E-01  -2.933000E-01
  -2.933000E-01  -2.932000E-01  -2.929000E-01  -2.924000E-01  -2.919000E-01
  -2.911000E-01  -2.903000E-01  -2.892000E-01  -2.880000E-01  -2.866000E-01
  -2.850000E-01  -2.831000E-01  -2.810000E-01  -2.786000E-01  -2.747000E-01
  -2.750000E-01  -2.961000E-01  -2.944000E-01  -2.933000E-01  -2.937000E-01
  -2.934000E-01  -2.930000E-01  -2.924000E-01  -2.918000E-01  -2.908000E-01
  -2.899000E-01  -2.887000E-01  -2.874000E-01  -2.859000E-01  -2.841000E-01
  -2.822000E-01  -2.799000E-01  -2.773000E-01  -2.744000E-01  -2.712000E-01
  -2.666000E-01  -2.670000E-01  -2.965000E-01  -2.944000E-01  -2.927000E-01
  -2.926000E-01  -2.920000E-01  -2.911000E-01  -2.902000E-01  -2.891000E-01
  -2.878000E-01  -2.864000E-01  -2.848000E-01  -2.829000E-01  -2.808000E-01
  -2.785000E-01  -2.758000E-01  -2.728000E-01  -2.693000E-01  -2.656000E-01
  -2.614000E-01  -2.559000E-01  -2.562000E-01  -2.957000E-01  -2.933000E-01
  -2.913000E-01  -2.908000E-01  -2.896000E-01  -2.885000E-01  -2.870000E-01
  -2.854000E-01  -2.837000E-01  -2.818000E-01  -2.795000E-01  -2.770000E-01
  -2.742000E-01  -2.710000E-01  -2.675000E-01  -2.635000E-01  -2.592000E-01
  -2.543000E-01  -2.491000E-01  -2.426000E-01  -2.427000E-01  -2.934000E-01
  -2.913000E-01  -2.888000E-01  -2.878000E-01  -2.863000E-01  -2.845000E-01
  -2.827000E-01  -2.805000E-01  -2.781000E-01  -2.755000E-01  -2.725000E-01
  -2.691000E-01  -2.654000E-01  -2.614000E-01  -2.569000E-01  -2.518000E-01
  -2.464000E-01  -2.405000E-01  -2.342000E-01  -2.268000E-01  -2.266000E-01
  -2.897000E-01  -2.884000E-01  -2.853000E-01  -2.836000E-01  -2.816000E-01
  -2.792000E-01  -2.767000E-01  -2.738000E-01  -2.706000E-01  -2.671000E-01
  -2.632000E-01  -2.589000E-01  -2.542000E-01  -2.491000E-01  -2.435000E-01
  -2.375000E-01  -2.310000E-01  -2.241000E-01  -2.168000E-01  -2.088000E-01
  -2.083000E-01  -2.847000E-01  -2.841000E-01  -2.803000E-01  -2.780000E-01
  -2.752000E-01  -2.721000E-01  -2.687000E-01  -2.650000E-01  -2.609000E-01
  -2.564000E-01  -2.515000E-01  -2.461000E-01  -2.403000E-01  -2.342000E-01
  -2.276000E-01  -2.207000E-01  -2.133000E-01  -2.056000E-01  -1.975000E-01
  -1.888000E-01  -1.882000E-01  -2.782000E-01  -2.781000E-01  -2.737000E-01
  -2.704000E-01  -2.668000E-01  -2.628000E-01  -2.584000E-01  -2.537000E-01
  -2.485000E-01  -2.429000E-01  -2.370000E-01  -2.307000E-01  -2.239000E-01
  -2.169000E-01  -2.095000E-01  -2.017000E-01  -1.936000E-01  -1.852000E-01
  -1.765000E-01  -1.675000E-01  -1.668000E-01  -2.698000E-01  -2.700000E-01
  -2.647000E-01  -2.605000E-01  -2.559000E-01  -2.508000E-01  -2.454000E-01
  -2.396000E-01  -2.335000E-01  -2.269000E-01  -2.200000E-01  -2.128000E-01
  -2.053000E-01  -1.975000E-01  -1.894000E-01  -1.810000E-01  -1.724000E-01
  -1.636000E-01  -1.545000E-01  -1.452000E-01  -1.445000E-01  -2.593000E-01
  -2.595000E-01  -2.533000E-01  -2.481000E-01  -2.423000E-01  -2.363000E-01
  -2.298000E-01  -2.231000E-01  -2.160000E-01  -2.086000E-01  -2.010000E-01
  -1.930000E-01  -1.848000E-01  -1.764000E-01  -1.679000E-01  -1.591000E-01
  -1.502000E-01  -1.411000E-01  -1.318000E-01  -1.222000E-01  -1.215000E-01
  -2.461000E-01  -2.462000E-01  -2.391000E-01  -2.328000E-01  -2.261000E-01
  -2.191000E-01  -2.118000E-01  -2.043000E-01  -1.964000E-01  -1.883000E-01
  -1.800000E-01  -1.716000E-01  -1.630000E-01  -1.543000E-01  -1.455000E-01
  -1.364000E-01  -1.273000E-01  -1.180000E-01  -1.086000E-01  -9.896000E-02
  -9.821000E-02  -2.304000E-01  -2.301000E-01  -2.225000E-01  -2.152000E-01
  -2.077000E-01  -1.999000E-01  -1.918000E-01  -1.836000E-01  -1.751000E-01
  -1.666000E-01  -1.579000E-01  -1.492000E-01  -1.403000E-01  -1.314000E-01
  -1.223000E-01  -1.132000E-01  -1.040000E-01  -9.464000E-02  -8.520000E-02
  -7.557000E-02  -7.484000E-02  -2.123000E-01  -2.118000E-01  -2.036000E-01
  -1.955000E-01  -1.872000E-01  -1.788000E-01  -1.702000E-01  -1.616000E-01
  -1.528000E-01  -1.439000E-01  -1.350000E-01  -1.259000E-01  -1.169000E-01
  -1.078000E-01  -9.873000E-02  -8.961000E-02  -8.044000E-02  -7.115000E-02
  -6.172000E-02  -5.213000E-02  -5.144000E-02  -1.922000E-01  -1.916000E-01
  -1.828000E-01  -1.741000E-01  -1.654000E-01  -1.565000E-01  -1.476000E-01
  -1.386000E-01  -1.295000E-01  -1.204000E-01  -1.113000E-01  -1.022000E-01
  -9.309000E-02  -8.403000E-02  -7.493000E-02  -6.584000E-02  -5.676000E-02
  -4.762000E-02  -3.834000E-02  -2.888000E-02  -2.825000E-02  -1.705000E-01
  -1.698000E-01  -1.607000E-01  -1.516000E-01  -1.426000E-01  -1.334000E-01
  -1.241000E-01  -1.149000E-01  -1.057000E-01  -9.646000E-02  -8.728000E-02
  -7.812000E-02  -6.896000E-02  -5.988000E-02  -5.087000E-02  -4.192000E-02
  -3.307000E-02  -2.420000E-02  -1.517000E-02  -6.115000E-03  -5.654000E-03
  -1.478000E-01  -1.470000E-01  -1.376000E-01  -1.282000E-01  -1.189000E-01
  -1.095000E-01  -1.001000E-01  -9.079000E-02  -8.149000E-02  -7.216000E-02
  -6.290000E-02  -5.372000E-02  -4.457000E-02  -3.553000E-02  -2.662000E-02
  -1.785000E-02  -9.442000E-03  -9.853000E-04   7.942000E-03   1.577000E-02
   1.589000E-02  -1.241000E-01  -1.234000E-01  -1.138000E-01  -1.043000E-01
  -9.474000E-02  -8.527000E-02  -7.579000E-02  -6.632000E-02  -5.693000E-02
  -4.757000E-02  -3.827000E-02  -2.908000E-02  -1.999000E-02  -1.101000E-02
  -2.136000E-03   6.727000E-03   1.430000E-02   2.227000E-02   3.469000E-02
   3.595000E-02   3.575000E-02  -9.983000E-02  -9.911000E-02  -8.943000E-02
  -7.983000E-02  -7.020000E-02  -6.062000E-02  -5.109000E-02  -4.157000E-02
  -3.213000E-02  -2.277000E-02  -1.347000E-02  -4.301000E-03   4.735000E-03
   1.365000E-02   2.268000E-02   3.506000E-02   3.628000E-02   3.728000E-02
   3.837000E-02   3.950000E-02   3.894000E-02  -9.177000E-02  -8.856000E-02
  -7.884000E-02  -6.916000E-02  -5.951000E-02  -4.991000E-02  -4.033000E-02
  -3.081000E-02  -2.137000E-02  -1.199000E-02  -2.708000E-03   6.444000E-03
   1.544000E-02   2.418000E-02   3.224000E-02   3.667000E-02   3.765000E-02
   3.883000E-02   4.001000E-02   4.133000E-02   4.231000E-02  -2.806000E-01
  -2.793000E-01  -2.792000E-01  -2.796000E-01  -2.799000E-01  -2.803000E-01
  -2.807000E-01  -2.812000E-01  -2.815000E-01  -2.817000E-01  -2.817000E-01
  -2.815000E-01  -2.810000E-01  -2.803000E-01  -2.794000E-01  -2.781000E-01
  -2.766000E-01  -2.748000E-01  -2.731000E-01  -2.692000E-01  -2.691000E-01
  -2.784000E-01  -2.766000E-01  -2.761000E-01  -2.769000E-01  -2.776000E-01
  -2.780000E-01  -2.785000E-01  -2.786000E-01  -2.787000E-01  -2.786000E-01
  -2.784000E-01  -2.779000E-01  -2.772000E-01  -2.764000E-01  -2.755000E-01
  -2.743000E-01  -2.728000E-01  -2.712000E-01  -2.693000E-01  -2.659000E-01
  -2.670000E-01  -2.787000E-01  -2.772000E-01  -2.765000E-01  -2.773000E-01
  -2.775000E-01  -2.775000E-01  -2.775000E-01  -2.772000E-01  -2.767000E-01
  -2.762000E-01  -2.753000E-01  -2.743000E-01  -2.732000E-01  -2.718000E-01
  -2.702000E-01  -2.684000E-01  -2.663000E-01  -2.639000E-01  -2.613000E-01
  -2.571000E-01  -2.577000E-01  -2.797000E-01  -2.787000E-01  -2.776000E-01
  -2.780000E-01  -2.777000E-01  -2.773000E-01  -2.767000E-01  -2.760000E-01
  -2.750000E-01  -2.739000E-01  -2.726000E-01  -2.711000E-01  -2.694000E-01
  -2.674000E-01  -2.652000E-01  -2.627000E-01  -2.598000E-01  -2.566000E-01
  -2.531000E-01  -2.482000E-01  -2.489000E-01  -2.803000E-01  -2.788000E-01
  -2.770000E-01  -2.769000E-01  -2.762000E-01  -2.752000E-01  -2.743000E-01
  -2.731000E-01  -2.716000E-01  -2.700000E-01  -2.682000E-01  -2.661000E-01
  -2.638000E-01  -2.611000E-01  -2.582000E-01  -2.548000E-01  -2.511000E-01
  -2.470000E-01  -2.424000E-01  -2.366000E-01  -2.372000E-01  -2.795000E-01
  -2.777000E-01  -2.755000E-01  -2.749000E-01  -2.736000E-01  -2.723000E-01
  -2.707000E-01  -2.689000E-01  -2.670000E-01  -2.648000E-01  -2.623000E-01
  -2.595000E-01  -2.564000E-01  -2.529000E-01  -2.491000E-01  -2.447000E-01
  -2.400000E-01  -2.348000E-01  -2.292000E-01  -2.225000E-01  -2.228000E-01
  -2.771000E-01  -2.754000E-01  -2.728000E-01  -2.716000E-01  -2.699000E-01
  -2.679000E-01  -2.658000E-01  -2.634000E-01  -2.608000E-01  -2.578000E-01
  -2.545000E-01  -2.509000E-01  -2.468000E-01  -2.424000E-01  -2.375000E-01
  -2.321000E-01  -2.264000E-01  -2.201000E-01  -2.135000E-01  -2.059000E-01
  -2.059000E-01  -2.731000E-01  -2.720000E-01  -2.688000E-01  -2.669000E-01
  -2.646000E-01  -2.620000E-01  -2.592000E-01  -2.560000E-01  -2.525000E-01
  -2.487000E-01  -2.444000E-01  -2.398000E-01  -2.347000E-01  -2.293000E-01
  -2.233000E-01  -2.169000E-01  -2.102000E-01  -2.030000E-01  -1.954000E-01
  -1.872000E-01  -1.868000E-01  -2.676000E-01  -2.673000E-01  -2.633000E-01
  -2.606000E-01  -2.575000E-01  -2.541000E-01  -2.504000E-01  -2.463000E-01
  -2.419000E-01  -2.371000E-01  -2.318000E-01  -2.261000E-01  -2.200000E-01
  -2.135000E-01  -2.066000E-01  -1.994000E-01  -1.917000E-01  -1.837000E-01
  -1.755000E-01  -1.666000E-01  -1.661000E-01  -2.603000E-01  -2.606000E-01
  -2.559000E-01  -2.523000E-01  -2.483000E-01  -2.440000E-01  -2.393000E-01
  -2.342000E-01  -2.287000E-01  -2.228000E-01  -2.165000E-01  -2.098000E-01
  -2.028000E-01  -1.954000E-01  -1.877000E-01  -1.797000E-01  -1.714000E-01
  -1.628000E-01  -1.540000E-01  -1.447000E-01  -1.441000E-01  -2.512000E-01
  -2.517000E-01  -2.461000E-01  -2.416000E-01  -2.366000E-01  -2.312000E-01
  -2.254000E-01  -2.193000E-01  -2.128000E-01  -2.059000E-01  -1.987000E-01
  -1.913000E-01  -1.835000E-01  -1.755000E-01  -1.671000E-01  -1.585000E-01
  -1.497000E-01  -1.407000E-01  -1.315000E-01  -1.221000E-01  -1.214000E-01
  -2.398000E-01  -2.402000E-01  -2.338000E-01  -2.282000E-01  -2.221000E-01
  -2.157000E-01  -2.090000E-01  -2.019000E-01  -1.945000E-01  -1.869000E-01
  -1.790000E-01  -1.708000E-01  -1.624000E-01  -1.538000E-01  -1.451000E-01
  -1.362000E-01  -1.271000E-01  -1.179000E-01  -1.085000E-01  -9.881000E-02
  -9.808000E-02  -2.258000E-01  -2.261000E-01  -2.188000E-01  -2.121000E-01
  -2.051000E-01  -1.978000E-01  -1.903000E-01  -1.825000E-01  -1.744000E-01
  -1.661000E-01  -1.576000E-01  -1.489000E-01  -1.402000E-01  -1.313000E-01
  -1.223000E-01  -1.132000E-01  -1.039000E-01  -9.450000E-02  -8.498000E-02
  -7.530000E-02  -7.456000E-02  -2.094000E-01  -2.093000E-01  -2.013000E-01
  -1.938000E-01  -1.860000E-01  -1.780000E-01  -1.697000E-01  -1.612000E-01
  -1.526000E-01  -1.439000E-01  -1.350000E-01  -1.261000E-01  -1.171000E-01
  -1.080000E-01  -9.883000E-02  -8.961000E-02  -8.031000E-02  -7.091000E-02
  -6.141000E-02  -5.174000E-02  -5.102000E-02  -1.906000E-01  -1.902000E-01
  -1.818000E-01  -1.735000E-01  -1.650000E-01  -1.564000E-01  -1.476000E-01
  -1.387000E-01  -1.298000E-01  -1.208000E-01  -1.117000E-01  -1.026000E-01
  -9.341000E-02  -8.424000E-02  -7.505000E-02  -6.585000E-02  -5.662000E-02
  -4.728000E-02  -3.781000E-02  -2.819000E-02  -2.750000E-02  -1.700000E-01
  -1.694000E-01  -1.604000E-01  -1.516000E-01  -1.427000E-01  -1.336000E-01
  -1.246000E-01  -1.154000E-01  -1.062000E-01  -9.698000E-02  -8.777000E-02
  -7.856000E-02  -6.937000E-02  -6.023000E-02  -5.108000E-02  -4.195000E-02
  -3.283000E-02  -2.366000E-02  -1.436000E-02  -4.888000E-03  -4.258000E-03
  -1.478000E-01  -1.471000E-01  -1.379000E-01  -1.287000E-01  -1.195000E-01
  -1.101000E-01  -1.008000E-01  -9.143000E-02  -8.210000E-02  -7.279000E-02
  -6.353000E-02  -5.430000E-02  -4.509000E-02  -3.597000E-02  -2.692000E-02
  -1.795000E-02  -9.087000E-03  -2.078000E-04   8.822000E-03   1.788000E-02
   1.834000E-02  -1.247000E-01  -1.239000E-01  -1.144000E-01  -1.049000E-01
  -9.546000E-02  -8.598000E-02  -7.651000E-02  -6.709000E-02  -5.771000E-02
  -4.832000E-02  -3.901000E-02  -2.979000E-02  -2.061000E-02  -1.155000E-02
  -2.624000E-03   6.142000E-03   1.455000E-02   2.301000E-02   3.193000E-02
   3.977000E-02   3.988000E-02  -1.007000E-01  -9.999000E-02  -9.031000E-02
  -8.068000E-02  -7.108000E-02  -6.152000E-02  -5.198000E-02  -4.246000E-02
  -3.302000E-02  -2.362000E-02  -1.430000E-02  -5.092000E-03   4.004000E-03
   1.299000E-02   2.186000E-02   3.071000E-02   3.825000E-02   4.615000E-02
   5.799000E-02   5.983000E-02   5.958000E-02  -7.626000E-02  -7.552000E-02
  -6.577000E-02  -5.610000E-02  -4.640000E-02  -3.676000E-02  -2.718000E-02
  -1.763000E-02  -8.155000E-03   1.217000E-03   1.052000E-02   1.969000E-02
   2.873000E-02   3.765000E-02   4.667000E-02   5.854000E-02   6.020000E-02
   6.154000E-02   6.299000E-02   6.449000E-02   6.384000E-02  -6.813000E-02
  -6.489000E-02  -5.512000E-02  -4.537000E-02  -3.565000E-02  -2.600000E-02
  -1.638000E-02  -6.834000E-03   2.621000E-03   1.200000E-02   2.129000E-02
   3.044000E-02   3.944000E-02   4.818000E-02   5.625000E-02   6.098000E-02
   6.227000E-02   6.366000E-02   6.507000E-02   6.667000E-02   6.794000E-02
  -2.635000E-01  -2.622000E-01  -2.621000E-01  -2.625000E-01  -2.628000E-01
  -2.632000E-01  -2.638000E-01  -2.643000E-01  -2.648000E-01  -2.651000E-01
  -2.652000E-01  -2.650000E-01  -2.645000E-01  -2.637000E-01  -2.627000E-01
  -2.612000E-01  -2.594000E-01  -2.573000E-01  -2.552000E-01  -2.510000E-01
  -2.511000E-01  -2.613000E-01  -2.598000E-01  -2.594000E-01  -2.603000E-01
  -2.612000E-01  -2.618000E-01  -2.624000E-01  -2.627000E-01  -2.629000E-01
  -2.628000E-01  -2.625000E-01  -2.620000E-01  -2.612000E-01  -2.602000E-01
  -2.590000E-01  -2.576000E-01  -2.557000E-01  -2.537000E-01  -2.514000E-01
  -2.476000E-01  -2.488000E-01  -2.616000E-01  -2.607000E-01  -2.600000E-01
  -2.610000E-01  -2.614000E-01  -2.615000E-01  -2.615000E-01  -2.613000E-01
  -2.608000E-01  -2.601000E-01  -2.591000E-01  -2.579000E-01  -2.565000E-01
  -2.549000E-01  -2.529000E-01  -2.507000E-01  -2.482000E-01  -2.453000E-01
  -2.421000E-01  -2.375000E-01  -2.383000E-01  -2.628000E-01  -2.626000E-01
  -2.615000E-01  -2.620000E-01  -2.618000E-01  -2.613000E-01  -2.607000E-01
  -2.598000E-01  -2.587000E-01  -2.574000E-01  -2.558000E-01  -2.539000E-01
  -2.519000E-01  -2.495000E-01  -2.468000E-01  -2.438000E-01  -2.403000E-01
  -2.366000E-01  -2.324000E-01  -2.271000E-01  -2.280000E-01  -2.637000E-01
  -2.630000E-01  -2.612000E-01  -2.610000E-01  -2.602000E-01  -2.591000E-01
  -2.579000E-01  -2.564000E-01  -2.546000E-01  -2.527000E-01  -2.505000E-01
  -2.480000E-01  -2.451000E-01  -2.420000E-01  -2.384000E-01  -2.345000E-01
  -2.302000E-01  -2.255000E-01  -2.203000E-01  -2.140000E-01  -2.147000E-01
  -2.630000E-01  -2.618000E-01  -2.593000E-01  -2.586000E-01  -2.570000E-01
  -2.555000E-01  -2.536000E-01  -2.514000E-01  -2.491000E-01  -2.464000E-01
  -2.434000E-01  -2.401000E-01  -2.364000E-01  -2.323000E-01  -2.278000E-01
  -2.229000E-01  -2.176000E-01  -2.117000E-01  -2.055000E-01  -1.984000E-01
  -1.988000E-01  -2.603000E-01  -2.591000E-01  -2.561000E-01  -2.546000E-01
  -2.525000E-01  -2.502000E-01  -2.477000E-01  -2.448000E-01  -2.416000E-01
  -2.381000E-01  -2.342000E-01  -2.300000E-01  -2.253000E-01  -2.202000E-01
  -2.148000E-01  -2.088000E-01  -2.024000E-01  -1.956000E-01  -1.883000E-01
  -1.804000E-01  -1.804000E-01  -2.557000E-01  -2.549000E-01  -2.512000E-01
  -2.489000E-01  -2.462000E-01  -2.431000E-01  -2.397000E-01  -2.360000E-01
  -2.319000E-01  -2.275000E-01  -2.226000E-01  -2.173000E-01  -2.116000E-01
  -2.055000E-01  -1.990000E-01  -1.921000E-01  -1.848000E-01  -1.771000E-01
  -1.690000E-01  -1.604000E-01  -1.601000E-01  -2.491000E-01  -2.490000E-01
  -2.446000E-01  -2.414000E-01  -2.378000E-01  -2.338000E-01  -2.295000E-01
  -2.248000E-01  -2.197000E-01  -2.143000E-01  -2.084000E-01  -2.021000E-01
  -1.954000E-01  -1.884000E-01  -1.809000E-01  -1.732000E-01  -1.651000E-01
  -1.567000E-01  -1.481000E-01  -1.390000E-01  -1.385000E-01  -2.406000E-01
  -2.410000E-01  -2.358000E-01  -2.316000E-01  -2.271000E-01  -2.221000E-01
  -2.168000E-01  -2.111000E-01  -2.050000E-01  -1.985000E-01  -1.916000E-01
  -1.844000E-01  -1.769000E-01  -1.690000E-01  -1.609000E-01  -1.525000E-01
  -1.439000E-01  -1.349000E-01  -1.258000E-01  -1.163000E-01  -1.157000E-01
  -2.300000E-01  -2.306000E-01  -2.246000E-01  -2.194000E-01  -2.138000E-01
  -2.078000E-01  -2.014000E-01  -1.947000E-01  -1.877000E-01  -1.803000E-01
  -1.726000E-01  -1.647000E-01  -1.565000E-01  -1.481000E-01  -1.393000E-01
  -1.304000E-01  -1.214000E-01  -1.121000E-01  -1.027000E-01  -9.309000E-02
  -9.237000E-02  -2.170000E-01  -2.176000E-01  -2.107000E-01  -2.045000E-01
  -1.979000E-01  -1.909000E-01  -1.836000E-01  -1.760000E-01  -1.682000E-01
  -1.601000E-01  -1.518000E-01  -1.433000E-01  -1.345000E-01  -1.256000E-01
  -1.166000E-01  -1.075000E-01  -9.816000E-02  -8.877000E-02  -7.915000E-02
  -6.939000E-02  -6.864000E-02  -2.016000E-01  -2.019000E-01  -1.943000E-01
  -1.870000E-01  -1.795000E-01  -1.717000E-01  -1.637000E-01  -1.555000E-01
  -1.470000E-01  -1.384000E-01  -1.295000E-01  -1.206000E-01  -1.116000E-01
  -1.024000E-01  -9.324000E-02  -8.394000E-02  -7.449000E-02  -6.496000E-02
  -5.533000E-02  -4.557000E-02  -4.481000E-02  -1.838000E-01  -1.838000E-01
  -1.755000E-01  -1.675000E-01  -1.592000E-01  -1.508000E-01  -1.422000E-01
  -1.333000E-01  -1.244000E-01  -1.154000E-01  -1.063000E-01  -9.718000E-02
  -8.801000E-02  -7.870000E-02  -6.937000E-02  -6.002000E-02  -5.061000E-02
  -4.112000E-02  -3.155000E-02  -2.183000E-02  -2.110000E-02  -1.639000E-01
  -1.636000E-01  -1.548000E-01  -1.462000E-01  -1.373000E-01  -1.284000E-01
  -1.193000E-01  -1.102000E-01  -1.010000E-01  -9.177000E-02  -8.250000E-02
  -7.318000E-02  -6.388000E-02  -5.458000E-02  -4.530000E-02  -3.602000E-02
  -2.673000E-02  -1.734000E-02  -7.842000E-03   1.795000E-03   2.490000E-03
  -1.424000E-01  -1.419000E-01  -1.326000E-01  -1.235000E-01  -1.143000E-01
  -1.050000E-01  -9.566000E-02  -8.634000E-02  -7.692000E-02  -6.753000E-02
  -5.818000E-02  -4.886000E-02  -3.958000E-02  -3.036000E-02  -2.116000E-02
  -1.199000E-02  -2.851000E-03   6.329000E-03   1.563000E-02   2.511000E-02
   2.574000E-02  -1.194000E-01  -1.188000E-01  -1.093000E-01  -9.989000E-02
  -9.046000E-02  -8.093000E-02  -7.141000E-02  -6.192000E-02  -5.246000E-02
  -4.304000E-02  -3.370000E-02  -2.440000E-02  -1.515000E-02  -5.993000E-03
   3.066000E-03   1.204000E-02   2.091000E-02   2.979000E-02   3.882000E-02
   4.788000E-02   4.834000E-02  -9.573000E-02  -9.501000E-02  -8.536000E-02
  -7.567000E-02  -6.602000E-02  -5.640000E-02  -4.682000E-02  -3.729000E-02
  -2.784000E-02  -1.840000E-02  -9.047000E-03   1.975000E-04   9.380000E-03
   1.844000E-02   2.737000E-02   3.614000E-02   4.455000E-02   5.301000E-02
   6.190000E-02   6.977000E-02   6.988000E-02  -7.137000E-02  -7.061000E-02
  -6.080000E-02  -5.105000E-02  -4.133000E-02  -3.169000E-02  -2.208000E-02
  -1.251000E-02  -3.035000E-03   6.366000E-03   1.569000E-02   2.490000E-02
   3.400000E-02   4.298000E-02   5.186000E-02   6.069000E-02   6.819000E-02
   7.601000E-02   8.721000E-02   8.971000E-02   8.940000E-02  -4.663000E-02
  -4.586000E-02  -3.602000E-02  -2.626000E-02  -1.649000E-02  -6.806000E-03
   2.801000E-03   1.236000E-02   2.184000E-02   3.121000E-02   4.051000E-02
   4.969000E-02   5.873000E-02   6.765000E-02   7.665000E-02   8.796000E-02
   9.013000E-02   9.186000E-02   9.373000E-02   9.567000E-02   9.493000E-02
  -3.839000E-02  -3.511000E-02  -2.528000E-02  -1.546000E-02  -5.697000E-03
   3.979000E-03   1.360000E-02   2.316000E-02   3.262000E-02   4.200000E-02
   5.128000E-02   6.044000E-02   6.943000E-02   7.817000E-02   8.626000E-02
   9.133000E-02   9.300000E-02   9.465000E-02   9.633000E-02   9.828000E-02
   9.989000E-02  -2.496000E-01  -2.483000E-01  -2.481000E-01  -2.484000E-01
  -2.488000E-01  -2.493000E-01  -2.499000E-01  -2.506000E-01  -2.512000E-01
  -2.517000E-01  -2.519000E-01  -2.517000E-01  -2.512000E-01  -2.503000E-01
  -2.490000E-01  -2.473000E-01  -2.451000E-01  -2.425000E-01  -2.397000E-01
  -2.351000E-01  -2.351000E-01  -2.472000E-01  -2.459000E-01  -2.456000E-01
  -2.466000E-01  -2.477000E-01  -2.486000E-01  -2.494000E-01  -2.499000E-01
  -2.502000E-01  -2.501000E-01  -2.499000E-01  -2.492000E-01  -2.482000E-01
  -2.469000E-01  -2.454000E-01  -2.435000E-01  -2.411000E-01  -2.385000E-01
  -2.355000E-01  -2.311000E-01  -2.325000E-01  -2.475000E-01  -2.471000E-01
  -2.464000E-01  -2.476000E-01  -2.483000E-01  -2.485000E-01  -2.487000E-01
  -2.485000E-01  -2.479000E-01  -2.471000E-01  -2.459000E-01  -2.444000E-01
  -2.426000E-01  -2.405000E-01  -2.381000E-01  -2.352000E-01  -2.321000E-01
  -2.285000E-01  -2.246000E-01  -2.194000E-01  -2.203000E-01  -2.490000E-01
  -2.496000E-01  -2.485000E-01  -2.491000E-01  -2.490000E-01  -2.485000E-01
  -2.478000E-01  -2.467000E-01  -2.453000E-01  -2.436000E-01  -2.416000E-01
  -2.393000E-01  -2.367000E-01  -2.337000E-01  -2.304000E-01  -2.266000E-01
  -2.224000E-01  -2.178000E-01  -2.129000E-01  -2.069000E-01  -2.078000E-01
  -2.503000E-01  -2.504000E-01  -2.484000E-01  -2.481000E-01  -2.472000E-01
  -2.458000E-01  -2.443000E-01  -2.425000E-01  -2.403000E-01  -2.378000E-01
  -2.350000E-01  -2.318000E-01  -2.283000E-01  -2.245000E-01  -2.201000E-01
  -2.154000E-01  -2.102000E-01  -2.047000E-01  -1.987000E-01  -1.918000E-01
  -1.925000E-01  -2.496000E-01  -2.490000E-01  -2.462000E-01  -2.451000E-01
  -2.433000E-01  -2.413000E-01  -2.389000E-01  -2.362000E-01  -2.333000E-01
  -2.300000E-01  -2.263000E-01  -2.221000E-01  -2.177000E-01  -2.128000E-01
  -2.075000E-01  -2.017000E-01  -1.956000E-01  -1.890000E-01  -1.820000E-01
  -1.743000E-01  -1.747000E-01  -2.465000E-01  -2.456000E-01  -2.422000E-01
  -2.402000E-01  -2.376000E-01  -2.347000E-01  -2.315000E-01  -2.279000E-01
  -2.240000E-01  -2.197000E-01  -2.151000E-01  -2.100000E-01  -2.045000E-01
  -1.986000E-01  -1.924000E-01  -1.856000E-01  -1.785000E-01  -1.710000E-01
  -1.631000E-01  -1.547000E-01  -1.547000E-01  -2.408000E-01  -2.402000E-01
  -2.360000E-01  -2.331000E-01  -2.297000E-01  -2.259000E-01  -2.217000E-01
  -2.172000E-01  -2.123000E-01  -2.071000E-01  -2.014000E-01  -1.953000E-01
  -1.889000E-01  -1.820000E-01  -1.748000E-01  -1.672000E-01  -1.592000E-01
  -1.509000E-01  -1.424000E-01  -1.334000E-01  -1.331000E-01  -2.328000E-01
  -2.328000E-01  -2.278000E-01  -2.238000E-01  -2.194000E-01  -2.146000E-01
  -2.095000E-01  -2.040000E-01  -1.981000E-01  -1.919000E-01  -1.853000E-01
  -1.782000E-01  -1.708000E-01  -1.631000E-01  -1.551000E-01  -1.468000E-01
  -1.382000E-01  -1.294000E-01  -1.203000E-01  -1.110000E-01  -1.104000E-01
  -2.224000E-01  -2.229000E-01  -2.171000E-01  -2.120000E-01  -2.067000E-01
  -2.009000E-01  -1.948000E-01  -1.883000E-01  -1.814000E-01  -1.742000E-01
  -1.667000E-01  -1.589000E-01  -1.508000E-01  -1.424000E-01  -1.338000E-01
  -1.249000E-01  -1.159000E-01  -1.066000E-01  -9.717000E-02  -8.755000E-02
  -8.687000E-02  -2.098000E-01  -2.105000E-01  -2.038000E-01  -1.978000E-01
  -1.914000E-01  -1.846000E-01  -1.775000E-01  -1.701000E-01  -1.624000E-01
  -1.544000E-01  -1.462000E-01  -1.378000E-01  -1.291000E-01  -1.203000E-01
  -1.112000E-01  -1.020000E-01  -9.263000E-02  -8.313000E-02  -7.349000E-02
  -6.374000E-02  -6.298000E-02  -1.948000E-01  -1.955000E-01  -1.880000E-01
  -1.810000E-01  -1.736000E-01  -1.660000E-01  -1.581000E-01  -1.499000E-01
  -1.416000E-01  -1.330000E-01  -1.243000E-01  -1.154000E-01  -1.063000E-01
  -9.706000E-02  -8.776000E-02  -7.836000E-02  -6.886000E-02  -5.930000E-02
  -4.954000E-02  -3.968000E-02  -3.890000E-02  -1.776000E-01  -1.779000E-01
  -1.697000E-01  -1.618000E-01  -1.537000E-01  -1.454000E-01  -1.368000E-01
  -1.281000E-01  -1.193000E-01  -1.103000E-01  -1.011000E-01  -9.190000E-02
  -8.261000E-02  -7.325000E-02  -6.385000E-02  -5.439000E-02  -4.481000E-02
  -3.518000E-02  -2.546000E-02  -1.565000E-02  -1.488000E-02  -1.582000E-01
  -1.581000E-01  -1.494000E-01  -1.409000E-01  -1.321000E-01  -1.233000E-01
  -1.143000E-01  -1.051000E-01  -9.586000E-02  -8.658000E-02  -7.724000E-02
  -6.789000E-02  -5.854000E-02  -4.908000E-02  -3.963000E-02  -3.018000E-02
  -2.071000E-02  -1.117000E-02  -1.567000E-03   8.158000E-03   8.892000E-03
  -1.370000E-01  -1.367000E-01  -1.275000E-01  -1.185000E-01  -1.093000E-01
  -9.996000E-02  -9.061000E-02  -8.122000E-02  -7.179000E-02  -6.239000E-02
  -5.295000E-02  -4.350000E-02  -3.409000E-02  -2.471000E-02  -1.537000E-02
  -6.049000E-03   3.259000E-03   1.265000E-02   2.215000E-02   3.179000E-02
   3.249000E-02  -1.145000E-01  -1.139000E-01  -1.044000E-01  -9.493000E-02
  -8.543000E-02  -7.590000E-02  -6.638000E-02  -5.688000E-02  -4.731000E-02
  -3.780000E-02  -2.835000E-02  -1.895000E-02  -9.623000E-03  -3.795000E-04
   8.831000E-03   1.800000E-02   2.714000E-02   3.632000E-02   4.563000E-02
   5.510000E-02   5.573000E-02  -9.076000E-02  -9.009000E-02  -8.038000E-02
  -7.071000E-02  -6.108000E-02  -5.139000E-02  -4.173000E-02  -3.213000E-02
  -2.258000E-02  -1.311000E-02  -3.721000E-03   5.584000E-03   1.484000E-02
   2.400000E-02   3.306000E-02   4.204000E-02   5.090000E-02   5.979000E-02
   6.881000E-02   7.788000E-02   7.834000E-02  -6.647000E-02  -6.570000E-02
  -5.590000E-02  -4.606000E-02  -3.628000E-02  -2.656000E-02  -1.691000E-02
  -7.335000E-03   2.143000E-03   1.159000E-02   2.094000E-02   3.019000E-02
   3.938000E-02   4.844000E-02   5.737000E-02   6.613000E-02   7.455000E-02
   8.300000E-02   9.187000E-02   9.976000E-02   9.989000E-02  -4.171000E-02
  -4.091000E-02  -3.101000E-02  -2.117000E-02  -1.139000E-02  -1.712000E-03
   7.907000E-03   1.748000E-02   2.696000E-02   3.636000E-02   4.569000E-02
   5.490000E-02   6.400000E-02   7.298000E-02   8.186000E-02   9.066000E-02
   9.814000E-02   1.059000E-01   1.165000E-01   1.196000E-01   1.193000E-01
  -1.675000E-02  -1.596000E-02  -6.076000E-03   3.722000E-03   1.349000E-02
   2.318000E-02   3.279000E-02   4.236000E-02   5.183000E-02   6.121000E-02
   7.051000E-02   7.969000E-02   8.873000E-02   9.764000E-02   1.066000E-01
   1.175000E-01   1.201000E-01   1.222000E-01   1.244000E-01   1.268000E-01
   1.260000E-01  -8.449000E-03  -5.154000E-03   4.705000E-03   1.453000E-02
   2.429000E-02   3.397000E-02   4.360000E-02   5.315000E-02   6.261000E-02
   7.199000E-02   8.128000E-02   9.044000E-02   9.943000E-02   1.082000E-01
   1.163000E-01   1.216000E-01   1.237000E-01   1.256000E-01   1.275000E-01
   1.298000E-01   1.317000E-01  -2.276000E-01  -2.261000E-01  -2.258000E-01
  -2.259000E-01  -2.264000E-01  -2.270000E-01  -2.279000E-01  -2.289000E-01
  -2.299000E-01  -2.307000E-01  -2.312000E-01  -2.310000E-01  -2.303000E-01
  -2.290000E-01  -2.269000E-01  -2.242000E-01  -2.206000E-01  -2.165000E-01
  -2.118000E-01  -2.056000E-01  -2.050000E-01  -2.248000E-01  -2.238000E-01
  -2.234000E-01  -2.250000E-01  -2.266000E-01  -2.283000E-01  -2.298000E-01
  -2.310000E-01  -2.318000E-01  -2.319000E-01  -2.315000E-01  -2.305000E-01
  -2.287000E-01  -2.264000E-01  -2.235000E-01  -2.200000E-01  -2.159000E-01
  -2.113000E-01  -2.061000E-01  -1.998000E-01  -2.007000E-01  -2.248000E-01
  -2.255000E-01  -2.251000E-01  -2.269000E-01  -2.282000E-01  -2.292000E-01
  -2.297000E-01  -2.297000E-01  -2.290000E-01  -2.278000E-01  -2.258000E-01
  -2.233000E-01  -2.202000E-01  -2.165000E-01  -2.122000E-01  -2.074000E-01
  -2.021000E-01  -1.964000E-01  -1.901000E-01  -1.828000E-01  -1.832000E-01
  -2.269000E-01  -2.298000E-01  -2.288000E-01  -2.299000E-01  -2.301000E-01
  -2.296000E-01  -2.286000E-01  -2.269000E-01  -2.246000E-01  -2.217000E-01
  -2.183000E-01  -2.143000E-01  -2.098000E-01  -2.048000E-01  -1.992000E-01
  -1.932000E-01  -1.867000E-01  -1.797000E-01  -1.725000E-01  -1.646000E-01
  -1.649000E-01  -2.291000E-01  -2.319000E-01  -2.297000E-01  -2.292000E-01
  -2.278000E-01  -2.257000E-01  -2.231000E-01  -2.199000E-01  -2.161000E-01
  -2.118000E-01  -2.071000E-01  -2.018000E-01  -1.961000E-01  -1.899000E-01
  -1.832000E-01  -1.761000E-01  -1.687000E-01  -1.610000E-01  -1.529000E-01
  -1.444000E-01  -1.444000E-01  -2.285000E-01  -2.302000E-01  -2.266000E-01
  -2.244000E-01  -2.214000E-01  -2.180000E-01  -2.139000E-01  -2.093000E-01
  -2.043000E-01  -1.988000E-01  -1.928000E-01  -1.864000E-01  -1.795000E-01
  -1.723000E-01  -1.649000E-01  -1.570000E-01  -1.489000E-01  -1.405000E-01
  -1.318000E-01  -1.228000E-01  -1.225000E-01  -2.239000E-01  -2.244000E-01
  -2.197000E-01  -2.159000E-01  -2.116000E-01  -2.067000E-01  -2.014000E-01
  -1.956000E-01  -1.894000E-01  -1.827000E-01  -1.758000E-01  -1.684000E-01
  -1.608000E-01  -1.529000E-01  -1.447000E-01  -1.362000E-01  -1.275000E-01
  -1.185000E-01  -1.094000E-01  -9.996000E-02  -9.944000E-02  -2.149000E-01
  -2.150000E-01  -2.091000E-01  -2.040000E-01  -1.984000E-01  -1.924000E-01
  -1.859000E-01  -1.791000E-01  -1.719000E-01  -1.644000E-01  -1.566000E-01
  -1.486000E-01  -1.403000E-01  -1.318000E-01  -1.230000E-01  -1.140000E-01
  -1.049000E-01  -9.554000E-02  -8.606000E-02  -7.640000E-02  -7.568000E-02
  -2.021000E-01  -2.022000E-01  -1.954000E-01  -1.892000E-01  -1.823000E-01
  -1.753000E-01  -1.679000E-01  -1.603000E-01  -1.524000E-01  -1.442000E-01
  -1.358000E-01  -1.272000E-01  -1.184000E-01  -1.094000E-01  -1.002000E-01
  -9.091000E-02  -8.147000E-02  -7.188000E-02  -6.221000E-02  -5.240000E-02
  -5.162000E-02  -1.863000E-01  -1.866000E-01  -1.789000E-01  -1.715000E-01
  -1.640000E-01  -1.561000E-01  -1.480000E-01  -1.397000E-01  -1.312000E-01
  -1.225000E-01  -1.136000E-01  -1.045000E-01  -9.535000E-02  -8.606000E-02
  -7.665000E-02  -6.714000E-02  -5.759000E-02  -4.781000E-02  -3.796000E-02
  -2.806000E-02  -2.726000E-02  -1.681000E-01  -1.684000E-01  -1.600000E-01
  -1.520000E-01  -1.437000E-01  -1.352000E-01  -1.265000E-01  -1.177000E-01
  -1.087000E-01  -9.957000E-02  -9.035000E-02  -8.104000E-02  -7.162000E-02
  -6.218000E-02  -5.263000E-02  -4.296000E-02  -3.326000E-02  -2.351000E-02
  -1.369000E-02  -3.825000E-03  -3.037000E-03  -1.482000E-01  -1.482000E-01
  -1.394000E-01  -1.307000E-01  -1.219000E-01  -1.129000E-01  -1.038000E-01
  -9.455000E-02  -8.525000E-02  -7.587000E-02  -6.645000E-02  -5.703000E-02
  -4.744000E-02  -3.785000E-02  -2.825000E-02  -1.864000E-02  -8.995000E-03
   6.598000E-04   1.043000E-02   2.029000E-02   2.107000E-02  -1.268000E-01
  -1.265000E-01  -1.173000E-01  -1.081000E-01  -9.886000E-02  -8.952000E-02
  -8.012000E-02  -7.065000E-02  -6.121000E-02  -5.166000E-02  -4.208000E-02
  -3.253000E-02  -2.298000E-02  -1.345000E-02  -3.934000E-03   5.576000E-03
   1.516000E-02   2.480000E-02   3.451000E-02   4.432000E-02   4.509000E-02
  -1.041000E-01  -1.036000E-01  -9.405000E-02  -8.457000E-02  -7.502000E-02
  -6.547000E-02  -5.594000E-02  -4.627000E-02  -3.664000E-02  -2.706000E-02
  -1.751000E-02  -8.015000E-03   1.420000E-03   1.088000E-02   2.034000E-02
   2.979000E-02   3.927000E-02   4.881000E-02   5.842000E-02   6.815000E-02
   6.888000E-02  -8.048000E-02  -7.978000E-02  -7.005000E-02  -6.043000E-02
  -5.067000E-02  -4.092000E-02  -3.123000E-02  -2.158000E-02  -1.198000E-02
  -2.461000E-03   7.011000E-03   1.647000E-02   2.588000E-02   3.526000E-02
   4.461000E-02   5.393000E-02   6.325000E-02   7.264000E-02   8.214000E-02
   9.178000E-02   9.248000E-02  -5.627000E-02  -5.547000E-02  -4.555000E-02
  -3.570000E-02  -2.591000E-02  -1.617000E-02  -6.500000E-03   3.079000E-03
   1.265000E-02   2.217000E-02   3.162000E-02   4.102000E-02   5.035000E-02
   5.961000E-02   6.882000E-02   7.799000E-02   8.713000E-02   9.632000E-02
   1.056000E-01   1.151000E-01   1.157000E-01  -3.144000E-02  -3.065000E-02
  -2.074000E-02  -1.089000E-02  -1.141000E-03   8.566000E-03   1.824000E-02
   2.784000E-02   3.739000E-02   4.687000E-02   5.626000E-02   6.557000E-02
   7.483000E-02   8.399000E-02   9.305000E-02   1.020000E-01   1.109000E-01
   1.198000E-01   1.288000E-01   1.379000E-01   1.383000E-01  -6.597000E-03
  -5.801000E-03   4.057000E-03   1.390000E-02   2.369000E-02   3.341000E-02
   4.306000E-02   5.264000E-02   6.213000E-02   7.157000E-02   8.093000E-02
   9.018000E-02   9.936000E-02   1.084000E-01   1.174000E-01   1.261000E-01
   1.345000E-01   1.430000E-01   1.518000E-01   1.598000E-01   1.599000E-01
   1.825000E-02   1.906000E-02   2.896000E-02   3.880000E-02   4.858000E-02
   5.827000E-02   6.789000E-02   7.746000E-02   8.694000E-02   9.635000E-02
   1.057000E-01   1.149000E-01   1.240000E-01   1.330000E-01   1.418000E-01
   1.506000E-01   1.580000E-01   1.657000E-01   1.754000E-01   1.795000E-01
   1.791000E-01   4.320000E-02   4.401000E-02   5.390000E-02   6.371000E-02
   7.348000E-02   8.317000E-02   9.278000E-02   1.023000E-01   1.118000E-01
   1.212000E-01   1.305000E-01   1.397000E-01   1.487000E-01   1.576000E-01
   1.666000E-01   1.766000E-01   1.800000E-01   1.828000E-01   1.857000E-01
   1.889000E-01   1.880000E-01   5.152000E-02   5.482000E-02   6.469000E-02
   7.451000E-02   8.428000E-02   9.396000E-02   1.036000E-01   1.131000E-01
   1.226000E-01   1.320000E-01   1.413000E-01   1.504000E-01   1.594000E-01
   1.682000E-01   1.763000E-01   1.822000E-01   1.849000E-01   1.873000E-01
   1.898000E-01   1.927000E-01   1.951000E-01  -2.122000E-01  -2.102000E-01
  -2.094000E-01  -2.092000E-01  -2.095000E-01  -2.102000E-01  -2.114000E-01
  -2.128000E-01  -2.142000E-01  -2.154000E-01  -2.159000E-01  -2.154000E-01
  -2.140000E-01  -2.115000E-01  -2.077000E-01  -2.028000E-01  -1.968000E-01
  -1.899000E-01  -1.821000E-01  -1.736000E-01  -1.712000E-01  -2.084000E-01
  -2.069000E-01  -2.061000E-01  -2.081000E-01  -2.105000E-01  -2.132000E-01
  -2.157000E-01  -2.178000E-01  -2.193000E-01  -2.196000E-01  -2.188000E-01
  -2.168000E-01  -2.136000E-01  -2.091000E-01  -2.036000E-01  -1.971000E-01
  -1.898000E-01  -1.818000E-01  -1.732000E-01  -1.640000E-01  -1.635000E-01
  -2.075000E-01  -2.087000E-01  -2.083000E-01  -2.108000E-01  -2.133000E-01
  -2.152000E-01  -2.164000E-01  -2.166000E-01  -2.156000E-01  -2.133000E-01
  -2.098000E-01  -2.051000E-01  -1.995000E-01  -1.928000E-01  -1.854000E-01
  -1.772000E-01  -1.685000E-01  -1.594000E-01  -1.500000E-01  -1.401000E-01
  -1.393000E-01  -2.100000E-01  -2.150000E-01  -2.144000E-01  -2.159000E-01
  -2.166000E-01  -2.161000E-01  -2.144000E-01  -2.115000E-01  -2.074000E-01
  -2.022000E-01  -1.960000E-01  -1.890000E-01  -1.812000E-01  -1.728000E-01
  -1.638000E-01  -1.546000E-01  -1.451000E-01  -1.352000E-01  -1.253000E-01
  -1.154000E-01  -1.146000E-01  -2.129000E-01  -2.189000E-01  -2.165000E-01
  -2.154000E-01  -2.130000E-01  -2.094000E-01  -2.047000E-01  -1.990000E-01
  -1.923000E-01  -1.849000E-01  -1.768000E-01  -1.681000E-01  -1.591000E-01
  -1.498000E-01  -1.401000E-01  -1.302000E-01  -1.204000E-01  -1.105000E-01
  -1.006000E-01  -9.062000E-02  -8.982000E-02  -2.115000E-01  -2.161000E-01
  -2.114000E-01  -2.071000E-01  -2.018000E-01  -1.956000E-01  -1.885000E-01
  -1.807000E-01  -1.723000E-01  -1.634000E-01  -1.542000E-01  -1.447000E-01
  -1.350000E-01  -1.252000E-01  -1.154000E-01  -1.056000E-01  -9.569000E-02
  -8.580000E-02  -7.587000E-02  -6.591000E-02  -6.510000E-02  -2.034000E-01
  -2.056000E-01  -1.988000E-01  -1.920000E-01  -1.845000E-01  -1.763000E-01
  -1.676000E-01  -1.586000E-01  -1.493000E-01  -1.396000E-01  -1.298000E-01
  -1.201000E-01  -1.103000E-01  -1.005000E-01  -9.071000E-02  -8.088000E-02
  -7.103000E-02  -6.114000E-02  -5.121000E-02  -4.125000E-02  -4.044000E-02
  -1.884000E-01  -1.888000E-01  -1.804000E-01  -1.719000E-01  -1.629000E-01
  -1.537000E-01  -1.442000E-01  -1.344000E-01  -1.247000E-01  -1.149000E-01
  -1.052000E-01  -9.540000E-02  -8.563000E-02  -7.585000E-02  -6.606000E-02
  -5.625000E-02  -4.641000E-02  -3.655000E-02  -2.667000E-02  -1.675000E-02
  -1.593000E-02  -1.682000E-01  -1.677000E-01  -1.583000E-01  -1.490000E-01
  -1.391000E-01  -1.293000E-01  -1.195000E-01  -1.097000E-01  -9.997000E-02
  -9.021000E-02  -8.046000E-02  -7.071000E-02  -6.097000E-02  -5.122000E-02
  -4.146000E-02  -3.170000E-02  -2.193000E-02  -1.211000E-02  -2.302000E-03
   7.552000E-03   8.346000E-03  -1.449000E-01  -1.441000E-01  -1.342000E-01
  -1.243000E-01  -1.144000E-01  -1.046000E-01  -9.480000E-02  -8.501000E-02
  -7.525000E-02  -6.550000E-02  -5.577000E-02  -4.606000E-02  -3.635000E-02
  -2.667000E-02  -1.698000E-02  -7.294000E-03   2.359000E-03   1.215000E-02
   2.200000E-02   3.191000E-02   3.271000E-02  -1.202000E-01  -1.194000E-01
  -1.095000E-01  -9.956000E-02  -8.968000E-02  -7.985000E-02  -7.004000E-02
  -6.026000E-02  -5.052000E-02  -4.081000E-02  -3.114000E-02  -2.149000E-02
  -1.185000E-02  -2.271000E-03   7.324000E-03   1.700000E-02   2.670000E-02
   3.646000E-02   4.628000E-02   5.615000E-02   5.694000E-02  -9.543000E-02
  -9.463000E-02  -8.468000E-02  -7.477000E-02  -6.489000E-02  -5.506000E-02
  -4.527000E-02  -3.553000E-02  -2.585000E-02  -1.619000E-02  -6.598000E-03
   2.918000E-03   1.252000E-02   2.211000E-02   3.171000E-02   4.133000E-02
   5.098000E-02   6.065000E-02   7.042000E-02   8.028000E-02   8.106000E-02
  -7.060000E-02  -6.981000E-02  -5.986000E-02  -4.995000E-02  -4.009000E-02
  -3.030000E-02  -2.056000E-02  -1.087000E-02  -1.289000E-03   8.289000E-03
   1.788000E-02   2.744000E-02   3.699000E-02   4.652000E-02   5.604000E-02
   6.556000E-02   7.514000E-02   8.478000E-02   9.449000E-02   1.043000E-01
   1.051000E-01  -4.575000E-02  -4.497000E-02  -3.503000E-02  -2.516000E-02
  -1.534000E-02  -5.613000E-03   4.013000E-03   1.369000E-02   2.332000E-02
   3.291000E-02   4.246000E-02   5.196000E-02   6.141000E-02   7.087000E-02
   8.032000E-02   8.977000E-02   9.925000E-02   1.088000E-01   1.184000E-01
   1.281000E-01   1.289000E-01  -2.099000E-02  -2.017000E-02  -1.027000E-02
  -4.982000E-04   9.279000E-03   1.903000E-02   2.873000E-02   3.839000E-02
   4.799000E-02   5.752000E-02   6.700000E-02   7.646000E-02   8.587000E-02
   9.525000E-02   1.046000E-01   1.139000E-01   1.232000E-01   1.326000E-01
   1.421000E-01   1.518000E-01   1.525000E-01   3.672000E-03   4.482000E-03
   1.440000E-02   2.426000E-02   3.406000E-02   4.380000E-02   5.347000E-02
   6.307000E-02   7.264000E-02   8.215000E-02   9.161000E-02   1.010000E-01
   1.103000E-01   1.196000E-01   1.288000E-01   1.380000E-01   1.471000E-01
   1.563000E-01   1.656000E-01   1.751000E-01   1.757000E-01   2.851000E-02
   2.932000E-02   3.923000E-02   4.908000E-02   5.884000E-02   6.855000E-02
   7.822000E-02   8.782000E-02   9.737000E-02   1.068000E-01   1.162000E-01
   1.256000E-01   1.348000E-01   1.440000E-01   1.530000E-01   1.620000E-01
   1.709000E-01   1.798000E-01   1.888000E-01   1.979000E-01   1.984000E-01
   5.337000E-02   5.417000E-02   6.404000E-02   7.389000E-02   8.367000E-02
   9.339000E-02   1.030000E-01   1.126000E-01   1.221000E-01   1.316000E-01
   1.409000E-01   1.502000E-01   1.594000E-01   1.684000E-01   1.774000E-01
   1.861000E-01   1.945000E-01   2.030000E-01   2.117000E-01   2.198000E-01
   2.199000E-01   7.823000E-02   7.904000E-02   8.894000E-02   9.878000E-02
   1.086000E-01   1.183000E-01   1.279000E-01   1.374000E-01   1.469000E-01
   1.563000E-01   1.657000E-01   1.749000E-01   1.840000E-01   1.930000E-01
   2.018000E-01   2.105000E-01   2.180000E-01   2.255000E-01   2.346000E-01
   2.395000E-01   2.391000E-01   1.032000E-01   1.040000E-01   1.139000E-01
   1.237000E-01   1.335000E-01   1.432000E-01   1.528000E-01   1.623000E-01
   1.718000E-01   1.812000E-01   1.905000E-01   1.997000E-01   2.087000E-01
   2.176000E-01   2.265000E-01   2.360000E-01   2.401000E-01   2.434000E-01
   2.470000E-01   2.507000E-01   2.499000E-01   1.115000E-01   1.148000E-01
   1.247000E-01   1.345000E-01   1.443000E-01   1.539000E-01   1.636000E-01
   1.731000E-01   1.826000E-01   1.920000E-01   2.013000E-01   2.104000E-01
   2.194000E-01   2.282000E-01   2.363000E-01   2.426000E-01   2.459000E-01
   2.488000E-01   2.518000E-01   2.553000E-01   2.582000E-01  -1.911000E-01
  -1.906000E-01  -1.848000E-01  -1.782000E-01  -1.706000E-01  -1.623000E-01
  -1.535000E-01  -1.441000E-01  -1.343000E-01  -1.245000E-01  -1.147000E-01
  -1.048000E-01  -9.497000E-02  -8.509000E-02  -7.519000E-02  -6.528000E-02
  -5.535000E-02  -4.540000E-02  -3.544000E-02  -2.546000E-02  -2.221000E-02
  -1.844000E-01  -1.858000E-01  -1.781000E-01  -1.701000E-01  -1.614000E-01
  -1.525000E-01  -1.431000E-01  -1.333000E-01  -1.236000E-01  -1.137000E-01
  -1.039000E-01  -9.404000E-02  -8.418000E-02  -7.430000E-02  -6.441000E-02
  -5.451000E-02  -4.459000E-02  -3.468000E-02  -2.477000E-02  -1.481000E-02
  -1.401000E-02  -1.661000E-01  -1.658000E-01  -1.567000E-01  -1.475000E-01
  -1.378000E-01  -1.280000E-01  -1.182000E-01  -1.084000E-01  -9.859000E-02
  -8.876000E-02  -7.892000E-02  -6.907000E-02  -5.921000E-02  -4.934000E-02
  -3.946000E-02  -2.960000E-02  -1.975000E-02  -9.897000E-03  -1.257000E-04
   9.791000E-03   1.060000E-02  -1.434000E-01  -1.426000E-01  -1.327000E-01
  -1.229000E-01  -1.130000E-01  -1.032000E-01  -9.332000E-02  -8.349000E-02
  -7.365000E-02  -6.381000E-02  -5.397000E-02  -4.413000E-02  -3.432000E-02
  -2.452000E-02  -1.469000E-02  -4.910000E-03   4.823000E-03   1.469000E-02
   2.460000E-02   3.455000E-02   3.537000E-02  -1.187000E-01  -1.179000E-01
  -1.080000E-01  -9.805000E-02  -8.816000E-02  -7.828000E-02  -6.842000E-02
  -5.858000E-02  -4.874000E-02  -3.892000E-02  -2.913000E-02  -1.936000E-02
  -9.609000E-03   3.208000E-05   9.836000E-03   1.967000E-02   2.952000E-02
   3.941000E-02   4.933000E-02   5.928000E-02   6.011000E-02  -9.388000E-02
  -9.310000E-02  -8.314000E-02  -7.320000E-02  -6.329000E-02  -5.340000E-02
  -4.355000E-02  -3.374000E-02  -2.397000E-02  -1.419000E-02  -4.487000E-03
   5.161000E-03   1.493000E-02   2.471000E-02   3.452000E-02   4.436000E-02
   5.422000E-02   6.410000E-02   7.403000E-02   8.398000E-02   8.481000E-02
  -6.902000E-02  -6.825000E-02  -5.828000E-02  -4.835000E-02  -3.844000E-02
  -2.860000E-02  -1.881000E-02  -9.064000E-03   5.528000E-04   1.031000E-02
   2.007000E-02   2.983000E-02   3.961000E-02   4.939000E-02   5.919000E-02
   6.902000E-02   7.887000E-02   8.875000E-02   9.866000E-02   1.086000E-01
   1.094000E-01  -4.417000E-02  -4.342000E-02  -3.348000E-02  -2.360000E-02
  -1.374000E-02  -3.985000E-03   5.698000E-03   1.547000E-02   2.523000E-02
   3.500000E-02   4.476000E-02   5.451000E-02   6.427000E-02   7.405000E-02
   8.383000E-02   9.363000E-02   1.035000E-01   1.133000E-01   1.232000E-01
   1.331000E-01   1.340000E-01  -1.951000E-02  -1.871000E-02  -8.817000E-03
   9.146000E-04   1.076000E-02   2.059000E-02   3.038000E-02   4.017000E-02
   4.994000E-02   5.969000E-02   6.944000E-02   7.918000E-02   8.892000E-02
   9.866000E-02   1.084000E-01   1.182000E-01   1.280000E-01   1.378000E-01
   1.476000E-01   1.575000E-01   1.583000E-01   4.965000E-03   5.780000E-03
   1.572000E-02   2.561000E-02   3.547000E-02   4.531000E-02   5.511000E-02
   6.489000E-02   7.465000E-02   8.439000E-02   9.411000E-02   1.038000E-01
   1.135000E-01   1.232000E-01   1.329000E-01   1.426000E-01   1.523000E-01
   1.621000E-01   1.720000E-01   1.819000E-01   1.827000E-01   2.969000E-02
   3.051000E-02   4.045000E-02   5.035000E-02   6.022000E-02   7.005000E-02
   7.985000E-02   8.962000E-02   9.935000E-02   1.091000E-01   1.187000E-01
   1.284000E-01   1.380000E-01   1.477000E-01   1.573000E-01   1.670000E-01
   1.767000E-01   1.864000E-01   1.962000E-01   2.061000E-01   2.069000E-01
   5.446000E-02   5.528000E-02   6.523000E-02   7.513000E-02   8.499000E-02
   9.482000E-02   1.046000E-01   1.143000E-01   1.240000E-01   1.337000E-01
   1.433000E-01   1.529000E-01   1.625000E-01   1.721000E-01   1.817000E-01
   1.913000E-01   2.009000E-01   2.106000E-01   2.204000E-01   2.302000E-01
   2.310000E-01   7.926000E-02   8.008000E-02   9.003000E-02   9.993000E-02
   1.098000E-01   1.196000E-01   1.293000E-01   1.390000E-01   1.486000E-01
   1.582000E-01   1.678000E-01   1.774000E-01   1.869000E-01   1.965000E-01
   2.060000E-01   2.155000E-01   2.251000E-01   2.347000E-01   2.445000E-01
   2.543000E-01   2.550000E-01   1.041000E-01   1.049000E-01   1.148000E-01
   1.247000E-01   1.345000E-01   1.443000E-01   1.540000E-01   1.636000E-01
   1.733000E-01   1.829000E-01   1.924000E-01   2.019000E-01   2.114000E-01
   2.208000E-01   2.303000E-01   2.397000E-01   2.492000E-01   2.588000E-01
   2.684000E-01   2.781000E-01   2.789000E-01   1.289000E-01   1.297000E-01
   1.396000E-01   1.494000E-01   1.592000E-01   1.690000E-01   1.787000E-01
   1.883000E-01   1.979000E-01   2.075000E-01   2.170000E-01   2.264000E-01
   2.358000E-01   2.452000E-01   2.546000E-01   2.639000E-01   2.732000E-01
   2.826000E-01   2.921000E-01   3.018000E-01   3.025000E-01   1.536000E-01
   1.544000E-01   1.644000E-01   1.742000E-01   1.840000E-01   1.937000E-01
   2.034000E-01   2.130000E-01   2.226000E-01   2.321000E-01   2.416000E-01
   2.510000E-01   2.603000E-01   2.696000E-01   2.788000E-01   2.880000E-01
   2.971000E-01   3.063000E-01   3.156000E-01   3.251000E-01   3.257000E-01
   1.785000E-01   1.793000E-01   1.892000E-01   1.990000E-01   2.088000E-01
   2.185000E-01   2.282000E-01   2.378000E-01   2.473000E-01   2.568000E-01
   2.662000E-01   2.755000E-01   2.848000E-01   2.940000E-01   3.030000E-01
   3.120000E-01   3.209000E-01   3.298000E-01   3.388000E-01   3.479000E-01
   3.484000E-01   2.033000E-01   2.041000E-01   2.140000E-01   2.238000E-01
   2.336000E-01   2.433000E-01   2.530000E-01   2.626000E-01   2.721000E-01
   2.815000E-01   2.909000E-01   3.002000E-01   3.093000E-01   3.184000E-01
   3.273000E-01   3.361000E-01   3.445000E-01   3.529000E-01   3.616000E-01
   3.699000E-01   3.701000E-01   2.282000E-01   2.290000E-01   2.389000E-01
   2.487000E-01   2.585000E-01   2.682000E-01   2.778000E-01   2.874000E-01
   2.969000E-01   3.063000E-01   3.156000E-01   3.249000E-01   3.340000E-01
   3.429000E-01   3.518000E-01   3.603000E-01   3.679000E-01   3.754000E-01
   3.836000E-01   3.899000E-01   3.896000E-01   2.531000E-01   2.539000E-01
   2.638000E-01   2.737000E-01   2.834000E-01   2.931000E-01   3.027000E-01
   3.123000E-01   3.218000E-01   3.312000E-01   3.405000E-01   3.497000E-01
   3.587000E-01   3.676000E-01   3.764000E-01   3.850000E-01   3.903000E-01
   3.949000E-01   3.996000E-01   4.047000E-01   4.039000E-01   2.614000E-01
   2.648000E-01   2.746000E-01   2.845000E-01   2.942000E-01   3.039000E-01
   3.135000E-01   3.231000E-01   3.326000E-01   3.420000E-01   3.512000E-01
   3.604000E-01   3.694000E-01   3.782000E-01   3.864000E-01   3.933000E-01
   3.979000E-01   4.019000E-01   4.061000E-01   4.108000E-01   4.146000E-01
  -5.912000E-02  -5.258000E-02  -4.262000E-02  -3.273000E-02  -2.298000E-02
  -1.340000E-02  -3.863000E-03   5.729000E-03   1.551000E-02   2.533000E-02
   3.516000E-02   4.501000E-02   5.486000E-02   6.473000E-02   7.461000E-02
   8.451000E-02   9.442000E-02   1.043000E-01   1.143000E-01   1.243000E-01
   1.276000E-01  -4.260000E-02  -4.189000E-02  -3.200000E-02  -2.218000E-02
  -1.240000E-02  -2.796000E-03   6.788000E-03   1.653000E-02   2.633000E-02
   3.615000E-02   4.599000E-02   5.583000E-02   6.569000E-02   7.555000E-02
   8.543000E-02   9.532000E-02   1.052000E-01   1.151000E-01   1.251000E-01
   1.350000E-01   1.358000E-01  -1.798000E-02  -1.717000E-02  -7.358000E-03
   2.265000E-03   1.208000E-02   2.188000E-02   3.166000E-02   4.147000E-02
   5.128000E-02   6.111000E-02   7.095000E-02   8.079000E-02   9.063000E-02
   1.005000E-01   1.104000E-01   1.202000E-01   1.301000E-01   1.400000E-01
   1.498000E-01   1.597000E-01   1.606000E-01   6.388000E-03   7.205000E-03
   1.713000E-02   2.701000E-02   3.688000E-02   4.672000E-02   5.655000E-02
   6.638000E-02   7.621000E-02   8.603000E-02   9.586000E-02   1.057000E-01
   1.155000E-01   1.253000E-01   1.352000E-01   1.450000E-01   1.548000E-01
   1.647000E-01   1.746000E-01   1.845000E-01   1.853000E-01   3.114000E-02
   3.196000E-02   4.191000E-02   5.182000E-02   6.171000E-02   7.158000E-02
   8.143000E-02   9.126000E-02   1.011000E-01   1.109000E-01   1.207000E-01
   1.305000E-01   1.403000E-01   1.500000E-01   1.598000E-01   1.696000E-01
   1.795000E-01   1.894000E-01   1.993000E-01   2.092000E-01   2.101000E-01
   5.594000E-02   5.677000E-02   6.673000E-02   7.665000E-02   8.655000E-02
   9.643000E-02   1.063000E-01   1.161000E-01   1.259000E-01   1.357000E-01
   1.454000E-01   1.551000E-01   1.649000E-01   1.747000E-01   1.845000E-01
   1.943000E-01   2.042000E-01   2.141000E-01   2.240000E-01   2.339000E-01
   2.347000E-01   8.077000E-02   8.159000E-02   9.155000E-02   1.015000E-01
   1.114000E-01   1.212000E-01   1.310000E-01   1.408000E-01   1.505000E-01
   1.603000E-01   1.700000E-01   1.798000E-01   1.896000E-01   1.993000E-01
   2.091000E-01   2.190000E-01   2.288000E-01   2.387000E-01   2.486000E-01
   2.585000E-01   2.594000E-01   1.056000E-01   1.064000E-01   1.163000E-01
   1.262000E-01   1.361000E-01   1.459000E-01   1.557000E-01   1.654000E-01
   1.752000E-01   1.850000E-01   1.947000E-01   2.045000E-01   2.142000E-01
   2.240000E-01   2.338000E-01   2.436000E-01   2.534000E-01   2.633000E-01
   2.731000E-01   2.831000E-01   2.839000E-01   1.303000E-01   1.311000E-01
   1.411000E-01   1.509000E-01   1.607000E-01   1.705000E-01   1.803000E-01
   1.901000E-01   1.999000E-01   2.096000E-01   2.194000E-01   2.291000E-01
   2.389000E-01   2.486000E-01   2.583000E-01   2.681000E-01   2.779000E-01
   2.877000E-01   2.976000E-01   3.075000E-01   3.083000E-01   1.549000E-01
   1.557000E-01   1.657000E-01   1.756000E-01   1.854000E-01   1.953000E-01
   2.051000E-01   2.148000E-01   2.246000E-01   2.343000E-01   2.440000E-01
   2.538000E-01   2.634000E-01   2.731000E-01   2.828000E-01   2.926000E-01
   3.023000E-01   3.121000E-01   3.219000E-01   3.318000E-01   3.326000E-01
   1.796000E-01   1.805000E-01   1.904000E-01   2.003000E-01   2.102000E-01
   2.200000E-01   2.298000E-01   2.396000E-01   2.493000E-01   2.590000E-01
   2.687000E-01   2.783000E-01   2.880000E-01   2.976000E-01   3.072000E-01
   3.169000E-01   3.266000E-01   3.364000E-01   3.462000E-01   3.561000E-01
   3.569000E-01   2.044000E-01   2.052000E-01   2.152000E-01   2.251000E-01
   2.349000E-01   2.448000E-01   2.545000E-01   2.643000E-01   2.740000E-01
   2.836000E-01   2.932000E-01   3.028000E-01   3.124000E-01   3.220000E-01
   3.316000E-01   3.412000E-01   3.509000E-01   3.606000E-01   3.704000E-01
   3.802000E-01   3.810000E-01   2.292000E-01   2.300000E-01   2.400000E-01
   2.499000E-01   2.597000E-01   2.695000E-01   2.792000E-01   2.889000E-01
   2.986000E-01   3.082000E-01   3.178000E-01   3.274000E-01   3.369000E-01
   3.464000E-01   3.560000E-01   3.655000E-01   3.751000E-01   3.847000E-01
   3.944000E-01   4.042000E-01   4.050000E-01   2.540000E-01   2.548000E-01
   2.648000E-01   2.746000E-01   2.845000E-01   2.942000E-01   3.039000E-01
   3.136000E-01   3.232000E-01   3.328000E-01   3.424000E-01   3.519000E-01
   3.613000E-01   3.708000E-01   3.803000E-01   3.897000E-01   3.992000E-01
   4.087000E-01   4.184000E-01   4.281000E-01   4.288000E-01   2.788000E-01
   2.796000E-01   2.895000E-01   2.994000E-01   3.092000E-01   3.189000E-01
   3.286000E-01   3.383000E-01   3.479000E-01   3.574000E-01   3.669000E-01
   3.764000E-01   3.858000E-01   3.952000E-01   4.045000E-01   4.139000E-01
   4.232000E-01   4.326000E-01   4.421000E-01   4.518000E-01   4.525000E-01
   3.036000E-01   3.044000E-01   3.143000E-01   3.242000E-01   3.340000E-01
   3.437000E-01   3.534000E-01   3.630000E-01   3.726000E-01   3.821000E-01
   3.915000E-01   4.009000E-01   4.103000E-01   4.195000E-01   4.288000E-01
   4.379000E-01   4.471000E-01   4.563000E-01   4.656000E-01   4.751000E-01
   4.758000E-01   3.284000E-01   3.292000E-01   3.391000E-01   3.490000E-01
   3.588000E-01   3.685000E-01   3.781000E-01   3.877000E-01   3.973000E-01
   4.068000E-01   4.162000E-01   4.255000E-01   4.348000E-01   4.439000E-01
   4.530000E-01   4.620000E-01   4.709000E-01   4.798000E-01   4.888000E-01
   4.980000E-01   4.985000E-01   3.533000E-01   3.541000E-01   3.640000E-01
   3.738000E-01   3.836000E-01   3.933000E-01   4.030000E-01   4.125000E-01
   4.221000E-01   4.315000E-01   4.409000E-01   4.501000E-01   4.593000E-01
   4.684000E-01   4.773000E-01   4.861000E-01   4.945000E-01   5.030000E-01
   5.116000E-01   5.201000E-01   5.203000E-01   3.782000E-01   3.790000E-01
   3.889000E-01   3.987000E-01   4.085000E-01   4.182000E-01   4.278000E-01
   4.374000E-01   4.469000E-01   4.563000E-01   4.656000E-01   4.748000E-01
   4.839000E-01   4.929000E-01   5.017000E-01   5.102000E-01   5.179000E-01
   5.254000E-01   5.333000E-01   5.405000E-01   5.403000E-01   4.031000E-01
   4.039000E-01   4.138000E-01   4.236000E-01   4.334000E-01   4.431000E-01
   4.527000E-01   4.623000E-01   4.718000E-01   4.812000E-01   4.905000E-01
   4.996000E-01   5.087000E-01   5.176000E-01   5.263000E-01   5.345000E-01
   5.406000E-01   5.461000E-01   5.518000E-01   5.580000E-01   5.574000E-01
   4.114000E-01   4.147000E-01   4.246000E-01   4.344000E-01   4.442000E-01
   4.539000E-01   4.635000E-01   4.731000E-01   4.825000E-01   4.919000E-01
   5.012000E-01   5.104000E-01   5.194000E-01   5.282000E-01   5.365000E-01
   5.438000E-01   5.493000E-01   5.543000E-01   5.595000E-01   5.653000E-01
   5.697000E-01   2.401000E-01   2.467000E-01   2.567000E-01   2.666000E-01
   2.764000E-01   2.862000E-01   2.959000E-01   3.056000E-01   3.154000E-01
   3.252000E-01   3.351000E-01   3.449000E-01   3.547000E-01   3.646000E-01
   3.745000E-01   3.844000E-01   3.943000E-01   4.042000E-01   4.141000E-01
   4.241000E-01   4.274000E-01   2.567000E-01   2.575000E-01   2.675000E-01
   2.773000E-01   2.872000E-01   2.969000E-01   3.067000E-01   3.164000E-01
   3.262000E-01   3.360000E-01   3.459000E-01   3.557000E-01   3.656000E-01
   3.754000E-01   3.853000E-01   3.952000E-01   4.051000E-01   4.150000E-01
   4.249000E-01   4.348000E-01   4.357000E-01   2.815000E-01   2.824000E-01
   2.923000E-01   3.021000E-01   3.119000E-01   3.217000E-01   3.315000E-01
   3.413000E-01   3.512000E-01   3.610000E-01   3.708000E-01   3.806000E-01
   3.905000E-01   4.003000E-01   4.102000E-01   4.201000E-01   4.299000E-01
   4.398000E-01   4.497000E-01   4.596000E-01   4.605000E-01   3.063000E-01
   3.071000E-01   3.170000E-01   3.269000E-01   3.367000E-01   3.466000E-01
   3.564000E-01   3.662000E-01   3.761000E-01   3.859000E-01   3.957000E-01
   4.055000E-01   4.153000E-01   4.252000E-01   4.350000E-01   4.448000E-01
   4.547000E-01   4.646000E-01   4.745000E-01   4.844000E-01   4.852000E-01
   3.310000E-01   3.318000E-01   3.418000E-01   3.517000E-01   3.616000E-01
   3.714000E-01   3.813000E-01   3.911000E-01   4.009000E-01   4.107000E-01
   4.205000E-01   4.303000E-01   4.401000E-01   4.499000E-01   4.597000E-01
   4.695000E-01   4.794000E-01   4.893000E-01   4.992000E-01   5.091000E-01
   5.100000E-01   3.558000E-01   3.566000E-01   3.666000E-01   3.765000E-01
   3.864000E-01   3.963000E-01   4.061000E-01   4.159000E-01   4.257000E-01
   4.355000E-01   4.453000E-01   4.550000E-01   4.648000E-01   4.746000E-01
   4.844000E-01   4.942000E-01   5.041000E-01   5.140000E-01   5.239000E-01
   5.338000E-01   5.346000E-01   3.806000E-01   3.814000E-01   3.914000E-01
   4.013000E-01   4.112000E-01   4.210000E-01   4.309000E-01   4.407000E-01
   4.504000E-01   4.602000E-01   4.699000E-01   4.797000E-01   4.895000E-01
   4.993000E-01   5.091000E-01   5.189000E-01   5.287000E-01   5.386000E-01
   5.485000E-01   5.584000E-01   5.592000E-01   4.054000E-01   4.062000E-01
   4.162000E-01   4.261000E-01   4.359000E-01   4.458000E-01   4.556000E-01
   4.653000E-01   4.751000E-01   4.849000E-01   4.946000E-01   5.044000E-01
   5.141000E-01   5.239000E-01   5.337000E-01   5.435000E-01   5.533000E-01
   5.631000E-01   5.730000E-01   5.830000E-01   5.838000E-01   4.302000E-01
   4.310000E-01   4.409000E-01   4.508000E-01   4.606000E-01   4.705000E-01
   4.803000E-01   4.900000E-01   4.998000E-01   5.095000E-01   5.193000E-01
   5.290000E-01   5.388000E-01   5.485000E-01   5.582000E-01   5.680000E-01
   5.778000E-01   5.876000E-01   5.975000E-01   6.074000E-01   6.082000E-01
   4.548000E-01   4.556000E-01   4.656000E-01   4.755000E-01   4.853000E-01
   4.952000E-01   5.050000E-01   5.147000E-01   5.245000E-01   5.342000E-01
   5.439000E-01   5.536000E-01   5.633000E-01   5.730000E-01   5.827000E-01
   5.924000E-01   6.022000E-01   6.120000E-01   6.218000E-01   6.317000E-01
   6.325000E-01   4.796000E-01   4.804000E-01   4.903000E-01   5.002000E-01
   5.101000E-01   5.199000E-01   5.297000E-01   5.395000E-01   5.492000E-01
   5.589000E-01   5.686000E-01   5.782000E-01   5.879000E-01   5.975000E-01
   6.072000E-01   6.168000E-01   6.265000E-01   6.363000E-01   6.461000E-01
   6.560000E-01   6.568000E-01   5.043000E-01   5.051000E-01   5.151000E-01
   5.250000E-01   5.348000E-01   5.446000E-01   5.544000E-01   5.642000E-01
   5.738000E-01   5.835000E-01   5.931000E-01   6.027000E-01   6.123000E-01
   6.219000E-01   6.315000E-01   6.412000E-01   6.508000E-01   6.605000E-01
   6.703000E-01   6.802000E-01   6.809000E-01   5.291000E-01   5.299000E-01
   5.399000E-01   5.498000E-01   5.596000E-01   5.694000E-01   5.791000E-01
   5.888000E-01   5.985000E-01   6.081000E-01   6.177000E-01   6.273000E-01
   6.368000E-01   6.464000E-01   6.559000E-01   6.654000E-01   6.750000E-01
   6.847000E-01   6.944000E-01   7.042000E-01   7.050000E-01   5.539000E-01
   5.547000E-01   5.646000E-01   5.745000E-01   5.843000E-01   5.941000E-01
   6.038000E-01   6.135000E-01   6.231000E-01   6.327000E-01   6.423000E-01
   6.518000E-01   6.613000E-01   6.707000E-01   6.802000E-01   6.897000E-01
   6.991000E-01   7.087000E-01   7.183000E-01   7.281000E-01   7.288000E-01
   5.787000E-01   5.795000E-01   5.894000E-01   5.993000E-01   6.091000E-01
   6.188000E-01   6.286000E-01   6.382000E-01   6.478000E-01   6.574000E-01
   6.669000E-01   6.763000E-01   6.857000E-01   6.951000E-01   7.045000E-01
   7.138000E-01   7.232000E-01   7.326000E-01   7.421000E-01   7.518000E-01
   7.525000E-01   6.035000E-01   6.043000E-01   6.142000E-01   6.241000E-01
   6.339000E-01   6.436000E-01   6.533000E-01   6.629000E-01   6.725000E-01
   6.820000E-01   6.915000E-01   7.009000E-01   7.102000E-01   7.195000E-01
   7.287000E-01   7.379000E-01   7.471000E-01   7.563000E-01   7.657000E-01
   7.752000E-01   7.759000E-01   6.283000E-01   6.291000E-01   6.390000E-01
   6.489000E-01   6.587000E-01   6.684000E-01   6.781000E-01   6.877000E-01
   6.972000E-01   7.067000E-01   7.161000E-01   7.255000E-01   7.347000E-01
   7.439000E-01   7.530000E-01   7.620000E-01   7.709000E-01   7.799000E-01
   7.890000E-01   7.982000E-01   7.988000E-01   6.532000E-01   6.540000E-01
   6.639000E-01   6.737000E-01   6.835000E-01   6.932000E-01   7.029000E-01
   7.125000E-01   7.220000E-01   7.314000E-01   7.408000E-01   7.501000E-01
   7.593000E-01   7.684000E-01   7.773000E-01   7.861000E-01   7.946000E-01
   8.031000E-01   8.118000E-01   8.206000E-01   8.210000E-01   6.781000E-01
   6.789000E-01   6.888000E-01   6.986000E-01   7.084000E-01   7.181000E-01
   7.277000E-01   7.373000E-01   7.468000E-01   7.562000E-01   7.656000E-01
   7.748000E-01   7.839000E-01   7.929000E-01   8.017000E-01   8.102000E-01
   8.181000E-01   8.260000E-01   8.340000E-01   8.421000E-01   8.422000E-01
   7.030000E-01   7.038000E-01   7.137000E-01   7.236000E-01   7.333000E-01
   7.430000E-01   7.527000E-01   7.622000E-01   7.717000E-01   7.811000E-01
   7.904000E-01   7.996000E-01   8.087000E-01   8.176000E-01   8.262000E-01
   8.344000E-01   8.415000E-01   8.483000E-01   8.552000E-01   8.627000E-01
   8.625000E-01   7.113000E-01   7.146000E-01   7.245000E-01   7.344000E-01
   7.441000E-01   7.538000E-01   7.635000E-01   7.730000E-01   7.825000E-01
   7.919000E-01   8.012000E-01   8.104000E-01   8.194000E-01   8.282000E-01
   8.367000E-01   8.445000E-01   8.513000E-01   8.577000E-01   8.643000E-01
   8.715000E-01   8.767000E-01   5.398000E-01   5.465000E-01   5.564000E-01
   5.663000E-01   5.762000E-01   5.860000E-01   5.957000E-01   6.055000E-01
   6.153000E-01   6.251000E-01   6.350000E-01   6.448000E-01   6.546000E-01
   6.645000E-01   6.744000E-01   6.842000E-01   6.941000E-01   7.040000E-01
   7.140000E-01   7.239000E-01   7.272000E-01   5.565000E-01   5.573000E-01
   5.672000E-01   5.771000E-01   5.869000E-01   5.967000E-01   6.065000E-01
   6.163000E-01   6.261000E-01   6.359000E-01   6.458000E-01   6.556000E-01
   6.654000E-01   6.753000E-01   6.852000E-01   6.950000E-01   7.049000E-01
   7.148000E-01   7.248000E-01   7.347000E-01   7.355000E-01   5.813000E-01
   5.821000E-01   5.921000E-01   6.019000E-01   6.118000E-01   6.216000E-01
   6.314000E-01   6.412000E-01   6.511000E-01   6.609000E-01   6.707000E-01
   6.805000E-01   6.904000E-01   7.002000E-01   7.101000E-01   7.199000E-01
   7.298000E-01   7.397000E-01   7.496000E-01   7.595000E-01   7.604000E-01
   6.061000E-01   6.069000E-01   6.169000E-01   6.268000E-01   6.366000E-01
   6.465000E-01   6.563000E-01   6.661000E-01   6.759000E-01   6.858000E-01
   6.956000E-01   7.054000E-01   7.152000E-01   7.250000E-01   7.349000E-01
   7.447000E-01   7.546000E-01   7.645000E-01   7.744000E-01   7.843000E-01
   7.851000E-01   6.309000E-01   6.317000E-01   6.417000E-01   6.516000E-01
   6.615000E-01   6.713000E-01   6.812000E-01   6.910000E-01   7.008000E-01
   7.106000E-01   7.204000E-01   7.302000E-01   7.400000E-01   7.498000E-01
   7.596000E-01   7.694000E-01   7.793000E-01   7.892000E-01   7.991000E-01
   8.091000E-01   8.099000E-01   6.557000E-01   6.565000E-01   6.665000E-01
   6.764000E-01   6.863000E-01   6.961000E-01   7.060000E-01   7.158000E-01
   7.256000E-01   7.354000E-01   7.451000E-01   7.549000E-01   7.647000E-01
   7.745000E-01   7.843000E-01   7.941000E-01   8.040000E-01   8.139000E-01
   8.238000E-01   8.337000E-01   8.345000E-01   6.805000E-01   6.813000E-01
   6.913000E-01   7.012000E-01   7.111000E-01   7.209000E-01   7.307000E-01
   7.405000E-01   7.503000E-01   7.601000E-01   7.698000E-01   7.796000E-01
   7.894000E-01   7.992000E-01   8.090000E-01   8.188000E-01   8.286000E-01
   8.385000E-01   8.484000E-01   8.583000E-01   8.591000E-01   7.053000E-01
   7.061000E-01   7.160000E-01   7.259000E-01   7.358000E-01   7.456000E-01
   7.555000E-01   7.652000E-01   7.750000E-01   7.848000E-01   7.945000E-01
   8.043000E-01   8.140000E-01   8.238000E-01   8.336000E-01   8.434000E-01
   8.532000E-01   8.630000E-01   8.729000E-01   8.829000E-01   8.837000E-01
   7.300000E-01   7.308000E-01   7.408000E-01   7.507000E-01   7.605000E-01
   7.704000E-01   7.802000E-01   7.899000E-01   7.997000E-01   8.095000E-01
   8.192000E-01   8.289000E-01   8.387000E-01   8.484000E-01   8.581000E-01
   8.679000E-01   8.777000E-01   8.875000E-01   8.974000E-01   9.073000E-01
   9.081000E-01   7.547000E-01   7.556000E-01   7.655000E-01   7.754000E-01
   7.853000E-01   7.951000E-01   8.049000E-01   8.147000E-01   8.244000E-01
   8.341000E-01   8.438000E-01   8.535000E-01   8.632000E-01   8.729000E-01
   8.826000E-01   8.924000E-01   9.021000E-01   9.119000E-01   9.218000E-01
   9.317000E-01   9.325000E-01   7.795000E-01   7.803000E-01   7.902000E-01
   8.001000E-01   8.100000E-01   8.198000E-01   8.296000E-01   8.394000E-01
   8.491000E-01   8.588000E-01   8.685000E-01   8.781000E-01   8.878000E-01
   8.974000E-01   9.071000E-01   9.168000E-01   9.265000E-01   9.362000E-01
   9.460000E-01   9.559000E-01   9.567000E-01   8.042000E-01   8.051000E-01
   8.150000E-01   8.249000E-01   8.347000E-01   8.445000E-01   8.543000E-01
   8.641000E-01   8.737000E-01   8.834000E-01   8.931000E-01   9.027000E-01
   9.123000E-01   9.219000E-01   9.315000E-01   9.411000E-01   9.508000E-01
   9.605000E-01   9.702000E-01   9.801000E-01   9.809000E-01   8.290000E-01
   8.298000E-01   8.398000E-01   8.497000E-01   8.595000E-01   8.693000E-01
   8.790000E-01   8.887000E-01   8.984000E-01   9.080000E-01   9.176000E-01
   9.272000E-01   9.368000E-01   9.463000E-01   9.558000E-01   9.654000E-01
   9.750000E-01   9.846000E-01   9.943000E-01   1.004000E+00   1.005000E+00
   8.538000E-01   8.546000E-01   8.646000E-01   8.744000E-01   8.842000E-01
   8.940000E-01   9.037000E-01   9.134000E-01   9.231000E-01   9.327000E-01
   9.422000E-01   9.517000E-01   9.612000E-01   9.707000E-01   9.801000E-01
   9.896000E-01   9.991000E-01   1.009000E+00   1.018000E+00   1.028000E+00
   1.029000E+00   8.786000E-01   8.794000E-01   8.893000E-01   8.992000E-01
   9.090000E-01   9.188000E-01   9.285000E-01   9.381000E-01   9.477000E-01
   9.573000E-01   9.668000E-01   9.763000E-01   9.857000E-01   9.951000E-01
   1.004000E+00   1.014000E+00   1.023000E+00   1.033000E+00   1.042000E+00
   1.052000E+00   1.053000E+00   9.034000E-01   9.042000E-01   9.141000E-01
   9.240000E-01   9.338000E-01   9.435000E-01   9.532000E-01   9.629000E-01
   9.724000E-01   9.820000E-01   9.914000E-01   1.001000E+00   1.010000E+00
   1.019000E+00   1.029000E+00   1.038000E+00   1.047000E+00   1.056000E+00
   1.066000E+00   1.075000E+00   1.076000E+00   9.283000E-01   9.291000E-01
   9.390000E-01   9.488000E-01   9.586000E-01   9.683000E-01   9.780000E-01
   9.876000E-01   9.972000E-01   1.007000E+00   1.016000E+00   1.025000E+00
   1.035000E+00   1.044000E+00   1.053000E+00   1.062000E+00   1.071000E+00
   1.080000E+00   1.089000E+00   1.099000E+00   1.099000E+00   9.531000E-01
   9.539000E-01   9.638000E-01   9.737000E-01   9.835000E-01   9.932000E-01
   1.003000E+00   1.012000E+00   1.022000E+00   1.031000E+00   1.041000E+00
   1.050000E+00   1.059000E+00   1.068000E+00   1.077000E+00   1.086000E+00
   1.095000E+00   1.103000E+00   1.112000E+00   1.121000E+00   1.122000E+00
   9.780000E-01   9.788000E-01   9.887000E-01   9.986000E-01   1.008000E+00
   1.018000E+00   1.028000E+00   1.037000E+00   1.047000E+00   1.056000E+00
   1.066000E+00   1.075000E+00   1.084000E+00   1.093000E+00   1.102000E+00
   1.110000E+00   1.119000E+00   1.127000E+00   1.135000E+00   1.144000E+00
   1.144000E+00   1.003000E+00   1.004000E+00   1.014000E+00   1.023000E+00
   1.033000E+00   1.043000E+00   1.053000E+00   1.062000E+00   1.072000E+00
   1.081000E+00   1.090000E+00   1.100000E+00   1.109000E+00   1.118000E+00
   1.126000E+00   1.135000E+00   1.142000E+00   1.150000E+00   1.158000E+00
   1.166000E+00   1.166000E+00   1.011000E+00   1.015000E+00   1.024000E+00
   1.034000E+00   1.044000E+00   1.054000E+00   1.063000E+00   1.073000E+00
   1.082000E+00   1.092000E+00   1.101000E+00   1.110000E+00   1.119000E+00
   1.128000E+00   1.137000E+00   1.145000E+00   1.153000E+00   1.160000E+00
   1.168000E+00   1.176000E+00   1.181000E+00   1.139000E+00   1.146000E+00
   1.156000E+00   1.166000E+00   1.176000E+00   1.186000E+00   1.196000E+00
   1.205000E+00   1.215000E+00   1.225000E+00   1.235000E+00   1.245000E+00
   1.254000E+00   1.264000E+00   1.274000E+00   1.284000E+00   1.294000E+00
   1.304000E+00   1.314000E+00   1.324000E+00   1.327000E+00   1.156000E+00
   1.157000E+00   1.167000E+00   1.177000E+00   1.187000E+00   1.196000E+00
   1.206000E+00   1.216000E+00   1.226000E+00   1.236000E+00   1.246000E+00
   1.255000E+00   1.265000E+00   1.275000E+00   1.285000E+00   1.295000E+00
   1.305000E+00   1.315000E+00   1.325000E+00   1.335000E+00   1.335000E+00
   1.181000E+00   1.182000E+00   1.192000E+00   1.202000E+00   1.212000E+00
   1.221000E+00   1.231000E+00   1.241000E+00   1.251000E+00   1.261000E+00
   1.271000E+00   1.280000E+00   1.290000E+00   1.300000E+00   1.310000E+00
   1.320000E+00   1.330000E+00   1.339000E+00   1.349000E+00   1.359000E+00
   1.360000E+00   1.206000E+00   1.207000E+00   1.217000E+00   1.227000E+00
   1.236000E+00   1.246000E+00   1.256000E+00   1.266000E+00   1.276000E+00
   1.286000E+00   1.295000E+00   1.305000E+00   1.315000E+00   1.325000E+00
   1.335000E+00   1.345000E+00   1.354000E+00   1.364000E+00   1.374000E+00
   1.384000E+00   1.385000E+00   1.231000E+00   1.232000E+00   1.241000E+00
   1.251000E+00   1.261000E+00   1.271000E+00   1.281000E+00   1.291000E+00
   1.301000E+00   1.310000E+00   1.320000E+00   1.330000E+00   1.340000E+00
   1.350000E+00   1.359000E+00   1.369000E+00   1.379000E+00   1.389000E+00
   1.399000E+00   1.409000E+00   1.410000E+00   1.255000E+00   1.256000E+00
   1.266000E+00   1.276000E+00   1.286000E+00   1.296000E+00   1.306000E+00
   1.316000E+00   1.325000E+00   1.335000E+00   1.345000E+00   1.355000E+00
   1.365000E+00   1.374000E+00   1.384000E+00   1.394000E+00   1.404000E+00
   1.414000E+00   1.424000E+00   1.434000E+00   1.434000E+00   1.280000E+00
   1.281000E+00   1.291000E+00   1.301000E+00   1.311000E+00   1.321000E+00
   1.331000E+00   1.340000E+00   1.350000E+00   1.360000E+00   1.370000E+00
   1.379000E+00   1.389000E+00   1.399000E+00   1.409000E+00   1.419000E+00
   1.428000E+00   1.438000E+00   1.448000E+00   1.458000E+00   1.459000E+00
   1.305000E+00   1.306000E+00   1.316000E+00   1.326000E+00   1.336000E+00
   1.345000E+00   1.355000E+00   1.365000E+00   1.375000E+00   1.385000E+00
   1.394000E+00   1.404000E+00   1.414000E+00   1.424000E+00   1.433000E+00
   1.443000E+00   1.453000E+00   1.463000E+00   1.473000E+00   1.483000E+00
   1.484000E+00   1.330000E+00   1.331000E+00   1.341000E+00   1.350000E+00
   1.360000E+00   1.370000E+00   1.380000E+00   1.390000E+00   1.400000E+00
   1.409000E+00   1.419000E+00   1.429000E+00   1.439000E+00   1.448000E+00
   1.458000E+00   1.468000E+00   1.478000E+00   1.487000E+00   1.497000E+00
   1.507000E+00   1.508000E+00   1.355000E+00   1.355000E+00   1.365000E+00
   1.375000E+00   1.385000E+00   1.395000E+00   1.405000E+00   1.415000E+00
   1.424000E+00   1.434000E+00   1.444000E+00   1.453000E+00   1.463000E+00
   1.473000E+00   1.482000E+00   1.492000E+00   1.502000E+00   1.512000E+00
   1.522000E+00   1.532000E+00   1.532000E+00   1.379000E+00   1.380000E+00
   1.390000E+00   1.400000E+00   1.410000E+00   1.420000E+00   1.429000E+00
   1.439000E+00   1.449000E+00   1.459000E+00   1.468000E+00   1.478000E+00
   1.488000E+00   1.497000E+00   1.507000E+00   1.517000E+00   1.526000E+00
   1.536000E+00   1.546000E+00   1.556000E+00   1.557000E+00   1.404000E+00
   1.405000E+00   1.415000E+00   1.425000E+00   1.435000E+00   1.444000E+00
   1.454000E+00   1.464000E+00   1.474000E+00   1.483000E+00   1.493000E+00
   1.503000E+00   1.512000E+00   1.522000E+00   1.531000E+00   1.541000E+00
   1.551000E+00   1.560000E+00   1.570000E+00   1.580000E+00   1.581000E+00
   1.429000E+00   1.430000E+00   1.440000E+00   1.450000E+00   1.459000E+00
   1.469000E+00   1.479000E+00   1.489000E+00   1.498000E+00   1.508000E+00
   1.518000E+00   1.527000E+00   1.537000E+00   1.546000E+00   1.556000E+00
   1.565000E+00   1.575000E+00   1.585000E+00   1.594000E+00   1.604000E+00
   1.605000E+00   1.454000E+00   1.454000E+00   1.464000E+00   1.474000E+00
   1.484000E+00   1.494000E+00   1.504000E+00   1.513000E+00   1.523000E+00
   1.533000E+00   1.542000E+00   1.552000E+00   1.561000E+00   1.571000E+00
   1.580000E+00   1.590000E+00   1.599000E+00   1.609000E+00   1.618000E+00
   1.628000E+00   1.629000E+00   1.478000E+00   1.479000E+00   1.489000E+00
   1.499000E+00   1.509000E+00   1.519000E+00   1.528000E+00   1.538000E+00
   1.548000E+00   1.557000E+00   1.567000E+00   1.576000E+00   1.586000E+00
   1.595000E+00   1.604000E+00   1.614000E+00   1.623000E+00   1.633000E+00
   1.642000E+00   1.652000E+00   1.653000E+00   1.503000E+00   1.504000E+00
   1.514000E+00   1.524000E+00   1.534000E+00   1.543000E+00   1.553000E+00
   1.563000E+00   1.572000E+00   1.582000E+00   1.591000E+00   1.601000E+00
   1.610000E+00   1.619000E+00   1.629000E+00   1.638000E+00   1.647000E+00
   1.657000E+00   1.666000E+00   1.676000E+00   1.676000E+00   1.528000E+00
   1.529000E+00   1.539000E+00   1.549000E+00   1.558000E+00   1.568000E+00
   1.578000E+00   1.588000E+00   1.597000E+00   1.607000E+00   1.616000E+00
   1.625000E+00   1.635000E+00   1.644000E+00   1.653000E+00   1.662000E+00
   1.671000E+00   1.680000E+00   1.690000E+00   1.699000E+00   1.700000E+00
   1.553000E+00   1.554000E+00   1.564000E+00   1.574000E+00   1.583000E+00
   1.593000E+00   1.603000E+00   1.612000E+00   1.622000E+00   1.631000E+00
   1.641000E+00   1.650000E+00   1.659000E+00   1.668000E+00   1.677000E+00
   1.686000E+00   1.695000E+00   1.704000E+00   1.713000E+00   1.723000E+00
   1.723000E+00   1.578000E+00   1.579000E+00   1.589000E+00   1.598000E+00
   1.608000E+00   1.618000E+00   1.628000E+00   1.637000E+00   1.647000E+00
   1.656000E+00   1.665000E+00   1.675000E+00   1.684000E+00   1.693000E+00
   1.702000E+00   1.711000E+00   1.719000E+00   1.728000E+00   1.737000E+00
   1.746000E+00   1.747000E+00   1.603000E+00   1.604000E+00   1.614000E+00
   1.623000E+00   1.633000E+00   1.643000E+00   1.653000E+00   1.662000E+00
   1.672000E+00   1.681000E+00   1.690000E+00   1.700000E+00   1.709000E+00
   1.718000E+00   1.727000E+00   1.735000E+00   1.744000E+00   1.752000E+00
   1.761000E+00   1.770000E+00   1.770000E+00   1.611000E+00   1.614000E+00
   1.624000E+00   1.634000E+00   1.644000E+00   1.654000E+00   1.663000E+00
   1.673000E+00   1.682000E+00   1.692000E+00   1.701000E+00   1.710000E+00
   1.719000E+00   1.728000E+00   1.737000E+00   1.746000E+00   1.754000E+00
   1.763000E+00   1.771000E+00   1.780000E+00   1.786000E+00   1.739000E+00
   1.746000E+00   1.756000E+00   1.766000E+00   1.776000E+00   1.786000E+00
   1.795000E+00   1.805000E+00   1.815000E+00   1.825000E+00   1.835000E+00
   1.844000E+00   1.854000E+00   1.864000E+00   1.874000E+00   1.884000E+00
   1.894000E+00   1.904000E+00   1.914000E+00   1.924000E+00   1.927000E+00
   1.756000E+00   1.757000E+00   1.767000E+00   1.777000E+00   1.786000E+00
   1.796000E+00   1.806000E+00   1.816000E+00   1.826000E+00   1.836000E+00
   1.845000E+00   1.855000E+00   1.865000E+00   1.875000E+00   1.885000E+00
   1.895000E+00   1.905000E+00   1.914000E+00   1.924000E+00   1.934000E+00
   1.935000E+00   1.781000E+00   1.782000E+00   1.792000E+00   1.802000E+00
   1.811000E+00   1.821000E+00   1.831000E+00   1.841000E+00   1.851000E+00
   1.861000E+00   1.870000E+00   1.880000E+00   1.890000E+00   1.900000E+00
   1.910000E+00   1.920000E+00   1.929000E+00   1.939000E+00   1.949000E+00
   1.959000E+00   1.960000E+00   1.806000E+00   1.807000E+00   1.816000E+00
   1.826000E+00   1.836000E+00   1.846000E+00   1.856000E+00   1.866000E+00
   1.876000E+00   1.885000E+00   1.895000E+00   1.905000E+00   1.915000E+00
   1.925000E+00   1.935000E+00   1.944000E+00   1.954000E+00   1.964000E+00
   1.974000E+00   1.984000E+00   1.985000E+00   1.831000E+00   1.831000E+00
   1.841000E+00   1.851000E+00   1.861000E+00   1.871000E+00   1.881000E+00
   1.891000E+00   1.900000E+00   1.910000E+00   1.920000E+00   1.930000E+00
   1.940000E+00   1.950000E+00   1.959000E+00   1.969000E+00   1.979000E+00
   1.989000E+00   1.999000E+00   2.009000E+00   2.010000E+00   1.855000E+00
   1.856000E+00   1.866000E+00   1.876000E+00   1.886000E+00   1.896000E+00
   1.906000E+00   1.915000E+00   1.925000E+00   1.935000E+00   1.945000E+00
   1.955000E+00   1.964000E+00   1.974000E+00   1.984000E+00   1.994000E+00
   2.004000E+00   2.014000E+00   2.024000E+00   2.033000E+00   2.034000E+00
   1.880000E+00   1.881000E+00   1.891000E+00   1.901000E+00   1.911000E+00
   1.921000E+00   1.930000E+00   1.940000E+00   1.950000E+00   1.960000E+00
   1.970000E+00   1.979000E+00   1.989000E+00   1.999000E+00   2.009000E+00
   2.019000E+00   2.028000E+00   2.038000E+00   2.048000E+00   2.058000E+00
   2.059000E+00   1.905000E+00   1.906000E+00   1.916000E+00   1.926000E+00
   1.935000E+00   1.945000E+00   1.955000E+00   1.965000E+00   1.975000E+00
   1.985000E+00   1.994000E+00   2.004000E+00   2.014000E+00   2.024000E+00
   2.033000E+00   2.043000E+00   2.053000E+00   2.063000E+00   2.073000E+00
   2.083000E+00   2.083000E+00   1.930000E+00   1.931000E+00   1.940000E+00
   1.950000E+00   1.960000E+00   1.970000E+00   1.980000E+00   1.990000E+00
   1.999000E+00   2.009000E+00   2.019000E+00   2.029000E+00   2.038000E+00
   2.048000E+00   2.058000E+00   2.068000E+00   2.077000E+00   2.087000E+00
   2.097000E+00   2.107000E+00   2.108000E+00   1.954000E+00   1.955000E+00
   1.965000E+00   1.975000E+00   1.985000E+00   1.995000E+00   2.005000E+00
   2.014000E+00   2.024000E+00   2.034000E+00   2.044000E+00   2.053000E+00
   2.063000E+00   2.073000E+00   2.082000E+00   2.092000E+00   2.102000E+00
   2.112000E+00   2.122000E+00   2.131000E+00   2.132000E+00   1.979000E+00
   1.980000E+00   1.990000E+00   2.000000E+00   2.010000E+00   2.020000E+00
   2.029000E+00   2.039000E+00   2.049000E+00   2.059000E+00   2.068000E+00
   2.078000E+00   2.088000E+00   2.097000E+00   2.107000E+00   2.117000E+00
   2.126000E+00   2.136000E+00   2.146000E+00   2.156000E+00   2.157000E+00
   2.004000E+00   2.005000E+00   2.015000E+00   2.025000E+00   2.034000E+00
   2.044000E+00   2.054000E+00   2.064000E+00   2.074000E+00   2.083000E+00
   2.093000E+00   2.102000E+00   2.112000E+00   2.122000E+00   2.131000E+00
   2.141000E+00   2.151000E+00   2.160000E+00   2.170000E+00   2.180000E+00
   2.181000E+00   2.029000E+00   2.030000E+00   2.040000E+00   2.049000E+00
   2.059000E+00   2.069000E+00   2.079000E+00   2.088000E+00   2.098000E+00
   2.108000E+00   2.117000E+00   2.127000E+00   2.137000E+00   2.146000E+00
   2.156000E+00   2.165000E+00   2.175000E+00   2.185000E+00   2.194000E+00
   2.204000E+00   2.205000E+00   2.054000E+00   2.054000E+00   2.064000E+00
   2.074000E+00   2.084000E+00   2.094000E+00   2.104000E+00   2.113000E+00
   2.123000E+00   2.132000E+00   2.142000E+00   2.152000E+00   2.161000E+00
   2.171000E+00   2.180000E+00   2.190000E+00   2.199000E+00   2.209000E+00
   2.218000E+00   2.228000E+00   2.229000E+00   2.078000E+00   2.079000E+00
   2.089000E+00   2.099000E+00   2.109000E+00   2.119000E+00   2.128000E+00
   2.138000E+00   2.148000E+00   2.157000E+00   2.167000E+00   2.176000E+00
   2.186000E+00   2.195000E+00   2.204000E+00   2.214000E+00   2.223000E+00
   2.233000E+00   2.242000E+00   2.252000E+00   2.253000E+00   2.103000E+00
   2.104000E+00   2.114000E+00   2.124000E+00   2.134000E+00   2.143000E+00
   2.153000E+00   2.163000E+00   2.172000E+00   2.182000E+00   2.191000E+00
   2.201000E+00   2.210000E+00   2.219000E+00   2.229000E+00   2.238000E+00
   2.247000E+00   2.257000E+00   2.266000E+00   2.276000E+00   2.277000E+00
   2.128000E+00   2.129000E+00   2.139000E+00   2.149000E+00   2.158000E+00
   2.168000E+00   2.178000E+00   2.187000E+00   2.197000E+00   2.207000E+00
   2.216000E+00   2.225000E+00   2.235000E+00   2.244000E+00   2.253000E+00
   2.262000E+00   2.271000E+00   2.281000E+00   2.290000E+00   2.300000E+00
   2.300000E+00   2.153000E+00   2.154000E+00   2.164000E+00   2.173000E+00
   2.183000E+00   2.193000E+00   2.203000E+00   2.212000E+00   2.222000E+00
   2.231000E+00   2.241000E+00   2.250000E+00   2.259000E+00   2.268000E+00
   2.278000E+00   2.287000E+00   2.296000E+00   2.305000E+00   2.314000E+00
   2.324000E+00   2.324000E+00   2.178000E+00   2.179000E+00   2.189000E+00
   2.198000E+00   2.208000E+00   2.218000E+00   2.228000E+00   2.237000E+00
   2.247000E+00   2.256000E+00   2.265000E+00   2.275000E+00   2.284000E+00
   2.293000E+00   2.302000E+00   2.311000E+00   2.320000E+00   2.329000E+00
   2.338000E+00   2.348000E+00   2.348000E+00   2.203000E+00   2.204000E+00
   2.213000E+00   2.223000E+00   2.233000E+00   2.243000E+00   2.252000E+00
   2.262000E+00   2.272000E+00   2.281000E+00   2.290000E+00   2.300000E+00
   2.309000E+00   2.318000E+00   2.327000E+00   2.336000E+00   2.344000E+00
   2.353000E+00   2.362000E+00   2.372000E+00   2.372000E+00   2.211000E+00
   2.214000E+00   2.224000E+00   2.234000E+00   2.244000E+00   2.254000E+00
   2.263000E+00   2.273000E+00   2.282000E+00   2.292000E+00   2.301000E+00
   2.310000E+00   2.320000E+00   2.329000E+00   2.337000E+00   2.346000E+00
   2.355000E+00   2.364000E+00   2.373000E+00   2.382000E+00   2.389000E+00
   2.399000E+00   2.406000E+00   2.416000E+00   2.426000E+00   2.436000E+00
   2.445000E+00   2.455000E+00   2.465000E+00   2.475000E+00   2.485000E+00
   2.495000E+00   2.504000E+00   2.514000E+00   2.524000E+00   2.534000E+00
   2.544000E+00   2.554000E+00   2.564000E+00   2.574000E+00   2.584000E+00
   2.587000E+00   2.416000E+00   2.417000E+00   2.427000E+00   2.437000E+00
   2.446000E+00   2.456000E+00   2.466000E+00   2.476000E+00   2.486000E+00
   2.496000E+00   2.505000E+00   2.515000E+00   2.525000E+00   2.535000E+00
   2.545000E+00   2.555000E+00   2.565000E+00   2.574000E+00   2.584000E+00
   2.594000E+00   2.595000E+00   2.441000E+00   2.442000E+00   2.452000E+00
   2.461000E+00   2.471000E+00   2.481000E+00   2.491000E+00   2.501000E+00
   2.511000E+00   2.521000E+00   2.530000E+00   2.540000E+00   2.550000E+00
   2.560000E+00   2.570000E+00   2.580000E+00   2.589000E+00   2.599000E+00
   2.609000E+00   2.619000E+00   2.620000E+00   2.466000E+00   2.466000E+00
   2.476000E+00   2.486000E+00   2.496000E+00   2.506000E+00   2.516000E+00
   2.526000E+00   2.536000E+00   2.545000E+00   2.555000E+00   2.565000E+00
   2.575000E+00   2.585000E+00   2.595000E+00   2.604000E+00   2.614000E+00
   2.624000E+00   2.634000E+00   2.644000E+00   2.645000E+00   2.490000E+00
   2.491000E+00   2.501000E+00   2.511000E+00   2.521000E+00   2.531000E+00
   2.541000E+00   2.551000E+00   2.560000E+00   2.570000E+00   2.580000E+00
   2.590000E+00   2.600000E+00   2.609000E+00   2.619000E+00   2.629000E+00
   2.639000E+00   2.649000E+00   2.659000E+00   2.669000E+00   2.670000E+00
   2.515000E+00   2.516000E+00   2.526000E+00   2.536000E+00   2.546000E+00
   2.556000E+00   2.566000E+00   2.575000E+00   2.585000E+00   2.595000E+00
   2.605000E+00   2.615000E+00   2.624000E+00   2.634000E+00   2.644000E+00
   2.654000E+00   2.664000E+00   2.674000E+00   2.683000E+00   2.693000E+00
   2.694000E+00   2.540000E+00   2.541000E+00   2.551000E+00   2.561000E+00
   2.571000E+00   2.581000E+00   2.590000E+00   2.600000E+00   2.610000E+00
   2.620000E+00   2.630000E+00   2.639000E+00   2.649000E+00   2.659000E+00
   2.669000E+00   2.678000E+00   2.688000E+00   2.698000E+00   2.708000E+00
   2.718000E+00   2.719000E+00   2.565000E+00   2.566000E+00   2.576000E+00
   2.586000E+00   2.595000E+00   2.605000E+00   2.615000E+00   2.625000E+00
   2.635000E+00   2.644000E+00   2.654000E+00   2.664000E+00   2.674000E+00
   2.683000E+00   2.693000E+00   2.703000E+00   2.713000E+00   2.723000E+00
   2.733000E+00   2.743000E+00   2.743000E+00   2.590000E+00   2.590000E+00
   2.600000E+00   2.610000E+00   2.620000E+00   2.630000E+00   2.640000E+00
   2.650000E+00   2.659000E+00   2.669000E+00   2.679000E+00   2.689000E+00
   2.698000E+00   2.708000E+00   2.718000E+00   2.728000E+00   2.737000E+00
   2.747000E+00   2.757000E+00   2.767000E+00   2.768000E+00   2.614000E+00
   2.615000E+00   2.625000E+00   2.635000E+00   2.645000E+00   2.655000E+00
   2.665000E+00   2.674000E+00   2.684000E+00   2.694000E+00   2.704000E+00
   2.713000E+00   2.723000E+00   2.733000E+00   2.742000E+00   2.752000E+00
   2.762000E+00   2.772000E+00   2.781000E+00   2.791000E+00   2.792000E+00
   2.639000E+00   2.640000E+00   2.650000E+00   2.660000E+00   2.670000E+00
   2.680000E+00   2.689000E+00   2.699000E+00   2.709000E+00   2.718000E+00
   2.728000E+00   2.738000E+00   2.747000E+00   2.757000E+00   2.767000E+00
   2.776000E+00   2.786000E+00   2.796000E+00   2.806000E+00   2.816000E+00
   2.817000E+00   2.664000E+00   2.665000E+00   2.675000E+00   2.685000E+00
   2.694000E+00   2.704000E+00   2.714000E+00   2.724000E+00   2.733000E+00
   2.743000E+00   2.753000E+00   2.762000E+00   2.772000E+00   2.782000E+00
   2.791000E+00   2.801000E+00   2.811000E+00   2.820000E+00   2.830000E+00
   2.840000E+00   2.841000E+00   2.689000E+00   2.690000E+00   2.699000E+00
   2.709000E+00   2.719000E+00   2.729000E+00   2.739000E+00   2.748000E+00
   2.758000E+00   2.768000E+00   2.777000E+00   2.787000E+00   2.796000E+00
   2.806000E+00   2.816000E+00   2.825000E+00   2.835000E+00   2.844000E+00
   2.854000E+00   2.864000E+00   2.865000E+00   2.714000E+00   2.714000E+00
   2.724000E+00   2.734000E+00   2.744000E+00   2.754000E+00   2.763000E+00
   2.773000E+00   2.783000E+00   2.792000E+00   2.802000E+00   2.811000E+00
   2.821000E+00   2.830000E+00   2.840000E+00   2.849000E+00   2.859000E+00
   2.869000E+00   2.878000E+00   2.888000E+00   2.889000E+00   2.738000E+00
   2.739000E+00   2.749000E+00   2.759000E+00   2.769000E+00   2.779000E+00
   2.788000E+00   2.798000E+00   2.807000E+00   2.817000E+00   2.827000E+00
   2.836000E+00   2.845000E+00   2.855000E+00   2.864000E+00   2.874000E+00
   2.883000E+00   2.893000E+00   2.902000E+00   2.912000E+00   2.913000E+00
   2.763000E+00   2.764000E+00   2.774000E+00   2.784000E+00   2.794000E+00
   2.803000E+00   2.813000E+00   2.823000E+00   2.832000E+00   2.842000E+00
   2.851000E+00   2.861000E+00   2.870000E+00   2.879000E+00   2.889000E+00
   2.898000E+00   2.907000E+00   2.917000E+00   2.926000E+00   2.936000E+00
   2.937000E+00   2.788000E+00   2.789000E+00   2.799000E+00   2.809000E+00
   2.818000E+00   2.828000E+00   2.838000E+00   2.847000E+00   2.857000E+00
   2.866000E+00   2.876000E+00   2.885000E+00   2.895000E+00   2.904000E+00
   2.913000E+00   2.922000E+00   2.932000E+00   2.941000E+00   2.950000E+00
   2.960000E+00   2.961000E+00   2.813000E+00   2.814000E+00   2.824000E+00
   2.833000E+00   2.843000E+00   2.853000E+00   2.863000E+00   2.872000E+00
   2.882000E+00   2.891000E+00   2.901000E+00   2.910000E+00   2.919000E+00
   2.928000E+00   2.938000E+00   2.947000E+00   2.956000E+00   2.965000E+00
   2.974000E+00   2.984000E+00   2.985000E+00   2.838000E+00   2.839000E+00
   2.849000E+00   2.858000E+00   2.868000E+00   2.878000E+00   2.888000E+00
   2.897000E+00   2.907000E+00   2.916000E+00   2.925000E+00   2.935000E+00
   2.944000E+00   2.953000E+00   2.962000E+00   2.971000E+00   2.980000E+00
   2.989000E+00   2.998000E+00   3.008000E+00   3.009000E+00   2.863000E+00
   2.864000E+00   2.873000E+00   2.883000E+00   2.893000E+00   2.903000E+00
   2.912000E+00   2.922000E+00   2.932000E+00   2.941000E+00   2.950000E+00
   2.960000E+00   2.969000E+00   2.978000E+00   2.987000E+00   2.996000E+00
   3.005000E+00   3.014000E+00   3.023000E+00   3.032000E+00   3.033000E+00
   2.871000E+00   2.874000E+00   2.884000E+00   2.894000E+00   2.904000E+00
   2.914000E+00   2.923000E+00   2.933000E+00   2.942000E+00   2.952000E+00
   2.961000E+00   2.970000E+00   2.980000E+00   2.989000E+00   2.998000E+00
   3.006000E+00   3.015000E+00   3.024000E+00   3.034000E+00   3.043000E+00
   3.049000E+00
      1  1.00000000E-02     NSTEP   TIME
  -3.288000E-01  -3.271000E-01  -3.271000E-01  -3.275000E-01  -3.278000E-01
  -3.281000E-01  -3.285000E-01  -3.288000E-01  -3.291000E-01  -3.292000E-01
  -3.291000E-01  -3.288000E-01  -3.284000E-01  -3.277000E-01  -3.269000E-01
  -3.258000E-01  -3.245000E-01  -3.229000E-01  -3.215000E-01  -3.179000E-01
  -3.171000E-01  -3.262000E-01  -3.235000E-01  -3.230000E-01  -3.237000E-01
  -3.241000E-01  -3.245000E-01  -3.248000E-01  -3.249000E-01  -3.249000E-01
  -3.247000E-01  -3.245000E-01  -3.240000E-01  -3.236000E-01  -3.229000E-01
  -3.222000E-01  -3.212000E-01  -3.200000E-01  -3.187000E-01  -3.172000E-01
  -3.141000E-01  -3.145000E-01  -3.265000E-01  -3.239000E-01  -3.231000E-01
  -3.238000E-01  -3.238000E-01  -3.238000E-01  -3.237000E-01  -3.234000E-01
  -3.229000E-01  -3.225000E-01  -3.217000E-01  -3.209000E-01  -3.200000E-01
  -3.188000E-01  -3.175000E-01  -3.160000E-01  -3.143000E-01  -3.123000E-01
  -3.101000E-01  -3.063000E-01  -3.062000E-01  -3.274000E-01  -3.250000E-01
  -3.239000E-01  -3.242000E-01  -3.239000E-01  -3.235000E-01  -3.229000E-01
  -3.223000E-01  -3.215000E-01  -3.206000E-01  -3.195000E-01  -3.182000E-01
  -3.169000E-01  -3.152000E-01  -3.135000E-01  -3.113000E-01  -3.089000E-01
  -3.061000E-01  -3.032000E-01  -2.987000E-01  -2.988000E-01  -3.277000E-01
  -3.248000E-01  -3.232000E-01  -3.231000E-01  -3.225000E-01  -3.217000E-01
  -3.208000E-01  -3.199000E-01  -3.186000E-01  -3.173000E-01  -3.159000E-01
  -3.141000E-01  -3.122000E-01  -3.100000E-01  -3.075000E-01  -3.046000E-01
  -3.014000E-01  -2.979000E-01  -2.939000E-01  -2.886000E-01  -2.885000E-01
  -3.268000E-01  -3.238000E-01  -3.218000E-01  -3.214000E-01  -3.203000E-01
  -3.192000E-01  -3.179000E-01  -3.164000E-01  -3.149000E-01  -3.131000E-01
  -3.109000E-01  -3.086000E-01  -3.060000E-01  -3.030000E-01  -2.997000E-01
  -2.959000E-01  -2.918000E-01  -2.871000E-01  -2.821000E-01  -2.759000E-01
  -2.756000E-01  -3.246000E-01  -3.219000E-01  -3.196000E-01  -3.186000E-01
  -3.172000E-01  -3.156000E-01  -3.139000E-01  -3.118000E-01  -3.096000E-01
  -3.071000E-01  -3.043000E-01  -3.012000E-01  -2.977000E-01  -2.939000E-01
  -2.896000E-01  -2.848000E-01  -2.796000E-01  -2.739000E-01  -2.678000E-01
  -2.606000E-01  -2.601000E-01  -3.211000E-01  -3.192000E-01  -3.163000E-01
  -3.148000E-01  -3.129000E-01  -3.106000E-01  -3.083000E-01  -3.056000E-01
  -3.026000E-01  -2.993000E-01  -2.956000E-01  -2.916000E-01  -2.870000E-01
  -2.822000E-01  -2.768000E-01  -2.710000E-01  -2.648000E-01  -2.581000E-01
  -2.509000E-01  -2.430000E-01  -2.424000E-01  -3.164000E-01  -3.153000E-01
  -3.117000E-01  -3.095000E-01  -3.068000E-01  -3.040000E-01  -3.008000E-01
  -2.973000E-01  -2.934000E-01  -2.891000E-01  -2.845000E-01  -2.793000E-01
  -2.737000E-01  -2.679000E-01  -2.615000E-01  -2.547000E-01  -2.475000E-01
  -2.399000E-01  -2.321000E-01  -2.235000E-01  -2.227000E-01  -3.102000E-01
  -3.098000E-01  -3.055000E-01  -3.024000E-01  -2.990000E-01  -2.952000E-01
  -2.911000E-01  -2.865000E-01  -2.815000E-01  -2.762000E-01  -2.705000E-01
  -2.644000E-01  -2.579000E-01  -2.510000E-01  -2.438000E-01  -2.362000E-01
  -2.282000E-01  -2.199000E-01  -2.114000E-01  -2.024000E-01  -2.016000E-01
  -3.024000E-01  -3.022000E-01  -2.970000E-01  -2.931000E-01  -2.886000E-01
  -2.838000E-01  -2.786000E-01  -2.730000E-01  -2.671000E-01  -2.608000E-01
  -2.540000E-01  -2.470000E-01  -2.397000E-01  -2.321000E-01  -2.240000E-01
  -2.158000E-01  -2.073000E-01  -1.986000E-01  -1.897000E-01  -1.805000E-01
  -1.796000E-01  -2.923000E-01  -2.921000E-01  -2.862000E-01  -2.811000E-01
  -2.756000E-01  -2.698000E-01  -2.635000E-01  -2.570000E-01  -2.501000E-01
  -2.429000E-01  -2.354000E-01  -2.276000E-01  -2.196000E-01  -2.113000E-01
  -2.029000E-01  -1.942000E-01  -1.854000E-01  -1.765000E-01  -1.672000E-01
  -1.577000E-01  -1.569000E-01  -2.797000E-01  -2.794000E-01  -2.725000E-01
  -2.664000E-01  -2.599000E-01  -2.531000E-01  -2.460000E-01  -2.386000E-01
  -2.309000E-01  -2.230000E-01  -2.148000E-01  -2.065000E-01  -1.981000E-01
  -1.895000E-01  -1.807000E-01  -1.718000E-01  -1.627000E-01  -1.535000E-01
  -1.442000E-01  -1.346000E-01  -1.338000E-01  -2.644000E-01  -2.639000E-01
  -2.564000E-01  -2.493000E-01  -2.419000E-01  -2.343000E-01  -2.264000E-01
  -2.183000E-01  -2.100000E-01  -2.016000E-01  -1.930000E-01  -1.844000E-01
  -1.757000E-01  -1.668000E-01  -1.578000E-01  -1.487000E-01  -1.396000E-01
  -1.303000E-01  -1.210000E-01  -1.114000E-01  -1.106000E-01  -2.467000E-01
  -2.460000E-01  -2.379000E-01  -2.300000E-01  -2.219000E-01  -2.136000E-01
  -2.051000E-01  -1.966000E-01  -1.879000E-01  -1.792000E-01  -1.703000E-01
  -1.614000E-01  -1.524000E-01  -1.434000E-01  -1.344000E-01  -1.253000E-01
  -1.162000E-01  -1.070000E-01  -9.759000E-02  -8.802000E-02  -8.731000E-02
  -2.270000E-01  -2.262000E-01  -2.175000E-01  -2.090000E-01  -2.003000E-01
  -1.916000E-01  -1.828000E-01  -1.739000E-01  -1.649000E-01  -1.559000E-01
  -1.469000E-01  -1.378000E-01  -1.288000E-01  -1.198000E-01  -1.107000E-01
  -1.017000E-01  -9.265000E-02  -8.354000E-02  -7.428000E-02  -6.483000E-02
  -6.419000E-02  -2.055000E-01  -2.047000E-01  -1.957000E-01  -1.868000E-01
  -1.778000E-01  -1.687000E-01  -1.595000E-01  -1.504000E-01  -1.413000E-01
  -1.321000E-01  -1.230000E-01  -1.139000E-01  -1.048000E-01  -9.575000E-02
  -8.677000E-02  -7.785000E-02  -6.902001E-02  -6.017000E-02  -5.115001E-02
  -4.210000E-02  -4.164000E-02  -1.831000E-01  -1.822000E-01  -1.729000E-01
  -1.636000E-01  -1.543000E-01  -1.450000E-01  -1.357000E-01  -1.265000E-01
  -1.172000E-01  -1.080000E-01  -9.874000E-02  -8.960000E-02  -8.049000E-02
  -7.147001E-02  -6.258000E-02  -5.383000E-02  -4.543000E-02  -3.698000E-02
  -2.803999E-02  -2.022006E-02  -2.010999E-02  -1.596000E-01  -1.588000E-01
  -1.493000E-01  -1.398000E-01  -1.304000E-01  -1.210000E-01  -1.115000E-01
  -1.021000E-01  -9.279000E-02  -8.347000E-02  -7.420001E-02  -6.504000E-02
  -5.596001E-02  -4.700000E-02  -3.814001E-02  -2.925999E-02  -2.150048E-02
  -1.341109E-02  -8.408607E-05  -2.501383E-05  -2.985792E-05  -1.354000E-01
  -1.347000E-01  -1.251000E-01  -1.155000E-01  -1.060000E-01  -9.643000E-02
  -8.694000E-02  -7.746000E-02  -6.805000E-02  -5.872001E-02  -4.944001E-02
  -4.028001E-02  -3.126000E-02  -2.234000E-02  -1.330999E-02  -6.691907E-05
  -1.499281E-05   2.570548E-08   6.165344E-08   9.818129E-08   8.350133E-08
  -1.274000E-01  -1.242000E-01  -1.145000E-01  -1.049000E-01  -9.528000E-02
  -8.573000E-02  -7.620000E-02  -6.671000E-02  -5.731000E-02  -4.795000E-02
  -3.869000E-02  -2.954001E-02  -2.056000E-02  -1.182001E-02  -3.758021E-03
   3.090496E-08   6.070671E-08   8.245152E-08   1.046116E-07   1.335395E-07
   1.640281E-07  -3.229000E-01  -3.212000E-01  -3.212000E-01  -3.216000E-01
  -3.219000E-01  -3.222000E-01  -3.226000E-01  -3.230000E-01  -3.232000E-01
  -3.233000E-01  -3.232000E-01  -3.229000E-01  -3.225000E-01  -3.218000E-01
  -3.210000E-01  -3.199000E-01  -3.186000E-01  -3.170000E-01  -3.156000E-01
  -3.120000E-01  -3.113000E-01  -3.203000E-01  -3.177000E-01  -3.172000E-01
  -3.179000E-01  -3.183000E-01  -3.187000E-01  -3.190000E-01  -3.190000E-01
  -3.190000E-01  -3.189000E-01  -3.187000E-01  -3.182000E-01  -3.177000E-01
  -3.170000E-01  -3.164000E-01  -3.154000E-01  -3.142000E-01  -3.129000E-01
  -3.114000E-01  -3.083000E-01  -3.087000E-01  -3.206000E-01  -3.181000E-01
  -3.173000E-01  -3.180000E-01  -3.180000E-01  -3.180000E-01  -3.179000E-01
  -3.175000E-01  -3.171000E-01  -3.167000E-01  -3.159000E-01  -3.151000E-01
  -3.141000E-01  -3.130000E-01  -3.117000E-01  -3.102000E-01  -3.084000E-01
  -3.065000E-01  -3.043000E-01  -3.005000E-01  -3.004000E-01  -3.215000E-01
  -3.191000E-01  -3.181000E-01  -3.184000E-01  -3.180000E-01  -3.177000E-01
  -3.171000E-01  -3.165000E-01  -3.156000E-01  -3.148000E-01  -3.137000E-01
  -3.124000E-01  -3.111000E-01  -3.094000E-01  -3.076000E-01  -3.055000E-01
  -3.030000E-01  -3.003000E-01  -2.973000E-01  -2.929000E-01  -2.929000E-01
  -3.218000E-01  -3.190000E-01  -3.174000E-01  -3.173000E-01  -3.167000E-01
  -3.159000E-01  -3.150000E-01  -3.141000E-01  -3.128000E-01  -3.115000E-01
  -3.100000E-01  -3.083000E-01  -3.063000E-01  -3.041000E-01  -3.016000E-01
  -2.988000E-01  -2.956000E-01  -2.920000E-01  -2.881000E-01  -2.827000E-01
  -2.827000E-01  -3.209000E-01  -3.180000E-01  -3.160000E-01  -3.156000E-01
  -3.145000E-01  -3.134000E-01  -3.121000E-01  -3.106000E-01  -3.090000E-01
  -3.072000E-01  -3.051000E-01  -3.028000E-01  -3.002000E-01  -2.971000E-01
  -2.938000E-01  -2.900000E-01  -2.859000E-01  -2.813000E-01  -2.762000E-01
  -2.700000E-01  -2.698000E-01  -3.187000E-01  -3.161000E-01  -3.138000E-01
  -3.128000E-01  -3.114000E-01  -3.098000E-01  -3.080000E-01  -3.060000E-01
  -3.038000E-01  -3.013000E-01  -2.985000E-01  -2.954000E-01  -2.918000E-01
  -2.880000E-01  -2.837000E-01  -2.789000E-01  -2.737000E-01  -2.680000E-01
  -2.619000E-01  -2.547000E-01  -2.542000E-01  -3.152000E-01  -3.134000E-01
  -3.105000E-01  -3.089000E-01  -3.070000E-01  -3.048000E-01  -3.024000E-01
  -2.998000E-01  -2.967000E-01  -2.934000E-01  -2.897000E-01  -2.857000E-01
  -2.812000E-01  -2.763000E-01  -2.709000E-01  -2.650000E-01  -2.588000E-01
  -2.521000E-01  -2.450000E-01  -2.371000E-01  -2.364000E-01  -3.105000E-01
  -3.095000E-01  -3.058000E-01  -3.036000E-01  -3.010000E-01  -2.981000E-01
  -2.950000E-01  -2.914000E-01  -2.875000E-01  -2.832000E-01  -2.786000E-01
  -2.734000E-01  -2.678000E-01  -2.620000E-01  -2.555000E-01  -2.488000E-01
  -2.415000E-01  -2.340000E-01  -2.261000E-01  -2.175000E-01  -2.168000E-01
  -3.043000E-01  -3.039000E-01  -2.996000E-01  -2.966000E-01  -2.931000E-01
  -2.893000E-01  -2.852000E-01  -2.806000E-01  -2.756000E-01  -2.703000E-01
  -2.646000E-01  -2.585000E-01  -2.519000E-01  -2.450000E-01  -2.378000E-01
  -2.302000E-01  -2.223000E-01  -2.140000E-01  -2.055000E-01  -1.965000E-01
  -1.957000E-01  -2.965000E-01  -2.963000E-01  -2.912000E-01  -2.872000E-01
  -2.828000E-01  -2.779000E-01  -2.727000E-01  -2.671000E-01  -2.612000E-01
  -2.548000E-01  -2.481000E-01  -2.411000E-01  -2.338000E-01  -2.261000E-01
  -2.181000E-01  -2.098000E-01  -2.014000E-01  -1.927000E-01  -1.837000E-01
  -1.745000E-01  -1.737000E-01  -2.864000E-01  -2.862000E-01  -2.803000E-01
  -2.752000E-01  -2.697000E-01  -2.638000E-01  -2.576000E-01  -2.510000E-01
  -2.441000E-01  -2.370000E-01  -2.295000E-01  -2.216000E-01  -2.136000E-01
  -2.054000E-01  -1.969000E-01  -1.883000E-01  -1.795000E-01  -1.705000E-01
  -1.612000E-01  -1.517000E-01  -1.509000E-01  -2.737000E-01  -2.735000E-01
  -2.666000E-01  -2.605000E-01  -2.540000E-01  -2.472000E-01  -2.401000E-01
  -2.327000E-01  -2.250000E-01  -2.170000E-01  -2.089000E-01  -2.006000E-01
  -1.921000E-01  -1.835000E-01  -1.748000E-01  -1.658000E-01  -1.568000E-01
  -1.476000E-01  -1.382000E-01  -1.286000E-01  -1.278000E-01  -2.585000E-01
  -2.580000E-01  -2.504000E-01  -2.434000E-01  -2.360000E-01  -2.284000E-01
  -2.204000E-01  -2.123000E-01  -2.040000E-01  -1.956000E-01  -1.871000E-01
  -1.784000E-01  -1.697000E-01  -1.608000E-01  -1.518000E-01  -1.428000E-01
  -1.336000E-01  -1.244000E-01  -1.150000E-01  -1.054000E-01  -1.046000E-01
  -2.408000E-01  -2.401000E-01  -2.320000E-01  -2.241000E-01  -2.159000E-01
  -2.076000E-01  -1.992000E-01  -1.906000E-01  -1.820000E-01  -1.732000E-01
  -1.644000E-01  -1.554000E-01  -1.465000E-01  -1.375000E-01  -1.284000E-01
  -1.194000E-01  -1.102000E-01  -1.010000E-01  -9.160000E-02  -8.202000E-02
  -8.132000E-02  -2.210000E-01  -2.203000E-01  -2.115000E-01  -2.030000E-01
  -1.944000E-01  -1.857000E-01  -1.768000E-01  -1.679000E-01  -1.589000E-01
  -1.499000E-01  -1.409000E-01  -1.318000E-01  -1.228000E-01  -1.138000E-01
  -1.047000E-01  -9.570000E-02  -8.666000E-02  -7.754000E-02  -6.828000E-02
  -5.883000E-02  -5.820000E-02  -1.996000E-01  -1.988000E-01  -1.897000E-01
  -1.808000E-01  -1.718000E-01  -1.627000E-01  -1.536000E-01  -1.444000E-01
  -1.353000E-01  -1.261000E-01  -1.170000E-01  -1.079000E-01  -9.880000E-02
  -8.976000E-02  -8.078000E-02  -7.185000E-02  -6.303000E-02  -5.417000E-02
  -4.516000E-02  -3.610000E-02  -3.564000E-02  -1.771000E-01  -1.762000E-01
  -1.669000E-01  -1.576000E-01  -1.483000E-01  -1.391000E-01  -1.298000E-01
  -1.205000E-01  -1.112000E-01  -1.020000E-01  -9.275000E-02  -8.361000E-02
  -7.449000E-02  -6.548000E-02  -5.658000E-02  -4.783000E-02  -3.943000E-02
  -3.098000E-02  -2.204001E-02  -1.422997E-02  -1.411001E-02  -1.536000E-01
  -1.528000E-01  -1.433000E-01  -1.338000E-01  -1.244000E-01  -1.150000E-01
  -1.056000E-01  -9.615000E-02  -8.679000E-02  -7.747000E-02  -6.821000E-02
  -5.904000E-02  -4.997000E-02  -4.100000E-02  -3.213999E-02  -2.325999E-02
  -1.556001E-02  -7.504065E-03   5.624368E-03   5.922130E-03   5.882503E-03
  -1.295000E-01  -1.287000E-01  -1.191000E-01  -1.095000E-01  -9.997001E-02
  -9.044000E-02  -8.095000E-02  -7.147000E-02  -6.205000E-02  -5.273000E-02
  -4.345000E-02  -3.429000E-02  -2.526000E-02  -1.634001E-02  -7.310012E-03
   5.727563E-03   5.961146E-03   6.089415E-03   6.199967E-03   6.300385E-03
   6.253025E-03  -1.214000E-01  -1.182000E-01  -1.085000E-01  -9.889000E-02
  -8.929000E-02  -7.974000E-02  -7.020000E-02  -6.072000E-02  -5.131000E-02
  -4.195000E-02  -3.269000E-02  -2.355000E-02  -1.456000E-02  -5.821998E-03
   2.240231E-03   6.108858E-03   6.186972E-03   6.256116E-03   6.326635E-03
   6.418901E-03   6.513934E-03  -3.119000E-01  -3.103000E-01  -3.103000E-01
  -3.107000E-01  -3.110000E-01  -3.113000E-01  -3.117000E-01  -3.120000E-01
  -3.123000E-01  -3.124000E-01  -3.123000E-01  -3.120000E-01  -3.116000E-01
  -3.109000E-01  -3.101000E-01  -3.090000E-01  -3.077000E-01  -3.061000E-01
  -3.046000E-01  -3.010000E-01  -3.004000E-01  -3.094000E-01  -3.069000E-01
  -3.064000E-01  -3.071000E-01  -3.076000E-01  -3.080000E-01  -3.083000E-01
  -3.084000E-01  -3.084000E-01  -3.082000E-01  -3.080000E-01  -3.075000E-01
  -3.070000E-01  -3.063000E-01  -3.056000E-01  -3.047000E-01  -3.034000E-01
  -3.021000E-01  -3.006000E-01  -2.974000E-01  -2.980000E-01  -3.097000E-01
  -3.073000E-01  -3.066000E-01  -3.073000E-01  -3.073000E-01  -3.073000E-01
  -3.072000E-01  -3.069000E-01  -3.064000E-01  -3.060000E-01  -3.052000E-01
  -3.044000E-01  -3.034000E-01  -3.023000E-01  -3.009000E-01  -2.994000E-01
  -2.976000E-01  -2.956000E-01  -2.933000E-01  -2.896000E-01  -2.896000E-01
  -3.106000E-01  -3.085000E-01  -3.074000E-01  -3.077000E-01  -3.074000E-01
  -3.070000E-01  -3.064000E-01  -3.058000E-01  -3.049000E-01  -3.040000E-01
  -3.029000E-01  -3.017000E-01  -3.003000E-01  -2.986000E-01  -2.968000E-01
  -2.946000E-01  -2.921000E-01  -2.893000E-01  -2.863000E-01  -2.818000E-01
  -2.820000E-01  -3.109000E-01  -3.084000E-01  -3.067000E-01  -3.066000E-01
  -3.060000E-01  -3.052000E-01  -3.043000E-01  -3.033000E-01  -3.021000E-01
  -3.007000E-01  -2.992000E-01  -2.975000E-01  -2.955000E-01  -2.932000E-01
  -2.907000E-01  -2.878000E-01  -2.845000E-01  -2.809000E-01  -2.769000E-01
  -2.715000E-01  -2.716000E-01  -3.100000E-01  -3.073000E-01  -3.053000E-01
  -3.049000E-01  -3.037000E-01  -3.027000E-01  -3.013000E-01  -2.998000E-01
  -2.982000E-01  -2.964000E-01  -2.942000E-01  -2.918000E-01  -2.892000E-01
  -2.861000E-01  -2.827000E-01  -2.789000E-01  -2.747000E-01  -2.700000E-01
  -2.650000E-01  -2.586000E-01  -2.585000E-01  -3.078000E-01  -3.054000E-01
  -3.030000E-01  -3.020000E-01  -3.006000E-01  -2.989000E-01  -2.972000E-01
  -2.951000E-01  -2.929000E-01  -2.903000E-01  -2.875000E-01  -2.843000E-01
  -2.807000E-01  -2.768000E-01  -2.725000E-01  -2.676000E-01  -2.624000E-01
  -2.566000E-01  -2.504000E-01  -2.432000E-01  -2.429000E-01  -3.043000E-01
  -3.026000E-01  -2.997000E-01  -2.981000E-01  -2.962000E-01  -2.939000E-01
  -2.915000E-01  -2.888000E-01  -2.857000E-01  -2.824000E-01  -2.786000E-01
  -2.745000E-01  -2.699000E-01  -2.650000E-01  -2.596000E-01  -2.537000E-01
  -2.474000E-01  -2.407000E-01  -2.335000E-01  -2.255000E-01  -2.250000E-01
  -2.995000E-01  -2.986000E-01  -2.950000E-01  -2.927000E-01  -2.900000E-01
  -2.871000E-01  -2.839000E-01  -2.803000E-01  -2.763000E-01  -2.720000E-01
  -2.673000E-01  -2.621000E-01  -2.565000E-01  -2.505000E-01  -2.441000E-01
  -2.372000E-01  -2.300000E-01  -2.224000E-01  -2.145000E-01  -2.059000E-01
  -2.052000E-01  -2.932000E-01  -2.930000E-01  -2.886000E-01  -2.855000E-01
  -2.821000E-01  -2.782000E-01  -2.740000E-01  -2.694000E-01  -2.644000E-01
  -2.590000E-01  -2.532000E-01  -2.471000E-01  -2.405000E-01  -2.335000E-01
  -2.262000E-01  -2.186000E-01  -2.106000E-01  -2.023000E-01  -1.937000E-01
  -1.847000E-01  -1.840000E-01  -2.853000E-01  -2.852000E-01  -2.801000E-01
  -2.760000E-01  -2.716000E-01  -2.667000E-01  -2.614000E-01  -2.558000E-01
  -2.498000E-01  -2.434000E-01  -2.366000E-01  -2.295000E-01  -2.222000E-01
  -2.145000E-01  -2.064000E-01  -1.981000E-01  -1.896000E-01  -1.809000E-01
  -1.720000E-01  -1.627000E-01  -1.619000E-01  -2.751000E-01  -2.750000E-01
  -2.690000E-01  -2.640000E-01  -2.584000E-01  -2.525000E-01  -2.462000E-01
  -2.395000E-01  -2.326000E-01  -2.254000E-01  -2.178000E-01  -2.100000E-01
  -2.019000E-01  -1.936000E-01  -1.852000E-01  -1.765000E-01  -1.676000E-01
  -1.587000E-01  -1.494000E-01  -1.399000E-01  -1.391000E-01  -2.623000E-01
  -2.622000E-01  -2.553000E-01  -2.491000E-01  -2.425000E-01  -2.356000E-01
  -2.285000E-01  -2.211000E-01  -2.134000E-01  -2.054000E-01  -1.972000E-01
  -1.889000E-01  -1.803000E-01  -1.717000E-01  -1.629000E-01  -1.540000E-01
  -1.449000E-01  -1.357000E-01  -1.263000E-01  -1.167000E-01  -1.160000E-01
  -2.470000E-01  -2.465000E-01  -2.389000E-01  -2.319000E-01  -2.244000E-01
  -2.168000E-01  -2.088000E-01  -2.006000E-01  -1.923000E-01  -1.839000E-01
  -1.753000E-01  -1.666000E-01  -1.579000E-01  -1.489000E-01  -1.399000E-01
  -1.309000E-01  -1.217000E-01  -1.124000E-01  -1.030000E-01  -9.343000E-02
  -9.269000E-02  -2.292000E-01  -2.285000E-01  -2.204000E-01  -2.124000E-01
  -2.043000E-01  -1.959000E-01  -1.875000E-01  -1.789000E-01  -1.702000E-01
  -1.614000E-01  -1.525000E-01  -1.436000E-01  -1.346000E-01  -1.256000E-01
  -1.165000E-01  -1.074000E-01  -9.830000E-02  -8.904000E-02  -7.964000E-02
  -7.006000E-02  -6.936000E-02  -2.093000E-01  -2.086000E-01  -1.998000E-01
  -1.913000E-01  -1.826000E-01  -1.739000E-01  -1.650000E-01  -1.561000E-01
  -1.471000E-01  -1.381000E-01  -1.290000E-01  -1.199000E-01  -1.109000E-01
  -1.019000E-01  -9.280000E-02  -8.374000E-02  -7.469000E-02  -6.557000E-02
  -5.630000E-02  -4.685000E-02  -4.622000E-02  -1.878000E-01  -1.870000E-01
  -1.780000E-01  -1.690000E-01  -1.600000E-01  -1.509000E-01  -1.417000E-01
  -1.326000E-01  -1.234000E-01  -1.142000E-01  -1.051000E-01  -9.597000E-02
  -8.685000E-02  -7.780000E-02  -6.881000E-02  -5.987000E-02  -5.105000E-02
  -4.219000E-02  -3.316000E-02  -2.411000E-02  -2.365000E-02  -1.652000E-01
  -1.645000E-01  -1.551000E-01  -1.458000E-01  -1.365000E-01  -1.272000E-01
  -1.179000E-01  -1.086000E-01  -9.931000E-02  -9.003000E-02  -8.080000E-02
  -7.165000E-02  -6.252000E-02  -5.350000E-02  -4.460000E-02  -3.584000E-02
  -2.744000E-02  -1.898001E-02  -1.005000E-02  -2.228027E-03  -2.113014E-03
  -1.418000E-01  -1.410000E-01  -1.314000E-01  -1.220000E-01  -1.125000E-01
  -1.031000E-01  -9.363000E-02  -8.420000E-02  -7.484000E-02  -6.551000E-02
  -5.623000E-02  -4.705000E-02  -3.798000E-02  -2.900001E-02  -2.013001E-02
  -1.126001E-02  -3.643011E-03   4.372111E-03   1.713695E-02   1.783082E-02
   1.774039E-02  -1.176000E-01  -1.168000E-01  -1.072000E-01  -9.763000E-02
  -8.804000E-02  -7.849000E-02  -6.900000E-02  -5.950000E-02  -5.008000E-02
  -4.074000E-02  -3.146000E-02  -2.229001E-02  -1.326000E-02  -4.344998E-03
   4.685303E-03   1.737952E-02   1.792004E-02   1.825202E-02   1.856814E-02
   1.889068E-02   1.875421E-02  -1.095000E-01  -1.063000E-01  -9.661000E-02
  -8.698000E-02  -7.737000E-02  -6.780000E-02  -5.825000E-02  -4.875000E-02
  -3.934000E-02  -2.997000E-02  -2.070000E-02  -1.155000E-02  -2.560006E-03
   6.177268E-03   1.423903E-02   1.829270E-02   1.855163E-02   1.875817E-02
   1.896893E-02   1.924325E-02   1.952184E-02  -2.972000E-01  -2.958000E-01
  -2.957000E-01  -2.961000E-01  -2.964000E-01  -2.968000E-01  -2.972000E-01
  -2.976000E-01  -2.978000E-01  -2.980000E-01  -2.979000E-01  -2.976000E-01
  -2.972000E-01  -2.965000E-01  -2.957000E-01  -2.945000E-01  -2.931000E-01
  -2.915000E-01  -2.899000E-01  -2.863000E-01  -2.859000E-01  -2.949000E-01
  -2.927000E-01  -2.922000E-01  -2.930000E-01  -2.935000E-01  -2.939000E-01
  -2.942000E-01  -2.943000E-01  -2.944000E-01  -2.942000E-01  -2.940000E-01
  -2.935000E-01  -2.930000E-01  -2.922000E-01  -2.915000E-01  -2.904000E-01
  -2.891000E-01  -2.877000E-01  -2.861000E-01  -2.828000E-01  -2.837000E-01
  -2.952000E-01  -2.932000E-01  -2.924000E-01  -2.932000E-01  -2.933000E-01
  -2.933000E-01  -2.932000E-01  -2.929000E-01  -2.924000E-01  -2.919000E-01
  -2.911000E-01  -2.903000E-01  -2.892000E-01  -2.880000E-01  -2.866000E-01
  -2.850000E-01  -2.831000E-01  -2.810000E-01  -2.786000E-01  -2.747000E-01
  -2.750000E-01  -2.961000E-01  -2.944000E-01  -2.933000E-01  -2.937000E-01
  -2.934000E-01  -2.930000E-01  -2.924000E-01  -2.918000E-01  -2.908000E-01
  -2.899000E-01  -2.887000E-01  -2.874000E-01  -2.859000E-01  -2.841000E-01
  -2.822000E-01  -2.799000E-01  -2.773000E-01  -2.744000E-01  -2.712000E-01
  -2.666000E-01  -2.670000E-01  -2.965000E-01  -2.944000E-01  -2.927000E-01
  -2.926000E-01  -2.920000E-01  -2.911000E-01  -2.902000E-01  -2.891000E-01
  -2.878000E-01  -2.864000E-01  -2.848000E-01  -2.829000E-01  -2.808000E-01
  -2.785000E-01  -2.758000E-01  -2.728000E-01  -2.693000E-01  -2.656000E-01
  -2.614000E-01  -2.559000E-01  -2.562000E-01  -2.957000E-01  -2.933000E-01
  -2.913000E-01  -2.908000E-01  -2.896000E-01  -2.885000E-01  -2.870000E-01
  -2.854000E-01  -2.837000E-01  -2.818000E-01  -2.795000E-01  -2.770000E-01
  -2.742000E-01  -2.710000E-01  -2.675000E-01  -2.635000E-01  -2.592000E-01
  -2.543000E-01  -2.491000E-01  -2.426000E-01  -2.427000E-01  -2.934000E-01
  -2.913000E-01  -2.888000E-01  -2.878000E-01  -2.863000E-01  -2.845000E-01
  -2.827000E-01  -2.805000E-01  -2.781000E-01  -2.755000E-01  -2.725000E-01
  -2.691000E-01  -2.654000E-01  -2.614000E-01  -2.569000E-01  -2.518000E-01
  -2.464000E-01  -2.405000E-01  -2.342000E-01  -2.268000E-01  -2.266000E-01
  -2.897000E-01  -2.884000E-01  -2.853000E-01  -2.836000E-01  -2.816000E-01
  -2.792000E-01  -2.767000E-01  -2.738000E-01  -2.706000E-01  -2.671000E-01
  -2.632000E-01  -2.589000E-01  -2.542000E-01  -2.491000E-01  -2.435000E-01
  -2.375000E-01  -2.310000E-01  -2.241000E-01  -2.168000E-01  -2.088000E-01
  -2.083000E-01  -2.847000E-01  -2.841000E-01  -2.803000E-01  -2.780000E-01
  -2.752000E-01  -2.721000E-01  -2.687000E-01  -2.650000E-01  -2.609000E-01
  -2.564000E-01  -2.515000E-01  -2.461000E-01  -2.403000E-01  -2.342000E-01
  -2.276000E-01  -2.207000E-01  -2.133000E-01  -2.056000E-01  -1.975000E-01
  -1.888000E-01  -1.882000E-01  -2.782000E-01  -2.781000E-01  -2.737000E-01
  -2.704000E-01  -2.668000E-01  -2.628000E-01  -2.584000E-01  -2.537000E-01
  -2.485000E-01  -2.429000E-01  -2.370000E-01  -2.307000E-01  -2.239000E-01
  -2.169000E-01  -2.095000E-01  -2.017000E-01  -1.936000E-01  -1.852000E-01
  -1.765000E-01  -1.675000E-01  -1.668000E-01  -2.698000E-01  -2.700000E-01
  -2.647000E-01  -2.605000E-01  -2.559000E-01  -2.508000E-01  -2.454000E-01
  -2.396000E-01  -2.335000E-01  -2.269000E-01  -2.200000E-01  -2.128000E-01
  -2.053000E-01  -1.975000E-01  -1.894000E-01  -1.810000E-01  -1.724000E-01
  -1.636000E-01  -1.545000E-01  -1.452000E-01  -1.445000E-01  -2.593000E-01
  -2.595000E-01  -2.533000E-01  -2.481000E-01  -2.423000E-01  -2.363000E-01
  -2.298000E-01  -2.231000E-01  -2.160000E-01  -2.086000E-01  -2.010000E-01
  -1.930000E-01  -1.848000E-01  -1.764000E-01  -1.679000E-01  -1.591000E-01
  -1.502000E-01  -1.411000E-01  -1.318000E-01  -1.222000E-01  -1.215000E-01
  -2.461000E-01  -2.462000E-01  -2.391000E-01  -2.328000E-01  -2.261000E-01
  -2.191000E-01  -2.118000E-01  -2.043000E-01  -1.964000E-01  -1.883000E-01
  -1.800000E-01  -1.716000E-01  -1.630000E-01  -1.543000E-01  -1.455000E-01
  -1.364000E-01  -1.273000E-01  -1.180000E-01  -1.086000E-01  -9.896000E-02
  -9.821000E-02  -2.304000E-01  -2.301000E-01  -2.225000E-01  -2.152000E-01
  -2.077000E-01  -1.999000E-01  -1.918000E-01  -1.836000E-01  -1.751000E-01
  -1.666000E-01  -1.579000E-01  -1.492000E-01  -1.403000E-01  -1.314000E-01
  -1.223000E-01  -1.132000E-01  -1.040000E-01  -9.464000E-02  -8.520000E-02
  -7.557000E-02  -7.484000E-02  -2.123000E-01  -2.118000E-01  -2.036000E-01
  -1.955000E-01  -1.872000E-01  -1.788000E-01  -1.702000E-01  -1.616000E-01
  -1.528000E-01  -1.439000E-01  -1.350000E-01  -1.259000E-01  -1.169000E-01
  -1.078000E-01  -9.873000E-02  -8.961000E-02  -8.044000E-02  -7.115000E-02
  -6.172000E-02  -5.213000E-02  -5.144000E-02  -1.922000E-01  -1.916000E-01
  -1.828000E-01  -1.741000E-01  -1.654000E-01  -1.565000E-01  -1.476000E-01
  -1.386000E-01  -1.295000E-01  -1.204000E-01  -1.113000E-01  -1.022000E-01
  -9.309000E-02  -8.403000E-02  -7.493000E-02  -6.584000E-02  -5.676000E-02
  -4.762000E-02  -3.834000E-02  -2.888000E-02  -2.825000E-02  -1.705000E-01
  -1.698000E-01  -1.607000E-01  -1.516000E-01  -1.426000E-01  -1.334000E-01
  -1.241000E-01  -1.149000E-01  -1.057000E-01  -9.646000E-02  -8.728000E-02
  -7.812000E-02  -6.896000E-02  -5.988000E-02  -5.087000E-02  -4.192000E-02
  -3.307000E-02  -2.420000E-02  -1.517000E-02  -6.115003E-03  -5.654003E-03
  -1.478000E-01  -1.470000E-01  -1.376000E-01  -1.282000E-01  -1.189000E-01
  -1.095000E-01  -1.001000E-01  -9.079000E-02  -8.149000E-02  -7.216000E-02
  -6.290000E-02  -5.372000E-02  -4.457000E-02  -3.553000E-02  -2.662000E-02
  -1.785000E-02  -9.442004E-03  -9.853003E-04   7.935733E-03   1.576429E-02
   1.588006E-02  -1.241000E-01  -1.234000E-01  -1.138000E-01  -1.043000E-01
  -9.474000E-02  -8.527000E-02  -7.579000E-02  -6.632000E-02  -5.693000E-02
  -4.757000E-02  -3.827000E-02  -2.908000E-02  -1.999000E-02  -1.101000E-02
  -2.135998E-03   6.727123E-03   1.429346E-02   2.225088E-02   3.453214E-02
   3.572174E-02   3.557388E-02  -9.983000E-02  -9.911000E-02  -8.943000E-02
  -7.983000E-02  -7.020000E-02  -6.062000E-02  -5.109000E-02  -4.157000E-02
  -3.213000E-02  -2.277000E-02  -1.347000E-02  -4.300999E-03   4.736730E-03
   1.365293E-02   2.267781E-02   3.494142E-02   3.587331E-02   3.648266E-02
   3.710583E-02   3.775094E-02   3.749446E-02  -9.177000E-02  -8.856000E-02
  -7.884000E-02  -6.916000E-02  -5.951000E-02  -4.991000E-02  -4.033000E-02
  -3.081000E-02  -2.137000E-02  -1.199000E-02  -2.708002E-03   6.445508E-03
   1.543803E-02   2.417666E-02   3.223950E-02   3.655164E-02   3.707642E-02
   3.748696E-02   3.790617E-02   3.844776E-02   3.898799E-02  -2.806000E-01
  -2.793000E-01  -2.792000E-01  -2.796000E-01  -2.799000E-01  -2.803000E-01
  -2.807000E-01  -2.812000E-01  -2.815000E-01  -2.817000E-01  -2.817000E-01
  -2.815000E-01  -2.810000E-01  -2.803000E-01  -2.794000E-01  -2.781000E-01
  -2.766000E-01  -2.748000E-01  -2.731000E-01  -2.692000E-01  -2.691000E-01
  -2.784000E-01  -2.766000E-01  -2.761000E-01  -2.769000E-01  -2.776000E-01
  -2.780000E-01  -2.785000E-01  -2.786000E-01  -2.787000E-01  -2.786000E-01
  -2.784000E-01  -2.779000E-01  -2.772000E-01  -2.764000E-01  -2.755000E-01
  -2.743000E-01  -2.728000E-01  -2.712000E-01  -2.693000E-01  -2.659000E-01
  -2.670000E-01  -2.787000E-01  -2.772000E-01  -2.765000E-01  -2.773000E-01
  -2.775000E-01  -2.775000E-01  -2.775000E-01  -2.772000E-01  -2.767000E-01
  -2.762000E-01  -2.753000E-01  -2.743000E-01  -2.732000E-01  -2.718000E-01
  -2.702000E-01  -2.684000E-01  -2.663000E-01  -2.639000E-01  -2.613000E-01
  -2.571000E-01  -2.577000E-01  -2.797000E-01  -2.787000E-01  -2.776000E-01
  -2.780000E-01  -2.777000E-01  -2.773000E-01  -2.767000E-01  -2.760000E-01
  -2.750000E-01  -2.739000E-01  -2.726000E-01  -2.711000E-01  -2.694000E-01
  -2.674000E-01  -2.652000E-01  -2.627000E-01  -2.598000E-01  -2.566000E-01
  -2.531000E-01  -2.482000E-01  -2.489000E-01  -2.803000E-01  -2.788000E-01
  -2.770000E-01  -2.769000E-01  -2.762000E-01  -2.752000E-01  -2.743000E-01
  -2.731000E-01  -2.716000E-01  -2.700000E-01  -2.682000E-01  -2.661000E-01
  -2.638000E-01  -2.611000E-01  -2.582000E-01  -2.548000E-01  -2.511000E-01
  -2.470000E-01  -2.424000E-01  -2.366000E-01  -2.372000E-01  -2.795000E-01
  -2.777000E-01  -2.755000E-01  -2.749000E-01  -2.736000E-01  -2.723000E-01
  -2.707000E-01  -2.689000E-01  -2.670000E-01  -2.648000E-01  -2.623000E-01
  -2.595000E-01  -2.564000E-01  -2.529000E-01  -2.491000E-01  -2.447000E-01
  -2.400000E-01  -2.348000E-01  -2.292000E-01  -2.225000E-01  -2.228000E-01
  -2.771000E-01  -2.754000E-01  -2.728000E-01  -2.716000E-01  -2.699000E-01
  -2.679000E-01  -2.658000E-01  -2.634000E-01  -2.608000E-01  -2.578000E-01
  -2.545000E-01  -2.509000E-01  -2.468000E-01  -2.424000E-01  -2.375000E-01
  -2.321000E-01  -2.264000E-01  -2.201000E-01  -2.135000E-01  -2.059000E-01
  -2.059000E-01  -2.731000E-01  -2.720000E-01  -2.688000E-01  -2.669000E-01
  -2.646000E-01  -2.620000E-01  -2.592000E-01  -2.560000E-01  -2.525000E-01
  -2.487000E-01  -2.444000E-01  -2.398000E-01  -2.347000E-01  -2.293000E-01
  -2.233000E-01  -2.169000E-01  -2.102000E-01  -2.030000E-01  -1.954000E-01
  -1.872000E-01  -1.868000E-01  -2.676000E-01  -2.673000E-01  -2.633000E-01
  -2.606000E-01  -2.575000E-01  -2.541000E-01  -2.504000E-01  -2.463000E-01
  -2.419000E-01  -2.371000E-01  -2.318000E-01  -2.261000E-01  -2.200000E-01
  -2.135000E-01  -2.066000E-01  -1.994000E-01  -1.917000E-01  -1.837000E-01
  -1.755000E-01  -1.666000E-01  -1.661000E-01  -2.603000E-01  -2.606000E-01
  -2.559000E-01  -2.523000E-01  -2.483000E-01  -2.440000E-01  -2.393000E-01
  -2.342000E-01  -2.287000E-01  -2.228000E-01  -2.165000E-01  -2.098000E-01
  -2.028000E-01  -1.954000E-01  -1.877000E-01  -1.797000E-01  -1.714000E-01
  -1.628000E-01  -1.540000E-01  -1.447000E-01  -1.441000E-01  -2.512000E-01
  -2.517000E-01  -2.461000E-01  -2.416000E-01  -2.366000E-01  -2.312000E-01
  -2.254000E-01  -2.193000E-01  -2.128000E-01  -2.059000E-01  -1.987000E-01
  -1.913000E-01  -1.835000E-01  -1.755000E-01  -1.671000E-01  -1.585000E-01
  -1.497000E-01  -1.407000E-01  -1.315000E-01  -1.221000E-01  -1.214000E-01
  -2.398000E-01  -2.402000E-01  -2.338000E-01  -2.282000E-01  -2.221000E-01
  -2.157000E-01  -2.090000E-01  -2.019000E-01  -1.945000E-01  -1.869000E-01
  -1.790000E-01  -1.708000E-01  -1.624000E-01  -1.538000E-01  -1.451000E-01
  -1.362000E-01  -1.271000E-01  -1.179000E-01  -1.085000E-01  -9.881000E-02
  -9.808000E-02  -2.258000E-01  -2.261000E-01  -2.188000E-01  -2.121000E-01
  -2.051000E-01  -1.978000E-01  -1.903000E-01  -1.825000E-01  -1.744000E-01
  -1.661000E-01  -1.576000E-01  -1.489000E-01  -1.402000E-01  -1.313000E-01
  -1.223000E-01  -1.132000E-01  -1.039000E-01  -9.450000E-02  -8.498000E-02
  -7.530000E-02  -7.456000E-02  -2.094000E-01  -2.093000E-01  -2.013000E-01
  -1.938000E-01  -1.860000E-01  -1.780000E-01  -1.697000E-01  -1.612000E-01
  -1.526000E-01  -1.439000E-01  -1.350000E-01  -1.261000E-01  -1.171000E-01
  -1.080000E-01  -9.883000E-02  -8.961000E-02  -8.031000E-02  -7.091000E-02
  -6.141000E-02  -5.174000E-02  -5.102000E-02  -1.906000E-01  -1.902000E-01
  -1.818000E-01  -1.735000E-01  -1.650000E-01  -1.564000E-01  -1.476000E-01
  -1.387000E-01  -1.298000E-01  -1.208000E-01  -1.117000E-01  -1.026000E-01
  -9.341000E-02  -8.424000E-02  -7.505000E-02  -6.585000E-02  -5.662000E-02
  -4.728000E-02  -3.781000E-02  -2.819000E-02  -2.750000E-02  -1.700000E-01
  -1.694000E-01  -1.604000E-01  -1.516000E-01  -1.427000E-01  -1.336000E-01
  -1.246000E-01  -1.154000E-01  -1.062000E-01  -9.698000E-02  -8.777000E-02
  -7.856000E-02  -6.937000E-02  -6.023000E-02  -5.108000E-02  -4.195000E-02
  -3.283000E-02  -2.366000E-02  -1.436000E-02  -4.888003E-03  -4.258003E-03
  -1.478000E-01  -1.471000E-01  -1.379000E-01  -1.287000E-01  -1.195000E-01
  -1.101000E-01  -1.008000E-01  -9.143000E-02  -8.210000E-02  -7.279000E-02
  -6.353000E-02  -5.430000E-02  -4.509000E-02  -3.597000E-02  -2.692000E-02
  -1.795000E-02  -9.087002E-03  -2.078001E-04   8.822720E-03   1.788045E-02
   1.834187E-02  -1.247000E-01  -1.239000E-01  -1.144000E-01  -1.049000E-01
  -9.546000E-02  -8.598000E-02  -7.651000E-02  -6.709000E-02  -5.771000E-02
  -4.832000E-02  -3.901000E-02  -2.979000E-02  -2.061000E-02  -1.155000E-02
  -2.624004E-03   6.142810E-03   1.455190E-02   2.301077E-02   3.191831E-02
   3.975743E-02   3.987433E-02  -1.007000E-01  -9.999000E-02  -9.031000E-02
  -8.068000E-02  -7.108000E-02  -6.152000E-02  -5.198000E-02  -4.246000E-02
  -3.302000E-02  -2.362000E-02  -1.430000E-02  -5.092001E-03   4.004569E-03
   1.298594E-02   2.186181E-02   3.071168E-02   3.823607E-02   4.611576E-02
   5.782168E-02   5.959784E-02   5.938583E-02  -7.626000E-02  -7.552000E-02
  -6.577000E-02  -5.610000E-02  -4.640000E-02  -3.676000E-02  -2.718000E-02
  -1.763000E-02  -8.155002E-03   1.220964E-03   1.052318E-02   1.969563E-02
   2.873460E-02   3.765056E-02   4.666501E-02   5.842901E-02   5.982388E-02
   6.078744E-02   6.179692E-02   6.285298E-02   6.246004E-02  -6.813000E-02
  -6.489000E-02  -5.512000E-02  -4.537000E-02  -3.565000E-02  -2.600000E-02
  -1.638000E-02  -6.834003E-03   2.620239E-03   1.200435E-02   2.128818E-02
   3.044271E-02   3.943611E-02   4.817603E-02   5.624302E-02   6.086803E-02
   6.173699E-02   6.241549E-02   6.310875E-02   6.399615E-02   6.486282E-02
  -2.635000E-01  -2.622000E-01  -2.621000E-01  -2.625000E-01  -2.628000E-01
  -2.632000E-01  -2.638000E-01  -2.643000E-01  -2.648000E-01  -2.651000E-01
  -2.652000E-01  -2.650000E-01  -2.645000E-01  -2.637000E-01  -2.627000E-01
  -2.612000E-01  -2.594000E-01  -2.573000E-01  -2.552000E-01  -2.510000E-01
  -2.511000E-01  -2.613000E-01  -2.598000E-01  -2.594000E-01  -2.603000E-01
  -2.612000E-01  -2.618000E-01  -2.624000E-01  -2.627000E-01  -2.629000E-01
  -2.628000E-01  -2.625000E-01  -2.620000E-01  -2.612000E-01  -2.602000E-01
  -2.590000E-01  -2.576000E-01  -2.557000E-01  -2.537000E-01  -2.514000E-01
  -2.476000E-01  -2.488000E-01  -2.616000E-01  -2.607000E-01  -2.600000E-01
  -2.610000E-01  -2.614000E-01  -2.615000E-01  -2.615000E-01  -2.613000E-01
  -2.608000E-01  -2.601000E-01  -2.591000E-01  -2.579000E-01  -2.565000E-01
  -2.549000E-01  -2.529000E-01  -2.507000E-01  -2.482000E-01  -2.453000E-01
  -2.421000E-01  -2.375000E-01  -2.383000E-01  -2.628000E-01  -2.626000E-01
  -2.615000E-01  -2.620000E-01  -2.618000E-01  -2.613000E-01  -2.607000E-01
  -2.598000E-01  -2.587000E-01  -2.574000E-01  -2.558000E-01  -2.539000E-01
  -2.519000E-01  -2.495000E-01  -2.468000E-01  -2.438000E-01  -2.403000E-01
  -2.366000E-01  -2.324000E-01  -2.271000E-01  -2.280000E-01  -2.637000E-01
  -2.630000E-01  -2.612000E-01  -2.610000E-01  -2.602000E-01  -2.591000E-01
  -2.579000E-01  -2.564000E-01  -2.546000E-01  -2.527000E-01  -2.505000E-01
  -2.480000E-01  -2.451000E-01  -2.420000E-01  -2.384000E-01  -2.345000E-01
  -2.302000E-01  -2.255000E-01  -2.203000E-01  -2.140000E-01  -2.147000E-01
  -2.630000E-01  -2.618000E-01  -2.593000E-01  -2.586000E-01  -2.570000E-01
  -2.555000E-01  -2.536000E-01  -2.514000E-01  -2.491000E-01  -2.464000E-01
  -2.434000E-01  -2.401000E-01  -2.364000E-01  -2.323000E-01  -2.278000E-01
  -2.229000E-01  -2.176000E-01  -2.117000E-01  -2.055000E-01  -1.984000E-01
  -1.988000E-01  -2.603000E-01  -2.591000E-01  -2.561000E-01  -2.546000E-01
  -2.525000E-01  -2.502000E-01  -2.477000E-01  -2.448000E-01  -2.416000E-01
  -2.381000E-01  -2.342000E-01  -2.300000E-01  -2.253000E-01  -2.202000E-01
  -2.148000E-01  -2.088000E-01  -2.024000E-01  -1.956000E-01  -1.883000E-01
  -1.804000E-01  -1.804000E-01  -2.557000E-01  -2.549000E-01  -2.512000E-01
  -2.489000E-01  -2.462000E-01  -2.431000E-01  -2.397000E-01  -2.360000E-01
  -2.319000E-01  -2.275000E-01  -2.226000E-01  -2.173000E-01  -2.116000E-01
  -2.055000E-01  -1.990000E-01  -1.921000E-01  -1.848000E-01  -1.771000E-01
  -1.690000E-01  -1.604000E-01  -1.601000E-01  -2.491000E-01  -2.490000E-01
  -2.446000E-01  -2.414000E-01  -2.378000E-01  -2.338000E-01  -2.295000E-01
  -2.248000E-01  -2.197000E-01  -2.143000E-01  -2.084000E-01  -2.021000E-01
  -1.954000E-01  -1.884000E-01  -1.809000E-01  -1.732000E-01  -1.651000E-01
  -1.567000E-01  -1.481000E-01  -1.390000E-01  -1.385000E-01  -2.406000E-01
  -2.410000E-01  -2.358000E-01  -2.316000E-01  -2.271000E-01  -2.221000E-01
  -2.168000E-01  -2.111000E-01  -2.050000E-01  -1.985000E-01  -1.916000E-01
  -1.844000E-01  -1.769000E-01  -1.690000E-01  -1.609000E-01  -1.525000E-01
  -1.439000E-01  -1.349000E-01  -1.258000E-01  -1.163000E-01  -1.157000E-01
  -2.300000E-01  -2.306000E-01  -2.246000E-01  -2.194000E-01  -2.138000E-01
  -2.078000E-01  -2.014000E-01  -1.947000E-01  -1.877000E-01  -1.803000E-01
  -1.726000E-01  -1.647000E-01  -1.565000E-01  -1.481000E-01  -1.393000E-01
  -1.304000E-01  -1.214000E-01  -1.121000E-01  -1.027000E-01  -9.309000E-02
  -9.237000E-02  -2.170000E-01  -2.176000E-01  -2.107000E-01  -2.045000E-01
  -1.979000E-01  -1.909000E-01  -1.836000E-01  -1.760000E-01  -1.682000E-01
  -1.601000E-01  -1.518000E-01  -1.433000E-01  -1.345000E-01  -1.256000E-01
  -1.166000E-01  -1.075000E-01  -9.816000E-02  -8.877000E-02  -7.915000E-02
  -6.939000E-02  -6.864000E-02  -2.016000E-01  -2.019000E-01  -1.943000E-01
  -1.870000E-01  -1.795000E-01  -1.717000E-01  -1.637000E-01  -1.555000E-01
  -1.470000E-01  -1.384000E-01  -1.295000E-01  -1.206000E-01  -1.116000E-01
  -1.024000E-01  -9.324000E-02  -8.394000E-02  -7.449000E-02  -6.496000E-02
  -5.533000E-02  -4.557000E-02  -4.481000E-02  -1.838000E-01  -1.838000E-01
  -1.755000E-01  -1.675000E-01  -1.592000E-01  -1.508000E-01  -1.422000E-01
  -1.333000E-01  -1.244000E-01  -1.154000E-01  -1.063000E-01  -9.718000E-02
  -8.801000E-02  -7.870000E-02  -6.937000E-02  -6.002000E-02  -5.061000E-02
  -4.112000E-02  -3.155000E-02  -2.183000E-02  -2.110000E-02  -1.639000E-01
  -1.636000E-01  -1.548000E-01  -1.462000E-01  -1.373000E-01  -1.284000E-01
  -1.193000E-01  -1.102000E-01  -1.010000E-01  -9.177000E-02  -8.250000E-02
  -7.318000E-02  -6.388000E-02  -5.458000E-02  -4.530000E-02  -3.602000E-02
  -2.673000E-02  -1.734000E-02  -7.842002E-03   1.798489E-03   2.492591E-03
  -1.424000E-01  -1.419000E-01  -1.326000E-01  -1.235000E-01  -1.143000E-01
  -1.050000E-01  -9.566000E-02  -8.634000E-02  -7.692000E-02  -6.753000E-02
  -5.818000E-02  -4.886000E-02  -3.958000E-02  -3.036000E-02  -2.116000E-02
  -1.199000E-02  -2.851001E-03   6.329540E-03   1.563126E-02   2.510530E-02
   2.573535E-02  -1.194000E-01  -1.188000E-01  -1.093000E-01  -9.989000E-02
  -9.046000E-02  -8.093000E-02  -7.141000E-02  -6.192000E-02  -5.246000E-02
  -4.304000E-02  -3.370000E-02  -2.440000E-02  -1.515000E-02  -5.993002E-03
   3.067139E-03   1.204089E-02   2.090582E-02   2.978824E-02   3.881727E-02
   4.787772E-02   4.833988E-02  -9.573000E-02  -9.501000E-02  -8.536000E-02
  -7.567000E-02  -6.602000E-02  -5.640000E-02  -4.682000E-02  -3.729000E-02
  -2.784000E-02  -1.840000E-02  -9.047002E-03   1.991134E-04   9.380598E-03
   1.844143E-02   2.737111E-02   3.613739E-02   4.454626E-02   5.300475E-02
   6.188994E-02   6.975030E-02   6.986891E-02  -7.137000E-02  -7.061000E-02
  -6.080000E-02  -5.105000E-02  -4.133000E-02  -3.169000E-02  -2.208000E-02
  -1.251000E-02  -3.035004E-03   6.367700E-03   1.569140E-02   2.490253E-02
   3.400116E-02   4.298247E-02   5.185836E-02   6.068657E-02   6.817025E-02
   7.596314E-02   8.703829E-02   8.947540E-02   8.919993E-02  -4.663000E-02
  -4.586000E-02  -3.602000E-02  -2.626000E-02  -1.649000E-02  -6.806002E-03
   2.802968E-03   1.235825E-02   2.183667E-02   3.121681E-02   4.051846E-02
   4.969261E-02   5.873219E-02   6.764720E-02   7.664374E-02   8.785809E-02
   8.978098E-02   9.116338E-02   9.262196E-02   9.416258E-02   9.363266E-02
  -3.839000E-02  -3.511000E-02  -2.528000E-02  -1.546000E-02  -5.697002E-03
   3.981060E-03   1.360814E-02   2.315738E-02   3.261580E-02   4.200008E-02
   5.128403E-02   6.043923E-02   6.943369E-02   7.817551E-02   8.625096E-02
   9.122215E-02   9.250460E-02   9.351110E-02   9.454008E-02   9.584318E-02
   9.708653E-02  -2.496000E-01  -2.483000E-01  -2.481000E-01  -2.484000E-01
  -2.488000E-01  -2.493000E-01  -2.499000E-01  -2.506000E-01  -2.512000E-01
  -2.517000E-01  -2.519000E-01  -2.517000E-01  -2.512000E-01  -2.503000E-01
  -2.490000E-01  -2.473000E-01  -2.451000E-01  -2.425000E-01  -2.397000E-01
  -2.351000E-01  -2.351000E-01  -2.472000E-01  -2.459000E-01  -2.456000E-01
  -2.466000E-01  -2.477000E-01  -2.486000E-01  -2.494000E-01  -2.499000E-01
  -2.502000E-01  -2.501000E-01  -2.499000E-01  -2.492000E-01  -2.482000E-01
  -2.469000E-01  -2.454000E-01  -2.435000E-01  -2.411000E-01  -2.385000E-01
  -2.355000E-01  -2.311000E-01  -2.325000E-01  -2.475000E-01  -2.471000E-01
  -2.464000E-01  -2.476000E-01  -2.483000E-01  -2.485000E-01  -2.487000E-01
  -2.485000E-01  -2.479000E-01  -2.471000E-01  -2.459000E-01  -2.444000E-01
  -2.426000E-01  -2.405000E-01  -2.381000E-01  -2.352000E-01  -2.321000E-01
  -2.285000E-01  -2.246000E-01  -2.194000E-01  -2.203000E-01  -2.490000E-01
  -2.496000E-01  -2.485000E-01  -2.491000E-01  -2.490000E-01  -2.485000E-01
  -2.478000E-01  -2.467000E-01  -2.453000E-01  -2.436000E-01  -2.416000E-01
  -2.393000E-01  -2.367000E-01  -2.337000E-01  -2.304000E-01  -2.266000E-01
  -2.224000E-01  -2.178000E-01  -2.129000E-01  -2.069000E-01  -2.078000E-01
  -2.503000E-01  -2.504000E-01  -2.484000E-01  -2.481000E-01  -2.472000E-01
  -2.458000E-01  -2.443000E-01  -2.425000E-01  -2.403000E-01  -2.378000E-01
  -2.350000E-01  -2.318000E-01  -2.283000E-01  -2.245000E-01  -2.201000E-01
  -2.154000E-01  -2.102000E-01  -2.047000E-01  -1.987000E-01  -1.918000E-01
  -1.925000E-01  -2.496000E-01  -2.490000E-01  -2.462000E-01  -2.451000E-01
  -2.433000E-01  -2.413000E-01  -2.389000E-01  -2.362000E-01  -2.333000E-01
  -2.300000E-01  -2.263000E-01  -2.221000E-01  -2.177000E-01  -2.128000E-01
  -2.075000E-01  -2.017000E-01  -1.956000E-01  -1.890000E-01  -1.820000E-01
  -1.743000E-01  -1.747000E-01  -2.465000E-01  -2.456000E-01  -2.422000E-01
  -2.402000E-01  -2.376000E-01  -2.347000E-01  -2.315000E-01  -2.279000E-01
  -2.240000E-01  -2.197000E-01  -2.151000E-01  -2.100000E-01  -2.045000E-01
  -1.986000E-01  -1.924000E-01  -1.856000E-01  -1.785000E-01  -1.710000E-01
  -1.631000E-01  -1.547000E-01  -1.547000E-01  -2.408000E-01  -2.402000E-01
  -2.360000E-01  -2.331000E-01  -2.297000E-01  -2.259000E-01  -2.217000E-01
  -2.172000E-01  -2.123000E-01  -2.071000E-01  -2.014000E-01  -1.953000E-01
  -1.889000E-01  -1.820000E-01  -1.748000E-01  -1.672000E-01  -1.592000E-01
  -1.509000E-01  -1.424000E-01  -1.334000E-01  -1.331000E-01  -2.328000E-01
  -2.328000E-01  -2.278000E-01  -2.238000E-01  -2.194000E-01  -2.146000E-01
  -2.095000E-01  -2.040000E-01  -1.981000E-01  -1.919000E-01  -1.853000E-01
  -1.782000E-01  -1.708000E-01  -1.631000E-01  -1.551000E-01  -1.468000E-01
  -1.382000E-01  -1.294000E-01  -1.203000E-01  -1.110000E-01  -1.104000E-01
  -2.224000E-01  -2.229000E-01  -2.171000E-01  -2.120000E-01  -2.067000E-01
  -2.009000E-01  -1.948000E-01  -1.883000E-01  -1.814000E-01  -1.742000E-01
  -1.667000E-01  -1.589000E-01  -1.508000E-01  -1.424000E-01  -1.338000E-01
  -1.249000E-01  -1.159000E-01  -1.066000E-01  -9.717000E-02  -8.755000E-02
  -8.687000E-02  -2.098000E-01  -2.105000E-01  -2.038000E-01  -1.978000E-01
  -1.914000E-01  -1.846000E-01  -1.775000E-01  -1.701000E-01  -1.624000E-01
  -1.544000E-01  -1.462000E-01  -1.378000E-01  -1.291000E-01  -1.203000E-01
  -1.112000E-01  -1.020000E-01  -9.263000E-02  -8.313000E-02  -7.349000E-02
  -6.374000E-02  -6.298000E-02  -1.948000E-01  -1.955000E-01  -1.880000E-01
  -1.810000E-01  -1.736000E-01  -1.660000E-01  -1.581000E-01  -1.499000E-01
  -1.416000E-01  -1.330000E-01  -1.243000E-01  -1.154000E-01  -1.063000E-01
  -9.706000E-02  -8.776000E-02  -7.836000E-02  -6.886000E-02  -5.930000E-02
  -4.954000E-02  -3.968000E-02  -3.890000E-02  -1.776000E-01  -1.779000E-01
  -1.697000E-01  -1.618000E-01  -1.537000E-01  -1.454000E-01  -1.368000E-01
  -1.281000E-01  -1.193000E-01  -1.103000E-01  -1.011000E-01  -9.190000E-02
  -8.261000E-02  -7.325000E-02  -6.385000E-02  -5.439000E-02  -4.481000E-02
  -3.518000E-02  -2.546000E-02  -1.565000E-02  -1.488000E-02  -1.582000E-01
  -1.581000E-01  -1.494000E-01  -1.409000E-01  -1.321000E-01  -1.233000E-01
  -1.143000E-01  -1.051000E-01  -9.586000E-02  -8.658000E-02  -7.724000E-02
  -6.789000E-02  -5.854000E-02  -4.908000E-02  -3.963000E-02  -3.018000E-02
  -2.071000E-02  -1.117000E-02  -1.567002E-03   8.158208E-03   8.891212E-03
  -1.370000E-01  -1.367000E-01  -1.275000E-01  -1.185000E-01  -1.093000E-01
  -9.996000E-02  -9.061000E-02  -8.122000E-02  -7.179000E-02  -6.239000E-02
  -5.295000E-02  -4.350000E-02  -3.409000E-02  -2.471000E-02  -1.537000E-02
  -6.049002E-03   3.256539E-03   1.264945E-02   2.214871E-02   3.179369E-02
   3.248926E-02  -1.145000E-01  -1.139000E-01  -1.044000E-01  -9.493000E-02
  -8.543000E-02  -7.590000E-02  -6.638000E-02  -5.688000E-02  -4.731000E-02
  -3.780000E-02  -2.835000E-02  -1.895000E-02  -9.623003E-03  -3.795004E-04
   8.829127E-03   1.800042E-02   2.714151E-02   3.632463E-02   4.562655E-02
   5.510079E-02   5.573006E-02  -9.076000E-02  -9.009000E-02  -8.038000E-02
  -7.071000E-02  -6.108000E-02  -5.139000E-02  -4.173000E-02  -3.213000E-02
  -2.258000E-02  -1.311000E-02  -3.721003E-03   5.586735E-03   1.483912E-02
   2.399896E-02   3.306163E-02   4.203561E-02   5.090127E-02   5.978501E-02
   6.881205E-02   7.787616E-02   7.833908E-02  -6.647000E-02  -6.570000E-02
  -5.590000E-02  -4.606000E-02  -3.628000E-02  -2.656000E-02  -1.691000E-02
  -7.335002E-03   2.144746E-03   1.158766E-02   2.094335E-02   3.019475E-02
   3.937526E-02   4.843605E-02   5.736716E-02   6.613150E-02   7.454017E-02
   8.299676E-02   9.185632E-02   9.974529E-02   9.986583E-02  -4.171000E-02
  -4.091000E-02  -3.101000E-02  -2.117000E-02  -1.139000E-02  -1.712002E-03
   7.906359E-03   1.747635E-02   2.695673E-02   3.636166E-02   4.568623E-02
   5.489851E-02   6.399779E-02   7.297894E-02   8.185319E-02   9.065589E-02
   9.811098E-02   1.058283E-01   1.163588E-01   1.193864E-01   1.190609E-01
  -1.675000E-02  -1.596000E-02  -6.076002E-03   3.719017E-03   1.349331E-02
   2.318362E-02   3.279709E-02   4.235221E-02   5.183100E-02   6.121289E-02
   7.051387E-02   7.968965E-02   8.872976E-02   9.764344E-02   1.066184E-01
   1.173557E-01   1.197568E-01   1.215331E-01   1.234071E-01   1.254019E-01
   1.247680E-01  -8.449003E-03  -5.154002E-03   4.700842E-03   1.452613E-02
   2.429272E-02   3.397422E-02   4.360124E-02   5.315043E-02   6.261123E-02
   7.199583E-02   8.127989E-02   9.043570E-02   9.943127E-02   1.081752E-01
   1.162614E-01   1.215360E-01   1.232135E-01   1.245400E-01   1.258966E-01
   1.275979E-01   1.291910E-01  -2.276000E-01  -2.261000E-01  -2.258000E-01
  -2.259000E-01  -2.264000E-01  -2.270000E-01  -2.279000E-01  -2.289000E-01
  -2.299000E-01  -2.307000E-01  -2.312000E-01  -2.310000E-01  -2.303000E-01
  -2.290000E-01  -2.269000E-01  -2.242000E-01  -2.206000E-01  -2.165000E-01
  -2.118000E-01  -2.056000E-01  -2.050000E-01  -2.248000E-01  -2.238000E-01
  -2.234000E-01  -2.250000E-01  -2.266000E-01  -2.283000E-01  -2.298000E-01
  -2.310000E-01  -2.318000E-01  -2.319000E-01  -2.315000E-01  -2.305000E-01
  -2.287000E-01  -2.264000E-01  -2.235000E-01  -2.200000E-01  -2.159000E-01
  -2.113000E-01  -2.061000E-01  -1.998000E-01  -2.007000E-01  -2.248000E-01
  -2.255000E-01  -2.251000E-01  -2.269000E-01  -2.282000E-01  -2.292000E-01
  -2.297000E-01  -2.297000E-01  -2.290000E-01  -2.278000E-01  -2.258000E-01
  -2.233000E-01  -2.202000E-01  -2.165000E-01  -2.122000E-01  -2.074000E-01
  -2.021000E-01  -1.964000E-01  -1.901000E-01  -1.828000E-01  -1.832000E-01
  -2.269000E-01  -2.298000E-01  -2.288000E-01  -2.299000E-01  -2.301000E-01
  -2.296000E-01  -2.286000E-01  -2.269000E-01  -2.246000E-01  -2.217000E-01
  -2.183000E-01  -2.143000E-01  -2.098000E-01  -2.048000E-01  -1.992000E-01
  -1.932000E-01  -1.867000E-01  -1.797000E-01  -1.725000E-01  -1.646000E-01
  -1.649000E-01  -2.291000E-01  -2.319000E-01  -2.297000E-01  -2.292000E-01
  -2.278000E-01  -2.257000E-01  -2.231000E-01  -2.199000E-01  -2.161000E-01
  -2.118000E-01  -2.071000E-01  -2.018000E-01  -1.961000E-01  -1.899000E-01
  -1.832000E-01  -1.761000E-01  -1.687000E-01  -1.610000E-01  -1.529000E-01
  -1.444000E-01  -1.444000E-01  -2.285000E-01  -2.302000E-01  -2.266000E-01
  -2.244000E-01  -2.214000E-01  -2.180000E-01  -2.139000E-01  -2.093000E-01
  -2.043000E-01  -1.988000E-01  -1.928000E-01  -1.864000E-01  -1.795000E-01
  -1.723000E-01  -1.649000E-01  -1.570000E-01  -1.489000E-01  -1.405000E-01
  -1.318000E-01  -1.228000E-01  -1.225000E-01  -2.239000E-01  -2.244000E-01
  -2.197000E-01  -2.159000E-01  -2.116000E-01  -2.067000E-01  -2.014000E-01
  -1.956000E-01  -1.894000E-01  -1.827000E-01  -1.758000E-01  -1.684000E-01
  -1.608000E-01  -1.529000E-01  -1.447000E-01  -1.362000E-01  -1.275000E-01
  -1.185000E-01  -1.094000E-01  -9.996000E-02  -9.944000E-02  -2.149000E-01
  -2.150000E-01  -2.091000E-01  -2.040000E-01  -1.984000E-01  -1.924000E-01
  -1.859000E-01  -1.791000E-01  -1.719000E-01  -1.644000E-01  -1.566000E-01
  -1.486000E-01  -1.403000E-01  -1.318000E-01  -1.230000E-01  -1.140000E-01
  -1.049000E-01  -9.554000E-02  -8.606000E-02  -7.640000E-02  -7.568000E-02
  -2.021000E-01  -2.022000E-01  -1.954000E-01  -1.892000E-01  -1.823000E-01
  -1.753000E-01  -1.679000E-01  -1.603000E-01  -1.524000E-01  -1.442000E-01
  -1.358000E-01  -1.272000E-01  -1.184000E-01  -1.094000E-01  -1.002000E-01
  -9.091000E-02  -8.147000E-02  -7.188000E-02  -6.221000E-02  -5.240000E-02
  -5.162000E-02  -1.863000E-01  -1.866000E-01  -1.789000E-01  -1.715000E-01
  -1.640000E-01  -1.561000E-01  -1.480000E-01  -1.397000E-01  -1.312000E-01
  -1.225000E-01  -1.136000E-01  -1.045000E-01  -9.535000E-02  -8.606000E-02
  -7.665000E-02  -6.714000E-02  -5.759000E-02  -4.781000E-02  -3.796000E-02
  -2.806000E-02  -2.726000E-02  -1.681000E-01  -1.684000E-01  -1.600000E-01
  -1.520000E-01  -1.437000E-01  -1.352000E-01  -1.265000E-01  -1.177000E-01
  -1.087000E-01  -9.957000E-02  -9.035000E-02  -8.104000E-02  -7.162000E-02
  -6.218000E-02  -5.263000E-02  -4.296000E-02  -3.326000E-02  -2.351000E-02
  -1.369000E-02  -3.825002E-03  -3.037002E-03  -1.482000E-01  -1.482000E-01
  -1.394000E-01  -1.307000E-01  -1.219000E-01  -1.129000E-01  -1.038000E-01
  -9.455000E-02  -8.525000E-02  -7.587000E-02  -6.645000E-02  -5.703000E-02
  -4.744000E-02  -3.785000E-02  -2.825000E-02  -1.864000E-02  -8.995002E-03
   6.608610E-04   1.042987E-02   2.028720E-02   2.107210E-02  -1.268000E-01
  -1.265000E-01  -1.173000E-01  -1.081000E-01  -9.886000E-02  -8.952000E-02
  -8.012000E-02  -7.065000E-02  -6.121000E-02  -5.166000E-02  -4.208000E-02
  -3.253000E-02  -2.298000E-02  -1.345000E-02  -3.934002E-03   5.573416E-03
   1.515623E-02   2.479239E-02   3.451303E-02   4.432344E-02   4.509482E-02
  -1.041000E-01  -1.036000E-01  -9.405000E-02  -8.457000E-02  -7.502000E-02
  -6.547000E-02  -5.594000E-02  -4.627000E-02  -3.664000E-02  -2.706000E-02
  -1.751000E-02  -8.015002E-03   1.421114E-03   1.088423E-02   2.033783E-02
   2.979110E-02   3.926711E-02   4.880796E-02   5.841771E-02   6.814789E-02
   6.888440E-02  -8.048000E-02  -7.978000E-02  -7.005000E-02  -6.043000E-02
  -5.067000E-02  -4.092000E-02  -3.123000E-02  -2.158000E-02  -1.198000E-02
  -2.461002E-03   7.013450E-03   1.646819E-02   2.588123E-02   3.526335E-02
   4.460676E-02   5.393126E-02   6.324581E-02   7.263927E-02   8.213748E-02
   9.178610E-02   9.248389E-02  -5.627000E-02  -5.547000E-02  -4.555000E-02
  -3.570000E-02  -2.591000E-02  -1.617000E-02  -6.500003E-03   3.078294E-03
   1.265469E-02   2.216824E-02   3.162362E-02   4.102440E-02   5.035316E-02
   5.960699E-02   6.881848E-02   7.798987E-02   8.713059E-02   9.631591E-02
   1.056184E-01   1.150941E-01   1.157227E-01  -3.144000E-02  -3.065000E-02
  -2.074000E-02  -1.089000E-02  -1.141002E-03   8.567171E-03   1.823425E-02
   2.783982E-02   3.739189E-02   4.686467E-02   5.625907E-02   6.557460E-02
   7.482691E-02   8.398796E-02   9.305130E-02   1.020255E-01   1.108933E-01
   1.197795E-01   1.288027E-01   1.378767E-01   1.383425E-01  -6.597003E-03
  -5.801002E-03   4.058165E-03   1.390034E-02   2.368438E-02   3.340769E-02
   4.306157E-02   5.263993E-02   6.213231E-02   7.157395E-02   8.093086E-02
   9.018673E-02   9.936489E-02   1.084255E-01   1.173590E-01   1.261187E-01
   1.345275E-01   1.429782E-01   1.517810E-01   1.597434E-01   1.598713E-01
   1.824986E-02   1.905719E-02   2.896021E-02   3.880011E-02   4.858048E-02
   5.826946E-02   6.789270E-02   7.746009E-02   8.694394E-02   9.634966E-02
   1.056762E-01   1.148908E-01   1.239911E-01   1.329716E-01   1.418391E-01
   1.505837E-01   1.580108E-01   1.656074E-01   1.752705E-01   1.792962E-01
   1.789195E-01   4.320692E-02   4.401003E-02   5.389922E-02   6.370449E-02
   7.347644E-02   8.316931E-02   9.278584E-02   1.023399E-01   1.118200E-01
   1.212050E-01   1.305050E-01   1.396839E-01   1.487248E-01   1.576350E-01
   1.665595E-01   1.765291E-01   1.797570E-01   1.822518E-01   1.848698E-01
   1.876886E-01   1.869200E-01   5.151877E-02   5.482153E-02   6.468644E-02
   7.450968E-02   8.427615E-02   9.396042E-02   1.035878E-01   1.131369E-01
   1.226019E-01   1.319876E-01   1.412717E-01   1.504286E-01   1.594266E-01
   1.681757E-01   1.762900E-01   1.820652E-01   1.844736E-01   1.864131E-01
   1.883983E-01   1.908405E-01   1.930325E-01  -2.122000E-01  -2.102000E-01
  -2.094000E-01  -2.092000E-01  -2.095000E-01  -2.102000E-01  -2.114000E-01
  -2.128000E-01  -2.142000E-01  -2.154000E-01  -2.159000E-01  -2.154000E-01
  -2.140000E-01  -2.115000E-01  -2.077000E-01  -2.028000E-01  -1.968000E-01
  -1.899000E-01  -1.821000E-01  -1.736000E-01  -1.712000E-01  -2.084000E-01
  -2.069000E-01  -2.061000E-01  -2.081000E-01  -2.105000E-01  -2.132000E-01
  -2.157000E-01  -2.178000E-01  -2.193000E-01  -2.196000E-01  -2.188000E-01
  -2.168000E-01  -2.136000E-01  -2.091000E-01  -2.036000E-01  -1.971000E-01
  -1.898000E-01  -1.818000E-01  -1.732000E-01  -1.640000E-01  -1.635000E-01
  -2.075000E-01  -2.087000E-01  -2.083000E-01  -2.108000E-01  -2.133000E-01
  -2.152000E-01  -2.164000E-01  -2.166000E-01  -2.156000E-01  -2.133000E-01
  -2.098000E-01  -2.051000E-01  -1.995000E-01  -1.928000E-01  -1.854000E-01
  -1.772000E-01  -1.685000E-01  -1.594000E-01  -1.500000E-01  -1.401000E-01
  -1.393000E-01  -2.100000E-01  -2.150000E-01  -2.144000E-01  -2.159000E-01
  -2.166000E-01  -2.161000E-01  -2.144000E-01  -2.115000E-01  -2.074000E-01
  -2.022000E-01  -1.960000E-01  -1.890000E-01  -1.812000E-01  -1.728000E-01
  -1.638000E-01  -1.546000E-01  -1.451000E-01  -1.352000E-01  -1.253000E-01
  -1.154000E-01  -1.146000E-01  -2.129000E-01  -2.189000E-01  -2.165000E-01
  -2.154000E-01  -2.130000E-01  -2.094000E-01  -2.047000E-01  -1.990000E-01
  -1.923000E-01  -1.849000E-01  -1.768000E-01  -1.681000E-01  -1.591000E-01
  -1.498000E-01  -1.401000E-01  -1.302000E-01  -1.204000E-01  -1.105000E-01
  -1.006000E-01  -9.062000E-02  -8.982000E-02  -2.115000E-01  -2.161000E-01
  -2.114000E-01  -2.071000E-01  -2.018000E-01  -1.956000E-01  -1.885000E-01
  -1.807000E-01  -1.723000E-01  -1.634000E-01  -1.542000E-01  -1.447000E-01
  -1.350000E-01  -1.252000E-01  -1.154000E-01  -1.056000E-01  -9.569000E-02
  -8.580000E-02  -7.587000E-02  -6.591000E-02  -6.510000E-02  -2.034000E-01
  -2.056000E-01  -1.988000E-01  -1.920000E-01  -1.845000E-01  -1.763000E-01
  -1.676000E-01  -1.586000E-01  -1.493000E-01  -1.396000E-01  -1.298000E-01
  -1.201000E-01  -1.103000E-01  -1.005000E-01  -9.071000E-02  -8.088000E-02
  -7.103000E-02  -6.114000E-02  -5.121000E-02  -4.125000E-02  -4.044000E-02
  -1.884000E-01  -1.888000E-01  -1.804000E-01  -1.719000E-01  -1.629000E-01
  -1.537000E-01  -1.442000E-01  -1.344000E-01  -1.247000E-01  -1.149000E-01
  -1.052000E-01  -9.540000E-02  -8.563000E-02  -7.585000E-02  -6.606000E-02
  -5.625000E-02  -4.641000E-02  -3.655000E-02  -2.667000E-02  -1.675000E-02
  -1.593000E-02  -1.682000E-01  -1.677000E-01  -1.583000E-01  -1.490000E-01
  -1.391000E-01  -1.293000E-01  -1.195000E-01  -1.097000E-01  -9.997000E-02
  -9.021000E-02  -8.046000E-02  -7.071000E-02  -6.097000E-02  -5.122000E-02
  -4.146000E-02  -3.170000E-02  -2.193000E-02  -1.211000E-02  -2.302002E-03
   7.553749E-03   8.347478E-03  -1.449000E-01  -1.441000E-01  -1.342000E-01
  -1.243000E-01  -1.144000E-01  -1.046000E-01  -9.480000E-02  -8.501000E-02
  -7.525000E-02  -6.550000E-02  -5.577000E-02  -4.606000E-02  -3.635000E-02
  -2.667000E-02  -1.698000E-02  -7.294002E-03   2.360724E-03   1.214928E-02
   2.200069E-02   3.190651E-02   3.271128E-02  -1.202000E-01  -1.194000E-01
  -1.095000E-01  -9.956000E-02  -8.968000E-02  -7.985000E-02  -7.004000E-02
  -6.026000E-02  -5.052000E-02  -4.081000E-02  -3.114000E-02  -2.149000E-02
  -1.185000E-02  -2.271002E-03   7.322859E-03   1.699833E-02   2.670617E-02
   3.646119E-02   4.627983E-02   5.615215E-02   5.694275E-02  -9.543000E-02
  -9.463000E-02  -8.468000E-02  -7.477000E-02  -6.489000E-02  -5.506000E-02
  -4.527000E-02  -3.553000E-02  -2.585000E-02  -1.619000E-02  -6.598003E-03
   2.918985E-03   1.251680E-02   2.211077E-02   3.171522E-02   4.133074E-02
   5.097861E-02   6.064898E-02   7.041856E-02   8.027359E-02   8.105801E-02
  -7.060000E-02  -6.981000E-02  -5.986000E-02  -4.995000E-02  -4.009000E-02
  -3.030000E-02  -2.056000E-02  -1.087000E-02  -1.289003E-03   8.288872E-03
   1.787785E-02   2.743944E-02   3.698958E-02   4.652219E-02   5.604436E-02
   6.556149E-02   7.514299E-02   8.477755E-02   9.449616E-02   1.043063E-01
   1.050767E-01  -4.575000E-02  -4.497000E-02  -3.503000E-02  -2.516000E-02
  -1.534000E-02  -5.613003E-03   4.009716E-03   1.368379E-02   2.331872E-02
   3.290770E-02   4.245973E-02   5.196026E-02   6.140955E-02   7.087046E-02
   8.032401E-02   8.977523E-02   9.925194E-02   1.087929E-01   1.184050E-01
   1.281378E-01   1.288777E-01  -2.099000E-02  -2.017000E-02  -1.027000E-02
  -4.982029E-04   9.279117E-03   1.903289E-02   2.873262E-02   3.838678E-02
   4.798846E-02   5.751909E-02   6.700151E-02   7.645504E-02   8.586610E-02
   9.524621E-02   1.045909E-01   1.139165E-01   1.232353E-01   1.326299E-01
   1.421275E-01   1.517803E-01   1.524799E-01   3.669901E-03   4.481461E-03
   1.440319E-02   2.425990E-02   3.405704E-02   4.379676E-02   5.347249E-02
   6.306552E-02   7.264088E-02   8.215390E-02   9.160859E-02   1.010073E-01
   1.103357E-01   1.195944E-01   1.288081E-01   1.379801E-01   1.471208E-01
   1.563085E-01   1.656124E-01   1.750903E-01   1.757187E-01   2.851217E-02
   2.931725E-02   3.922806E-02   4.907827E-02   5.884036E-02   6.855253E-02
   7.821928E-02   8.782339E-02   9.737321E-02   1.068467E-01   1.162429E-01
   1.255626E-01   1.348151E-01   1.439775E-01   1.530412E-01   1.620166E-01
   1.708867E-01   1.797753E-01   1.887954E-01   1.978820E-01   1.983520E-01
   5.337237E-02   5.417272E-02   6.404516E-02   7.388478E-02   8.366744E-02
   9.338837E-02   1.030422E-01   1.126207E-01   1.221196E-01   1.315606E-01
   1.409188E-01   1.501787E-01   1.593551E-01   1.684158E-01   1.773499E-01
   1.861055E-01   1.945161E-01   2.029586E-01   2.117064E-01   2.197539E-01
   2.198911E-01   7.823703E-02   7.904307E-02   8.894378E-02   9.877990E-02
   1.085595E-01   1.182535E-01   1.278791E-01   1.374442E-01   1.469315E-01
   1.563377E-01   1.656661E-01   1.748832E-01   1.839845E-01   1.929636E-01
   2.018215E-01   2.105064E-01   2.179355E-01   2.254481E-01   2.344731E-01
   2.393071E-01   2.389075E-01   1.031882E-01   1.039909E-01   1.138799E-01
   1.236894E-01   1.334597E-01   1.431553E-01   1.527746E-01   1.623283E-01
   1.718098E-01   1.811970E-01   1.904965E-01   1.996782E-01   2.087203E-01
   2.176264E-01   2.264976E-01   2.358916E-01   2.398093E-01   2.429409E-01
   2.462078E-01   2.497503E-01   2.489285E-01   1.114988E-01   1.148022E-01
   1.246714E-01   1.344933E-01   1.442598E-01   1.539463E-01   1.635745E-01
   1.731243E-01   1.825924E-01   1.919791E-01   2.012630E-01   2.104219E-01
   2.194223E-01   2.281764E-01   2.363209E-01   2.424898E-01   2.455588E-01
   2.480756E-01   2.506521E-01   2.537714E-01   2.564917E-01  -1.911000E-01
  -1.906000E-01  -1.848000E-01  -1.782000E-01  -1.706000E-01  -1.623000E-01
  -1.535000E-01  -1.441000E-01  -1.343000E-01  -1.245000E-01  -1.147000E-01
  -1.048000E-01  -9.497000E-02  -8.509000E-02  -7.519000E-02  -6.528000E-02
  -5.535000E-02  -4.540000E-02  -3.544000E-02  -2.546000E-02  -2.221000E-02
  -1.844000E-01  -1.858000E-01  -1.781000E-01  -1.701000E-01  -1.614000E-01
  -1.525000E-01  -1.431000E-01  -1.333000E-01  -1.236000E-01  -1.137000E-01
  -1.039000E-01  -9.404000E-02  -8.418000E-02  -7.430000E-02  -6.441000E-02
  -5.451000E-02  -4.459000E-02  -3.468000E-02  -2.477000E-02  -1.481000E-02
  -1.401000E-02  -1.661000E-01  -1.658000E-01  -1.567000E-01  -1.475000E-01
  -1.378000E-01  -1.280000E-01  -1.182000E-01  -1.084000E-01  -9.859000E-02
  -8.876000E-02  -7.892000E-02  -6.907000E-02  -5.921000E-02  -4.934000E-02
  -3.946000E-02  -2.960000E-02  -1.975000E-02  -9.897003E-03  -1.257035E-04
   9.783855E-03   1.060531E-02  -1.434000E-01  -1.426000E-01  -1.327000E-01
  -1.229000E-01  -1.130000E-01  -1.032000E-01  -9.332000E-02  -8.349000E-02
  -7.365000E-02  -6.381000E-02  -5.397000E-02  -4.413000E-02  -3.432000E-02
  -2.452000E-02  -1.469000E-02  -4.910003E-03   4.815639E-03   1.469953E-02
   2.460358E-02   3.453223E-02   3.534857E-02  -1.187000E-01  -1.179000E-01
  -1.080000E-01  -9.805000E-02  -8.816000E-02  -7.828000E-02  -6.842000E-02
  -5.858000E-02  -4.874000E-02  -3.892000E-02  -2.913000E-02  -1.936000E-02
  -9.609003E-03   4.554434E-05   9.827981E-03   1.967306E-02   2.952096E-02
   3.941763E-02   4.932696E-02   5.928036E-02   6.010573E-02  -9.388000E-02
  -9.310000E-02  -8.314000E-02  -7.320000E-02  -6.329000E-02  -5.340000E-02
  -4.355000E-02  -3.374000E-02  -2.397000E-02  -1.419000E-02  -4.487003E-03
   5.163896E-03   1.492368E-02   2.471531E-02   3.452210E-02   4.434223E-02
   5.421942E-02   6.411041E-02   7.403014E-02   8.397747E-02   8.480179E-02
  -6.902000E-02  -6.825000E-02  -5.828000E-02  -4.835000E-02  -3.844000E-02
  -2.860000E-02  -1.881000E-02  -9.064003E-03   5.583114E-04   1.031238E-02
   2.007523E-02   2.982588E-02   3.961351E-02   4.939948E-02   5.919559E-02
   6.902205E-02   7.886721E-02   8.874971E-02   9.866448E-02   1.086104E-01
   1.094384E-01  -4.417000E-02  -4.342000E-02  -3.348000E-02  -2.360000E-02
  -1.374000E-02  -3.985003E-03   5.700485E-03   1.547670E-02   2.522771E-02
   3.500769E-02   4.474129E-02   5.451186E-02   6.427402E-02   7.404863E-02
   8.383283E-02   9.363720E-02   1.034674E-01   1.133215E-01   1.232069E-01
   1.331373E-01   1.339633E-01  -1.951000E-02  -1.871000E-02  -8.817003E-03
   9.092367E-04   1.076945E-02   2.059140E-02   3.039508E-02   4.018620E-02
   4.994100E-02   5.969184E-02   6.943806E-02   7.917887E-02   8.892060E-02
   9.865928E-02   1.084070E-01   1.181784E-01   1.279631E-01   1.377835E-01
   1.476275E-01   1.575163E-01   1.583149E-01   4.963327E-03   5.781069E-03
   1.571221E-02   2.561072E-02   3.548810E-02   4.531492E-02   5.511601E-02
   6.489249E-02   7.464914E-02   8.438497E-02   9.410450E-02   1.038137E-01
   1.135130E-01   1.232036E-01   1.329014E-01   1.426151E-01   1.523233E-01
   1.621123E-01   1.719600E-01   1.818622E-01   1.826637E-01   2.968532E-02
   3.051182E-02   4.043756E-02   5.035201E-02   6.022582E-02   7.005364E-02
   7.985364E-02   8.962599E-02   9.935790E-02   1.090661E-01   1.187375E-01
   1.283937E-01   1.380401E-01   1.476611E-01   1.572841E-01   1.669590E-01
   1.766630E-01   1.864153E-01   1.962301E-01   2.061097E-01   2.069024E-01
   5.445102E-02   5.527646E-02   6.522703E-02   7.513221E-02   8.499333E-02
   9.481773E-02   1.045959E-01   1.143387E-01   1.240303E-01   1.336928E-01
   1.433080E-01   1.528803E-01   1.624762E-01   1.720689E-01   1.816684E-01
   1.912833E-01   2.009308E-01   2.106168E-01   2.203888E-01   2.302388E-01
   2.310235E-01   7.925501E-02   8.007863E-02   9.002997E-02   9.993045E-02
   1.097785E-01   1.195742E-01   1.293137E-01   1.390137E-01   1.486435E-01
   1.582452E-01   1.678352E-01   1.773996E-01   1.869407E-01   1.964758E-01
   2.060026E-01   2.155290E-01   2.251105E-01   2.347422E-01   2.444594E-01
   2.542689E-01   2.550368E-01   1.040745E-01   1.048940E-01   1.148335E-01
   1.247103E-01   1.345356E-01   1.442907E-01   1.539684E-01   1.636376E-01
   1.732724E-01   1.828618E-01   1.924112E-01   2.019155E-01   2.113777E-01
   2.208349E-01   2.302909E-01   2.397390E-01   2.492181E-01   2.587614E-01
   2.683778E-01   2.781171E-01   2.788618E-01   1.288795E-01   1.296986E-01
   1.396126E-01   1.494401E-01   1.592330E-01   1.689844E-01   1.786832E-01
   1.883329E-01   1.979349E-01   2.074777E-01   2.169697E-01   2.264209E-01
   2.358291E-01   2.452070E-01   2.545547E-01   2.638862E-01   2.732134E-01
   2.826125E-01   2.921103E-01   3.017720E-01   3.024776E-01   1.536260E-01
   1.544353E-01   1.643577E-01   1.742125E-01   1.840080E-01   1.937412E-01
   2.034214E-01   2.130295E-01   2.226055E-01   2.321185E-01   2.415727E-01
   2.509692E-01   2.602991E-01   2.695633E-01   2.787847E-01   2.879580E-01
   2.971029E-01   3.062969E-01   3.156066E-01   3.250931E-01   3.257289E-01
   1.784636E-01   1.792679E-01   1.891762E-01   1.990239E-01   2.087989E-01
   2.185141E-01   2.281811E-01   2.377836E-01   2.473307E-01   2.568094E-01
   2.662085E-01   2.755300E-01   2.847887E-01   2.939525E-01   3.030203E-01
   3.119990E-01   3.208767E-01   3.297717E-01   3.387893E-01   3.479174E-01
   3.484048E-01   2.033230E-01   2.041236E-01   2.140102E-01   2.238436E-01
   2.336247E-01   2.433423E-01   2.530011E-01   2.625776E-01   2.720893E-01
   2.815254E-01   2.908922E-01   3.001566E-01   3.093285E-01   3.183937E-01
   3.273232E-01   3.360740E-01   3.444984E-01   3.529237E-01   3.615663E-01
   3.698436E-01   3.700345E-01   2.282043E-01   2.290077E-01   2.389048E-01
   2.487319E-01   2.585085E-01   2.682119E-01   2.778434E-01   2.874095E-01
   2.969040E-01   3.063107E-01   3.156399E-01   3.248647E-01   3.339677E-01
   3.429406E-01   3.517726E-01   3.603249E-01   3.678391E-01   3.752803E-01
   3.834482E-01   3.896759E-01   3.893760E-01   2.531433E-01   2.539456E-01
   2.638338E-01   2.736498E-01   2.834154E-01   2.931182E-01   3.027442E-01
   3.123016E-01   3.217867E-01   3.311771E-01   3.404762E-01   3.496638E-01
   3.587112E-01   3.676064E-01   3.763539E-01   3.849272E-01   3.901033E-01
   3.945286E-01   3.990808E-01   4.040721E-01   4.032939E-01   2.614516E-01
   2.647589E-01   2.746294E-01   2.844525E-01   2.942170E-01   3.039148E-01
   3.135404E-01   3.230965E-01   3.325675E-01   3.419571E-01   3.512382E-01
   3.604076E-01   3.694151E-01   3.781845E-01   3.864174E-01   3.932407E-01
   3.976555E-01   4.014453E-01   4.053260E-01   4.098541E-01   4.134902E-01
  -5.912000E-02  -5.258000E-02  -4.262000E-02  -3.273000E-02  -2.298000E-02
  -1.340000E-02  -3.863003E-03   5.727860E-03   1.551934E-02   2.533785E-02
   3.516487E-02   4.501363E-02   5.485395E-02   6.472613E-02   7.461649E-02
   8.451507E-02   9.442679E-02   1.043489E-01   1.143012E-01   1.242710E-01
   1.275804E-01  -4.260000E-02  -4.189000E-02  -3.200000E-02  -2.218000E-02
  -1.240000E-02  -2.796003E-03   6.774032E-03   1.654186E-02   2.632047E-02
   3.616498E-02   4.599107E-02   5.583134E-02   6.568469E-02   7.555307E-02
   8.543878E-02   9.533035E-02   1.052328E-01   1.151453E-01   1.250750E-01
   1.350224E-01   1.358373E-01  -1.798000E-02  -1.717000E-02  -7.358003E-03
   2.277302E-03   1.206784E-02   2.186184E-02   3.165773E-02   4.146908E-02
   5.128853E-02   6.111706E-02   7.094711E-02   8.078193E-02   9.063155E-02
   1.004913E-01   1.103687E-01   1.202311E-01   1.300966E-01   1.399730E-01
   1.498183E-01   1.597366E-01   1.605630E-01   6.404212E-03   7.225842E-03
   1.714159E-02   2.700126E-02   3.687087E-02   4.670082E-02   5.654614E-02
   6.637556E-02   7.621026E-02   8.603818E-02   9.586231E-02   1.056884E-01
   1.155093E-01   1.253282E-01   1.351676E-01   1.449825E-01   1.547810E-01
   1.646620E-01   1.745629E-01   1.844917E-01   1.853068E-01   3.114156E-02
   3.196928E-02   4.190149E-02   5.182098E-02   6.170880E-02   7.157493E-02
   8.142967E-02   9.126215E-02   1.010883E-01   1.108999E-01   1.206989E-01
   1.304864E-01   1.402673E-01   1.500014E-01   1.597943E-01   1.696257E-01
   1.794821E-01   1.893755E-01   1.992856E-01   2.092292E-01   2.100578E-01
   5.593655E-02   5.676498E-02   6.672387E-02   7.665215E-02   8.655370E-02
   9.642960E-02   1.062774E-01   1.160923E-01   1.258790E-01   1.356640E-01
   1.454056E-01   1.551199E-01   1.648900E-01   1.746770E-01   1.844807E-01
   1.943030E-01   2.041736E-01   2.140653E-01   2.239799E-01   2.339194E-01
   2.347366E-01   8.076158E-02   8.158880E-02   9.155228E-02   1.014795E-01
   1.113780E-01   1.212228E-01   1.310335E-01   1.408086E-01   1.505147E-01
   1.602768E-01   1.700284E-01   1.797872E-01   1.895696E-01   1.993486E-01
   2.091458E-01   2.189730E-01   2.288122E-01   2.386928E-01   2.486016E-01
   2.585405E-01   2.593669E-01   1.055792E-01   1.063976E-01   1.163434E-01
   1.262385E-01   1.361057E-01   1.459094E-01   1.556645E-01   1.654304E-01
   1.751908E-01   1.849634E-01   1.947013E-01   2.044665E-01   2.142227E-01
   2.239958E-01   2.337783E-01   2.435803E-01   2.534022E-01   2.632566E-01
   2.731376E-01   2.830758E-01   2.838925E-01   1.303169E-01   1.311311E-01
   1.410576E-01   1.508737E-01   1.607218E-01   1.705469E-01   1.803480E-01
   1.901310E-01   1.998940E-01   2.096390E-01   2.193857E-01   2.291212E-01
   2.388655E-01   2.485975E-01   2.583378E-01   2.681104E-01   2.778979E-01
   2.877162E-01   2.975752E-01   3.074773E-01   3.082786E-01   1.549213E-01
   1.557366E-01   1.656763E-01   1.755703E-01   1.854339E-01   1.952710E-01
   2.050723E-01   2.148403E-01   2.245966E-01   2.343249E-01   2.440395E-01
   2.537508E-01   2.634419E-01   2.731323E-01   2.828301E-01   2.925552E-01
   3.022836E-01   3.120742E-01   3.219154E-01   3.318165E-01   3.326159E-01
   1.796420E-01   1.804681E-01   1.903987E-01   2.003059E-01   2.101779E-01
   2.200031E-01   2.297991E-01   2.395703E-01   2.492973E-01   2.590000E-01
   2.686748E-01   2.783248E-01   2.879769E-01   2.976040E-01   3.072389E-01
   3.169141E-01   3.266177E-01   3.363750E-01   3.461884E-01   3.560723E-01
   3.568660E-01   2.044064E-01   2.052273E-01   2.151803E-01   2.250829E-01
   2.349336E-01   2.447564E-01   2.545272E-01   2.642744E-01   2.739656E-01
   2.836219E-01   2.932430E-01   3.028344E-01   3.124306E-01   3.220230E-01
   3.316210E-01   3.412383E-01   3.508915E-01   3.605858E-01   3.703587E-01
   3.802088E-01   3.809928E-01   2.292035E-01   2.300220E-01   2.399757E-01
   2.498719E-01   2.597092E-01   2.695022E-01   2.792385E-01   2.889406E-01
   2.985911E-01   3.082025E-01   3.177950E-01   3.273624E-01   3.369001E-01
   3.464317E-01   3.559656E-01   3.654984E-01   3.750814E-01   3.847138E-01
   3.944232E-01   4.042333E-01   4.050067E-01   2.540102E-01   2.548241E-01
   2.647643E-01   2.746356E-01   2.844637E-01   2.942213E-01   3.039188E-01
   3.135930E-01   3.232239E-01   3.328152E-01   3.423699E-01   3.518773E-01
   3.613423E-01   3.708027E-01   3.802597E-01   3.897105E-01   3.991909E-01
   4.087342E-01   4.183540E-01   4.281008E-01   4.288448E-01   2.788080E-01
   2.796202E-01   2.895359E-01   2.993878E-01   3.091878E-01   3.189334E-01
   3.286343E-01   3.382875E-01   3.478903E-01   3.574360E-01   3.669339E-01
   3.763894E-01   3.857967E-01   3.951729E-01   4.045178E-01   4.138617E-01
   4.231964E-01   4.326032E-01   4.421014E-01   4.517718E-01   4.524830E-01
   3.035815E-01   3.043897E-01   3.143070E-01   3.241687E-01   3.339644E-01
   3.436941E-01   3.533777E-01   3.629948E-01   3.725717E-01   3.820863E-01
   3.915360E-01   4.009325E-01   4.102665E-01   4.195288E-01   4.287636E-01
   4.379364E-01   4.470917E-01   4.562936E-01   4.656145E-01   4.751122E-01
   4.757594E-01   3.284137E-01   3.292180E-01   3.391257E-01   3.489784E-01
   3.587595E-01   3.684768E-01   3.781410E-01   3.877432E-01   3.972950E-01
   4.067781E-01   4.161779E-01   4.255010E-01   4.347653E-01   4.439259E-01
   4.530038E-01   4.619873E-01   4.708759E-01   4.797818E-01   4.888082E-01
   4.979898E-01   4.984920E-01   3.532807E-01   3.540821E-01   3.639758E-01
   3.738061E-01   3.835855E-01   3.933029E-01   4.029656E-01   4.125343E-01
   4.220597E-01   4.314933E-01   4.408682E-01   4.501305E-01   4.593062E-01
   4.683735E-01   4.773010E-01   4.860511E-01   4.945041E-01   5.029357E-01
   5.115308E-01   5.200229E-01   5.202657E-01   3.781720E-01   3.789747E-01
   3.888695E-01   3.986897E-01   4.084630E-01   4.181750E-01   4.278138E-01
   4.373772E-01   4.468789E-01   4.562849E-01   4.656202E-01   4.748448E-01
   4.839494E-01   4.929236E-01   5.017264E-01   5.102035E-01   5.178538E-01
   5.253489E-01   5.332039E-01   5.403295E-01   5.401492E-01   4.031062E-01
   4.039092E-01   4.137955E-01   4.236044E-01   4.333735E-01   4.430856E-01
   4.527201E-01   4.622756E-01   4.717651E-01   4.811557E-01   4.904550E-01
   4.996478E-01   5.087060E-01   5.175939E-01   5.262559E-01   5.344674E-01
   5.405119E-01   5.459213E-01   5.514564E-01   5.575256E-01   5.569346E-01
   4.114113E-01   4.147166E-01   4.245890E-01   4.344061E-01   4.441772E-01
   4.538854E-01   4.635111E-01   4.730694E-01   4.825369E-01   4.919305E-01
   5.012156E-01   5.103928E-01   5.194080E-01   5.281934E-01   5.365060E-01
   5.437527E-01   5.491917E-01   5.540374E-01   5.589994E-01   5.646443E-01
   5.689886E-01   2.400577E-01   2.467186E-01   2.566768E-01   2.665728E-01
   2.764072E-01   2.861724E-01   2.958879E-01   3.056105E-01   3.154078E-01
   3.252294E-01   3.350715E-01   3.448952E-01   3.547251E-01   3.645970E-01
   3.744876E-01   3.843793E-01   3.942821E-01   4.041946E-01   4.141299E-01
   4.240865E-01   4.273916E-01   2.567005E-01   2.575383E-01   2.674855E-01
   2.773498E-01   2.871766E-01   2.969147E-01   3.066466E-01   3.164145E-01
   3.262184E-01   3.360460E-01   3.458842E-01   3.557037E-01   3.655514E-01
   3.754111E-01   3.852972E-01   3.951829E-01   4.050772E-01   4.149808E-01
   4.249035E-01   4.348418E-01   4.356621E-01   2.815511E-01   2.823895E-01
   2.923011E-01   3.021167E-01   3.119303E-01   3.217250E-01   3.315247E-01
   3.413380E-01   3.511761E-01   3.610003E-01   3.708178E-01   3.806329E-01
   3.904816E-01   4.003304E-01   4.102041E-01   4.200694E-01   4.299288E-01
   4.398085E-01   4.496994E-01   4.596273E-01   4.604574E-01   3.062747E-01
   3.070902E-01   3.170147E-01   3.268913E-01   3.367363E-01   3.465794E-01
   3.564124E-01   3.662391E-01   3.760779E-01   3.858982E-01   3.957054E-01
   4.055166E-01   4.153368E-01   4.251712E-01   4.350067E-01   4.448349E-01
   4.546800E-01   4.645633E-01   4.744678E-01   4.843991E-01   4.852148E-01
   3.310230E-01   3.318393E-01   3.417843E-01   3.516929E-01   3.615763E-01
   3.714306E-01   3.812876E-01   3.911132E-01   4.009263E-01   4.107266E-01
   4.205217E-01   4.303157E-01   4.401126E-01   4.498988E-01   4.597003E-01
   4.695262E-01   4.793914E-01   4.892843E-01   4.991962E-01   5.091366E-01
   5.099642E-01   3.558042E-01   3.566247E-01   3.665868E-01   3.765069E-01
   3.864032E-01   3.962717E-01   4.061129E-01   4.159221E-01   4.257092E-01
   4.354957E-01   4.452630E-01   4.550171E-01   4.648011E-01   4.745893E-01
   4.843919E-01   4.942147E-01   5.040810E-01   5.139730E-01   5.238843E-01
   5.338169E-01   5.346263E-01   3.806103E-01   3.814309E-01   3.913957E-01
   4.013143E-01   4.112040E-01   4.210460E-01   4.308730E-01   4.406572E-01
   4.504088E-01   4.601825E-01   4.699313E-01   4.796964E-01   4.894787E-01
   4.992659E-01   5.090634E-01   5.188783E-01   5.287078E-01   5.385850E-01
   5.484910E-01   5.584246E-01   5.592379E-01   4.054107E-01   4.062265E-01
   4.161765E-01   4.260749E-01   4.359343E-01   4.457657E-01   4.555642E-01
   4.653303E-01   4.751038E-01   4.848741E-01   4.946110E-01   5.043725E-01
   5.141262E-01   5.238977E-01   5.336750E-01   5.434740E-01   5.532890E-01
   5.631319E-01   5.730241E-01   5.829698E-01   5.837821E-01   4.301599E-01
   4.309714E-01   4.409006E-01   4.507695E-01   4.606165E-01   4.704598E-01
   4.802661E-01   4.900348E-01   4.998027E-01   5.095436E-01   5.192864E-01
   5.290172E-01   5.387635E-01   5.484882E-01   5.582223E-01   5.679973E-01
   5.777891E-01   5.876046E-01   5.974770E-01   6.073916E-01   6.081955E-01
   4.548268E-01   4.556394E-01   4.655822E-01   4.754776E-01   4.853364E-01
   4.951800E-01   5.049830E-01   5.147476E-01   5.244978E-01   5.342198E-01
   5.439290E-01   5.536272E-01   5.633259E-01   5.730167E-01   5.827141E-01
   5.924421E-01   6.021960E-01   6.119910E-01   6.218347E-01   6.317375E-01
   6.325348E-01   4.795622E-01   4.803780E-01   4.903109E-01   5.002138E-01
   5.100835E-01   5.199046E-01   5.296953E-01   5.394664E-01   5.491898E-01
   5.588896E-01   5.685652E-01   5.782135E-01   5.878720E-01   5.975041E-01
   6.071598E-01   6.168320E-01   6.265358E-01   6.362950E-01   6.461099E-01
   6.560000E-01   6.567957E-01   5.043176E-01   5.051372E-01   5.150895E-01
   5.249884E-01   5.348278E-01   5.446329E-01   5.544095E-01   5.641619E-01
   5.738448E-01   5.835092E-01   5.931420E-01   6.027497E-01   6.123482E-01
   6.219415E-01   6.315394E-01   6.411705E-01   6.508219E-01   6.605202E-01
   6.702916E-01   6.801559E-01   6.809366E-01   5.291064E-01   5.299213E-01
   5.398752E-01   5.497667E-01   5.595912E-01   5.693815E-01   5.791202E-01
   5.888272E-01   5.984921E-01   6.081154E-01   6.177143E-01   6.272864E-01
   6.368284E-01   6.463654E-01   6.558934E-01   6.654365E-01   6.750252E-01
   6.846712E-01   6.943688E-01   7.041826E-01   7.049701E-01   5.538965E-01
   5.547037E-01   5.646356E-01   5.745135E-01   5.843342E-01   5.941087E-01
   6.038239E-01   6.135022E-01   6.231380E-01   6.327355E-01   6.422927E-01
   6.518056E-01   6.612850E-01   6.707403E-01   6.801944E-01   6.896666E-01
   6.991453E-01   7.087134E-01   7.183056E-01   7.280792E-01   7.288419E-01
   5.786858E-01   5.794943E-01   5.894135E-01   5.992859E-01   6.090947E-01
   6.188435E-01   6.285551E-01   6.382029E-01   6.478096E-01   6.573714E-01
   6.668761E-01   6.763275E-01   6.857350E-01   6.951073E-01   7.044543E-01
   7.138227E-01   7.231723E-01   7.326105E-01   7.421024E-01   7.517968E-01
   7.525318E-01   6.034863E-01   6.042943E-01   6.142110E-01   6.240805E-01
   6.338777E-01   6.436046E-01   6.532950E-01   6.629236E-01   6.724998E-01
   6.820234E-01   6.914792E-01   7.008812E-01   7.102011E-01   7.194668E-01
   7.287275E-01   7.379187E-01   7.470847E-01   7.563080E-01   7.656765E-01
   7.751974E-01   7.758704E-01   6.283262E-01   6.291319E-01   6.390411E-01
   6.488947E-01   6.586753E-01   6.683965E-01   6.780765E-01   6.876806E-01
   6.972296E-01   7.067244E-01   7.161167E-01   7.254427E-01   7.347230E-01
   7.438917E-01   7.529827E-01   7.619819E-01   7.709046E-01   7.798544E-01
   7.889379E-01   7.982338E-01   7.987811E-01   6.532015E-01   6.540050E-01
   6.639042E-01   6.737321E-01   6.835046E-01   6.932279E-01   7.029018E-01
   7.124579E-01   7.219960E-01   7.314217E-01   7.408232E-01   7.500905E-01
   7.592657E-01   7.683332E-01   7.772683E-01   7.860429E-01   7.946011E-01
   8.030925E-01   8.117545E-01   8.205931E-01   8.209873E-01   6.781048E-01
   6.789082E-01   6.887993E-01   6.986055E-01   7.083660E-01   7.181018E-01
   7.277650E-01   7.373065E-01   7.468297E-01   7.562259E-01   7.655966E-01
   7.748307E-01   7.839364E-01   7.929118E-01   8.016967E-01   8.101556E-01
   8.181262E-01   8.259333E-01   8.339051E-01   8.420172E-01   8.421182E-01
   7.030421E-01   7.038521E-01   7.137299E-01   7.235121E-01   7.332805E-01
   7.430226E-01   7.526877E-01   7.622168E-01   7.717230E-01   7.811031E-01
   7.904006E-01   7.996407E-01   8.087141E-01   8.176035E-01   8.262019E-01
   8.343637E-01   8.414561E-01   8.481982E-01   8.550750E-01   8.625067E-01
   8.622884E-01   7.113401E-01   7.146555E-01   7.244996E-01   7.343141E-01
   7.440933E-01   7.538293E-01   7.634555E-01   7.730095E-01   7.824804E-01
   7.918912E-01   8.011708E-01   8.103622E-01   8.193953E-01   8.282247E-01
   8.366944E-01   8.444745E-01   8.512451E-01   8.576011E-01   8.641238E-01
   8.712509E-01   8.763776E-01   5.398233E-01   5.464936E-01   5.564398E-01
   5.663389E-01   5.761874E-01   5.859700E-01   5.957253E-01   6.054898E-01
   6.153050E-01   6.251373E-01   6.349827E-01   6.447867E-01   6.545946E-01
   6.644698E-01   6.743658E-01   6.842469E-01   6.941488E-01   7.040594E-01
   7.140041E-01   7.239436E-01   7.272337E-01   5.564752E-01   5.573016E-01
   5.672408E-01   5.771258E-01   5.869513E-01   5.967150E-01   6.064958E-01
   6.162964E-01   6.261218E-01   6.359538E-01   6.457901E-01   6.555810E-01
   6.654099E-01   6.752843E-01   6.851766E-01   6.950513E-01   7.049441E-01
   7.148431E-01   7.247792E-01   7.347137E-01   7.355094E-01   5.813428E-01
   5.821653E-01   5.921066E-01   6.019653E-01   6.117981E-01   6.215849E-01
   6.313964E-01   6.412244E-01   6.510768E-01   6.609055E-01   6.707129E-01
   6.805026E-01   6.903494E-01   7.002033E-01   7.100822E-01   7.199398E-01
   7.298058E-01   7.396723E-01   7.495779E-01   7.595133E-01   7.603442E-01
   6.061386E-01   6.069543E-01   6.168947E-01   6.267799E-01   6.366080E-01
   6.464527E-01   6.562913E-01   6.661263E-01   6.759594E-01   6.857854E-01
   6.955737E-01   7.053795E-01   7.152066E-01   7.250426E-01   7.348928E-01
   7.447264E-01   7.545708E-01   7.644522E-01   7.743630E-01   7.843019E-01
   7.851208E-01   6.309155E-01   6.317280E-01   6.416602E-01   6.515651E-01
   6.614467E-01   6.713029E-01   6.811682E-01   6.909979E-01   7.008045E-01
   7.105891E-01   7.203832E-01   7.301891E-01   7.400016E-01   7.498049E-01
   7.595994E-01   7.694265E-01   7.792947E-01   7.891910E-01   7.991094E-01
   8.090643E-01   8.098811E-01   6.556728E-01   6.564949E-01   6.664552E-01
   6.763749E-01   6.862727E-01   6.961335E-01   7.059898E-01   7.157980E-01
   7.255757E-01   7.353636E-01   7.451354E-01   7.549209E-01   7.647160E-01
   7.744970E-01   7.842993E-01   7.941266E-01   8.039925E-01   8.138881E-01
   8.238025E-01   8.337334E-01   8.345287E-01   6.804742E-01   6.812978E-01
   6.912634E-01   7.011830E-01   7.110750E-01   7.209178E-01   7.307416E-01
   7.405207E-01   7.503020E-01   7.600881E-01   7.698404E-01   7.795992E-01
   7.893865E-01   7.991790E-01   8.089782E-01   8.187921E-01   8.286057E-01
   8.384824E-01   8.483921E-01   8.583272E-01   8.591369E-01   7.052787E-01
   7.060966E-01   7.160380E-01   7.259387E-01   7.358090E-01   7.456280E-01
   7.554554E-01   7.652322E-01   7.750192E-01   7.847928E-01   7.945183E-01
   8.042793E-01   8.140395E-01   8.238110E-01   8.335742E-01   8.433751E-01
   8.531894E-01   8.630319E-01   8.729325E-01   8.828838E-01   8.836964E-01
   7.300313E-01   7.308437E-01   7.407832E-01   7.506549E-01   7.605076E-01
   7.703584E-01   7.801768E-01   7.899532E-01   7.997238E-01   8.094657E-01
   8.191960E-01   8.289280E-01   8.386783E-01   8.483917E-01   8.581224E-01
   8.679055E-01   8.777009E-01   8.875066E-01   8.973875E-01   9.073102E-01
   9.081163E-01   7.547365E-01   7.555488E-01   7.654805E-01   7.753777E-01
   7.852530E-01   7.950926E-01   8.049008E-01   8.146807E-01   8.244087E-01
   8.341305E-01   8.438386E-01   8.535250E-01   8.632311E-01   8.729221E-01
   8.826112E-01   8.923608E-01   9.021161E-01   9.119165E-01   9.217801E-01
   9.316865E-01   9.324739E-01   7.794693E-01   7.802866E-01   7.902212E-01
   8.001265E-01   8.099991E-01   8.198172E-01   8.295948E-01   8.393711E-01
   8.490985E-01   8.588010E-01   8.684703E-01   8.781239E-01   8.877896E-01
   8.974163E-01   9.070801E-01   9.167735E-01   9.264715E-01   9.362213E-01
   9.460431E-01   9.559411E-01   9.567396E-01   8.042346E-01   8.050676E-01
   8.150102E-01   8.249081E-01   8.347401E-01   8.445275E-01   8.543061E-01
   8.640673E-01   8.737559E-01   8.834178E-01   8.930729E-01   9.026933E-01
   9.122904E-01   9.218840E-01   9.314749E-01   9.411076E-01   9.507768E-01
   9.604658E-01   9.702252E-01   9.800996E-01   9.808996E-01   8.290244E-01
   8.298395E-01   8.397931E-01   8.496803E-01   8.594881E-01   8.692785E-01
   8.790265E-01   8.887396E-01   8.984055E-01   9.080399E-01   9.176485E-01
   9.272211E-01   9.367811E-01   9.463034E-01   9.558323E-01   9.653895E-01
   9.749915E-01   9.846362E-01   9.943088E-01   1.004121E+00   1.004945E+00
   8.537994E-01   8.545951E-01   8.645370E-01   8.744095E-01   8.842323E-01
   8.940201E-01   9.037449E-01   9.134189E-01   9.230759E-01   9.326829E-01
   9.422269E-01   9.517480E-01   9.612314E-01   9.707008E-01   9.801353E-01
   9.896317E-01   9.991242E-01   1.008745E+00   1.018247E+00   1.028059E+00
   1.028877E+00   8.785711E-01   8.793817E-01   8.893082E-01   8.991928E-01
   9.090131E-01   9.187791E-01   9.284742E-01   9.381277E-01   9.477435E-01
   9.573077E-01   9.668192E-01   9.762837E-01   9.856974E-01   9.950572E-01
   1.004356E+00   1.013825E+00   1.023145E+00   1.032678E+00   1.042115E+00
   1.051864E+00   1.052656E+00   9.033891E-01   9.042033E-01   9.141266E-01
   9.240027E-01   9.338007E-01   9.435194E-01   9.532177E-01   9.628702E-01
   9.724328E-01   9.819793E-01   9.914192E-01   1.000848E+00   1.010136E+00
   1.019367E+00   1.028739E+00   1.037933E+00   1.047085E+00   1.056331E+00
   1.065791E+00   1.075303E+00   1.076010E+00   9.282589E-01   9.290716E-01
   9.389854E-01   9.488268E-01   9.585893E-01   9.683155E-01   9.780126E-01
   9.876211E-01   9.971850E-01   1.006722E+00   1.016063E+00   1.025341E+00
   1.034726E+00   1.043877E+00   1.052976E+00   1.061998E+00   1.070975E+00
   1.079974E+00   1.089132E+00   1.098602E+00   1.099126E+00   9.531349E-01
   9.539444E-01   9.638485E-01   9.736803E-01   9.834320E-01   9.931698E-01
   1.002869E+00   1.012341E+00   1.021947E+00   1.031330E+00   1.040814E+00
   1.050048E+00   1.059202E+00   1.068258E+00   1.077226E+00   1.086070E+00
   1.094798E+00   1.103346E+00   1.112167E+00   1.121274E+00   1.121813E+00
   9.780496E-01   9.788591E-01   9.887465E-01   9.985273E-01   1.008241E+00
   1.018039E+00   1.027771E+00   1.037224E+00   1.046821E+00   1.056163E+00
   1.065611E+00   1.074854E+00   1.083952E+00   1.092936E+00   1.101757E+00
   1.110242E+00   1.118587E+00   1.126719E+00   1.134988E+00   1.143696E+00
   1.143971E+00   1.003006E+00   1.003847E+00   1.013712E+00   1.023360E+00
   1.033166E+00   1.042982E+00   1.052695E+00   1.062157E+00   1.071728E+00
   1.081054E+00   1.090319E+00   1.099685E+00   1.108771E+00   1.117688E+00
   1.126258E+00   1.134629E+00   1.142311E+00   1.149940E+00   1.157731E+00
   1.165950E+00   1.166026E+00   1.011270E+00   1.014650E+00   1.024374E+00
   1.034172E+00   1.044011E+00   1.053811E+00   1.063357E+00   1.072956E+00
   1.082382E+00   1.091863E+00   1.101100E+00   1.110291E+00   1.119342E+00
   1.128243E+00   1.136883E+00   1.145028E+00   1.152658E+00   1.159992E+00
   1.167597E+00   1.175636E+00   1.181203E+00   1.139373E+00   1.146127E+00
   1.156118E+00   1.166057E+00   1.175933E+00   1.185734E+00   1.195553E+00
   1.205235E+00   1.215119E+00   1.225019E+00   1.234872E+00   1.244624E+00
   1.254288E+00   1.264188E+00   1.274132E+00   1.284077E+00   1.294011E+00
   1.303933E+00   1.313882E+00   1.323829E+00   1.327043E+00   1.156118E+00
   1.156997E+00   1.166976E+00   1.176901E+00   1.186730E+00   1.196355E+00
   1.206198E+00   1.216072E+00   1.225982E+00   1.235875E+00   1.245688E+00
   1.255298E+00   1.265130E+00   1.275052E+00   1.284995E+00   1.294930E+00
   1.304840E+00   1.314716E+00   1.324653E+00   1.334595E+00   1.335260E+00
   1.181082E+00   1.181949E+00   1.191909E+00   1.201819E+00   1.211624E+00
   1.221259E+00   1.231127E+00   1.241038E+00   1.250951E+00   1.260824E+00
   1.270605E+00   1.280228E+00   1.290095E+00   1.300017E+00   1.309942E+00
   1.319843E+00   1.329671E+00   1.339362E+00   1.349276E+00   1.359245E+00
   1.360089E+00   1.205977E+00   1.206826E+00   1.216733E+00   1.226621E+00
   1.236306E+00   1.246154E+00   1.256064E+00   1.265977E+00   1.275858E+00
   1.285659E+00   1.295299E+00   1.305123E+00   1.315019E+00   1.324921E+00
   1.334789E+00   1.344631E+00   1.354308E+00   1.364173E+00   1.374117E+00
   1.384097E+00   1.384962E+00   1.230783E+00   1.231600E+00   1.241343E+00
   1.251248E+00   1.261148E+00   1.271067E+00   1.280986E+00   1.290869E+00
   1.300669E+00   1.310311E+00   1.320129E+00   1.330004E+00   1.339885E+00
   1.349713E+00   1.359362E+00   1.369215E+00   1.379091E+00   1.389019E+00
   1.398975E+00   1.408946E+00   1.409790E+00   1.255348E+00   1.256206E+00
   1.266153E+00   1.276103E+00   1.286043E+00   1.295966E+00   1.305859E+00
   1.315664E+00   1.325305E+00   1.335119E+00   1.344975E+00   1.354812E+00
   1.364635E+00   1.374290E+00   1.384108E+00   1.393989E+00   1.403868E+00
   1.413796E+00   1.423741E+00   1.433666E+00   1.434343E+00   1.280188E+00
   1.281057E+00   1.291036E+00   1.300987E+00   1.310912E+00   1.320791E+00
   1.330631E+00   1.340284E+00   1.350097E+00   1.359948E+00   1.369744E+00
   1.379366E+00   1.389190E+00   1.399021E+00   1.408853E+00   1.418701E+00
   1.428368E+00   1.438258E+00   1.448202E+00   1.458164E+00   1.459000E+00
   1.305073E+00   1.305936E+00   1.315898E+00   1.325803E+00   1.335668E+00
   1.345357E+00   1.355215E+00   1.365062E+00   1.374912E+00   1.384711E+00
   1.394317E+00   1.404097E+00   1.413931E+00   1.423722E+00   1.433342E+00
   1.443179E+00   1.453023E+00   1.462902E+00   1.472840E+00   1.482807E+00
   1.483649E+00   1.329910E+00   1.330742E+00   1.340651E+00   1.350367E+00
   1.360247E+00   1.370126E+00   1.380014E+00   1.389873E+00   1.399655E+00
   1.409277E+00   1.419044E+00   1.428831E+00   1.438613E+00   1.448218E+00
   1.457963E+00   1.467805E+00   1.477626E+00   1.487309E+00   1.497210E+00
   1.507162E+00   1.507995E+00   1.354621E+00   1.355301E+00   1.365232E+00
   1.375141E+00   1.385061E+00   1.394957E+00   1.404805E+00   1.414617E+00
   1.424239E+00   1.434005E+00   1.443753E+00   1.453330E+00   1.463093E+00
   1.472807E+00   1.482376E+00   1.492179E+00   1.501994E+00   1.511840E+00
   1.521745E+00   1.531653E+00   1.532326E+00   1.379244E+00   1.380089E+00
   1.390057E+00   1.399997E+00   1.409899E+00   1.419730E+00   1.429363E+00
   1.439178E+00   1.448975E+00   1.458723E+00   1.468284E+00   1.478000E+00
   1.487721E+00   1.497252E+00   1.506943E+00   1.516707E+00   1.526300E+00
   1.536091E+00   1.545976E+00   1.555915E+00   1.556750E+00   1.404092E+00
   1.404955E+00   1.414926E+00   1.424844E+00   1.434664E+00   1.444316E+00
   1.454116E+00   1.463941E+00   1.473701E+00   1.483260E+00   1.492964E+00
   1.502647E+00   1.512175E+00   1.521803E+00   1.531305E+00   1.541011E+00
   1.550734E+00   1.560313E+00   1.570110E+00   1.580034E+00   1.580888E+00
   1.428945E+00   1.429781E+00   1.439734E+00   1.449611E+00   1.459280E+00
   1.469096E+00   1.478923E+00   1.488670E+00   1.498249E+00   1.507954E+00
   1.517628E+00   1.527136E+00   1.536746E+00   1.546202E+00   1.555790E+00
   1.565277E+00   1.574959E+00   1.584663E+00   1.594211E+00   1.604079E+00
   1.604929E+00   1.453686E+00   1.454348E+00   1.464283E+00   1.474203E+00
   1.484074E+00   1.493928E+00   1.503700E+00   1.513263E+00   1.522975E+00
   1.532645E+00   1.542142E+00   1.551736E+00   1.561168E+00   1.570707E+00
   1.580092E+00   1.589673E+00   1.599104E+00   1.608763E+00   1.618231E+00
   1.628067E+00   1.628907E+00   1.478304E+00   1.479142E+00   1.489108E+00
   1.499042E+00   1.508925E+00   1.518719E+00   1.528300E+00   1.538022E+00
   1.547711E+00   1.557196E+00   1.566777E+00   1.576194E+00   1.585707E+00
   1.595012E+00   1.604316E+00   1.613831E+00   1.623160E+00   1.632760E+00
   1.642184E+00   1.651981E+00   1.652784E+00   1.503177E+00   1.504041E+00
   1.514011E+00   1.523925E+00   1.533735E+00   1.543333E+00   1.553082E+00
   1.562813E+00   1.572294E+00   1.581900E+00   1.591287E+00   1.600791E+00
   1.610101E+00   1.619326E+00   1.628739E+00   1.637964E+00   1.647169E+00
   1.656654E+00   1.666043E+00   1.675740E+00   1.676348E+00   1.528113E+00
   1.528978E+00   1.538932E+00   1.548786E+00   1.558376E+00   1.568144E+00
   1.577936E+00   1.587617E+00   1.597092E+00   1.606674E+00   1.616004E+00
   1.625288E+00   1.634708E+00   1.643870E+00   1.653002E+00   1.662073E+00
   1.671140E+00   1.680320E+00   1.689743E+00   1.699231E+00   1.699907E+00
   1.553064E+00   1.553923E+00   1.563851E+00   1.573640E+00   1.583236E+00
   1.593041E+00   1.602812E+00   1.612280E+00   1.621894E+00   1.631269E+00
   1.640755E+00   1.650012E+00   1.659181E+00   1.668259E+00   1.677302E+00
   1.686264E+00   1.695170E+00   1.704123E+00   1.713241E+00   1.722742E+00
   1.723258E+00   1.578018E+00   1.578866E+00   1.588748E+00   1.598342E+00
   1.608126E+00   1.617971E+00   1.627735E+00   1.637173E+00   1.646788E+00
   1.656091E+00   1.665385E+00   1.674826E+00   1.683967E+00   1.692995E+00
   1.701937E+00   1.710730E+00   1.719291E+00   1.728022E+00   1.736924E+00
   1.746132E+00   1.746707E+00   1.602954E+00   1.603786E+00   1.613641E+00
   1.623248E+00   1.633082E+00   1.642929E+00   1.652645E+00   1.662111E+00
   1.671704E+00   1.681012E+00   1.690253E+00   1.699693E+00   1.708823E+00
   1.717816E+00   1.726661E+00   1.735200E+00   1.743713E+00   1.752127E+00
   1.760837E+00   1.769870E+00   1.770217E+00   1.611150E+00   1.614396E+00
   1.624265E+00   1.634073E+00   1.643942E+00   1.653768E+00   1.663301E+00
   1.672912E+00   1.682344E+00   1.691832E+00   1.701060E+00   1.710290E+00
   1.719402E+00   1.728384E+00   1.737217E+00   1.745854E+00   1.754216E+00
   1.762689E+00   1.771177E+00   1.780111E+00   1.786205E+00   1.739259E+00
   1.746024E+00   1.756017E+00   1.765938E+00   1.775748E+00   1.785561E+00
   1.795244E+00   1.805123E+00   1.815049E+00   1.824938E+00   1.834698E+00
   1.844308E+00   1.854164E+00   1.864106E+00   1.874066E+00   1.884013E+00
   1.893922E+00   1.903775E+00   1.913708E+00   1.923667E+00   1.926912E+00
   1.756018E+00   1.756901E+00   1.766873E+00   1.776757E+00   1.786372E+00
   1.796189E+00   1.806065E+00   1.815990E+00   1.825916E+00   1.835773E+00
   1.845356E+00   1.855133E+00   1.865032E+00   1.874980E+00   1.884933E+00
   1.894858E+00   1.904704E+00   1.914371E+00   1.924282E+00   1.934253E+00
   1.935093E+00   1.780987E+00   1.781845E+00   1.791771E+00   1.801631E+00
   1.811266E+00   1.821113E+00   1.831033E+00   1.840968E+00   1.850877E+00
   1.860690E+00   1.870275E+00   1.880097E+00   1.890013E+00   1.899954E+00
   1.909876E+00   1.919720E+00   1.929364E+00   1.939191E+00   1.949129E+00
   1.959116E+00   1.959987E+00   1.805858E+00   1.806653E+00   1.816378E+00
   1.826264E+00   1.836131E+00   1.846049E+00   1.855985E+00   1.865899E+00
   1.875730E+00   1.885354E+00   1.895144E+00   1.905030E+00   1.914948E+00
   1.924858E+00   1.934699E+00   1.944346E+00   1.954162E+00   1.964072E+00
   1.974031E+00   1.984019E+00   1.984895E+00   1.830608E+00   1.831275E+00
   1.841164E+00   1.851103E+00   1.861043E+00   1.870985E+00   1.880902E+00
   1.890736E+00   1.900365E+00   1.910160E+00   1.920034E+00   1.929928E+00
   1.939793E+00   1.949632E+00   1.959281E+00   1.969113E+00   1.979013E+00
   1.988953E+00   1.998906E+00   2.008857E+00   2.009721E+00   1.855229E+00
   1.856077E+00   1.866048E+00   1.876012E+00   1.885961E+00   1.895887E+00
   1.905729E+00   1.915361E+00   1.925155E+00   1.935026E+00   1.944906E+00
   1.954724E+00   1.964362E+00   1.974187E+00   1.984037E+00   1.993924E+00
   2.003809E+00   2.013737E+00   2.023641E+00   2.033387E+00   2.034209E+00
   1.880101E+00   1.880973E+00   1.890955E+00   1.900908E+00   1.910810E+00
   1.920686E+00   1.930340E+00   1.940140E+00   1.950005E+00   1.959880E+00
   1.969690E+00   1.979293E+00   1.989089E+00   1.998946E+00   2.008790E+00
   2.018629E+00   2.028295E+00   2.038191E+00   2.048128E+00   2.058062E+00
   2.058893E+00   1.904995E+00   1.905857E+00   1.915796E+00   1.925696E+00
   1.935381E+00   1.945238E+00   1.955101E+00   1.964971E+00   1.974814E+00
   1.984632E+00   1.994251E+00   2.004028E+00   2.013836E+00   2.023641E+00
   2.033269E+00   2.043104E+00   2.052930E+00   2.062838E+00   2.072781E+00
   2.082716E+00   2.083381E+00   1.929798E+00   1.930618E+00   1.940359E+00
   1.950244E+00   1.960133E+00   1.970045E+00   1.979935E+00   1.989752E+00
   1.999374E+00   2.009175E+00   2.018978E+00   2.028745E+00   2.038344E+00
   2.048120E+00   2.057893E+00   2.067717E+00   2.077357E+00   2.087214E+00
   2.097136E+00   2.107063E+00   2.107891E+00   1.954334E+00   1.955179E+00
   1.965119E+00   1.975059E+00   1.984988E+00   1.994896E+00   2.004717E+00
   2.014338E+00   2.024111E+00   2.033932E+00   2.043697E+00   2.053257E+00
   2.063001E+00   2.072743E+00   2.082309E+00   2.092110E+00   2.101908E+00
   2.111777E+00   2.121651E+00   2.131385E+00   2.132203E+00   1.979147E+00
   1.980016E+00   1.989991E+00   1.999930E+00   2.009815E+00   2.019670E+00
   2.029288E+00   2.039075E+00   2.048896E+00   2.058646E+00   2.068206E+00
   2.077904E+00   2.087641E+00   2.097191E+00   2.106887E+00   2.116645E+00
   2.126242E+00   2.136040E+00   2.145925E+00   2.155849E+00   2.156707E+00
   2.004040E+00   2.004906E+00   2.014864E+00   2.024730E+00   2.034387E+00
   2.044217E+00   2.054039E+00   2.063841E+00   2.073617E+00   2.083173E+00
   2.092837E+00   2.102368E+00   2.112079E+00   2.121751E+00   2.131255E+00
   2.140966E+00   2.150699E+00   2.160268E+00   2.170070E+00   2.180002E+00
   2.180867E+00   2.028904E+00   2.029731E+00   2.039635E+00   2.049329E+00
   2.059150E+00   2.069019E+00   2.078832E+00   2.088396E+00   2.098138E+00
   2.107825E+00   2.117343E+00   2.127010E+00   2.136670E+00   2.146151E+00
   2.155755E+00   2.165239E+00   2.174930E+00   2.184628E+00   2.194182E+00
   2.204063E+00   2.204919E+00   2.053638E+00   2.054284E+00   2.064205E+00
   2.074106E+00   2.084008E+00   2.093876E+00   2.103629E+00   2.113164E+00
   2.122874E+00   2.132369E+00   2.142023E+00   2.151659E+00   2.161109E+00
   2.170657E+00   2.180058E+00   2.189641E+00   2.199088E+00   2.208756E+00
   2.218229E+00   2.228076E+00   2.228923E+00   2.078242E+00   2.079082E+00
   2.089051E+00   2.098991E+00   2.108886E+00   2.118680E+00   2.128243E+00
   2.137960E+00   2.147641E+00   2.157111E+00   2.166723E+00   2.176145E+00
   2.185659E+00   2.194978E+00   2.204298E+00   2.213825E+00   2.223172E+00
   2.232796E+00   2.242229E+00   2.252050E+00   2.252881E+00   2.103126E+00
   2.103996E+00   2.113972E+00   2.123887E+00   2.133698E+00   2.143285E+00
   2.153029E+00   2.162740E+00   2.172233E+00   2.181850E+00   2.191245E+00
   2.200761E+00   2.210076E+00   2.219313E+00   2.228748E+00   2.237996E+00
   2.247240E+00   2.256796E+00   2.266190E+00   2.275969E+00   2.276748E+00
   2.128077E+00   2.128947E+00   2.138897E+00   2.148722E+00   2.158317E+00
   2.168091E+00   2.177866E+00   2.187369E+00   2.197017E+00   2.206620E+00
   2.215972E+00   2.225268E+00   2.234700E+00   2.243884E+00   2.253074E+00
   2.262197E+00   2.271360E+00   2.280782E+00   2.290116E+00   2.299817E+00
   2.300396E+00   2.153040E+00   2.153899E+00   2.163792E+00   2.173386E+00
   2.183152E+00   2.192993E+00   2.202769E+00   2.212217E+00   2.221857E+00
   2.231236E+00   2.240729E+00   2.250000E+00   2.259187E+00   2.268320E+00
   2.277623E+00   2.286690E+00   2.295724E+00   2.304827E+00   2.314045E+00
   2.323696E+00   2.324225E+00   2.177996E+00   2.178840E+00   2.188681E+00
   2.198254E+00   2.208074E+00   2.217930E+00   2.227673E+00   2.237135E+00
   2.246765E+00   2.256066E+00   2.265350E+00   2.274820E+00   2.283988E+00
   2.293055E+00   2.302093E+00   2.311049E+00   2.319945E+00   2.328921E+00
   2.338054E+00   2.347632E+00   2.348144E+00   2.202918E+00   2.203719E+00
   2.213382E+00   2.223168E+00   2.233037E+00   2.242865E+00   2.252394E+00
   2.262052E+00   2.271684E+00   2.280996E+00   2.290240E+00   2.299709E+00
   2.308895E+00   2.317931E+00   2.326860E+00   2.335708E+00   2.344355E+00
   2.353230E+00   2.362291E+00   2.371775E+00   2.372260E+00   2.211105E+00
   2.214328E+00   2.224156E+00   2.234017E+00   2.243905E+00   2.253723E+00
   2.263206E+00   2.272872E+00   2.282326E+00   2.291821E+00   2.301058E+00
   2.310340E+00   2.319690E+00   2.328717E+00   2.337442E+00   2.346261E+00
   2.355036E+00   2.363915E+00   2.372933E+00   2.382223E+00   2.388656E+00
   2.399220E+00   2.405989E+00   2.415980E+00   2.425889E+00   2.435676E+00
   2.445302E+00   2.455154E+00   2.465084E+00   2.475022E+00   2.484910E+00
   2.494665E+00   2.504254E+00   2.514129E+00   2.524080E+00   2.534043E+00
   2.543991E+00   2.553898E+00   2.563756E+00   2.573690E+00   2.583654E+00
   2.586916E+00   2.415979E+00   2.416864E+00   2.426829E+00   2.436680E+00
   2.446291E+00   2.456111E+00   2.466021E+00   2.475963E+00   2.485893E+00
   2.495740E+00   2.505300E+00   2.515093E+00   2.525006E+00   2.534959E+00
   2.544913E+00   2.554832E+00   2.564665E+00   2.574314E+00   2.584222E+00
   2.594200E+00   2.595056E+00   2.440929E+00   2.441769E+00   2.451683E+00
   2.461368E+00   2.471168E+00   2.481065E+00   2.491004E+00   2.500945E+00
   2.510849E+00   2.520650E+00   2.530218E+00   2.540062E+00   2.549988E+00
   2.559929E+00   2.569850E+00   2.579682E+00   2.589311E+00   2.599148E+00
   2.609091E+00   2.619081E+00   2.619954E+00   2.465725E+00   2.466380E+00
   2.476268E+00   2.486162E+00   2.496076E+00   2.506017E+00   2.515960E+00
   2.525870E+00   2.535691E+00   2.545300E+00   2.555103E+00   2.565000E+00
   2.574915E+00   2.584802E+00   2.594659E+00   2.604294E+00   2.614122E+00
   2.624040E+00   2.633999E+00   2.643991E+00   2.644865E+00   2.490325E+00
   2.491148E+00   2.501102E+00   2.511056E+00   2.521010E+00   2.530959E+00
   2.540873E+00   2.550696E+00   2.560310E+00   2.570119E+00   2.580003E+00
   2.589895E+00   2.599729E+00   2.609393E+00   2.619217E+00   2.629071E+00
   2.638982E+00   2.648920E+00   2.658847E+00   2.668815E+00   2.669684E+00
   2.515151E+00   2.516025E+00   2.526013E+00   2.535983E+00   2.545934E+00
   2.555859E+00   2.565690E+00   2.575306E+00   2.585113E+00   2.594992E+00
   2.604878E+00   2.614690E+00   2.624303E+00   2.634116E+00   2.643990E+00
   2.653862E+00   2.663769E+00   2.673676E+00   2.683399E+00   2.693303E+00
   2.694156E+00   2.540059E+00   2.540938E+00   2.550926E+00   2.560880E+00
   2.570777E+00   2.580651E+00   2.590288E+00   2.600097E+00   2.609964E+00
   2.619822E+00   2.629655E+00   2.639259E+00   2.649043E+00   2.658874E+00
   2.668718E+00   2.678389E+00   2.688230E+00   2.698147E+00   2.708065E+00
   2.718017E+00   2.718855E+00   2.564946E+00   2.565793E+00   2.575752E+00
   2.585659E+00   2.595331E+00   2.605202E+00   2.615065E+00   2.624932E+00
   2.634746E+00   2.644393E+00   2.654189E+00   2.663987E+00   2.673766E+00
   2.683397E+00   2.693195E+00   2.703033E+00   2.712884E+00   2.722802E+00
   2.732741E+00   2.742680E+00   2.743354E+00   2.589704E+00   2.590369E+00
   2.600276E+00   2.610204E+00   2.620100E+00   2.630017E+00   2.639904E+00
   2.649709E+00   2.659311E+00   2.669104E+00   2.678938E+00   2.688705E+00
   2.698279E+00   2.708049E+00   2.717848E+00   2.727669E+00   2.737300E+00
   2.747167E+00   2.757067E+00   2.767012E+00   2.767849E+00   2.614264E+00
   2.615110E+00   2.625077E+00   2.635031E+00   2.644963E+00   2.654871E+00
   2.664685E+00   2.674283E+00   2.684055E+00   2.693861E+00   2.703654E+00
   2.713212E+00   2.722929E+00   2.732695E+00   2.742265E+00   2.752042E+00
   2.761856E+00   2.771708E+00   2.781404E+00   2.791297E+00   2.792147E+00
   2.639110E+00   2.639985E+00   2.649961E+00   2.659902E+00   2.669785E+00
   2.679643E+00   2.689255E+00   2.699025E+00   2.708798E+00   2.718394E+00
   2.728129E+00   2.737824E+00   2.747389E+00   2.757118E+00   2.766816E+00
   2.776402E+00   2.786172E+00   2.795988E+00   2.805857E+00   2.815804E+00
   2.816666E+00   2.664014E+00   2.664877E+00   2.674807E+00   2.684685E+00
   2.694335E+00   2.704182E+00   2.713998E+00   2.723767E+00   2.733363E+00
   2.743069E+00   2.752772E+00   2.762284E+00   2.771971E+00   2.781692E+00
   2.791207E+00   2.800896E+00   2.810649E+00   2.820200E+00   2.830024E+00
   2.839967E+00   2.840829E+00   2.688879E+00   2.689677E+00   2.699397E+00
   2.709248E+00   2.719107E+00   2.728982E+00   2.738765E+00   2.748324E+00
   2.758056E+00   2.767760E+00   2.777266E+00   2.786893E+00   2.796396E+00
   2.806045E+00   2.815697E+00   2.825163E+00   2.834856E+00   2.844387E+00
   2.854118E+00   2.864029E+00   2.864884E+00   2.713633E+00   2.714256E+00
   2.724149E+00   2.734070E+00   2.743978E+00   2.753820E+00   2.763392E+00
   2.773087E+00   2.782794E+00   2.792296E+00   2.801939E+00   2.811390E+00
   2.820945E+00   2.830387E+00   2.839957E+00   2.849395E+00   2.859017E+00
   2.868694E+00   2.878195E+00   2.888053E+00   2.888898E+00   2.738225E+00
   2.739063E+00   2.749029E+00   2.758971E+00   2.768865E+00   2.778650E+00
   2.788182E+00   2.797890E+00   2.807398E+00   2.817036E+00   2.826671E+00
   2.836046E+00   2.845398E+00   2.854880E+00   2.864248E+00   2.873768E+00
   2.883146E+00   2.892776E+00   2.902217E+00   2.912046E+00   2.912879E+00
   2.763108E+00   2.763982E+00   2.773957E+00   2.783870E+00   2.793679E+00
   2.803262E+00   2.812998E+00   2.822698E+00   2.832165E+00   2.841782E+00
   2.851205E+00   2.860719E+00   2.870016E+00   2.879277E+00   2.888727E+00
   2.897988E+00   2.907269E+00   2.916817E+00   2.926211E+00   2.936011E+00
   2.936820E+00   2.788062E+00   2.788935E+00   2.798881E+00   2.808699E+00
   2.818296E+00   2.828070E+00   2.837840E+00   2.847320E+00   2.856951E+00
   2.866386E+00   2.875916E+00   2.885240E+00   2.894676E+00   2.903871E+00
   2.913081E+00   2.922245E+00   2.931606E+00   2.940884E+00   2.950201E+00
   2.959957E+00   2.960711E+00   2.813029E+00   2.813888E+00   2.823772E+00
   2.833347E+00   2.843128E+00   2.852975E+00   2.862749E+00   2.872192E+00
   2.881828E+00   2.891185E+00   2.900702E+00   2.909982E+00   2.919174E+00
   2.928321E+00   2.937659E+00   2.946762E+00   2.955853E+00   2.964970E+00
   2.974215E+00   2.983929E+00   2.984654E+00   2.837987E+00   2.838827E+00
   2.848658E+00   2.858229E+00   2.868056E+00   2.877912E+00   2.887651E+00
   2.897117E+00   2.906749E+00   2.916046E+00   2.925333E+00   2.934810E+00
   2.943985E+00   2.953064E+00   2.962129E+00   2.971129E+00   2.980113E+00
   2.989151E+00   2.998339E+00   3.007981E+00   3.008678E+00   2.862916E+00
   2.863707E+00   2.873345E+00   2.883145E+00   2.893021E+00   2.902845E+00
   2.912356E+00   2.922033E+00   2.931674E+00   2.940985E+00   2.950232E+00
   2.959710E+00   2.968907E+00   2.977960E+00   2.986937E+00   2.995850E+00
   3.004753E+00   3.013742E+00   3.022880E+00   3.032260E+00   3.032895E+00
   2.871134E+00   2.874346E+00   2.884141E+00   2.893998E+00   2.903888E+00
   2.913704E+00   2.923182E+00   2.932861E+00   2.942340E+00   2.951815E+00
   2.961055E+00   2.970368E+00   2.979727E+00   2.988785E+00   2.997693E+00
   3.006428E+00   3.015310E+00   3.024299E+00   3.033561E+00   3.042879E+00
   3.049187E+00
   1031  9.60000000E+03     NSTEP   TIME
  -3.342749E-01  -3.325132E-01  -3.324505E-01  -3.328352E-01  -3.331245E-01
  -3.334637E-01  -3.338649E-01  -3.342470E-01  -3.345090E-01  -3.346656E-01
  -3.345996E-01  -3.343326E-01  -3.339292E-01  -3.332458E-01  -3.324450E-01
  -3.312994E-01  -3.299510E-01  -3.283356E-01  -3.268230E-01  -3.231865E-01
  -3.222958E-01  -3.315426E-01  -3.288466E-01  -3.283457E-01  -3.290850E-01
  -3.295969E-01  -3.299996E-01  -3.303370E-01  -3.304269E-01  -3.304785E-01
  -3.303220E-01  -3.301278E-01  -3.296428E-01  -3.291258E-01  -3.283951E-01
  -3.276895E-01  -3.266773E-01  -3.253862E-01  -3.240263E-01  -3.224582E-01
  -3.192412E-01  -3.195922E-01  -3.317948E-01  -3.292770E-01  -3.285242E-01
  -3.292744E-01  -3.293467E-01  -3.293522E-01  -3.292765E-01  -3.289721E-01
  -3.285050E-01  -3.280659E-01  -3.272659E-01  -3.264440E-01  -3.254214E-01
  -3.242556E-01  -3.228645E-01  -3.213036E-01  -3.194569E-01  -3.173996E-01
  -3.150751E-01  -3.112222E-01  -3.110367E-01  -3.327118E-01  -3.304943E-01
  -3.294194E-01  -3.297753E-01  -3.294681E-01  -3.290954E-01  -3.285132E-01
  -3.279049E-01  -3.269873E-01  -3.260865E-01  -3.249409E-01  -3.236511E-01
  -3.222178E-01  -3.204614E-01  -3.185887E-01  -3.163540E-01  -3.137865E-01
  -3.109389E-01  -3.078285E-01  -3.032671E-01  -3.032571E-01  -3.331298E-01
  -3.304735E-01  -3.287969E-01  -3.287104E-01  -3.281040E-01  -3.272591E-01
  -3.263742E-01  -3.253518E-01  -3.240653E-01  -3.226782E-01  -3.211242E-01
  -3.193149E-01  -3.172610E-01  -3.149461E-01  -3.123389E-01  -3.093712E-01
  -3.060018E-01  -3.023222E-01  -2.982088E-01  -2.927309E-01  -2.926691E-01
  -3.323268E-01  -3.294273E-01  -3.274050E-01  -3.269638E-01  -3.257884E-01
  -3.247035E-01  -3.232895E-01  -3.217297E-01  -3.200784E-01  -3.181997E-01
  -3.159653E-01  -3.135169E-01  -3.107954E-01  -3.076332E-01  -3.041850E-01
  -3.002554E-01  -2.959935E-01  -2.911943E-01  -2.860412E-01  -2.796303E-01
  -2.793944E-01  -3.301172E-01  -3.274694E-01  -3.250508E-01  -3.240408E-01
  -3.225777E-01  -3.208515E-01  -3.190575E-01  -3.169220E-01  -3.146170E-01
  -3.119991E-01  -3.090803E-01  -3.058079E-01  -3.021267E-01  -2.981543E-01
  -2.937243E-01  -2.887341E-01  -2.834106E-01  -2.775509E-01  -2.712964E-01
  -2.639900E-01  -2.635288E-01  -3.265294E-01  -3.246081E-01  -3.216200E-01
  -3.199781E-01  -3.180053E-01  -3.156735E-01  -3.132034E-01  -3.104062E-01
  -3.072442E-01  -3.038277E-01  -2.999642E-01  -2.957650E-01  -2.910965E-01
  -2.860754E-01  -2.805394E-01  -2.745580E-01  -2.681765E-01  -2.613502E-01
  -2.540978E-01  -2.460943E-01  -2.454183E-01  -3.216220E-01  -3.204838E-01
  -3.167684E-01  -3.144562E-01  -3.117081E-01  -3.086962E-01  -3.053975E-01
  -3.017162E-01  -2.976691E-01  -2.932551E-01  -2.884365E-01  -2.831187E-01
  -2.773977E-01  -2.713437E-01  -2.647967E-01  -2.579099E-01  -2.505699E-01
  -2.429073E-01  -2.349300E-01  -2.262730E-01  -2.255095E-01  -3.151648E-01
  -3.146551E-01  -3.102541E-01  -3.070619E-01  -3.035152E-01  -2.995701E-01
  -2.952804E-01  -2.905937E-01  -2.854786E-01  -2.799817E-01  -2.741054E-01
  -2.678529E-01  -2.611595E-01  -2.541246E-01  -2.467633E-01  -2.390470E-01
  -2.310199E-01  -2.226536E-01  -2.140447E-01  -2.049858E-01  -2.041863E-01
  -3.069710E-01  -3.067077E-01  -3.014849E-01  -2.973529E-01  -2.928115E-01
  -2.878053E-01  -2.824392E-01  -2.767183E-01  -2.706447E-01  -2.641255E-01
  -2.572668E-01  -2.501318E-01  -2.426825E-01  -2.349270E-01  -2.268058E-01
  -2.184496E-01  -2.098974E-01  -2.011164E-01  -1.921106E-01  -1.828040E-01
  -1.819753E-01  -2.965318E-01  -2.963034E-01  -2.902254E-01  -2.850679E-01
  -2.793825E-01  -2.733938E-01  -2.670107E-01  -2.602902E-01  -2.532667E-01
  -2.459604E-01  -2.383509E-01  -2.304362E-01  -2.222785E-01  -2.139169E-01
  -2.054089E-01  -1.966788E-01  -1.877699E-01  -1.787354E-01  -1.694429E-01
  -1.598881E-01  -1.590742E-01  -2.834824E-01  -2.832286E-01  -2.762416E-01
  -2.699698E-01  -2.633274E-01  -2.563780E-01  -2.491643E-01  -2.416787E-01
  -2.338714E-01  -2.258257E-01  -2.175598E-01  -2.091576E-01  -2.005874E-01
  -1.918802E-01  -1.830516E-01  -1.740635E-01  -1.649210E-01  -1.556476E-01
  -1.462414E-01  -1.366248E-01  -1.358325E-01  -2.679211E-01  -2.673617E-01
  -2.597216E-01  -2.525609E-01  -2.450537E-01  -2.373460E-01  -2.293187E-01
  -2.210930E-01  -2.127028E-01  -2.042142E-01  -1.955541E-01  -1.868179E-01
  -1.779982E-01  -1.690094E-01  -1.599417E-01  -1.508218E-01  -1.416037E-01
  -1.322799E-01  -1.228448E-01  -1.132158E-01  -1.124601E-01  -2.499161E-01
  -2.491894E-01  -2.410103E-01  -2.330052E-01  -2.247797E-01  -2.163973E-01
  -2.078654E-01  -1.992225E-01  -1.904686E-01  -1.816202E-01  -1.726932E-01
  -1.636671E-01  -1.546164E-01  -1.455261E-01  -1.364057E-01  -1.272585E-01
  -1.180743E-01  -1.087667E-01  -9.932952E-02  -8.972265E-02  -8.900827E-02
  -2.299390E-01  -2.291493E-01  -2.203481E-01  -2.117653E-01  -2.030702E-01
  -1.942461E-01  -1.853520E-01  -1.763924E-01  -1.673141E-01  -1.582130E-01
  -1.490972E-01  -1.399608E-01  -1.308284E-01  -1.217173E-01  -1.125955E-01
  -1.034690E-01  -9.435228E-02  -8.517386E-02  -7.585329E-02  -6.635874E-02
  -6.570771E-02  -2.083102E-01  -2.074777E-01  -1.983976E-01  -1.893925E-01
  -1.803631E-01  -1.712062E-01  -1.619955E-01  -1.527863E-01  -1.435571E-01
  -1.343209E-01  -1.251125E-01  -1.159228E-01  -1.067260E-01  -9.758580E-02
  -8.851619E-02  -7.949559E-02  -7.059233E-02  -6.165911E-02  -5.252797E-02
  -4.340384E-02  -4.291756E-02  -1.856646E-01  -1.848131E-01  -1.754627E-01
  -1.661290E-01  -1.567956E-01  -1.474489E-01  -1.380913E-01  -1.287473E-01
  -1.194366E-01  -1.100915E-01  -1.007878E-01  -9.154829E-02  -8.234484E-02
  -7.321335E-02  -6.419597E-02  -5.533146E-02  -4.686471E-02  -3.837923E-02
  -2.910700E-02  -2.116822E-02  -2.101881E-02  -1.621371E-01  -1.613156E-01
  -1.517516E-01  -1.422605E-01  -1.327647E-01  -1.232974E-01  -1.138334E-01
  -1.043629E-01  -9.494187E-02  -8.555616E-02  -7.620479E-02  -6.693929E-02
  -5.775826E-02  -4.864439E-02  -3.960563E-02  -3.052737E-02  -2.295161E-02
  -1.558996E-02   1.831505E-05   1.555653E-04   1.082282E-04  -1.379019E-01
  -1.371370E-01  -1.274828E-01  -1.179156E-01  -1.083051E-01  -9.872766E-02
  -8.920048E-02  -7.966268E-02  -7.018325E-02  -6.077677E-02  -5.142305E-02
  -4.215727E-02  -3.300131E-02  -2.390425E-02  -1.456136E-02   2.635201E-06
   3.611030E-04   8.061726E-04   1.324421E-03   1.857587E-03   1.494576E-03
  -1.298168E-01  -1.265780E-01  -1.168967E-01  -1.072481E-01  -9.761564E-02
  -8.802957E-02  -7.844623E-02  -6.890453E-02  -5.943665E-02  -5.000449E-02
  -4.065563E-02  -3.140716E-02  -2.227899E-02  -1.334353E-02  -4.907566E-03
   7.335248E-05   4.951691E-04   1.370372E-03   2.241164E-03   3.130929E-03
   3.639874E-03  -3.283620E-01  -3.266259E-01  -3.265632E-01  -3.269478E-01
  -3.272371E-01  -3.275769E-01  -3.279785E-01  -3.283614E-01  -3.286240E-01
  -3.287813E-01  -3.287161E-01  -3.284496E-01  -3.280456E-01  -3.273621E-01
  -3.265604E-01  -3.254133E-01  -3.240630E-01  -3.224457E-01  -3.209304E-01
  -3.172903E-01  -3.164458E-01  -3.256634E-01  -3.230174E-01  -3.225173E-01
  -3.232578E-01  -3.237721E-01  -3.241755E-01  -3.245146E-01  -3.246054E-01
  -3.246580E-01  -3.245017E-01  -3.243070E-01  -3.238218E-01  -3.233027E-01
  -3.225703E-01  -3.218617E-01  -3.208466E-01  -3.195521E-01  -3.181882E-01
  -3.166153E-01  -3.133939E-01  -3.137875E-01  -3.259188E-01  -3.234560E-01
  -3.227046E-01  -3.234563E-01  -3.235306E-01  -3.235361E-01  -3.234610E-01
  -3.231570E-01  -3.226892E-01  -3.222485E-01  -3.214471E-01  -3.206227E-01
  -3.195979E-01  -3.184288E-01  -3.170342E-01  -3.154691E-01  -3.136181E-01
  -3.115552E-01  -3.092252E-01  -3.053664E-01  -3.052224E-01  -3.268366E-01
  -3.246776E-01  -3.236033E-01  -3.239602E-01  -3.236533E-01  -3.232798E-01
  -3.226973E-01  -3.220873E-01  -3.211681E-01  -3.202646E-01  -3.191161E-01
  -3.178229E-01  -3.163854E-01  -3.146250E-01  -3.127470E-01  -3.105072E-01
  -3.079340E-01  -3.050803E-01  -3.019628E-01  -2.973954E-01  -2.974230E-01
  -3.272565E-01  -3.246590E-01  -3.229818E-01  -3.228949E-01  -3.222871E-01
  -3.214401E-01  -3.205538E-01  -3.195283E-01  -3.182387E-01  -3.168482E-01
  -3.152900E-01  -3.134759E-01  -3.114170E-01  -3.090968E-01  -3.064834E-01
  -3.035091E-01  -3.001331E-01  -2.964466E-01  -2.923251E-01  -2.868411E-01
  -2.868124E-01  -3.264537E-01  -3.236113E-01  -3.215872E-01  -3.211440E-01
  -3.199662E-01  -3.188784E-01  -3.174612E-01  -3.158974E-01  -3.142419E-01
  -3.123580E-01  -3.101187E-01  -3.076643E-01  -3.049363E-01  -3.017681E-01
  -2.983130E-01  -2.943760E-01  -2.901067E-01  -2.852999E-01  -2.801390E-01
  -2.737225E-01  -2.735149E-01  -3.242418E-01  -3.216484E-01  -3.192272E-01
  -3.182145E-01  -3.167474E-01  -3.150171E-01  -3.132184E-01  -3.110781E-01
  -3.087674E-01  -3.061436E-01  -3.032182E-01  -2.999393E-01  -2.962512E-01
  -2.922710E-01  -2.878337E-01  -2.828359E-01  -2.775050E-01  -2.716381E-01
  -2.653762E-01  -2.580647E-01  -2.576270E-01  -3.206490E-01  -3.187786E-01
  -3.157872E-01  -3.141412E-01  -3.121634E-01  -3.098268E-01  -3.073508E-01
  -3.045470E-01  -3.013789E-01  -2.979556E-01  -2.940848E-01  -2.898779E-01
  -2.852022E-01  -2.801734E-01  -2.746299E-01  -2.686415E-01  -2.622530E-01
  -2.554199E-01  -2.481613E-01  -2.401534E-01  -2.394963E-01  -3.157338E-01
  -3.146434E-01  -3.109243E-01  -3.086065E-01  -3.058526E-01  -3.028339E-01
  -2.995282E-01  -2.958400E-01  -2.917858E-01  -2.873648E-01  -2.825381E-01
  -2.772131E-01  -2.714849E-01  -2.654233E-01  -2.588695E-01  -2.519764E-01
  -2.446304E-01  -2.369621E-01  -2.289795E-01  -2.203193E-01  -2.195710E-01
  -3.092665E-01  -3.088003E-01  -3.043951E-01  -3.011959E-01  -2.976424E-01
  -2.936903E-01  -2.893933E-01  -2.846994E-01  -2.795771E-01  -2.740728E-01
  -2.681890E-01  -2.619291E-01  -2.552294E-01  -2.481880E-01  -2.408207E-01
  -2.330989E-01  -2.250671E-01  -2.166961E-01  -2.080829E-01  -1.990211E-01
  -1.982333E-01  -3.010605E-01  -3.008365E-01  -2.956086E-01  -2.914697E-01
  -2.869206E-01  -2.819072E-01  -2.765336E-01  -2.708055E-01  -2.647246E-01
  -2.581987E-01  -2.513337E-01  -2.441927E-01  -2.367372E-01  -2.289765E-01
  -2.208505E-01  -2.124898E-01  -2.039334E-01  -1.951484E-01  -1.861393E-01
  -1.768302E-01  -1.760104E-01  -2.906082E-01  -2.904142E-01  -2.843308E-01
  -2.791658E-01  -2.734733E-01  -2.674774E-01  -2.610876E-01  -2.543605E-01
  -2.473307E-01  -2.400181E-01  -2.324033E-01  -2.244839E-01  -2.163212E-01
  -2.079552E-01  -1.994427E-01  -1.907090E-01  -1.817967E-01  -1.727590E-01
  -1.634638E-01  -1.539074E-01  -1.531002E-01  -2.775460E-01  -2.773206E-01
  -2.703291E-01  -2.640501E-01  -2.574012E-01  -2.504455E-01  -2.432255E-01
  -2.357340E-01  -2.279215E-01  -2.198712E-01  -2.116006E-01  -2.031940E-01
  -1.946199E-01  -1.859088E-01  -1.770767E-01  -1.680858E-01  -1.589405E-01
  -1.496646E-01  -1.402563E-01  -1.306384E-01  -1.298508E-01  -2.619724E-01
  -2.614370E-01  -2.537922E-01  -2.466251E-01  -2.391121E-01  -2.313989E-01
  -2.233672E-01  -2.151364E-01  -2.067419E-01  -1.982490E-01  -1.895851E-01
  -1.808451E-01  -1.720222E-01  -1.630304E-01  -1.539601E-01  -1.448377E-01
  -1.356174E-01  -1.262917E-01  -1.168549E-01  -1.072249E-01  -1.064725E-01
  -2.439568E-01  -2.432496E-01  -2.350660E-01  -2.270562E-01  -2.188259E-01
  -2.104389E-01  -2.019027E-01  -1.932557E-01  -1.844979E-01  -1.756462E-01
  -1.667160E-01  -1.576870E-01  -1.486336E-01  -1.395409E-01  -1.304185E-01
  -1.212694E-01  -1.120836E-01  -1.027745E-01  -9.333605E-02  -8.372849E-02
  -8.301610E-02  -2.239712E-01  -2.231967E-01  -2.143922E-01  -2.058050E-01
  -1.971057E-01  -1.882779E-01  -1.793802E-01  -1.704176E-01  -1.613360E-01
  -1.522320E-01  -1.431136E-01  -1.339749E-01  -1.248403E-01  -1.157273E-01
  -1.066039E-01  -9.747604E-02  -8.835818E-02  -7.917875E-02  -6.985733E-02
  -6.036234E-02  -5.971232E-02  -2.023349E-01  -2.015145E-01  -1.924312E-01
  -1.834227E-01  -1.743897E-01  -1.652300E-01  -1.560164E-01  -1.468044E-01
  -1.375727E-01  -1.283342E-01  -1.191237E-01  -1.099322E-01  -1.007338E-01
  -9.159215E-02  -8.252144E-02  -7.349996E-02  -6.459598E-02  -5.566198E-02
  -4.653046E-02  -3.740620E-02  -3.692025E-02  -1.796832E-01  -1.788409E-01
  -1.694883E-01  -1.601516E-01  -1.508153E-01  -1.414661E-01  -1.321061E-01
  -1.227599E-01  -1.134472E-01  -1.041003E-01  -9.479502E-02  -8.555408E-02
  -7.634948E-02  -6.721698E-02  -5.819874E-02  -4.933379E-02  -4.086691E-02
  -3.237856E-02  -2.310777E-02  -1.517022E-02  -1.502054E-02  -1.561509E-01
  -1.553362E-01  -1.457701E-01  -1.362766E-01  -1.267786E-01  -1.173091E-01
  -1.078433E-01  -9.837102E-02  -8.894845E-02  -7.956140E-02  -7.020885E-02
  -6.094237E-02  -5.176052E-02  -4.264586E-02  -3.360415E-02  -2.452682E-02
  -1.698959E-02  -9.608116E-03   5.719452E-03   6.092963E-03   6.012367E-03
  -1.319126E-01  -1.311529E-01  -1.214970E-01  -1.119278E-01  -1.023154E-01
  -9.273628E-02  -8.320756E-02  -7.366836E-02  -6.418768E-02  -5.478013E-02
  -4.542554E-02  -3.615903E-02  -2.700243E-02  -1.790483E-02  -8.561599E-03
   5.778851E-03   6.312959E-03   6.864364E-03   7.494554E-03   8.119492E-03
   7.723168E-03  -1.238315E-01  -1.205971E-01  -1.109140E-01  -1.012629E-01
  -9.162808E-02  -8.203990E-02  -7.245461E-02  -6.291116E-02  -5.344178E-02
  -4.400829E-02  -3.465833E-02  -2.540892E-02  -1.627998E-02  -7.343779E-03
   1.092290E-03   6.164563E-03   6.664697E-03   7.592896E-03   8.520020E-03
   9.485221E-03   1.007757E-02  -3.173230E-01  -3.156700E-01  -3.156028E-01
  -3.159860E-01  -3.162755E-01  -3.166200E-01  -3.170254E-01  -3.174166E-01
  -3.176859E-01  -3.178511E-01  -3.177935E-01  -3.175320E-01  -3.171238E-01
  -3.164382E-01  -3.156285E-01  -3.144674E-01  -3.130997E-01  -3.114643E-01
  -3.099243E-01  -3.062593E-01  -3.055656E-01  -3.147195E-01  -3.122437E-01
  -3.117475E-01  -3.124963E-01  -3.130299E-01  -3.134396E-01  -3.137924E-01
  -3.138911E-01  -3.139518E-01  -3.137982E-01  -3.136015E-01  -3.131150E-01
  -3.125811E-01  -3.118370E-01  -3.111070E-01  -3.100712E-01  -3.087513E-01
  -3.073588E-01  -3.057508E-01  -3.025018E-01  -3.030372E-01  -3.149790E-01
  -3.127107E-01  -3.119631E-01  -3.127261E-01  -3.128172E-01  -3.128250E-01
  -3.127559E-01  -3.124559E-01  -3.119851E-01  -3.115333E-01  -3.107233E-01
  -3.098820E-01  -3.088416E-01  -3.076498E-01  -3.062301E-01  -3.046351E-01
  -3.027543E-01  -3.006517E-01  -2.982832E-01  -2.943861E-01  -2.943822E-01
  -3.159067E-01  -3.139663E-01  -3.128900E-01  -3.132555E-01  -3.129533E-01
  -3.125748E-01  -3.119917E-01  -3.113703E-01  -3.104408E-01  -3.095174E-01
  -3.083491E-01  -3.070312E-01  -3.055643E-01  -3.037748E-01  -3.018591E-01
  -2.995838E-01  -2.969690E-01  -2.940729E-01  -2.909050E-01  -2.862981E-01
  -2.864537E-01  -3.163491E-01  -3.139677E-01  -3.122811E-01  -3.121915E-01
  -3.115753E-01  -3.107135E-01  -3.098184E-01  -3.087706E-01  -3.074588E-01
  -3.060443E-01  -3.044564E-01  -3.026079E-01  -3.005140E-01  -2.981554E-01
  -2.954975E-01  -2.924763E-01  -2.890541E-01  -2.853181E-01  -2.811406E-01
  -2.756158E-01  -2.757008E-01  -3.155534E-01  -3.129127E-01  -3.108696E-01
  -3.104114E-01  -3.092176E-01  -3.081091E-01  -3.066686E-01  -3.050765E-01
  -3.033913E-01  -3.014705E-01  -2.991964E-01  -2.966994E-01  -2.939250E-01
  -2.907134E-01  -2.872097E-01  -2.832208E-01  -2.788992E-01  -2.740392E-01
  -2.688237E-01  -2.623694E-01  -2.622597E-01  -3.133241E-01  -3.109151E-01
  -3.084693E-01  -3.074365E-01  -3.059412E-01  -3.041816E-01  -3.023500E-01
  -3.001750E-01  -2.978237E-01  -2.951576E-01  -2.921858E-01  -2.888604E-01
  -2.851230E-01  -2.810881E-01  -2.765987E-01  -2.715484E-01  -2.661643E-01
  -2.602469E-01  -2.539338E-01  -2.465883E-01  -2.462317E-01  -3.096891E-01
  -3.079849E-01  -3.049635E-01  -3.032882E-01  -3.012752E-01  -2.989039E-01
  -2.963855E-01  -2.935353E-01  -2.903238E-01  -2.868520E-01  -2.829298E-01
  -2.786683E-01  -2.739413E-01  -2.688580E-01  -2.632623E-01  -2.572244E-01
  -2.507867E-01  -2.439059E-01  -2.366044E-01  -2.285657E-01  -2.279740E-01
  -3.047063E-01  -3.037717E-01  -3.000213E-01  -2.976623E-01  -2.948668E-01
  -2.918002E-01  -2.884448E-01  -2.847073E-01  -2.806033E-01  -2.761321E-01
  -2.712490E-01  -2.658728E-01  -2.600938E-01  -2.539790E-01  -2.473774E-01
  -2.404396E-01  -2.330516E-01  -2.253428E-01  -2.173237E-01  -2.086415E-01
  -2.079454E-01  -2.981502E-01  -2.978256E-01  -2.933855E-01  -2.901362E-01
  -2.865342E-01  -2.825328E-01  -2.781839E-01  -2.734393E-01  -2.682661E-01
  -2.627091E-01  -2.567726E-01  -2.504607E-01  -2.437170E-01  -2.366300E-01
  -2.292203E-01  -2.214591E-01  -2.133949E-01  -2.049905E-01  -1.963470E-01
  -1.872648E-01  -1.865167E-01  -2.898366E-01  -2.897452E-01  -2.844766E-01
  -2.802876E-01  -2.756845E-01  -2.706203E-01  -2.651940E-01  -2.594152E-01
  -2.532830E-01  -2.467092E-01  -2.398000E-01  -2.326170E-01  -2.251175E-01
  -2.173201E-01  -2.091607E-01  -2.007682E-01  -1.921813E-01  -1.833685E-01
  -1.743353E-01  -1.650088E-01  -1.642191E-01  -2.792704E-01  -2.791949E-01
  -2.730700E-01  -2.678514E-01  -2.621087E-01  -2.560619E-01  -2.496250E-01
  -2.428508E-01  -2.357771E-01  -2.284205E-01  -2.207675E-01  -2.128154E-01
  -2.046174E-01  -1.962192E-01  -1.876760E-01  -1.789159E-01  -1.699795E-01
  -1.609185E-01  -1.516048E-01  -1.420365E-01  -1.412514E-01  -2.660983E-01
  -2.659680E-01  -2.589423E-01  -2.526111E-01  -2.459167E-01  -2.389164E-01
  -2.316523E-01  -2.241192E-01  -2.162708E-01  -2.081873E-01  -1.998829E-01
  -1.914450E-01  -1.828430E-01  -1.741046E-01  -1.652477E-01  -1.562369E-01
  -1.470711E-01  -1.377774E-01  -1.283536E-01  -1.187263E-01  -1.179540E-01
  -2.504185E-01  -2.499661E-01  -2.422865E-01  -2.350741E-01  -2.275197E-01
  -2.197676E-01  -2.117046E-01  -2.034385E-01  -1.950129E-01  -1.864888E-01
  -1.777980E-01  -1.690317E-01  -1.601856E-01  -1.511718E-01  -1.420824E-01
  -1.329419E-01  -1.237063E-01  -1.143669E-01  -1.049179E-01  -9.528100E-02
  -9.453865E-02  -2.323108E-01  -2.316720E-01  -2.234549E-01  -2.154123E-01
  -2.071475E-01  -1.987278E-01  -1.901607E-01  -1.814845E-01  -1.726993E-01
  -1.638238E-01  -1.548714E-01  -1.458213E-01  -1.367483E-01  -1.276386E-01
  -1.185008E-01  -1.093380E-01  -1.001406E-01  -9.082111E-02  -8.137358E-02
  -7.176104E-02  -7.105451E-02  -2.122514E-01  -2.115286E-01  -2.026991E-01
  -1.940807E-01  -1.853519E-01  -1.764969E-01  -1.675739E-01  -1.585895E-01
  -1.494851E-01  -1.403599E-01  -1.312229E-01  -1.220673E-01  -1.129171E-01
  -1.037905E-01  -9.465590E-02  -8.551795E-02  -7.639146E-02  -6.720462E-02
  -5.787685E-02  -4.837852E-02  -4.773125E-02  -1.905495E-01  -1.897709E-01
  -1.806641E-01  -1.716307E-01  -1.625724E-01  -1.533923E-01  -1.441581E-01
  -1.349265E-01  -1.256765E-01  -1.164218E-01  -1.071962E-01  -9.799172E-02
  -8.878172E-02  -7.963011E-02  -7.055136E-02  -6.152303E-02  -5.261313E-02
  -4.367366E-02  -3.453864E-02  -2.541263E-02  -2.492736E-02  -1.678437E-01
  -1.670330E-01  -1.576642E-01  -1.483064E-01  -1.389490E-01  -1.295813E-01
  -1.202044E-01  -1.108424E-01  -1.015158E-01  -9.215604E-02  -8.283941E-02
  -7.358872E-02  -6.437601E-02  -5.523657E-02  -4.621261E-02  -3.734359E-02
  -2.887376E-02  -2.037781E-02  -1.111321E-02  -3.172713E-03  -3.022654E-03
  -1.442697E-01  -1.434767E-01  -1.338958E-01  -1.243848E-01  -1.148707E-01
  -1.053863E-01  -9.590716E-02  -8.642260E-02  -7.698903E-02  -6.759269E-02
  -5.823200E-02  -4.895877E-02  -3.977144E-02  -3.065203E-02  -2.160288E-02
  -1.252779E-02  -5.042386E-03   2.368781E-03   1.719402E-02   1.797950E-02
   1.784898E-02  -1.200059E-01  -1.192605E-01  -1.095918E-01  -1.000084E-01
  -9.038250E-02  -8.079105E-02  -7.125152E-02  -6.170251E-02  -5.221329E-02
  -4.279856E-02  -3.343817E-02  -2.416695E-02  -1.500650E-02  -5.906028E-03
   3.438572E-03   1.738271E-02   1.822451E-02   1.897163E-02   1.980647E-02
   2.063465E-02   2.017591E-02  -1.119311E-01  -1.087066E-01  -9.901186E-02
  -8.934496E-02  -7.969565E-02  -7.009458E-02  -6.049754E-02  -5.094379E-02
  -4.146568E-02  -3.202475E-02  -2.266887E-02  -1.341476E-02  -4.282395E-03
   4.656067E-03   1.309268E-02   1.831708E-02   1.899492E-02   2.002937E-02
   2.106923E-02   2.218393E-02   2.293769E-02  -3.026166E-01  -3.010936E-01
  -3.010108E-01  -3.013889E-01  -3.016795E-01  -3.020380E-01  -3.024580E-01
  -3.028759E-01  -3.031694E-01  -3.033607E-01  -3.033286E-01  -3.030827E-01
  -3.026614E-01  -3.019674E-01  -3.011291E-01  -2.999220E-01  -2.984944E-01
  -2.967955E-01  -2.951715E-01  -2.914264E-01  -2.909754E-01  -3.001501E-01
  -2.979655E-01  -2.974803E-01  -2.982542E-01  -2.988463E-01  -2.992799E-01
  -2.996759E-01  -2.998012E-01  -2.998865E-01  -2.997422E-01  -2.995395E-01
  -2.990482E-01  -2.984690E-01  -2.976878E-01  -2.968909E-01  -2.957910E-01
  -2.943900E-01  -2.929063E-01  -2.911881E-01  -2.878536E-01  -2.886207E-01
  -3.004103E-01  -2.985012E-01  -2.977620E-01  -2.985602E-01  -2.987037E-01
  -2.987214E-01  -2.986717E-01  -2.983848E-01  -2.979056E-01  -2.974213E-01
  -2.965837E-01  -2.956892E-01  -2.945992E-01  -2.933369E-01  -2.918380E-01
  -2.901485E-01  -2.881736E-01  -2.859476E-01  -2.834579E-01  -2.794437E-01
  -2.796772E-01  -3.013734E-01  -2.998636E-01  -2.987797E-01  -2.991707E-01
  -2.988841E-01  -2.984914E-01  -2.979060E-01  -2.972482E-01  -2.962876E-01
  -2.953027E-01  -2.940719E-01  -2.926753E-01  -2.911176E-01  -2.892364E-01
  -2.872029E-01  -2.848149E-01  -2.820696E-01  -2.790395E-01  -2.757161E-01
  -2.709881E-01  -2.713605E-01  -3.018921E-01  -2.999299E-01  -2.982129E-01
  -2.981138E-01  -2.974718E-01  -2.965657E-01  -2.956393E-01  -2.945240E-01
  -2.931420E-01  -2.916506E-01  -2.899693E-01  -2.880139E-01  -2.858088E-01
  -2.833301E-01  -2.805321E-01  -2.773653E-01  -2.737990E-01  -2.699088E-01
  -2.655596E-01  -2.599094E-01  -2.601875E-01  -3.011199E-01  -2.988538E-01
  -2.967469E-01  -2.962423E-01  -2.949982E-01  -2.938246E-01  -2.923116E-01
  -2.906308E-01  -2.888517E-01  -2.868152E-01  -2.844312E-01  -2.818008E-01
  -2.788824E-01  -2.755338E-01  -2.718780E-01  -2.677291E-01  -2.632458E-01
  -2.582218E-01  -2.528388E-01  -2.462689E-01  -2.463246E-01  -2.988334E-01
  -2.967476E-01  -2.942225E-01  -2.931236E-01  -2.915400E-01  -2.896900E-01
  -2.877534E-01  -2.854692E-01  -2.829907E-01  -2.801914E-01  -2.770756E-01
  -2.736051E-01  -2.697142E-01  -2.655099E-01  -2.608603E-01  -2.556488E-01
  -2.501010E-01  -2.440291E-01  -2.375593E-01  -2.301100E-01  -2.298889E-01
  -2.950567E-01  -2.936271E-01  -2.905092E-01  -2.887405E-01  -2.866170E-01
  -2.841365E-01  -2.814839E-01  -2.784909E-01  -2.751421E-01  -2.715199E-01
  -2.674381E-01  -2.630085E-01  -2.581235E-01  -2.528722E-01  -2.471169E-01
  -2.409272E-01  -2.343393E-01  -2.273135E-01  -2.198817E-01  -2.117492E-01
  -2.112656E-01  -2.898462E-01  -2.891680E-01  -2.853165E-01  -2.828268E-01
  -2.799011E-01  -2.766860E-01  -2.731767E-01  -2.692857E-01  -2.650263E-01
  -2.603993E-01  -2.553445E-01  -2.498105E-01  -2.438758E-01  -2.375996E-01
  -2.308521E-01  -2.237776E-01  -2.162624E-01  -2.084317E-01  -2.003017E-01
  -1.915524E-01  -1.909402E-01  -2.829921E-01  -2.828996E-01  -2.783468E-01
  -2.749410E-01  -2.711889E-01  -2.670331E-01  -2.625247E-01  -2.576224E-01
  -2.522918E-01  -2.465743E-01  -2.404773E-01  -2.340079E-01  -2.271291E-01
  -2.199041E-01  -2.123661E-01  -2.044865E-01  -1.963240E-01  -1.878190E-01
  -1.790842E-01  -1.699407E-01  -1.692535E-01  -2.743221E-01  -2.744546E-01
  -2.690585E-01  -2.647126E-01  -2.599431E-01  -2.547217E-01  -2.491340E-01
  -2.431994E-01  -2.369108E-01  -2.301917E-01  -2.231475E-01  -2.158363E-01
  -2.082050E-01  -2.002965E-01  -1.920367E-01  -1.835487E-01  -1.748705E-01
  -1.659752E-01  -1.568703E-01  -1.474918E-01  -1.467461E-01  -2.633776E-01
  -2.635064E-01  -2.572532E-01  -2.518687E-01  -2.459724E-01  -2.397698E-01
  -2.331885E-01  -2.262707E-01  -2.190641E-01  -2.115748E-01  -2.038059E-01
  -1.957547E-01  -1.874510E-01  -1.789570E-01  -1.703220E-01  -1.614835E-01
  -1.524754E-01  -1.433461E-01  -1.339777E-01  -1.243736E-01  -1.236189E-01
  -2.498436E-01  -2.498702E-01  -2.427377E-01  -2.362472E-01  -2.294137E-01
  -2.222775E-01  -2.148793E-01  -2.072204E-01  -1.992636E-01  -1.910794E-01
  -1.826744E-01  -1.741432E-01  -1.654575E-01  -1.566386E-01  -1.477088E-01
  -1.386393E-01  -1.294140E-01  -1.200687E-01  -1.105999E-01  -1.009447E-01
  -1.001918E-01  -2.338159E-01  -2.335051E-01  -2.257187E-01  -2.183686E-01
  -2.106886E-01  -2.028190E-01  -1.946604E-01  -1.862885E-01  -1.777693E-01
  -1.691526E-01  -1.603820E-01  -1.515378E-01  -1.426230E-01  -1.335459E-01
  -1.244007E-01  -1.152086E-01  -1.059292E-01  -9.655081E-02  -8.706739E-02
  -7.741041E-02  -7.667932E-02  -2.154083E-01  -2.148865E-01  -2.065674E-01
  -1.984241E-01  -1.900563E-01  -1.815376E-01  -1.728784E-01  -1.641150E-01
  -1.552487E-01  -1.463026E-01  -1.372850E-01  -1.281736E-01  -1.190442E-01
  -1.098858E-01  -1.007047E-01  -9.150358E-02  -8.227378E-02  -7.292589E-02
  -6.345391E-02  -5.382758E-02  -5.312628E-02  -1.951085E-01  -1.944691E-01
  -1.855631E-01  -1.768503E-01  -1.680331E-01  -1.590976E-01  -1.500994E-01
  -1.410503E-01  -1.318793E-01  -1.226928E-01  -1.135022E-01  -1.042986E-01
  -9.510474E-02  -8.594074E-02  -7.677517E-02  -6.761016E-02  -5.846079E-02
  -4.925482E-02  -3.991134E-02  -3.040467E-02  -2.975886E-02  -1.731947E-01
  -1.724833E-01  -1.633063E-01  -1.541980E-01  -1.450651E-01  -1.358244E-01
  -1.265296E-01  -1.172411E-01  -1.079390E-01  -9.863816E-02  -8.937050E-02
  -8.013063E-02  -7.088938E-02  -6.171147E-02  -5.261177E-02  -4.356600E-02
  -3.464170E-02  -2.569015E-02  -1.654803E-02  -7.418469E-03  -6.932948E-03
  -1.503152E-01  -1.495533E-01  -1.401355E-01  -1.307152E-01  -1.212966E-01
  -1.118755E-01  -1.024500E-01  -9.304347E-02  -8.367804E-02  -7.428333E-02
  -6.493641E-02  -5.566042E-02  -4.642714E-02  -3.727083E-02  -2.823363E-02
  -1.935526E-02  -1.087997E-02  -2.377452E-03   6.877201E-03   1.482485E-02
   1.497535E-02  -1.266081E-01  -1.258444E-01  -1.162200E-01  -1.066581E-01
  -9.709785E-02  -8.757133E-02  -7.805540E-02  -6.853750E-02  -5.907496E-02
  -4.965481E-02  -4.027410E-02  -3.098520E-02  -2.178576E-02  -1.265762E-02
  -3.602758E-03   5.469291E-03   1.292250E-02   2.034349E-02   3.453378E-02
   3.584192E-02   3.565857E-02  -1.022620E-01  -1.015299E-01  -9.182450E-02
  -8.220064E-02  -7.253707E-02  -6.291202E-02  -5.334371E-02  -4.376953E-02
  -3.425934E-02  -2.482803E-02  -1.545520E-02  -6.174991E-03   2.990775E-03
   1.209277E-02   2.143514E-02   3.487928E-02   3.611820E-02   3.712578E-02
   3.826189E-02   3.938612E-02   3.884414E-02  -9.417525E-02  -9.095372E-02
  -8.122752E-02  -7.151911E-02  -6.183261E-02  -5.219933E-02  -4.257409E-02
  -3.299677E-02  -2.349989E-02  -1.404439E-02  -4.678179E-03   4.581672E-03
   1.371608E-02   2.265586E-02   3.109458E-02   3.653015E-02   3.746888E-02
   3.866322E-02   3.987216E-02   4.120778E-02   4.219218E-02  -2.859078E-01
  -2.845107E-01  -2.844008E-01  -2.847643E-01  -2.850607E-01  -2.854415E-01
  -2.858997E-01  -2.863704E-01  -2.867270E-01  -2.869730E-01  -2.869968E-01
  -2.867780E-01  -2.863328E-01  -2.856124E-01  -2.847022E-01  -2.833951E-01
  -2.818275E-01  -2.799722E-01  -2.781479E-01  -2.742221E-01  -2.740350E-01
  -2.835556E-01  -2.817249E-01  -2.812670E-01  -2.820910E-01  -2.828010E-01
  -2.833043E-01  -2.837916E-01  -2.839833E-01  -2.841170E-01  -2.839927E-01
  -2.837770E-01  -2.832679E-01  -2.825946E-01  -2.817271E-01  -2.807822E-01
  -2.795400E-01  -2.779520E-01  -2.762596E-01  -2.742952E-01  -2.707649E-01
  -2.717896E-01  -2.838081E-01  -2.823952E-01  -2.816730E-01  -2.825480E-01
  -2.828016E-01  -2.828511E-01  -2.828437E-01  -2.825825E-01  -2.820876E-01
  -2.815364E-01  -2.806335E-01  -2.796197E-01  -2.784117E-01  -2.769936E-01
  -2.753139E-01  -2.734074E-01  -2.712180E-01  -2.687206E-01  -2.659551E-01
  -2.616876E-01  -2.621997E-01  -2.848587E-01  -2.839908E-01  -2.828958E-01
  -2.833367E-01  -2.830851E-01  -2.826655E-01  -2.820697E-01  -2.813273E-01
  -2.802976E-01  -2.791768E-01  -2.778044E-01  -2.762271E-01  -2.744719E-01
  -2.723810E-01  -2.700864E-01  -2.674392E-01  -2.644010E-01  -2.610678E-01
  -2.574062E-01  -2.524131E-01  -2.530366E-01  -2.855429E-01  -2.842023E-01
  -2.824256E-01  -2.822990E-01  -2.816007E-01  -2.806035E-01  -2.795879E-01
  -2.783307E-01  -2.767884E-01  -2.751182E-01  -2.732265E-01  -2.710351E-01
  -2.685749E-01  -2.658278E-01  -2.627144E-01  -2.592290E-01  -2.553421E-01
  -2.511111E-01  -2.463977E-01  -2.404743E-01  -2.409700E-01  -2.848135E-01
  -2.830791E-01  -2.808264E-01  -2.802204E-01  -2.788630E-01  -2.775407E-01
  -2.758670E-01  -2.739871E-01  -2.719944E-01  -2.697004E-01  -2.670650E-01
  -2.641370E-01  -2.609032E-01  -2.572432E-01  -2.532494E-01  -2.487549E-01
  -2.439209E-01  -2.385468E-01  -2.328048E-01  -2.259864E-01  -2.262234E-01
  -2.823926E-01  -2.807293E-01  -2.780296E-01  -2.767698E-01  -2.749894E-01
  -2.729411E-01  -2.707649E-01  -2.682317E-01  -2.654702E-01  -2.623700E-01
  -2.589404E-01  -2.551466E-01  -2.509177E-01  -2.463463E-01  -2.413532E-01
  -2.357971E-01  -2.298987E-01  -2.234990E-01  -2.166990E-01  -2.090299E-01
  -2.089508E-01  -2.782833E-01  -2.771777E-01  -2.738461E-01  -2.718634E-01
  -2.694927E-01  -2.667625E-01  -2.638065E-01  -2.605054E-01  -2.568450E-01
  -2.528912E-01  -2.484629E-01  -2.436726E-01  -2.384459E-01  -2.328340E-01
  -2.267429E-01  -2.202298E-01  -2.133247E-01  -2.059987E-01  -1.982970E-01
  -1.899681E-01  -1.895958E-01  -2.725422E-01  -2.721585E-01  -2.680824E-01
  -2.652983E-01  -2.620796E-01  -2.585409E-01  -2.546975E-01  -2.504684E-01
  -2.458647E-01  -2.408971E-01  -2.354833E-01  -2.296098E-01  -2.233439E-01
  -2.167328E-01  -2.096800E-01  -2.023170E-01  -1.945404E-01  -1.864597E-01
  -1.781016E-01  -1.692127E-01  -1.686794E-01  -2.650030E-01  -2.651751E-01
  -2.603660E-01  -2.566178E-01  -2.525390E-01  -2.480403E-01  -2.431882E-01
  -2.379409E-01  -2.322707E-01  -2.262145E-01  -2.197822E-01  -2.129879E-01
  -2.058226E-01  -1.983132E-01  -1.905118E-01  -1.823912E-01  -1.740263E-01
  -1.653178E-01  -1.563975E-01  -1.471306E-01  -1.464922E-01  -2.555310E-01
  -2.559208E-01  -2.502497E-01  -2.455563E-01  -2.404299E-01  -2.348689E-01
  -2.289381E-01  -2.226719E-01  -2.160553E-01  -2.090337E-01  -2.017078E-01
  -1.941274E-01  -1.862302E-01  -1.780919E-01  -1.696315E-01  -1.609497E-01
  -1.520893E-01  -1.430311E-01  -1.337846E-01  -1.243033E-01  -1.235882E-01
  -2.437370E-01  -2.441039E-01  -2.375792E-01  -2.318372E-01  -2.256150E-01
  -2.190833E-01  -2.121962E-01  -2.049787E-01  -1.974970E-01  -1.897368E-01
  -1.817283E-01  -1.734744E-01  -1.649584E-01  -1.562727E-01  -1.474564E-01
  -1.384624E-01  -1.293143E-01  -1.200534E-01  -1.105800E-01  -1.009046E-01
  -1.001665E-01  -2.294023E-01  -2.295942E-01  -2.222328E-01  -2.154108E-01
  -2.082827E-01  -2.008632E-01  -1.931875E-01  -1.852692E-01  -1.770912E-01
  -1.687006E-01  -1.600951E-01  -1.513786E-01  -1.425256E-01  -1.335511E-01
  -1.244808E-01  -1.152974E-01  -1.059604E-01  -9.651883E-02  -8.696686E-02
  -7.725824E-02  -7.651170E-02  -2.126142E-01  -2.124595E-01  -2.044506E-01
  -1.968166E-01  -1.888767E-01  -1.807653E-01  -1.724086E-01  -1.638248E-01
  -1.551161E-01  -1.463166E-01  -1.373882E-01  -1.283925E-01  -1.193443E-01
  -1.101493E-01  -1.008999E-01  -9.161340E-02  -8.225436E-02  -7.280681E-02
  -6.326390E-02  -5.357083E-02  -5.284055E-02  -1.935623E-01  -1.931667E-01
  -1.846393E-01  -1.762851E-01  -1.677092E-01  -1.589891E-01  -1.501471E-01
  -1.412114E-01  -1.321866E-01  -1.231025E-01  -1.139603E-01  -1.047332E-01
  -9.549994E-02  -8.625323E-02  -7.699501E-02  -6.772773E-02  -5.844335E-02
  -4.904904E-02  -3.953900E-02  -2.989081E-02  -2.918776E-02  -1.727461E-01
  -1.721874E-01  -1.631239E-01  -1.542201E-01  -1.452263E-01  -1.361319E-01
  -1.269860E-01  -1.178104E-01  -1.085130E-01  -9.921280E-02  -8.992386E-02
  -8.063394E-02  -7.136442E-02  -6.213742E-02  -5.292090E-02  -4.371328E-02
  -3.452979E-02  -2.529735E-02  -1.593467E-02  -6.418431E-03  -5.770936E-03
  -1.503887E-01  -1.497384E-01  -1.404224E-01  -1.311650E-01  -1.218871E-01
  -1.125281E-01  -1.031178E-01  -9.372332E-02  -8.432636E-02  -7.494337E-02
  -6.560370E-02  -5.630485E-02  -4.701386E-02  -3.779624E-02  -2.866635E-02
  -1.959797E-02  -1.065739E-02  -1.696829E-03   7.446838E-03   1.657805E-02
   1.706409E-02  -1.271508E-01  -1.264274E-01  -1.169123E-01  -1.073711E-01
  -9.783777E-02  -8.831723E-02  -7.880344E-02  -6.931849E-02  -5.988648E-02
  -5.043495E-02  -4.104114E-02  -3.172851E-02  -2.246758E-02  -1.329100E-02
  -4.242252E-03   4.639843E-03   1.311581E-02   2.162288E-02   3.086281E-02
   3.882176E-02   3.897314E-02  -1.031721E-01  -1.024229E-01  -9.271564E-02
  -8.305976E-02  -7.341600E-02  -6.381598E-02  -5.423778E-02  -4.466650E-02
  -3.516059E-02  -2.570748E-02  -1.630201E-02  -6.996746E-03   2.208771E-03
   1.133841E-02   2.039740E-02   2.946050E-02   3.689061E-02   4.431370E-02
   5.776602E-02   5.967979E-02   5.943823E-02  -7.865795E-02  -7.791828E-02
  -6.814650E-02  -5.845101E-02  -4.872359E-02  -3.904446E-02  -2.943265E-02
  -1.982383E-02  -1.028826E-02  -8.389699E-04   8.538582E-03   1.782092E-02
   2.698907E-02   3.609110E-02   4.542581E-02   5.829329E-02   5.999303E-02
   6.133420E-02   6.284717E-02   6.435005E-02   6.371505E-02  -7.051273E-02
  -6.727057E-02  -5.748998E-02  -4.771442E-02  -3.797104E-02  -2.829177E-02
  -1.863011E-02  -9.026190E-03   4.910124E-04   9.949358E-03   1.931788E-02
   2.857960E-02   3.771466E-02   4.665555E-02   5.509879E-02   6.078738E-02
   6.206324E-02   6.347117E-02   6.490497E-02   6.652888E-02   6.780195E-02
  -2.686676E-01  -2.673322E-01  -2.671820E-01  -2.675071E-01  -2.678238E-01
  -2.682350E-01  -2.687679E-01  -2.693208E-01  -2.697961E-01  -2.701429E-01
  -2.702571E-01  -2.700615E-01  -2.695893E-01  -2.688001E-01  -2.677363E-01
  -2.662466E-01  -2.643998E-01  -2.622268E-01  -2.599865E-01  -2.557308E-01
  -2.557269E-01  -2.663240E-01  -2.648231E-01  -2.644168E-01  -2.653345E-01
  -2.662236E-01  -2.668968E-01  -2.675343E-01  -2.678701E-01  -2.680902E-01
  -2.679909E-01  -2.677543E-01  -2.671869E-01  -2.663585E-01  -2.653049E-01
  -2.640893E-01  -2.625617E-01  -2.606105E-01  -2.585082E-01  -2.560755E-01
  -2.521500E-01  -2.533873E-01  -2.665489E-01  -2.657173E-01  -2.650216E-01
  -2.660431E-01  -2.664869E-01  -2.666232E-01  -2.666908E-01  -2.664707E-01
  -2.659432E-01  -2.652747E-01  -2.642387E-01  -2.630071E-01  -2.615452E-01
  -2.598278E-01  -2.577985E-01  -2.554649E-01  -2.528507E-01  -2.498514E-01
  -2.465486E-01  -2.418198E-01  -2.425685E-01  -2.677709E-01  -2.677349E-01
  -2.666315E-01  -2.671597E-01  -2.669771E-01  -2.665177E-01  -2.658835E-01
  -2.649820E-01  -2.638014E-01  -2.624276E-01  -2.607753E-01  -2.588549E-01
  -2.567217E-01  -2.542193E-01  -2.514390E-01  -2.482793E-01  -2.446916E-01
  -2.407737E-01  -2.364997E-01  -2.310184E-01  -2.318375E-01  -2.687355E-01
  -2.682234E-01  -2.663503E-01  -2.661600E-01  -2.653615E-01  -2.642016E-01
  -2.629729E-01  -2.614544E-01  -2.596066E-01  -2.575760E-01  -2.552777E-01
  -2.526344E-01  -2.496811E-01  -2.464285E-01  -2.427170E-01  -2.386452E-01
  -2.341518E-01  -2.292992E-01  -2.239493E-01  -2.175388E-01  -2.181835E-01
  -2.680601E-01  -2.670006E-01  -2.644884E-01  -2.636805E-01  -2.621059E-01
  -2.604954E-01  -2.585012E-01  -2.562409E-01  -2.538289E-01  -2.510552E-01
  -2.479246E-01  -2.444329E-01  -2.406162E-01  -2.363640E-01  -2.317476E-01
  -2.266337E-01  -2.211741E-01  -2.151891E-01  -2.088256E-01  -2.015675E-01
  -2.019144E-01  -2.653628E-01  -2.641833E-01  -2.611574E-01  -2.595656E-01
  -2.574160E-01  -2.549846E-01  -2.523483E-01  -2.493286E-01  -2.460314E-01
  -2.423624E-01  -2.383573E-01  -2.339500E-01  -2.291082E-01  -2.238891E-01
  -2.182856E-01  -2.121271E-01  -2.056231E-01  -1.986628E-01  -1.913114E-01
  -1.832663E-01  -1.832588E-01  -2.605832E-01  -2.598043E-01  -2.560689E-01
  -2.536617E-01  -2.508206E-01  -2.476009E-01  -2.440710E-01  -2.402032E-01
  -2.359510E-01  -2.313846E-01  -2.263360E-01  -2.209101E-01  -2.150805E-01
  -2.088432E-01  -2.021786E-01  -1.951133E-01  -1.876751E-01  -1.798573E-01
  -1.717141E-01  -1.630643E-01  -1.627412E-01  -2.538075E-01  -2.536817E-01
  -2.491822E-01  -2.458482E-01  -2.420672E-01  -2.379367E-01  -2.334837E-01
  -2.286412E-01  -2.234101E-01  -2.178259E-01  -2.118013E-01  -2.053369E-01
  -1.985044E-01  -1.913380E-01  -1.837796E-01  -1.759364E-01  -1.677367E-01
  -1.592551E-01  -1.505321E-01  -1.414167E-01  -1.409031E-01  -2.449638E-01
  -2.453539E-01  -2.400631E-01  -2.356859E-01  -2.310138E-01  -2.258871E-01
  -2.204204E-01  -2.145595E-01  -2.082930E-01  -2.016596E-01  -1.946679E-01
  -1.873403E-01  -1.796905E-01  -1.717231E-01  -1.634978E-01  -1.549960E-01
  -1.463067E-01  -1.372813E-01  -1.280732E-01  -1.186150E-01  -1.179710E-01
  -2.340002E-01  -2.345931E-01  -2.284300E-01  -2.231036E-01  -2.173527E-01
  -2.111925E-01  -2.046744E-01  -1.978404E-01  -1.906745E-01  -1.831521E-01
  -1.753609E-01  -1.673353E-01  -1.590215E-01  -1.505142E-01  -1.417449E-01
  -1.327613E-01  -1.236237E-01  -1.143230E-01  -1.048665E-01  -9.523286E-02
  -9.450391E-02  -2.206682E-01  -2.212165E-01  -2.142212E-01  -2.078580E-01
  -2.010735E-01  -1.939871E-01  -1.865820E-01  -1.788719E-01  -1.709378E-01
  -1.627463E-01  -1.543516E-01  -1.457752E-01  -1.369318E-01  -1.279533E-01
  -1.188663E-01  -1.096408E-01  -1.002886E-01  -9.084137E-02  -8.121993E-02
  -7.144077E-02  -7.068499E-02  -2.049093E-01  -2.051952E-01  -1.974327E-01
  -1.900649E-01  -1.824391E-01  -1.745515E-01  -1.664264E-01  -1.580909E-01
  -1.495596E-01  -1.408426E-01  -1.319315E-01  -1.229340E-01  -1.138290E-01
  -1.046298E-01  -9.535988E-02  -8.601401E-02  -7.652557E-02  -6.695596E-02
  -5.729649E-02  -4.751701E-02  -4.675429E-02  -1.868111E-01  -1.867514E-01
  -1.783762E-01  -1.702800E-01  -1.619217E-01  -1.534208E-01  -1.447444E-01
  -1.358345E-01  -1.268319E-01  -1.177595E-01  -1.085961E-01  -9.938162E-02
  -9.014236E-02  -8.078887E-02  -7.139964E-02  -6.199237E-02  -5.253393E-02
  -4.300442E-02  -3.339588E-02  -2.366253E-02  -2.292197E-02  -1.666823E-01
  -1.663528E-01  -1.574960E-01  -1.487948E-01  -1.398957E-01  -1.308612E-01
  -1.217426E-01  -1.125496E-01  -1.032932E-01  -9.400887E-02  -8.469241E-02
  -7.530824E-02  -6.593956E-02  -5.658180E-02  -4.723117E-02  -3.788957E-02
  -2.854816E-02  -1.911039E-02  -9.569800E-03   9.769436E-05   8.039954E-04
  -1.450102E-01  -1.444776E-01  -1.351639E-01  -1.259639E-01  -1.167025E-01
  -1.073721E-01  -9.800961E-02  -8.865088E-02  -7.917952E-02  -6.972843E-02
  -6.031314E-02  -5.091756E-02  -4.156156E-02  -3.226762E-02  -2.300108E-02
  -1.375714E-02  -4.548908E-03   4.693976E-03   1.405835E-02   2.357542E-02
   2.422280E-02  -1.219472E-01  -1.213069E-01  -1.117834E-01  -1.023027E-01
  -9.281619E-02  -8.328683E-02  -7.371688E-02  -6.418257E-02  -5.466644E-02
  -4.518529E-02  -3.576637E-02  -2.640767E-02  -1.707214E-02  -7.824144E-03
   1.324262E-03   1.039414E-02   1.933596E-02   2.829941E-02   3.744280E-02
   4.657599E-02   4.706287E-02  -9.815738E-02  -9.742820E-02  -8.776922E-02
  -7.805721E-02  -6.836988E-02  -5.871974E-02  -4.909633E-02  -3.952069E-02
  -3.001687E-02  -2.051255E-02  -1.108069E-02  -1.742874E-03   7.523503E-03
   1.670127E-02   2.575321E-02   3.463588E-02   4.311190E-02   5.162229E-02
   6.083697E-02   6.881746E-02   6.897037E-02  -7.377397E-02  -7.300438E-02
  -6.318458E-02  -5.340816E-02  -4.366327E-02  -3.398124E-02  -2.433987E-02
  -1.472187E-02  -5.183476E-03   4.282050E-03   1.368890E-02   2.299675E-02
   3.220548E-02   4.133509E-02   5.039591E-02   5.944138E-02   6.685303E-02
   7.427658E-02   8.691622E-02   8.950944E-02   8.921151E-02  -4.901328E-02
  -4.823917E-02  -3.838712E-02  -2.861112E-02  -1.881977E-02  -9.094247E-03
   5.524596E-04   1.016523E-02   1.970311E-02   2.915606E-02   3.853473E-02
   4.781736E-02   5.698704E-02   6.608835E-02   7.540672E-02   8.763676E-02
   8.986103E-02   9.159801E-02   9.354605E-02   9.549740E-02   9.477184E-02
  -4.076528E-02  -3.748460E-02  -2.764409E-02  -1.780575E-02  -8.017281E-03
   1.693050E-03   1.135997E-02   2.096641E-02   3.048709E-02   3.994508E-02
   4.931411E-02   5.857697E-02   6.771285E-02   7.665510E-02   8.510591E-02
   9.107064E-02   9.275057E-02   9.442506E-02   9.613790E-02   9.811191E-02
   9.971938E-02  -2.546453E-01  -2.532416E-01  -2.530336E-01  -2.532908E-01
  -2.536433E-01  -2.540968E-01  -2.547079E-01  -2.553731E-01  -2.559803E-01
  -2.564550E-01  -2.566668E-01  -2.564751E-01  -2.559601E-01  -2.550525E-01
  -2.537389E-01  -2.519729E-01  -2.497095E-01  -2.470614E-01  -2.441952E-01
  -2.394810E-01  -2.394408E-01  -2.521358E-01  -2.507525E-01  -2.503820E-01
  -2.514434E-01  -2.525302E-01  -2.534556E-01  -2.542925E-01  -2.548299E-01
  -2.551708E-01  -2.550988E-01  -2.548366E-01  -2.541515E-01  -2.531027E-01
  -2.517555E-01  -2.501559E-01  -2.481748E-01  -2.457063E-01  -2.430027E-01
  -2.398922E-01  -2.353939E-01  -2.366977E-01  -2.522950E-01  -2.518908E-01
  -2.512355E-01  -2.524501E-01  -2.531274E-01  -2.534179E-01  -2.535903E-01
  -2.534075E-01  -2.528204E-01  -2.520025E-01  -2.507519E-01  -2.492127E-01
  -2.473642E-01  -2.451868E-01  -2.426465E-01  -2.396977E-01  -2.364467E-01
  -2.327519E-01  -2.286905E-01  -2.233270E-01  -2.241638E-01  -2.537361E-01
  -2.544745E-01  -2.533648E-01  -2.540124E-01  -2.539167E-01  -2.534223E-01
  -2.526980E-01  -2.515853E-01  -2.501453E-01  -2.484031E-01  -2.463367E-01
  -2.439308E-01  -2.412327E-01  -2.381253E-01  -2.346605E-01  -2.307686E-01
  -2.264284E-01  -2.216890E-01  -2.166020E-01  -2.104659E-01  -2.113336E-01
  -2.550289E-01  -2.553404E-01  -2.533245E-01  -2.530436E-01  -2.521003E-01
  -2.507011E-01  -2.491467E-01  -2.472483E-01  -2.449522E-01  -2.423797E-01
  -2.394926E-01  -2.361936E-01  -2.325512E-01  -2.285683E-01  -2.240508E-01
  -2.191704E-01  -2.138564E-01  -2.081840E-01  -2.020236E-01  -1.950031E-01
  -1.956607E-01  -2.543770E-01  -2.539610E-01  -2.511161E-01  -2.499813E-01
  -2.480928E-01  -2.460495E-01  -2.435667E-01  -2.407569E-01  -2.377254E-01
  -2.342791E-01  -2.304322E-01  -2.261616E-01  -2.215405E-01  -2.164804E-01
  -2.110495E-01  -2.051261E-01  -1.988665E-01  -1.921252E-01  -1.850078E-01
  -1.772098E-01  -1.775436E-01  -2.512357E-01  -2.504393E-01  -2.469627E-01
  -2.448650E-01  -2.421958E-01  -2.391846E-01  -2.358869E-01  -2.321711E-01
  -2.281334E-01  -2.236712E-01  -2.188806E-01  -2.136406E-01  -2.079969E-01
  -2.019649E-01  -1.955742E-01  -1.886730E-01  -1.814423E-01  -1.738113E-01
  -1.658288E-01  -1.573435E-01  -1.573094E-01  -2.454291E-01  -2.448602E-01
  -2.405657E-01  -2.375233E-01  -2.340022E-01  -2.300791E-01  -2.257678E-01
  -2.211124E-01  -2.160536E-01  -2.106657E-01  -2.048153E-01  -1.985941E-01
  -1.920032E-01  -1.850143E-01  -1.776550E-01  -1.699364E-01  -1.618871E-01
  -1.535171E-01  -1.448782E-01  -1.358815E-01  -1.355269E-01  -2.371543E-01
  -2.371342E-01  -2.320304E-01  -2.279405E-01  -2.233611E-01  -2.184360E-01
  -2.131670E-01  -2.075217E-01  -2.014878E-01  -1.951120E-01  -1.883368E-01
  -1.811595E-01  -1.736548E-01  -1.658468E-01  -1.577125E-01  -1.493294E-01
  -1.406620E-01  -1.317449E-01  -1.226332E-01  -1.132751E-01  -1.127239E-01
  -2.264713E-01  -2.269274E-01  -2.209733E-01  -2.157567E-01  -2.102847E-01
  -2.043489E-01  -1.980924E-01  -1.914646E-01  -1.844675E-01  -1.771418E-01
  -1.694979E-01  -1.615596E-01  -1.533520E-01  -1.448825E-01  -1.361954E-01
  -1.272872E-01  -1.182505E-01  -1.088979E-01  -9.939807E-02  -8.974823E-02
  -8.906096E-02  -2.134805E-01  -2.141225E-01  -2.073076E-01  -2.011707E-01
  -1.946388E-01  -1.877367E-01  -1.805114E-01  -1.730020E-01  -1.651983E-01
  -1.571029E-01  -1.487860E-01  -1.402654E-01  -1.315084E-01  -1.226062E-01
  -1.135166E-01  -1.042234E-01  -9.481078E-02  -8.527497E-02  -7.561895E-02
  -6.584638E-02  -6.508203E-02  -1.981708E-01  -1.987356E-01  -1.911528E-01
  -1.840364E-01  -1.765723E-01  -1.688361E-01  -1.608290E-01  -1.525659E-01
  -1.441213E-01  -1.354650E-01  -1.266535E-01  -1.177327E-01  -1.085539E-01
  -9.928124E-02  -8.993245E-02  -8.048593E-02  -7.094476E-02  -6.133349E-02
  -5.158398E-02  -4.171837E-02  -4.093760E-02  -1.806212E-01  -1.808798E-01
  -1.726182E-01  -1.646276E-01  -1.564246E-01  -1.480074E-01  -1.393922E-01
  -1.306047E-01  -1.216908E-01  -1.126327E-01  -1.034112E-01  -9.413429E-02
  -8.478573E-02  -7.537895E-02  -6.593084E-02  -5.644239E-02  -4.683024E-02
  -3.716195E-02  -2.742631E-02  -1.760122E-02  -1.682581E-02  -1.609689E-01
  -1.608955E-01  -1.520965E-01  -1.434858E-01  -1.346743E-01  -1.257512E-01
  -1.167299E-01  -1.074847E-01  -9.818348E-02  -8.884567E-02  -7.945712E-02
  -7.004312E-02  -6.063592E-02  -5.115129E-02  -4.165149E-02  -3.215675E-02
  -2.263279E-02  -1.305662E-02  -3.414452E-03   6.327818E-03   7.069212E-03
  -1.396125E-01  -1.392530E-01  -1.300411E-01  -1.209568E-01  -1.117224E-01
  -1.023665E-01  -9.297128E-02  -8.352982E-02  -7.405744E-02  -6.459140E-02
  -5.512500E-02  -4.561354E-02  -3.614349E-02  -2.670955E-02  -1.730325E-02
  -7.923867E-03   1.440124E-03   1.088053E-02   2.042206E-02   3.009304E-02
   3.080023E-02  -1.169903E-01  -1.164166E-01  -1.068362E-01  -9.733531E-02
  -8.781021E-02  -7.825228E-02  -6.868952E-02  -5.916636E-02  -4.955003E-02
  -3.998175E-02  -3.047609E-02  -2.101328E-02  -1.161056E-02  -2.285258E-03
   6.988592E-03   1.623352E-02   2.544439E-02   3.469003E-02   4.405466E-02
   5.357136E-02   5.421788E-02  -9.318622E-02  -9.250469E-02  -8.277766E-02
  -7.308355E-02  -6.340876E-02  -5.372868E-02  -4.402786E-02  -3.438836E-02
  -2.479201E-02  -1.525355E-02  -5.795806E-03   3.580100E-03   1.291753E-02
   2.216792E-02   3.132042E-02   4.038957E-02   4.933192E-02   5.829655E-02
   6.743873E-02   7.657480E-02   7.706254E-02  -6.885223E-02  -6.808451E-02
  -5.829092E-02  -4.843320E-02  -3.862548E-02  -2.888218E-02  -1.918947E-02
  -9.565677E-03  -3.059932E-05   9.476165E-03   1.890923E-02   2.825108E-02
   3.751896E-02   4.669653E-02   5.574959E-02   6.463128E-02   7.310789E-02
   8.162034E-02   9.080432E-02   9.881338E-02   9.896826E-02  -4.410136E-02
  -4.329926E-02  -3.339085E-02  -2.353249E-02  -1.372877E-02  -4.004839E-03
   5.647511E-03   1.526666E-02   2.480838E-02   3.427734E-02   4.368360E-02
   5.299221E-02   6.220234E-02   7.133156E-02   8.039222E-02   8.941471E-02
   9.681822E-02   1.042415E-01   1.161754E-01   1.193727E-01   1.190313E-01
  -1.914413E-02  -1.834537E-02  -8.446047E-03   1.370377E-03   1.116663E-02
   2.089559E-02   3.054747E-02   4.015982E-02   4.969760E-02   5.915186E-02
   6.853088E-02   7.781383E-02   8.698486E-02   9.608489E-02   1.053815E-01
   1.170552E-01   1.197535E-01   1.218639E-01   1.242117E-01   1.265851E-01
   1.257944E-01  -1.083224E-02  -7.532101E-03   2.337622E-03   1.218221E-02
   2.197373E-02   3.168787E-02   4.135433E-02   5.096056E-02   6.048305E-02
   6.994081E-02   7.931035E-02   8.857427E-02   9.771097E-02   1.066545E-01
   1.151139E-01   1.213169E-01   1.233820E-01   1.253213E-01   1.273097E-01
   1.296225E-01   1.315417E-01  -2.323730E-01  -2.308369E-01  -2.304423E-01
  -2.304840E-01  -2.308637E-01  -2.313938E-01  -2.322214E-01  -2.331616E-01
  -2.340990E-01  -2.348675E-01  -2.352911E-01  -2.350563E-01  -2.343102E-01
  -2.329401E-01  -2.307917E-01  -2.279965E-01  -2.243662E-01  -2.201753E-01
  -2.153990E-01  -2.091681E-01  -2.085354E-01  -2.294662E-01  -2.283688E-01
  -2.278962E-01  -2.294080E-01  -2.309890E-01  -2.326396E-01  -2.341140E-01
  -2.352755E-01  -2.360560E-01  -2.361361E-01  -2.357057E-01  -2.346316E-01
  -2.328166E-01  -2.304268E-01  -2.274571E-01  -2.238683E-01  -2.196548E-01
  -2.149385E-01  -2.096393E-01  -2.032427E-01  -2.041073E-01  -2.292363E-01
  -2.298950E-01  -2.294158E-01  -2.311696E-01  -2.324883E-01  -2.334260E-01
  -2.339328E-01  -2.338990E-01  -2.331710E-01  -2.318902E-01  -2.298586E-01
  -2.272703E-01  -2.240997E-01  -2.203153E-01  -2.159539E-01  -2.110402E-01
  -2.056373E-01  -1.997553E-01  -1.933700E-01  -1.860117E-01  -1.863870E-01
  -2.311373E-01  -2.340651E-01  -2.330722E-01  -2.341106E-01  -2.343016E-01
  -2.337863E-01  -2.327348E-01  -2.309936E-01  -2.286346E-01  -2.256732E-01
  -2.221707E-01  -2.180873E-01  -2.134828E-01  -2.083525E-01  -2.026663E-01
  -1.965360E-01  -1.899422E-01  -1.828469E-01  -1.754795E-01  -1.674772E-01
  -1.677176E-01  -2.331854E-01  -2.361261E-01  -2.338821E-01  -2.333387E-01
  -2.318983E-01  -2.297456E-01  -2.270861E-01  -2.238293E-01  -2.199569E-01
  -2.155793E-01  -2.107412E-01  -2.053333E-01  -1.994882E-01  -1.932015E-01
  -1.863771E-01  -1.791771E-01  -1.716591E-01  -1.638436E-01  -1.556867E-01
  -1.470966E-01  -1.470775E-01  -2.324789E-01  -2.343291E-01  -2.306894E-01
  -2.284325E-01  -2.253736E-01  -2.218690E-01  -2.176977E-01  -2.130135E-01
  -2.079021E-01  -2.022744E-01  -1.961732E-01  -1.896541E-01  -1.826610E-01
  -1.753468E-01  -1.677638E-01  -1.598027E-01  -1.515991E-01  -1.431022E-01
  -1.343507E-01  -1.252867E-01  -1.249914E-01  -2.277512E-01  -2.283921E-01
  -2.236170E-01  -2.197680E-01  -2.153505E-01  -2.103674E-01  -2.049492E-01
  -1.990357E-01  -1.927442E-01  -1.859426E-01  -1.788606E-01  -1.713951E-01
  -1.636607E-01  -1.556431E-01  -1.473631E-01  -1.387952E-01  -1.300114E-01
  -1.209985E-01  -1.117902E-01  -1.023628E-01  -1.018265E-01  -2.186188E-01
  -2.187711E-01  -2.128231E-01  -2.076295E-01  -2.019158E-01  -1.957791E-01
  -1.891952E-01  -1.822260E-01  -1.749178E-01  -1.673329E-01  -1.594500E-01
  -1.513248E-01  -1.429484E-01  -1.343383E-01  -1.255076E-01  -1.164799E-01
  -1.072726E-01  -9.789610E-02  -8.838240E-02  -7.872136E-02  -7.800167E-02
  -2.056602E-01  -2.057599E-01  -1.988654E-01  -1.925167E-01  -1.855725E-01
  -1.783961E-01  -1.709103E-01  -1.631707E-01  -1.551598E-01  -1.469053E-01
  -1.384259E-01  -1.297291E-01  -1.208453E-01  -1.117919E-01  -1.025787E-01
  -9.324110E-02  -8.377121E-02  -7.415202E-02  -6.445046E-02  -5.466111E-02
  -5.388074E-02  -1.896360E-01  -1.898458E-01  -1.820506E-01  -1.745769E-01
  -1.669311E-01  -1.589669E-01  -1.507902E-01  -1.423943E-01  -1.337914E-01
  -1.250043E-01  -1.160505E-01  -1.069485E-01  -9.771721E-02  -8.837859E-02
  -7.893364E-02  -6.938939E-02  -5.983306E-02  -5.003206E-02  -4.017011E-02
  -3.025420E-02  -2.945462E-02  -1.711587E-01  -1.713498E-01  -1.629298E-01
  -1.548004E-01  -1.464324E-01  -1.378602E-01  -1.291098E-01  -1.202085E-01
  -1.111609E-01  -1.019869E-01  -9.272384E-02  -8.336878E-02  -7.390876E-02
  -6.441213E-02  -5.485894E-02  -4.516300E-02  -3.543088E-02  -2.565480E-02
  -1.582755E-02  -5.941404E-03  -5.147085E-03  -1.510046E-01  -1.509902E-01
  -1.421015E-01  -1.333574E-01  -1.244539E-01  -1.154092E-01  -1.062419E-01
  -9.697084E-02  -8.763000E-02  -7.821424E-02  -6.875281E-02  -5.931530E-02
  -4.968429E-02  -4.005066E-02  -3.042226E-02  -2.077132E-02  -1.108940E-02
  -1.385373E-03   8.384701E-03   1.825184E-02   1.903753E-02  -1.293968E-01
  -1.291224E-01  -1.198427E-01  -1.106392E-01  -1.013414E-01  -9.196933E-02
  -8.252856E-02  -7.302031E-02  -6.351473E-02  -5.397471E-02  -4.434926E-02
  -3.475079E-02  -2.516083E-02  -1.558410E-02  -6.023440E-03   3.524731E-03
   1.314113E-02   2.281080E-02   3.255005E-02   4.237711E-02   4.315285E-02
  -1.065846E-01  -1.060829E-01  -9.652266E-02  -8.701545E-02  -7.745067E-02
  -6.786603E-02  -5.832200E-02  -4.862015E-02  -3.895141E-02  -2.933099E-02
  -1.973686E-02  -1.018189E-02  -6.817177E-04   8.817601E-03   1.831938E-02
   2.781965E-02   3.734604E-02   4.692239E-02   5.657002E-02   6.631969E-02
   6.706233E-02  -8.293732E-02  -8.223322E-02  -7.247798E-02  -6.279469E-02
  -5.307838E-02  -4.330717E-02  -3.358837E-02  -2.390099E-02  -1.425550E-02
  -4.676919E-03   4.840556E-03   1.435583E-02   2.382916E-02   3.326685E-02
   4.267463E-02   5.205750E-02   6.143116E-02   7.087199E-02   8.041291E-02
   9.008558E-02   9.079373E-02  -5.871470E-02  -5.791145E-02  -4.797732E-02
  -3.810392E-02  -2.829294E-02  -1.852667E-02  -8.822063E-03   7.972985E-04
   1.041817E-02   1.998714E-02   2.949890E-02   3.896370E-02   4.836758E-02
   5.770013E-02   6.697915E-02   7.622342E-02   8.543503E-02   9.468305E-02
   1.040484E-01   1.135652E-01   1.142109E-01  -3.386431E-02  -3.306722E-02
  -2.314621E-02  -1.327737E-02  -3.487856E-03   6.234573E-03   1.593912E-02
   2.558552E-02   3.518433E-02   4.472244E-02   5.418508E-02   6.356991E-02
   7.290614E-02   8.215758E-02   9.131340E-02   1.003809E-01   1.093248E-01
   1.182919E-01   1.274307E-01   1.365751E-01   1.370657E-01  -8.997229E-03
  -8.197297E-03   1.670857E-03   1.153332E-02   2.134204E-02   3.109088E-02
   4.078557E-02   5.041235E-02   5.995830E-02   6.946403E-02   7.889697E-02
   8.824145E-02   9.750997E-02   1.066873E-01   1.157418E-01   1.246204E-01
   1.331000E-01   1.416146E-01   1.507271E-01   1.588083E-01   1.589708E-01
   1.585747E-02   1.666759E-02   2.658165E-02   3.644272E-02   4.624585E-02
   5.597537E-02   6.563547E-02   7.525344E-02   8.479651E-02   9.426792E-02
   1.036733E-01   1.129834E-01   1.221959E-01   1.313239E-01   1.403798E-01
   1.493457E-01   1.567570E-01   1.641793E-01   1.749774E-01   1.791881E-01
   1.788079E-01   4.081629E-02   4.162621E-02   5.153083E-02   6.135830E-02
   7.115324E-02   8.088216E-02   9.053788E-02   1.001490E-01   1.096868E-01
   1.191434E-01   1.285232E-01   1.378069E-01   1.469801E-01   1.560761E-01
   1.653173E-01   1.760878E-01   1.796027E-01   1.823976E-01   1.854534E-01
   1.885980E-01   1.877326E-01   4.913623E-02   5.244330E-02   6.232491E-02
   7.216857E-02   8.195963E-02   9.167726E-02   1.013433E-01   1.109492E-01
   1.204748E-01   1.299324E-01   1.393030E-01   1.485689E-01   1.577072E-01
   1.666535E-01   1.751337E-01   1.817201E-01   1.844964E-01   1.869559E-01
   1.894816E-01   1.924346E-01   1.948919E-01  -2.166248E-01  -2.146671E-01
  -2.137774E-01  -2.134997E-01  -2.136792E-01  -2.142241E-01  -2.152363E-01
  -2.164449E-01  -2.176520E-01  -2.186393E-01  -2.189661E-01  -2.183208E-01
  -2.167571E-01  -2.140978E-01  -2.102104E-01  -2.052397E-01  -1.992054E-01
  -1.922712E-01  -1.845111E-01  -1.760463E-01  -1.736103E-01  -2.128336E-01
  -2.113101E-01  -2.103925E-01  -2.122338E-01  -2.144593E-01  -2.169635E-01
  -2.192812E-01  -2.211906E-01  -2.224851E-01  -2.226346E-01  -2.216928E-01
  -2.195533E-01  -2.162014E-01  -2.116501E-01  -2.060844E-01  -1.995658E-01
  -1.922305E-01  -1.841942E-01  -1.755702E-01  -1.664579E-01  -1.659345E-01
  -2.116331E-01  -2.127530E-01  -2.121937E-01  -2.145325E-01  -2.168151E-01
  -2.185463E-01  -2.195629E-01  -2.195873E-01  -2.184229E-01  -2.160137E-01
  -2.123984E-01  -2.076497E-01  -2.019298E-01  -1.952361E-01  -1.877640E-01
  -1.796148E-01  -1.709158E-01  -1.617520E-01  -1.523145E-01  -1.425612E-01
  -1.417829E-01  -2.136629E-01  -2.185830E-01  -2.178075E-01  -2.191401E-01
  -2.196539E-01  -2.189989E-01  -2.171723E-01  -2.141451E-01  -2.099490E-01
  -2.046799E-01  -1.984504E-01  -1.913823E-01  -1.835787E-01  -1.751734E-01
  -1.662664E-01  -1.570052E-01  -1.475374E-01  -1.376739E-01  -1.277598E-01
  -1.178195E-01  -1.170153E-01  -2.160667E-01  -2.220009E-01  -2.194899E-01
  -2.182218E-01  -2.157144E-01  -2.120184E-01  -2.072441E-01  -2.014693E-01
  -1.947716E-01  -1.873190E-01  -1.792188E-01  -1.705771E-01  -1.614951E-01
  -1.521618E-01  -1.425207E-01  -1.326976E-01  -1.228438E-01  -1.129465E-01
  -1.030173E-01  -9.305838E-02  -9.224901E-02  -2.142924E-01  -2.188396E-01
  -2.140357E-01  -2.096819E-01  -2.043263E-01  -1.980602E-01  -1.909350E-01
  -1.831123E-01  -1.747150E-01  -1.658358E-01  -1.566286E-01  -1.472274E-01
  -1.374578E-01  -1.276565E-01  -1.178406E-01  -1.079934E-01  -9.812170E-02
  -8.821970E-02  -7.828679E-02  -6.832239E-02  -6.751299E-02  -2.059109E-01
  -2.081606E-01  -2.012935E-01  -1.944887E-01  -1.869566E-01  -1.787892E-01
  -1.701122E-01  -1.610189E-01  -1.517070E-01  -1.420893E-01  -1.323283E-01
  -1.225597E-01  -1.127641E-01  -1.029576E-01  -9.313594E-02  -8.329271E-02
  -7.342469E-02  -6.352668E-02  -5.359751E-02  -4.363424E-02  -4.282582E-02
  -1.908072E-01  -1.913251E-01  -1.829118E-01  -1.744113E-01  -1.654489E-01
  -1.561832E-01  -1.467369E-01  -1.369624E-01  -1.271807E-01  -1.174069E-01
  -1.076258E-01  -9.784521E-02  -8.805795E-02  -7.826209E-02  -6.845271E-02
  -5.862535E-02  -4.877454E-02  -3.889690E-02  -2.900424E-02  -1.908003E-02
  -1.826036E-02  -1.706516E-01  -1.701952E-01  -1.608124E-01  -1.513953E-01
  -1.416806E-01  -1.318589E-01  -1.220543E-01  -1.122487E-01  -1.024572E-01
  -9.267741E-02  -8.290460E-02  -7.313561E-02  -6.336577E-02  -5.359259E-02
  -4.381255E-02  -3.403714E-02  -2.424601E-02  -1.440171E-02  -4.555473E-03
   5.294681E-03   6.089024E-03  -1.474865E-01  -1.466905E-01  -1.367431E-01
  -1.268416E-01  -1.169747E-01  -1.071256E-01  -9.730047E-02  -8.749525E-02
  -7.770976E-02  -6.794136E-02  -5.818767E-02  -4.844456E-02  -3.871099E-02
  -2.899776E-02  -1.928312E-02  -9.558614E-03   1.230766E-04   9.930835E-03
   1.979320E-02   2.971164E-02   3.051825E-02  -1.227530E-01  -1.219519E-01
  -1.119990E-01  -1.020823E-01  -9.219908E-02  -8.234601E-02  -7.252209E-02
  -6.272544E-02  -5.295611E-02  -4.321419E-02  -3.351480E-02  -2.383698E-02
  -1.415479E-02  -4.516041E-03   5.098050E-03   1.479954E-02   2.453726E-02
   3.431781E-02   4.414647E-02   5.403532E-02   5.483121E-02  -9.795216E-02
  -9.715179E-02  -8.719543E-02  -7.727477E-02  -6.739056E-02  -5.754305E-02
  -4.773185E-02  -3.796006E-02  -2.824034E-02  -1.855606E-02  -8.916068E-03
   6.403412E-04   1.027776E-02   1.991240E-02   2.954816E-02   3.920277E-02
   4.888594E-02   5.859858E-02   6.837394E-02   7.824013E-02   7.902581E-02
  -7.311456E-02  -7.231641E-02  -6.235796E-02  -5.243922E-02  -4.256576E-02
  -3.275356E-02  -2.298990E-02  -1.325849E-02  -3.611860E-03   5.981226E-03
   1.561188E-02   2.521748E-02   3.481165E-02   4.438943E-02   5.395519E-02
   6.351451E-02   7.313004E-02   8.279830E-02   9.253630E-02   1.023632E-01
   1.031374E-01  -4.825299E-02  -4.745882E-02  -3.750898E-02  -2.762077E-02
  -1.778649E-02  -8.022531E-03   1.631744E-03   1.133996E-02   2.101041E-02
   3.063826E-02   4.023555E-02   4.979321E-02   5.930412E-02   6.880657E-02
   7.830727E-02   8.780688E-02   9.733225E-02   1.069082E-01   1.165578E-01
   1.263119E-01   1.270555E-01  -2.346604E-02  -2.264404E-02  -1.271225E-02
  -2.886328E-03   6.876047E-03   1.665233E-02   2.637983E-02   3.607102E-02
   4.571646E-02   5.530166E-02   6.482975E-02   7.434356E-02   8.381605E-02
   9.325273E-02   1.026598E-01   1.120437E-01   1.214224E-01   1.308640E-01
   1.404049E-01   1.500794E-01   1.507882E-01   1.236311E-03   2.050055E-03
   1.198184E-02   2.185714E-02   3.167494E-02   4.144409E-02   5.115290E-02
   6.078651E-02   7.040582E-02   7.997382E-02   8.948509E-02   9.894823E-02
   1.083521E-01   1.176880E-01   1.269698E-01   1.362140E-01   1.454268E-01
   1.546773E-01   1.640435E-01   1.735616E-01   1.742066E-01   2.609246E-02
   2.690307E-02   3.682491E-02   4.669359E-02   5.649059E-02   6.622271E-02
   7.592585E-02   8.557169E-02   9.516867E-02   1.047059E-01   1.141702E-01
   1.235595E-01   1.328951E-01   1.421476E-01   1.513063E-01   1.603728E-01
   1.693190E-01   1.782887E-01   1.874237E-01   1.965792E-01   1.970728E-01
   5.097237E-02   5.177684E-02   6.165925E-02   7.152044E-02   8.132786E-02
   9.107562E-02   1.007687E-01   1.103960E-01   1.199471E-01   1.294521E-01
   1.388851E-01   1.482319E-01   1.575011E-01   1.666782E-01   1.757334E-01
   1.846080E-01   1.930930E-01   2.016077E-01   2.106467E-01   2.188108E-01
   2.189828E-01   7.584482E-02   7.665398E-02   8.656675E-02   9.642617E-02
   1.062282E-01   1.159594E-01   1.256233E-01   1.352406E-01   1.447849E-01
   1.542584E-01   1.636633E-01   1.729748E-01   1.821892E-01   1.913155E-01
   2.003615E-01   2.092666E-01   2.167085E-01   2.241369E-01   2.340834E-01
   2.391074E-01   2.387142E-01   1.007998E-01   1.016085E-01   1.115132E-01
   1.213459E-01   1.311399E-01   1.408691E-01   1.505280E-01   1.601384E-01
   1.696764E-01   1.791350E-01   1.885155E-01   1.978001E-01   2.069750E-01
   2.160654E-01   2.252454E-01   2.353280E-01   2.395212E-01   2.429258E-01
   2.465923E-01   2.504198E-01   2.495422E-01   1.091178E-01   1.124243E-01
   1.223117E-01   1.321551E-01   1.419459E-01   1.516664E-01   1.613323E-01
   1.709381E-01   1.804662E-01   1.899241E-01   1.992956E-01   2.085633E-01
   2.177033E-01   2.266519E-01   2.351519E-01   2.420306E-01   2.454475E-01
   2.484087E-01   2.514480E-01   2.549953E-01   2.579298E-01  -1.932021E-01
  -1.928514E-01  -1.871423E-01  -1.805685E-01  -1.730057E-01  -1.647580E-01
  -1.559709E-01  -1.467324E-01  -1.369608E-01  -1.271292E-01  -1.172799E-01
  -1.074178E-01  -9.754398E-02  -8.765723E-02  -7.775549E-02  -6.783736E-02
  -5.790074E-02  -4.794585E-02  -3.797816E-02  -2.799558E-02  -2.474002E-02
  -1.866735E-01  -1.881760E-01  -1.805326E-01  -1.725999E-01  -1.639757E-01
  -1.549766E-01  -1.456888E-01  -1.359768E-01  -1.261728E-01  -1.163368E-01
  -1.064866E-01  -9.662528E-02  -8.675290E-02  -7.686837E-02  -6.697070E-02
  -5.705946E-02  -4.713446E-02  -3.719951E-02  -2.726744E-02  -1.732014E-02
  -1.651405E-02  -1.686116E-01  -1.683430E-01  -1.592813E-01  -1.501666E-01
  -1.404386E-01  -1.306339E-01  -1.208544E-01  -1.110453E-01  -1.012120E-01
  -9.136689E-02  -8.151265E-02  -7.164975E-02  -6.177835E-02  -5.189887E-02
  -4.201371E-02  -3.214036E-02  -2.226873E-02  -1.237421E-02  -2.528448E-03
   7.334903E-03   8.142060E-03  -1.461368E-01  -1.453531E-01  -1.354168E-01
  -1.255381E-01  -1.156716E-01  -1.058116E-01  -9.596373E-02  -8.611729E-02
  -7.626883E-02  -6.641765E-02  -5.656494E-02  -4.671134E-02  -3.686247E-02
  -2.703119E-02  -1.720071E-02  -7.390786E-03   2.352829E-03   1.223736E-02
   2.215543E-02   3.210376E-02   3.292525E-02  -1.213957E-01  -1.206061E-01
  -1.106498E-01  -1.007233E-01  -9.081865E-02  -8.093265E-02  -7.106222E-02
  -6.120234E-02  -5.135140E-02  -4.151124E-02  -3.170106E-02  -2.190653E-02
  -1.210570E-02  -2.369435E-03   7.377619E-03   1.721504E-02   2.707877E-02
   3.697946E-02   4.690572E-02   5.686128E-02   5.768423E-02  -9.655936E-02
  -9.577297E-02  -8.580565E-02  -7.586250E-02  -6.594367E-02  -5.604913E-02
  -4.617772E-02  -3.633498E-02  -2.653033E-02  -1.674339E-02  -7.000214E-03
   2.664096E-03   1.245371E-02   2.225930E-02   3.208249E-02   4.193055E-02
   5.179919E-02   6.169693E-02   7.162439E-02   8.158245E-02   8.240694E-02
  -7.169366E-02  -7.091502E-02  -6.094180E-02  -5.099517E-02  -4.108252E-02
  -3.122400E-02  -2.140632E-02  -1.160813E-02  -1.901145E-03   7.809557E-03
   1.758390E-02   2.736279E-02   3.716062E-02   4.696436E-02   5.678241E-02
   6.662081E-02   7.648303E-02   8.637400E-02   9.629540E-02   1.062496E-01
   1.070741E-01  -4.682834E-02  -4.606265E-02  -3.610485E-02  -2.620108E-02
  -1.633593E-02  -6.540613E-03   3.153519E-03   1.294802E-02   2.273467E-02
   3.251569E-02   4.229705E-02   5.207450E-02   6.185751E-02   7.164810E-02
   8.145114E-02   9.127145E-02   1.011150E-01   1.109881E-01   1.208874E-01
   1.308189E-01   1.316395E-01  -2.213279E-02  -2.132269E-02  -1.139173E-02
  -1.581070E-03   8.217631E-03   1.805215E-02   2.786712E-02   3.767525E-02
   4.746384E-02   5.723984E-02   6.700783E-02   7.677092E-02   8.653392E-02
   9.629985E-02   1.060737E-01   1.158566E-01   1.256581E-01   1.355018E-01
   1.453701E-01   1.552597E-01   1.560587E-01   2.402641E-03   3.221009E-03
   1.316758E-02   2.307311E-02   3.294729E-02   4.279685E-02   5.261858E-02
   6.241931E-02   7.219926E-02   8.196113E-02   9.170769E-02   1.014436E-01
   1.111733E-01   1.208945E-01   1.306185E-01   1.403571E-01   1.500905E-01
   1.598977E-01   1.697568E-01   1.796691E-01   1.804731E-01   2.715240E-02
   2.797593E-02   3.792591E-02   4.783900E-02   5.771798E-02   6.756570E-02
   7.738324E-02   8.717268E-02   9.693437E-02   1.066699E-01   1.163768E-01
   1.260639E-01   1.357474E-01   1.454115E-01   1.550648E-01   1.647649E-01
   1.744981E-01   1.842757E-01   1.941040E-01   2.039941E-01   2.047897E-01
   5.194317E-02   5.276810E-02   6.271974E-02   7.263419E-02   8.251117E-02
   9.235076E-02   1.021541E-01   1.119218E-01   1.216486E-01   1.313408E-01
   1.409985E-01   1.506073E-01   1.602427E-01   1.698752E-01   1.795089E-01
   1.891613E-01   1.988439E-01   2.085639E-01   2.183456E-01   2.282108E-01
   2.289967E-01   7.676316E-02   7.758911E-02   8.754015E-02   9.745009E-02
   1.073163E-01   1.171341E-01   1.269051E-01   1.366393E-01   1.463157E-01
   1.559456E-01   1.655742E-01   1.751780E-01   1.847688E-01   1.943460E-01
   2.039152E-01   2.134868E-01   2.231018E-01   2.327684E-01   2.425052E-01
   2.523325E-01   2.531054E-01   1.015999E-01   1.024261E-01   1.123720E-01
   1.222652E-01   1.321055E-01   1.418882E-01   1.515955E-01   1.613016E-01
   1.709699E-01   1.805965E-01   1.901910E-01   1.997498E-01   2.092710E-01
   2.187774E-01   2.282772E-01   2.377769E-01   2.473017E-01   2.568779E-01
   2.665317E-01   2.762942E-01   2.770406E-01   1.264255E-01   1.272492E-01
   1.371828E-01   1.470406E-01   1.568372E-01   1.666117E-01   1.763381E-01
   1.860260E-01   1.956700E-01   2.052602E-01   2.147999E-01   2.243122E-01
   2.337841E-01   2.432200E-01   2.526268E-01   2.620137E-01   2.714022E-01
   2.808472E-01   2.903898E-01   3.000693E-01   3.007813E-01   1.512010E-01
   1.520137E-01   1.619423E-01   1.718145E-01   1.816302E-01   1.913967E-01
   2.011076E-01   2.107562E-01   2.203737E-01   2.299404E-01   2.394518E-01
   2.489129E-01   2.583174E-01   2.676595E-01   2.769474E-01   2.861932E-01
   2.954112E-01   3.046685E-01   3.140384E-01   3.235638E-01   3.242123E-01
   1.760497E-01   1.768588E-01   1.867786E-01   1.966451E-01   2.064476E-01
   2.161904E-01   2.258920E-01   2.355378E-01   2.451323E-01   2.546683E-01
   2.641361E-01   2.735332E-01   2.828688E-01   2.921242E-01   3.012887E-01
   3.103554E-01   3.193107E-01   3.282883E-01   3.374141E-01   3.466075E-01
   3.471170E-01   2.009254E-01   2.017299E-01   2.116271E-01   2.214868E-01
   2.312923E-01   2.410390E-01   2.507300E-01   2.603586E-01   2.699184E-01
   2.794231E-01   2.888570E-01   2.982087E-01   3.074798E-01   3.166566E-01
   3.257105E-01   3.345737E-01   3.430829E-01   3.516006E-01   3.604784E-01
   3.688639E-01   3.690861E-01   2.258118E-01   2.266190E-01   2.365304E-01
   2.463875E-01   2.561878E-01   2.659223E-01   2.755928E-01   2.852097E-01
   2.947572E-01   3.042347E-01   3.136397E-01   3.229543E-01   3.321720E-01
   3.412920E-01   3.503026E-01   3.590647E-01   3.666412E-01   3.741211E-01
   3.828628E-01   3.892626E-01   3.889867E-01   2.507602E-01   2.515670E-01
   2.614729E-01   2.713140E-01   2.811072E-01   2.908376E-01   3.005024E-01
   3.101121E-01   3.196514E-01   3.291140E-01   3.384966E-01   3.477835E-01
   3.569607E-01   3.660328E-01   3.750604E-01   3.841271E-01   3.895504E-01
   3.941967E-01   3.990602E-01   4.042621E-01   4.034908E-01   2.590753E-01
   2.623810E-01   2.722779E-01   2.821226E-01   2.919134E-01   3.016388E-01
   3.113059E-01   3.209120E-01   3.304446E-01   3.399040E-01   3.492781E-01
   3.585499E-01   3.676940E-01   3.766493E-01   3.851993E-01   3.925464E-01
   3.972591E-01   4.013679E-01   4.055699E-01   4.103880E-01   4.141679E-01
  -6.195630E-02  -5.540562E-02  -4.543344E-02  -3.551528E-02  -2.569097E-02
  -1.605366E-02  -6.481291E-03   3.108584E-03   1.290509E-02   2.273434E-02
   3.257958E-02   4.243613E-02   5.230312E-02   6.218135E-02   7.207228E-02
   8.197733E-02   9.189836E-02   1.018367E-01   1.117908E-01   1.217599E-01
   1.250748E-01  -4.541298E-02  -4.468978E-02  -3.477300E-02  -2.492635E-02
  -1.510128E-02  -5.419514E-03   4.155647E-03   1.391254E-02   2.372637E-02
   3.355990E-02   4.340632E-02   5.326289E-02   6.312927E-02   7.300621E-02
   8.289476E-02   9.279569E-02   1.027103E-01   1.126409E-01   1.225811E-01
   1.325351E-01   1.333521E-01  -2.074788E-02  -1.993586E-02  -1.006721E-02
  -3.806800E-04   9.413028E-03   1.923087E-02   2.902996E-02   3.884816E-02
   4.867833E-02   5.851832E-02   6.836595E-02   7.822064E-02   8.808258E-02
   9.795159E-02   1.078283E-01   1.177097E-01   1.275933E-01   1.374954E-01
   1.473883E-01   1.572962E-01   1.581055E-01   3.687443E-03   4.507402E-03
   1.444555E-02   2.433890E-02   3.421713E-02   4.407757E-02   5.392180E-02
   6.376291E-02   7.360412E-02   8.344634E-02   9.328902E-02   1.031328E-01
   1.129787E-01   1.228201E-01   1.326618E-01   1.425004E-01   1.523155E-01
   1.622019E-01   1.721194E-01   1.820660E-01   1.828846E-01   2.846083E-02
   2.928737E-02   3.924117E-02   4.916386E-02   5.906333E-02   6.894251E-02
   7.880467E-02   8.865494E-02   9.849546E-02   1.083277E-01   1.181474E-01
   1.279549E-01   1.377653E-01   1.475511E-01   1.573414E-01   1.671800E-01
   1.770422E-01   1.869399E-01   1.968650E-01   2.068192E-01   2.076397E-01
   5.328279E-02   5.411098E-02   6.407307E-02   7.400818E-02   8.391745E-02
   9.380164E-02   1.036630E-01   1.135041E-01   1.233199E-01   1.331181E-01
   1.428926E-01   1.526281E-01   1.624188E-01   1.722238E-01   1.820447E-01
   1.918899E-01   2.017572E-01   2.116531E-01   2.215782E-01   2.315337E-01
   2.323549E-01   7.812140E-02   7.894960E-02   8.891416E-02   9.884966E-02
   1.087540E-01   1.186219E-01   1.284529E-01   1.382626E-01   1.480234E-01
   1.577736E-01   1.675487E-01   1.773262E-01   1.871202E-01   1.969226E-01
   2.067391E-01   2.165753E-01   2.264350E-01   2.363229E-01   2.462410E-01
   2.561915E-01   2.570115E-01   1.029501E-01   1.037756E-01   1.137335E-01
   1.236482E-01   1.335238E-01   1.433517E-01   1.531167E-01   1.629126E-01
   1.726986E-01   1.824774E-01   1.922558E-01   2.020318E-01   2.118128E-01
   2.216010E-01   2.314013E-01   2.412186E-01   2.510590E-01   2.609289E-01
   2.708276E-01   2.807600E-01   2.815751E-01   1.277151E-01   1.285373E-01
   1.384785E-01   1.483451E-01   1.581808E-01   1.680163E-01   1.778300E-01
   1.876346E-01   1.974218E-01   2.071961E-01   2.169618E-01   2.267222E-01
   2.364821E-01   2.462449E-01   2.560159E-01   2.657990E-01   2.756024E-01
   2.854441E-01   2.953166E-01   3.052211E-01   3.060230E-01   1.523689E-01
   1.531874E-01   1.631328E-01   1.730368E-01   1.829088E-01   1.927558E-01
   2.025760E-01   2.123745E-01   2.221519E-01   2.319108E-01   2.416543E-01
   2.513869E-01   2.611138E-01   2.708353E-01   2.805608E-01   2.903017E-01
   3.000537E-01   3.098618E-01   3.197194E-01   3.296291E-01   3.304315E-01
   1.771172E-01   1.779379E-01   1.878864E-01   1.977978E-01   2.076747E-01
   2.175199E-01   2.273345E-01   2.371206E-01   2.468788E-01   2.566111E-01
   2.663179E-01   2.760059E-01   2.856886E-01   2.953594E-01   3.050277E-01
   3.147284E-01   3.244607E-01   3.342371E-01   3.440657E-01   3.539565E-01
   3.547516E-01   2.019053E-01   2.027268E-01   2.126760E-01   2.225876E-01
   2.324612E-01   2.422972E-01   2.520966E-01   2.618609E-01   2.715870E-01
   2.812796E-01   2.909417E-01   3.005697E-01   3.102053E-01   3.198375E-01
   3.294715E-01   3.391236E-01   3.488066E-01   3.585312E-01   3.683172E-01
   3.781825E-01   3.789681E-01   2.267198E-01   2.275414E-01   2.374889E-01
   2.473947E-01   2.572567E-01   2.670725E-01   2.768430E-01   2.865766E-01
   2.962617E-01   3.059062E-01   3.155353E-01   3.251397E-01   3.347295E-01
   3.443070E-01   3.538792E-01   3.634584E-01   3.730742E-01   3.827410E-01
   3.924782E-01   4.023065E-01   4.030784E-01   2.515482E-01   2.523690E-01
   2.623105E-01   2.722013E-01   2.820408E-01   2.918278E-01   3.015550E-01
   3.112613E-01   3.209293E-01   3.305565E-01   3.401505E-01   3.497107E-01
   3.592384E-01   3.687480E-01   3.782483E-01   3.877496E-01   3.972756E-01
   4.068535E-01   4.165113E-01   4.262801E-01   4.270281E-01   2.763687E-01
   2.771866E-01   2.871179E-01   2.969847E-01   3.067951E-01   3.165702E-01
   3.262977E-01   3.359846E-01   3.456281E-01   3.552219E-01   3.647688E-01
   3.742811E-01   3.837536E-01   3.931903E-01   4.025983E-01   4.119889E-01
   4.213853E-01   4.308351E-01   4.403817E-01   4.500671E-01   4.507809E-01
   3.011629E-01   3.019747E-01   3.119011E-01   3.217721E-01   3.315878E-01
   3.413538E-01   3.510667E-01   3.607241E-01   3.703413E-01   3.799078E-01
   3.894201E-01   3.988810E-01   4.082867E-01   4.176337E-01   4.269271E-01
   4.361767E-01   4.454022E-01   4.546680E-01   4.640442E-01   4.735812E-01
   4.742329E-01   3.260086E-01   3.268171E-01   3.367360E-01   3.466017E-01
   3.564076E-01   3.661568E-01   3.758584E-01   3.855051E-01   3.950987E-01
   4.046345E-01   4.141050E-01   4.235076E-01   4.328445E-01   4.421031E-01
   4.512726E-01   4.603429E-01   4.693119E-01   4.783013E-01   4.874257E-01
   4.966640E-01   4.971886E-01   3.508829E-01   3.516878E-01   3.615935E-01
   3.714528E-01   3.812575E-01   3.910043E-01   4.006948E-01   4.103248E-01
   4.198901E-01   4.293956E-01   4.388309E-01   4.481866E-01   4.574597E-01
   4.666365E-01   4.756878E-01   4.845450E-01   4.930910E-01   5.016241E-01
   5.104077E-01   5.189963E-01   5.192687E-01   3.757778E-01   3.765842E-01
   3.864955E-01   3.963517E-01   4.061512E-01   4.158881E-01   4.255631E-01
   4.351807E-01   4.447309E-01   4.542116E-01   4.636176E-01   4.729351E-01
   4.821550E-01   4.912676E-01   5.002416E-01   5.089096E-01   5.166511E-01
   5.242418E-01   5.324658E-01   5.397349E-01   5.395879E-01   4.007227E-01
   4.015286E-01   4.114360E-01   4.212823E-01   4.310757E-01   4.408078E-01
   4.504766E-01   4.600867E-01   4.696276E-01   4.790935E-01   4.884784E-01
   4.977678E-01   5.069460E-01   5.160009E-01   5.249154E-01   5.334927E-01
   5.397626E-01   5.453574E-01   5.511263E-01   5.573537E-01   5.567941E-01
   4.090356E-01   4.123414E-01   4.222442E-01   4.320909E-01   4.418823E-01
   4.516112E-01   4.612799E-01   4.708869E-01   4.804227E-01   4.898842E-01
   4.992608E-01   5.085361E-01   5.176840E-01   5.266445E-01   5.352317E-01
   5.428707E-01   5.485679E-01   5.536526E-01   5.588382E-01   5.646828E-01
   5.691321E-01   2.373172E-01   2.439777E-01   2.539306E-01   2.638417E-01
   2.737098E-01   2.835165E-01   2.932665E-01   3.030083E-01   3.128114E-01
   3.226404E-01   3.324832E-01   3.423361E-01   3.521985E-01   3.620710E-01
   3.719550E-01   3.818520E-01   3.917637E-01   4.016918E-01   4.116358E-01
   4.215967E-01   4.249096E-01   2.539584E-01   2.547975E-01   2.647441E-01
   2.746388E-01   2.844943E-01   2.942879E-01   3.040313E-01   3.138115E-01
   3.236262E-01   3.334583E-01   3.433015E-01   3.531536E-01   3.630143E-01
   3.728844E-01   3.827652E-01   3.926576E-01   4.025635E-01   4.124853E-01
   4.224213E-01   4.323753E-01   4.331921E-01   2.788285E-01   2.796576E-01
   2.895854E-01   2.994376E-01   3.092815E-01   3.191108E-01   3.289222E-01
   3.387411E-01   3.485697E-01   3.584059E-01   3.682481E-01   3.780961E-01
   3.879503E-01   3.978111E-01   4.076799E-01   4.175567E-01   4.274428E-01
   4.373475E-01   4.472635E-01   4.572009E-01   4.580143E-01   3.035658E-01
   3.043844E-01   3.143252E-01   3.242251E-01   3.341036E-01   3.439631E-01
   3.538068E-01   3.636447E-01   3.734807E-01   3.833162E-01   3.931515E-01
   4.029877E-01   4.128267E-01   4.226668E-01   4.325120E-01   4.423644E-01
   4.522220E-01   4.621160E-01   4.720372E-01   4.819861E-01   4.828032E-01
   3.283548E-01   3.291758E-01   3.391276E-01   3.490484E-01   3.589443E-01
   3.688188E-01   3.786752E-01   3.885186E-01   3.983518E-01   4.081769E-01
   4.179940E-01   4.278052E-01   4.376199E-01   4.474313E-01   4.572514E-01
   4.670968E-01   4.769637E-01   4.868601E-01   4.967842E-01   5.067370E-01
   5.075555E-01   3.531722E-01   3.539946E-01   3.639520E-01   3.738810E-01
   3.837832E-01   3.936599E-01   4.035140E-01   4.133490E-01   4.231649E-01
   4.329673E-01   4.427577E-01   4.525360E-01   4.623339E-01   4.721427E-01
   4.819656E-01   4.918093E-01   5.016754E-01   5.115687E-01   5.214908E-01
   5.314430E-01   5.322613E-01   3.779961E-01   3.788184E-01   3.887761E-01
   3.987035E-01   4.086002E-01   4.184651E-01   4.283004E-01   4.381158E-01
   4.479052E-01   4.576836E-01   4.674653E-01   4.772475E-01   4.870395E-01
   4.968408E-01   5.066555E-01   5.164889E-01   5.263454E-01   5.362293E-01
   5.461434E-01   5.560901E-01   5.569066E-01   4.028047E-01   4.036252E-01
   4.135772E-01   4.234914E-01   4.333708E-01   4.432148E-01   4.530230E-01
   4.628266E-01   4.726169E-01   4.823975E-01   4.921743E-01   5.019489E-01
   5.117271E-01   5.215123E-01   5.313092E-01   5.411233E-01   5.509606E-01
   5.608271E-01   5.707254E-01   5.806594E-01   5.814717E-01   4.275702E-01
   4.283885E-01   4.383318E-01   4.482270E-01   4.580897E-01   4.679320E-01
   4.777504E-01   4.875533E-01   4.973394E-01   5.071116E-01   5.168744E-01
   5.266314E-01   5.363874E-01   5.461469E-01   5.559154E-01   5.656993E-01
   5.755061E-01   5.853474E-01   5.952248E-01   6.051423E-01   6.059476E-01
   4.522879E-01   4.531048E-01   4.630496E-01   4.729556E-01   4.828287E-01
   4.926742E-01   5.024929E-01   5.122884E-01   5.220624E-01   5.318177E-01
   5.415576E-01   5.512870E-01   5.610112E-01   5.707339E-01   5.804632E-01
   5.902089E-01   5.999774E-01   6.097886E-01   6.196465E-01   6.295561E-01
   6.303583E-01   4.770438E-01   4.778614E-01   4.878074E-01   4.977167E-01
   5.075910E-01   5.174326E-01   5.272433E-01   5.370250E-01   5.467793E-01
   5.565086E-01   5.662159E-01   5.759067E-01   5.855903E-01   5.952690E-01
   6.049515E-01   6.146561E-01   6.243909E-01   6.341684E-01   6.439984E-01
   6.538904E-01   6.546863E-01   5.018292E-01   5.026468E-01   5.125921E-01
   5.224993E-01   5.323683E-01   5.421997E-01   5.519949E-01   5.617557E-01
   5.714821E-01   5.811774E-01   5.908461E-01   6.004913E-01   6.101301E-01
   6.197645E-01   6.294020E-01   6.390568E-01   6.487423E-01   6.584726E-01
   6.682638E-01   6.781310E-01   6.789177E-01   5.266353E-01   5.274522E-01
   5.373946E-01   5.472951E-01   5.571527E-01   5.669668E-01   5.767387E-01
   5.864731E-01   5.961674E-01   6.058259E-01   6.154588E-01   6.250672E-01
   6.346586E-01   6.442387E-01   6.538160E-01   6.634040E-01   6.730238E-01
   6.826938E-01   6.924346E-01   7.022664E-01   7.030400E-01   5.514529E-01
   5.522683E-01   5.622048E-01   5.720936E-01   5.819342E-01   5.917271E-01
   6.014718E-01   6.111812E-01   6.208514E-01   6.304821E-01   6.400782E-01
   6.496419E-01   6.591768E-01   6.686916E-01   6.781958E-01   6.877028E-01
   6.972348E-01   7.068192E-01   7.164855E-01   7.262641E-01   7.270172E-01
   5.762704E-01   5.770835E-01   5.870126E-01   5.968874E-01   6.067107E-01
   6.164894E-01   6.262212E-01   6.359097E-01   6.455543E-01   6.551529E-01
   6.647072E-01   6.742221E-01   6.836979E-01   6.931387E-01   7.025524E-01
   7.119524E-01   7.213633E-01   7.308263E-01   7.403855E-01   7.500853E-01
   7.508074E-01   6.010860E-01   6.018960E-01   6.118204E-01   6.216916E-01
   6.315096E-01   6.412773E-01   6.509941E-01   6.606598E-01   6.702785E-01
   6.798465E-01   6.893618E-01   6.988251E-01   7.082349E-01   7.175902E-01
   7.268942E-01   7.361570E-01   7.454034E-01   7.546923E-01   7.640902E-01
   7.736591E-01   7.743283E-01   6.259330E-01   6.267407E-01   6.366597E-01
   6.465253E-01   6.563353E-01   6.660908E-01   6.757944E-01   6.854436E-01
   6.950384E-01   7.045756E-01   7.140506E-01   7.234602E-01   7.328021E-01
   7.420679E-01   7.512484E-01   7.603362E-01   7.693455E-01   7.783751E-01
   7.875278E-01   7.968624E-01   7.974349E-01   6.508085E-01   6.516142E-01
   6.615268E-01   6.713870E-01   6.811921E-01   6.909404E-01   7.006322E-01
   7.102652E-01   7.198365E-01   7.293450E-01   7.387841E-01   7.481463E-01
   7.574242E-01   7.666032E-01   7.756548E-01   7.845257E-01   7.931730E-01
   8.017925E-01   8.105718E-01   8.194780E-01   8.198794E-01   6.757124E-01
   6.765180E-01   6.864304E-01   6.962869E-01   7.060867E-01   7.158270E-01
   7.255073E-01   7.351275E-01   7.446824E-01   7.541680E-01   7.635779E-01
   7.729008E-01   7.821240E-01   7.912267E-01   8.001594E-01   8.087843E-01
   8.168558E-01   8.247732E-01   8.329394E-01   8.411445E-01   8.412854E-01
   7.006550E-01   7.014603E-01   7.113705E-01   7.212220E-01   7.310172E-01
   7.407525E-01   7.504265E-01   7.600389E-01   7.695836E-01   7.790548E-01
   7.884445E-01   7.977394E-01   8.069201E-01   8.159551E-01   8.247719E-01
   8.331479E-01   8.404418E-01   8.473146E-01   8.543298E-01   8.618752E-01
   8.617119E-01   7.089671E-01   7.122729E-01   7.221815E-01   7.320321E-01
   7.418257E-01   7.515590E-01   7.612314E-01   7.708410E-01   7.803817E-01
   7.898478E-01   7.992300E-01   8.085125E-01   8.176693E-01   8.266458E-01
   8.353057E-01   8.433286E-01   8.502880E-01   8.568130E-01   8.634573E-01
   8.707136E-01   8.759434E-01   5.371298E-01   5.437766E-01   5.537228E-01
   5.636301E-01   5.734986E-01   5.833238E-01   5.931155E-01   6.029051E-01
   6.127193E-01   6.225500E-01   6.323913E-01   6.422412E-01   6.520997E-01
   6.619675E-01   6.718463E-01   6.817376E-01   6.916435E-01   7.015658E-01
   7.115053E-01   7.214635E-01   7.247748E-01   5.537552E-01   5.545759E-01
   5.645194E-01   5.744204E-01   5.842853E-01   5.941105E-01   6.039074E-01
   6.137112E-01   6.235315E-01   6.333639E-01   6.432050E-01   6.530536E-01
   6.629101E-01   6.727753E-01   6.826509E-01   6.925384E-01   7.024399E-01
   7.123580E-01   7.222934E-01   7.322490E-01   7.330650E-01   5.786335E-01
   5.794517E-01   5.893890E-01   5.992798E-01   6.091454E-01   6.189887E-01
   6.288149E-01   6.386399E-01   6.484695E-01   6.583038E-01   6.681427E-01
   6.779864E-01   6.878360E-01   6.976926E-01   7.075580E-01   7.174341E-01
   7.273233E-01   7.372312E-01   7.471575E-01   7.571071E-01   7.579226E-01
   6.034379E-01   6.042552E-01   6.141993E-01   6.241078E-01   6.339909E-01
   6.438532E-01   6.536993E-01   6.635370E-01   6.733709E-01   6.832031E-01
   6.930348E-01   7.028678E-01   7.127044E-01   7.225456E-01   7.323948E-01
   7.422555E-01   7.521303E-01   7.620303E-01   7.719554E-01   7.819073E-01
   7.827240E-01   6.282475E-01   6.290664E-01   6.390176E-01   6.489384E-01
   6.588333E-01   6.687060E-01   6.785602E-01   6.884008E-01   6.982312E-01
   7.080541E-01   7.178718E-01   7.276872E-01   7.375061E-01   7.473292E-01
   7.571626E-01   7.670140E-01   7.768857E-01   7.867831E-01   7.967075E-01
   8.066602E-01   8.074772E-01   6.530662E-01   6.538860E-01   6.638406E-01
   6.737664E-01   6.836650E-01   6.935386E-01   7.033903E-01   7.132240E-01
   7.230422E-01   7.328494E-01   7.426491E-01   7.524451E-01   7.622490E-01
   7.720621E-01   7.818881E-01   7.917325E-01   8.015987E-01   8.114910E-01
   8.214116E-01   8.313622E-01   8.321785E-01   6.778829E-01   6.787023E-01
   6.886564E-01   6.985803E-01   7.084743E-01   7.183399E-01   7.281799E-01
   7.380005E-01   7.478030E-01   7.575945E-01   7.673823E-01   7.771693E-01
   7.869621E-01   7.967636E-01   8.065779E-01   8.164101E-01   8.262651E-01
   8.361471E-01   8.460593E-01   8.560043E-01   8.568185E-01   7.026836E-01
   7.035015E-01   7.134516E-01   7.233675E-01   7.332512E-01   7.431045E-01
   7.529306E-01   7.627407E-01   7.725357E-01   7.823193E-01   7.920967E-01
   8.018713E-01   8.116484E-01   8.214321E-01   8.312276E-01   8.410404E-01
   8.508765E-01   8.607419E-01   8.706403E-01   8.805755E-01   8.813861E-01
   7.274558E-01   7.282724E-01   7.382177E-01   7.481250E-01   7.579999E-01
   7.678481E-01   7.776714E-01   7.874753E-01   7.972615E-01   8.070332E-01
   8.167946E-01   8.265500E-01   8.363043E-01   8.460625E-01   8.558306E-01
   8.656155E-01   8.754248E-01   8.852671E-01   8.951473E-01   9.050701E-01
   9.058760E-01   7.522056E-01   7.530220E-01   7.629669E-01   7.728754E-01
   7.827507E-01   7.925965E-01   8.024150E-01   8.122092E-01   8.219815E-01
   8.317350E-01   8.414735E-01   8.512017E-01   8.609252E-01   8.706493E-01
   8.803816E-01   8.901313E-01   8.999071E-01   9.097212E-01   9.195806E-01
   9.294915E-01   9.302931E-01   7.769711E-01   7.777875E-01   7.877321E-01
   7.976402E-01   8.075132E-01   8.173530E-01   8.271615E-01   8.369410E-01
   8.466935E-01   8.564220E-01   8.661302E-01   8.758234E-01   8.855089E-01
   8.951921E-01   9.048818E-01   9.145903E-01   9.243285E-01   9.341084E-01
   9.439406E-01   9.538341E-01   9.546295E-01   8.017564E-01   8.025722E-01
   8.125151E-01   8.224196E-01   8.322859E-01   8.421149E-01   8.519082E-01
   8.616677E-01   8.713949E-01   8.810928E-01   8.907658E-01   9.004189E-01
   9.100611E-01   9.196986E-01   9.293402E-01   9.389987E-01   9.486879E-01
   9.584226E-01   9.682180E-01   9.780875E-01   9.788739E-01   8.265578E-01
   8.273725E-01   8.373119E-01   8.472095E-01   8.570651E-01   8.668788E-01
   8.766523E-01   8.863882E-01   8.960872E-01   9.057524E-01   9.153893E-01
   9.250017E-01   9.345961E-01   9.441796E-01   9.537618E-01   9.633563E-01
   9.729813E-01   9.826565E-01   9.924024E-01   1.002238E+00   1.003012E+00
   8.513700E-01   8.521831E-01   8.621171E-01   8.720052E-01   8.818472E-01
   8.916437E-01   9.013959E-01   9.111084E-01   9.207812E-01   9.304155E-01
   9.400147E-01   9.495819E-01   9.591218E-01   9.686416E-01   9.781513E-01
   9.876656E-01   9.972060E-01   1.006799E+00   1.016475E+00   1.026263E+00
   1.027018E+00   8.761881E-01   8.769992E-01   8.869275E-01   8.968057E-01
   9.066347E-01   9.164168E-01   9.261524E-01   9.358434E-01   9.454900E-01
   9.550921E-01   9.646510E-01   9.741693E-01   9.836494E-01   9.930960E-01
   1.002518E+00   1.011929E+00   1.021356E+00   1.030836E+00   1.040412E+00
   1.050127E+00   1.050854E+00   9.010147E-01   9.018241E-01   9.117479E-01
   9.216200E-01   9.314405E-01   9.412106E-01   9.509305E-01   9.606005E-01
   9.702214E-01   9.797917E-01   9.893104E-01   9.987775E-01   1.008193E+00
   1.017556E+00   1.026873E+00   1.036154E+00   1.045427E+00   1.054747E+00
   1.064176E+00   1.073779E+00   1.074461E+00   9.258656E-01   9.266734E-01
   9.365929E-01   9.464593E-01   9.562718E-01   9.660307E-01   9.757366E-01
   9.853885E-01   9.949854E-01   1.004525E+00   1.014004E+00   1.023420E+00
   1.032768E+00   1.042043E+00   1.051239E+00   1.060356E+00   1.069417E+00
   1.078505E+00   1.087716E+00   1.097138E+00   1.097745E+00   9.507441E-01
   9.515506E-01   9.614661E-01   9.713275E-01   9.811337E-01   9.908840E-01
   1.000578E+00   1.010213E+00   1.019789E+00   1.029301E+00   1.038744E+00
   1.048112E+00   1.057397E+00   1.066584E+00   1.075650E+00   1.084564E+00
   1.093328E+00   1.102076E+00   1.110961E+00   1.120096E+00   1.120588E+00
   9.756527E-01   9.764587E-01   9.863725E-01   9.962300E-01   1.006031E+00
   1.015774E+00   1.025457E+00   1.035081E+00   1.044639E+00   1.054129E+00
   1.063544E+00   1.072872E+00   1.082102E+00   1.091208E+00   1.100144E+00
   1.108828E+00   1.117188E+00   1.125446E+00   1.133865E+00   1.142596E+00
   1.142933E+00   1.000596E+00   1.001401E+00   1.011314E+00   1.021168E+00
   1.030965E+00   1.040703E+00   1.050381E+00   1.059996E+00   1.069544E+00
   1.079020E+00   1.088415E+00   1.097716E+00   1.106904E+00   1.115943E+00
   1.124763E+00   1.133224E+00   1.141150E+00   1.148847E+00   1.156690E+00
   1.165031E+00   1.165195E+00   1.008907E+00   1.012214E+00   1.022125E+00
   1.031979E+00   1.041774E+00   1.051511E+00   1.061186E+00   1.070799E+00
   1.080343E+00   1.089814E+00   1.099201E+00   1.108492E+00   1.117660E+00
   1.126659E+00   1.135396E+00   1.143704E+00   1.151447E+00   1.158939E+00
   1.166571E+00   1.174731E+00   1.180494E+00   1.136822E+00   1.143464E+00
   1.153410E+00   1.163324E+00   1.173207E+00   1.183063E+00   1.192898E+00
   1.202727E+00   1.212558E+00   1.222394E+00   1.232235E+00   1.242081E+00
   1.251935E+00   1.261798E+00   1.271671E+00   1.281557E+00   1.291459E+00
   1.301378E+00   1.311316E+00   1.321276E+00   1.324591E+00   1.153448E+00
   1.154264E+00   1.164210E+00   1.174124E+00   1.184008E+00   1.193865E+00
   1.203704E+00   1.213536E+00   1.223369E+00   1.233205E+00   1.243045E+00
   1.252890E+00   1.262742E+00   1.272602E+00   1.282473E+00   1.292357E+00
   1.302256E+00   1.312173E+00   1.322110E+00   1.332069E+00   1.332888E+00
   1.178353E+00   1.179170E+00   1.189117E+00   1.199031E+00   1.208918E+00
   1.218782E+00   1.228629E+00   1.238467E+00   1.248302E+00   1.258138E+00
   1.267975E+00   1.277815E+00   1.287661E+00   1.297515E+00   1.307379E+00
   1.317256E+00   1.327149E+00   1.337061E+00   1.346995E+00   1.356952E+00
   1.357771E+00   1.203215E+00   1.204032E+00   1.213982E+00   1.223901E+00
   1.233794E+00   1.243665E+00   1.253519E+00   1.263361E+00   1.273196E+00
   1.283028E+00   1.292859E+00   1.302691E+00   1.312527E+00   1.322371E+00
   1.332225E+00   1.342093E+00   1.351977E+00   1.361884E+00   1.371814E+00
   1.381770E+00   1.382589E+00   1.228056E+00   1.228874E+00   1.238826E+00
   1.248750E+00   1.258647E+00   1.268522E+00   1.278378E+00   1.288219E+00
   1.298051E+00   1.307875E+00   1.317695E+00   1.327516E+00   1.337340E+00
   1.347171E+00   1.357013E+00   1.366871E+00   1.376749E+00   1.386650E+00
   1.396576E+00   1.406530E+00   1.407349E+00   1.252885E+00   1.253703E+00
   1.263657E+00   1.273581E+00   1.283479E+00   1.293353E+00   1.303206E+00
   1.313042E+00   1.322865E+00   1.332678E+00   1.342486E+00   1.352293E+00
   1.362104E+00   1.371922E+00   1.381753E+00   1.391600E+00   1.401468E+00
   1.411361E+00   1.421281E+00   1.431232E+00   1.432049E+00   1.277701E+00
   1.278519E+00   1.288472E+00   1.298394E+00   1.308289E+00   1.318158E+00
   1.328004E+00   1.337831E+00   1.347643E+00   1.357444E+00   1.367239E+00
   1.377032E+00   1.386828E+00   1.396631E+00   1.406447E+00   1.416279E+00
   1.426134E+00   1.436016E+00   1.445928E+00   1.455873E+00   1.456688E+00
   1.302502E+00   1.303319E+00   1.313269E+00   1.323188E+00   1.333077E+00
   1.342939E+00   1.352776E+00   1.362593E+00   1.372394E+00   1.382182E+00
   1.391963E+00   1.401739E+00   1.411517E+00   1.421300E+00   1.431096E+00
   1.440909E+00   1.450745E+00   1.460611E+00   1.470511E+00   1.480448E+00
   1.481261E+00   1.327287E+00   1.328104E+00   1.338052E+00   1.347966E+00
   1.357849E+00   1.367704E+00   1.377533E+00   1.387340E+00   1.397128E+00
   1.406901E+00   1.416662E+00   1.426417E+00   1.436171E+00   1.445930E+00
   1.455699E+00   1.465486E+00   1.475299E+00   1.485143E+00   1.495027E+00
   1.504954E+00   1.505763E+00   1.352064E+00   1.352880E+00   1.362825E+00
   1.372737E+00   1.382615E+00   1.392463E+00   1.402282E+00   1.412077E+00
   1.421849E+00   1.431602E+00   1.441340E+00   1.451069E+00   1.460793E+00
   1.470520E+00   1.480256E+00   1.490010E+00   1.499792E+00   1.509611E+00
   1.519474E+00   1.529388E+00   1.530193E+00   1.376844E+00   1.377659E+00
   1.387602E+00   1.397510E+00   1.407382E+00   1.417221E+00   1.427029E+00
   1.436807E+00   1.446559E+00   1.456288E+00   1.465998E+00   1.475695E+00
   1.485383E+00   1.495072E+00   1.504768E+00   1.514483E+00   1.524227E+00
   1.534013E+00   1.543850E+00   1.553747E+00   1.554546E+00   1.401632E+00
   1.402447E+00   1.412387E+00   1.422290E+00   1.432154E+00   1.441982E+00
   1.451774E+00   1.461534E+00   1.471262E+00   1.480964E+00   1.490641E+00
   1.500300E+00   1.509948E+00   1.519591E+00   1.529240E+00   1.538906E+00
   1.548603E+00   1.558346E+00   1.568149E+00   1.578024E+00   1.578815E+00
   1.426432E+00   1.427245E+00   1.437182E+00   1.447077E+00   1.456932E+00
   1.466746E+00   1.476521E+00   1.486259E+00   1.495963E+00   1.505633E+00
   1.515276E+00   1.524894E+00   1.534495E+00   1.544085E+00   1.553676E+00
   1.563282E+00   1.572919E+00   1.582607E+00   1.592365E+00   1.602211E+00
   1.602991E+00   1.451242E+00   1.452053E+00   1.461986E+00   1.471874E+00
   1.481717E+00   1.491517E+00   1.501274E+00   1.510991E+00   1.520668E+00
   1.530307E+00   1.539911E+00   1.549485E+00   1.559033E+00   1.568562E+00
   1.578085E+00   1.587615E+00   1.597176E+00   1.606791E+00   1.616488E+00
   1.626294E+00   1.627059E+00   1.476064E+00   1.476873E+00   1.486801E+00
   1.496682E+00   1.506515E+00   1.516301E+00   1.526041E+00   1.535736E+00
   1.545386E+00   1.554993E+00   1.564558E+00   1.574084E+00   1.583573E+00
   1.593033E+00   1.602474E+00   1.611913E+00   1.621375E+00   1.630894E+00
   1.640509E+00   1.650258E+00   1.651003E+00   1.500901E+00   1.501709E+00
   1.511633E+00   1.521507E+00   1.531330E+00   1.541104E+00   1.550828E+00
   1.560502E+00   1.570127E+00   1.579703E+00   1.589228E+00   1.598703E+00
   1.608130E+00   1.617513E+00   1.626860E+00   1.636186E+00   1.645523E+00
   1.654915E+00   1.664419E+00   1.674089E+00   1.674804E+00   1.525760E+00
   1.526567E+00   1.536487E+00   1.546355E+00   1.556170E+00   1.565933E+00
   1.575643E+00   1.585299E+00   1.594900E+00   1.604445E+00   1.613931E+00
   1.623357E+00   1.632721E+00   1.642022E+00   1.651263E+00   1.660456E+00
   1.669635E+00   1.678861E+00   1.688214E+00   1.697774E+00   1.698448E+00
   1.550645E+00   1.551451E+00   1.561368E+00   1.571231E+00   1.581040E+00
   1.590793E+00   1.600491E+00   1.610131E+00   1.619711E+00   1.629229E+00
   1.638681E+00   1.648062E+00   1.657366E+00   1.666586E+00   1.675716E+00
   1.684758E+00   1.693744E+00   1.702760E+00   1.711918E+00   1.721332E+00
   1.721948E+00   1.575559E+00   1.576365E+00   1.586280E+00   1.596140E+00
   1.605943E+00   1.615689E+00   1.625377E+00   1.635005E+00   1.644569E+00
   1.654067E+00   1.663491E+00   1.672835E+00   1.682088E+00   1.691235E+00
   1.700260E+00   1.709148E+00   1.717922E+00   1.726696E+00   1.735624E+00
   1.744866E+00   1.745410E+00   1.600506E+00   1.601311E+00   1.611225E+00
   1.621082E+00   1.630882E+00   1.640624E+00   1.650306E+00   1.659926E+00
   1.669481E+00   1.678964E+00   1.688371E+00   1.697690E+00   1.706907E+00
   1.716002E+00   1.724946E+00   1.733710E+00   1.742305E+00   1.750866E+00
   1.759586E+00   1.768671E+00   1.769131E+00   1.608819E+00   1.612126E+00
   1.622040E+00   1.631896E+00   1.641695E+00   1.651435E+00   1.661115E+00
   1.670733E+00   1.680284E+00   1.689763E+00   1.699163E+00   1.708472E+00
   1.717676E+00   1.726750E+00   1.735659E+00   1.744369E+00   1.752893E+00
   1.761372E+00   1.770009E+00   1.779013E+00   1.785196E+00   1.736632E+00
   1.743275E+00   1.753225E+00   1.763145E+00   1.773039E+00   1.782911E+00
   1.792765E+00   1.802609E+00   1.812449E+00   1.822289E+00   1.832130E+00
   1.841976E+00   1.851828E+00   1.861688E+00   1.871559E+00   1.881444E+00
   1.891345E+00   1.901264E+00   1.911204E+00   1.921165E+00   1.924482E+00
   1.753264E+00   1.754080E+00   1.764031E+00   1.773952E+00   1.783847E+00
   1.793719E+00   1.803574E+00   1.813419E+00   1.823260E+00   1.833099E+00
   1.842939E+00   1.852783E+00   1.862633E+00   1.872492E+00   1.882361E+00
   1.892244E+00   1.902143E+00   1.912061E+00   1.922000E+00   1.931962E+00
   1.932782E+00   1.778185E+00   1.779003E+00   1.788955E+00   1.798877E+00
   1.808774E+00   1.818648E+00   1.828506E+00   1.838352E+00   1.848192E+00
   1.858029E+00   1.867866E+00   1.877706E+00   1.887551E+00   1.897405E+00
   1.907269E+00   1.917147E+00   1.927041E+00   1.936956E+00   1.946892E+00
   1.956853E+00   1.957674E+00   1.803069E+00   1.803888E+00   1.813841E+00
   1.823765E+00   1.833664E+00   1.843541E+00   1.853400E+00   1.863247E+00
   1.873084E+00   1.882917E+00   1.892748E+00   1.902581E+00   1.912418E+00
   1.922263E+00   1.932119E+00   1.941989E+00   1.951877E+00   1.961787E+00
   1.971720E+00   1.981679E+00   1.982499E+00   1.827927E+00   1.828745E+00
   1.838699E+00   1.848625E+00   1.858525E+00   1.868402E+00   1.878261E+00
   1.888104E+00   1.897937E+00   1.907763E+00   1.917586E+00   1.927408E+00
   1.937235E+00   1.947069E+00   1.956914E+00   1.966775E+00   1.976655E+00
   1.986558E+00   1.996486E+00   2.006442E+00   2.007262E+00   1.852763E+00
   1.853582E+00   1.863536E+00   1.873461E+00   1.883360E+00   1.893236E+00
   1.903091E+00   1.912929E+00   1.922754E+00   1.932570E+00   1.942382E+00
   1.952192E+00   1.962005E+00   1.971826E+00   1.981659E+00   1.991507E+00
   2.001377E+00   2.011271E+00   2.021193E+00   2.031145E+00   2.031963E+00
   1.877583E+00   1.878401E+00   1.888354E+00   1.898278E+00   1.908174E+00
   1.918044E+00   1.927893E+00   1.937723E+00   1.947539E+00   1.957343E+00
   1.967141E+00   1.976936E+00   1.986734E+00   1.996538E+00   2.006355E+00
   2.016188E+00   2.026044E+00   2.035926E+00   2.045839E+00   2.055786E+00
   2.056602E+00   1.902388E+00   1.903206E+00   1.913157E+00   1.923077E+00
   1.932968E+00   1.942833E+00   1.952673E+00   1.962494E+00   1.972297E+00
   1.982087E+00   1.991869E+00   2.001646E+00   2.011425E+00   2.021209E+00
   2.031005E+00   2.040819E+00   2.050656E+00   2.060523E+00   2.070424E+00
   2.080363E+00   2.081177E+00   1.927182E+00   1.927998E+00   1.937947E+00
   1.947863E+00   1.957749E+00   1.967606E+00   1.977437E+00   1.987246E+00
   1.997035E+00   2.006808E+00   2.016570E+00   2.026326E+00   2.036080E+00
   2.045839E+00   2.055609E+00   2.065398E+00   2.075212E+00   2.085059E+00
   2.094944E+00   2.104874E+00   2.105684E+00   1.951969E+00   1.952784E+00
   1.962730E+00   1.972643E+00   1.982522E+00   1.992370E+00   2.002191E+00
   2.011985E+00   2.021757E+00   2.031511E+00   2.041249E+00   2.050978E+00
   2.060703E+00   2.070431E+00   2.080169E+00   2.089926E+00   2.099711E+00
   2.109532E+00   2.119398E+00   2.129315E+00   2.130122E+00   1.976756E+00
   1.977570E+00   1.987514E+00   1.997421E+00   2.007293E+00   2.017132E+00
   2.026939E+00   2.036717E+00   2.046469E+00   2.056198E+00   2.065909E+00
   2.075607E+00   2.085297E+00   2.094988E+00   2.104687E+00   2.114405E+00
   2.124154E+00   2.133943E+00   2.143784E+00   2.153685E+00   2.154486E+00
   2.001548E+00   2.002361E+00   2.012301E+00   2.022203E+00   2.032066E+00
   2.041893E+00   2.051685E+00   2.061445E+00   2.071174E+00   2.080877E+00
   2.090556E+00   2.100217E+00   2.109867E+00   2.119514E+00   2.129167E+00
   2.138838E+00   2.148540E+00   2.158289E+00   2.168098E+00   2.177979E+00
   2.178772E+00   2.026348E+00   2.027161E+00   2.037097E+00   2.046991E+00
   2.056845E+00   2.066659E+00   2.076435E+00   2.086174E+00   2.095879E+00
   2.105551E+00   2.115196E+00   2.124817E+00   2.134421E+00   2.144016E+00
   2.153614E+00   2.163227E+00   2.172873E+00   2.182570E+00   2.192338E+00
   2.202192E+00   2.202976E+00   2.051160E+00   2.051970E+00   2.061902E+00
   2.071790E+00   2.081634E+00   2.091434E+00   2.101193E+00   2.110911E+00
   2.120589E+00   2.130231E+00   2.139838E+00   2.149415E+00   2.158967E+00
   2.168504E+00   2.178036E+00   2.187579E+00   2.197155E+00   2.206787E+00
   2.216501E+00   2.226320E+00   2.227092E+00   2.075985E+00   2.076794E+00
   2.086722E+00   2.096602E+00   2.106436E+00   2.116223E+00   2.125965E+00
   2.135662E+00   2.145314E+00   2.154924E+00   2.164492E+00   2.174021E+00
   2.183518E+00   2.192988E+00   2.202444E+00   2.211904E+00   2.221394E+00
   2.230944E+00   2.240590E+00   2.250362E+00   2.251118E+00   2.100827E+00
   2.101635E+00   2.111559E+00   2.121433E+00   2.131257E+00   2.141032E+00
   2.150758E+00   2.160434E+00   2.170061E+00   2.179639E+00   2.189168E+00
   2.198650E+00   2.208086E+00   2.217485E+00   2.226856E+00   2.236219E+00
   2.245604E+00   2.255053E+00   2.264611E+00   2.274325E+00   2.275059E+00
   2.125691E+00   2.126498E+00   2.136419E+00   2.146287E+00   2.156103E+00
   2.165867E+00   2.175578E+00   2.185236E+00   2.194840E+00   2.204388E+00
   2.213879E+00   2.223313E+00   2.232691E+00   2.242014E+00   2.251294E+00
   2.260548E+00   2.269812E+00   2.279139E+00   2.288591E+00   2.298231E+00
   2.298937E+00   2.150581E+00   2.151387E+00   2.161305E+00   2.171168E+00
   2.180978E+00   2.190733E+00   2.200432E+00   2.210074E+00   2.219657E+00
   2.229179E+00   2.238638E+00   2.248029E+00   2.257350E+00   2.266602E+00
   2.275790E+00   2.284930E+00   2.294063E+00   2.303252E+00   2.312582E+00
   2.322135E+00   2.322807E+00   2.175500E+00   2.176305E+00   2.186221E+00
   2.196081E+00   2.205886E+00   2.215633E+00   2.225323E+00   2.234953E+00
   2.244521E+00   2.254023E+00   2.263455E+00   2.272811E+00   2.282087E+00
   2.291278E+00   2.300384E+00   2.309419E+00   2.318424E+00   2.327477E+00
   2.336682E+00   2.346144E+00   2.346777E+00   2.200450E+00   2.201255E+00
   2.211170E+00   2.221028E+00   2.230829E+00   2.240572E+00   2.250256E+00
   2.259879E+00   2.269437E+00   2.278926E+00   2.288341E+00   2.297675E+00
   2.306920E+00   2.316069E+00   2.325118E+00   2.334077E+00   2.342987E+00
   2.351937E+00   2.361043E+00   2.370427E+00   2.371015E+00   2.208765E+00
   2.212072E+00   2.221986E+00   2.231843E+00   2.241644E+00   2.251386E+00
   2.261068E+00   2.270688E+00   2.280243E+00   2.289727E+00   2.299137E+00
   2.308463E+00   2.317697E+00   2.326830E+00   2.335858E+00   2.344788E+00
   2.353663E+00   2.362573E+00   2.371639E+00   2.380980E+00   2.387332E+00
   2.396551E+00   2.403199E+00   2.413151E+00   2.423074E+00   2.432972E+00
   2.442849E+00   2.452710E+00   2.462559E+00   2.472402E+00   2.482244E+00
   2.492086E+00   2.501931E+00   2.511783E+00   2.521643E+00   2.531514E+00
   2.541399E+00   2.551300E+00   2.561221E+00   2.571162E+00   2.581127E+00
   2.584451E+00   2.413188E+00   2.414008E+00   2.423961E+00   2.433885E+00
   2.443783E+00   2.453660E+00   2.463520E+00   2.473369E+00   2.483212E+00
   2.493052E+00   2.502893E+00   2.512737E+00   2.522587E+00   2.532445E+00
   2.542314E+00   2.552197E+00   2.562097E+00   2.572016E+00   2.581956E+00
   2.591921E+00   2.592748E+00   2.438115E+00   2.438935E+00   2.448889E+00
   2.458814E+00   2.468714E+00   2.478592E+00   2.488453E+00   2.498302E+00
   2.508143E+00   2.517981E+00   2.527818E+00   2.537658E+00   2.547503E+00
   2.557356E+00   2.567220E+00   2.577099E+00   2.586994E+00   2.596910E+00
   2.606848E+00   2.616812E+00   2.617638E+00   2.463005E+00   2.463826E+00
   2.473781E+00   2.483707E+00   2.493607E+00   2.503486E+00   2.513347E+00
   2.523195E+00   2.533033E+00   2.542867E+00   2.552698E+00   2.562530E+00
   2.572368E+00   2.582213E+00   2.592069E+00   2.601940E+00   2.611830E+00
   2.621740E+00   2.631675E+00   2.641637E+00   2.642463E+00   2.487868E+00
   2.488688E+00   2.498643E+00   2.508569E+00   2.518470E+00   2.528348E+00
   2.538207E+00   2.548052E+00   2.557885E+00   2.567711E+00   2.577534E+00
   2.587357E+00   2.597184E+00   2.607018E+00   2.616864E+00   2.626726E+00
   2.636607E+00   2.646510E+00   2.656440E+00   2.666399E+00   2.667224E+00
   2.512707E+00   2.513527E+00   2.523481E+00   2.533407E+00   2.543306E+00
   2.553182E+00   2.563037E+00   2.572876E+00   2.582701E+00   2.592518E+00
   2.602330E+00   2.612140E+00   2.621954E+00   2.631775E+00   2.641608E+00
   2.651457E+00   2.661327E+00   2.671222E+00   2.681145E+00   2.691099E+00
   2.691923E+00   2.537529E+00   2.538348E+00   2.548301E+00   2.558224E+00
   2.568120E+00   2.577991E+00   2.587840E+00   2.597671E+00   2.607486E+00
   2.617291E+00   2.627089E+00   2.636884E+00   2.646682E+00   2.656486E+00
   2.666303E+00   2.676137E+00   2.685992E+00   2.695875E+00   2.705789E+00
   2.715738E+00   2.716560E+00   2.562336E+00   2.563154E+00   2.573105E+00
   2.583025E+00   2.592916E+00   2.602781E+00   2.612622E+00   2.622442E+00
   2.632245E+00   2.642036E+00   2.651817E+00   2.661594E+00   2.671372E+00
   2.681156E+00   2.690951E+00   2.700765E+00   2.710602E+00   2.720469E+00
   2.730372E+00   2.740313E+00   2.741133E+00   2.587132E+00   2.587949E+00
   2.597897E+00   2.607814E+00   2.617699E+00   2.627556E+00   2.637387E+00
   2.647195E+00   2.656984E+00   2.666757E+00   2.676518E+00   2.686273E+00
   2.696026E+00   2.705784E+00   2.715554E+00   2.725342E+00   2.735156E+00
   2.745004E+00   2.754891E+00   2.764823E+00   2.765639E+00   2.611923E+00
   2.612738E+00   2.622684E+00   2.632595E+00   2.642474E+00   2.652322E+00
   2.662142E+00   2.671935E+00   2.681706E+00   2.691459E+00   2.701196E+00
   2.710924E+00   2.720648E+00   2.730375E+00   2.740113E+00   2.749870E+00
   2.759655E+00   2.769477E+00   2.779345E+00   2.789265E+00   2.790077E+00
   2.636713E+00   2.637527E+00   2.647469E+00   2.657375E+00   2.667247E+00
   2.677084E+00   2.686890E+00   2.696667E+00   2.706418E+00   2.716146E+00
   2.725856E+00   2.735552E+00   2.745242E+00   2.754932E+00   2.764631E+00
   2.774349E+00   2.784098E+00   2.793888E+00   2.803731E+00   2.813636E+00
   2.814443E+00   2.661507E+00   2.662319E+00   2.672258E+00   2.682158E+00
   2.692021E+00   2.701847E+00   2.711637E+00   2.721396E+00   2.731124E+00
   2.740825E+00   2.750503E+00   2.760164E+00   2.769813E+00   2.779459E+00
   2.789111E+00   2.798783E+00   2.808487E+00   2.818237E+00   2.828049E+00
   2.837933E+00   2.838734E+00   2.686309E+00   2.687120E+00   2.697055E+00
   2.706948E+00   2.716801E+00   2.726614E+00   2.736388E+00   2.746126E+00
   2.755830E+00   2.765501E+00   2.775145E+00   2.784765E+00   2.794368E+00
   2.803963E+00   2.813560E+00   2.823175E+00   2.832823E+00   2.842524E+00
   2.852296E+00   2.862155E+00   2.862947E+00   2.711122E+00   2.711931E+00
   2.721862E+00   2.731748E+00   2.741591E+00   2.751390E+00   2.761148E+00
   2.770865E+00   2.780542E+00   2.790183E+00   2.799789E+00   2.809365E+00
   2.818917E+00   2.828453E+00   2.837987E+00   2.847533E+00   2.857114E+00
   2.866752E+00   2.876473E+00   2.886299E+00   2.887080E+00   2.735950E+00
   2.736757E+00   2.746683E+00   2.756563E+00   2.766395E+00   2.776182E+00
   2.785923E+00   2.795618E+00   2.805270E+00   2.814878E+00   2.824445E+00
   2.833974E+00   2.843471E+00   2.852942E+00   2.862402E+00   2.871869E+00
   2.881368E+00   2.890930E+00   2.900587E+00   2.910371E+00   2.911135E+00
   2.760795E+00   2.761601E+00   2.771523E+00   2.781396E+00   2.791220E+00
   2.800994E+00   2.810718E+00   2.820394E+00   2.830020E+00   2.839597E+00
   2.849125E+00   2.858606E+00   2.868044E+00   2.877447E+00   2.886825E+00
   2.896201E+00   2.905604E+00   2.915074E+00   2.924654E+00   2.934385E+00
   2.935128E+00   2.785663E+00   2.786467E+00   2.796386E+00   2.806253E+00
   2.816068E+00   2.825831E+00   2.835542E+00   2.845199E+00   2.854802E+00
   2.864349E+00   2.873840E+00   2.883275E+00   2.892656E+00   2.901986E+00
   2.911279E+00   2.920556E+00   2.929852E+00   2.939216E+00   2.948705E+00
   2.958373E+00   2.959088E+00   2.810556E+00   2.811359E+00   2.821275E+00
   2.831138E+00   2.840946E+00   2.850700E+00   2.860399E+00   2.870040E+00
   2.879623E+00   2.889145E+00   2.898603E+00   2.907997E+00   2.917324E+00
   2.926588E+00   2.935797E+00   2.944974E+00   2.954158E+00   2.963410E+00
   2.972800E+00   2.982397E+00   2.983078E+00   2.835479E+00   2.836281E+00
   2.846195E+00   2.856054E+00   2.865857E+00   2.875604E+00   2.885294E+00
   2.894923E+00   2.904491E+00   2.913993E+00   2.923427E+00   2.932787E+00
   2.942071E+00   2.951278E+00   2.960415E+00   2.969504E+00   2.978587E+00
   2.987733E+00   2.997028E+00   3.006555E+00   3.007198E+00   2.860433E+00
   2.861234E+00   2.871147E+00   2.881004E+00   2.890805E+00   2.900548E+00
   2.910232E+00   2.919854E+00   2.929412E+00   2.938902E+00   2.948320E+00
   2.957659E+00   2.966915E+00   2.976084E+00   2.985173E+00   2.994200E+00
   3.003210E+00   3.012280E+00   3.021502E+00   3.030969E+00   3.031568E+00
   2.868754E+00   2.872057E+00   2.881969E+00   2.891826E+00   2.901625E+00
   2.911367E+00   2.921049E+00   2.930670E+00   2.940225E+00   2.949711E+00
   2.959124E+00   2.968456E+00   2.977702E+00   2.986859E+00   2.995928E+00
   3.004930E+00   3.013908E+00   3.022942E+00   3.032128E+00   3.041556E+00
   3.047903E+00
   1031  9.60000000E+03     NSTEP   TIME
  -3.342749E-01  -3.325132E-01  -3.324505E-01  -3.328352E-01  -3.331245E-01
  -3.334637E-01  -3.338649E-01  -3.342470E-01  -3.345090E-01  -3.346656E-01
  -3.345996E-01  -3.343326E-01  -3.339292E-01  -3.332458E-01  -3.324450E-01
  -3.312994E-01  -3.299510E-01  -3.283356E-01  -3.268230E-01  -3.231865E-01
  -3.222958E-01  -3.315426E-01  -3.288466E-01  -3.283457E-01  -3.290850E-01
  -3.295969E-01  -3.299996E-01  -3.303370E-01  -3.304269E-01  -3.304785E-01
  -3.303220E-01  -3.301278E-01  -3.296428E-01  -3.291258E-01  -3.283951E-01
  -3.276895E-01  -3.266773E-01  -3.253862E-01  -3.240263E-01  -3.224582E-01
  -3.192412E-01  -3.195922E-01  -3.317948E-01  -3.292770E-01  -3.285242E-01
  -3.292744E-01  -3.293467E-01  -3.293522E-01  -3.292765E-01  -3.289721E-01
  -3.285050E-01  -3.280659E-01  -3.272659E-01  -3.264440E-01  -3.254214E-01
  -3.242556E-01  -3.228645E-01  -3.213036E-01  -3.194569E-01  -3.173996E-01
  -3.150751E-01  -3.112222E-01  -3.110367E-01  -3.327118E-01  -3.304943E-01
  -3.294194E-01  -3.297753E-01  -3.294681E-01  -3.290954E-01  -3.285132E-01
  -3.279049E-01  -3.269873E-01  -3.260865E-01  -3.249409E-01  -3.236511E-01
  -3.222178E-01  -3.204614E-01  -3.185887E-01  -3.163540E-01  -3.137865E-01
  -3.109389E-01  -3.078285E-01  -3.032671E-01  -3.032571E-01  -3.331298E-01
  -3.304735E-01  -3.287969E-01  -3.287104E-01  -3.281040E-01  -3.272591E-01
  -3.263742E-01  -3.253518E-01  -3.240653E-01  -3.226782E-01  -3.211242E-01
  -3.193149E-01  -3.172610E-01  -3.149461E-01  -3.123389E-01  -3.093712E-01
  -3.060018E-01  -3.023222E-01  -2.982088E-01  -2.927309E-01  -2.926691E-01
  -3.323268E-01  -3.294273E-01  -3.274050E-01  -3.269638E-01  -3.257884E-01
  -3.247035E-01  -3.232895E-01  -3.217297E-01  -3.200784E-01  -3.181997E-01
  -3.159653E-01  -3.135169E-01  -3.107954E-01  -3.076332E-01  -3.041850E-01
  -3.002554E-01  -2.959935E-01  -2.911943E-01  -2.860412E-01  -2.796303E-01
  -2.793944E-01  -3.301172E-01  -3.274694E-01  -3.250508E-01  -3.240408E-01
  -3.225777E-01  -3.208515E-01  -3.190575E-01  -3.169220E-01  -3.146170E-01
  -3.119991E-01  -3.090803E-01  -3.058079E-01  -3.021267E-01  -2.981543E-01
  -2.937243E-01  -2.887341E-01  -2.834106E-01  -2.775509E-01  -2.712964E-01
  -2.639900E-01  -2.635288E-01  -3.265294E-01  -3.246081E-01  -3.216200E-01
  -3.199781E-01  -3.180053E-01  -3.156735E-01  -3.132034E-01  -3.104062E-01
  -3.072442E-01  -3.038277E-01  -2.999642E-01  -2.957650E-01  -2.910965E-01
  -2.860754E-01  -2.805394E-01  -2.745580E-01  -2.681765E-01  -2.613502E-01
  -2.540978E-01  -2.460943E-01  -2.454183E-01  -3.216220E-01  -3.204838E-01
  -3.167684E-01  -3.144562E-01  -3.117081E-01  -3.086962E-01  -3.053975E-01
  -3.017162E-01  -2.976691E-01  -2.932551E-01  -2.884365E-01  -2.831187E-01
  -2.773977E-01  -2.713437E-01  -2.647967E-01  -2.579099E-01  -2.505699E-01
  -2.429073E-01  -2.349300E-01  -2.262730E-01  -2.255095E-01  -3.151648E-01
  -3.146551E-01  -3.102541E-01  -3.070619E-01  -3.035152E-01  -2.995701E-01
  -2.952804E-01  -2.905937E-01  -2.854786E-01  -2.799817E-01  -2.741054E-01
  -2.678529E-01  -2.611595E-01  -2.541246E-01  -2.467633E-01  -2.390470E-01
  -2.310199E-01  -2.226536E-01  -2.140447E-01  -2.049858E-01  -2.041863E-01
  -3.069710E-01  -3.067077E-01  -3.014849E-01  -2.973529E-01  -2.928115E-01
  -2.878053E-01  -2.824392E-01  -2.767183E-01  -2.706447E-01  -2.641255E-01
  -2.572668E-01  -2.501318E-01  -2.426825E-01  -2.349270E-01  -2.268058E-01
  -2.184496E-01  -2.098974E-01  -2.011164E-01  -1.921106E-01  -1.828040E-01
  -1.819753E-01  -2.965318E-01  -2.963034E-01  -2.902254E-01  -2.850679E-01
  -2.793825E-01  -2.733938E-01  -2.670107E-01  -2.602902E-01  -2.532667E-01
  -2.459604E-01  -2.383509E-01  -2.304362E-01  -2.222785E-01  -2.139169E-01
  -2.054089E-01  -1.966788E-01  -1.877699E-01  -1.787354E-01  -1.694429E-01
  -1.598881E-01  -1.590742E-01  -2.834824E-01  -2.832286E-01  -2.762416E-01
  -2.699698E-01  -2.633274E-01  -2.563780E-01  -2.491643E-01  -2.416787E-01
  -2.338714E-01  -2.258257E-01  -2.175598E-01  -2.091576E-01  -2.005874E-01
  -1.918802E-01  -1.830516E-01  -1.740635E-01  -1.649210E-01  -1.556476E-01
  -1.462414E-01  -1.366248E-01  -1.358325E-01  -2.679211E-01  -2.673617E-01
  -2.597216E-01  -2.525609E-01  -2.450537E-01  -2.373460E-01  -2.293187E-01
  -2.210930E-01  -2.127028E-01  -2.042142E-01  -1.955541E-01  -1.868179E-01
  -1.779982E-01  -1.690094E-01  -1.599417E-01  -1.508218E-01  -1.416037E-01
  -1.322799E-01  -1.228448E-01  -1.132158E-01  -1.124601E-01  -2.499161E-01
  -2.491894E-01  -2.410103E-01  -2.330052E-01  -2.247797E-01  -2.163973E-01
  -2.078654E-01  -1.992225E-01  -1.904686E-01  -1.816202E-01  -1.726932E-01
  -1.636671E-01  -1.546164E-01  -1.455261E-01  -1.364057E-01  -1.272585E-01
  -1.180743E-01  -1.087667E-01  -9.932952E-02  -8.972265E-02  -8.900827E-02
  -2.299390E-01  -2.291493E-01  -2.203481E-01  -2.117653E-01  -2.030702E-01
  -1.942461E-01  -1.853520E-01  -1.763924E-01  -1.673141E-01  -1.582130E-01
  -1.490972E-01  -1.399608E-01  -1.308284E-01  -1.217173E-01  -1.125955E-01
  -1.034690E-01  -9.435228E-02  -8.517386E-02  -7.585329E-02  -6.635874E-02
  -6.570771E-02  -2.083102E-01  -2.074777E-01  -1.983976E-01  -1.893925E-01
  -1.803631E-01  -1.712062E-01  -1.619955E-01  -1.527863E-01  -1.435571E-01
  -1.343209E-01  -1.251125E-01  -1.159228E-01  -1.067260E-01  -9.758580E-02
  -8.851619E-02  -7.949559E-02  -7.059233E-02  -6.165911E-02  -5.252797E-02
  -4.340384E-02  -4.291756E-02  -1.856646E-01  -1.848131E-01  -1.754627E-01
  -1.661290E-01  -1.567956E-01  -1.474489E-01  -1.380913E-01  -1.287473E-01
  -1.194366E-01  -1.100915E-01  -1.007878E-01  -9.154829E-02  -8.234484E-02
  -7.321335E-02  -6.419597E-02  -5.533146E-02  -4.686471E-02  -3.837923E-02
  -2.910700E-02  -2.116822E-02  -2.101881E-02  -1.621371E-01  -1.613156E-01
  -1.517516E-01  -1.422605E-01  -1.327647E-01  -1.232974E-01  -1.138334E-01
  -1.043629E-01  -9.494187E-02  -8.555616E-02  -7.620479E-02  -6.693929E-02
  -5.775826E-02  -4.864439E-02  -3.960563E-02  -3.052737E-02  -2.295161E-02
  -1.558996E-02   1.831505E-05   1.555653E-04   1.082282E-04  -1.379019E-01
  -1.371370E-01  -1.274828E-01  -1.179156E-01  -1.083051E-01  -9.872766E-02
  -8.920048E-02  -7.966268E-02  -7.018325E-02  -6.077677E-02  -5.142305E-02
  -4.215727E-02  -3.300131E-02  -2.390425E-02  -1.456136E-02   2.635201E-06
   3.611030E-04   8.061726E-04   1.324421E-03   1.857587E-03   1.494576E-03
  -1.298168E-01  -1.265780E-01  -1.168967E-01  -1.072481E-01  -9.761564E-02
  -8.802957E-02  -7.844623E-02  -6.890453E-02  -5.943665E-02  -5.000449E-02
  -4.065563E-02  -3.140716E-02  -2.227899E-02  -1.334353E-02  -4.907566E-03
   7.335248E-05   4.951691E-04   1.370372E-03   2.241164E-03   3.130929E-03
   3.639874E-03  -3.283620E-01  -3.266259E-01  -3.265632E-01  -3.269478E-01
  -3.272371E-01  -3.275769E-01  -3.279785E-01  -3.283614E-01  -3.286240E-01
  -3.287813E-01  -3.287161E-01  -3.284496E-01  -3.280456E-01  -3.273621E-01
  -3.265604E-01  -3.254133E-01  -3.240630E-01  -3.224457E-01  -3.209304E-01
  -3.172903E-01  -3.164458E-01  -3.256634E-01  -3.230174E-01  -3.225173E-01
  -3.232578E-01  -3.237721E-01  -3.241755E-01  -3.245146E-01  -3.246054E-01
  -3.246580E-01  -3.245017E-01  -3.243070E-01  -3.238218E-01  -3.233027E-01
  -3.225703E-01  -3.218617E-01  -3.208466E-01  -3.195521E-01  -3.181882E-01
  -3.166153E-01  -3.133939E-01  -3.137875E-01  -3.259188E-01  -3.234560E-01
  -3.227046E-01  -3.234563E-01  -3.235306E-01  -3.235361E-01  -3.234610E-01
  -3.231570E-01  -3.226892E-01  -3.222485E-01  -3.214471E-01  -3.206227E-01
  -3.195979E-01  -3.184288E-01  -3.170342E-01  -3.154691E-01  -3.136181E-01
  -3.115552E-01  -3.092252E-01  -3.053664E-01  -3.052224E-01  -3.268366E-01
  -3.246776E-01  -3.236033E-01  -3.239602E-01  -3.236533E-01  -3.232798E-01
  -3.226973E-01  -3.220873E-01  -3.211681E-01  -3.202646E-01  -3.191161E-01
  -3.178229E-01  -3.163854E-01  -3.146250E-01  -3.127470E-01  -3.105072E-01
  -3.079340E-01  -3.050803E-01  -3.019628E-01  -2.973954E-01  -2.974230E-01
  -3.272565E-01  -3.246590E-01  -3.229818E-01  -3.228949E-01  -3.222871E-01
  -3.214401E-01  -3.205538E-01  -3.195283E-01  -3.182387E-01  -3.168482E-01
  -3.152900E-01  -3.134759E-01  -3.114170E-01  -3.090968E-01  -3.064834E-01
  -3.035091E-01  -3.001331E-01  -2.964466E-01  -2.923251E-01  -2.868411E-01
  -2.868124E-01  -3.264537E-01  -3.236113E-01  -3.215872E-01  -3.211440E-01
  -3.199662E-01  -3.188784E-01  -3.174612E-01  -3.158974E-01  -3.142419E-01
  -3.123580E-01  -3.101187E-01  -3.076643E-01  -3.049363E-01  -3.017681E-01
  -2.983130E-01  -2.943760E-01  -2.901067E-01  -2.852999E-01  -2.801390E-01
  -2.737225E-01  -2.735149E-01  -3.242418E-01  -3.216484E-01  -3.192272E-01
  -3.182145E-01  -3.167474E-01  -3.150171E-01  -3.132184E-01  -3.110781E-01
  -3.087674E-01  -3.061436E-01  -3.032182E-01  -2.999393E-01  -2.962512E-01
  -2.922710E-01  -2.878337E-01  -2.828359E-01  -2.775050E-01  -2.716381E-01
  -2.653762E-01  -2.580647E-01  -2.576270E-01  -3.206490E-01  -3.187786E-01
  -3.157872E-01  -3.141412E-01  -3.121634E-01  -3.098268E-01  -3.073508E-01
  -3.045470E-01  -3.013789E-01  -2.979556E-01  -2.940848E-01  -2.898779E-01
  -2.852022E-01  -2.801734E-01  -2.746299E-01  -2.686415E-01  -2.622530E-01
  -2.554199E-01  -2.481613E-01  -2.401534E-01  -2.394963E-01  -3.157338E-01
  -3.146434E-01  -3.109243E-01  -3.086065E-01  -3.058526E-01  -3.028339E-01
  -2.995282E-01  -2.958400E-01  -2.917858E-01  -2.873648E-01  -2.825381E-01
  -2.772131E-01  -2.714849E-01  -2.654233E-01  -2.588695E-01  -2.519764E-01
  -2.446304E-01  -2.369621E-01  -2.289795E-01  -2.203193E-01  -2.195710E-01
  -3.092665E-01  -3.088003E-01  -3.043951E-01  -3.011959E-01  -2.976424E-01
  -2.936903E-01  -2.893933E-01  -2.846994E-01  -2.795771E-01  -2.740728E-01
  -2.681890E-01  -2.619291E-01  -2.552294E-01  -2.481880E-01  -2.408207E-01
  -2.330989E-01  -2.250671E-01  -2.166961E-01  -2.080829E-01  -1.990211E-01
  -1.982333E-01  -3.010605E-01  -3.008365E-01  -2.956086E-01  -2.914697E-01
  -2.869206E-01  -2.819072E-01  -2.765336E-01  -2.708055E-01  -2.647246E-01
  -2.581987E-01  -2.513337E-01  -2.441927E-01  -2.367372E-01  -2.289765E-01
  -2.208505E-01  -2.124898E-01  -2.039334E-01  -1.951484E-01  -1.861393E-01
  -1.768302E-01  -1.760104E-01  -2.906082E-01  -2.904142E-01  -2.843308E-01
  -2.791658E-01  -2.734733E-01  -2.674774E-01  -2.610876E-01  -2.543605E-01
  -2.473307E-01  -2.400181E-01  -2.324033E-01  -2.244839E-01  -2.163212E-01
  -2.079552E-01  -1.994427E-01  -1.907090E-01  -1.817967E-01  -1.727590E-01
  -1.634638E-01  -1.539074E-01  -1.531002E-01  -2.775460E-01  -2.773206E-01
  -2.703291E-01  -2.640501E-01  -2.574012E-01  -2.504455E-01  -2.432255E-01
  -2.357340E-01  -2.279215E-01  -2.198712E-01  -2.116006E-01  -2.031940E-01
  -1.946199E-01  -1.859088E-01  -1.770767E-01  -1.680858E-01  -1.589405E-01
  -1.496646E-01  -1.402563E-01  -1.306384E-01  -1.298508E-01  -2.619724E-01
  -2.614370E-01  -2.537922E-01  -2.466251E-01  -2.391121E-01  -2.313989E-01
  -2.233672E-01  -2.151364E-01  -2.067419E-01  -1.982490E-01  -1.895851E-01
  -1.808451E-01  -1.720222E-01  -1.630304E-01  -1.539601E-01  -1.448377E-01
  -1.356174E-01  -1.262917E-01  -1.168549E-01  -1.072249E-01  -1.064725E-01
  -2.439568E-01  -2.432496E-01  -2.350660E-01  -2.270562E-01  -2.188259E-01
  -2.104389E-01  -2.019027E-01  -1.932557E-01  -1.844979E-01  -1.756462E-01
  -1.667160E-01  -1.576870E-01  -1.486336E-01  -1.395409E-01  -1.304185E-01
  -1.212694E-01  -1.120836E-01  -1.027745E-01  -9.333605E-02  -8.372849E-02
  -8.301610E-02  -2.239712E-01  -2.231967E-01  -2.143922E-01  -2.058050E-01
  -1.971057E-01  -1.882779E-01  -1.793802E-01  -1.704176E-01  -1.613360E-01
  -1.522320E-01  -1.431136E-01  -1.339749E-01  -1.248403E-01  -1.157273E-01
  -1.066039E-01  -9.747604E-02  -8.835818E-02  -7.917875E-02  -6.985733E-02
  -6.036234E-02  -5.971232E-02  -2.023349E-01  -2.015145E-01  -1.924312E-01
  -1.834227E-01  -1.743897E-01  -1.652300E-01  -1.560164E-01  -1.468044E-01
  -1.375727E-01  -1.283342E-01  -1.191237E-01  -1.099322E-01  -1.007338E-01
  -9.159215E-02  -8.252144E-02  -7.349996E-02  -6.459598E-02  -5.566198E-02
  -4.653046E-02  -3.740620E-02  -3.692025E-02  -1.796832E-01  -1.788409E-01
  -1.694883E-01  -1.601516E-01  -1.508153E-01  -1.414661E-01  -1.321061E-01
  -1.227599E-01  -1.134472E-01  -1.041003E-01  -9.479502E-02  -8.555408E-02
  -7.634948E-02  -6.721698E-02  -5.819874E-02  -4.933379E-02  -4.086691E-02
  -3.237856E-02  -2.310777E-02  -1.517022E-02  -1.502054E-02  -1.561509E-01
  -1.553362E-01  -1.457701E-01  -1.362766E-01  -1.267786E-01  -1.173091E-01
  -1.078433E-01  -9.837102E-02  -8.894845E-02  -7.956140E-02  -7.020885E-02
  -6.094237E-02  -5.176052E-02  -4.264586E-02  -3.360415E-02  -2.452682E-02
  -1.698959E-02  -9.608116E-03   5.719452E-03   6.092963E-03   6.012367E-03
  -1.319126E-01  -1.311529E-01  -1.214970E-01  -1.119278E-01  -1.023154E-01
  -9.273628E-02  -8.320756E-02  -7.366836E-02  -6.418768E-02  -5.478013E-02
  -4.542554E-02  -3.615903E-02  -2.700243E-02  -1.790483E-02  -8.561599E-03
   5.778851E-03   6.312959E-03   6.864364E-03   7.494554E-03   8.119492E-03
   7.723168E-03  -1.238315E-01  -1.205971E-01  -1.109140E-01  -1.012629E-01
  -9.162808E-02  -8.203990E-02  -7.245461E-02  -6.291116E-02  -5.344178E-02
  -4.400829E-02  -3.465833E-02  -2.540892E-02  -1.627998E-02  -7.343779E-03
   1.092290E-03   6.164563E-03   6.664697E-03   7.592896E-03   8.520020E-03
   9.485221E-03   1.007757E-02  -3.173230E-01  -3.156700E-01  -3.156028E-01
  -3.159860E-01  -3.162755E-01  -3.166200E-01  -3.170254E-01  -3.174166E-01
  -3.176859E-01  -3.178511E-01  -3.177935E-01  -3.175320E-01  -3.171238E-01
  -3.164382E-01  -3.156285E-01  -3.144674E-01  -3.130997E-01  -3.114643E-01
  -3.099243E-01  -3.062593E-01  -3.055656E-01  -3.147195E-01  -3.122437E-01
  -3.117475E-01  -3.124963E-01  -3.130299E-01  -3.134396E-01  -3.137924E-01
  -3.138911E-01  -3.139518E-01  -3.137982E-01  -3.136015E-01  -3.131150E-01
  -3.125811E-01  -3.118370E-01  -3.111070E-01  -3.100712E-01  -3.087513E-01
  -3.073588E-01  -3.057508E-01  -3.025018E-01  -3.030372E-01  -3.149790E-01
  -3.127107E-01  -3.119631E-01  -3.127261E-01  -3.128172E-01  -3.128250E-01
  -3.127559E-01  -3.124559E-01  -3.119851E-01  -3.115333E-01  -3.107233E-01
  -3.098820E-01  -3.088416E-01  -3.076498E-01  -3.062301E-01  -3.046351E-01
  -3.027543E-01  -3.006517E-01  -2.982832E-01  -2.943861E-01  -2.943822E-01
  -3.159067E-01  -3.139663E-01  -3.128900E-01  -3.132555E-01  -3.129533E-01
  -3.125748E-01  -3.119917E-01  -3.113703E-01  -3.104408E-01  -3.095174E-01
  -3.083491E-01  -3.070312E-01  -3.055643E-01  -3.037748E-01  -3.018591E-01
  -2.995838E-01  -2.969690E-01  -2.940729E-01  -2.909050E-01  -2.862981E-01
  -2.864537E-01  -3.163491E-01  -3.139677E-01  -3.122811E-01  -3.121915E-01
  -3.115753E-01  -3.107135E-01  -3.098184E-01  -3.087706E-01  -3.074588E-01
  -3.060443E-01  -3.044564E-01  -3.026079E-01  -3.005140E-01  -2.981554E-01
  -2.954975E-01  -2.924763E-01  -2.890541E-01  -2.853181E-01  -2.811406E-01
  -2.756158E-01  -2.757008E-01  -3.155534E-01  -3.129127E-01  -3.108696E-01
  -3.104114E-01  -3.092176E-01  -3.081091E-01  -3.066686E-01  -3.050765E-01
  -3.033913E-01  -3.014705E-01  -2.991964E-01  -2.966994E-01  -2.939250E-01
  -2.907134E-01  -2.872097E-01  -2.832208E-01  -2.788992E-01  -2.740392E-01
  -2.688237E-01  -2.623694E-01  -2.622597E-01  -3.133241E-01  -3.109151E-01
  -3.084693E-01  -3.074365E-01  -3.059412E-01  -3.041816E-01  -3.023500E-01
  -3.001750E-01  -2.978237E-01  -2.951576E-01  -2.921858E-01  -2.888604E-01
  -2.851230E-01  -2.810881E-01  -2.765987E-01  -2.715484E-01  -2.661643E-01
  -2.602469E-01  -2.539338E-01  -2.465883E-01  -2.462317E-01  -3.096891E-01
  -3.079849E-01  -3.049635E-01  -3.032882E-01  -3.012752E-01  -2.989039E-01
  -2.963855E-01  -2.935353E-01  -2.903238E-01  -2.868520E-01  -2.829298E-01
  -2.786683E-01  -2.739413E-01  -2.688580E-01  -2.632623E-01  -2.572244E-01
  -2.507867E-01  -2.439059E-01  -2.366044E-01  -2.285657E-01  -2.279740E-01
  -3.047063E-01  -3.037717E-01  -3.000213E-01  -2.976623E-01  -2.948668E-01
  -2.918002E-01  -2.884448E-01  -2.847073E-01  -2.806033E-01  -2.761321E-01
  -2.712490E-01  -2.658728E-01  -2.600938E-01  -2.539790E-01  -2.473774E-01
  -2.404396E-01  -2.330516E-01  -2.253428E-01  -2.173237E-01  -2.086415E-01
  -2.079454E-01  -2.981502E-01  -2.978256E-01  -2.933855E-01  -2.901362E-01
  -2.865342E-01  -2.825328E-01  -2.781839E-01  -2.734393E-01  -2.682661E-01
  -2.627091E-01  -2.567726E-01  -2.504607E-01  -2.437170E-01  -2.366300E-01
  -2.292203E-01  -2.214591E-01  -2.133949E-01  -2.049905E-01  -1.963470E-01
  -1.872648E-01  -1.865167E-01  -2.898366E-01  -2.897452E-01  -2.844766E-01
  -2.802876E-01  -2.756845E-01  -2.706203E-01  -2.651940E-01  -2.594152E-01
  -2.532830E-01  -2.467092E-01  -2.398000E-01  -2.326170E-01  -2.251175E-01
  -2.173201E-01  -2.091607E-01  -2.007682E-01  -1.921813E-01  -1.833685E-01
  -1.743353E-01  -1.650088E-01  -1.642191E-01  -2.792704E-01  -2.791949E-01
  -2.730700E-01  -2.678514E-01  -2.621087E-01  -2.560619E-01  -2.496250E-01
  -2.428508E-01  -2.357771E-01  -2.284205E-01  -2.207675E-01  -2.128154E-01
  -2.046174E-01  -1.962192E-01  -1.876760E-01  -1.789159E-01  -1.699795E-01
  -1.609185E-01  -1.516048E-01  -1.420365E-01  -1.412514E-01  -2.660983E-01
  -2.659680E-01  -2.589423E-01  -2.526111E-01  -2.459167E-01  -2.389164E-01
  -2.316523E-01  -2.241192E-01  -2.162708E-01  -2.081873E-01  -1.998829E-01
  -1.914450E-01  -1.828430E-01  -1.741046E-01  -1.652477E-01  -1.562369E-01
  -1.470711E-01  -1.377774E-01  -1.283536E-01  -1.187263E-01  -1.179540E-01
  -2.504185E-01  -2.499661E-01  -2.422865E-01  -2.350741E-01  -2.275197E-01
  -2.197676E-01  -2.117046E-01  -2.034385E-01  -1.950129E-01  -1.864888E-01
  -1.777980E-01  -1.690317E-01  -1.601856E-01  -1.511718E-01  -1.420824E-01
  -1.329419E-01  -1.237063E-01  -1.143669E-01  -1.049179E-01  -9.528100E-02
  -9.453865E-02  -2.323108E-01  -2.316720E-01  -2.234549E-01  -2.154123E-01
  -2.071475E-01  -1.987278E-01  -1.901607E-01  -1.814845E-01  -1.726993E-01
  -1.638238E-01  -1.548714E-01  -1.458213E-01  -1.367483E-01  -1.276386E-01
  -1.185008E-01  -1.093380E-01  -1.001406E-01  -9.082111E-02  -8.137358E-02
  -7.176104E-02  -7.105451E-02  -2.122514E-01  -2.115286E-01  -2.026991E-01
  -1.940807E-01  -1.853519E-01  -1.764969E-01  -1.675739E-01  -1.585895E-01
  -1.494851E-01  -1.403599E-01  -1.312229E-01  -1.220673E-01  -1.129171E-01
  -1.037905E-01  -9.465590E-02  -8.551795E-02  -7.639146E-02  -6.720462E-02
  -5.787685E-02  -4.837852E-02  -4.773125E-02  -1.905495E-01  -1.897709E-01
  -1.806641E-01  -1.716307E-01  -1.625724E-01  -1.533923E-01  -1.441581E-01
  -1.349265E-01  -1.256765E-01  -1.164218E-01  -1.071962E-01  -9.799172E-02
  -8.878172E-02  -7.963011E-02  -7.055136E-02  -6.152303E-02  -5.261313E-02
  -4.367366E-02  -3.453864E-02  -2.541263E-02  -2.492736E-02  -1.678437E-01
  -1.670330E-01  -1.576642E-01  -1.483064E-01  -1.389490E-01  -1.295813E-01
  -1.202044E-01  -1.108424E-01  -1.015158E-01  -9.215604E-02  -8.283941E-02
  -7.358872E-02  -6.437601E-02  -5.523657E-02  -4.621261E-02  -3.734359E-02
  -2.887376E-02  -2.037781E-02  -1.111321E-02  -3.172713E-03  -3.022654E-03
  -1.442697E-01  -1.434767E-01  -1.338958E-01  -1.243848E-01  -1.148707E-01
  -1.053863E-01  -9.590716E-02  -8.642260E-02  -7.698903E-02  -6.759269E-02
  -5.823200E-02  -4.895877E-02  -3.977144E-02  -3.065203E-02  -2.160288E-02
  -1.252779E-02  -5.042386E-03   2.368781E-03   1.719402E-02   1.797950E-02
   1.784898E-02  -1.200059E-01  -1.192605E-01  -1.095918E-01  -1.000084E-01
  -9.038250E-02  -8.079105E-02  -7.125152E-02  -6.170251E-02  -5.221329E-02
  -4.279856E-02  -3.343817E-02  -2.416695E-02  -1.500650E-02  -5.906028E-03
   3.438572E-03   1.738271E-02   1.822451E-02   1.897163E-02   1.980647E-02
   2.063465E-02   2.017591E-02  -1.119311E-01  -1.087066E-01  -9.901186E-02
  -8.934496E-02  -7.969565E-02  -7.009458E-02  -6.049754E-02  -5.094379E-02
  -4.146568E-02  -3.202475E-02  -2.266887E-02  -1.341476E-02  -4.282395E-03
   4.656067E-03   1.309268E-02   1.831708E-02   1.899492E-02   2.002937E-02
   2.106923E-02   2.218393E-02   2.293769E-02  -3.026166E-01  -3.010936E-01
  -3.010108E-01  -3.013889E-01  -3.016795E-01  -3.020380E-01  -3.024580E-01
  -3.028759E-01  -3.031694E-01  -3.033607E-01  -3.033286E-01  -3.030827E-01
  -3.026614E-01  -3.019674E-01  -3.011291E-01  -2.999220E-01  -2.984944E-01
  -2.967955E-01  -2.951715E-01  -2.914264E-01  -2.909754E-01  -3.001501E-01
  -2.979655E-01  -2.974803E-01  -2.982542E-01  -2.988463E-01  -2.992799E-01
  -2.996759E-01  -2.998012E-01  -2.998865E-01  -2.997422E-01  -2.995395E-01
  -2.990482E-01  -2.984690E-01  -2.976878E-01  -2.968909E-01  -2.957910E-01
  -2.943900E-01  -2.929063E-01  -2.911881E-01  -2.878536E-01  -2.886207E-01
  -3.004103E-01  -2.985012E-01  -2.977620E-01  -2.985602E-01  -2.987037E-01
  -2.987214E-01  -2.986717E-01  -2.983848E-01  -2.979056E-01  -2.974213E-01
  -2.965837E-01  -2.956892E-01  -2.945992E-01  -2.933369E-01  -2.918380E-01
  -2.901485E-01  -2.881736E-01  -2.859476E-01  -2.834579E-01  -2.794437E-01
  -2.796772E-01  -3.013734E-01  -2.998636E-01  -2.987797E-01  -2.991707E-01
  -2.988841E-01  -2.984914E-01  -2.979060E-01  -2.972482E-01  -2.962876E-01
  -2.953027E-01  -2.940719E-01  -2.926753E-01  -2.911176E-01  -2.892364E-01
  -2.872029E-01  -2.848149E-01  -2.820696E-01  -2.790395E-01  -2.757161E-01
  -2.709881E-01  -2.713605E-01  -3.018921E-01  -2.999299E-01  -2.982129E-01
  -2.981138E-01  -2.974718E-01  -2.965657E-01  -2.956393E-01  -2.945240E-01
  -2.931420E-01  -2.916506E-01  -2.899693E-01  -2.880139E-01  -2.858088E-01
  -2.833301E-01  -2.805321E-01  -2.773653E-01  -2.737990E-01  -2.699088E-01
  -2.655596E-01  -2.599094E-01  -2.601875E-01  -3.011199E-01  -2.988538E-01
  -2.967469E-01  -2.962423E-01  -2.949982E-01  -2.938246E-01  -2.923116E-01
  -2.906308E-01  -2.888517E-01  -2.868152E-01  -2.844312E-01  -2.818008E-01
  -2.788824E-01  -2.755338E-01  -2.718780E-01  -2.677291E-01  -2.632458E-01
  -2.582218E-01  -2.528388E-01  -2.462689E-01  -2.463246E-01  -2.988334E-01
  -2.967476E-01  -2.942225E-01  -2.931236E-01  -2.915400E-01  -2.896900E-01
  -2.877534E-01  -2.854692E-01  -2.829907E-01  -2.801914E-01  -2.770756E-01
  -2.736051E-01  -2.697142E-01  -2.655099E-01  -2.608603E-01  -2.556488E-01
  -2.501010E-01  -2.440291E-01  -2.375593E-01  -2.301100E-01  -2.298889E-01
  -2.950567E-01  -2.936271E-01  -2.905092E-01  -2.887405E-01  -2.866170E-01
  -2.841365E-01  -2.814839E-01  -2.784909E-01  -2.751421E-01  -2.715199E-01
  -2.674381E-01  -2.630085E-01  -2.581235E-01  -2.528722E-01  -2.471169E-01
  -2.409272E-01  -2.343393E-01  -2.273135E-01  -2.198817E-01  -2.117492E-01
  -2.112656E-01  -2.898462E-01  -2.891680E-01  -2.853165E-01  -2.828268E-01
  -2.799011E-01  -2.766860E-01  -2.731767E-01  -2.692857E-01  -2.650263E-01
  -2.603993E-01  -2.553445E-01  -2.498105E-01  -2.438758E-01  -2.375996E-01
  -2.308521E-01  -2.237776E-01  -2.162624E-01  -2.084317E-01  -2.003017E-01
  -1.915524E-01  -1.909402E-01  -2.829921E-01  -2.828996E-01  -2.783468E-01
  -2.749410E-01  -2.711889E-01  -2.670331E-01  -2.625247E-01  -2.576224E-01
  -2.522918E-01  -2.465743E-01  -2.404773E-01  -2.340079E-01  -2.271291E-01
  -2.199041E-01  -2.123661E-01  -2.044865E-01  -1.963240E-01  -1.878190E-01
  -1.790842E-01  -1.699407E-01  -1.692535E-01  -2.743221E-01  -2.744546E-01
  -2.690585E-01  -2.647126E-01  -2.599431E-01  -2.547217E-01  -2.491340E-01
  -2.431994E-01  -2.369108E-01  -2.301917E-01  -2.231475E-01  -2.158363E-01
  -2.082050E-01  -2.002965E-01  -1.920367E-01  -1.835487E-01  -1.748705E-01
  -1.659752E-01  -1.568703E-01  -1.474918E-01  -1.467461E-01  -2.633776E-01
  -2.635064E-01  -2.572532E-01  -2.518687E-01  -2.459724E-01  -2.397698E-01
  -2.331885E-01  -2.262707E-01  -2.190641E-01  -2.115748E-01  -2.038059E-01
  -1.957547E-01  -1.874510E-01  -1.789570E-01  -1.703220E-01  -1.614835E-01
  -1.524754E-01  -1.433461E-01  -1.339777E-01  -1.243736E-01  -1.236189E-01
  -2.498436E-01  -2.498702E-01  -2.427377E-01  -2.362472E-01  -2.294137E-01
  -2.222775E-01  -2.148793E-01  -2.072204E-01  -1.992636E-01  -1.910794E-01
  -1.826744E-01  -1.741432E-01  -1.654575E-01  -1.566386E-01  -1.477088E-01
  -1.386393E-01  -1.294140E-01  -1.200687E-01  -1.105999E-01  -1.009447E-01
  -1.001918E-01  -2.338159E-01  -2.335051E-01  -2.257187E-01  -2.183686E-01
  -2.106886E-01  -2.028190E-01  -1.946604E-01  -1.862885E-01  -1.777693E-01
  -1.691526E-01  -1.603820E-01  -1.515378E-01  -1.426230E-01  -1.335459E-01
  -1.244007E-01  -1.152086E-01  -1.059292E-01  -9.655081E-02  -8.706739E-02
  -7.741041E-02  -7.667932E-02  -2.154083E-01  -2.148865E-01  -2.065674E-01
  -1.984241E-01  -1.900563E-01  -1.815376E-01  -1.728784E-01  -1.641150E-01
  -1.552487E-01  -1.463026E-01  -1.372850E-01  -1.281736E-01  -1.190442E-01
  -1.098858E-01  -1.007047E-01  -9.150358E-02  -8.227378E-02  -7.292589E-02
  -6.345391E-02  -5.382758E-02  -5.312628E-02  -1.951085E-01  -1.944691E-01
  -1.855631E-01  -1.768503E-01  -1.680331E-01  -1.590976E-01  -1.500994E-01
  -1.410503E-01  -1.318793E-01  -1.226928E-01  -1.135022E-01  -1.042986E-01
  -9.510474E-02  -8.594074E-02  -7.677517E-02  -6.761016E-02  -5.846079E-02
  -4.925482E-02  -3.991134E-02  -3.040467E-02  -2.975886E-02  -1.731947E-01
  -1.724833E-01  -1.633063E-01  -1.541980E-01  -1.450651E-01  -1.358244E-01
  -1.265296E-01  -1.172411E-01  -1.079390E-01  -9.863816E-02  -8.937050E-02
  -8.013063E-02  -7.088938E-02  -6.171147E-02  -5.261177E-02  -4.356600E-02
  -3.464170E-02  -2.569015E-02  -1.654803E-02  -7.418469E-03  -6.932948E-03
  -1.503152E-01  -1.495533E-01  -1.401355E-01  -1.307152E-01  -1.212966E-01
  -1.118755E-01  -1.024500E-01  -9.304347E-02  -8.367804E-02  -7.428333E-02
  -6.493641E-02  -5.566042E-02  -4.642714E-02  -3.727083E-02  -2.823363E-02
  -1.935526E-02  -1.087997E-02  -2.377452E-03   6.877201E-03   1.482485E-02
   1.497535E-02  -1.266081E-01  -1.258444E-01  -1.162200E-01  -1.066581E-01
  -9.709785E-02  -8.757133E-02  -7.805540E-02  -6.853750E-02  -5.907496E-02
  -4.965481E-02  -4.027410E-02  -3.098520E-02  -2.178576E-02  -1.265762E-02
  -3.602758E-03   5.469291E-03   1.292250E-02   2.034349E-02   3.453378E-02
   3.584192E-02   3.565857E-02  -1.022620E-01  -1.015299E-01  -9.182450E-02
  -8.220064E-02  -7.253707E-02  -6.291202E-02  -5.334371E-02  -4.376953E-02
  -3.425934E-02  -2.482803E-02  -1.545520E-02  -6.174991E-03   2.990775E-03
   1.209277E-02   2.143514E-02   3.487928E-02   3.611820E-02   3.712578E-02
   3.826189E-02   3.938612E-02   3.884414E-02  -9.417525E-02  -9.095372E-02
  -8.122752E-02  -7.151911E-02  -6.183261E-02  -5.219933E-02  -4.257409E-02
  -3.299677E-02  -2.349989E-02  -1.404439E-02  -4.678179E-03   4.581672E-03
   1.371608E-02   2.265586E-02   3.109458E-02   3.653015E-02   3.746888E-02
   3.866322E-02   3.987216E-02   4.120778E-02   4.219218E-02  -2.859078E-01
  -2.845107E-01  -2.844008E-01  -2.847643E-01  -2.850607E-01  -2.854415E-01
  -2.858997E-01  -2.863704E-01  -2.867270E-01  -2.869730E-01  -2.869968E-01
  -2.867780E-01  -2.863328E-01  -2.856124E-01  -2.847022E-01  -2.833951E-01
  -2.818275E-01  -2.799722E-01  -2.781479E-01  -2.742221E-01  -2.740350E-01
  -2.835556E-01  -2.817249E-01  -2.812670E-01  -2.820910E-01  -2.828010E-01
  -2.833043E-01  -2.837916E-01  -2.839833E-01  -2.841170E-01  -2.839927E-01
  -2.837770E-01  -2.832679E-01  -2.825946E-01  -2.817271E-01  -2.807822E-01
  -2.795400E-01  -2.779520E-01  -2.762596E-01  -2.742952E-01  -2.707649E-01
  -2.717896E-01  -2.838081E-01  -2.823952E-01  -2.816730E-01  -2.825480E-01
  -2.828016E-01  -2.828511E-01  -2.828437E-01  -2.825825E-01  -2.820876E-01
  -2.815364E-01  -2.806335E-01  -2.796197E-01  -2.784117E-01  -2.769936E-01
  -2.753139E-01  -2.734074E-01  -2.712180E-01  -2.687206E-01  -2.659551E-01
  -2.616876E-01  -2.621997E-01  -2.848587E-01  -2.839908E-01  -2.828958E-01
  -2.833367E-01  -2.830851E-01  -2.826655E-01  -2.820697E-01  -2.813273E-01
  -2.802976E-01  -2.791768E-01  -2.778044E-01  -2.762271E-01  -2.744719E-01
  -2.723810E-01  -2.700864E-01  -2.674392E-01  -2.644010E-01  -2.610678E-01
  -2.574062E-01  -2.524131E-01  -2.530366E-01  -2.855429E-01  -2.842023E-01
  -2.824256E-01  -2.822990E-01  -2.816007E-01  -2.806035E-01  -2.795879E-01
  -2.783307E-01  -2.767884E-01  -2.751182E-01  -2.732265E-01  -2.710351E-01
  -2.685749E-01  -2.658278E-01  -2.627144E-01  -2.592290E-01  -2.553421E-01
  -2.511111E-01  -2.463977E-01  -2.404743E-01  -2.409700E-01  -2.848135E-01
  -2.830791E-01  -2.808264E-01  -2.802204E-01  -2.788630E-01  -2.775407E-01
  -2.758670E-01  -2.739871E-01  -2.719944E-01  -2.697004E-01  -2.670650E-01
  -2.641370E-01  -2.609032E-01  -2.572432E-01  -2.532494E-01  -2.487549E-01
  -2.439209E-01  -2.385468E-01  -2.328048E-01  -2.259864E-01  -2.262234E-01
  -2.823926E-01  -2.807293E-01  -2.780296E-01  -2.767698E-01  -2.749894E-01
  -2.729411E-01  -2.707649E-01  -2.682317E-01  -2.654702E-01  -2.623700E-01
  -2.589404E-01  -2.551466E-01  -2.509177E-01  -2.463463E-01  -2.413532E-01
  -2.357971E-01  -2.298987E-01  -2.234990E-01  -2.166990E-01  -2.090299E-01
  -2.089508E-01  -2.782833E-01  -2.771777E-01  -2.738461E-01  -2.718634E-01
  -2.694927E-01  -2.667625E-01  -2.638065E-01  -2.605054E-01  -2.568450E-01
  -2.528912E-01  -2.484629E-01  -2.436726E-01  -2.384459E-01  -2.328340E-01
  -2.267429E-01  -2.202298E-01  -2.133247E-01  -2.059987E-01  -1.982970E-01
  -1.899681E-01  -1.895958E-01  -2.725422E-01  -2.721585E-01  -2.680824E-01
  -2.652983E-01  -2.620796E-01  -2.585409E-01  -2.546975E-01  -2.504684E-01
  -2.458647E-01  -2.408971E-01  -2.354833E-01  -2.296098E-01  -2.233439E-01
  -2.167328E-01  -2.096800E-01  -2.023170E-01  -1.945404E-01  -1.864597E-01
  -1.781016E-01  -1.692127E-01  -1.686794E-01  -2.650030E-01  -2.651751E-01
  -2.603660E-01  -2.566178E-01  -2.525390E-01  -2.480403E-01  -2.431882E-01
  -2.379409E-01  -2.322707E-01  -2.262145E-01  -2.197822E-01  -2.129879E-01
  -2.058226E-01  -1.983132E-01  -1.905118E-01  -1.823912E-01  -1.740263E-01
  -1.653178E-01  -1.563975E-01  -1.471306E-01  -1.464922E-01  -2.555310E-01
  -2.559208E-01  -2.502497E-01  -2.455563E-01  -2.404299E-01  -2.348689E-01
  -2.289381E-01  -2.226719E-01  -2.160553E-01  -2.090337E-01  -2.017078E-01
  -1.941274E-01  -1.862302E-01  -1.780919E-01  -1.696315E-01  -1.609497E-01
  -1.520893E-01  -1.430311E-01  -1.337846E-01  -1.243033E-01  -1.235882E-01
  -2.437370E-01  -2.441039E-01  -2.375792E-01  -2.318372E-01  -2.256150E-01
  -2.190833E-01  -2.121962E-01  -2.049787E-01  -1.974970E-01  -1.897368E-01
  -1.817283E-01  -1.734744E-01  -1.649584E-01  -1.562727E-01  -1.474564E-01
  -1.384624E-01  -1.293143E-01  -1.200534E-01  -1.105800E-01  -1.009046E-01
  -1.001665E-01  -2.294023E-01  -2.295942E-01  -2.222328E-01  -2.154108E-01
  -2.082827E-01  -2.008632E-01  -1.931875E-01  -1.852692E-01  -1.770912E-01
  -1.687006E-01  -1.600951E-01  -1.513786E-01  -1.425256E-01  -1.335511E-01
  -1.244808E-01  -1.152974E-01  -1.059604E-01  -9.651883E-02  -8.696686E-02
  -7.725824E-02  -7.651170E-02  -2.126142E-01  -2.124595E-01  -2.044506E-01
  -1.968166E-01  -1.888767E-01  -1.807653E-01  -1.724086E-01  -1.638248E-01
  -1.551161E-01  -1.463166E-01  -1.373882E-01  -1.283925E-01  -1.193443E-01
  -1.101493E-01  -1.008999E-01  -9.161340E-02  -8.225436E-02  -7.280681E-02
  -6.326390E-02  -5.357083E-02  -5.284055E-02  -1.935623E-01  -1.931667E-01
  -1.846393E-01  -1.762851E-01  -1.677092E-01  -1.589891E-01  -1.501471E-01
  -1.412114E-01  -1.321866E-01  -1.231025E-01  -1.139603E-01  -1.047332E-01
  -9.549994E-02  -8.625323E-02  -7.699501E-02  -6.772773E-02  -5.844335E-02
  -4.904904E-02  -3.953900E-02  -2.989081E-02  -2.918776E-02  -1.727461E-01
  -1.721874E-01  -1.631239E-01  -1.542201E-01  -1.452263E-01  -1.361319E-01
  -1.269860E-01  -1.178104E-01  -1.085130E-01  -9.921280E-02  -8.992386E-02
  -8.063394E-02  -7.136442E-02  -6.213742E-02  -5.292090E-02  -4.371328E-02
  -3.452979E-02  -2.529735E-02  -1.593467E-02  -6.418431E-03  -5.770936E-03
  -1.503887E-01  -1.497384E-01  -1.404224E-01  -1.311650E-01  -1.218871E-01
  -1.125281E-01  -1.031178E-01  -9.372332E-02  -8.432636E-02  -7.494337E-02
  -6.560370E-02  -5.630485E-02  -4.701386E-02  -3.779624E-02  -2.866635E-02
  -1.959797E-02  -1.065739E-02  -1.696829E-03   7.446838E-03   1.657805E-02
   1.706409E-02  -1.271508E-01  -1.264274E-01  -1.169123E-01  -1.073711E-01
  -9.783777E-02  -8.831723E-02  -7.880344E-02  -6.931849E-02  -5.988648E-02
  -5.043495E-02  -4.104114E-02  -3.172851E-02  -2.246758E-02  -1.329100E-02
  -4.242252E-03   4.639843E-03   1.311581E-02   2.162288E-02   3.086281E-02
   3.882176E-02   3.897314E-02  -1.031721E-01  -1.024229E-01  -9.271564E-02
  -8.305976E-02  -7.341600E-02  -6.381598E-02  -5.423778E-02  -4.466650E-02
  -3.516059E-02  -2.570748E-02  -1.630201E-02  -6.996746E-03   2.208771E-03
   1.133841E-02   2.039740E-02   2.946050E-02   3.689061E-02   4.431370E-02
   5.776602E-02   5.967979E-02   5.943823E-02  -7.865795E-02  -7.791828E-02
  -6.814650E-02  -5.845101E-02  -4.872359E-02  -3.904446E-02  -2.943265E-02
  -1.982383E-02  -1.028826E-02  -8.389699E-04   8.538582E-03   1.782092E-02
   2.698907E-02   3.609110E-02   4.542581E-02   5.829329E-02   5.999303E-02
   6.133420E-02   6.284717E-02   6.435005E-02   6.371505E-02  -7.051273E-02
  -6.727057E-02  -5.748998E-02  -4.771442E-02  -3.797104E-02  -2.829177E-02
  -1.863011E-02  -9.026190E-03   4.910124E-04   9.949358E-03   1.931788E-02
   2.857960E-02   3.771466E-02   4.665555E-02   5.509879E-02   6.078738E-02
   6.206324E-02   6.347117E-02   6.490497E-02   6.652888E-02   6.780195E-02
  -2.686676E-01  -2.673322E-01  -2.671820E-01  -2.675071E-01  -2.678238E-01
  -2.682350E-01  -2.687679E-01  -2.693208E-01  -2.697961E-01  -2.701429E-01
  -2.702571E-01  -2.700615E-01  -2.695893E-01  -2.688001E-01  -2.677363E-01
  -2.662466E-01  -2.643998E-01  -2.622268E-01  -2.599865E-01  -2.557308E-01
  -2.557269E-01  -2.663240E-01  -2.648231E-01  -2.644168E-01  -2.653345E-01
  -2.662236E-01  -2.668968E-01  -2.675343E-01  -2.678701E-01  -2.680902E-01
  -2.679909E-01  -2.677543E-01  -2.671869E-01  -2.663585E-01  -2.653049E-01
  -2.640893E-01  -2.625617E-01  -2.606105E-01  -2.585082E-01  -2.560755E-01
  -2.521500E-01  -2.533873E-01  -2.665489E-01  -2.657173E-01  -2.650216E-01
  -2.660431E-01  -2.664869E-01  -2.666232E-01  -2.666908E-01  -2.664707E-01
  -2.659432E-01  -2.652747E-01  -2.642387E-01  -2.630071E-01  -2.615452E-01
  -2.598278E-01  -2.577985E-01  -2.554649E-01  -2.528507E-01  -2.498514E-01
  -2.465486E-01  -2.418198E-01  -2.425685E-01  -2.677709E-01  -2.677349E-01
  -2.666315E-01  -2.671597E-01  -2.669771E-01  -2.665177E-01  -2.658835E-01
  -2.649820E-01  -2.638014E-01  -2.624276E-01  -2.607753E-01  -2.588549E-01
  -2.567217E-01  -2.542193E-01  -2.514390E-01  -2.482793E-01  -2.446916E-01
  -2.407737E-01  -2.364997E-01  -2.310184E-01  -2.318375E-01  -2.687355E-01
  -2.682234E-01  -2.663503E-01  -2.661600E-01  -2.653615E-01  -2.642016E-01
  -2.629729E-01  -2.614544E-01  -2.596066E-01  -2.575760E-01  -2.552777E-01
  -2.526344E-01  -2.496811E-01  -2.464285E-01  -2.427170E-01  -2.386452E-01
  -2.341518E-01  -2.292992E-01  -2.239493E-01  -2.175388E-01  -2.181835E-01
  -2.680601E-01  -2.670006E-01  -2.644884E-01  -2.636805E-01  -2.621059E-01
  -2.604954E-01  -2.585012E-01  -2.562409E-01  -2.538289E-01  -2.510552E-01
  -2.479246E-01  -2.444329E-01  -2.406162E-01  -2.363640E-01  -2.317476E-01
  -2.266337E-01  -2.211741E-01  -2.151891E-01  -2.088256E-01  -2.015675E-01
  -2.019144E-01  -2.653628E-01  -2.641833E-01  -2.611574E-01  -2.595656E-01
  -2.574160E-01  -2.549846E-01  -2.523483E-01  -2.493286E-01  -2.460314E-01
  -2.423624E-01  -2.383573E-01  -2.339500E-01  -2.291082E-01  -2.238891E-01
  -2.182856E-01  -2.121271E-01  -2.056231E-01  -1.986628E-01  -1.913114E-01
  -1.832663E-01  -1.832588E-01  -2.605832E-01  -2.598043E-01  -2.560689E-01
  -2.536617E-01  -2.508206E-01  -2.476009E-01  -2.440710E-01  -2.402032E-01
  -2.359510E-01  -2.313846E-01  -2.263360E-01  -2.209101E-01  -2.150805E-01
  -2.088432E-01  -2.021786E-01  -1.951133E-01  -1.876751E-01  -1.798573E-01
  -1.717141E-01  -1.630643E-01  -1.627412E-01  -2.538075E-01  -2.536817E-01
  -2.491822E-01  -2.458482E-01  -2.420672E-01  -2.379367E-01  -2.334837E-01
  -2.286412E-01  -2.234101E-01  -2.178259E-01  -2.118013E-01  -2.053369E-01
  -1.985044E-01  -1.913380E-01  -1.837796E-01  -1.759364E-01  -1.677367E-01
  -1.592551E-01  -1.505321E-01  -1.414167E-01  -1.409031E-01  -2.449638E-01
  -2.453539E-01  -2.400631E-01  -2.356859E-01  -2.310138E-01  -2.258871E-01
  -2.204204E-01  -2.145595E-01  -2.082930E-01  -2.016596E-01  -1.946679E-01
  -1.873403E-01  -1.796905E-01  -1.717231E-01  -1.634978E-01  -1.549960E-01
  -1.463067E-01  -1.372813E-01  -1.280732E-01  -1.186150E-01  -1.179710E-01
  -2.340002E-01  -2.345931E-01  -2.284300E-01  -2.231036E-01  -2.173527E-01
  -2.111925E-01  -2.046744E-01  -1.978404E-01  -1.906745E-01  -1.831521E-01
  -1.753609E-01  -1.673353E-01  -1.590215E-01  -1.505142E-01  -1.417449E-01
  -1.327613E-01  -1.236237E-01  -1.143230E-01  -1.048665E-01  -9.523286E-02
  -9.450391E-02  -2.206682E-01  -2.212165E-01  -2.142212E-01  -2.078580E-01
  -2.010735E-01  -1.939871E-01  -1.865820E-01  -1.788719E-01  -1.709378E-01
  -1.627463E-01  -1.543516E-01  -1.457752E-01  -1.369318E-01  -1.279533E-01
  -1.188663E-01  -1.096408E-01  -1.002886E-01  -9.084137E-02  -8.121993E-02
  -7.144077E-02  -7.068499E-02  -2.049093E-01  -2.051952E-01  -1.974327E-01
  -1.900649E-01  -1.824391E-01  -1.745515E-01  -1.664264E-01  -1.580909E-01
  -1.495596E-01  -1.408426E-01  -1.319315E-01  -1.229340E-01  -1.138290E-01
  -1.046298E-01  -9.535988E-02  -8.601401E-02  -7.652557E-02  -6.695596E-02
  -5.729649E-02  -4.751701E-02  -4.675429E-02  -1.868111E-01  -1.867514E-01
  -1.783762E-01  -1.702800E-01  -1.619217E-01  -1.534208E-01  -1.447444E-01
  -1.358345E-01  -1.268319E-01  -1.177595E-01  -1.085961E-01  -9.938162E-02
  -9.014236E-02  -8.078887E-02  -7.139964E-02  -6.199237E-02  -5.253393E-02
  -4.300442E-02  -3.339588E-02  -2.366253E-02  -2.292197E-02  -1.666823E-01
  -1.663528E-01  -1.574960E-01  -1.487948E-01  -1.398957E-01  -1.308612E-01
  -1.217426E-01  -1.125496E-01  -1.032932E-01  -9.400887E-02  -8.469241E-02
  -7.530824E-02  -6.593956E-02  -5.658180E-02  -4.723117E-02  -3.788957E-02
  -2.854816E-02  -1.911039E-02  -9.569800E-03   9.769436E-05   8.039954E-04
  -1.450102E-01  -1.444776E-01  -1.351639E-01  -1.259639E-01  -1.167025E-01
  -1.073721E-01  -9.800961E-02  -8.865088E-02  -7.917952E-02  -6.972843E-02
  -6.031314E-02  -5.091756E-02  -4.156156E-02  -3.226762E-02  -2.300108E-02
  -1.375714E-02  -4.548908E-03   4.693976E-03   1.405835E-02   2.357542E-02
   2.422280E-02  -1.219472E-01  -1.213069E-01  -1.117834E-01  -1.023027E-01
  -9.281619E-02  -8.328683E-02  -7.371688E-02  -6.418257E-02  -5.466644E-02
  -4.518529E-02  -3.576637E-02  -2.640767E-02  -1.707214E-02  -7.824144E-03
   1.324262E-03   1.039414E-02   1.933596E-02   2.829941E-02   3.744280E-02
   4.657599E-02   4.706287E-02  -9.815738E-02  -9.742820E-02  -8.776922E-02
  -7.805721E-02  -6.836988E-02  -5.871974E-02  -4.909633E-02  -3.952069E-02
  -3.001687E-02  -2.051255E-02  -1.108069E-02  -1.742874E-03   7.523503E-03
   1.670127E-02   2.575321E-02   3.463588E-02   4.311190E-02   5.162229E-02
   6.083697E-02   6.881746E-02   6.897037E-02  -7.377397E-02  -7.300438E-02
  -6.318458E-02  -5.340816E-02  -4.366327E-02  -3.398124E-02  -2.433987E-02
  -1.472187E-02  -5.183476E-03   4.282050E-03   1.368890E-02   2.299675E-02
   3.220548E-02   4.133509E-02   5.039591E-02   5.944138E-02   6.685303E-02
   7.427658E-02   8.691622E-02   8.950944E-02   8.921151E-02  -4.901328E-02
  -4.823917E-02  -3.838712E-02  -2.861112E-02  -1.881977E-02  -9.094247E-03
   5.524596E-04   1.016523E-02   1.970311E-02   2.915606E-02   3.853473E-02
   4.781736E-02   5.698704E-02   6.608835E-02   7.540672E-02   8.763676E-02
   8.986103E-02   9.159801E-02   9.354605E-02   9.549740E-02   9.477184E-02
  -4.076528E-02  -3.748460E-02  -2.764409E-02  -1.780575E-02  -8.017281E-03
   1.693050E-03   1.135997E-02   2.096641E-02   3.048709E-02   3.994508E-02
   4.931411E-02   5.857697E-02   6.771285E-02   7.665510E-02   8.510591E-02
   9.107064E-02   9.275057E-02   9.442506E-02   9.613790E-02   9.811191E-02
   9.971938E-02  -2.546453E-01  -2.532416E-01  -2.530336E-01  -2.532908E-01
  -2.536433E-01  -2.540968E-01  -2.547079E-01  -2.553731E-01  -2.559803E-01
  -2.564550E-01  -2.566668E-01  -2.564751E-01  -2.559601E-01  -2.550525E-01
  -2.537389E-01  -2.519729E-01  -2.497095E-01  -2.470614E-01  -2.441952E-01
  -2.394810E-01  -2.394408E-01  -2.521358E-01  -2.507525E-01  -2.503820E-01
  -2.514434E-01  -2.525302E-01  -2.534556E-01  -2.542925E-01  -2.548299E-01
  -2.551708E-01  -2.550988E-01  -2.548366E-01  -2.541515E-01  -2.531027E-01
  -2.517555E-01  -2.501559E-01  -2.481748E-01  -2.457063E-01  -2.430027E-01
  -2.398922E-01  -2.353939E-01  -2.366977E-01  -2.522950E-01  -2.518908E-01
  -2.512355E-01  -2.524501E-01  -2.531274E-01  -2.534179E-01  -2.535903E-01
  -2.534075E-01  -2.528204E-01  -2.520025E-01  -2.507519E-01  -2.492127E-01
  -2.473642E-01  -2.451868E-01  -2.426465E-01  -2.396977E-01  -2.364467E-01
  -2.327519E-01  -2.286905E-01  -2.233270E-01  -2.241638E-01  -2.537361E-01
  -2.544745E-01  -2.533648E-01  -2.540124E-01  -2.539167E-01  -2.534223E-01
  -2.526980E-01  -2.515853E-01  -2.501453E-01  -2.484031E-01  -2.463367E-01
  -2.439308E-01  -2.412327E-01  -2.381253E-01  -2.346605E-01  -2.307686E-01
  -2.264284E-01  -2.216890E-01  -2.166020E-01  -2.104659E-01  -2.113336E-01
  -2.550289E-01  -2.553404E-01  -2.533245E-01  -2.530436E-01  -2.521003E-01
  -2.507011E-01  -2.491467E-01  -2.472483E-01  -2.449522E-01  -2.423797E-01
  -2.394926E-01  -2.361936E-01  -2.325512E-01  -2.285683E-01  -2.240508E-01
  -2.191704E-01  -2.138564E-01  -2.081840E-01  -2.020236E-01  -1.950031E-01
  -1.956607E-01  -2.543770E-01  -2.539610E-01  -2.511161E-01  -2.499813E-01
  -2.480928E-01  -2.460495E-01  -2.435667E-01  -2.407569E-01  -2.377254E-01
  -2.342791E-01  -2.304322E-01  -2.261616E-01  -2.215405E-01  -2.164804E-01
  -2.110495E-01  -2.051261E-01  -1.988665E-01  -1.921252E-01  -1.850078E-01
  -1.772098E-01  -1.775436E-01  -2.512357E-01  -2.504393E-01  -2.469627E-01
  -2.448650E-01  -2.421958E-01  -2.391846E-01  -2.358869E-01  -2.321711E-01
  -2.281334E-01  -2.236712E-01  -2.188806E-01  -2.136406E-01  -2.079969E-01
  -2.019649E-01  -1.955742E-01  -1.886730E-01  -1.814423E-01  -1.738113E-01
  -1.658288E-01  -1.573435E-01  -1.573094E-01  -2.454291E-01  -2.448602E-01
  -2.405657E-01  -2.375233E-01  -2.340022E-01  -2.300791E-01  -2.257678E-01
  -2.211124E-01  -2.160536E-01  -2.106657E-01  -2.048153E-01  -1.985941E-01
  -1.920032E-01  -1.850143E-01  -1.776550E-01  -1.699364E-01  -1.618871E-01
  -1.535171E-01  -1.448782E-01  -1.358815E-01  -1.355269E-01  -2.371543E-01
  -2.371342E-01  -2.320304E-01  -2.279405E-01  -2.233611E-01  -2.184360E-01
  -2.131670E-01  -2.075217E-01  -2.014878E-01  -1.951120E-01  -1.883368E-01
  -1.811595E-01  -1.736548E-01  -1.658468E-01  -1.577125E-01  -1.493294E-01
  -1.406620E-01  -1.317449E-01  -1.226332E-01  -1.132751E-01  -1.127239E-01
  -2.264713E-01  -2.269274E-01  -2.209733E-01  -2.157567E-01  -2.102847E-01
  -2.043489E-01  -1.980924E-01  -1.914646E-01  -1.844675E-01  -1.771418E-01
  -1.694979E-01  -1.615596E-01  -1.533520E-01  -1.448825E-01  -1.361954E-01
  -1.272872E-01  -1.182505E-01  -1.088979E-01  -9.939807E-02  -8.974823E-02
  -8.906096E-02  -2.134805E-01  -2.141225E-01  -2.073076E-01  -2.011707E-01
  -1.946388E-01  -1.877367E-01  -1.805114E-01  -1.730020E-01  -1.651983E-01
  -1.571029E-01  -1.487860E-01  -1.402654E-01  -1.315084E-01  -1.226062E-01
  -1.135166E-01  -1.042234E-01  -9.481078E-02  -8.527497E-02  -7.561895E-02
  -6.584638E-02  -6.508203E-02  -1.981708E-01  -1.987356E-01  -1.911528E-01
  -1.840364E-01  -1.765723E-01  -1.688361E-01  -1.608290E-01  -1.525659E-01
  -1.441213E-01  -1.354650E-01  -1.266535E-01  -1.177327E-01  -1.085539E-01
  -9.928124E-02  -8.993245E-02  -8.048593E-02  -7.094476E-02  -6.133349E-02
  -5.158398E-02  -4.171837E-02  -4.093760E-02  -1.806212E-01  -1.808798E-01
  -1.726182E-01  -1.646276E-01  -1.564246E-01  -1.480074E-01  -1.393922E-01
  -1.306047E-01  -1.216908E-01  -1.126327E-01  -1.034112E-01  -9.413429E-02
  -8.478573E-02  -7.537895E-02  -6.593084E-02  -5.644239E-02  -4.683024E-02
  -3.716195E-02  -2.742631E-02  -1.760122E-02  -1.682581E-02  -1.609689E-01
  -1.608955E-01  -1.520965E-01  -1.434858E-01  -1.346743E-01  -1.257512E-01
  -1.167299E-01  -1.074847E-01  -9.818348E-02  -8.884567E-02  -7.945712E-02
  -7.004312E-02  -6.063592E-02  -5.115129E-02  -4.165149E-02  -3.215675E-02
  -2.263279E-02  -1.305662E-02  -3.414452E-03   6.327818E-03   7.069212E-03
  -1.396125E-01  -1.392530E-01  -1.300411E-01  -1.209568E-01  -1.117224E-01
  -1.023665E-01  -9.297128E-02  -8.352982E-02  -7.405744E-02  -6.459140E-02
  -5.512500E-02  -4.561354E-02  -3.614349E-02  -2.670955E-02  -1.730325E-02
  -7.923867E-03   1.440124E-03   1.088053E-02   2.042206E-02   3.009304E-02
   3.080023E-02  -1.169903E-01  -1.164166E-01  -1.068362E-01  -9.733531E-02
  -8.781021E-02  -7.825228E-02  -6.868952E-02  -5.916636E-02  -4.955003E-02
  -3.998175E-02  -3.047609E-02  -2.101328E-02  -1.161056E-02  -2.285258E-03
   6.988592E-03   1.623352E-02   2.544439E-02   3.469003E-02   4.405466E-02
   5.357136E-02   5.421788E-02  -9.318622E-02  -9.250469E-02  -8.277766E-02
  -7.308355E-02  -6.340876E-02  -5.372868E-02  -4.402786E-02  -3.438836E-02
  -2.479201E-02  -1.525355E-02  -5.795806E-03   3.580100E-03   1.291753E-02
   2.216792E-02   3.132042E-02   4.038957E-02   4.933192E-02   5.829655E-02
   6.743873E-02   7.657480E-02   7.706254E-02  -6.885223E-02  -6.808451E-02
  -5.829092E-02  -4.843320E-02  -3.862548E-02  -2.888218E-02  -1.918947E-02
  -9.565677E-03  -3.059932E-05   9.476165E-03   1.890923E-02   2.825108E-02
   3.751896E-02   4.669653E-02   5.574959E-02   6.463128E-02   7.310789E-02
   8.162034E-02   9.080432E-02   9.881338E-02   9.896826E-02  -4.410136E-02
  -4.329926E-02  -3.339085E-02  -2.353249E-02  -1.372877E-02  -4.004839E-03
   5.647511E-03   1.526666E-02   2.480838E-02   3.427734E-02   4.368360E-02
   5.299221E-02   6.220234E-02   7.133156E-02   8.039222E-02   8.941471E-02
   9.681822E-02   1.042415E-01   1.161754E-01   1.193727E-01   1.190313E-01
  -1.914413E-02  -1.834537E-02  -8.446047E-03   1.370377E-03   1.116663E-02
   2.089559E-02   3.054747E-02   4.015982E-02   4.969760E-02   5.915186E-02
   6.853088E-02   7.781383E-02   8.698486E-02   9.608489E-02   1.053815E-01
   1.170552E-01   1.197535E-01   1.218639E-01   1.242117E-01   1.265851E-01
   1.257944E-01  -1.083224E-02  -7.532101E-03   2.337622E-03   1.218221E-02
   2.197373E-02   3.168787E-02   4.135433E-02   5.096056E-02   6.048305E-02
   6.994081E-02   7.931035E-02   8.857427E-02   9.771097E-02   1.066545E-01
   1.151139E-01   1.213169E-01   1.233820E-01   1.253213E-01   1.273097E-01
   1.296225E-01   1.315417E-01  -2.323730E-01  -2.308369E-01  -2.304423E-01
  -2.304840E-01  -2.308637E-01  -2.313938E-01  -2.322214E-01  -2.331616E-01
  -2.340990E-01  -2.348675E-01  -2.352911E-01  -2.350563E-01  -2.343102E-01
  -2.329401E-01  -2.307917E-01  -2.279965E-01  -2.243662E-01  -2.201753E-01
  -2.153990E-01  -2.091681E-01  -2.085354E-01  -2.294662E-01  -2.283688E-01
  -2.278962E-01  -2.294080E-01  -2.309890E-01  -2.326396E-01  -2.341140E-01
  -2.352755E-01  -2.360560E-01  -2.361361E-01  -2.357057E-01  -2.346316E-01
  -2.328166E-01  -2.304268E-01  -2.274571E-01  -2.238683E-01  -2.196548E-01
  -2.149385E-01  -2.096393E-01  -2.032427E-01  -2.041073E-01  -2.292363E-01
  -2.298950E-01  -2.294158E-01  -2.311696E-01  -2.324883E-01  -2.334260E-01
  -2.339328E-01  -2.338990E-01  -2.331710E-01  -2.318902E-01  -2.298586E-01
  -2.272703E-01  -2.240997E-01  -2.203153E-01  -2.159539E-01  -2.110402E-01
  -2.056373E-01  -1.997553E-01  -1.933700E-01  -1.860117E-01  -1.863870E-01
  -2.311373E-01  -2.340651E-01  -2.330722E-01  -2.341106E-01  -2.343016E-01
  -2.337863E-01  -2.327348E-01  -2.309936E-01  -2.286346E-01  -2.256732E-01
  -2.221707E-01  -2.180873E-01  -2.134828E-01  -2.083525E-01  -2.026663E-01
  -1.965360E-01  -1.899422E-01  -1.828469E-01  -1.754795E-01  -1.674772E-01
  -1.677176E-01  -2.331854E-01  -2.361261E-01  -2.338821E-01  -2.333387E-01
  -2.318983E-01  -2.297456E-01  -2.270861E-01  -2.238293E-01  -2.199569E-01
  -2.155793E-01  -2.107412E-01  -2.053333E-01  -1.994882E-01  -1.932015E-01
  -1.863771E-01  -1.791771E-01  -1.716591E-01  -1.638436E-01  -1.556867E-01
  -1.470966E-01  -1.470775E-01  -2.324789E-01  -2.343291E-01  -2.306894E-01
  -2.284325E-01  -2.253736E-01  -2.218690E-01  -2.176977E-01  -2.130135E-01
  -2.079021E-01  -2.022744E-01  -1.961732E-01  -1.896541E-01  -1.826610E-01
  -1.753468E-01  -1.677638E-01  -1.598027E-01  -1.515991E-01  -1.431022E-01
  -1.343507E-01  -1.252867E-01  -1.249914E-01  -2.277512E-01  -2.283921E-01
  -2.236170E-01  -2.197680E-01  -2.153505E-01  -2.103674E-01  -2.049492E-01
  -1.990357E-01  -1.927442E-01  -1.859426E-01  -1.788606E-01  -1.713951E-01
  -1.636607E-01  -1.556431E-01  -1.473631E-01  -1.387952E-01  -1.300114E-01
  -1.209985E-01  -1.117902E-01  -1.023628E-01  -1.018265E-01  -2.186188E-01
  -2.187711E-01  -2.128231E-01  -2.076295E-01  -2.019158E-01  -1.957791E-01
  -1.891952E-01  -1.822260E-01  -1.749178E-01  -1.673329E-01  -1.594500E-01
  -1.513248E-01  -1.429484E-01  -1.343383E-01  -1.255076E-01  -1.164799E-01
  -1.072726E-01  -9.789610E-02  -8.838240E-02  -7.872136E-02  -7.800167E-02
  -2.056602E-01  -2.057599E-01  -1.988654E-01  -1.925167E-01  -1.855725E-01
  -1.783961E-01  -1.709103E-01  -1.631707E-01  -1.551598E-01  -1.469053E-01
  -1.384259E-01  -1.297291E-01  -1.208453E-01  -1.117919E-01  -1.025787E-01
  -9.324110E-02  -8.377121E-02  -7.415202E-02  -6.445046E-02  -5.466111E-02
  -5.388074E-02  -1.896360E-01  -1.898458E-01  -1.820506E-01  -1.745769E-01
  -1.669311E-01  -1.589669E-01  -1.507902E-01  -1.423943E-01  -1.337914E-01
  -1.250043E-01  -1.160505E-01  -1.069485E-01  -9.771721E-02  -8.837859E-02
  -7.893364E-02  -6.938939E-02  -5.983306E-02  -5.003206E-02  -4.017011E-02
  -3.025420E-02  -2.945462E-02  -1.711587E-01  -1.713498E-01  -1.629298E-01
  -1.548004E-01  -1.464324E-01  -1.378602E-01  -1.291098E-01  -1.202085E-01
  -1.111609E-01  -1.019869E-01  -9.272384E-02  -8.336878E-02  -7.390876E-02
  -6.441213E-02  -5.485894E-02  -4.516300E-02  -3.543088E-02  -2.565480E-02
  -1.582755E-02  -5.941404E-03  -5.147085E-03  -1.510046E-01  -1.509902E-01
  -1.421015E-01  -1.333574E-01  -1.244539E-01  -1.154092E-01  -1.062419E-01
  -9.697084E-02  -8.763000E-02  -7.821424E-02  -6.875281E-02  -5.931530E-02
  -4.968429E-02  -4.005066E-02  -3.042226E-02  -2.077132E-02  -1.108940E-02
  -1.385373E-03   8.384701E-03   1.825184E-02   1.903753E-02  -1.293968E-01
  -1.291224E-01  -1.198427E-01  -1.106392E-01  -1.013414E-01  -9.196933E-02
  -8.252856E-02  -7.302031E-02  -6.351473E-02  -5.397471E-02  -4.434926E-02
  -3.475079E-02  -2.516083E-02  -1.558410E-02  -6.023440E-03   3.524731E-03
   1.314113E-02   2.281080E-02   3.255005E-02   4.237711E-02   4.315285E-02
  -1.065846E-01  -1.060829E-01  -9.652266E-02  -8.701545E-02  -7.745067E-02
  -6.786603E-02  -5.832200E-02  -4.862015E-02  -3.895141E-02  -2.933099E-02
  -1.973686E-02  -1.018189E-02  -6.817177E-04   8.817601E-03   1.831938E-02
   2.781965E-02   3.734604E-02   4.692239E-02   5.657002E-02   6.631969E-02
   6.706233E-02  -8.293732E-02  -8.223322E-02  -7.247798E-02  -6.279469E-02
  -5.307838E-02  -4.330717E-02  -3.358837E-02  -2.390099E-02  -1.425550E-02
  -4.676919E-03   4.840556E-03   1.435583E-02   2.382916E-02   3.326685E-02
   4.267463E-02   5.205750E-02   6.143116E-02   7.087199E-02   8.041291E-02
   9.008558E-02   9.079373E-02  -5.871470E-02  -5.791145E-02  -4.797732E-02
  -3.810392E-02  -2.829294E-02  -1.852667E-02  -8.822063E-03   7.972985E-04
   1.041817E-02   1.998714E-02   2.949890E-02   3.896370E-02   4.836758E-02
   5.770013E-02   6.697915E-02   7.622342E-02   8.543503E-02   9.468305E-02
   1.040484E-01   1.135652E-01   1.142109E-01  -3.386431E-02  -3.306722E-02
  -2.314621E-02  -1.327737E-02  -3.487856E-03   6.234573E-03   1.593912E-02
   2.558552E-02   3.518433E-02   4.472244E-02   5.418508E-02   6.356991E-02
   7.290614E-02   8.215758E-02   9.131340E-02   1.003809E-01   1.093248E-01
   1.182919E-01   1.274307E-01   1.365751E-01   1.370657E-01  -8.997229E-03
  -8.197297E-03   1.670857E-03   1.153332E-02   2.134204E-02   3.109088E-02
   4.078557E-02   5.041235E-02   5.995830E-02   6.946403E-02   7.889697E-02
   8.824145E-02   9.750997E-02   1.066873E-01   1.157418E-01   1.246204E-01
   1.331000E-01   1.416146E-01   1.507271E-01   1.588083E-01   1.589708E-01
   1.585747E-02   1.666759E-02   2.658165E-02   3.644272E-02   4.624585E-02
   5.597537E-02   6.563547E-02   7.525344E-02   8.479651E-02   9.426792E-02
   1.036733E-01   1.129834E-01   1.221959E-01   1.313239E-01   1.403798E-01
   1.493457E-01   1.567570E-01   1.641793E-01   1.749774E-01   1.791881E-01
   1.788079E-01   4.081629E-02   4.162621E-02   5.153083E-02   6.135830E-02
   7.115324E-02   8.088216E-02   9.053788E-02   1.001490E-01   1.096868E-01
   1.191434E-01   1.285232E-01   1.378069E-01   1.469801E-01   1.560761E-01
   1.653173E-01   1.760878E-01   1.796027E-01   1.823976E-01   1.854534E-01
   1.885980E-01   1.877326E-01   4.913623E-02   5.244330E-02   6.232491E-02
   7.216857E-02   8.195963E-02   9.167726E-02   1.013433E-01   1.109492E-01
   1.204748E-01   1.299324E-01   1.393030E-01   1.485689E-01   1.577072E-01
   1.666535E-01   1.751337E-01   1.817201E-01   1.844964E-01   1.869559E-01
   1.894816E-01   1.924346E-01   1.948919E-01  -2.166248E-01  -2.146671E-01
  -2.137774E-01  -2.134997E-01  -2.136792E-01  -2.142241E-01  -2.152363E-01
  -2.164449E-01  -2.176520E-01  -2.186393E-01  -2.189661E-01  -2.183208E-01
  -2.167571E-01  -2.140978E-01  -2.102104E-01  -2.052397E-01  -1.992054E-01
  -1.922712E-01  -1.845111E-01  -1.760463E-01  -1.736103E-01  -2.128336E-01
  -2.113101E-01  -2.103925E-01  -2.122338E-01  -2.144593E-01  -2.169635E-01
  -2.192812E-01  -2.211906E-01  -2.224851E-01  -2.226346E-01  -2.216928E-01
  -2.195533E-01  -2.162014E-01  -2.116501E-01  -2.060844E-01  -1.995658E-01
  -1.922305E-01  -1.841942E-01  -1.755702E-01  -1.664579E-01  -1.659345E-01
  -2.116331E-01  -2.127530E-01  -2.121937E-01  -2.145325E-01  -2.168151E-01
  -2.185463E-01  -2.195629E-01  -2.195873E-01  -2.184229E-01  -2.160137E-01
  -2.123984E-01  -2.076497E-01  -2.019298E-01  -1.952361E-01  -1.877640E-01
  -1.796148E-01  -1.709158E-01  -1.617520E-01  -1.523145E-01  -1.425612E-01
  -1.417829E-01  -2.136629E-01  -2.185830E-01  -2.178075E-01  -2.191401E-01
  -2.196539E-01  -2.189989E-01  -2.171723E-01  -2.141451E-01  -2.099490E-01
  -2.046799E-01  -1.984504E-01  -1.913823E-01  -1.835787E-01  -1.751734E-01
  -1.662664E-01  -1.570052E-01  -1.475374E-01  -1.376739E-01  -1.277598E-01
  -1.178195E-01  -1.170153E-01  -2.160667E-01  -2.220009E-01  -2.194899E-01
  -2.182218E-01  -2.157144E-01  -2.120184E-01  -2.072441E-01  -2.014693E-01
  -1.947716E-01  -1.873190E-01  -1.792188E-01  -1.705771E-01  -1.614951E-01
  -1.521618E-01  -1.425207E-01  -1.326976E-01  -1.228438E-01  -1.129465E-01
  -1.030173E-01  -9.305838E-02  -9.224901E-02  -2.142924E-01  -2.188396E-01
  -2.140357E-01  -2.096819E-01  -2.043263E-01  -1.980602E-01  -1.909350E-01
  -1.831123E-01  -1.747150E-01  -1.658358E-01  -1.566286E-01  -1.472274E-01
  -1.374578E-01  -1.276565E-01  -1.178406E-01  -1.079934E-01  -9.812170E-02
  -8.821970E-02  -7.828679E-02  -6.832239E-02  -6.751299E-02  -2.059109E-01
  -2.081606E-01  -2.012935E-01  -1.944887E-01  -1.869566E-01  -1.787892E-01
  -1.701122E-01  -1.610189E-01  -1.517070E-01  -1.420893E-01  -1.323283E-01
  -1.225597E-01  -1.127641E-01  -1.029576E-01  -9.313594E-02  -8.329271E-02
  -7.342469E-02  -6.352668E-02  -5.359751E-02  -4.363424E-02  -4.282582E-02
  -1.908072E-01  -1.913251E-01  -1.829118E-01  -1.744113E-01  -1.654489E-01
  -1.561832E-01  -1.467369E-01  -1.369624E-01  -1.271807E-01  -1.174069E-01
  -1.076258E-01  -9.784521E-02  -8.805795E-02  -7.826209E-02  -6.845271E-02
  -5.862535E-02  -4.877454E-02  -3.889690E-02  -2.900424E-02  -1.908003E-02
  -1.826036E-02  -1.706516E-01  -1.701952E-01  -1.608124E-01  -1.513953E-01
  -1.416806E-01  -1.318589E-01  -1.220543E-01  -1.122487E-01  -1.024572E-01
  -9.267741E-02  -8.290460E-02  -7.313561E-02  -6.336577E-02  -5.359259E-02
  -4.381255E-02  -3.403714E-02  -2.424601E-02  -1.440171E-02  -4.555473E-03
   5.294681E-03   6.089024E-03  -1.474865E-01  -1.466905E-01  -1.367431E-01
  -1.268416E-01  -1.169747E-01  -1.071256E-01  -9.730047E-02  -8.749525E-02
  -7.770976E-02  -6.794136E-02  -5.818767E-02  -4.844456E-02  -3.871099E-02
  -2.899776E-02  -1.928312E-02  -9.558614E-03   1.230766E-04   9.930835E-03
   1.979320E-02   2.971164E-02   3.051825E-02  -1.227530E-01  -1.219519E-01
  -1.119990E-01  -1.020823E-01  -9.219908E-02  -8.234601E-02  -7.252209E-02
  -6.272544E-02  -5.295611E-02  -4.321419E-02  -3.351480E-02  -2.383698E-02
  -1.415479E-02  -4.516041E-03   5.098050E-03   1.479954E-02   2.453726E-02
   3.431781E-02   4.414647E-02   5.403532E-02   5.483121E-02  -9.795216E-02
  -9.715179E-02  -8.719543E-02  -7.727477E-02  -6.739056E-02  -5.754305E-02
  -4.773185E-02  -3.796006E-02  -2.824034E-02  -1.855606E-02  -8.916068E-03
   6.403412E-04   1.027776E-02   1.991240E-02   2.954816E-02   3.920277E-02
   4.888594E-02   5.859858E-02   6.837394E-02   7.824013E-02   7.902581E-02
  -7.311456E-02  -7.231641E-02  -6.235796E-02  -5.243922E-02  -4.256576E-02
  -3.275356E-02  -2.298990E-02  -1.325849E-02  -3.611860E-03   5.981226E-03
   1.561188E-02   2.521748E-02   3.481165E-02   4.438943E-02   5.395519E-02
   6.351451E-02   7.313004E-02   8.279830E-02   9.253630E-02   1.023632E-01
   1.031374E-01  -4.825299E-02  -4.745882E-02  -3.750898E-02  -2.762077E-02
  -1.778649E-02  -8.022531E-03   1.631744E-03   1.133996E-02   2.101041E-02
   3.063826E-02   4.023555E-02   4.979321E-02   5.930412E-02   6.880657E-02
   7.830727E-02   8.780688E-02   9.733225E-02   1.069082E-01   1.165578E-01
   1.263119E-01   1.270555E-01  -2.346604E-02  -2.264404E-02  -1.271225E-02
  -2.886328E-03   6.876047E-03   1.665233E-02   2.637983E-02   3.607102E-02
   4.571646E-02   5.530166E-02   6.482975E-02   7.434356E-02   8.381605E-02
   9.325273E-02   1.026598E-01   1.120437E-01   1.214224E-01   1.308640E-01
   1.404049E-01   1.500794E-01   1.507882E-01   1.236311E-03   2.050055E-03
   1.198184E-02   2.185714E-02   3.167494E-02   4.144409E-02   5.115290E-02
   6.078651E-02   7.040582E-02   7.997382E-02   8.948509E-02   9.894823E-02
   1.083521E-01   1.176880E-01   1.269698E-01   1.362140E-01   1.454268E-01
   1.546773E-01   1.640435E-01   1.735616E-01   1.742066E-01   2.609246E-02
   2.690307E-02   3.682491E-02   4.669359E-02   5.649059E-02   6.622271E-02
   7.592585E-02   8.557169E-02   9.516867E-02   1.047059E-01   1.141702E-01
   1.235595E-01   1.328951E-01   1.421476E-01   1.513063E-01   1.603728E-01
   1.693190E-01   1.782887E-01   1.874237E-01   1.965792E-01   1.970728E-01
   5.097237E-02   5.177684E-02   6.165925E-02   7.152044E-02   8.132786E-02
   9.107562E-02   1.007687E-01   1.103960E-01   1.199471E-01   1.294521E-01
   1.388851E-01   1.482319E-01   1.575011E-01   1.666782E-01   1.757334E-01
   1.846080E-01   1.930930E-01   2.016077E-01   2.106467E-01   2.188108E-01
   2.189828E-01   7.584482E-02   7.665398E-02   8.656675E-02   9.642617E-02
   1.062282E-01   1.159594E-01   1.256233E-01   1.352406E-01   1.447849E-01
   1.542584E-01   1.636633E-01   1.729748E-01   1.821892E-01   1.913155E-01
   2.003615E-01   2.092666E-01   2.167085E-01   2.241369E-01   2.340834E-01
   2.391074E-01   2.387142E-01   1.007998E-01   1.016085E-01   1.115132E-01
   1.213459E-01   1.311399E-01   1.408691E-01   1.505280E-01   1.601384E-01
   1.696764E-01   1.791350E-01   1.885155E-01   1.978001E-01   2.069750E-01
   2.160654E-01   2.252454E-01   2.353280E-01   2.395212E-01   2.429258E-01
   2.465923E-01   2.504198E-01   2.495422E-01   1.091178E-01   1.124243E-01
   1.223117E-01   1.321551E-01   1.419459E-01   1.516664E-01   1.613323E-01
   1.709381E-01   1.804662E-01   1.899241E-01   1.992956E-01   2.085633E-01
   2.177033E-01   2.266519E-01   2.351519E-01   2.420306E-01   2.454475E-01
   2.484087E-01   2.514480E-01   2.549953E-01   2.579298E-01  -1.932021E-01
  -1.928514E-01  -1.871423E-01  -1.805685E-01  -1.730057E-01  -1.647580E-01
  -1.559709E-01  -1.467324E-01  -1.369608E-01  -1.271292E-01  -1.172799E-01
  -1.074178E-01  -9.754398E-02  -8.765723E-02  -7.775549E-02  -6.783736E-02
  -5.790074E-02  -4.794585E-02  -3.797816E-02  -2.799558E-02  -2.474002E-02
  -1.866735E-01  -1.881760E-01  -1.805326E-01  -1.725999E-01  -1.639757E-01
  -1.549766E-01  -1.456888E-01  -1.359768E-01  -1.261728E-01  -1.163368E-01
  -1.064866E-01  -9.662528E-02  -8.675290E-02  -7.686837E-02  -6.697070E-02
  -5.705946E-02  -4.713446E-02  -3.719951E-02  -2.726744E-02  -1.732014E-02
  -1.651405E-02  -1.686116E-01  -1.683430E-01  -1.592813E-01  -1.501666E-01
  -1.404386E-01  -1.306339E-01  -1.208544E-01  -1.110453E-01  -1.012120E-01
  -9.136689E-02  -8.151265E-02  -7.164975E-02  -6.177835E-02  -5.189887E-02
  -4.201371E-02  -3.214036E-02  -2.226873E-02  -1.237421E-02  -2.528448E-03
   7.334903E-03   8.142060E-03  -1.461368E-01  -1.453531E-01  -1.354168E-01
  -1.255381E-01  -1.156716E-01  -1.058116E-01  -9.596373E-02  -8.611729E-02
  -7.626883E-02  -6.641765E-02  -5.656494E-02  -4.671134E-02  -3.686247E-02
  -2.703119E-02  -1.720071E-02  -7.390786E-03   2.352829E-03   1.223736E-02
   2.215543E-02   3.210376E-02   3.292525E-02  -1.213957E-01  -1.206061E-01
  -1.106498E-01  -1.007233E-01  -9.081865E-02  -8.093265E-02  -7.106222E-02
  -6.120234E-02  -5.135140E-02  -4.151124E-02  -3.170106E-02  -2.190653E-02
  -1.210570E-02  -2.369435E-03   7.377619E-03   1.721504E-02   2.707877E-02
   3.697946E-02   4.690572E-02   5.686128E-02   5.768423E-02  -9.655936E-02
  -9.577297E-02  -8.580565E-02  -7.586250E-02  -6.594367E-02  -5.604913E-02
  -4.617772E-02  -3.633498E-02  -2.653033E-02  -1.674339E-02  -7.000214E-03
   2.664096E-03   1.245371E-02   2.225930E-02   3.208249E-02   4.193055E-02
   5.179919E-02   6.169693E-02   7.162439E-02   8.158245E-02   8.240694E-02
  -7.169366E-02  -7.091502E-02  -6.094180E-02  -5.099517E-02  -4.108252E-02
  -3.122400E-02  -2.140632E-02  -1.160813E-02  -1.901145E-03   7.809557E-03
   1.758390E-02   2.736279E-02   3.716062E-02   4.696436E-02   5.678241E-02
   6.662081E-02   7.648303E-02   8.637400E-02   9.629540E-02   1.062496E-01
   1.070741E-01  -4.682834E-02  -4.606265E-02  -3.610485E-02  -2.620108E-02
  -1.633593E-02  -6.540613E-03   3.153519E-03   1.294802E-02   2.273467E-02
   3.251569E-02   4.229705E-02   5.207450E-02   6.185751E-02   7.164810E-02
   8.145114E-02   9.127145E-02   1.011150E-01   1.109881E-01   1.208874E-01
   1.308189E-01   1.316395E-01  -2.213279E-02  -2.132269E-02  -1.139173E-02
  -1.581070E-03   8.217631E-03   1.805215E-02   2.786712E-02   3.767525E-02
   4.746384E-02   5.723984E-02   6.700783E-02   7.677092E-02   8.653392E-02
   9.629985E-02   1.060737E-01   1.158566E-01   1.256581E-01   1.355018E-01
   1.453701E-01   1.552597E-01   1.560587E-01   2.402641E-03   3.221009E-03
   1.316758E-02   2.307311E-02   3.294729E-02   4.279685E-02   5.261858E-02
   6.241931E-02   7.219926E-02   8.196113E-02   9.170769E-02   1.014436E-01
   1.111733E-01   1.208945E-01   1.306185E-01   1.403571E-01   1.500905E-01
   1.598977E-01   1.697568E-01   1.796691E-01   1.804731E-01   2.715240E-02
   2.797593E-02   3.792591E-02   4.783900E-02   5.771798E-02   6.756570E-02
   7.738324E-02   8.717268E-02   9.693437E-02   1.066699E-01   1.163768E-01
   1.260639E-01   1.357474E-01   1.454115E-01   1.550648E-01   1.647649E-01
   1.744981E-01   1.842757E-01   1.941040E-01   2.039941E-01   2.047897E-01
   5.194317E-02   5.276810E-02   6.271974E-02   7.263419E-02   8.251117E-02
   9.235076E-02   1.021541E-01   1.119218E-01   1.216486E-01   1.313408E-01
   1.409985E-01   1.506073E-01   1.602427E-01   1.698752E-01   1.795089E-01
   1.891613E-01   1.988439E-01   2.085639E-01   2.183456E-01   2.282108E-01
   2.289967E-01   7.676316E-02   7.758911E-02   8.754015E-02   9.745009E-02
   1.073163E-01   1.171341E-01   1.269051E-01   1.366393E-01   1.463157E-01
   1.559456E-01   1.655742E-01   1.751780E-01   1.847688E-01   1.943460E-01
   2.039152E-01   2.134868E-01   2.231018E-01   2.327684E-01   2.425052E-01
   2.523325E-01   2.531054E-01   1.015999E-01   1.024261E-01   1.123720E-01
   1.222652E-01   1.321055E-01   1.418882E-01   1.515955E-01   1.613016E-01
   1.709699E-01   1.805965E-01   1.901910E-01   1.997498E-01   2.092710E-01
   2.187774E-01   2.282772E-01   2.377769E-01   2.473017E-01   2.568779E-01
   2.665317E-01   2.762942E-01   2.770406E-01   1.264255E-01   1.272492E-01
   1.371828E-01   1.470406E-01   1.568372E-01   1.666117E-01   1.763381E-01
   1.860260E-01   1.956700E-01   2.052602E-01   2.147999E-01   2.243122E-01
   2.337841E-01   2.432200E-01   2.526268E-01   2.620137E-01   2.714022E-01
   2.808472E-01   2.903898E-01   3.000693E-01   3.007813E-01   1.512010E-01
   1.520137E-01   1.619423E-01   1.718145E-01   1.816302E-01   1.913967E-01
   2.011076E-01   2.107562E-01   2.203737E-01   2.299404E-01   2.394518E-01
   2.489129E-01   2.583174E-01   2.676595E-01   2.769474E-01   2.861932E-01
   2.954112E-01   3.046685E-01   3.140384E-01   3.235638E-01   3.242123E-01
   1.760497E-01   1.768588E-01   1.867786E-01   1.966451E-01   2.064476E-01
   2.161904E-01   2.258920E-01   2.355378E-01   2.451323E-01   2.546683E-01
   2.641361E-01   2.735332E-01   2.828688E-01   2.921242E-01   3.012887E-01
   3.103554E-01   3.193107E-01   3.282883E-01   3.374141E-01   3.466075E-01
   3.471170E-01   2.009254E-01   2.017299E-01   2.116271E-01   2.214868E-01
   2.312923E-01   2.410390E-01   2.507300E-01   2.603586E-01   2.699184E-01
   2.794231E-01   2.888570E-01   2.982087E-01   3.074798E-01   3.166566E-01
   3.257105E-01   3.345737E-01   3.430829E-01   3.516006E-01   3.604784E-01
   3.688639E-01   3.690861E-01   2.258118E-01   2.266190E-01   2.365304E-01
   2.463875E-01   2.561878E-01   2.659223E-01   2.755928E-01   2.852097E-01
   2.947572E-01   3.042347E-01   3.136397E-01   3.229543E-01   3.321720E-01
   3.412920E-01   3.503026E-01   3.590647E-01   3.666412E-01   3.741211E-01
   3.828628E-01   3.892626E-01   3.889867E-01   2.507602E-01   2.515670E-01
   2.614729E-01   2.713140E-01   2.811072E-01   2.908376E-01   3.005024E-01
   3.101121E-01   3.196514E-01   3.291140E-01   3.384966E-01   3.477835E-01
   3.569607E-01   3.660328E-01   3.750604E-01   3.841271E-01   3.895504E-01
   3.941967E-01   3.990602E-01   4.042621E-01   4.034908E-01   2.590753E-01
   2.623810E-01   2.722779E-01   2.821226E-01   2.919134E-01   3.016388E-01
   3.113059E-01   3.209120E-01   3.304446E-01   3.399040E-01   3.492781E-01
   3.585499E-01   3.676940E-01   3.766493E-01   3.851993E-01   3.925464E-01
   3.972591E-01   4.013679E-01   4.055699E-01   4.103880E-01   4.141679E-01
  -6.195630E-02  -5.540562E-02  -4.543344E-02  -3.551528E-02  -2.569097E-02
  -1.605366E-02  -6.481291E-03   3.108584E-03   1.290509E-02   2.273434E-02
   3.257958E-02   4.243613E-02   5.230312E-02   6.218135E-02   7.207228E-02
   8.197733E-02   9.189836E-02   1.018367E-01   1.117908E-01   1.217599E-01
   1.250748E-01  -4.541298E-02  -4.468978E-02  -3.477300E-02  -2.492635E-02
  -1.510128E-02  -5.419514E-03   4.155647E-03   1.391254E-02   2.372637E-02
   3.355990E-02   4.340632E-02   5.326289E-02   6.312927E-02   7.300621E-02
   8.289476E-02   9.279569E-02   1.027103E-01   1.126409E-01   1.225811E-01
   1.325351E-01   1.333521E-01  -2.074788E-02  -1.993586E-02  -1.006721E-02
  -3.806800E-04   9.413028E-03   1.923087E-02   2.902996E-02   3.884816E-02
   4.867833E-02   5.851832E-02   6.836595E-02   7.822064E-02   8.808258E-02
   9.795159E-02   1.078283E-01   1.177097E-01   1.275933E-01   1.374954E-01
   1.473883E-01   1.572962E-01   1.581055E-01   3.687443E-03   4.507402E-03
   1.444555E-02   2.433890E-02   3.421713E-02   4.407757E-02   5.392180E-02
   6.376291E-02   7.360412E-02   8.344634E-02   9.328902E-02   1.031328E-01
   1.129787E-01   1.228201E-01   1.326618E-01   1.425004E-01   1.523155E-01
   1.622019E-01   1.721194E-01   1.820660E-01   1.828846E-01   2.846083E-02
   2.928737E-02   3.924117E-02   4.916386E-02   5.906333E-02   6.894251E-02
   7.880467E-02   8.865494E-02   9.849546E-02   1.083277E-01   1.181474E-01
   1.279549E-01   1.377653E-01   1.475511E-01   1.573414E-01   1.671800E-01
   1.770422E-01   1.869399E-01   1.968650E-01   2.068192E-01   2.076397E-01
   5.328279E-02   5.411098E-02   6.407307E-02   7.400818E-02   8.391745E-02
   9.380164E-02   1.036630E-01   1.135041E-01   1.233199E-01   1.331181E-01
   1.428926E-01   1.526281E-01   1.624188E-01   1.722238E-01   1.820447E-01
   1.918899E-01   2.017572E-01   2.116531E-01   2.215782E-01   2.315337E-01
   2.323549E-01   7.812140E-02   7.894960E-02   8.891416E-02   9.884966E-02
   1.087540E-01   1.186219E-01   1.284529E-01   1.382626E-01   1.480234E-01
   1.577736E-01   1.675487E-01   1.773262E-01   1.871202E-01   1.969226E-01
   2.067391E-01   2.165753E-01   2.264350E-01   2.363229E-01   2.462410E-01
   2.561915E-01   2.570115E-01   1.029501E-01   1.037756E-01   1.137335E-01
   1.236482E-01   1.335238E-01   1.433517E-01   1.531167E-01   1.629126E-01
   1.726986E-01   1.824774E-01   1.922558E-01   2.020318E-01   2.118128E-01
   2.216010E-01   2.314013E-01   2.412186E-01   2.510590E-01   2.609289E-01
   2.708276E-01   2.807600E-01   2.815751E-01   1.277151E-01   1.285373E-01
   1.384785E-01   1.483451E-01   1.581808E-01   1.680163E-01   1.778300E-01
   1.876346E-01   1.974218E-01   2.071961E-01   2.169618E-01   2.267222E-01
   2.364821E-01   2.462449E-01   2.560159E-01   2.657990E-01   2.756024E-01
   2.854441E-01   2.953166E-01   3.052211E-01   3.060230E-01   1.523689E-01
   1.531874E-01   1.631328E-01   1.730368E-01   1.829088E-01   1.927558E-01
   2.025760E-01   2.123745E-01   2.221519E-01   2.319108E-01   2.416543E-01
   2.513869E-01   2.611138E-01   2.708353E-01   2.805608E-01   2.903017E-01
   3.000537E-01   3.098618E-01   3.197194E-01   3.296291E-01   3.304315E-01
   1.771172E-01   1.779379E-01   1.878864E-01   1.977978E-01   2.076747E-01
   2.175199E-01   2.273345E-01   2.371206E-01   2.468788E-01   2.566111E-01
   2.663179E-01   2.760059E-01   2.856886E-01   2.953594E-01   3.050277E-01
   3.147284E-01   3.244607E-01   3.342371E-01   3.440657E-01   3.539565E-01
   3.547516E-01   2.019053E-01   2.027268E-01   2.126760E-01   2.225876E-01
   2.324612E-01   2.422972E-01   2.520966E-01   2.618609E-01   2.715870E-01
   2.812796E-01   2.909417E-01   3.005697E-01   3.102053E-01   3.198375E-01
   3.294715E-01   3.391236E-01   3.488066E-01   3.585312E-01   3.683172E-01
   3.781825E-01   3.789681E-01   2.267198E-01   2.275414E-01   2.374889E-01
   2.473947E-01   2.572567E-01   2.670725E-01   2.768430E-01   2.865766E-01
   2.962617E-01   3.059062E-01   3.155353E-01   3.251397E-01   3.347295E-01
   3.443070E-01   3.538792E-01   3.634584E-01   3.730742E-01   3.827410E-01
   3.924782E-01   4.023065E-01   4.030784E-01   2.515482E-01   2.523690E-01
   2.623105E-01   2.722013E-01   2.820408E-01   2.918278E-01   3.015550E-01
   3.112613E-01   3.209293E-01   3.305565E-01   3.401505E-01   3.497107E-01
   3.592384E-01   3.687480E-01   3.782483E-01   3.877496E-01   3.972756E-01
   4.068535E-01   4.165113E-01   4.262801E-01   4.270281E-01   2.763687E-01
   2.771866E-01   2.871179E-01   2.969847E-01   3.067951E-01   3.165702E-01
   3.262977E-01   3.359846E-01   3.456281E-01   3.552219E-01   3.647688E-01
   3.742811E-01   3.837536E-01   3.931903E-01   4.025983E-01   4.119889E-01
   4.213853E-01   4.308351E-01   4.403817E-01   4.500671E-01   4.507809E-01
   3.011629E-01   3.019747E-01   3.119011E-01   3.217721E-01   3.315878E-01
   3.413538E-01   3.510667E-01   3.607241E-01   3.703413E-01   3.799078E-01
   3.894201E-01   3.988810E-01   4.082867E-01   4.176337E-01   4.269271E-01
   4.361767E-01   4.454022E-01   4.546680E-01   4.640442E-01   4.735812E-01
   4.742329E-01   3.260086E-01   3.268171E-01   3.367360E-01   3.466017E-01
   3.564076E-01   3.661568E-01   3.758584E-01   3.855051E-01   3.950987E-01
   4.046345E-01   4.141050E-01   4.235076E-01   4.328445E-01   4.421031E-01
   4.512726E-01   4.603429E-01   4.693119E-01   4.783013E-01   4.874257E-01
   4.966640E-01   4.971886E-01   3.508829E-01   3.516878E-01   3.615935E-01
   3.714528E-01   3.812575E-01   3.910043E-01   4.006948E-01   4.103248E-01
   4.198901E-01   4.293956E-01   4.388309E-01   4.481866E-01   4.574597E-01
   4.666365E-01   4.756878E-01   4.845450E-01   4.930910E-01   5.016241E-01
   5.104077E-01   5.189963E-01   5.192687E-01   3.757778E-01   3.765842E-01
   3.864955E-01   3.963517E-01   4.061512E-01   4.158881E-01   4.255631E-01
   4.351807E-01   4.447309E-01   4.542116E-01   4.636176E-01   4.729351E-01
   4.821550E-01   4.912676E-01   5.002416E-01   5.089096E-01   5.166511E-01
   5.242418E-01   5.324658E-01   5.397349E-01   5.395879E-01   4.007227E-01
   4.015286E-01   4.114360E-01   4.212823E-01   4.310757E-01   4.408078E-01
   4.504766E-01   4.600867E-01   4.696276E-01   4.790935E-01   4.884784E-01
   4.977678E-01   5.069460E-01   5.160009E-01   5.249154E-01   5.334927E-01
   5.397626E-01   5.453574E-01   5.511263E-01   5.573537E-01   5.567941E-01
   4.090356E-01   4.123414E-01   4.222442E-01   4.320909E-01   4.418823E-01
   4.516112E-01   4.612799E-01   4.708869E-01   4.804227E-01   4.898842E-01
   4.992608E-01   5.085361E-01   5.176840E-01   5.266445E-01   5.352317E-01
   5.428707E-01   5.485679E-01   5.536526E-01   5.588382E-01   5.646828E-01
   5.691321E-01   2.373172E-01   2.439777E-01   2.539306E-01   2.638417E-01
   2.737098E-01   2.835165E-01   2.932665E-01   3.030083E-01   3.128114E-01
   3.226404E-01   3.324832E-01   3.423361E-01   3.521985E-01   3.620710E-01
   3.719550E-01   3.818520E-01   3.917637E-01   4.016918E-01   4.116358E-01
   4.215967E-01   4.249096E-01   2.539584E-01   2.547975E-01   2.647441E-01
   2.746388E-01   2.844943E-01   2.942879E-01   3.040313E-01   3.138115E-01
   3.236262E-01   3.334583E-01   3.433015E-01   3.531536E-01   3.630143E-01
   3.728844E-01   3.827652E-01   3.926576E-01   4.025635E-01   4.124853E-01
   4.224213E-01   4.323753E-01   4.331921E-01   2.788285E-01   2.796576E-01
   2.895854E-01   2.994376E-01   3.092815E-01   3.191108E-01   3.289222E-01
   3.387411E-01   3.485697E-01   3.584059E-01   3.682481E-01   3.780961E-01
   3.879503E-01   3.978111E-01   4.076799E-01   4.175567E-01   4.274428E-01
   4.373475E-01   4.472635E-01   4.572009E-01   4.580143E-01   3.035658E-01
   3.043844E-01   3.143252E-01   3.242251E-01   3.341036E-01   3.439631E-01
   3.538068E-01   3.636447E-01   3.734807E-01   3.833162E-01   3.931515E-01
   4.029877E-01   4.128267E-01   4.226668E-01   4.325120E-01   4.423644E-01
   4.522220E-01   4.621160E-01   4.720372E-01   4.819861E-01   4.828032E-01
   3.283548E-01   3.291758E-01   3.391276E-01   3.490484E-01   3.589443E-01
   3.688188E-01   3.786752E-01   3.885186E-01   3.983518E-01   4.081769E-01
   4.179940E-01   4.278052E-01   4.376199E-01   4.474313E-01   4.572514E-01
   4.670968E-01   4.769637E-01   4.868601E-01   4.967842E-01   5.067370E-01
   5.075555E-01   3.531722E-01   3.539946E-01   3.639520E-01   3.738810E-01
   3.837832E-01   3.936599E-01   4.035140E-01   4.133490E-01   4.231649E-01
   4.329673E-01   4.427577E-01   4.525360E-01   4.623339E-01   4.721427E-01
   4.819656E-01   4.918093E-01   5.016754E-01   5.115687E-01   5.214908E-01
   5.314430E-01   5.322613E-01   3.779961E-01   3.788184E-01   3.887761E-01
   3.987035E-01   4.086002E-01   4.184651E-01   4.283004E-01   4.381158E-01
   4.479052E-01   4.576836E-01   4.674653E-01   4.772475E-01   4.870395E-01
   4.968408E-01   5.066555E-01   5.164889E-01   5.263454E-01   5.362293E-01
   5.461434E-01   5.560901E-01   5.569066E-01   4.028047E-01   4.036252E-01
   4.135772E-01   4.234914E-01   4.333708E-01   4.432148E-01   4.530230E-01
   4.628266E-01   4.726169E-01   4.823975E-01   4.921743E-01   5.019489E-01
   5.117271E-01   5.215123E-01   5.313092E-01   5.411233E-01   5.509606E-01
   5.608271E-01   5.707254E-01   5.806594E-01   5.814717E-01   4.275702E-01
   4.283885E-01   4.383318E-01   4.482270E-01   4.580897E-01   4.679320E-01
   4.777504E-01   4.875533E-01   4.973394E-01   5.071116E-01   5.168744E-01
   5.266314E-01   5.363874E-01   5.461469E-01   5.559154E-01   5.656993E-01
   5.755061E-01   5.853474E-01   5.952248E-01   6.051423E-01   6.059476E-01
   4.522879E-01   4.531048E-01   4.630496E-01   4.729556E-01   4.828287E-01
   4.926742E-01   5.024929E-01   5.122884E-01   5.220624E-01   5.318177E-01
   5.415576E-01   5.512870E-01   5.610112E-01   5.707339E-01   5.804632E-01
   5.902089E-01   5.999774E-01   6.097886E-01   6.196465E-01   6.295561E-01
   6.303583E-01   4.770438E-01   4.778614E-01   4.878074E-01   4.977167E-01
   5.075910E-01   5.174326E-01   5.272433E-01   5.370250E-01   5.467793E-01
   5.565086E-01   5.662159E-01   5.759067E-01   5.855903E-01   5.952690E-01
   6.049515E-01   6.146561E-01   6.243909E-01   6.341684E-01   6.439984E-01
   6.538904E-01   6.546863E-01   5.018292E-01   5.026468E-01   5.125921E-01
   5.224993E-01   5.323683E-01   5.421997E-01   5.519949E-01   5.617557E-01
   5.714821E-01   5.811774E-01   5.908461E-01   6.004913E-01   6.101301E-01
   6.197645E-01   6.294020E-01   6.390568E-01   6.487423E-01   6.584726E-01
   6.682638E-01   6.781310E-01   6.789177E-01   5.266353E-01   5.274522E-01
   5.373946E-01   5.472951E-01   5.571527E-01   5.669668E-01   5.767387E-01
   5.864731E-01   5.961674E-01   6.058259E-01   6.154588E-01   6.250672E-01
   6.346586E-01   6.442387E-01   6.538160E-01   6.634040E-01   6.730238E-01
   6.826938E-01   6.924346E-01   7.022664E-01   7.030400E-01   5.514529E-01
   5.522683E-01   5.622048E-01   5.720936E-01   5.819342E-01   5.917271E-01
   6.014718E-01   6.111812E-01   6.208514E-01   6.304821E-01   6.400782E-01
   6.496419E-01   6.591768E-01   6.686916E-01   6.781958E-01   6.877028E-01
   6.972348E-01   7.068192E-01   7.164855E-01   7.262641E-01   7.270172E-01
   5.762704E-01   5.770835E-01   5.870126E-01   5.968874E-01   6.067107E-01
   6.164894E-01   6.262212E-01   6.359097E-01   6.455543E-01   6.551529E-01
   6.647072E-01   6.742221E-01   6.836979E-01   6.931387E-01   7.025524E-01
   7.119524E-01   7.213633E-01   7.308263E-01   7.403855E-01   7.500853E-01
   7.508074E-01   6.010860E-01   6.018960E-01   6.118204E-01   6.216916E-01
   6.315096E-01   6.412773E-01   6.509941E-01   6.606598E-01   6.702785E-01
   6.798465E-01   6.893618E-01   6.988251E-01   7.082349E-01   7.175902E-01
   7.268942E-01   7.361570E-01   7.454034E-01   7.546923E-01   7.640902E-01
   7.736591E-01   7.743283E-01   6.259330E-01   6.267407E-01   6.366597E-01
   6.465253E-01   6.563353E-01   6.660908E-01   6.757944E-01   6.854436E-01
   6.950384E-01   7.045756E-01   7.140506E-01   7.234602E-01   7.328021E-01
   7.420679E-01   7.512484E-01   7.603362E-01   7.693455E-01   7.783751E-01
   7.875278E-01   7.968624E-01   7.974349E-01   6.508085E-01   6.516142E-01
   6.615268E-01   6.713870E-01   6.811921E-01   6.909404E-01   7.006322E-01
   7.102652E-01   7.198365E-01   7.293450E-01   7.387841E-01   7.481463E-01
   7.574242E-01   7.666032E-01   7.756548E-01   7.845257E-01   7.931730E-01
   8.017925E-01   8.105718E-01   8.194780E-01   8.198794E-01   6.757124E-01
   6.765180E-01   6.864304E-01   6.962869E-01   7.060867E-01   7.158270E-01
   7.255073E-01   7.351275E-01   7.446824E-01   7.541680E-01   7.635779E-01
   7.729008E-01   7.821240E-01   7.912267E-01   8.001594E-01   8.087843E-01
   8.168558E-01   8.247732E-01   8.329394E-01   8.411445E-01   8.412854E-01
   7.006550E-01   7.014603E-01   7.113705E-01   7.212220E-01   7.310172E-01
   7.407525E-01   7.504265E-01   7.600389E-01   7.695836E-01   7.790548E-01
   7.884445E-01   7.977394E-01   8.069201E-01   8.159551E-01   8.247719E-01
   8.331479E-01   8.404418E-01   8.473146E-01   8.543298E-01   8.618752E-01
   8.617119E-01   7.089671E-01   7.122729E-01   7.221815E-01   7.320321E-01
   7.418257E-01   7.515590E-01   7.612314E-01   7.708410E-01   7.803817E-01
   7.898478E-01   7.992300E-01   8.085125E-01   8.176693E-01   8.266458E-01
   8.353057E-01   8.433286E-01   8.502880E-01   8.568130E-01   8.634573E-01
   8.707136E-01   8.759434E-01   5.371298E-01   5.437766E-01   5.537228E-01
   5.636301E-01   5.734986E-01   5.833238E-01   5.931155E-01   6.029051E-01
   6.127193E-01   6.225500E-01   6.323913E-01   6.422412E-01   6.520997E-01
   6.619675E-01   6.718463E-01   6.817376E-01   6.916435E-01   7.015658E-01
   7.115053E-01   7.214635E-01   7.247748E-01   5.537552E-01   5.545759E-01
   5.645194E-01   5.744204E-01   5.842853E-01   5.941105E-01   6.039074E-01
   6.137112E-01   6.235315E-01   6.333639E-01   6.432050E-01   6.530536E-01
   6.629101E-01   6.727753E-01   6.826509E-01   6.925384E-01   7.024399E-01
   7.123580E-01   7.222934E-01   7.322490E-01   7.330650E-01   5.786335E-01
   5.794517E-01   5.893890E-01   5.992798E-01   6.091454E-01   6.189887E-01
   6.288149E-01   6.386399E-01   6.484695E-01   6.583038E-01   6.681427E-01
   6.779864E-01   6.878360E-01   6.976926E-01   7.075580E-01   7.174341E-01
   7.273233E-01   7.372312E-01   7.471575E-01   7.571071E-01   7.579226E-01
   6.034379E-01   6.042552E-01   6.141993E-01   6.241078E-01   6.339909E-01
   6.438532E-01   6.536993E-01   6.635370E-01   6.733709E-01   6.832031E-01
   6.930348E-01   7.028678E-01   7.127044E-01   7.225456E-01   7.323948E-01
   7.422555E-01   7.521303E-01   7.620303E-01   7.719554E-01   7.819073E-01
   7.827240E-01   6.282475E-01   6.290664E-01   6.390176E-01   6.489384E-01
   6.588333E-01   6.687060E-01   6.785602E-01   6.884008E-01   6.982312E-01
   7.080541E-01   7.178718E-01   7.276872E-01   7.375061E-01   7.473292E-01
   7.571626E-01   7.670140E-01   7.768857E-01   7.867831E-01   7.967075E-01
   8.066602E-01   8.074772E-01   6.530662E-01   6.538860E-01   6.638406E-01
   6.737664E-01   6.836650E-01   6.935386E-01   7.033903E-01   7.132240E-01
   7.230422E-01   7.328494E-01   7.426491E-01   7.524451E-01   7.622490E-01
   7.720621E-01   7.818881E-01   7.917325E-01   8.015987E-01   8.114910E-01
   8.214116E-01   8.313622E-01   8.321785E-01   6.778829E-01   6.787023E-01
   6.886564E-01   6.985803E-01   7.084743E-01   7.183399E-01   7.281799E-01
   7.380005E-01   7.478030E-01   7.575945E-01   7.673823E-01   7.771693E-01
   7.869621E-01   7.967636E-01   8.065779E-01   8.164101E-01   8.262651E-01
   8.361471E-01   8.460593E-01   8.560043E-01   8.568185E-01   7.026836E-01
   7.035015E-01   7.134516E-01   7.233675E-01   7.332512E-01   7.431045E-01
   7.529306E-01   7.627407E-01   7.725357E-01   7.823193E-01   7.920967E-01
   8.018713E-01   8.116484E-01   8.214321E-01   8.312276E-01   8.410404E-01
   8.508765E-01   8.607419E-01   8.706403E-01   8.805755E-01   8.813861E-01
   7.274558E-01   7.282724E-01   7.382177E-01   7.481250E-01   7.579999E-01
   7.678481E-01   7.776714E-01   7.874753E-01   7.972615E-01   8.070332E-01
   8.167946E-01   8.265500E-01   8.363043E-01   8.460625E-01   8.558306E-01
   8.656155E-01   8.754248E-01   8.852671E-01   8.951473E-01   9.050701E-01
   9.058760E-01   7.522056E-01   7.530220E-01   7.629669E-01   7.728754E-01
   7.827507E-01   7.925965E-01   8.024150E-01   8.122092E-01   8.219815E-01
   8.317350E-01   8.414735E-01   8.512017E-01   8.609252E-01   8.706493E-01
   8.803816E-01   8.901313E-01   8.999071E-01   9.097212E-01   9.195806E-01
   9.294915E-01   9.302931E-01   7.769711E-01   7.777875E-01   7.877321E-01
   7.976402E-01   8.075132E-01   8.173530E-01   8.271615E-01   8.369410E-01
   8.466935E-01   8.564220E-01   8.661302E-01   8.758234E-01   8.855089E-01
   8.951921E-01   9.048818E-01   9.145903E-01   9.243285E-01   9.341084E-01
   9.439406E-01   9.538341E-01   9.546295E-01   8.017564E-01   8.025722E-01
   8.125151E-01   8.224196E-01   8.322859E-01   8.421149E-01   8.519082E-01
   8.616677E-01   8.713949E-01   8.810928E-01   8.907658E-01   9.004189E-01
   9.100611E-01   9.196986E-01   9.293402E-01   9.389987E-01   9.486879E-01
   9.584226E-01   9.682180E-01   9.780875E-01   9.788739E-01   8.265578E-01
   8.273725E-01   8.373119E-01   8.472095E-01   8.570651E-01   8.668788E-01
   8.766523E-01   8.863882E-01   8.960872E-01   9.057524E-01   9.153893E-01
   9.250017E-01   9.345961E-01   9.441796E-01   9.537618E-01   9.633563E-01
   9.729813E-01   9.826565E-01   9.924024E-01   1.002238E+00   1.003012E+00
   8.513700E-01   8.521831E-01   8.621171E-01   8.720052E-01   8.818472E-01
   8.916437E-01   9.013959E-01   9.111084E-01   9.207812E-01   9.304155E-01
   9.400147E-01   9.495819E-01   9.591218E-01   9.686416E-01   9.781513E-01
   9.876656E-01   9.972060E-01   1.006799E+00   1.016475E+00   1.026263E+00
   1.027018E+00   8.761881E-01   8.769992E-01   8.869275E-01   8.968057E-01
   9.066347E-01   9.164168E-01   9.261524E-01   9.358434E-01   9.454900E-01
   9.550921E-01   9.646510E-01   9.741693E-01   9.836494E-01   9.930960E-01
   1.002518E+00   1.011929E+00   1.021356E+00   1.030836E+00   1.040412E+00
   1.050127E+00   1.050854E+00   9.010147E-01   9.018241E-01   9.117479E-01
   9.216200E-01   9.314405E-01   9.412106E-01   9.509305E-01   9.606005E-01
   9.702214E-01   9.797917E-01   9.893104E-01   9.987775E-01   1.008193E+00
   1.017556E+00   1.026873E+00   1.036154E+00   1.045427E+00   1.054747E+00
   1.064176E+00   1.073779E+00   1.074461E+00   9.258656E-01   9.266734E-01
   9.365929E-01   9.464593E-01   9.562718E-01   9.660307E-01   9.757366E-01
   9.853885E-01   9.949854E-01   1.004525E+00   1.014004E+00   1.023420E+00
   1.032768E+00   1.042043E+00   1.051239E+00   1.060356E+00   1.069417E+00
   1.078505E+00   1.087716E+00   1.097138E+00   1.097745E+00   9.507441E-01
   9.515506E-01   9.614661E-01   9.713275E-01   9.811337E-01   9.908840E-01
   1.000578E+00   1.010213E+00   1.019789E+00   1.029301E+00   1.038744E+00
   1.048112E+00   1.057397E+00   1.066584E+00   1.075650E+00   1.084564E+00
   1.093328E+00   1.102076E+00   1.110961E+00   1.120096E+00   1.120588E+00
   9.756527E-01   9.764587E-01   9.863725E-01   9.962300E-01   1.006031E+00
   1.015774E+00   1.025457E+00   1.035081E+00   1.044639E+00   1.054129E+00
   1.063544E+00   1.072872E+00   1.082102E+00   1.091208E+00   1.100144E+00
   1.108828E+00   1.117188E+00   1.125446E+00   1.133865E+00   1.142596E+00
   1.142933E+00   1.000596E+00   1.001401E+00   1.011314E+00   1.021168E+00
   1.030965E+00   1.040703E+00   1.050381E+00   1.059996E+00   1.069544E+00
   1.079020E+00   1.088415E+00   1.097716E+00   1.106904E+00   1.115943E+00
   1.124763E+00   1.133224E+00   1.141150E+00   1.148847E+00   1.156690E+00
   1.165031E+00   1.165195E+00   1.008907E+00   1.012214E+00   1.022125E+00
   1.031979E+00   1.041774E+00   1.051511E+00   1.061186E+00   1.070799E+00
   1.080343E+00   1.089814E+00   1.099201E+00   1.108492E+00   1.117660E+00
   1.126659E+00   1.135396E+00   1.143704E+00   1.151447E+00   1.158939E+00
   1.166571E+00   1.174731E+00   1.180494E+00   1.136822E+00   1.143464E+00
   1.153410E+00   1.163324E+00   1.173207E+00   1.183063E+00   1.192898E+00
   1.202727E+00   1.212558E+00   1.222394E+00   1.232235E+00   1.242081E+00
   1.251935E+00   1.261798E+00   1.271671E+00   1.281557E+00   1.291459E+00
   1.301378E+00   1.311316E+00   1.321276E+00   1.324591E+00   1.153448E+00
   1.154264E+00   1.164210E+00   1.174124E+00   1.184008E+00   1.193865E+00
   1.203704E+00   1.213536E+00   1.223369E+00   1.233205E+00   1.243045E+00
   1.252890E+00   1.262742E+00   1.272602E+00   1.282473E+00   1.292357E+00
   1.302256E+00   1.312173E+00   1.322110E+00   1.332069E+00   1.332888E+00
   1.178353E+00   1.179170E+00   1.189117E+00   1.199031E+00   1.208918E+00
   1.218782E+00   1.228629E+00   1.238467E+00   1.248302E+00   1.258138E+00
   1.267975E+00   1.277815E+00   1.287661E+00   1.297515E+00   1.307379E+00
   1.317256E+00   1.327149E+00   1.337061E+00   1.346995E+00   1.356952E+00
   1.357771E+00   1.203215E+00   1.204032E+00   1.213982E+00   1.223901E+00
   1.233794E+00   1.243665E+00   1.253519E+00   1.263361E+00   1.273196E+00
   1.283028E+00   1.292859E+00   1.302691E+00   1.312527E+00   1.322371E+00
   1.332225E+00   1.342093E+00   1.351977E+00   1.361884E+00   1.371814E+00
   1.381770E+00   1.382589E+00   1.228056E+00   1.228874E+00   1.238826E+00
   1.248750E+00   1.258647E+00   1.268522E+00   1.278378E+00   1.288219E+00
   1.298051E+00   1.307875E+00   1.317695E+00   1.327516E+00   1.337340E+00
   1.347171E+00   1.357013E+00   1.366871E+00   1.376749E+00   1.386650E+00
   1.396576E+00   1.406530E+00   1.407349E+00   1.252885E+00   1.253703E+00
   1.263657E+00   1.273581E+00   1.283479E+00   1.293353E+00   1.303206E+00
   1.313042E+00   1.322865E+00   1.332678E+00   1.342486E+00   1.352293E+00
   1.362104E+00   1.371922E+00   1.381753E+00   1.391600E+00   1.401468E+00
   1.411361E+00   1.421281E+00   1.431232E+00   1.432049E+00   1.277701E+00
   1.278519E+00   1.288472E+00   1.298394E+00   1.308289E+00   1.318158E+00
   1.328004E+00   1.337831E+00   1.347643E+00   1.357444E+00   1.367239E+00
   1.377032E+00   1.386828E+00   1.396631E+00   1.406447E+00   1.416279E+00
   1.426134E+00   1.436016E+00   1.445928E+00   1.455873E+00   1.456688E+00
   1.302502E+00   1.303319E+00   1.313269E+00   1.323188E+00   1.333077E+00
   1.342939E+00   1.352776E+00   1.362593E+00   1.372394E+00   1.382182E+00
   1.391963E+00   1.401739E+00   1.411517E+00   1.421300E+00   1.431096E+00
   1.440909E+00   1.450745E+00   1.460611E+00   1.470511E+00   1.480448E+00
   1.481261E+00   1.327287E+00   1.328104E+00   1.338052E+00   1.347966E+00
   1.357849E+00   1.367704E+00   1.377533E+00   1.387340E+00   1.397128E+00
   1.406901E+00   1.416662E+00   1.426417E+00   1.436171E+00   1.445930E+00
   1.455699E+00   1.465486E+00   1.475299E+00   1.485143E+00   1.495027E+00
   1.504954E+00   1.505763E+00   1.352064E+00   1.352880E+00   1.362825E+00
   1.372737E+00   1.382615E+00   1.392463E+00   1.402282E+00   1.412077E+00
   1.421849E+00   1.431602E+00   1.441340E+00   1.451069E+00   1.460793E+00
   1.470520E+00   1.480256E+00   1.490010E+00   1.499792E+00   1.509611E+00
   1.519474E+00   1.529388E+00   1.530193E+00   1.376844E+00   1.377659E+00
   1.387602E+00   1.397510E+00   1.407382E+00   1.417221E+00   1.427029E+00
   1.436807E+00   1.446559E+00   1.456288E+00   1.465998E+00   1.475695E+00
   1.485383E+00   1.495072E+00   1.504768E+00   1.514483E+00   1.524227E+00
   1.534013E+00   1.543850E+00   1.553747E+00   1.554546E+00   1.401632E+00
   1.402447E+00   1.412387E+00   1.422290E+00   1.432154E+00   1.441982E+00
   1.451774E+00   1.461534E+00   1.471262E+00   1.480964E+00   1.490641E+00
   1.500300E+00   1.509948E+00   1.519591E+00   1.529240E+00   1.538906E+00
   1.548603E+00   1.558346E+00   1.568149E+00   1.578024E+00   1.578815E+00
   1.426432E+00   1.427245E+00   1.437182E+00   1.447077E+00   1.456932E+00
   1.466746E+00   1.476521E+00   1.486259E+00   1.495963E+00   1.505633E+00
   1.515276E+00   1.524894E+00   1.534495E+00   1.544085E+00   1.553676E+00
   1.563282E+00   1.572919E+00   1.582607E+00   1.592365E+00   1.602211E+00
   1.602991E+00   1.451242E+00   1.452053E+00   1.461986E+00   1.471874E+00
   1.481717E+00   1.491517E+00   1.501274E+00   1.510991E+00   1.520668E+00
   1.530307E+00   1.539911E+00   1.549485E+00   1.559033E+00   1.568562E+00
   1.578085E+00   1.587615E+00   1.597176E+00   1.606791E+00   1.616488E+00
   1.626294E+00   1.627059E+00   1.476064E+00   1.476873E+00   1.486801E+00
   1.496682E+00   1.506515E+00   1.516301E+00   1.526041E+00   1.535736E+00
   1.545386E+00   1.554993E+00   1.564558E+00   1.574084E+00   1.583573E+00
   1.593033E+00   1.602474E+00   1.611913E+00   1.621375E+00   1.630894E+00
   1.640509E+00   1.650258E+00   1.651003E+00   1.500901E+00   1.501709E+00
   1.511633E+00   1.521507E+00   1.531330E+00   1.541104E+00   1.550828E+00
   1.560502E+00   1.570127E+00   1.579703E+00   1.589228E+00   1.598703E+00
   1.608130E+00   1.617513E+00   1.626860E+00   1.636186E+00   1.645523E+00
   1.654915E+00   1.664419E+00   1.674089E+00   1.674804E+00   1.525760E+00
   1.526567E+00   1.536487E+00   1.546355E+00   1.556170E+00   1.565933E+00
   1.575643E+00   1.585299E+00   1.594900E+00   1.604445E+00   1.613931E+00
   1.623357E+00   1.632721E+00   1.642022E+00   1.651263E+00   1.660456E+00
   1.669635E+00   1.678861E+00   1.688214E+00   1.697774E+00   1.698448E+00
   1.550645E+00   1.551451E+00   1.561368E+00   1.571231E+00   1.581040E+00
   1.590793E+00   1.600491E+00   1.610131E+00   1.619711E+00   1.629229E+00
   1.638681E+00   1.648062E+00   1.657366E+00   1.666586E+00   1.675716E+00
   1.684758E+00   1.693744E+00   1.702760E+00   1.711918E+00   1.721332E+00
   1.721948E+00   1.575559E+00   1.576365E+00   1.586280E+00   1.596140E+00
   1.605943E+00   1.615689E+00   1.625377E+00   1.635005E+00   1.644569E+00
   1.654067E+00   1.663491E+00   1.672835E+00   1.682088E+00   1.691235E+00
   1.700260E+00   1.709148E+00   1.717922E+00   1.726696E+00   1.735624E+00
   1.744866E+00   1.745410E+00   1.600506E+00   1.601311E+00   1.611225E+00
   1.621082E+00   1.630882E+00   1.640624E+00   1.650306E+00   1.659926E+00
   1.669481E+00   1.678964E+00   1.688371E+00   1.697690E+00   1.706907E+00
   1.716002E+00   1.724946E+00   1.733710E+00   1.742305E+00   1.750866E+00
   1.759586E+00   1.768671E+00   1.769131E+00   1.608819E+00   1.612126E+00
   1.622040E+00   1.631896E+00   1.641695E+00   1.651435E+00   1.661115E+00
   1.670733E+00   1.680284E+00   1.689763E+00   1.699163E+00   1.708472E+00
   1.717676E+00   1.726750E+00   1.735659E+00   1.744369E+00   1.752893E+00
   1.761372E+00   1.770009E+00   1.779013E+00   1.785196E+00   1.736632E+00
   1.743275E+00   1.753225E+00   1.763145E+00   1.773039E+00   1.782911E+00
   1.792765E+00   1.802609E+00   1.812449E+00   1.822289E+00   1.832130E+00
   1.841976E+00   1.851828E+00   1.861688E+00   1.871559E+00   1.881444E+00
   1.891345E+00   1.901264E+00   1.911204E+00   1.921165E+00   1.924482E+00
   1.753264E+00   1.754080E+00   1.764031E+00   1.773952E+00   1.783847E+00
   1.793719E+00   1.803574E+00   1.813419E+00   1.823260E+00   1.833099E+00
   1.842939E+00   1.852783E+00   1.862633E+00   1.872492E+00   1.882361E+00
   1.892244E+00   1.902143E+00   1.912061E+00   1.922000E+00   1.931962E+00
   1.932782E+00   1.778185E+00   1.779003E+00   1.788955E+00   1.798877E+00
   1.808774E+00   1.818648E+00   1.828506E+00   1.838352E+00   1.848192E+00
   1.858029E+00   1.867866E+00   1.877706E+00   1.887551E+00   1.897405E+00
   1.907269E+00   1.917147E+00   1.927041E+00   1.936956E+00   1.946892E+00
   1.956853E+00   1.957674E+00   1.803069E+00   1.803888E+00   1.813841E+00
   1.823765E+00   1.833664E+00   1.843541E+00   1.853400E+00   1.863247E+00
   1.873084E+00   1.882917E+00   1.892748E+00   1.902581E+00   1.912418E+00
   1.922263E+00   1.932119E+00   1.941989E+00   1.951877E+00   1.961787E+00
   1.971720E+00   1.981679E+00   1.982499E+00   1.827927E+00   1.828745E+00
   1.838699E+00   1.848625E+00   1.858525E+00   1.868402E+00   1.878261E+00
   1.888104E+00   1.897937E+00   1.907763E+00   1.917586E+00   1.927408E+00
   1.937235E+00   1.947069E+00   1.956914E+00   1.966775E+00   1.976655E+00
   1.986558E+00   1.996486E+00   2.006442E+00   2.007262E+00   1.852763E+00
   1.853582E+00   1.863536E+00   1.873461E+00   1.883360E+00   1.893236E+00
   1.903091E+00   1.912929E+00   1.922754E+00   1.932570E+00   1.942382E+00
   1.952192E+00   1.962005E+00   1.971826E+00   1.981659E+00   1.991507E+00
   2.001377E+00   2.011271E+00   2.021193E+00   2.031145E+00   2.031963E+00
   1.877583E+00   1.878401E+00   1.888354E+00   1.898278E+00   1.908174E+00
   1.918044E+00   1.927893E+00   1.937723E+00   1.947539E+00   1.957343E+00
   1.967141E+00   1.976936E+00   1.986734E+00   1.996538E+00   2.006355E+00
   2.016188E+00   2.026044E+00   2.035926E+00   2.045839E+00   2.055786E+00
   2.056602E+00   1.902388E+00   1.903206E+00   1.913157E+00   1.923077E+00
   1.932968E+00   1.942833E+00   1.952673E+00   1.962494E+00   1.972297E+00
   1.982087E+00   1.991869E+00   2.001646E+00   2.011425E+00   2.021209E+00
   2.031005E+00   2.040819E+00   2.050656E+00   2.060523E+00   2.070424E+00
   2.080363E+00   2.081177E+00   1.927182E+00   1.927998E+00   1.937947E+00
   1.947863E+00   1.957749E+00   1.967606E+00   1.977437E+00   1.987246E+00
   1.997035E+00   2.006808E+00   2.016570E+00   2.026326E+00   2.036080E+00
   2.045839E+00   2.055609E+00   2.065398E+00   2.075212E+00   2.085059E+00
   2.094944E+00   2.104874E+00   2.105684E+00   1.951969E+00   1.952784E+00
   1.962730E+00   1.972643E+00   1.982522E+00   1.992370E+00   2.002191E+00
   2.011985E+00   2.021757E+00   2.031511E+00   2.041249E+00   2.050978E+00
   2.060703E+00   2.070431E+00   2.080169E+00   2.089926E+00   2.099711E+00
   2.109532E+00   2.119398E+00   2.129315E+00   2.130122E+00   1.976756E+00
   1.977570E+00   1.987514E+00   1.997421E+00   2.007293E+00   2.017132E+00
   2.026939E+00   2.036717E+00   2.046469E+00   2.056198E+00   2.065909E+00
   2.075607E+00   2.085297E+00   2.094988E+00   2.104687E+00   2.114405E+00
   2.124154E+00   2.133943E+00   2.143784E+00   2.153685E+00   2.154486E+00
   2.001548E+00   2.002361E+00   2.012301E+00   2.022203E+00   2.032066E+00
   2.041893E+00   2.051685E+00   2.061445E+00   2.071174E+00   2.080877E+00
   2.090556E+00   2.100217E+00   2.109867E+00   2.119514E+00   2.129167E+00
   2.138838E+00   2.148540E+00   2.158289E+00   2.168098E+00   2.177979E+00
   2.178772E+00   2.026348E+00   2.027161E+00   2.037097E+00   2.046991E+00
   2.056845E+00   2.066659E+00   2.076435E+00   2.086174E+00   2.095879E+00
   2.105551E+00   2.115196E+00   2.124817E+00   2.134421E+00   2.144016E+00
   2.153614E+00   2.163227E+00   2.172873E+00   2.182570E+00   2.192338E+00
   2.202192E+00   2.202976E+00   2.051160E+00   2.051970E+00   2.061902E+00
   2.071790E+00   2.081634E+00   2.091434E+00   2.101193E+00   2.110911E+00
   2.120589E+00   2.130231E+00   2.139838E+00   2.149415E+00   2.158967E+00
   2.168504E+00   2.178036E+00   2.187579E+00   2.197155E+00   2.206787E+00
   2.216501E+00   2.226320E+00   2.227092E+00   2.075985E+00   2.076794E+00
   2.086722E+00   2.096602E+00   2.106436E+00   2.116223E+00   2.125965E+00
   2.135662E+00   2.145314E+00   2.154924E+00   2.164492E+00   2.174021E+00
   2.183518E+00   2.192988E+00   2.202444E+00   2.211904E+00   2.221394E+00
   2.230944E+00   2.240590E+00   2.250362E+00   2.251118E+00   2.100827E+00
   2.101635E+00   2.111559E+00   2.121433E+00   2.131257E+00   2.141032E+00
   2.150758E+00   2.160434E+00   2.170061E+00   2.179639E+00   2.189168E+00
   2.198650E+00   2.208086E+00   2.217485E+00   2.226856E+00   2.236219E+00
   2.245604E+00   2.255053E+00   2.264611E+00   2.274325E+00   2.275059E+00
   2.125691E+00   2.126498E+00   2.136419E+00   2.146287E+00   2.156103E+00
   2.165867E+00   2.175578E+00   2.185236E+00   2.194840E+00   2.204388E+00
   2.213879E+00   2.223313E+00   2.232691E+00   2.242014E+00   2.251294E+00
   2.260548E+00   2.269812E+00   2.279139E+00   2.288591E+00   2.298231E+00
   2.298937E+00   2.150581E+00   2.151387E+00   2.161305E+00   2.171168E+00
   2.180978E+00   2.190733E+00   2.200432E+00   2.210074E+00   2.219657E+00
   2.229179E+00   2.238638E+00   2.248029E+00   2.257350E+00   2.266602E+00
   2.275790E+00   2.284930E+00   2.294063E+00   2.303252E+00   2.312582E+00
   2.322135E+00   2.322807E+00   2.175500E+00   2.176305E+00   2.186221E+00
   2.196081E+00   2.205886E+00   2.215633E+00   2.225323E+00   2.234953E+00
   2.244521E+00   2.254023E+00   2.263455E+00   2.272811E+00   2.282087E+00
   2.291278E+00   2.300384E+00   2.309419E+00   2.318424E+00   2.327477E+00
   2.336682E+00   2.346144E+00   2.346777E+00   2.200450E+00   2.201255E+00
   2.211170E+00   2.221028E+00   2.230829E+00   2.240572E+00   2.250256E+00
   2.259879E+00   2.269437E+00   2.278926E+00   2.288341E+00   2.297675E+00
   2.306920E+00   2.316069E+00   2.325118E+00   2.334077E+00   2.342987E+00
   2.351937E+00   2.361043E+00   2.370427E+00   2.371015E+00   2.208765E+00
   2.212072E+00   2.221986E+00   2.231843E+00   2.241644E+00   2.251386E+00
   2.261068E+00   2.270688E+00   2.280243E+00   2.289727E+00   2.299137E+00
   2.308463E+00   2.317697E+00   2.326830E+00   2.335858E+00   2.344788E+00
   2.353663E+00   2.362573E+00   2.371639E+00   2.380980E+00   2.387332E+00
   2.396551E+00   2.403199E+00   2.413151E+00   2.423074E+00   2.432972E+00
   2.442849E+00   2.452710E+00   2.462559E+00   2.472402E+00   2.482244E+00
   2.492086E+00   2.501931E+00   2.511783E+00   2.521643E+00   2.531514E+00
   2.541399E+00   2.551300E+00   2.561221E+00   2.571162E+00   2.581127E+00
   2.584451E+00   2.413188E+00   2.414008E+00   2.423961E+00   2.433885E+00
   2.443783E+00   2.453660E+00   2.463520E+00   2.473369E+00   2.483212E+00
   2.493052E+00   2.502893E+00   2.512737E+00   2.522587E+00   2.532445E+00
   2.542314E+00   2.552197E+00   2.562097E+00   2.572016E+00   2.581956E+00
   2.591921E+00   2.592748E+00   2.438115E+00   2.438935E+00   2.448889E+00
   2.458814E+00   2.468714E+00   2.478592E+00   2.488453E+00   2.498302E+00
   2.508143E+00   2.517981E+00   2.527818E+00   2.537658E+00   2.547503E+00
   2.557356E+00   2.567220E+00   2.577099E+00   2.586994E+00   2.596910E+00
   2.606848E+00   2.616812E+00   2.617638E+00   2.463005E+00   2.463826E+00
   2.473781E+00   2.483707E+00   2.493607E+00   2.503486E+00   2.513347E+00
   2.523195E+00   2.533033E+00   2.542867E+00   2.552698E+00   2.562530E+00
   2.572368E+00   2.582213E+00   2.592069E+00   2.601940E+00   2.611830E+00
   2.621740E+00   2.631675E+00   2.641637E+00   2.642463E+00   2.487868E+00
   2.488688E+00   2.498643E+00   2.508569E+00   2.518470E+00   2.528348E+00
   2.538207E+00   2.548052E+00   2.557885E+00   2.567711E+00   2.577534E+00
   2.587357E+00   2.597184E+00   2.607018E+00   2.616864E+00   2.626726E+00
   2.636607E+00   2.646510E+00   2.656440E+00   2.666399E+00   2.667224E+00
   2.512707E+00   2.513527E+00   2.523481E+00   2.533407E+00   2.543306E+00
   2.553182E+00   2.563037E+00   2.572876E+00   2.582701E+00   2.592518E+00
   2.602330E+00   2.612140E+00   2.621954E+00   2.631775E+00   2.641608E+00
   2.651457E+00   2.661327E+00   2.671222E+00   2.681145E+00   2.691099E+00
   2.691923E+00   2.537529E+00   2.538348E+00   2.548301E+00   2.558224E+00
   2.568120E+00   2.577991E+00   2.587840E+00   2.597671E+00   2.607486E+00
   2.617291E+00   2.627089E+00   2.636884E+00   2.646682E+00   2.656486E+00
   2.666303E+00   2.676137E+00   2.685992E+00   2.695875E+00   2.705789E+00
   2.715738E+00   2.716560E+00   2.562336E+00   2.563154E+00   2.573105E+00
   2.583025E+00   2.592916E+00   2.602781E+00   2.612622E+00   2.622442E+00
   2.632245E+00   2.642036E+00   2.651817E+00   2.661594E+00   2.671372E+00
   2.681156E+00   2.690951E+00   2.700765E+00   2.710602E+00   2.720469E+00
   2.730372E+00   2.740313E+00   2.741133E+00   2.587132E+00   2.587949E+00
   2.597897E+00   2.607814E+00   2.617699E+00   2.627556E+00   2.637387E+00
   2.647195E+00   2.656984E+00   2.666757E+00   2.676518E+00   2.686273E+00
   2.696026E+00   2.705784E+00   2.715554E+00   2.725342E+00   2.735156E+00
   2.745004E+00   2.754891E+00   2.764823E+00   2.765639E+00   2.611923E+00
   2.612738E+00   2.622684E+00   2.632595E+00   2.642474E+00   2.652322E+00
   2.662142E+00   2.671935E+00   2.681706E+00   2.691459E+00   2.701196E+00
   2.710924E+00   2.720648E+00   2.730375E+00   2.740113E+00   2.749870E+00
   2.759655E+00   2.769477E+00   2.779345E+00   2.789265E+00   2.790077E+00
   2.636713E+00   2.637527E+00   2.647469E+00   2.657375E+00   2.667247E+00
   2.677084E+00   2.686890E+00   2.696667E+00   2.706418E+00   2.716146E+00
   2.725856E+00   2.735552E+00   2.745242E+00   2.754932E+00   2.764631E+00
   2.774349E+00   2.784098E+00   2.793888E+00   2.803731E+00   2.813636E+00
   2.814443E+00   2.661507E+00   2.662319E+00   2.672258E+00   2.682158E+00
   2.692021E+00   2.701847E+00   2.711637E+00   2.721396E+00   2.731124E+00
   2.740825E+00   2.750503E+00   2.760164E+00   2.769813E+00   2.779459E+00
   2.789111E+00   2.798783E+00   2.808487E+00   2.818237E+00   2.828049E+00
   2.837933E+00   2.838734E+00   2.686309E+00   2.687120E+00   2.697055E+00
   2.706948E+00   2.716801E+00   2.726614E+00   2.736388E+00   2.746126E+00
   2.755830E+00   2.765501E+00   2.775145E+00   2.784765E+00   2.794368E+00
   2.803963E+00   2.813560E+00   2.823175E+00   2.832823E+00   2.842524E+00
   2.852296E+00   2.862155E+00   2.862947E+00   2.711122E+00   2.711931E+00
   2.721862E+00   2.731748E+00   2.741591E+00   2.751390E+00   2.761148E+00
   2.770865E+00   2.780542E+00   2.790183E+00   2.799789E+00   2.809365E+00
   2.818917E+00   2.828453E+00   2.837987E+00   2.847533E+00   2.857114E+00
   2.866752E+00   2.876473E+00   2.886299E+00   2.887080E+00   2.735950E+00
   2.736757E+00   2.746683E+00   2.756563E+00   2.766395E+00   2.776182E+00
   2.785923E+00   2.795618E+00   2.805270E+00   2.814878E+00   2.824445E+00
   2.833974E+00   2.843471E+00   2.852942E+00   2.862402E+00   2.871869E+00
   2.881368E+00   2.890930E+00   2.900587E+00   2.910371E+00   2.911135E+00
   2.760795E+00   2.761601E+00   2.771523E+00   2.781396E+00   2.791220E+00
   2.800994E+00   2.810718E+00   2.820394E+00   2.830020E+00   2.839597E+00
   2.849125E+00   2.858606E+00   2.868044E+00   2.877447E+00   2.886825E+00
   2.896201E+00   2.905604E+00   2.915074E+00   2.924654E+00   2.934385E+00
   2.935128E+00   2.785663E+00   2.786467E+00   2.796386E+00   2.806253E+00
   2.816068E+00   2.825831E+00   2.835542E+00   2.845199E+00   2.854802E+00
   2.864349E+00   2.873840E+00   2.883275E+00   2.892656E+00   2.901986E+00
   2.911279E+00   2.920556E+00   2.929852E+00   2.939216E+00   2.948705E+00
   2.958373E+00   2.959088E+00   2.810556E+00   2.811359E+00   2.821275E+00
   2.831138E+00   2.840946E+00   2.850700E+00   2.860399E+00   2.870040E+00
   2.879623E+00   2.889145E+00   2.898603E+00   2.907997E+00   2.917324E+00
   2.926588E+00   2.935797E+00   2.944974E+00   2.954158E+00   2.963410E+00
   2.972800E+00   2.982397E+00   2.983078E+00   2.835479E+00   2.836281E+00
   2.846195E+00   2.856054E+00   2.865857E+00   2.875604E+00   2.885294E+00
   2.894923E+00   2.904491E+00   2.913993E+00   2.923427E+00   2.932787E+00
   2.942071E+00   2.951278E+00   2.960415E+00   2.969504E+00   2.978587E+00
   2.987733E+00   2.997028E+00   3.006555E+00   3.007198E+00   2.860433E+00
   2.861234E+00   2.871147E+00   2.881004E+00   2.890805E+00   2.900548E+00
   2.910232E+00   2.919854E+00   2.929412E+00   2.938902E+00   2.948320E+00
   2.957659E+00   2.966915E+00   2.976084E+00   2.985173E+00   2.994200E+00
   3.003210E+00   3.012280E+00   3.021502E+00   3.030969E+00   3.031568E+00
   2.868754E+00   2.872057E+00   2.881969E+00   2.891826E+00   2.901625E+00
   2.911367E+00   2.921049E+00   2.930670E+00   2.940225E+00   2.949711E+00
   2.959124E+00   2.968456E+00   2.977702E+00   2.986859E+00   2.995928E+00
   3.004930E+00   3.013908E+00   3.022942E+00   3.032128E+00   3.041556E+00
   3.047903E+00
