      0  0.00000000E+00     NSTEP   TIME
 SURFACE NODE              X              Y  PRESSURE HEAD
            1   0.000000E+00   1.000000E+01  -2.729000E-01
            2   5.000000E-01   1.000000E+01  -2.714000E-01
            3   1.000000E+00   1.000000E+01  -2.714000E-01
            4   1.500000E+00   1.000000E+01  -2.715000E-01
            5   2.000000E+00   1.000000E+01  -2.716000E-01
            6   2.500000E+00   1.000000E+01  -2.715000E-01
            7   3.000000E+00   1.000000E+01  -2.715000E-01
            8   3.500000E+00   1.000000E+01  -2.714000E-01
            9   4.000000E+00   1.000000E+01  -2.712000E-01
           10   4.500000E+00   1.000000E+01  -2.709000E-01
           11   5.000000E+00   1.000000E+01  -2.705000E-01
           12   5.500000E+00   1.000000E+01  -2.700000E-01
           13   6.000000E+00   1.000000E+01  -2.694000E-01
           14   6.500000E+00   1.000000E+01  -2.688000E-01
           15   7.000000E+00   1.000000E+01  -2.681000E-01
           16   7.500000E+00   1.000000E+01  -2.673000E-01
           17   8.000000E+00   1.000000E+01  -2.664000E-01
           18   8.500000E+00   1.000000E+01  -2.655000E-01
           19   9.000000E+00   1.000000E+01  -2.647000E-01
           20   9.500000E+00   1.000000E+01  -2.616000E-01
           21   1.000000E+01   1.000000E+01  -2.621000E-01
           22   0.000000E+00   9.500000E+00  -2.707000E-01
           23   5.000000E-01   9.500000E+00  -2.672000E-01
           24   1.000000E+00   9.500000E+00  -2.665000E-01
           25   1.500000E+00   9.500000E+00  -2.667000E-01
           26   2.000000E+00   9.500000E+00  -2.668000E-01
           27   2.500000E+00   9.500000E+00  -2.668000E-01
           28   3.000000E+00   9.500000E+00  -2.667000E-01
           29   3.500000E+00   9.500000E+00  -2.666000E-01
           30   4.000000E+00   9.500000E+00  -2.665000E-01
           31   4.500000E+00   9.500000E+00  -2.662000E-01
           32   5.000000E+00   9.500000E+00  -2.661000E-01
           33   5.500000E+00   9.500000E+00  -2.659000E-01
           34   6.000000E+00   9.500000E+00  -2.656000E-01
           35   6.500000E+00   9.500000E+00  -2.652000E-01
           36   7.000000E+00   9.500000E+00  -2.649000E-01
           37   7.500000E+00   9.500000E+00  -2.643000E-01
           38   8.000000E+00   9.500000E+00  -2.636000E-01
           39   8.500000E+00   9.500000E+00  -2.628000E-01
           40   9.000000E+00   9.500000E+00  -2.619000E-01
           41   9.500000E+00   9.500000E+00  -2.594000E-01
           42   1.000000E+01   9.500000E+00  -2.604000E-01
           43   0.000000E+00   9.000000E+00  -2.706000E-01
           44   5.000000E-01   9.000000E+00  -2.667000E-01
           45   1.000000E+00   9.000000E+00  -2.659000E-01
           46   1.500000E+00   9.000000E+00  -2.662000E-01
           47   2.000000E+00   9.000000E+00  -2.659000E-01
           48   2.500000E+00   9.000000E+00  -2.656000E-01
           49   3.000000E+00   9.000000E+00  -2.654000E-01
           50   3.500000E+00   9.000000E+00  -2.650000E-01
           51   4.000000E+00   9.000000E+00  -2.647000E-01
           52   4.500000E+00   9.000000E+00  -2.643000E-01
           53   5.000000E+00   9.000000E+00  -2.639000E-01
           54   5.500000E+00   9.000000E+00  -2.633000E-01
           55   6.000000E+00   9.000000E+00  -2.628000E-01
           56   6.500000E+00   9.000000E+00  -2.621000E-01
           57   7.000000E+00   9.000000E+00  -2.613000E-01
           58   7.500000E+00   9.000000E+00  -2.604000E-01
           59   8.000000E+00   9.000000E+00  -2.592000E-01
           60   8.500000E+00   9.000000E+00  -2.579000E-01
           61   9.000000E+00   9.000000E+00  -2.564000E-01
           62   9.500000E+00   9.000000E+00  -2.534000E-01
           63   1.000000E+01   9.000000E+00  -2.534000E-01
           64   0.000000E+00   8.500000E+00  -2.702000E-01
           65   5.000000E-01   8.500000E+00  -2.667000E-01
           66   1.000000E+00   8.500000E+00  -2.657000E-01
           67   1.500000E+00   8.500000E+00  -2.658000E-01
           68   2.000000E+00   8.500000E+00  -2.654000E-01
           69   2.500000E+00   8.500000E+00  -2.650000E-01
           70   3.000000E+00   8.500000E+00  -2.646000E-01
           71   3.500000E+00   8.500000E+00  -2.642000E-01
           72   4.000000E+00   8.500000E+00  -2.636000E-01
           73   4.500000E+00   8.500000E+00  -2.631000E-01
           74   5.000000E+00   8.500000E+00  -2.625000E-01
           75   5.500000E+00   8.500000E+00  -2.617000E-01
           76   6.000000E+00   8.500000E+00  -2.608000E-01
           77   6.500000E+00   8.500000E+00  -2.598000E-01
           78   7.000000E+00   8.500000E+00  -2.587000E-01
           79   7.500000E+00   8.500000E+00  -2.573000E-01
           80   8.000000E+00   8.500000E+00  -2.556000E-01
           81   8.500000E+00   8.500000E+00  -2.536000E-01
           82   9.000000E+00   8.500000E+00  -2.515000E-01
           83   9.500000E+00   8.500000E+00  -2.478000E-01
           84   1.000000E+01   8.500000E+00  -2.480000E-01
           85   0.000000E+00   8.000000E+00  -2.693000E-01
           86   5.000000E-01   8.000000E+00  -2.662000E-01
           87   1.000000E+00   8.000000E+00  -2.648000E-01
           88   1.500000E+00   8.000000E+00  -2.648000E-01
           89   2.000000E+00   8.000000E+00  -2.642000E-01
           90   2.500000E+00   8.000000E+00  -2.637000E-01
           91   3.000000E+00   8.000000E+00  -2.631000E-01
           92   3.500000E+00   8.000000E+00  -2.625000E-01
           93   4.000000E+00   8.000000E+00  -2.618000E-01
           94   4.500000E+00   8.000000E+00  -2.610000E-01
           95   5.000000E+00   8.000000E+00  -2.601000E-01
           96   5.500000E+00   8.000000E+00  -2.590000E-01
           97   6.000000E+00   8.000000E+00  -2.577000E-01
           98   6.500000E+00   8.000000E+00  -2.563000E-01
           99   7.000000E+00   8.000000E+00  -2.546000E-01
          100   7.500000E+00   8.000000E+00  -2.526000E-01
          101   8.000000E+00   8.000000E+00  -2.503000E-01
          102   8.500000E+00   8.000000E+00  -2.477000E-01
          103   9.000000E+00   8.000000E+00  -2.447000E-01
          104   9.500000E+00   8.000000E+00  -2.403000E-01
          105   1.000000E+01   8.000000E+00  -2.402000E-01
          106   0.000000E+00   7.500000E+00  -2.677000E-01
          107   5.000000E-01   7.500000E+00  -2.654000E-01
          108   1.000000E+00   7.500000E+00  -2.637000E-01
          109   1.500000E+00   7.500000E+00  -2.635000E-01
          110   2.000000E+00   7.500000E+00  -2.627000E-01
          111   2.500000E+00   7.500000E+00  -2.621000E-01
          112   3.000000E+00   7.500000E+00  -2.612000E-01
          113   3.500000E+00   7.500000E+00  -2.603000E-01
          114   4.000000E+00   7.500000E+00  -2.593000E-01
          115   4.500000E+00   7.500000E+00  -2.582000E-01
          116   5.000000E+00   7.500000E+00  -2.568000E-01
          117   5.500000E+00   7.500000E+00  -2.552000E-01
          118   6.000000E+00   7.500000E+00  -2.535000E-01
          119   6.500000E+00   7.500000E+00  -2.514000E-01
          120   7.000000E+00   7.500000E+00  -2.490000E-01
          121   7.500000E+00   7.500000E+00  -2.464000E-01
          122   8.000000E+00   7.500000E+00  -2.432000E-01
          123   8.500000E+00   7.500000E+00  -2.398000E-01
          124   9.000000E+00   7.500000E+00  -2.359000E-01
          125   9.500000E+00   7.500000E+00  -2.306000E-01
          126   1.000000E+01   7.500000E+00  -2.303000E-01
          127   0.000000E+00   7.000000E+00  -2.657000E-01
          128   5.000000E-01   7.000000E+00  -2.644000E-01
          129   1.000000E+00   7.000000E+00  -2.622000E-01
          130   1.500000E+00   7.000000E+00  -2.617000E-01
          131   2.000000E+00   7.000000E+00  -2.608000E-01
          132   2.500000E+00   7.000000E+00  -2.598000E-01
          133   3.000000E+00   7.000000E+00  -2.587000E-01
          134   3.500000E+00   7.000000E+00  -2.573000E-01
          135   4.000000E+00   7.000000E+00  -2.559000E-01
          136   4.500000E+00   7.000000E+00  -2.542000E-01
          137   5.000000E+00   7.000000E+00  -2.522000E-01
          138   5.500000E+00   7.000000E+00  -2.501000E-01
          139   6.000000E+00   7.000000E+00  -2.476000E-01
          140   6.500000E+00   7.000000E+00  -2.448000E-01
          141   7.000000E+00   7.000000E+00  -2.417000E-01
          142   7.500000E+00   7.000000E+00  -2.381000E-01
          143   8.000000E+00   7.000000E+00  -2.341000E-01
          144   8.500000E+00   7.000000E+00  -2.297000E-01
          145   9.000000E+00   7.000000E+00  -2.248000E-01
          146   9.500000E+00   7.000000E+00  -2.186000E-01
          147   1.000000E+01   7.000000E+00  -2.180000E-01
          148   0.000000E+00   6.500000E+00  -2.633000E-01
          149   5.000000E-01   6.500000E+00  -2.629000E-01
          150   1.000000E+00   6.500000E+00  -2.602000E-01
          151   1.500000E+00   6.500000E+00  -2.594000E-01
          152   2.000000E+00   6.500000E+00  -2.580000E-01
          153   2.500000E+00   6.500000E+00  -2.565000E-01
          154   3.000000E+00   6.500000E+00  -2.549000E-01
          155   3.500000E+00   6.500000E+00  -2.531000E-01
          156   4.000000E+00   6.500000E+00  -2.510000E-01
          157   4.500000E+00   6.500000E+00  -2.486000E-01
          158   5.000000E+00   6.500000E+00  -2.461000E-01
          159   5.500000E+00   6.500000E+00  -2.431000E-01
          160   6.000000E+00   6.500000E+00  -2.398000E-01
          161   6.500000E+00   6.500000E+00  -2.362000E-01
          162   7.000000E+00   6.500000E+00  -2.321000E-01
          163   7.500000E+00   6.500000E+00  -2.276000E-01
          164   8.000000E+00   6.500000E+00  -2.226000E-01
          165   8.500000E+00   6.500000E+00  -2.171000E-01
          166   9.000000E+00   6.500000E+00  -2.110000E-01
          167   9.500000E+00   6.500000E+00  -2.039000E-01
          168   1.000000E+01   6.500000E+00  -2.032000E-01
          169   0.000000E+00   6.000000E+00  -2.605000E-01
          170   5.000000E-01   6.000000E+00  -2.605000E-01
          171   1.000000E+00   6.000000E+00  -2.573000E-01
          172   1.500000E+00   6.000000E+00  -2.559000E-01
          173   2.000000E+00   6.000000E+00  -2.540000E-01
          174   2.500000E+00   6.000000E+00  -2.520000E-01
          175   3.000000E+00   6.000000E+00  -2.497000E-01
          176   3.500000E+00   6.000000E+00  -2.471000E-01
          177   4.000000E+00   6.000000E+00  -2.443000E-01
          178   4.500000E+00   6.000000E+00  -2.413000E-01
          179   5.000000E+00   6.000000E+00  -2.378000E-01
          180   5.500000E+00   6.000000E+00  -2.339000E-01
          181   6.000000E+00   6.000000E+00  -2.297000E-01
          182   6.500000E+00   6.000000E+00  -2.251000E-01
          183   7.000000E+00   6.000000E+00  -2.200000E-01
          184   7.500000E+00   6.000000E+00  -2.144000E-01
          185   8.000000E+00   6.000000E+00  -2.084000E-01
          186   8.500000E+00   6.000000E+00  -2.019000E-01
          187   9.000000E+00   6.000000E+00  -1.950000E-01
          188   9.500000E+00   6.000000E+00  -1.872000E-01
          189   1.000000E+01   6.000000E+00  -1.863000E-01
          190   0.000000E+00   5.500000E+00  -2.567000E-01
          191   5.000000E-01   5.500000E+00  -2.568000E-01
          192   1.000000E+00   5.500000E+00  -2.531000E-01
          193   1.500000E+00   5.500000E+00  -2.510000E-01
          194   2.000000E+00   5.500000E+00  -2.485000E-01
          195   2.500000E+00   5.500000E+00  -2.456000E-01
          196   3.000000E+00   5.500000E+00  -2.426000E-01
          197   3.500000E+00   5.500000E+00  -2.392000E-01
          198   4.000000E+00   5.500000E+00  -2.355000E-01
          199   4.500000E+00   5.500000E+00  -2.315000E-01
          200   5.000000E+00   5.500000E+00  -2.270000E-01
          201   5.500000E+00   5.500000E+00  -2.223000E-01
          202   6.000000E+00   5.500000E+00  -2.170000E-01
          203   6.500000E+00   5.500000E+00  -2.114000E-01
          204   7.000000E+00   5.500000E+00  -2.053000E-01
          205   7.500000E+00   5.500000E+00  -1.989000E-01
          206   8.000000E+00   5.500000E+00  -1.920000E-01
          207   8.500000E+00   5.500000E+00  -1.847000E-01
          208   9.000000E+00   5.500000E+00  -1.771000E-01
          209   9.500000E+00   5.500000E+00  -1.686000E-01
          210   1.000000E+01   5.500000E+00  -1.677000E-01
          211   0.000000E+00   5.000000E+00  -2.514000E-01
          212   5.000000E-01   5.000000E+00  -2.515000E-01
          213   1.000000E+00   5.000000E+00  -2.471000E-01
          214   1.500000E+00   5.000000E+00  -2.441000E-01
          215   2.000000E+00   5.000000E+00  -2.407000E-01
          216   2.500000E+00   5.000000E+00  -2.370000E-01
          217   3.000000E+00   5.000000E+00  -2.331000E-01
          218   3.500000E+00   5.000000E+00  -2.287000E-01
          219   4.000000E+00   5.000000E+00  -2.241000E-01
          220   4.500000E+00   5.000000E+00  -2.190000E-01
          221   5.000000E+00   5.000000E+00  -2.136000E-01
          222   5.500000E+00   5.000000E+00  -2.078000E-01
          223   6.000000E+00   5.000000E+00  -2.017000E-01
          224   6.500000E+00   5.000000E+00  -1.953000E-01
          225   7.000000E+00   5.000000E+00  -1.884000E-01
          226   7.500000E+00   5.000000E+00  -1.813000E-01
          227   8.000000E+00   5.000000E+00  -1.738000E-01
          228   8.500000E+00   5.000000E+00  -1.657000E-01
          229   9.000000E+00   5.000000E+00  -1.574000E-01
          230   9.500000E+00   5.000000E+00  -1.485000E-01
          231   1.000000E+01   5.000000E+00  -1.477000E-01
          232   0.000000E+00   4.500000E+00  -2.441000E-01
          233   5.000000E-01   4.500000E+00  -2.439000E-01
          234   1.000000E+00   4.500000E+00  -2.389000E-01
          235   1.500000E+00   4.500000E+00  -2.349000E-01
          236   2.000000E+00   4.500000E+00  -2.306000E-01
          237   2.500000E+00   4.500000E+00  -2.259000E-01
          238   3.000000E+00   4.500000E+00  -2.209000E-01
          239   3.500000E+00   4.500000E+00  -2.156000E-01
          240   4.000000E+00   4.500000E+00  -2.099000E-01
          241   4.500000E+00   4.500000E+00  -2.039000E-01
          242   5.000000E+00   4.500000E+00  -1.977000E-01
          243   5.500000E+00   4.500000E+00  -1.911000E-01
          244   6.000000E+00   4.500000E+00  -1.843000E-01
          245   6.500000E+00   4.500000E+00  -1.772000E-01
          246   7.000000E+00   4.500000E+00  -1.697000E-01
          247   7.500000E+00   4.500000E+00  -1.619000E-01
          248   8.000000E+00   4.500000E+00  -1.538000E-01
          249   8.500000E+00   4.500000E+00  -1.454000E-01
          250   9.000000E+00   4.500000E+00  -1.368000E-01
          251   9.500000E+00   4.500000E+00  -1.277000E-01
          252   1.000000E+01   4.500000E+00  -1.269000E-01
          253   0.000000E+00   4.000000E+00  -2.344000E-01
          254   5.000000E-01   4.000000E+00  -2.340000E-01
          255   1.000000E+00   4.000000E+00  -2.282000E-01
          256   1.500000E+00   4.000000E+00  -2.232000E-01
          257   2.000000E+00   4.000000E+00  -2.177000E-01
          258   2.500000E+00   4.000000E+00  -2.120000E-01
          259   3.000000E+00   4.000000E+00  -2.060000E-01
          260   3.500000E+00   4.000000E+00  -1.998000E-01
          261   4.000000E+00   4.000000E+00  -1.933000E-01
          262   4.500000E+00   4.000000E+00  -1.866000E-01
          263   5.000000E+00   4.000000E+00  -1.796000E-01
          264   5.500000E+00   4.000000E+00  -1.724000E-01
          265   6.000000E+00   4.000000E+00  -1.649000E-01
          266   6.500000E+00   4.000000E+00  -1.572000E-01
          267   7.000000E+00   4.000000E+00  -1.494000E-01
          268   7.500000E+00   4.000000E+00  -1.413000E-01
          269   8.000000E+00   4.000000E+00  -1.330000E-01
          270   8.500000E+00   4.000000E+00  -1.245000E-01
          271   9.000000E+00   4.000000E+00  -1.157000E-01
          272   9.500000E+00   4.000000E+00  -1.064000E-01
          273   1.000000E+01   4.000000E+00  -1.057000E-01
          274   0.000000E+00   3.500000E+00  -2.219000E-01
          275   5.000000E-01   3.500000E+00  -2.214000E-01
          276   1.000000E+00   3.500000E+00  -2.146000E-01
          277   1.500000E+00   3.500000E+00  -2.085000E-01
          278   2.000000E+00   3.500000E+00  -2.022000E-01
          279   2.500000E+00   3.500000E+00  -1.956000E-01
          280   3.000000E+00   3.500000E+00  -1.888000E-01
          281   3.500000E+00   3.500000E+00  -1.818000E-01
          282   4.000000E+00   3.500000E+00  -1.747000E-01
          283   4.500000E+00   3.500000E+00  -1.672000E-01
          284   5.000000E+00   3.500000E+00  -1.596000E-01
          285   5.500000E+00   3.500000E+00  -1.519000E-01
          286   6.000000E+00   3.500000E+00  -1.442000E-01
          287   6.500000E+00   3.500000E+00  -1.363000E-01
          288   7.000000E+00   3.500000E+00  -1.283000E-01
          289   7.500000E+00   3.500000E+00  -1.201000E-01
          290   8.000000E+00   3.500000E+00  -1.117000E-01
          291   8.500000E+00   3.500000E+00  -1.030000E-01
          292   9.000000E+00   3.500000E+00  -9.408000E-02
          293   9.500000E+00   3.500000E+00  -8.475000E-02
          294   1.000000E+01   3.500000E+00  -8.409000E-02
          295   0.000000E+00   3.000000E+00  -2.067000E-01
          296   5.000000E-01   3.000000E+00  -2.059000E-01
          297   1.000000E+00   3.000000E+00  -1.985000E-01
          298   1.500000E+00   3.000000E+00  -1.915000E-01
          299   2.000000E+00   3.000000E+00  -1.844000E-01
          300   2.500000E+00   3.000000E+00  -1.771000E-01
          301   3.000000E+00   3.000000E+00  -1.695000E-01
          302   3.500000E+00   3.000000E+00  -1.618000E-01
          303   4.000000E+00   3.000000E+00  -1.540000E-01
          304   4.500000E+00   3.000000E+00  -1.462000E-01
          305   5.000000E+00   3.000000E+00  -1.384000E-01
          306   5.500000E+00   3.000000E+00  -1.305000E-01
          307   6.000000E+00   3.000000E+00  -1.226000E-01
          308   6.500000E+00   3.000000E+00  -1.146000E-01
          309   7.000000E+00   3.000000E+00  -1.065000E-01
          310   7.500000E+00   3.000000E+00  -9.830000E-02
          311   8.000000E+00   3.000000E+00  -8.999000E-02
          312   8.500000E+00   3.000000E+00  -8.139000E-02
          313   9.000000E+00   3.000000E+00  -7.247000E-02
          314   9.500000E+00   3.000000E+00  -6.316000E-02
          315   1.000000E+01   3.000000E+00  -6.255000E-02
          316   0.000000E+00   2.500000E+00  -1.890000E-01
          317   5.000000E-01   2.500000E+00  -1.882000E-01
          318   1.000000E+00   2.500000E+00  -1.802000E-01
          319   1.500000E+00   2.500000E+00  -1.725000E-01
          320   2.000000E+00   2.500000E+00  -1.645000E-01
          321   2.500000E+00   2.500000E+00  -1.565000E-01
          322   3.000000E+00   2.500000E+00  -1.485000E-01
          323   3.500000E+00   2.500000E+00  -1.404000E-01
          324   4.000000E+00   2.500000E+00  -1.323000E-01
          325   4.500000E+00   2.500000E+00  -1.243000E-01
          326   5.000000E+00   2.500000E+00  -1.163000E-01
          327   5.500000E+00   2.500000E+00  -1.082000E-01
          328   6.000000E+00   2.500000E+00  -1.002000E-01
          329   6.500000E+00   2.500000E+00  -9.222000E-02
          330   7.000000E+00   2.500000E+00  -8.424000E-02
          331   7.500000E+00   2.500000E+00  -7.620000E-02
          332   8.000000E+00   2.500000E+00  -6.809000E-02
          333   8.500000E+00   2.500000E+00  -5.983000E-02
          334   9.000000E+00   2.500000E+00  -5.115000E-02
          335   9.500000E+00   2.500000E+00  -4.202000E-02
          336   1.000000E+01   2.500000E+00  -4.151000E-02
          337   0.000000E+00   2.000000E+00  -1.693000E-01
          338   5.000000E-01   2.000000E+00  -1.684000E-01
          339   1.000000E+00   2.000000E+00  -1.598000E-01
          340   1.500000E+00   2.000000E+00  -1.515000E-01
          341   2.000000E+00   2.000000E+00  -1.431000E-01
          342   2.500000E+00   2.000000E+00  -1.347000E-01
          343   3.000000E+00   2.000000E+00  -1.264000E-01
          344   3.500000E+00   2.000000E+00  -1.181000E-01
          345   4.000000E+00   2.000000E+00  -1.097000E-01
          346   4.500000E+00   2.000000E+00  -1.014000E-01
          347   5.000000E+00   2.000000E+00  -9.325000E-02
          348   5.500000E+00   2.000000E+00  -8.516000E-02
          349   6.000000E+00   2.000000E+00  -7.717000E-02
          350   6.500000E+00   2.000000E+00  -6.938000E-02
          351   7.000000E+00   2.000000E+00  -6.170000E-02
          352   7.500000E+00   2.000000E+00  -5.403000E-02
          353   8.000000E+00   2.000000E+00  -4.641000E-02
          354   8.500000E+00   2.000000E+00  -3.871000E-02
          355   9.000000E+00   2.000000E+00  -3.037000E-02
          356   9.500000E+00   2.000000E+00  -2.155000E-02
          357   1.000000E+01   2.000000E+00  -2.120000E-02
          358   0.000000E+00   1.500000E+00  -1.478000E-01
          359   5.000000E-01   1.500000E+00  -1.470000E-01
          360   1.000000E+00   1.500000E+00  -1.381000E-01
          361   1.500000E+00   1.500000E+00  -1.293000E-01
          362   2.000000E+00   1.500000E+00  -1.207000E-01
          363   2.500000E+00   1.500000E+00  -1.120000E-01
          364   3.000000E+00   1.500000E+00  -1.033000E-01
          365   3.500000E+00   1.500000E+00  -9.474000E-02
          366   4.000000E+00   1.500000E+00  -8.626000E-02
          367   4.500000E+00   1.500000E+00  -7.783000E-02
          368   5.000000E+00   1.500000E+00  -6.957000E-02
          369   5.500000E+00   1.500000E+00  -6.152000E-02
          370   6.000000E+00   1.500000E+00  -5.368000E-02
          371   6.500000E+00   1.500000E+00  -4.633000E-02
          372   7.000000E+00   1.500000E+00  -3.905000E-02
          373   7.500000E+00   1.500000E+00  -3.175000E-02
          374   8.000000E+00   1.500000E+00  -2.485000E-02
          375   8.500000E+00   1.500000E+00  -1.847000E-02
          376   9.000000E+00   1.500000E+00  -8.770000E-03
          377   9.500000E+00   1.500000E+00   2.950000E-05
          378   1.000000E+01   1.500000E+00   1.882000E-05
          379   0.000000E+00   1.000000E+00  -1.253000E-01
          380   5.000000E-01   1.000000E+00  -1.245000E-01
          381   1.000000E+00   1.000000E+00  -1.154000E-01
          382   1.500000E+00   1.000000E+00  -1.063000E-01
          383   2.000000E+00   1.000000E+00  -9.725000E-02
          384   2.500000E+00   1.000000E+00  -8.836000E-02
          385   3.000000E+00   1.000000E+00  -7.947000E-02
          386   3.500000E+00   1.000000E+00  -7.072000E-02
          387   4.000000E+00   1.000000E+00  -6.214000E-02
          388   4.500000E+00   1.000000E+00  -5.371000E-02
          389   5.000000E+00   1.000000E+00  -4.545000E-02
          390   5.500000E+00   1.000000E+00  -3.738000E-02
          391   6.000000E+00   1.000000E+00  -2.937000E-02
          392   6.500000E+00   1.000000E+00  -2.308000E-02
          393   7.000000E+00   1.000000E+00  -1.535000E-02
          394   7.500000E+00   1.000000E+00  -6.321000E-03
          395   8.000000E+00   1.000000E+00   7.827000E-05
          396   8.500000E+00   1.000000E+00   2.666000E-04
          397   9.000000E+00   1.000000E+00   5.240000E-04
          398   9.500000E+00   1.000000E+00   6.154000E-04
          399   1.000000E+01   1.000000E+00   4.660000E-04
          400   0.000000E+00   5.000000E-01  -1.016000E-01
          401   5.000000E-01   5.000000E-01  -1.009000E-01
          402   1.000000E+00   5.000000E-01  -9.148000E-02
          403   1.500000E+00   5.000000E-01  -8.220000E-02
          404   2.000000E+00   5.000000E-01  -7.299000E-02
          405   2.500000E+00   5.000000E-01  -6.394000E-02
          406   3.000000E+00   5.000000E-01  -5.502000E-02
          407   3.500000E+00   5.000000E-01  -4.621000E-02
          408   4.000000E+00   5.000000E-01  -3.761000E-02
          409   4.500000E+00   5.000000E-01  -2.920000E-02
          410   5.000000E+00   5.000000E-01  -2.097000E-02
          411   5.500000E+00   5.000000E-01  -1.266000E-02
          412   6.000000E+00   5.000000E-01   4.988000E-05
          413   6.500000E+00   5.000000E-01   3.761000E-04
          414   7.000000E+00   5.000000E-01   7.341000E-04
          415   7.500000E+00   5.000000E-01   1.082000E-03
          416   8.000000E+00   5.000000E-01   1.445000E-03
          417   8.500000E+00   5.000000E-01   1.880000E-03
          418   9.000000E+00   5.000000E-01   2.385000E-03
          419   9.500000E+00   5.000000E-01   2.595000E-03
          420   1.000000E+01   5.000000E-01   2.029000E-03
          421   0.000000E+00   0.000000E+00  -9.361000E-02
          422   5.000000E-01   0.000000E+00  -9.046000E-02
          423   1.000000E+00   0.000000E+00  -8.094000E-02
          424   1.500000E+00   0.000000E+00  -7.158000E-02
          425   2.000000E+00   0.000000E+00  -6.237000E-02
          426   2.500000E+00   0.000000E+00  -5.329000E-02
          427   3.000000E+00   0.000000E+00  -4.433000E-02
          428   3.500000E+00   0.000000E+00  -3.556000E-02
          429   4.000000E+00   0.000000E+00  -2.694000E-02
          430   4.500000E+00   0.000000E+00  -1.857000E-02
          431   5.000000E+00   0.000000E+00  -1.051000E-02
          432   5.500000E+00   0.000000E+00  -3.145000E-03
          433   6.000000E+00   0.000000E+00   1.199000E-04
          434   6.500000E+00   0.000000E+00   5.738000E-04
          435   7.000000E+00   0.000000E+00   1.288000E-03
          436   7.500000E+00   0.000000E+00   1.915000E-03
          437   8.000000E+00   0.000000E+00   2.516000E-03
          438   8.500000E+00   0.000000E+00   3.088000E-03
          439   9.000000E+00   0.000000E+00   3.673000E-03
          440   9.500000E+00   0.000000E+00   4.040000E-03
          441   1.000000E+01   0.000000E+00   3.978000E-03
      1  1.00000000E-02     NSTEP   TIME
 SURFACE NODE              X              Y  PRESSURE HEAD
            1   0.000000E+00   1.000000E+01  -2.729000E-01
            2   5.000000E-01   1.000000E+01  -2.714000E-01
            3   1.000000E+00   1.000000E+01  -2.714000E-01
            4   1.500000E+00   1.000000E+01  -2.715000E-01
            5   2.000000E+00   1.000000E+01  -2.716000E-01
            6   2.500000E+00   1.000000E+01  -2.715000E-01
            7   3.000000E+00   1.000000E+01  -2.715000E-01
            8   3.500000E+00   1.000000E+01  -2.714000E-01
            9   4.000000E+00   1.000000E+01  -2.712000E-01
           10   4.500000E+00   1.000000E+01  -2.709000E-01
           11   5.000000E+00   1.000000E+01  -2.705000E-01
           12   5.500000E+00   1.000000E+01  -2.700000E-01
           13   6.000000E+00   1.000000E+01  -2.694000E-01
           14   6.500000E+00   1.000000E+01  -2.688000E-01
           15   7.000000E+00   1.000000E+01  -2.681000E-01
           16   7.500000E+00   1.000000E+01  -2.673000E-01
           17   8.000000E+00   1.000000E+01  -2.664000E-01
           18   8.500000E+00   1.000000E+01  -2.655000E-01
           19   9.000000E+00   1.000000E+01  -2.647000E-01
           20   9.500000E+00   1.000000E+01  -2.616000E-01
           21   1.000000E+01   1.000000E+01  -2.621000E-01
           22   0.000000E+00   9.500000E+00  -2.707000E-01
           23   5.000000E-01   9.500000E+00  -2.672000E-01
           24   1.000000E+00   9.500000E+00  -2.665000E-01
           25   1.500000E+00   9.500000E+00  -2.667000E-01
           26   2.000000E+00   9.500000E+00  -2.668000E-01
           27   2.500000E+00   9.500000E+00  -2.668000E-01
           28   3.000000E+00   9.500000E+00  -2.667000E-01
           29   3.500000E+00   9.500000E+00  -2.666000E-01
           30   4.000000E+00   9.500000E+00  -2.665000E-01
           31   4.500000E+00   9.500000E+00  -2.662000E-01
           32   5.000000E+00   9.500000E+00  -2.661000E-01
           33   5.500000E+00   9.500000E+00  -2.659000E-01
           34   6.000000E+00   9.500000E+00  -2.656000E-01
           35   6.500000E+00   9.500000E+00  -2.652000E-01
           36   7.000000E+00   9.500000E+00  -2.649000E-01
           37   7.500000E+00   9.500000E+00  -2.643000E-01
           38   8.000000E+00   9.500000E+00  -2.636000E-01
           39   8.500000E+00   9.500000E+00  -2.628000E-01
           40   9.000000E+00   9.500000E+00  -2.619000E-01
           41   9.500000E+00   9.500000E+00  -2.594000E-01
           42   1.000000E+01   9.500000E+00  -2.604000E-01
           43   0.000000E+00   9.000000E+00  -2.706000E-01
           44   5.000000E-01   9.000000E+00  -2.667000E-01
           45   1.000000E+00   9.000000E+00  -2.659000E-01
           46   1.500000E+00   9.000000E+00  -2.662000E-01
           47   2.000000E+00   9.000000E+00  -2.659000E-01
           48   2.500000E+00   9.000000E+00  -2.656000E-01
           49   3.000000E+00   9.000000E+00  -2.654000E-01
           50   3.500000E+00   9.000000E+00  -2.650000E-01
           51   4.000000E+00   9.000000E+00  -2.647000E-01
           52   4.500000E+00   9.000000E+00  -2.643000E-01
           53   5.000000E+00   9.000000E+00  -2.639000E-01
           54   5.500000E+00   9.000000E+00  -2.633000E-01
           55   6.000000E+00   9.000000E+00  -2.628000E-01
           56   6.500000E+00   9.000000E+00  -2.621000E-01
           57   7.000000E+00   9.000000E+00  -2.613000E-01
           58   7.500000E+00   9.000000E+00  -2.604000E-01
           59   8.000000E+00   9.000000E+00  -2.592000E-01
           60   8.500000E+00   9.000000E+00  -2.579000E-01
           61   9.000000E+00   9.000000E+00  -2.564000E-01
           62   9.500000E+00   9.000000E+00  -2.534000E-01
           63   1.000000E+01   9.000000E+00  -2.534000E-01
           64   0.000000E+00   8.500000E+00  -2.702000E-01
           65   5.000000E-01   8.500000E+00  -2.667000E-01
           66   1.000000E+00   8.500000E+00  -2.657000E-01
           67   1.500000E+00   8.500000E+00  -2.658000E-01
           68   2.000000E+00   8.500000E+00  -2.654000E-01
           69   2.500000E+00   8.500000E+00  -2.650000E-01
           70   3.000000E+00   8.500000E+00  -2.646000E-01
           71   3.500000E+00   8.500000E+00  -2.642000E-01
           72   4.000000E+00   8.500000E+00  -2.636000E-01
           73   4.500000E+00   8.500000E+00  -2.631000E-01
           74   5.000000E+00   8.500000E+00  -2.625000E-01
           75   5.500000E+00   8.500000E+00  -2.617000E-01
           76   6.000000E+00   8.500000E+00  -2.608000E-01
           77   6.500000E+00   8.500000E+00  -2.598000E-01
           78   7.000000E+00   8.500000E+00  -2.587000E-01
           79   7.500000E+00   8.500000E+00  -2.573000E-01
           80   8.000000E+00   8.500000E+00  -2.556000E-01
           81   8.500000E+00   8.500000E+00  -2.536000E-01
           82   9.000000E+00   8.500000E+00  -2.515000E-01
           83   9.500000E+00   8.500000E+00  -2.478000E-01
           84   1.000000E+01   8.500000E+00  -2.480000E-01
           85   0.000000E+00   8.000000E+00  -2.693000E-01
           86   5.000000E-01   8.000000E+00  -2.662000E-01
           87   1.000000E+00   8.000000E+00  -2.648000E-01
           88   1.500000E+00   8.000000E+00  -2.648000E-01
           89   2.000000E+00   8.000000E+00  -2.642000E-01
           90   2.500000E+00   8.000000E+00  -2.637000E-01
           91   3.000000E+00   8.000000E+00  -2.631000E-01
           92   3.500000E+00   8.000000E+00  -2.625000E-01
           93   4.000000E+00   8.000000E+00  -2.618000E-01
           94   4.500000E+00   8.000000E+00  -2.610000E-01
           95   5.000000E+00   8.000000E+00  -2.601000E-01
           96   5.500000E+00   8.000000E+00  -2.590000E-01
           97   6.000000E+00   8.000000E+00  -2.577000E-01
           98   6.500000E+00   8.000000E+00  -2.563000E-01
           99   7.000000E+00   8.000000E+00  -2.546000E-01
          100   7.500000E+00   8.000000E+00  -2.526000E-01
          101   8.000000E+00   8.000000E+00  -2.503000E-01
          102   8.500000E+00   8.000000E+00  -2.477000E-01
          103   9.000000E+00   8.000000E+00  -2.447000E-01
          104   9.500000E+00   8.000000E+00  -2.403000E-01
          105   1.000000E+01   8.000000E+00  -2.402000E-01
          106   0.000000E+00   7.500000E+00  -2.677000E-01
          107   5.000000E-01   7.500000E+00  -2.654000E-01
          108   1.000000E+00   7.500000E+00  -2.637000E-01
          109   1.500000E+00   7.500000E+00  -2.635000E-01
          110   2.000000E+00   7.500000E+00  -2.627000E-01
          111   2.500000E+00   7.500000E+00  -2.621000E-01
          112   3.000000E+00   7.500000E+00  -2.612000E-01
          113   3.500000E+00   7.500000E+00  -2.603000E-01
          114   4.000000E+00   7.500000E+00  -2.593000E-01
          115   4.500000E+00   7.500000E+00  -2.582000E-01
          116   5.000000E+00   7.500000E+00  -2.568000E-01
          117   5.500000E+00   7.500000E+00  -2.552000E-01
          118   6.000000E+00   7.500000E+00  -2.535000E-01
          119   6.500000E+00   7.500000E+00  -2.514000E-01
          120   7.000000E+00   7.500000E+00  -2.490000E-01
          121   7.500000E+00   7.500000E+00  -2.464000E-01
          122   8.000000E+00   7.500000E+00  -2.432000E-01
          123   8.500000E+00   7.500000E+00  -2.398000E-01
          124   9.000000E+00   7.500000E+00  -2.359000E-01
          125   9.500000E+00   7.500000E+00  -2.306000E-01
          126   1.000000E+01   7.500000E+00  -2.303000E-01
          127   0.000000E+00   7.000000E+00  -2.657000E-01
          128   5.000000E-01   7.000000E+00  -2.644000E-01
          129   1.000000E+00   7.000000E+00  -2.622000E-01
          130   1.500000E+00   7.000000E+00  -2.617000E-01
          131   2.000000E+00   7.000000E+00  -2.608000E-01
          132   2.500000E+00   7.000000E+00  -2.598000E-01
          133   3.000000E+00   7.000000E+00  -2.587000E-01
          134   3.500000E+00   7.000000E+00  -2.573000E-01
          135   4.000000E+00   7.000000E+00  -2.559000E-01
          136   4.500000E+00   7.000000E+00  -2.542000E-01
          137   5.000000E+00   7.000000E+00  -2.522000E-01
          138   5.500000E+00   7.000000E+00  -2.501000E-01
          139   6.000000E+00   7.000000E+00  -2.476000E-01
          140   6.500000E+00   7.000000E+00  -2.448000E-01
          141   7.000000E+00   7.000000E+00  -2.417000E-01
          142   7.500000E+00   7.000000E+00  -2.381000E-01
          143   8.000000E+00   7.000000E+00  -2.341000E-01
          144   8.500000E+00   7.000000E+00  -2.297000E-01
          145   9.000000E+00   7.000000E+00  -2.248000E-01
          146   9.500000E+00   7.000000E+00  -2.186000E-01
          147   1.000000E+01   7.000000E+00  -2.180000E-01
          148   0.000000E+00   6.500000E+00  -2.633000E-01
          149   5.000000E-01   6.500000E+00  -2.629000E-01
          150   1.000000E+00   6.500000E+00  -2.602000E-01
          151   1.500000E+00   6.500000E+00  -2.594000E-01
          152   2.000000E+00   6.500000E+00  -2.580000E-01
          153   2.500000E+00   6.500000E+00  -2.565000E-01
          154   3.000000E+00   6.500000E+00  -2.549000E-01
          155   3.500000E+00   6.500000E+00  -2.531000E-01
          156   4.000000E+00   6.500000E+00  -2.510000E-01
          157   4.500000E+00   6.500000E+00  -2.486000E-01
          158   5.000000E+00   6.500000E+00  -2.461000E-01
          159   5.500000E+00   6.500000E+00  -2.431000E-01
          160   6.000000E+00   6.500000E+00  -2.398000E-01
          161   6.500000E+00   6.500000E+00  -2.362000E-01
          162   7.000000E+00   6.500000E+00  -2.321000E-01
          163   7.500000E+00   6.500000E+00  -2.276000E-01
          164   8.000000E+00   6.500000E+00  -2.226000E-01
          165   8.500000E+00   6.500000E+00  -2.171000E-01
          166   9.000000E+00   6.500000E+00  -2.110000E-01
          167   9.500000E+00   6.500000E+00  -2.039000E-01
          168   1.000000E+01   6.500000E+00  -2.032000E-01
          169   0.000000E+00   6.000000E+00  -2.605000E-01
          170   5.000000E-01   6.000000E+00  -2.605000E-01
          171   1.000000E+00   6.000000E+00  -2.573000E-01
          172   1.500000E+00   6.000000E+00  -2.559000E-01
          173   2.000000E+00   6.000000E+00  -2.540000E-01
          174   2.500000E+00   6.000000E+00  -2.520000E-01
          175   3.000000E+00   6.000000E+00  -2.497000E-01
          176   3.500000E+00   6.000000E+00  -2.471000E-01
          177   4.000000E+00   6.000000E+00  -2.443000E-01
          178   4.500000E+00   6.000000E+00  -2.413000E-01
          179   5.000000E+00   6.000000E+00  -2.378000E-01
          180   5.500000E+00   6.000000E+00  -2.339000E-01
          181   6.000000E+00   6.000000E+00  -2.297000E-01
          182   6.500000E+00   6.000000E+00  -2.251000E-01
          183   7.000000E+00   6.000000E+00  -2.200000E-01
          184   7.500000E+00   6.000000E+00  -2.144000E-01
          185   8.000000E+00   6.000000E+00  -2.084000E-01
          186   8.500000E+00   6.000000E+00  -2.019000E-01
          187   9.000000E+00   6.000000E+00  -1.950000E-01
          188   9.500000E+00   6.000000E+00  -1.872000E-01
          189   1.000000E+01   6.000000E+00  -1.863000E-01
          190   0.000000E+00   5.500000E+00  -2.567000E-01
          191   5.000000E-01   5.500000E+00  -2.568000E-01
          192   1.000000E+00   5.500000E+00  -2.531000E-01
          193   1.500000E+00   5.500000E+00  -2.510000E-01
          194   2.000000E+00   5.500000E+00  -2.485000E-01
          195   2.500000E+00   5.500000E+00  -2.456000E-01
          196   3.000000E+00   5.500000E+00  -2.426000E-01
          197   3.500000E+00   5.500000E+00  -2.392000E-01
          198   4.000000E+00   5.500000E+00  -2.355000E-01
          199   4.500000E+00   5.500000E+00  -2.315000E-01
          200   5.000000E+00   5.500000E+00  -2.270000E-01
          201   5.500000E+00   5.500000E+00  -2.223000E-01
          202   6.000000E+00   5.500000E+00  -2.170000E-01
          203   6.500000E+00   5.500000E+00  -2.114000E-01
          204   7.000000E+00   5.500000E+00  -2.053000E-01
          205   7.500000E+00   5.500000E+00  -1.989000E-01
          206   8.000000E+00   5.500000E+00  -1.920000E-01
          207   8.500000E+00   5.500000E+00  -1.847000E-01
          208   9.000000E+00   5.500000E+00  -1.771000E-01
          209   9.500000E+00   5.500000E+00  -1.686000E-01
          210   1.000000E+01   5.500000E+00  -1.677000E-01
          211   0.000000E+00   5.000000E+00  -2.514000E-01
          212   5.000000E-01   5.000000E+00  -2.515000E-01
          213   1.000000E+00   5.000000E+00  -2.471000E-01
          214   1.500000E+00   5.000000E+00  -2.441000E-01
          215   2.000000E+00   5.000000E+00  -2.407000E-01
          216   2.500000E+00   5.000000E+00  -2.370000E-01
          217   3.000000E+00   5.000000E+00  -2.331000E-01
          218   3.500000E+00   5.000000E+00  -2.287000E-01
          219   4.000000E+00   5.000000E+00  -2.241000E-01
          220   4.500000E+00   5.000000E+00  -2.190000E-01
          221   5.000000E+00   5.000000E+00  -2.136000E-01
          222   5.500000E+00   5.000000E+00  -2.078000E-01
          223   6.000000E+00   5.000000E+00  -2.017000E-01
          224   6.500000E+00   5.000000E+00  -1.953000E-01
          225   7.000000E+00   5.000000E+00  -1.884000E-01
          226   7.500000E+00   5.000000E+00  -1.813000E-01
          227   8.000000E+00   5.000000E+00  -1.738000E-01
          228   8.500000E+00   5.000000E+00  -1.657000E-01
          229   9.000000E+00   5.000000E+00  -1.574000E-01
          230   9.500000E+00   5.000000E+00  -1.485000E-01
          231   1.000000E+01   5.000000E+00  -1.477000E-01
          232   0.000000E+00   4.500000E+00  -2.441000E-01
          233   5.000000E-01   4.500000E+00  -2.439000E-01
          234   1.000000E+00   4.500000E+00  -2.389000E-01
          235   1.500000E+00   4.500000E+00  -2.349000E-01
          236   2.000000E+00   4.500000E+00  -2.306000E-01
          237   2.500000E+00   4.500000E+00  -2.259000E-01
          238   3.000000E+00   4.500000E+00  -2.209000E-01
          239   3.500000E+00   4.500000E+00  -2.156000E-01
          240   4.000000E+00   4.500000E+00  -2.099000E-01
          241   4.500000E+00   4.500000E+00  -2.039000E-01
          242   5.000000E+00   4.500000E+00  -1.977000E-01
          243   5.500000E+00   4.500000E+00  -1.911000E-01
          244   6.000000E+00   4.500000E+00  -1.843000E-01
          245   6.500000E+00   4.500000E+00  -1.772000E-01
          246   7.000000E+00   4.500000E+00  -1.697000E-01
          247   7.500000E+00   4.500000E+00  -1.619000E-01
          248   8.000000E+00   4.500000E+00  -1.538000E-01
          249   8.500000E+00   4.500000E+00  -1.454000E-01
          250   9.000000E+00   4.500000E+00  -1.368000E-01
          251   9.500000E+00   4.500000E+00  -1.277000E-01
          252   1.000000E+01   4.500000E+00  -1.269000E-01
          253   0.000000E+00   4.000000E+00  -2.344000E-01
          254   5.000000E-01   4.000000E+00  -2.340000E-01
          255   1.000000E+00   4.000000E+00  -2.282000E-01
          256   1.500000E+00   4.000000E+00  -2.232000E-01
          257   2.000000E+00   4.000000E+00  -2.177000E-01
          258   2.500000E+00   4.000000E+00  -2.120000E-01
          259   3.000000E+00   4.000000E+00  -2.060000E-01
          260   3.500000E+00   4.000000E+00  -1.998000E-01
          261   4.000000E+00   4.000000E+00  -1.933000E-01
          262   4.500000E+00   4.000000E+00  -1.866000E-01
          263   5.000000E+00   4.000000E+00  -1.796000E-01
          264   5.500000E+00   4.000000E+00  -1.724000E-01
          265   6.000000E+00   4.000000E+00  -1.649000E-01
          266   6.500000E+00   4.000000E+00  -1.572000E-01
          267   7.000000E+00   4.000000E+00  -1.494000E-01
          268   7.500000E+00   4.000000E+00  -1.413000E-01
          269   8.000000E+00   4.000000E+00  -1.330000E-01
          270   8.500000E+00   4.000000E+00  -1.245000E-01
          271   9.000000E+00   4.000000E+00  -1.157000E-01
          272   9.500000E+00   4.000000E+00  -1.064000E-01
          273   1.000000E+01   4.000000E+00  -1.057000E-01
          274   0.000000E+00   3.500000E+00  -2.219000E-01
          275   5.000000E-01   3.500000E+00  -2.214000E-01
          276   1.000000E+00   3.500000E+00  -2.146000E-01
          277   1.500000E+00   3.500000E+00  -2.085000E-01
          278   2.000000E+00   3.500000E+00  -2.022000E-01
          279   2.500000E+00   3.500000E+00  -1.956000E-01
          280   3.000000E+00   3.500000E+00  -1.888000E-01
          281   3.500000E+00   3.500000E+00  -1.818000E-01
          282   4.000000E+00   3.500000E+00  -1.747000E-01
          283   4.500000E+00   3.500000E+00  -1.672000E-01
          284   5.000000E+00   3.500000E+00  -1.596000E-01
          285   5.500000E+00   3.500000E+00  -1.519000E-01
          286   6.000000E+00   3.500000E+00  -1.442000E-01
          287   6.500000E+00   3.500000E+00  -1.363000E-01
          288   7.000000E+00   3.500000E+00  -1.283000E-01
          289   7.500000E+00   3.500000E+00  -1.201000E-01
          290   8.000000E+00   3.500000E+00  -1.117000E-01
          291   8.500000E+00   3.500000E+00  -1.030000E-01
          292   9.000000E+00   3.500000E+00  -9.408001E-02
          293   9.500000E+00   3.500000E+00  -8.475001E-02
          294   1.000000E+01   3.500000E+00  -8.409000E-02
          295   0.000000E+00   3.000000E+00  -2.067000E-01
          296   5.000000E-01   3.000000E+00  -2.059000E-01
          297   1.000000E+00   3.000000E+00  -1.985000E-01
          298   1.500000E+00   3.000000E+00  -1.915000E-01
          299   2.000000E+00   3.000000E+00  -1.844000E-01
          300   2.500000E+00   3.000000E+00  -1.771000E-01
          301   3.000000E+00   3.000000E+00  -1.695000E-01
          302   3.500000E+00   3.000000E+00  -1.618000E-01
          303   4.000000E+00   3.000000E+00  -1.540000E-01
          304   4.500000E+00   3.000000E+00  -1.462000E-01
          305   5.000000E+00   3.000000E+00  -1.384000E-01
          306   5.500000E+00   3.000000E+00  -1.305000E-01
          307   6.000000E+00   3.000000E+00  -1.226000E-01
          308   6.500000E+00   3.000000E+00  -1.146000E-01
          309   7.000000E+00   3.000000E+00  -1.065000E-01
          310   7.500000E+00   3.000000E+00  -9.830001E-02
          311   8.000000E+00   3.000000E+00  -8.999000E-02
          312   8.500000E+00   3.000000E+00  -8.139000E-02
          313   9.000000E+00   3.000000E+00  -7.247000E-02
          314   9.500000E+00   3.000000E+00  -6.316001E-02
          315   1.000000E+01   3.000000E+00  -6.255000E-02
          316   0.000000E+00   2.500000E+00  -1.890000E-01
          317   5.000000E-01   2.500000E+00  -1.882000E-01
          318   1.000000E+00   2.500000E+00  -1.802000E-01
          319   1.500000E+00   2.500000E+00  -1.725000E-01
          320   2.000000E+00   2.500000E+00  -1.645000E-01
          321   2.500000E+00   2.500000E+00  -1.565000E-01
          322   3.000000E+00   2.500000E+00  -1.485000E-01
          323   3.500000E+00   2.500000E+00  -1.404000E-01
          324   4.000000E+00   2.500000E+00  -1.323000E-01
          325   4.500000E+00   2.500000E+00  -1.243000E-01
          326   5.000000E+00   2.500000E+00  -1.163000E-01
          327   5.500000E+00   2.500000E+00  -1.082000E-01
          328   6.000000E+00   2.500000E+00  -1.002000E-01
          329   6.500000E+00   2.500000E+00  -9.222000E-02
          330   7.000000E+00   2.500000E+00  -8.424000E-02
          331   7.500000E+00   2.500000E+00  -7.620000E-02
          332   8.000000E+00   2.500000E+00  -6.809000E-02
          333   8.500000E+00   2.500000E+00  -5.983000E-02
          334   9.000000E+00   2.500000E+00  -5.115001E-02
          335   9.500000E+00   2.500000E+00  -4.202001E-02
          336   1.000000E+01   2.500000E+00  -4.151001E-02
          337   0.000000E+00   2.000000E+00  -1.693000E-01
          338   5.000000E-01   2.000000E+00  -1.684000E-01
          339   1.000000E+00   2.000000E+00  -1.598000E-01
          340   1.500000E+00   2.000000E+00  -1.515000E-01
          341   2.000000E+00   2.000000E+00  -1.431000E-01
          342   2.500000E+00   2.000000E+00  -1.347000E-01
          343   3.000000E+00   2.000000E+00  -1.264000E-01
          344   3.500000E+00   2.000000E+00  -1.181000E-01
          345   4.000000E+00   2.000000E+00  -1.097000E-01
          346   4.500000E+00   2.000000E+00  -1.014000E-01
          347   5.000000E+00   2.000000E+00  -9.325001E-02
          348   5.500000E+00   2.000000E+00  -8.516001E-02
          349   6.000000E+00   2.000000E+00  -7.717000E-02
          350   6.500000E+00   2.000000E+00  -6.938001E-02
          351   7.000000E+00   2.000000E+00  -6.170001E-02
          352   7.500000E+00   2.000000E+00  -5.403001E-02
          353   8.000000E+00   2.000000E+00  -4.641000E-02
          354   8.500000E+00   2.000000E+00  -3.870999E-02
          355   9.000000E+00   2.000000E+00  -3.036999E-02
          356   9.500000E+00   2.000000E+00  -2.154998E-02
          357   1.000000E+01   2.000000E+00  -2.119999E-02
          358   0.000000E+00   1.500000E+00  -1.478000E-01
          359   5.000000E-01   1.500000E+00  -1.470000E-01
          360   1.000000E+00   1.500000E+00  -1.381000E-01
          361   1.500000E+00   1.500000E+00  -1.293000E-01
          362   2.000000E+00   1.500000E+00  -1.207000E-01
          363   2.500000E+00   1.500000E+00  -1.120000E-01
          364   3.000000E+00   1.500000E+00  -1.033000E-01
          365   3.500000E+00   1.500000E+00  -9.474001E-02
          366   4.000000E+00   1.500000E+00  -8.626000E-02
          367   4.500000E+00   1.500000E+00  -7.783000E-02
          368   5.000000E+00   1.500000E+00  -6.957001E-02
          369   5.500000E+00   1.500000E+00  -6.152001E-02
          370   6.000000E+00   1.500000E+00  -5.368000E-02
          371   6.500000E+00   1.500000E+00  -4.633000E-02
          372   7.000000E+00   1.500000E+00  -3.905000E-02
          373   7.500000E+00   1.500000E+00  -3.175000E-02
          374   8.000000E+00   1.500000E+00  -2.484998E-02
          375   8.500000E+00   1.500000E+00  -1.847004E-02
          376   9.000000E+00   1.500000E+00  -8.772734E-03
          377   9.500000E+00   1.500000E+00  -5.366416E-05
          378   1.000000E+01   1.500000E+00  -4.537218E-05
          379   0.000000E+00   1.000000E+00  -1.253000E-01
          380   5.000000E-01   1.000000E+00  -1.245000E-01
          381   1.000000E+00   1.000000E+00  -1.154000E-01
          382   1.500000E+00   1.000000E+00  -1.063000E-01
          383   2.000000E+00   1.000000E+00  -9.725001E-02
          384   2.500000E+00   1.000000E+00  -8.836001E-02
          385   3.000000E+00   1.000000E+00  -7.947000E-02
          386   3.500000E+00   1.000000E+00  -7.072001E-02
          387   4.000000E+00   1.000000E+00  -6.214001E-02
          388   4.500000E+00   1.000000E+00  -5.371001E-02
          389   5.000000E+00   1.000000E+00  -4.545000E-02
          390   5.500000E+00   1.000000E+00  -3.738000E-02
          391   6.000000E+00   1.000000E+00  -2.937000E-02
          392   6.500000E+00   1.000000E+00  -2.307997E-02
          393   7.000000E+00   1.000000E+00  -1.535147E-02
          394   7.500000E+00   1.000000E+00  -6.325828E-03
          395   8.000000E+00   1.000000E+00  -7.249363E-05
          396   8.500000E+00   1.000000E+00  -3.674255E-05
          397   9.000000E+00   1.000000E+00   1.074603E-08
          398   9.500000E+00   1.000000E+00   5.420193E-08
          399   1.000000E+01   1.000000E+00   4.535683E-08
          400   0.000000E+00   5.000000E-01  -1.016000E-01
          401   5.000000E-01   5.000000E-01  -1.009000E-01
          402   1.000000E+00   5.000000E-01  -9.148001E-02
          403   1.500000E+00   5.000000E-01  -8.220000E-02
          404   2.000000E+00   5.000000E-01  -7.299000E-02
          405   2.500000E+00   5.000000E-01  -6.394001E-02
          406   3.000000E+00   5.000000E-01  -5.502001E-02
          407   3.500000E+00   5.000000E-01  -4.621001E-02
          408   4.000000E+00   5.000000E-01  -3.761001E-02
          409   4.500000E+00   5.000000E-01  -2.920002E-02
          410   5.000000E+00   5.000000E-01  -2.097000E-02
          411   5.500000E+00   5.000000E-01  -1.266003E-02
          412   6.000000E+00   5.000000E-01  -6.833843E-05
          413   6.500000E+00   5.000000E-01  -2.368787E-05
          414   7.000000E+00   5.000000E-01   1.608427E-08
          415   7.500000E+00   5.000000E-01   4.270416E-08
          416   8.000000E+00   5.000000E-01   6.573892E-08
          417   8.500000E+00   5.000000E-01   8.250930E-08
          418   9.000000E+00   5.000000E-01   1.007463E-07
          419   9.500000E+00   5.000000E-01   1.329890E-07
          420   1.000000E+01   5.000000E-01   1.170973E-07
          421   0.000000E+00   0.000000E+00  -9.361001E-02
          422   5.000000E-01   0.000000E+00  -9.046001E-02
          423   1.000000E+00   0.000000E+00  -8.094001E-02
          424   1.500000E+00   0.000000E+00  -7.158001E-02
          425   2.000000E+00   0.000000E+00  -6.237000E-02
          426   2.500000E+00   0.000000E+00  -5.329000E-02
          427   3.000000E+00   0.000000E+00  -4.433001E-02
          428   3.500000E+00   0.000000E+00  -3.556001E-02
          429   4.000000E+00   0.000000E+00  -2.694001E-02
          430   4.500000E+00   0.000000E+00  -1.857003E-02
          431   5.000000E+00   0.000000E+00  -1.051000E-02
          432   5.500000E+00   0.000000E+00  -3.145031E-03
          433   6.000000E+00   0.000000E+00   3.090776E-08
          434   6.500000E+00   0.000000E+00   5.707362E-08
          435   7.000000E+00   0.000000E+00   7.518131E-08
          436   7.500000E+00   0.000000E+00   9.159480E-08
          437   8.000000E+00   0.000000E+00   1.070013E-07
          438   8.500000E+00   0.000000E+00   1.218188E-07
          439   9.000000E+00   0.000000E+00   1.385717E-07
          440   9.500000E+00   0.000000E+00   1.645355E-07
          441   1.000000E+01   0.000000E+00   1.936094E-07
   1031  9.60000000E+03     NSTEP   TIME
 SURFACE NODE              X              Y  PRESSURE HEAD
            1   0.000000E+00   1.000000E+01  -2.816970E-01
            2   5.000000E-01   1.000000E+01  -2.802663E-01
            3   1.000000E+00   1.000000E+01  -2.802981E-01
            4   1.500000E+00   1.000000E+01  -2.804869E-01
            5   2.000000E+00   1.000000E+01  -2.805987E-01
            6   2.500000E+00   1.000000E+01  -2.806494E-01
            7   3.000000E+00   1.000000E+01  -2.806838E-01
            8   3.500000E+00   1.000000E+01  -2.805834E-01
            9   4.000000E+00   1.000000E+01  -2.804736E-01
           10   4.500000E+00   1.000000E+01  -2.802246E-01
           11   5.000000E+00   1.000000E+01  -2.798477E-01
           12   5.500000E+00   1.000000E+01  -2.793475E-01
           13   6.000000E+00   1.000000E+01  -2.787838E-01
           14   6.500000E+00   1.000000E+01  -2.781752E-01
           15   7.000000E+00   1.000000E+01  -2.774272E-01
           16   7.500000E+00   1.000000E+01  -2.765894E-01
           17   8.000000E+00   1.000000E+01  -2.756293E-01
           18   8.500000E+00   1.000000E+01  -2.745384E-01
           19   9.000000E+00   1.000000E+01  -2.736597E-01
           20   9.500000E+00   1.000000E+01  -2.705564E-01
           21   1.000000E+01   1.000000E+01  -2.708045E-01
           22   0.000000E+00   9.500000E+00  -2.795132E-01
           23   5.000000E-01   9.500000E+00  -2.761844E-01
           24   1.000000E+00   9.500000E+00  -2.754763E-01
           25   1.500000E+00   9.500000E+00  -2.757937E-01
           26   2.000000E+00   9.500000E+00  -2.758882E-01
           27   2.500000E+00   9.500000E+00  -2.758695E-01
           28   3.000000E+00   9.500000E+00  -2.758310E-01
           29   3.500000E+00   9.500000E+00  -2.757733E-01
           30   4.000000E+00   9.500000E+00  -2.755985E-01
           31   4.500000E+00   9.500000E+00  -2.753650E-01
           32   5.000000E+00   9.500000E+00  -2.752200E-01
           33   5.500000E+00   9.500000E+00  -2.749442E-01
           34   6.000000E+00   9.500000E+00  -2.746325E-01
           35   6.500000E+00   9.500000E+00  -2.742189E-01
           36   7.000000E+00   9.500000E+00  -2.738530E-01
           37   7.500000E+00   9.500000E+00  -2.732228E-01
           38   8.000000E+00   9.500000E+00  -2.724936E-01
           39   8.500000E+00   9.500000E+00  -2.715992E-01
           40   9.000000E+00   9.500000E+00  -2.706598E-01
           41   9.500000E+00   9.500000E+00  -2.681414E-01
           42   1.000000E+01   9.500000E+00  -2.690607E-01
           43   0.000000E+00   9.000000E+00  -2.796410E-01
           44   5.000000E-01   9.000000E+00  -2.758042E-01
           45   1.000000E+00   9.000000E+00  -2.750007E-01
           46   1.500000E+00   9.000000E+00  -2.753340E-01
           47   2.000000E+00   9.000000E+00  -2.750627E-01
           48   2.500000E+00   9.000000E+00  -2.748032E-01
           49   3.000000E+00   9.000000E+00  -2.745703E-01
           50   3.500000E+00   9.000000E+00  -2.741886E-01
           51   4.000000E+00   9.000000E+00  -2.738142E-01
           52   4.500000E+00   9.000000E+00  -2.734266E-01
           53   5.000000E+00   9.000000E+00  -2.729373E-01
           54   5.500000E+00   9.000000E+00  -2.723257E-01
           55   6.000000E+00   9.000000E+00  -2.717580E-01
           56   6.500000E+00   9.000000E+00  -2.709982E-01
           57   7.000000E+00   9.000000E+00  -2.701803E-01
           58   7.500000E+00   9.000000E+00  -2.691751E-01
           59   8.000000E+00   9.000000E+00  -2.679911E-01
           60   8.500000E+00   9.000000E+00  -2.665776E-01
           61   9.000000E+00   9.000000E+00  -2.650550E-01
           62   9.500000E+00   9.000000E+00  -2.619682E-01
           63   1.000000E+01   9.000000E+00  -2.619788E-01
           64   0.000000E+00   8.500000E+00  -2.794413E-01
           65   5.000000E-01   8.500000E+00  -2.758735E-01
           66   1.000000E+00   8.500000E+00  -2.748815E-01
           67   1.500000E+00   8.500000E+00  -2.750209E-01
           68   2.000000E+00   8.500000E+00  -2.745944E-01
           69   2.500000E+00   8.500000E+00  -2.741589E-01
           70   3.000000E+00   8.500000E+00  -2.737141E-01
           71   3.500000E+00   8.500000E+00  -2.732700E-01
           72   4.000000E+00   8.500000E+00  -2.726641E-01
           73   4.500000E+00   8.500000E+00  -2.720894E-01
           74   5.000000E+00   8.500000E+00  -2.714055E-01
           75   5.500000E+00   8.500000E+00  -2.705995E-01
           76   6.000000E+00   8.500000E+00  -2.697032E-01
           77   6.500000E+00   8.500000E+00  -2.686328E-01
           78   7.000000E+00   8.500000E+00  -2.673948E-01
           79   7.500000E+00   8.500000E+00  -2.659835E-01
           80   8.000000E+00   8.500000E+00  -2.641812E-01
           81   8.500000E+00   8.500000E+00  -2.621922E-01
           82   9.000000E+00   8.500000E+00  -2.599870E-01
           83   9.500000E+00   8.500000E+00  -2.562123E-01
           84   1.000000E+01   8.500000E+00  -2.563929E-01
           85   0.000000E+00   8.000000E+00  -2.786553E-01
           86   5.000000E-01   8.000000E+00  -2.753516E-01
           87   1.000000E+00   8.000000E+00  -2.739953E-01
           88   1.500000E+00   8.000000E+00  -2.739124E-01
           89   2.000000E+00   8.000000E+00  -2.733453E-01
           90   2.500000E+00   8.000000E+00  -2.727645E-01
           91   3.000000E+00   8.000000E+00  -2.721459E-01
           92   3.500000E+00   8.000000E+00  -2.714928E-01
           93   4.000000E+00   8.000000E+00  -2.707517E-01
           94   4.500000E+00   8.000000E+00  -2.698924E-01
           95   5.000000E+00   8.000000E+00  -2.688679E-01
           96   5.500000E+00   8.000000E+00  -2.677660E-01
           97   6.000000E+00   8.000000E+00  -2.664027E-01
           98   6.500000E+00   8.000000E+00  -2.649124E-01
           99   7.000000E+00   8.000000E+00  -2.631597E-01
          100   7.500000E+00   8.000000E+00  -2.611113E-01
          101   8.000000E+00   8.000000E+00  -2.587285E-01
          102   8.500000E+00   8.000000E+00  -2.559968E-01
          103   9.000000E+00   8.000000E+00  -2.529612E-01
          104   9.500000E+00   8.000000E+00  -2.484283E-01
          105   1.000000E+01   8.000000E+00  -2.484169E-01
          106   0.000000E+00   7.500000E+00  -2.771093E-01
          107   5.000000E-01   7.500000E+00  -2.745086E-01
          108   1.000000E+00   7.500000E+00  -2.727721E-01
          109   1.500000E+00   7.500000E+00  -2.725478E-01
          110   2.000000E+00   7.500000E+00  -2.717805E-01
          111   2.500000E+00   7.500000E+00  -2.710480E-01
          112   3.000000E+00   7.500000E+00  -2.701261E-01
          113   3.500000E+00   7.500000E+00  -2.692306E-01
          114   4.000000E+00   7.500000E+00  -2.681435E-01
          115   4.500000E+00   7.500000E+00  -2.669166E-01
          116   5.000000E+00   7.500000E+00  -2.655075E-01
          117   5.500000E+00   7.500000E+00  -2.638503E-01
          118   6.000000E+00   7.500000E+00  -2.620400E-01
          119   6.500000E+00   7.500000E+00  -2.598702E-01
          120   7.000000E+00   7.500000E+00  -2.574071E-01
          121   7.500000E+00   7.500000E+00  -2.545995E-01
          122   8.000000E+00   7.500000E+00  -2.514037E-01
          123   8.500000E+00   7.500000E+00  -2.478403E-01
          124   9.000000E+00   7.500000E+00  -2.437830E-01
          125   9.500000E+00   7.500000E+00  -2.384903E-01
          126   1.000000E+01   7.500000E+00  -2.381794E-01
          127   0.000000E+00   7.000000E+00  -2.750102E-01
          128   5.000000E-01   7.000000E+00  -2.733853E-01
          129   1.000000E+00   7.000000E+00  -2.711879E-01
          130   1.500000E+00   7.000000E+00  -2.706640E-01
          131   2.000000E+00   7.000000E+00  -2.697033E-01
          132   2.500000E+00   7.000000E+00  -2.685967E-01
          133   3.000000E+00   7.000000E+00  -2.674322E-01
          134   3.500000E+00   7.000000E+00  -2.660279E-01
          135   4.000000E+00   7.000000E+00  -2.645367E-01
          136   4.500000E+00   7.000000E+00  -2.627834E-01
          137   5.000000E+00   7.000000E+00  -2.607319E-01
          138   5.500000E+00   7.000000E+00  -2.585269E-01
          139   6.000000E+00   7.000000E+00  -2.559221E-01
          140   6.500000E+00   7.000000E+00  -2.530253E-01
          141   7.000000E+00   7.000000E+00  -2.497589E-01
          142   7.500000E+00   7.000000E+00  -2.460677E-01
          143   8.000000E+00   7.000000E+00  -2.419493E-01
          144   8.500000E+00   7.000000E+00  -2.373511E-01
          145   9.000000E+00   7.000000E+00  -2.323270E-01
          146   9.500000E+00   7.000000E+00  -2.260567E-01
          147   1.000000E+01   7.000000E+00  -2.255183E-01
          148   0.000000E+00   6.500000E+00  -2.724779E-01
          149   5.000000E-01   6.500000E+00  -2.717296E-01
          150   1.000000E+00   6.500000E+00  -2.690522E-01
          151   1.500000E+00   6.500000E+00  -2.681603E-01
          152   2.000000E+00   6.500000E+00  -2.667519E-01
          153   2.500000E+00   6.500000E+00  -2.652163E-01
          154   3.000000E+00   6.500000E+00  -2.635160E-01
          155   3.500000E+00   6.500000E+00  -2.616318E-01
          156   4.000000E+00   6.500000E+00  -2.594562E-01
          157   4.500000E+00   6.500000E+00  -2.570182E-01
          158   5.000000E+00   6.500000E+00  -2.542851E-01
          159   5.500000E+00   6.500000E+00  -2.512412E-01
          160   6.000000E+00   6.500000E+00  -2.478367E-01
          161   6.500000E+00   6.500000E+00  -2.440299E-01
          162   7.000000E+00   6.500000E+00  -2.398093E-01
          163   7.500000E+00   6.500000E+00  -2.351659E-01
          164   8.000000E+00   6.500000E+00  -2.300234E-01
          165   8.500000E+00   6.500000E+00  -2.244086E-01
          166   9.000000E+00   6.500000E+00  -2.182136E-01
          167   9.500000E+00   6.500000E+00  -2.109925E-01
          168   1.000000E+01   6.500000E+00  -2.102703E-01
          169   0.000000E+00   6.000000E+00  -2.693857E-01
          170   5.000000E-01   6.000000E+00  -2.692174E-01
          171   1.000000E+00   6.000000E+00  -2.659756E-01
          172   1.500000E+00   6.000000E+00  -2.645256E-01
          173   2.000000E+00   6.000000E+00  -2.625567E-01
          174   2.500000E+00   6.000000E+00  -2.604818E-01
          175   3.000000E+00   6.000000E+00  -2.581228E-01
          176   3.500000E+00   6.000000E+00  -2.554326E-01
          177   4.000000E+00   6.000000E+00  -2.525254E-01
          178   4.500000E+00   6.000000E+00  -2.493142E-01
          179   5.000000E+00   6.000000E+00  -2.456799E-01
          180   5.500000E+00   6.000000E+00  -2.417224E-01
          181   6.000000E+00   6.000000E+00  -2.373631E-01
          182   6.500000E+00   6.000000E+00  -2.325936E-01
          183   7.000000E+00   6.000000E+00  -2.273953E-01
          184   7.500000E+00   6.000000E+00  -2.216629E-01
          185   8.000000E+00   6.000000E+00  -2.154408E-01
          186   8.500000E+00   6.000000E+00  -2.087905E-01
          187   9.000000E+00   6.000000E+00  -2.017363E-01
          188   9.500000E+00   6.000000E+00  -1.937714E-01
          189   1.000000E+01   6.000000E+00  -1.929508E-01
          190   0.000000E+00   5.500000E+00  -2.652563E-01
          191   5.000000E-01   5.500000E+00  -2.653728E-01
          192   1.000000E+00   5.500000E+00  -2.615795E-01
          193   1.500000E+00   5.500000E+00  -2.593836E-01
          194   2.000000E+00   5.500000E+00  -2.567750E-01
          195   2.500000E+00   5.500000E+00  -2.538427E-01
          196   3.000000E+00   5.500000E+00  -2.506929E-01
          197   3.500000E+00   5.500000E+00  -2.471486E-01
          198   4.000000E+00   5.500000E+00  -2.433410E-01
          199   4.500000E+00   5.500000E+00  -2.391822E-01
          200   5.000000E+00   5.500000E+00  -2.345953E-01
          201   5.500000E+00   5.500000E+00  -2.296747E-01
          202   6.000000E+00   5.500000E+00  -2.242914E-01
          203   6.500000E+00   5.500000E+00  -2.184976E-01
          204   7.000000E+00   5.500000E+00  -2.122467E-01
          205   7.500000E+00   5.500000E+00  -2.056057E-01
          206   8.000000E+00   5.500000E+00  -1.985667E-01
          207   8.500000E+00   5.500000E+00  -1.911385E-01
          208   9.000000E+00   5.500000E+00  -1.833409E-01
          209   9.500000E+00   5.500000E+00  -1.748396E-01
          210   1.000000E+01   5.500000E+00  -1.739834E-01
          211   0.000000E+00   5.000000E+00  -2.597286E-01
          212   5.000000E-01   5.000000E+00  -2.597827E-01
          213   1.000000E+00   5.000000E+00  -2.553573E-01
          214   1.500000E+00   5.000000E+00  -2.522718E-01
          215   2.000000E+00   5.000000E+00  -2.487509E-01
          216   2.500000E+00   5.000000E+00  -2.449644E-01
          217   3.000000E+00   5.000000E+00  -2.408910E-01
          218   3.500000E+00   5.000000E+00  -2.363944E-01
          219   4.000000E+00   5.000000E+00  -2.315808E-01
          220   4.500000E+00   5.000000E+00  -2.264240E-01
          221   5.000000E+00   5.000000E+00  -2.208347E-01
          222   5.500000E+00   5.000000E+00  -2.148794E-01
          223   6.000000E+00   5.000000E+00  -2.085492E-01
          224   6.500000E+00   5.000000E+00  -2.018973E-01
          225   7.000000E+00   5.000000E+00  -1.948865E-01
          226   7.500000E+00   5.000000E+00  -1.875508E-01
          227   8.000000E+00   5.000000E+00  -1.798661E-01
          228   8.500000E+00   5.000000E+00  -1.717892E-01
          229   9.000000E+00   5.000000E+00  -1.633233E-01
          230   9.500000E+00   5.000000E+00  -1.543252E-01
          231   1.000000E+01   5.000000E+00  -1.535020E-01
          232   0.000000E+00   4.500000E+00  -2.521569E-01
          233   5.000000E-01   4.500000E+00  -2.519851E-01
          234   1.000000E+00   4.500000E+00  -2.468750E-01
          235   1.500000E+00   4.500000E+00  -2.427792E-01
          236   2.000000E+00   4.500000E+00  -2.383272E-01
          237   2.500000E+00   4.500000E+00  -2.335232E-01
          238   3.000000E+00   4.500000E+00  -2.284244E-01
          239   3.500000E+00   4.500000E+00  -2.229425E-01
          240   4.000000E+00   4.500000E+00  -2.170664E-01
          241   4.500000E+00   4.500000E+00  -2.109120E-01
          242   5.000000E+00   4.500000E+00  -2.044551E-01
          243   5.500000E+00   4.500000E+00  -1.977084E-01
          244   6.000000E+00   4.500000E+00  -1.906588E-01
          245   6.500000E+00   4.500000E+00  -1.833657E-01
          246   7.000000E+00   4.500000E+00  -1.757782E-01
          247   7.500000E+00   4.500000E+00  -1.677967E-01
          248   8.000000E+00   4.500000E+00  -1.595543E-01
          249   8.500000E+00   4.500000E+00  -1.510755E-01
          250   9.000000E+00   4.500000E+00  -1.423293E-01
          251   9.500000E+00   4.500000E+00  -1.331283E-01
          252   1.000000E+01   4.500000E+00  -1.323507E-01
          253   0.000000E+00   4.000000E+00  -2.421476E-01
          254   5.000000E-01   4.000000E+00  -2.417423E-01
          255   1.000000E+00   4.000000E+00  -2.358102E-01
          256   1.500000E+00   4.000000E+00  -2.306965E-01
          257   2.000000E+00   4.000000E+00  -2.251645E-01
          258   2.500000E+00   4.000000E+00  -2.193408E-01
          259   3.000000E+00   4.000000E+00  -2.131626E-01
          260   3.500000E+00   4.000000E+00  -2.067595E-01
          261   4.000000E+00   4.000000E+00  -2.000707E-01
          262   4.500000E+00   4.000000E+00  -1.931508E-01
          263   5.000000E+00   4.000000E+00  -1.860070E-01
          264   5.500000E+00   4.000000E+00  -1.786545E-01
          265   6.000000E+00   4.000000E+00  -1.709945E-01
          266   6.500000E+00   4.000000E+00  -1.631063E-01
          267   7.000000E+00   4.000000E+00  -1.550564E-01
          268   7.500000E+00   4.000000E+00  -1.468194E-01
          269   8.000000E+00   4.000000E+00  -1.383830E-01
          270   8.500000E+00   4.000000E+00  -1.297121E-01
          271   9.000000E+00   4.000000E+00  -1.208367E-01
          272   9.500000E+00   4.000000E+00  -1.115255E-01
          273   1.000000E+01   4.000000E+00  -1.107956E-01
          274   0.000000E+00   3.500000E+00  -2.293803E-01
          275   5.000000E-01   3.500000E+00  -2.288137E-01
          276   1.000000E+00   3.500000E+00  -2.220414E-01
          277   1.500000E+00   3.500000E+00  -2.158188E-01
          278   2.000000E+00   3.500000E+00  -2.093138E-01
          279   2.500000E+00   3.500000E+00  -2.025714E-01
          280   3.000000E+00   3.500000E+00  -1.956087E-01
          281   3.500000E+00   3.500000E+00  -1.884247E-01
          282   4.000000E+00   3.500000E+00  -1.810793E-01
          283   4.500000E+00   3.500000E+00  -1.735253E-01
          284   5.000000E+00   3.500000E+00  -1.657269E-01
          285   5.500000E+00   3.500000E+00  -1.578324E-01
          286   6.000000E+00   3.500000E+00  -1.498506E-01
          287   6.500000E+00   3.500000E+00  -1.417564E-01
          288   7.000000E+00   3.500000E+00  -1.335381E-01
          289   7.500000E+00   3.500000E+00  -1.252046E-01
          290   8.000000E+00   3.500000E+00  -1.167311E-01
          291   8.500000E+00   3.500000E+00  -1.079627E-01
          292   9.000000E+00   3.500000E+00  -9.892762E-02
          293   9.500000E+00   3.500000E+00  -8.958222E-02
          294   1.000000E+01   3.500000E+00  -8.889974E-02
          295   0.000000E+00   3.000000E+00  -2.138488E-01
          296   5.000000E-01   3.000000E+00  -2.131072E-01
          297   1.000000E+00   3.000000E+00  -2.055892E-01
          298   1.500000E+00   3.000000E+00  -1.984731E-01
          299   2.000000E+00   3.000000E+00  -1.912063E-01
          300   2.500000E+00   3.000000E+00  -1.837117E-01
          301   3.000000E+00   3.000000E+00  -1.760964E-01
          302   3.500000E+00   3.000000E+00  -1.682059E-01
          303   4.000000E+00   3.000000E+00  -1.602352E-01
          304   4.500000E+00   3.000000E+00  -1.522180E-01
          305   5.000000E+00   3.000000E+00  -1.441365E-01
          306   5.500000E+00   3.000000E+00  -1.360185E-01
          307   6.000000E+00   3.000000E+00  -1.278847E-01
          308   6.500000E+00   3.000000E+00  -1.197644E-01
          309   7.000000E+00   3.000000E+00  -1.114860E-01
          310   7.500000E+00   3.000000E+00  -1.031051E-01
          311   8.000000E+00   3.000000E+00  -9.461403E-02
          312   8.500000E+00   3.000000E+00  -8.596018E-02
          313   9.000000E+00   3.000000E+00  -7.699950E-02
          314   9.500000E+00   3.000000E+00  -6.763921E-02
          315   1.000000E+01   3.000000E+00  -6.699618E-02
          316   0.000000E+00   2.500000E+00  -1.959133E-01
          317   5.000000E-01   2.500000E+00  -1.950908E-01
          318   1.000000E+00   2.500000E+00  -1.869803E-01
          319   1.500000E+00   2.500000E+00  -1.791657E-01
          320   2.000000E+00   2.500000E+00  -1.711483E-01
          321   2.500000E+00   2.500000E+00  -1.629672E-01
          322   3.000000E+00   2.500000E+00  -1.547541E-01
          323   3.500000E+00   2.500000E+00  -1.465032E-01
          324   4.000000E+00   2.500000E+00  -1.382281E-01
          325   4.500000E+00   2.500000E+00  -1.299588E-01
          326   5.000000E+00   2.500000E+00  -1.217462E-01
          327   5.500000E+00   2.500000E+00  -1.135095E-01
          328   6.000000E+00   2.500000E+00  -1.052590E-01
          329   6.500000E+00   2.500000E+00  -9.707521E-02
          330   7.000000E+00   2.500000E+00  -8.894509E-02
          331   7.500000E+00   2.500000E+00  -8.071328E-02
          332   8.000000E+00   2.500000E+00  -7.241356E-02
          333   8.500000E+00   2.500000E+00  -6.401455E-02
          334   9.000000E+00   2.500000E+00  -5.532557E-02
          335   9.500000E+00   2.500000E+00  -4.614329E-02
          336   1.000000E+01   2.500000E+00  -4.561198E-02
          337   0.000000E+00   2.000000E+00  -1.760695E-01
          338   5.000000E-01   2.000000E+00  -1.751927E-01
          339   1.000000E+00   2.000000E+00  -1.664599E-01
          340   1.500000E+00   2.000000E+00  -1.579641E-01
          341   2.000000E+00   2.000000E+00  -1.494594E-01
          342   2.500000E+00   2.000000E+00  -1.409296E-01
          343   3.000000E+00   2.000000E+00  -1.323909E-01
          344   3.500000E+00   2.000000E+00  -1.239058E-01
          345   4.000000E+00   2.000000E+00  -1.154482E-01
          346   4.500000E+00   2.000000E+00  -1.069549E-01
          347   5.000000E+00   2.000000E+00  -9.856073E-02
          348   5.500000E+00   2.000000E+00  -9.030706E-02
          349   6.000000E+00   2.000000E+00  -8.208894E-02
          350   6.500000E+00   2.000000E+00  -7.400928E-02
          351   7.000000E+00   2.000000E+00  -6.609031E-02
          352   7.500000E+00   2.000000E+00  -5.821506E-02
          353   8.000000E+00   2.000000E+00  -5.028195E-02
          354   8.500000E+00   2.000000E+00  -4.245099E-02
          355   9.000000E+00   2.000000E+00  -3.423494E-02
          356   9.500000E+00   2.000000E+00  -2.526636E-02
          357   1.000000E+01   2.000000E+00  -2.492111E-02
          358   0.000000E+00   1.500000E+00  -1.543027E-01
          359   5.000000E-01   1.500000E+00  -1.534966E-01
          360   1.000000E+00   1.500000E+00  -1.444770E-01
          361   1.500000E+00   1.500000E+00  -1.356283E-01
          362   2.000000E+00   1.500000E+00  -1.268138E-01
          363   2.500000E+00   1.500000E+00  -1.180722E-01
          364   3.000000E+00   1.500000E+00  -1.092435E-01
          365   3.500000E+00   1.500000E+00  -1.004887E-01
          366   4.000000E+00   1.500000E+00  -9.186373E-02
          367   4.500000E+00   1.500000E+00  -8.329362E-02
          368   5.000000E+00   1.500000E+00  -7.482650E-02
          369   5.500000E+00   1.500000E+00  -6.656657E-02
          370   6.000000E+00   1.500000E+00  -5.851319E-02
          371   6.500000E+00   1.500000E+00  -5.065543E-02
          372   7.000000E+00   1.500000E+00  -4.311511E-02
          373   7.500000E+00   1.500000E+00  -3.568846E-02
          374   8.000000E+00   1.500000E+00  -2.800066E-02
          375   8.500000E+00   1.500000E+00  -2.144864E-02
          376   9.000000E+00   1.500000E+00  -1.352066E-02
          377   9.500000E+00   1.500000E+00  -3.040728E-03
          378   1.000000E+01   1.500000E+00  -3.488125E-03
          379   0.000000E+00   1.000000E+00  -1.315785E-01
          380   5.000000E-01   1.000000E+00  -1.308026E-01
          381   1.000000E+00   1.000000E+00  -1.215937E-01
          382   1.500000E+00   1.000000E+00  -1.124661E-01
          383   2.000000E+00   1.000000E+00  -1.033392E-01
          384   2.500000E+00   1.000000E+00  -9.432066E-02
          385   3.000000E+00   1.000000E+00  -8.536868E-02
          386   3.500000E+00   1.000000E+00  -7.646059E-02
          387   4.000000E+00   1.000000E+00  -6.771758E-02
          388   4.500000E+00   1.000000E+00  -5.914856E-02
          389   5.000000E+00   1.000000E+00  -5.069982E-02
          390   5.500000E+00   1.000000E+00  -4.248626E-02
          391   6.000000E+00   1.000000E+00  -3.453963E-02
          392   6.500000E+00   1.000000E+00  -2.680428E-02
          393   7.000000E+00   1.000000E+00  -1.929613E-02
          394   7.500000E+00   1.000000E+00  -1.207408E-02
          395   8.000000E+00   1.000000E+00   8.257116E-06
          396   8.500000E+00   1.000000E+00   1.792225E-04
          397   9.000000E+00   1.000000E+00   4.347919E-04
          398   9.500000E+00   1.000000E+00   5.282813E-04
          399   1.000000E+01   1.000000E+00   3.797589E-04
          400   0.000000E+00   5.000000E-01  -1.078338E-01
          401   5.000000E-01   5.000000E-01  -1.071130E-01
          402   1.000000E+00   5.000000E-01  -9.765794E-02
          403   1.500000E+00   5.000000E-01  -8.838981E-02
          404   2.000000E+00   5.000000E-01  -7.908879E-02
          405   2.500000E+00   5.000000E-01  -6.990995E-02
          406   3.000000E+00   5.000000E-01  -6.088328E-02
          407   3.500000E+00   5.000000E-01  -5.194569E-02
          408   4.000000E+00   5.000000E-01  -4.316389E-02
          409   4.500000E+00   5.000000E-01  -3.460918E-02
          410   5.000000E+00   5.000000E-01  -2.621914E-02
          411   5.500000E+00   5.000000E-01  -1.810763E-02
          412   6.000000E+00   5.000000E-01  -9.801375E-03
          413   6.500000E+00   5.000000E-01   1.630702E-04
          414   7.000000E+00   5.000000E-01   5.298593E-04
          415   7.500000E+00   5.000000E-01   8.971238E-04
          416   8.000000E+00   5.000000E-01   1.259262E-03
          417   8.500000E+00   5.000000E-01   1.675090E-03
          418   9.000000E+00   5.000000E-01   2.248421E-03
          419   9.500000E+00   5.000000E-01   2.569448E-03
          420   1.000000E+01   5.000000E-01   2.014741E-03
          421   0.000000E+00   0.000000E+00  -9.984080E-02
          422   5.000000E-01   0.000000E+00  -9.665015E-02
          423   1.000000E+00   0.000000E+00  -8.716290E-02
          424   1.500000E+00   0.000000E+00  -7.775472E-02
          425   2.000000E+00   0.000000E+00  -6.843933E-02
          426   2.500000E+00   0.000000E+00  -5.928882E-02
          427   3.000000E+00   0.000000E+00  -5.018705E-02
          428   3.500000E+00   0.000000E+00  -4.124410E-02
          429   4.000000E+00   0.000000E+00  -3.249161E-02
          430   4.500000E+00   0.000000E+00  -2.392163E-02
          431   5.000000E+00   0.000000E+00  -1.561415E-02
          432   5.500000E+00   0.000000E+00  -7.681065E-03
          433   6.000000E+00   0.000000E+00  -3.842110E-04
          434   6.500000E+00   0.000000E+00   2.357879E-04
          435   7.000000E+00   0.000000E+00   8.702868E-04
          436   7.500000E+00   0.000000E+00   1.575483E-03
          437   8.000000E+00   0.000000E+00   2.227262E-03
          438   8.500000E+00   0.000000E+00   2.838923E-03
          439   9.000000E+00   0.000000E+00   3.492320E-03
          440   9.500000E+00   0.000000E+00   4.049011E-03
          441   1.000000E+01   0.000000E+00   4.121286E-03
   1031  9.60000000E+03     NSTEP   TIME
 SURFACE NODE              X              Y  PRESSURE HEAD
            1   0.000000E+00   1.000000E+01  -2.816970E-01
            2   5.000000E-01   1.000000E+01  -2.802663E-01
            3   1.000000E+00   1.000000E+01  -2.802981E-01
            4   1.500000E+00   1.000000E+01  -2.804869E-01
            5   2.000000E+00   1.000000E+01  -2.805987E-01
            6   2.500000E+00   1.000000E+01  -2.806494E-01
            7   3.000000E+00   1.000000E+01  -2.806838E-01
            8   3.500000E+00   1.000000E+01  -2.805834E-01
            9   4.000000E+00   1.000000E+01  -2.804736E-01
           10   4.500000E+00   1.000000E+01  -2.802246E-01
           11   5.000000E+00   1.000000E+01  -2.798477E-01
           12   5.500000E+00   1.000000E+01  -2.793475E-01
           13   6.000000E+00   1.000000E+01  -2.787838E-01
           14   6.500000E+00   1.000000E+01  -2.781752E-01
           15   7.000000E+00   1.000000E+01  -2.774272E-01
           16   7.500000E+00   1.000000E+01  -2.765894E-01
           17   8.000000E+00   1.000000E+01  -2.756293E-01
           18   8.500000E+00   1.000000E+01  -2.745384E-01
           19   9.000000E+00   1.000000E+01  -2.736597E-01
           20   9.500000E+00   1.000000E+01  -2.705564E-01
           21   1.000000E+01   1.000000E+01  -2.708045E-01
           22   0.000000E+00   9.500000E+00  -2.795132E-01
           23   5.000000E-01   9.500000E+00  -2.761844E-01
           24   1.000000E+00   9.500000E+00  -2.754763E-01
           25   1.500000E+00   9.500000E+00  -2.757937E-01
           26   2.000000E+00   9.500000E+00  -2.758882E-01
           27   2.500000E+00   9.500000E+00  -2.758695E-01
           28   3.000000E+00   9.500000E+00  -2.758310E-01
           29   3.500000E+00   9.500000E+00  -2.757733E-01
           30   4.000000E+00   9.500000E+00  -2.755985E-01
           31   4.500000E+00   9.500000E+00  -2.753650E-01
           32   5.000000E+00   9.500000E+00  -2.752200E-01
           33   5.500000E+00   9.500000E+00  -2.749442E-01
           34   6.000000E+00   9.500000E+00  -2.746325E-01
           35   6.500000E+00   9.500000E+00  -2.742189E-01
           36   7.000000E+00   9.500000E+00  -2.738530E-01
           37   7.500000E+00   9.500000E+00  -2.732228E-01
           38   8.000000E+00   9.500000E+00  -2.724936E-01
           39   8.500000E+00   9.500000E+00  -2.715992E-01
           40   9.000000E+00   9.500000E+00  -2.706598E-01
           41   9.500000E+00   9.500000E+00  -2.681414E-01
           42   1.000000E+01   9.500000E+00  -2.690607E-01
           43   0.000000E+00   9.000000E+00  -2.796410E-01
           44   5.000000E-01   9.000000E+00  -2.758042E-01
           45   1.000000E+00   9.000000E+00  -2.750007E-01
           46   1.500000E+00   9.000000E+00  -2.753340E-01
           47   2.000000E+00   9.000000E+00  -2.750627E-01
           48   2.500000E+00   9.000000E+00  -2.748032E-01
           49   3.000000E+00   9.000000E+00  -2.745703E-01
           50   3.500000E+00   9.000000E+00  -2.741886E-01
           51   4.000000E+00   9.000000E+00  -2.738142E-01
           52   4.500000E+00   9.000000E+00  -2.734266E-01
           53   5.000000E+00   9.000000E+00  -2.729373E-01
           54   5.500000E+00   9.000000E+00  -2.723257E-01
           55   6.000000E+00   9.000000E+00  -2.717580E-01
           56   6.500000E+00   9.000000E+00  -2.709982E-01
           57   7.000000E+00   9.000000E+00  -2.701803E-01
           58   7.500000E+00   9.000000E+00  -2.691751E-01
           59   8.000000E+00   9.000000E+00  -2.679911E-01
           60   8.500000E+00   9.000000E+00  -2.665776E-01
           61   9.000000E+00   9.000000E+00  -2.650550E-01
           62   9.500000E+00   9.000000E+00  -2.619682E-01
           63   1.000000E+01   9.000000E+00  -2.619788E-01
           64   0.000000E+00   8.500000E+00  -2.794413E-01
           65   5.000000E-01   8.500000E+00  -2.758735E-01
           66   1.000000E+00   8.500000E+00  -2.748815E-01
           67   1.500000E+00   8.500000E+00  -2.750209E-01
           68   2.000000E+00   8.500000E+00  -2.745944E-01
           69   2.500000E+00   8.500000E+00  -2.741589E-01
           70   3.000000E+00   8.500000E+00  -2.737141E-01
           71   3.500000E+00   8.500000E+00  -2.732700E-01
           72   4.000000E+00   8.500000E+00  -2.726641E-01
           73   4.500000E+00   8.500000E+00  -2.720894E-01
           74   5.000000E+00   8.500000E+00  -2.714055E-01
           75   5.500000E+00   8.500000E+00  -2.705995E-01
           76   6.000000E+00   8.500000E+00  -2.697032E-01
           77   6.500000E+00   8.500000E+00  -2.686328E-01
           78   7.000000E+00   8.500000E+00  -2.673948E-01
           79   7.500000E+00   8.500000E+00  -2.659835E-01
           80   8.000000E+00   8.500000E+00  -2.641812E-01
           81   8.500000E+00   8.500000E+00  -2.621922E-01
           82   9.000000E+00   8.500000E+00  -2.599870E-01
           83   9.500000E+00   8.500000E+00  -2.562123E-01
           84   1.000000E+01   8.500000E+00  -2.563929E-01
           85   0.000000E+00   8.000000E+00  -2.786553E-01
           86   5.000000E-01   8.000000E+00  -2.753516E-01
           87   1.000000E+00   8.000000E+00  -2.739953E-01
           88   1.500000E+00   8.000000E+00  -2.739124E-01
           89   2.000000E+00   8.000000E+00  -2.733453E-01
           90   2.500000E+00   8.000000E+00  -2.727645E-01
           91   3.000000E+00   8.000000E+00  -2.721459E-01
           92   3.500000E+00   8.000000E+00  -2.714928E-01
           93   4.000000E+00   8.000000E+00  -2.707517E-01
           94   4.500000E+00   8.000000E+00  -2.698924E-01
           95   5.000000E+00   8.000000E+00  -2.688679E-01
           96   5.500000E+00   8.000000E+00  -2.677660E-01
           97   6.000000E+00   8.000000E+00  -2.664027E-01
           98   6.500000E+00   8.000000E+00  -2.649124E-01
           99   7.000000E+00   8.000000E+00  -2.631597E-01
          100   7.500000E+00   8.000000E+00  -2.611113E-01
          101   8.000000E+00   8.000000E+00  -2.587285E-01
          102   8.500000E+00   8.000000E+00  -2.559968E-01
          103   9.000000E+00   8.000000E+00  -2.529612E-01
          104   9.500000E+00   8.000000E+00  -2.484283E-01
          105   1.000000E+01   8.000000E+00  -2.484169E-01
          106   0.000000E+00   7.500000E+00  -2.771093E-01
          107   5.000000E-01   7.500000E+00  -2.745086E-01
          108   1.000000E+00   7.500000E+00  -2.727721E-01
          109   1.500000E+00   7.500000E+00  -2.725478E-01
          110   2.000000E+00   7.500000E+00  -2.717805E-01
          111   2.500000E+00   7.500000E+00  -2.710480E-01
          112   3.000000E+00   7.500000E+00  -2.701261E-01
          113   3.500000E+00   7.500000E+00  -2.692306E-01
          114   4.000000E+00   7.500000E+00  -2.681435E-01
          115   4.500000E+00   7.500000E+00  -2.669166E-01
          116   5.000000E+00   7.500000E+00  -2.655075E-01
          117   5.500000E+00   7.500000E+00  -2.638503E-01
          118   6.000000E+00   7.500000E+00  -2.620400E-01
          119   6.500000E+00   7.500000E+00  -2.598702E-01
          120   7.000000E+00   7.500000E+00  -2.574071E-01
          121   7.500000E+00   7.500000E+00  -2.545995E-01
          122   8.000000E+00   7.500000E+00  -2.514037E-01
          123   8.500000E+00   7.500000E+00  -2.478403E-01
          124   9.000000E+00   7.500000E+00  -2.437830E-01
          125   9.500000E+00   7.500000E+00  -2.384903E-01
          126   1.000000E+01   7.500000E+00  -2.381794E-01
          127   0.000000E+00   7.000000E+00  -2.750102E-01
          128   5.000000E-01   7.000000E+00  -2.733853E-01
          129   1.000000E+00   7.000000E+00  -2.711879E-01
          130   1.500000E+00   7.000000E+00  -2.706640E-01
          131   2.000000E+00   7.000000E+00  -2.697033E-01
          132   2.500000E+00   7.000000E+00  -2.685967E-01
          133   3.000000E+00   7.000000E+00  -2.674322E-01
          134   3.500000E+00   7.000000E+00  -2.660279E-01
          135   4.000000E+00   7.000000E+00  -2.645367E-01
          136   4.500000E+00   7.000000E+00  -2.627834E-01
          137   5.000000E+00   7.000000E+00  -2.607319E-01
          138   5.500000E+00   7.000000E+00  -2.585269E-01
          139   6.000000E+00   7.000000E+00  -2.559221E-01
          140   6.500000E+00   7.000000E+00  -2.530253E-01
          141   7.000000E+00   7.000000E+00  -2.497589E-01
          142   7.500000E+00   7.000000E+00  -2.460677E-01
          143   8.000000E+00   7.000000E+00  -2.419493E-01
          144   8.500000E+00   7.000000E+00  -2.373511E-01
          145   9.000000E+00   7.000000E+00  -2.323270E-01
          146   9.500000E+00   7.000000E+00  -2.260567E-01
          147   1.000000E+01   7.000000E+00  -2.255183E-01
          148   0.000000E+00   6.500000E+00  -2.724779E-01
          149   5.000000E-01   6.500000E+00  -2.717296E-01
          150   1.000000E+00   6.500000E+00  -2.690522E-01
          151   1.500000E+00   6.500000E+00  -2.681603E-01
          152   2.000000E+00   6.500000E+00  -2.667519E-01
          153   2.500000E+00   6.500000E+00  -2.652163E-01
          154   3.000000E+00   6.500000E+00  -2.635160E-01
          155   3.500000E+00   6.500000E+00  -2.616318E-01
          156   4.000000E+00   6.500000E+00  -2.594562E-01
          157   4.500000E+00   6.500000E+00  -2.570182E-01
          158   5.000000E+00   6.500000E+00  -2.542851E-01
          159   5.500000E+00   6.500000E+00  -2.512412E-01
          160   6.000000E+00   6.500000E+00  -2.478367E-01
          161   6.500000E+00   6.500000E+00  -2.440299E-01
          162   7.000000E+00   6.500000E+00  -2.398093E-01
          163   7.500000E+00   6.500000E+00  -2.351659E-01
          164   8.000000E+00   6.500000E+00  -2.300234E-01
          165   8.500000E+00   6.500000E+00  -2.244086E-01
          166   9.000000E+00   6.500000E+00  -2.182136E-01
          167   9.500000E+00   6.500000E+00  -2.109925E-01
          168   1.000000E+01   6.500000E+00  -2.102703E-01
          169   0.000000E+00   6.000000E+00  -2.693857E-01
          170   5.000000E-01   6.000000E+00  -2.692174E-01
          171   1.000000E+00   6.000000E+00  -2.659756E-01
          172   1.500000E+00   6.000000E+00  -2.645256E-01
          173   2.000000E+00   6.000000E+00  -2.625567E-01
          174   2.500000E+00   6.000000E+00  -2.604818E-01
          175   3.000000E+00   6.000000E+00  -2.581228E-01
          176   3.500000E+00   6.000000E+00  -2.554326E-01
          177   4.000000E+00   6.000000E+00  -2.525254E-01
          178   4.500000E+00   6.000000E+00  -2.493142E-01
          179   5.000000E+00   6.000000E+00  -2.456799E-01
          180   5.500000E+00   6.000000E+00  -2.417224E-01
          181   6.000000E+00   6.000000E+00  -2.373631E-01
          182   6.500000E+00   6.000000E+00  -2.325936E-01
          183   7.000000E+00   6.000000E+00  -2.273953E-01
          184   7.500000E+00   6.000000E+00  -2.216629E-01
          185   8.000000E+00   6.000000E+00  -2.154408E-01
          186   8.500000E+00   6.000000E+00  -2.087905E-01
          187   9.000000E+00   6.000000E+00  -2.017363E-01
          188   9.500000E+00   6.000000E+00  -1.937714E-01
          189   1.000000E+01   6.000000E+00  -1.929508E-01
          190   0.000000E+00   5.500000E+00  -2.652563E-01
          191   5.000000E-01   5.500000E+00  -2.653728E-01
          192   1.000000E+00   5.500000E+00  -2.615795E-01
          193   1.500000E+00   5.500000E+00  -2.593836E-01
          194   2.000000E+00   5.500000E+00  -2.567750E-01
          195   2.500000E+00   5.500000E+00  -2.538427E-01
          196   3.000000E+00   5.500000E+00  -2.506929E-01
          197   3.500000E+00   5.500000E+00  -2.471486E-01
          198   4.000000E+00   5.500000E+00  -2.433410E-01
          199   4.500000E+00   5.500000E+00  -2.391822E-01
          200   5.000000E+00   5.500000E+00  -2.345953E-01
          201   5.500000E+00   5.500000E+00  -2.296747E-01
          202   6.000000E+00   5.500000E+00  -2.242914E-01
          203   6.500000E+00   5.500000E+00  -2.184976E-01
          204   7.000000E+00   5.500000E+00  -2.122467E-01
          205   7.500000E+00   5.500000E+00  -2.056057E-01
          206   8.000000E+00   5.500000E+00  -1.985667E-01
          207   8.500000E+00   5.500000E+00  -1.911385E-01
          208   9.000000E+00   5.500000E+00  -1.833409E-01
          209   9.500000E+00   5.500000E+00  -1.748396E-01
          210   1.000000E+01   5.500000E+00  -1.739834E-01
          211   0.000000E+00   5.000000E+00  -2.597286E-01
          212   5.000000E-01   5.000000E+00  -2.597827E-01
          213   1.000000E+00   5.000000E+00  -2.553573E-01
          214   1.500000E+00   5.000000E+00  -2.522718E-01
          215   2.000000E+00   5.000000E+00  -2.487509E-01
          216   2.500000E+00   5.000000E+00  -2.449644E-01
          217   3.000000E+00   5.000000E+00  -2.408910E-01
          218   3.500000E+00   5.000000E+00  -2.363944E-01
          219   4.000000E+00   5.000000E+00  -2.315808E-01
          220   4.500000E+00   5.000000E+00  -2.264240E-01
          221   5.000000E+00   5.000000E+00  -2.208347E-01
          222   5.500000E+00   5.000000E+00  -2.148794E-01
          223   6.000000E+00   5.000000E+00  -2.085492E-01
          224   6.500000E+00   5.000000E+00  -2.018973E-01
          225   7.000000E+00   5.000000E+00  -1.948865E-01
          226   7.500000E+00   5.000000E+00  -1.875508E-01
          227   8.000000E+00   5.000000E+00  -1.798661E-01
          228   8.500000E+00   5.000000E+00  -1.717892E-01
          229   9.000000E+00   5.000000E+00  -1.633233E-01
          230   9.500000E+00   5.000000E+00  -1.543252E-01
          231   1.000000E+01   5.000000E+00  -1.535020E-01
          232   0.000000E+00   4.500000E+00  -2.521569E-01
          233   5.000000E-01   4.500000E+00  -2.519851E-01
          234   1.000000E+00   4.500000E+00  -2.468750E-01
          235   1.500000E+00   4.500000E+00  -2.427792E-01
          236   2.000000E+00   4.500000E+00  -2.383272E-01
          237   2.500000E+00   4.500000E+00  -2.335232E-01
          238   3.000000E+00   4.500000E+00  -2.284244E-01
          239   3.500000E+00   4.500000E+00  -2.229425E-01
          240   4.000000E+00   4.500000E+00  -2.170664E-01
          241   4.500000E+00   4.500000E+00  -2.109120E-01
          242   5.000000E+00   4.500000E+00  -2.044551E-01
          243   5.500000E+00   4.500000E+00  -1.977084E-01
          244   6.000000E+00   4.500000E+00  -1.906588E-01
          245   6.500000E+00   4.500000E+00  -1.833657E-01
          246   7.000000E+00   4.500000E+00  -1.757782E-01
          247   7.500000E+00   4.500000E+00  -1.677967E-01
          248   8.000000E+00   4.500000E+00  -1.595543E-01
          249   8.500000E+00   4.500000E+00  -1.510755E-01
          250   9.000000E+00   4.500000E+00  -1.423293E-01
          251   9.500000E+00   4.500000E+00  -1.331283E-01
          252   1.000000E+01   4.500000E+00  -1.323507E-01
          253   0.000000E+00   4.000000E+00  -2.421476E-01
          254   5.000000E-01   4.000000E+00  -2.417423E-01
          255   1.000000E+00   4.000000E+00  -2.358102E-01
          256   1.500000E+00   4.000000E+00  -2.306965E-01
          257   2.000000E+00   4.000000E+00  -2.251645E-01
          258   2.500000E+00   4.000000E+00  -2.193408E-01
          259   3.000000E+00   4.000000E+00  -2.131626E-01
          260   3.500000E+00   4.000000E+00  -2.067595E-01
          261   4.000000E+00   4.000000E+00  -2.000707E-01
          262   4.500000E+00   4.000000E+00  -1.931508E-01
          263   5.000000E+00   4.000000E+00  -1.860070E-01
          264   5.500000E+00   4.000000E+00  -1.786545E-01
          265   6.000000E+00   4.000000E+00  -1.709945E-01
          266   6.500000E+00   4.000000E+00  -1.631063E-01
          267   7.000000E+00   4.000000E+00  -1.550564E-01
          268   7.500000E+00   4.000000E+00  -1.468194E-01
          269   8.000000E+00   4.000000E+00  -1.383830E-01
          270   8.500000E+00   4.000000E+00  -1.297121E-01
          271   9.000000E+00   4.000000E+00  -1.208367E-01
          272   9.500000E+00   4.000000E+00  -1.115255E-01
          273   1.000000E+01   4.000000E+00  -1.107956E-01
          274   0.000000E+00   3.500000E+00  -2.293803E-01
          275   5.000000E-01   3.500000E+00  -2.288137E-01
          276   1.000000E+00   3.500000E+00  -2.220414E-01
          277   1.500000E+00   3.500000E+00  -2.158188E-01
          278   2.000000E+00   3.500000E+00  -2.093138E-01
          279   2.500000E+00   3.500000E+00  -2.025714E-01
          280   3.000000E+00   3.500000E+00  -1.956087E-01
          281   3.500000E+00   3.500000E+00  -1.884247E-01
          282   4.000000E+00   3.500000E+00  -1.810793E-01
          283   4.500000E+00   3.500000E+00  -1.735253E-01
          284   5.000000E+00   3.500000E+00  -1.657269E-01
          285   5.500000E+00   3.500000E+00  -1.578324E-01
          286   6.000000E+00   3.500000E+00  -1.498506E-01
          287   6.500000E+00   3.500000E+00  -1.417564E-01
          288   7.000000E+00   3.500000E+00  -1.335381E-01
          289   7.500000E+00   3.500000E+00  -1.252046E-01
          290   8.000000E+00   3.500000E+00  -1.167311E-01
          291   8.500000E+00   3.500000E+00  -1.079627E-01
          292   9.000000E+00   3.500000E+00  -9.892762E-02
          293   9.500000E+00   3.500000E+00  -8.958222E-02
          294   1.000000E+01   3.500000E+00  -8.889974E-02
          295   0.000000E+00   3.000000E+00  -2.138488E-01
          296   5.000000E-01   3.000000E+00  -2.131072E-01
          297   1.000000E+00   3.000000E+00  -2.055892E-01
          298   1.500000E+00   3.000000E+00  -1.984731E-01
          299   2.000000E+00   3.000000E+00  -1.912063E-01
          300   2.500000E+00   3.000000E+00  -1.837117E-01
          301   3.000000E+00   3.000000E+00  -1.760964E-01
          302   3.500000E+00   3.000000E+00  -1.682059E-01
          303   4.000000E+00   3.000000E+00  -1.602352E-01
          304   4.500000E+00   3.000000E+00  -1.522180E-01
          305   5.000000E+00   3.000000E+00  -1.441365E-01
          306   5.500000E+00   3.000000E+00  -1.360185E-01
          307   6.000000E+00   3.000000E+00  -1.278847E-01
          308   6.500000E+00   3.000000E+00  -1.197644E-01
          309   7.000000E+00   3.000000E+00  -1.114860E-01
          310   7.500000E+00   3.000000E+00  -1.031051E-01
          311   8.000000E+00   3.000000E+00  -9.461403E-02
          312   8.500000E+00   3.000000E+00  -8.596018E-02
          313   9.000000E+00   3.000000E+00  -7.699950E-02
          314   9.500000E+00   3.000000E+00  -6.763921E-02
          315   1.000000E+01   3.000000E+00  -6.699618E-02
          316   0.000000E+00   2.500000E+00  -1.959133E-01
          317   5.000000E-01   2.500000E+00  -1.950908E-01
          318   1.000000E+00   2.500000E+00  -1.869803E-01
          319   1.500000E+00   2.500000E+00  -1.791657E-01
          320   2.000000E+00   2.500000E+00  -1.711483E-01
          321   2.500000E+00   2.500000E+00  -1.629672E-01
          322   3.000000E+00   2.500000E+00  -1.547541E-01
          323   3.500000E+00   2.500000E+00  -1.465032E-01
          324   4.000000E+00   2.500000E+00  -1.382281E-01
          325   4.500000E+00   2.500000E+00  -1.299588E-01
          326   5.000000E+00   2.500000E+00  -1.217462E-01
          327   5.500000E+00   2.500000E+00  -1.135095E-01
          328   6.000000E+00   2.500000E+00  -1.052590E-01
          329   6.500000E+00   2.500000E+00  -9.707521E-02
          330   7.000000E+00   2.500000E+00  -8.894509E-02
          331   7.500000E+00   2.500000E+00  -8.071328E-02
          332   8.000000E+00   2.500000E+00  -7.241356E-02
          333   8.500000E+00   2.500000E+00  -6.401455E-02
          334   9.000000E+00   2.500000E+00  -5.532557E-02
          335   9.500000E+00   2.500000E+00  -4.614329E-02
          336   1.000000E+01   2.500000E+00  -4.561198E-02
          337   0.000000E+00   2.000000E+00  -1.760695E-01
          338   5.000000E-01   2.000000E+00  -1.751927E-01
          339   1.000000E+00   2.000000E+00  -1.664599E-01
          340   1.500000E+00   2.000000E+00  -1.579641E-01
          341   2.000000E+00   2.000000E+00  -1.494594E-01
          342   2.500000E+00   2.000000E+00  -1.409296E-01
          343   3.000000E+00   2.000000E+00  -1.323909E-01
          344   3.500000E+00   2.000000E+00  -1.239058E-01
          345   4.000000E+00   2.000000E+00  -1.154482E-01
          346   4.500000E+00   2.000000E+00  -1.069549E-01
          347   5.000000E+00   2.000000E+00  -9.856073E-02
          348   5.500000E+00   2.000000E+00  -9.030706E-02
          349   6.000000E+00   2.000000E+00  -8.208894E-02
          350   6.500000E+00   2.000000E+00  -7.400928E-02
          351   7.000000E+00   2.000000E+00  -6.609031E-02
          352   7.500000E+00   2.000000E+00  -5.821506E-02
          353   8.000000E+00   2.000000E+00  -5.028195E-02
          354   8.500000E+00   2.000000E+00  -4.245099E-02
          355   9.000000E+00   2.000000E+00  -3.423494E-02
          356   9.500000E+00   2.000000E+00  -2.526636E-02
          357   1.000000E+01   2.000000E+00  -2.492111E-02
          358   0.000000E+00   1.500000E+00  -1.543027E-01
          359   5.000000E-01   1.500000E+00  -1.534966E-01
          360   1.000000E+00   1.500000E+00  -1.444770E-01
          361   1.500000E+00   1.500000E+00  -1.356283E-01
          362   2.000000E+00   1.500000E+00  -1.268138E-01
          363   2.500000E+00   1.500000E+00  -1.180722E-01
          364   3.000000E+00   1.500000E+00  -1.092435E-01
          365   3.500000E+00   1.500000E+00  -1.004887E-01
          366   4.000000E+00   1.500000E+00  -9.186373E-02
          367   4.500000E+00   1.500000E+00  -8.329362E-02
          368   5.000000E+00   1.500000E+00  -7.482650E-02
          369   5.500000E+00   1.500000E+00  -6.656657E-02
          370   6.000000E+00   1.500000E+00  -5.851319E-02
          371   6.500000E+00   1.500000E+00  -5.065543E-02
          372   7.000000E+00   1.500000E+00  -4.311511E-02
          373   7.500000E+00   1.500000E+00  -3.568846E-02
          374   8.000000E+00   1.500000E+00  -2.800066E-02
          375   8.500000E+00   1.500000E+00  -2.144864E-02
          376   9.000000E+00   1.500000E+00  -1.352066E-02
          377   9.500000E+00   1.500000E+00  -3.040728E-03
          378   1.000000E+01   1.500000E+00  -3.488125E-03
          379   0.000000E+00   1.000000E+00  -1.315785E-01
          380   5.000000E-01   1.000000E+00  -1.308026E-01
          381   1.000000E+00   1.000000E+00  -1.215937E-01
          382   1.500000E+00   1.000000E+00  -1.124661E-01
          383   2.000000E+00   1.000000E+00  -1.033392E-01
          384   2.500000E+00   1.000000E+00  -9.432066E-02
          385   3.000000E+00   1.000000E+00  -8.536868E-02
          386   3.500000E+00   1.000000E+00  -7.646059E-02
          387   4.000000E+00   1.000000E+00  -6.771758E-02
          388   4.500000E+00   1.000000E+00  -5.914856E-02
          389   5.000000E+00   1.000000E+00  -5.069982E-02
          390   5.500000E+00   1.000000E+00  -4.248626E-02
          391   6.000000E+00   1.000000E+00  -3.453963E-02
          392   6.500000E+00   1.000000E+00  -2.680428E-02
          393   7.000000E+00   1.000000E+00  -1.929613E-02
          394   7.500000E+00   1.000000E+00  -1.207408E-02
          395   8.000000E+00   1.000000E+00   8.257116E-06
          396   8.500000E+00   1.000000E+00   1.792225E-04
          397   9.000000E+00   1.000000E+00   4.347919E-04
          398   9.500000E+00   1.000000E+00   5.282813E-04
          399   1.000000E+01   1.000000E+00   3.797589E-04
          400   0.000000E+00   5.000000E-01  -1.078338E-01
          401   5.000000E-01   5.000000E-01  -1.071130E-01
          402   1.000000E+00   5.000000E-01  -9.765794E-02
          403   1.500000E+00   5.000000E-01  -8.838981E-02
          404   2.000000E+00   5.000000E-01  -7.908879E-02
          405   2.500000E+00   5.000000E-01  -6.990995E-02
          406   3.000000E+00   5.000000E-01  -6.088328E-02
          407   3.500000E+00   5.000000E-01  -5.194569E-02
          408   4.000000E+00   5.000000E-01  -4.316389E-02
          409   4.500000E+00   5.000000E-01  -3.460918E-02
          410   5.000000E+00   5.000000E-01  -2.621914E-02
          411   5.500000E+00   5.000000E-01  -1.810763E-02
          412   6.000000E+00   5.000000E-01  -9.801375E-03
          413   6.500000E+00   5.000000E-01   1.630702E-04
          414   7.000000E+00   5.000000E-01   5.298593E-04
          415   7.500000E+00   5.000000E-01   8.971238E-04
          416   8.000000E+00   5.000000E-01   1.259262E-03
          417   8.500000E+00   5.000000E-01   1.675090E-03
          418   9.000000E+00   5.000000E-01   2.248421E-03
          419   9.500000E+00   5.000000E-01   2.569448E-03
          420   1.000000E+01   5.000000E-01   2.014741E-03
          421   0.000000E+00   0.000000E+00  -9.984080E-02
          422   5.000000E-01   0.000000E+00  -9.665015E-02
          423   1.000000E+00   0.000000E+00  -8.716290E-02
          424   1.500000E+00   0.000000E+00  -7.775472E-02
          425   2.000000E+00   0.000000E+00  -6.843933E-02
          426   2.500000E+00   0.000000E+00  -5.928882E-02
          427   3.000000E+00   0.000000E+00  -5.018705E-02
          428   3.500000E+00   0.000000E+00  -4.124410E-02
          429   4.000000E+00   0.000000E+00  -3.249161E-02
          430   4.500000E+00   0.000000E+00  -2.392163E-02
          431   5.000000E+00   0.000000E+00  -1.561415E-02
          432   5.500000E+00   0.000000E+00  -7.681065E-03
          433   6.000000E+00   0.000000E+00  -3.842110E-04
          434   6.500000E+00   0.000000E+00   2.357879E-04
          435   7.000000E+00   0.000000E+00   8.702868E-04
          436   7.500000E+00   0.000000E+00   1.575483E-03
          437   8.000000E+00   0.000000E+00   2.227262E-03
          438   8.500000E+00   0.000000E+00   2.838923E-03
          439   9.000000E+00   0.000000E+00   3.492320E-03
          440   9.500000E+00   0.000000E+00   4.049011E-03
          441   1.000000E+01   0.000000E+00   4.121286E-03
