  0   HSPSW
      0  0.00000000E+00     NSTEP   TIME
   5.376402E-01   5.382853E-01   5.382853E-01   5.382421E-01   5.381990E-01
   5.382421E-01   5.382421E-01   5.382853E-01   5.383717E-01   5.385014E-01
   5.386747E-01   5.388919E-01   5.391531E-01   5.394152E-01   5.397220E-01
   5.400740E-01   5.404717E-01   5.408713E-01   5.412280E-01   5.426246E-01
   5.423978E-01   5.385880E-01   5.401181E-01   5.404274E-01   5.403389E-01
   5.402947E-01   5.402947E-01   5.403389E-01   5.403832E-01   5.404274E-01
   5.405603E-01   5.406047E-01   5.406935E-01   5.408268E-01   5.410049E-01
   5.411387E-01   5.414070E-01   5.417210E-01   5.420813E-01   5.424884E-01
   5.436296E-01   5.431713E-01   5.386314E-01   5.403389E-01   5.406935E-01
   5.405603E-01   5.406935E-01   5.408268E-01   5.409158E-01   5.410941E-01
   5.412280E-01   5.414070E-01   5.415863E-01   5.418559E-01   5.420813E-01
   5.423978E-01   5.427609E-01   5.431713E-01   5.437215E-01   5.443216E-01
   5.450191E-01   5.464312E-01   5.464312E-01   5.388049E-01   5.403389E-01
   5.407823E-01   5.407379E-01   5.409158E-01   5.410941E-01   5.412727E-01
   5.414517E-01   5.417210E-01   5.419460E-01   5.422168E-01   5.425792E-01
   5.429887E-01   5.434460E-01   5.439518E-01   5.445999E-01   5.453934E-01
   5.463363E-01   5.473374E-01   5.491295E-01   5.490317E-01   5.391968E-01
   5.405603E-01   5.411834E-01   5.411834E-01   5.414517E-01   5.416761E-01
   5.419460E-01   5.422168E-01   5.425338E-01   5.428975E-01   5.433085E-01
   5.438136E-01   5.444143E-01   5.450658E-01   5.458636E-01   5.468116E-01
   5.479147E-01   5.491784E-01   5.506594E-01   5.528771E-01   5.529281E-01
   5.398978E-01   5.409158E-01   5.416761E-01   5.417659E-01   5.421264E-01
   5.423978E-01   5.428064E-01   5.432170E-01   5.436756E-01   5.441827E-01
   5.448326E-01   5.455812E-01   5.463838E-01   5.473854E-01   5.485443E-01
   5.498172E-01   5.514093E-01   5.531326E-01   5.551510E-01   5.579681E-01
   5.581302E-01   5.407823E-01   5.413622E-01   5.423525E-01   5.425792E-01
   5.429887E-01   5.434460E-01   5.439518E-01   5.445999E-01   5.452529E-01
   5.460524E-01   5.470025E-01   5.480112E-01   5.492274E-01   5.506097E-01
   5.521655E-01   5.540069E-01   5.560980E-01   5.584552E-01   5.611537E-01
   5.646848E-01   5.650338E-01   5.418559E-01   5.420362E-01   5.432628E-01
   5.436296E-01   5.442753E-01   5.449724E-01   5.457223E-01   5.465737E-01
   5.475775E-01   5.487389E-01   5.499652E-01   5.514595E-01   5.531326E-01
   5.549941E-01   5.571619E-01   5.596020E-01   5.623914E-01   5.655596E-01
   5.692029E-01   5.736266E-01   5.740740E-01   5.431256E-01   5.431256E-01
   5.445999E-01   5.452529E-01   5.461469E-01   5.470980E-01   5.482047E-01
   5.494727E-01   5.508588E-01   5.523682E-01   5.541620E-01   5.562038E-01
   5.584552E-01   5.609862E-01   5.638757E-01   5.671549E-01   5.707993E-01
   5.749103E-01   5.794732E-01   5.848982E-01   5.855435E-01   5.448792E-01
   5.448326E-01   5.465737E-01   5.475775E-01   5.487876E-01   5.502125E-01
   5.517110E-01   5.534402E-01   5.553606E-01   5.574835E-01   5.599323E-01
   5.625615E-01   5.656182E-01   5.689597E-01   5.727381E-01   5.768681E-01
   5.815249E-01   5.867010E-01   5.923863E-01   5.991386E-01   5.998797E-01
   5.473854E-01   5.473374E-01   5.494727E-01   5.509586E-01   5.526732E-01
   5.545771E-01   5.566284E-01   5.589995E-01   5.615457E-01   5.644529E-01
   5.676328E-01   5.711715E-01   5.750396E-01   5.792703E-01   5.840442E-01
   5.892054E-01   5.949562E-01   6.015453E-01   6.087481E-01   6.170388E-01
   6.178152E-01   5.509586E-01   5.510586E-01   5.535944E-01   5.556759E-01
   5.579681E-01   5.605410E-01   5.633592E-01   5.664426E-01   5.698750E-01
   5.736266E-01   5.776623E-01   5.821488E-01   5.869925E-01   5.923094E-01
   5.982399E-01   6.047833E-01   6.120271E-01   6.200778E-01   6.289593E-01
   6.391575E-01   6.400972E-01   5.559395E-01   5.561509E-01   5.592729E-01
   5.620522E-01   5.652087E-01   5.685960E-01   5.722969E-01   5.762766E-01
   5.806306E-01   5.853279E-01   5.904811E-01   5.960659E-01   6.022189E-01
   6.089277E-01   6.161717E-01   6.242264E-01   6.331114E-01   6.429610E-01
   6.540733E-01   6.669883E-01   6.680146E-01   5.627887E-01   5.630735E-01
   5.670358E-01   5.707374E-01   5.747166E-01   5.790679E-01   5.837611E-01
   5.888333E-01   5.942490E-01   6.002937E-01   6.067916E-01   6.137979E-01
   6.212764E-01   6.294973E-01   6.384574E-01   6.483926E-01   6.594697E-01
   6.720496E-01   6.863119E-01   7.029784E-01   7.042338E-01   5.718576E-01
   5.723598E-01   5.771321E-01   5.818710E-01   5.869195E-01   5.923863E-01
   5.984027E-01   6.048699E-01   6.118423E-01   6.192856E-01   6.272542E-01
   6.359251E-01   6.452770E-01   6.555346E-01   6.668424E-01   6.793779E-01
   6.933792E-01   7.094837E-01   7.282498E-01   7.505385E-01   7.521089E-01
   5.836199E-01   5.841860E-01   5.900290E-01   5.959863E-01   6.025573E-01
   6.095587E-01   6.170388E-01   6.251576E-01   6.338926E-01   6.432028E-01
   6.532833E-01   6.643857E-01   6.763673E-01   6.894819E-01   7.039475E-01
   7.201222E-01   7.383586E-01   7.592919E-01   7.843687E-01   8.148534E-01
   8.166968E-01   5.985658E-01   5.993029E-01   6.066155E-01   6.141743E-01
   6.223864E-01   6.312357E-01   6.406883E-01   6.509427E-01   6.622559E-01
   6.744998E-01   6.877176E-01   7.022039E-01   7.180765E-01   7.353149E-01
   7.543216E-01   7.756616E-01   7.996195E-01   8.271031E-01   8.611314E-01
   9.022331E-01   9.039653E-01   6.177179E-01   6.184990E-01   6.275720E-01
   6.372997E-01   6.476376E-01   6.590570E-01   6.715951E-01   6.852042E-01
   7.001462E-01   7.167001E-01   7.348713E-01   7.547939E-01   7.766983E-01
   7.998873E-01   8.258132E-01   8.551757E-01   8.862588E-01   9.176924E-01
   9.674497E-01   1.000000E+00   1.000000E+00   6.419989E-01   6.429610E-01
   6.544701E-01   6.671344E-01   6.810708E-01   6.962972E-01   7.133327E-01
   7.322127E-01   7.531727E-01   7.766092E-01   8.028562E-01   8.322198E-01
   8.655291E-01   8.947440E-01   9.337390E-01   9.790975E-01   1.000000E+00
   1.000000E+00   1.000000E+00   1.000000E+00   1.000000E+00   6.741910E-01
   6.752747E-01   6.907633E-01   7.078891E-01   7.270911E-01   7.485514E-01
   7.727603E-01   8.002896E-01   8.313268E-01   8.662836E-01   9.051073E-01
   9.476878E-01   1.000000E+00   1.000000E+00   1.000000E+00   1.000000E+00
   1.000000E+00   1.000000E+00   1.000000E+00   1.000000E+00   1.000000E+00
   6.871062E-01   6.925488E-01   7.103770E-01   7.302529E-01   7.525751E-01
   7.778604E-01   8.066983E-01   8.394085E-01   8.765019E-01   9.171835E-01
   9.587285E-01   9.921602E-01   1.000000E+00   1.000000E+00   1.000000E+00
   1.000000E+00   1.000000E+00   1.000000E+00   1.000000E+00   1.000000E+00
   1.000000E+00   5.402064E-01   5.408268E-01   5.408268E-01   5.407823E-01
   5.407823E-01   5.407823E-01   5.408268E-01   5.408713E-01   5.409603E-01
   5.410941E-01   5.412727E-01   5.414966E-01   5.417210E-01   5.419911E-01
   5.423072E-01   5.426700E-01   5.430800E-01   5.435377E-01   5.439057E-01
   5.452997E-01   5.451126E-01   5.411834E-01   5.427155E-01   5.430343E-01
   5.429431E-01   5.428975E-01   5.428975E-01   5.429431E-01   5.429887E-01
   5.430343E-01   5.431713E-01   5.432170E-01   5.433085E-01   5.434460E-01
   5.436296E-01   5.437675E-01   5.440441E-01   5.443679E-01   5.447394E-01
   5.451593E-01   5.463363E-01   5.458636E-01   5.411834E-01   5.429431E-01
   5.433085E-01   5.431713E-01   5.433085E-01   5.434002E-01   5.435377E-01
   5.437215E-01   5.438596E-01   5.440441E-01   5.442290E-01   5.445070E-01
   5.447394E-01   5.450658E-01   5.454403E-01   5.458636E-01   5.464312E-01
   5.470502E-01   5.477700E-01   5.492274E-01   5.492274E-01   5.413622E-01
   5.429431E-01   5.434002E-01   5.433085E-01   5.435377E-01   5.437215E-01
   5.439057E-01   5.440903E-01   5.443679E-01   5.445999E-01   5.448792E-01
   5.452529E-01   5.456282E-01   5.460997E-01   5.466688E-01   5.473374E-01
   5.481563E-01   5.491295E-01   5.501630E-01   5.520137E-01   5.519127E-01
   5.418109E-01   5.431713E-01   5.438136E-01   5.438136E-01   5.440903E-01
   5.443216E-01   5.445999E-01   5.448792E-01   5.452061E-01   5.455812E-01
   5.460052E-01   5.465261E-01   5.471459E-01   5.478182E-01   5.486415E-01
   5.496201E-01   5.507590E-01   5.520643E-01   5.535944E-01   5.559395E-01
   5.559395E-01   5.425338E-01   5.435377E-01   5.443216E-01   5.444143E-01
   5.447394E-01   5.450658E-01   5.454873E-01   5.458636E-01   5.463838E-01
   5.469070E-01   5.475775E-01   5.483501E-01   5.491784E-01   5.502125E-01
   5.514093E-01   5.527751E-01   5.543693E-01   5.562038E-01   5.582925E-01
   5.611537E-01   5.613215E-01   5.434002E-01   5.439980E-01   5.450191E-01
   5.452529E-01   5.456752E-01   5.461469E-01   5.466688E-01   5.473374E-01
   5.480112E-01   5.488364E-01   5.498172E-01   5.508588E-01   5.521149E-01
   5.535430E-01   5.552033E-01   5.570549E-01   5.592182E-01   5.617142E-01
   5.645109E-01   5.681734E-01   5.684750E-01   5.445070E-01   5.446929E-01
   5.459580E-01   5.463363E-01   5.470025E-01   5.477218E-01   5.484957E-01
   5.493745E-01   5.504109E-01   5.516103E-01   5.529281E-01   5.544212E-01
   5.561509E-01   5.581302E-01   5.603746E-01   5.629025E-01   5.657942E-01
   5.690812E-01   5.728645E-01   5.774631E-01   5.779285E-01   5.458165E-01
   5.458165E-01   5.473374E-01   5.480112E-01   5.489340E-01   5.499158E-01
   5.510586E-01   5.523682E-01   5.538004E-01   5.554130E-01   5.572690E-01
   5.593277E-01   5.616580E-01   5.643372E-01   5.672742E-01   5.706755E-01
   5.745234E-01   5.787986E-01   5.835493E-01   5.892800E-01   5.898788E-01
   5.476737E-01   5.475775E-01   5.493745E-01   5.504109E-01   5.517110E-01
   5.531326E-01   5.547333E-01   5.565220E-01   5.585095E-01   5.607077E-01
   5.631877E-01   5.659706E-01   5.691420E-01   5.726118E-01   5.765390E-01
   5.808363E-01   5.856875E-01   5.910869E-01   5.970266E-01   6.041795E-01
   6.048699E-01   5.502621E-01   5.502125E-01   5.523682E-01   5.539036E-01
   5.556759E-01   5.576447E-01   5.598221E-01   5.622216E-01   5.649173E-01
   5.678727E-01   5.712337E-01   5.749103E-01   5.789331E-01   5.834084E-01
   5.883145E-01   5.937022E-01   5.997971E-01   6.066155E-01   6.142686E-01
   6.229965E-01   6.238149E-01   5.539552E-01   5.540069E-01   5.566284E-01
   5.587814E-01   5.612096E-01   5.638757E-01   5.667387E-01   5.699978E-01
   5.735629E-01   5.774631E-01   5.816632E-01   5.863379E-01   5.913912E-01
   5.969462E-01   6.032373E-01   6.101025E-01   6.177179E-01   6.260963E-01
   6.355840E-01   6.463896E-01   6.472619E-01   5.591088E-01   5.593277E-01
   5.625615E-01   5.654425E-01   5.686565E-01   5.722340E-01   5.760802E-01
   5.802205E-01   5.847553E-01   5.896539E-01   5.950351E-01   6.008759E-01
   6.073217E-01   6.143630E-01   6.220826E-01   6.304719E-01   6.398616E-01
   6.504285E-01   6.622559E-01   6.760542E-01   6.771531E-01   5.662063E-01
   5.665017E-01   5.705519E-01   5.744591E-01   5.785971E-01   5.831271E-01
   5.880192E-01   5.933135E-01   5.990566E-01   6.053037E-01   6.121196E-01
   6.194832E-01   6.274660E-01   6.361531E-01   6.456468E-01   6.560702E-01
   6.678675E-01   6.813631E-01   6.967682E-01   7.147609E-01   7.161199E-01
   5.756236E-01   5.761456E-01   5.811111E-01   5.860483E-01   5.913150E-01
   5.971070E-01   6.033226E-01   6.101025E-01   6.174264E-01   6.252615E-01
   6.337807E-01   6.429610E-01   6.528902E-01   6.638143E-01   6.758980E-01
   6.893096E-01   7.044058E-01   7.218300E-01   7.422388E-01   7.666144E-01
   7.683369E-01   5.878719E-01   5.884624E-01   5.945627E-01   6.008759E-01
   6.076766E-01   6.150260E-01   6.229965E-01   6.315645E-01   6.406883E-01
   6.506853E-01   6.614137E-01   6.732691E-01   6.861267E-01   7.002019E-01
   7.158306E-01   7.333863E-01   7.532768E-01   7.762533E-01   8.038442E-01
   8.375312E-01   8.395689E-01   6.034934E-01   6.042655E-01   6.119347E-01
   6.199784E-01   6.286376E-01   6.378772E-01   6.480145E-01   6.589197E-01
   6.708412E-01   6.840224E-01   6.982822E-01   7.139228E-01   7.311614E-01
   7.499501E-01   7.707651E-01   7.942404E-01   8.207268E-01   8.511099E-01
   8.885402E-01   9.327030E-01   9.345163E-01   6.237123E-01   6.244327E-01
   6.341167E-01   6.442965E-01   6.554010E-01   6.675738E-01   6.809411E-01
   6.955756E-01   7.117170E-01   7.296651E-01   7.494656E-01   7.712834E-01
   7.954160E-01   8.210228E-01   8.496850E-01   8.820217E-01   9.157607E-01
   9.486186E-01   9.928523E-01   1.000000E+00   1.000000E+00   6.494064E-01
   6.503003E-01   6.626791E-01   6.762106E-01   6.911291E-01   7.075370E-01
   7.260070E-01   7.465623E-01   7.695041E-01   7.952850E-01   8.243051E-01
   8.567597E-01   8.933403E-01   9.248059E-01   9.638235E-01   9.993564E-01
   1.000000E+00   1.000000E+00   1.000000E+00   1.000000E+00   1.000000E+00
   6.837905E-01   6.849537E-01   7.015460E-01   7.201010E-01   7.409755E-01
   7.644356E-01   7.910432E-01   8.214304E-01   8.557312E-01   8.941141E-01
   9.357087E-01   9.775269E-01   1.000000E+00   1.000000E+00   1.000000E+00
   1.000000E+00   1.000000E+00   1.000000E+00   1.000000E+00   1.000000E+00
   1.000000E+00   6.976053E-01   7.034716E-01   7.227774E-01   7.443989E-01
   7.688484E-01   7.966645E-01   8.285151E-01   8.646440E-01   9.052067E-01
   9.481016E-01   9.869273E-01   1.000000E+00   1.000000E+00   1.000000E+00
   1.000000E+00   1.000000E+00   1.000000E+00   1.000000E+00   1.000000E+00
   1.000000E+00   1.000000E+00   5.451126E-01   5.457694E-01   5.457694E-01
   5.456752E-01   5.456752E-01   5.456752E-01   5.456752E-01   5.457694E-01
   5.458165E-01   5.459580E-01   5.461469E-01   5.463838E-01   5.466688E-01
   5.469547E-01   5.472895E-01   5.476737E-01   5.481079E-01   5.485929E-01
   5.490317E-01   5.505102E-01   5.502125E-01   5.460997E-01   5.476256E-01
   5.479629E-01   5.478182E-01   5.478182E-01   5.478182E-01   5.478664E-01
   5.478664E-01   5.479629E-01   5.480596E-01   5.481079E-01   5.482531E-01
   5.483986E-01   5.485929E-01   5.487389E-01   5.490317E-01   5.493745E-01
   5.498172E-01   5.502621E-01   5.515097E-01   5.509087E-01   5.460997E-01
   5.478182E-01   5.482047E-01   5.480596E-01   5.482047E-01   5.483501E-01
   5.484471E-01   5.486415E-01   5.488364E-01   5.489828E-01   5.492274E-01
   5.495218E-01   5.497679E-01   5.501135E-01   5.505102E-01   5.510086E-01
   5.515600E-01   5.522668E-01   5.530303E-01   5.546291E-01   5.544732E-01
   5.462890E-01   5.478182E-01   5.483016E-01   5.482531E-01   5.484471E-01
   5.486415E-01   5.488852E-01   5.490806E-01   5.493745E-01   5.496201E-01
   5.499652E-01   5.503116E-01   5.507590E-01   5.512588E-01   5.518622E-01
   5.525714E-01   5.534916E-01   5.544732E-01   5.556232E-01   5.576447E-01
   5.574298E-01   5.467164E-01   5.481079E-01   5.487389E-01   5.487876E-01
   5.490317E-01   5.493254E-01   5.496201E-01   5.499158E-01   5.502621E-01
   5.506594E-01   5.511586E-01   5.517110E-01   5.523682E-01   5.531326E-01
   5.540069E-01   5.550464E-01   5.562568E-01   5.576985E-01   5.593277E-01
   5.618268E-01   5.617142E-01   5.474814E-01   5.484471E-01   5.493254E-01
   5.494236E-01   5.497679E-01   5.501135E-01   5.505599E-01   5.510086E-01
   5.515097E-01   5.521149E-01   5.528261E-01   5.536459E-01   5.545771E-01
   5.556759E-01   5.569481E-01   5.584552E-01   5.601532E-01   5.621087E-01
   5.643951E-01   5.675131E-01   5.675730E-01   5.484471E-01   5.489828E-01
   5.500641E-01   5.503116E-01   5.507590E-01   5.513089E-01   5.518622E-01
   5.525714E-01   5.533376E-01   5.542138E-01   5.552557E-01   5.563628E-01
   5.577524E-01   5.592729E-01   5.610420E-01   5.630735E-01   5.654425E-01
   5.681132E-01   5.711715E-01   5.751043E-01   5.753636E-01   5.496201E-01
   5.497679E-01   5.510586E-01   5.515097E-01   5.522161E-01   5.529792E-01
   5.538004E-01   5.547854E-01   5.558867E-01   5.571619E-01   5.586182E-01
   5.602638E-01   5.621087E-01   5.642216E-01   5.666201E-01   5.693857E-01
   5.725487E-01   5.760802E-01   5.802205E-01   5.851845E-01   5.856155E-01
   5.510586E-01   5.509586E-01   5.525714E-01   5.532863E-01   5.543175E-01
   5.553606E-01   5.565752E-01   5.580221E-01   5.595471E-01   5.612655E-01
   5.633020E-01   5.655596E-01   5.680530E-01   5.709232E-01   5.741380E-01
   5.778619E-01   5.820098E-01   5.867010E-01   5.918493E-01   5.980773E-01
   5.987292E-01   5.530815E-01   5.528261E-01   5.547854E-01   5.559395E-01
   5.572690E-01   5.588359E-01   5.605410E-01   5.625047E-01   5.646268E-01
   5.670358E-01   5.697525E-01   5.727381E-01   5.761456E-01   5.799481E-01
   5.841860E-01   5.889820E-01   5.942490E-01   6.001279E-01   6.067035E-01
   6.145520E-01   6.152161E-01   5.558339E-01   5.556759E-01   5.580221E-01
   5.596570E-01   5.616019E-01   5.637032E-01   5.660295E-01   5.686565E-01
   5.716076E-01   5.748457E-01   5.784630E-01   5.824273E-01   5.868466E-01
   5.916964E-01   5.971070E-01   6.030669E-01   6.097396E-01   6.173293E-01
   6.257826E-01   6.354704E-01   6.363816E-01   5.598221E-01   5.598221E-01
   5.626182E-01   5.649755E-01   5.675730E-01   5.704285E-01   5.735629E-01
   5.771321E-01   5.809736E-01   5.851845E-01   5.898788E-01   5.949562E-01
   6.005428E-01   6.067035E-01   6.135164E-01   6.211761E-01   6.296052E-01
   6.390405E-01   6.496611E-01   6.619746E-01   6.629619E-01   5.653840E-01
   5.655010E-01   5.690204E-01   5.721712E-01   5.756887E-01   5.795409E-01
   5.836904E-01   5.882406E-01   5.932359E-01   5.986475E-01   6.045241E-01
   6.109232E-01   6.181078E-01   6.258871E-01   6.344537E-01   6.440526E-01
   6.546027E-01   6.665509E-01   6.800365E-01   6.959179E-01   6.971679E-01
   5.730545E-01   5.733083E-01   5.777288E-01   5.819404E-01   5.864830E-01
   5.913912E-01   5.967856E-01   6.026421E-01   6.089277E-01   6.158842E-01
   6.234050E-01   6.316744E-01   6.405698E-01   6.503003E-01   6.611342E-01
   6.729631E-01   6.865987E-01   7.021286E-01   7.201010E-01   7.413147E-01
   7.428741E-01   5.833380E-01   5.837611E-01   5.892054E-01   5.945627E-01
   6.003766E-01   6.067035E-01   6.136101E-01   6.211761E-01   6.292818E-01
   6.381090E-01   6.476376E-01   6.579628E-01   6.693459E-01   6.817865E-01
   6.957376E-01   7.113959E-01   7.291020E-01   7.497459E-01   7.741906E-01
   8.036394E-01   8.057311E-01   5.967054E-01   5.972681E-01   6.040075E-01
   6.108317E-01   6.184990E-01   6.266212E-01   6.354704E-01   6.450312E-01
   6.555346E-01   6.666966E-01   6.790419E-01   6.926898E-01   7.076543E-01
   7.241440E-01   7.426050E-01   7.635495E-01   7.875197E-01   8.153939E-01
   8.491423E-01   8.900693E-01   8.925198E-01   6.138919E-01   6.146466E-01
   6.232005E-01   6.321147E-01   6.417595E-01   6.523679E-01   6.638143E-01
   6.762106E-01   6.900000E-01   7.051920E-01   7.218729E-01   7.403475E-01
   7.608900E-01   7.834735E-01   8.087514E-01   8.374118E-01   8.697257E-01
   9.063518E-01   9.491354E-01   9.906688E-01   9.919352E-01   6.363816E-01
   6.371846E-01   6.480145E-01   6.594697E-01   6.720496E-01   6.860762E-01
   7.015835E-01   7.186853E-01   7.376931E-01   7.590764E-01   7.828892E-01
   8.093818E-01   8.388078E-01   8.700857E-01   9.046601E-01   9.420388E-01
   9.766376E-01   9.994798E-01   1.000000E+00   1.000000E+00   1.000000E+00
   6.653917E-01   6.664055E-01   6.804719E-01   6.960984E-01   7.134546E-01
   7.327409E-01   7.546626E-01   7.793610E-01   8.071837E-01   8.386878E-01
   8.741199E-01   9.130771E-01   9.542852E-01   9.845299E-01   1.000000E+00
   1.000000E+00   1.000000E+00   1.000000E+00   1.000000E+00   1.000000E+00
   1.000000E+00   7.049039E-01   7.062146E-01   7.256326E-01   7.475665E-01
   7.725569E-01   8.009619E-01   8.333898E-01   8.705363E-01   9.117652E-01
   9.551054E-01   9.927481E-01   1.000000E+00   1.000000E+00   1.000000E+00
   1.000000E+00   1.000000E+00   1.000000E+00   1.000000E+00   1.000000E+00
   1.000000E+00   1.000000E+00   7.209951E-01   7.278478E-01   7.506667E-01
   7.766092E-01   8.062141E-01   8.402118E-01   8.790876E-01   9.221879E-01
   9.665211E-01   9.993194E-01   1.000000E+00   1.000000E+00   1.000000E+00
   1.000000E+00   1.000000E+00   1.000000E+00   1.000000E+00   1.000000E+00
   1.000000E+00   1.000000E+00   1.000000E+00   5.519632E-01   5.525206E-01
   5.525206E-01   5.524190E-01   5.523682E-01   5.523682E-01   5.523682E-01
   5.524190E-01   5.525206E-01   5.526732E-01   5.528771E-01   5.531326E-01
   5.534402E-01   5.537489E-01   5.541620E-01   5.545771E-01   5.550987E-01
   5.556759E-01   5.561509E-01   5.578063E-01   5.572690E-01   5.528771E-01
   5.543175E-01   5.546812E-01   5.545251E-01   5.544732E-01   5.545251E-01
   5.545251E-01   5.545771E-01   5.546812E-01   5.547854E-01   5.548897E-01
   5.550464E-01   5.552033E-01   5.554130E-01   5.556232E-01   5.559395E-01
   5.563628E-01   5.568414E-01   5.573762E-01   5.587270E-01   5.579141E-01
   5.528261E-01   5.545251E-01   5.549419E-01   5.547854E-01   5.549419E-01
   5.550987E-01   5.552033E-01   5.554130E-01   5.556232E-01   5.558339E-01
   5.560980E-01   5.564158E-01   5.567348E-01   5.571619E-01   5.575910E-01
   5.581302E-01   5.587814E-01   5.596020E-01   5.604855E-01   5.622216E-01
   5.618831E-01   5.529792E-01   5.545251E-01   5.550464E-01   5.549941E-01
   5.552033E-01   5.554656E-01   5.556759E-01   5.559395E-01   5.562568E-01
   5.565752E-01   5.569481E-01   5.573762E-01   5.578602E-01   5.584552E-01
   5.591634E-01   5.599323E-01   5.609862E-01   5.621087E-01   5.634165E-01
   5.656182E-01   5.652087E-01   5.534402E-01   5.547854E-01   5.555181E-01
   5.555706E-01   5.558867E-01   5.562038E-01   5.565220E-01   5.568947E-01
   5.572690E-01   5.577524E-01   5.583467E-01   5.589449E-01   5.597120E-01
   5.605410E-01   5.615457E-01   5.627318E-01   5.641639E-01   5.657942E-01
   5.676328E-01   5.704285E-01   5.701206E-01   5.542656E-01   5.552557E-01
   5.562038E-01   5.563098E-01   5.567348E-01   5.571619E-01   5.576447E-01
   5.581302E-01   5.587270E-01   5.594373E-01   5.602085E-01   5.611537E-01
   5.622216E-01   5.634738E-01   5.649173E-01   5.666201E-01   5.685960E-01
   5.707993E-01   5.734355E-01   5.768681E-01   5.768022E-01   5.554130E-01
   5.558339E-01   5.570549E-01   5.573226E-01   5.578602E-01   5.585095E-01
   5.591634E-01   5.599323E-01   5.607633E-01   5.617705E-01   5.629595E-01
   5.642794E-01   5.657942E-01   5.675730E-01   5.695689E-01   5.719203E-01
   5.745878E-01   5.776623E-01   5.811111E-01   5.856155E-01   5.856875E-01
   5.567348E-01   5.567348E-01   5.582384E-01   5.587270E-01   5.594922E-01
   5.603746E-01   5.613775E-01   5.624481E-01   5.637032E-01   5.651504E-01
   5.667981E-01   5.686565E-01   5.707993E-01   5.732448E-01   5.760149E-01
   5.791353E-01   5.827066E-01   5.868466E-01   5.915437E-01   5.972681E-01
   5.975911E-01   5.584009E-01   5.581302E-01   5.599323E-01   5.607633E-01
   5.618831E-01   5.631306E-01   5.645109E-01   5.660884E-01   5.678727E-01
   5.698750E-01   5.721712E-01   5.747166E-01   5.776623E-01   5.809049E-01
   5.846127E-01   5.889076E-01   5.937022E-01   5.990566E-01   6.050432E-01
   6.123048E-01   6.127692E-01   5.607077E-01   5.603192E-01   5.624481E-01
   5.637607E-01   5.653255E-01   5.670954E-01   5.690204E-01   5.712337E-01
   5.736904E-01   5.764077E-01   5.795409E-01   5.829867E-01   5.869195E-01
   5.913150E-01   5.962254E-01   6.017133E-01   6.078544E-01   6.147413E-01
   6.224879E-01   6.315645E-01   6.323354E-01   5.638757E-01   5.635311E-01
   5.661473E-01   5.680530E-01   5.702437E-01   5.726749E-01   5.752987E-01
   5.783291E-01   5.816632E-01   5.853279E-01   5.895042E-01   5.940925E-01
   5.992207E-01   6.048699E-01   6.111981E-01   6.182055E-01   6.259917E-01
   6.349045E-01   6.450312E-01   6.566080E-01   6.575548E-01   5.684146E-01
   5.682336E-01   5.714204E-01   5.740740E-01   5.770000E-01   5.802888E-01
   5.839025E-01   5.879455E-01   5.924633E-01   5.973488E-01   6.027269E-01
   6.086584E-01   6.152161E-01   6.223864E-01   6.304719E-01   6.395090E-01
   6.496611E-01   6.609947E-01   6.738830E-01   6.889314E-01   6.900692E-01
   5.747811E-01   5.747811E-01   5.787314E-01   5.822880E-01   5.863379E-01
   5.907079E-01   5.955889E-01   6.008759E-01   6.066155E-01   6.129555E-01
   6.197801E-01   6.273600E-01   6.359251E-01   6.452770E-01   6.555346E-01
   6.669883E-01   6.800043E-01   6.947323E-01   7.116567E-01   7.317547E-01
   7.332709E-01   5.835493E-01   5.836904E-01   5.886848E-01   5.934688E-01
   5.987292E-01   6.045241E-01   6.107403E-01   6.175235E-01   6.249500E-01
   6.332227E-01   6.422387E-01   6.519776E-01   6.628204E-01   6.748092E-01
   6.880414E-01   7.028837E-01   7.199524E-01   7.397940E-01   7.631356E-01
   7.910112E-01   7.930394E-01   5.953512E-01   5.956682E-01   6.018816E-01
   6.082110E-01   6.149310E-01   6.223864E-01   6.304719E-01   6.395090E-01
   6.491521E-01   6.597457E-01   6.714440E-01   6.841882E-01   6.982272E-01
   7.138616E-01   7.316176E-01   7.517730E-01   7.749246E-01   8.023132E-01
   8.351558E-01   8.748966E-01   8.776998E-01   6.108317E-01   6.113818E-01
   6.190885E-01   6.272542E-01   6.361531E-01   6.460176E-01   6.566080E-01
   6.683093E-01   6.810059E-01   6.949830E-01   7.103571E-01   7.276694E-01
   7.469131E-01   7.684221E-01   7.928130E-01   8.208377E-01   8.531773E-01
   8.907404E-01   9.344644E-01   9.802629E-01   9.825309E-01   6.310170E-01
   6.316744E-01   6.417595E-01   6.524982E-01   6.642426E-01   6.770428E-01
   6.911640E-01   7.066411E-01   7.241658E-01   7.436839E-01   7.654100E-01
   7.897661E-01   8.172419E-01   8.477283E-01   8.817879E-01   9.196301E-01
   9.590841E-01   9.936003E-01   1.000000E+00   1.000000E+00   1.000000E+00
   6.576907E-01   6.586455E-01   6.717464E-01   6.859081E-01   7.015648E-01
   7.191487E-01   7.389552E-01   7.611624E-01   7.862031E-01   8.147814E-01
   8.469002E-01   8.826773E-01   9.214196E-01   9.594900E-01   9.924434E-01
   1.000000E+00   1.000000E+00   1.000000E+00   1.000000E+00   1.000000E+00
   1.000000E+00   6.932907E-01   6.944643E-01   7.120387E-01   7.318920E-01
   7.542954E-01   7.795720E-01   8.088213E-01   8.421101E-01   8.796909E-01
   9.212660E-01   9.639286E-01   9.975949E-01   1.000000E+00   1.000000E+00
   1.000000E+00   1.000000E+00   1.000000E+00   1.000000E+00   1.000000E+00
   1.000000E+00   1.000000E+00   7.431191E-01   7.447699E-01   7.700475E-01
   7.990850E-01   8.326871E-01   8.711231E-01   9.142401E-01   9.598449E-01
   9.968979E-01   1.000000E+00   1.000000E+00   1.000000E+00   1.000000E+00
   1.000000E+00   1.000000E+00   1.000000E+00   1.000000E+00   1.000000E+00
   1.000000E+00   1.000000E+00   1.000000E+00   7.639366E-01   7.729057E-01
   8.031283E-01   8.380490E-01   8.781155E-01   9.229570E-01   9.691726E-01
   1.000000E+00   1.000000E+00   1.000000E+00   1.000000E+00   1.000000E+00
   1.000000E+00   1.000000E+00   1.000000E+00   1.000000E+00   1.000000E+00
   1.000000E+00   1.000000E+00   1.000000E+00   1.000000E+00   5.602085E-01
   5.606521E-01   5.605965E-01   5.604855E-01   5.603746E-01   5.603192E-01
   5.602638E-01   5.603192E-01   5.603746E-01   5.604855E-01   5.607077E-01
   5.610420E-01   5.613775E-01   5.617705E-01   5.622216E-01   5.627887E-01
   5.634165E-01   5.641639E-01   5.647429E-01   5.666794E-01   5.659706E-01
   5.609862E-01   5.622216E-01   5.626750E-01   5.624481E-01   5.623914E-01
   5.623914E-01   5.623914E-01   5.624481E-01   5.625615E-01   5.627318E-01
   5.628456E-01   5.630165E-01   5.632448E-01   5.635311E-01   5.638182E-01
   5.642794E-01   5.647429E-01   5.653840E-01   5.660295E-01   5.676328E-01
   5.665017E-01   5.608190E-01   5.623914E-01   5.629025E-01   5.627318E-01
   5.628456E-01   5.630165E-01   5.631877E-01   5.634165E-01   5.636458E-01
   5.639333E-01   5.642794E-01   5.646848E-01   5.650920E-01   5.656182E-01
   5.661473E-01   5.668574E-01   5.676927E-01   5.686565E-01   5.696913E-01
   5.717325E-01   5.711094E-01   5.608747E-01   5.623348E-01   5.629595E-01
   5.629025E-01   5.631877E-01   5.634738E-01   5.637607E-01   5.640485E-01
   5.644529E-01   5.648591E-01   5.653255E-01   5.659118E-01   5.665017E-01
   5.672742E-01   5.681132E-01   5.690812E-01   5.703052E-01   5.717325E-01
   5.733083E-01   5.758843E-01   5.751690E-01   5.613215E-01   5.626750E-01
   5.635311E-01   5.636458E-01   5.639909E-01   5.643951E-01   5.648010E-01
   5.652671E-01   5.657942E-01   5.663834E-01   5.670954E-01   5.678127E-01
   5.687776E-01   5.698137E-01   5.710473E-01   5.724857E-01   5.742022E-01
   5.762111E-01   5.784630E-01   5.817324E-01   5.811800E-01   5.622782E-01
   5.633020E-01   5.643372E-01   5.645688E-01   5.650920E-01   5.655596E-01
   5.662063E-01   5.667981E-01   5.675730E-01   5.684146E-01   5.693857E-01
   5.705519E-01   5.717951E-01   5.733719E-01   5.751690E-01   5.771982E-01
   5.796086E-01   5.823576E-01   5.855435E-01   5.896539E-01   5.893547E-01
   5.636458E-01   5.641062E-01   5.654425E-01   5.658530E-01   5.665017E-01
   5.672145E-01   5.680530E-01   5.690204E-01   5.700592E-01   5.712959E-01
   5.727381E-01   5.743305E-01   5.762766E-01   5.783960E-01   5.809049E-01
   5.837611E-01   5.869925E-01   5.907836E-01   5.950351E-01   6.003766E-01
   6.002937E-01   5.653255E-01   5.652671E-01   5.669169E-01   5.675730E-01
   5.685355E-01   5.695689E-01   5.707993E-01   5.721084E-01   5.736904E-01
   5.754285E-01   5.774631E-01   5.797443E-01   5.823576E-01   5.853279E-01
   5.887590E-01   5.926173E-01   5.970266E-01   6.020501E-01   6.078544E-01
   6.148361E-01   6.150260E-01   5.674533E-01   5.669763E-01   5.690812E-01
   5.701206E-01   5.714828E-01   5.729278E-01   5.746522E-01   5.766048E-01
   5.787986E-01   5.812489E-01   5.840442E-01   5.872116E-01   5.907836E-01
   5.947986E-01   5.993851E-01   6.046105E-01   6.105577E-01   6.172324E-01
   6.248463E-01   6.337807E-01   6.342289E-01   5.703052E-01   5.696301E-01
   5.721712E-01   5.737542E-01   5.756236E-01   5.777953E-01   5.801524E-01
   5.829166E-01   5.859038E-01   5.892800E-01   5.930809E-01   5.973488E-01
   6.021344E-01   6.075878E-01   6.137040E-01   6.205757E-01   6.283169E-01
   6.370695E-01   6.468873E-01   6.583720E-01   6.591944E-01   5.742663E-01
   5.736266E-01   5.766705E-01   5.790005E-01   5.816632E-01   5.846127E-01
   5.878719E-01   5.916200E-01   5.956682E-01   6.002107E-01   6.053906E-01
   6.111064E-01   6.175235E-01   6.246393E-01   6.325566E-01   6.414014E-01
   6.514591E-01   6.629619E-01   6.760542E-01   6.913385E-01   6.924256E-01
   5.798122E-01   5.793379E-01   5.831271E-01   5.863379E-01   5.899539E-01
   5.940143E-01   5.984843E-01   6.034080E-01   6.090176E-01   6.151210E-01
   6.218805E-01   6.292818E-01   6.376459E-01   6.467627E-01   6.571482E-01
   6.689007E-01   6.822111E-01   6.973500E-01   7.148019E-01   7.353616E-01
   7.369122E-01   5.875779E-01   5.873580E-01   5.920791E-01   5.964651E-01
   6.013775E-01   6.067916E-01   6.128624E-01   6.193844E-01   6.267265E-01
   6.346789E-01   6.434450E-01   6.531521E-01   6.640997E-01   6.763673E-01
   6.900346E-01   7.055000E-01   7.231883E-01   7.436593E-01   7.676007E-01
   7.965327E-01   7.987184E-01   5.983213E-01   5.982399E-01   6.042655E-01
   6.101933E-01   6.167490E-01   6.239177E-01   6.317843E-01   6.404515E-01
   6.499164E-01   6.605770E-01   6.723534E-01   6.852878E-01   6.997566E-01
   7.159545E-01   7.342896E-01   7.551884E-01   7.795720E-01   8.085067E-01
   8.431259E-01   8.846047E-01   8.876354E-01   6.128624E-01   6.130488E-01
   6.206755E-01   6.285306E-01   6.370695E-01   6.465138E-01   6.570129E-01
   6.686046E-01   6.814444E-01   6.955756E-01   7.112957E-01   7.288548E-01
   7.485260E-01   7.707651E-01   7.964997E-01   8.262297E-01   8.607825E-01
   9.013943E-01   9.475326E-01   9.915380E-01   9.936607E-01   6.321147E-01
   6.325566E-01   6.423588E-01   6.526287E-01   6.642426E-01   6.770900E-01
   6.911988E-01   7.068743E-01   7.243620E-01   7.438316E-01   7.656614E-01
   7.906592E-01   8.189957E-01   8.510258E-01   8.873976E-01   9.279992E-01
   9.699481E-01   1.000000E+00   1.000000E+00   1.000000E+00   1.000000E+00
   6.576907E-01   6.585087E-01   6.715951E-01   6.856563E-01   7.013211E-01
   7.188115E-01   7.383825E-01   7.602382E-01   7.854859E-01   8.141348E-01
   8.464459E-01   8.828648E-01   9.229057E-01   9.635082E-01   9.964426E-01
   1.000000E+00   1.000000E+00   1.000000E+00   1.000000E+00   1.000000E+00
   1.000000E+00   6.928133E-01   6.939118E-01   7.114560E-01   7.310020E-01
   7.529906E-01   7.780997E-01   8.070449E-01   8.400107E-01   8.774691E-01
   9.193748E-01   9.624996E-01   9.969494E-01   1.000000E+00   1.000000E+00
   1.000000E+00   1.000000E+00   1.000000E+00   1.000000E+00   1.000000E+00
   1.000000E+00   1.000000E+00   7.414117E-01   7.430210E-01   7.678269E-01
   7.965986E-01   8.297049E-01   8.675305E-01   9.107584E-01   9.564866E-01
   9.950661E-01   1.000000E+00   1.000000E+00   1.000000E+00   1.000000E+00
   1.000000E+00   1.000000E+00   1.000000E+00   1.000000E+00   1.000000E+00
   1.000000E+00   1.000000E+00   1.000000E+00   8.128474E-01   8.153578E-01
   8.529655E-01   8.962501E-01   9.440100E-01   9.882620E-01   1.000000E+00
   1.000000E+00   1.000000E+00   1.000000E+00   1.000000E+00   1.000000E+00
   1.000000E+00   1.000000E+00   1.000000E+00   1.000000E+00   1.000000E+00
   1.000000E+00   1.000000E+00   1.000000E+00   1.000000E+00   8.438190E-01
   8.572324E-01   9.020850E-01   9.509934E-01   9.938908E-01   1.000000E+00
   1.000000E+00   1.000000E+00   1.000000E+00   1.000000E+00   1.000000E+00
   1.000000E+00   1.000000E+00   1.000000E+00   1.000000E+00   1.000000E+00
   1.000000E+00   1.000000E+00   1.000000E+00   1.000000E+00   1.000000E+00
   5.692638E-01   5.695078E-01   5.693857E-01   5.692029E-01   5.689597E-01
   5.687776E-01   5.686565E-01   5.686565E-01   5.685960E-01   5.687170E-01
   5.689597E-01   5.693248E-01   5.697525E-01   5.702437E-01   5.709232E-01
   5.716700E-01   5.724857E-01   5.734992E-01   5.744591E-01   5.768022E-01
   5.758843E-01   5.698137E-01   5.707993E-01   5.712337E-01   5.709232E-01
   5.707374E-01   5.707374E-01   5.707374E-01   5.707374E-01   5.709232E-01
   5.711094E-01   5.712959E-01   5.716076E-01   5.719203E-01   5.723598E-01
   5.728013E-01   5.734355E-01   5.741380E-01   5.749749E-01   5.759495E-01
   5.779285E-01   5.764734E-01   5.694468E-01   5.707993E-01   5.714204E-01
   5.711094E-01   5.712959E-01   5.714204E-01   5.716700E-01   5.719203E-01
   5.722969E-01   5.726749E-01   5.731179E-01   5.736904E-01   5.742663E-01
   5.749749E-01   5.758190E-01   5.768022E-01   5.778619E-01   5.791353E-01
   5.806306E-01   5.831271E-01   5.821488E-01   5.692638E-01   5.706137E-01
   5.713581E-01   5.712959E-01   5.716076E-01   5.719829E-01   5.724227E-01
   5.728645E-01   5.733719E-01   5.740099E-01   5.746522E-01   5.754285E-01
   5.763421E-01   5.773306E-01   5.784630E-01   5.798122E-01   5.814558E-01
   5.833380E-01   5.854716E-01   5.886848E-01   5.875779E-01   5.695689E-01
   5.710473E-01   5.720456E-01   5.722340E-01   5.727381E-01   5.732448E-01
   5.738820E-01   5.744591E-01   5.752339E-01   5.760802E-01   5.770000E-01
   5.780618E-01   5.793379E-01   5.807677E-01   5.824273E-01   5.843991E-01
   5.866283E-01   5.892800E-01   5.923094E-01   5.964651E-01   5.955096E-01
   5.706755E-01   5.718576E-01   5.731813E-01   5.734992E-01   5.742022E-01
   5.749103E-01   5.757538E-01   5.766705E-01   5.776623E-01   5.788658E-01
   5.801524E-01   5.817324E-01   5.834788E-01   5.855435E-01   5.879455E-01
   5.907079E-01   5.938582E-01   5.975102E-01   6.017974E-01   6.070564E-01
   6.064397E-01   5.724857E-01   5.730545E-01   5.746522E-01   5.752987E-01
   5.762111E-01   5.772644E-01   5.783291E-01   5.796086E-01   5.810424E-01
   5.827066E-01   5.846840E-01   5.868466E-01   5.893547E-01   5.923094E-01
   5.955889E-01   5.994674E-01   6.038359E-01   6.088379E-01   6.145520E-01
   6.214774E-01   6.212764E-01   5.748457E-01   5.747166E-01   5.767363E-01
   5.777288E-01   5.790005E-01   5.804254E-01   5.820098E-01   5.838318E-01
   5.859760E-01   5.883145E-01   5.910110E-01   5.940925E-01   5.975911E-01
   6.016293E-01   6.061765E-01   6.113818E-01   6.173293E-01   6.240205E-01
   6.318943E-01   6.411632E-01   6.412822E-01   5.778619E-01   5.771982E-01
   5.796764E-01   5.811800E-01   5.829867E-01   5.849697E-01   5.872116E-01
   5.898788E-01   5.927716E-01   5.960659E-01   5.998797E-01   6.040935E-01
   6.089277E-01   6.143630E-01   6.204759E-01   6.274660E-01   6.355840E-01
   6.447858E-01   6.552676E-01   6.674272E-01   6.680146E-01   5.817324E-01
   5.808363E-01   5.839025E-01   5.860483E-01   5.886106E-01   5.914674E-01
   5.946413E-01   5.982399E-01   6.023034E-01   6.068798E-01   6.120271E-01
   6.177179E-01   6.242264E-01   6.315645E-01   6.399793E-01   6.494064E-01
   6.601606E-01   6.723534E-01   6.864299E-01   7.027702E-01   7.039094E-01
   5.870655E-01   5.861206E-01   5.899539E-01   5.930809E-01   5.966252E-01
   6.005428E-01   6.049565E-01   6.099209E-01   6.154066E-01   6.215781E-01
   6.285306E-01   6.363816E-01   6.451541E-01   6.550012E-01   6.661150E-01
   6.787226E-01   6.930076E-01   7.097412E-01   7.292369E-01   7.522642E-01
   7.540075E-01   5.945627E-01   5.937802E-01   5.985658E-01   6.028968E-01
   6.077655E-01   6.131422E-01   6.190885E-01   6.257826E-01   6.333341E-01
   6.417595E-01   6.510716E-01   6.615537E-01   6.732691E-01   6.863625E-01
   7.012463E-01   7.186012E-01   7.385970E-01   7.618724E-01   7.893211E-01
   8.222852E-01   8.249448E-01   6.049565E-01   6.044378E-01   6.105577E-01
   6.164600E-01   6.229965E-01   6.303632E-01   6.385738E-01   6.476376E-01
   6.576907E-01   6.689007E-01   6.814444E-01   6.953418E-01   7.114360E-01
   7.297102E-01   7.505385E-01   7.746013E-01   8.027883E-01   8.361426E-01
   8.755836E-01   9.223929E-01   9.259377E-01   6.191870E-01   6.190885E-01
   6.268318E-01   6.349045E-01   6.439309E-01   6.538094E-01   6.648159E-01
   6.770743E-01   6.906590E-01   7.060211E-01   7.235134E-01   7.431926E-01
   7.655496E-01   7.911714E-01   8.208007E-01   8.551330E-01   8.952777E-01
   9.410010E-01   9.861310E-01   1.000000E+00   1.000000E+00   6.388069E-01
   6.390405E-01   6.492792E-01   6.601606E-01   6.722014E-01   6.856563E-01
   7.006299E-01   7.178463E-01   7.371485E-01   7.588880E-01   7.836275E-01
   8.118869E-01   8.441050E-01   8.808076E-01   9.224955E-01   9.661545E-01
   9.994812E-01   1.000000E+00   1.000000E+00   1.000000E+00   1.000000E+00
   6.653917E-01   6.659700E-01   6.796185E-01   6.943572E-01   7.112957E-01
   7.304342E-01   7.519538E-01   7.764312E-01   8.044256E-01   8.362613E-01
   8.723001E-01   9.132286E-01   9.562822E-01   9.934180E-01   1.000000E+00
   1.000000E+00   1.000000E+00   1.000000E+00   1.000000E+00   1.000000E+00
   1.000000E+00   7.017900E-01   7.029973E-01   7.220663E-01   7.433644E-01
   7.676007E-01   7.953832E-01   8.271792E-01   8.632337E-01   9.047594E-01
   9.492387E-01   9.894084E-01   1.000000E+00   1.000000E+00   1.000000E+00
   1.000000E+00   1.000000E+00   1.000000E+00   1.000000E+00   1.000000E+00
   1.000000E+00   1.000000E+00   7.544527E-01   7.562185E-01   7.835659E-01
   8.150694E-01   8.511939E-01   8.926645E-01   9.386657E-01   9.828187E-01
   1.000000E+00   1.000000E+00   1.000000E+00   1.000000E+00   1.000000E+00
   1.000000E+00   1.000000E+00   1.000000E+00   1.000000E+00   1.000000E+00
   1.000000E+00   1.000000E+00   1.000000E+00   8.320643E-01   8.348409E-01
   8.756753E-01   9.224955E-01   9.705700E-01   1.000000E+00   1.000000E+00
   1.000000E+00   1.000000E+00   1.000000E+00   1.000000E+00   1.000000E+00
   1.000000E+00   1.000000E+00   1.000000E+00   1.000000E+00   1.000000E+00
   1.000000E+00   1.000000E+00   1.000000E+00   1.000000E+00   9.470151E-01
   9.508388E-01   9.948305E-01   1.000000E+00   1.000000E+00   1.000000E+00
   1.000000E+00   1.000000E+00   1.000000E+00   1.000000E+00   1.000000E+00
   1.000000E+00   1.000000E+00   1.000000E+00   1.000000E+00   1.000000E+00
   1.000000E+00   1.000000E+00   1.000000E+00   1.000000E+00   1.000000E+00
   9.867109E-01   9.977346E-01   1.000000E+00   1.000000E+00   1.000000E+00
   1.000000E+00   1.000000E+00   1.000000E+00   1.000000E+00   1.000000E+00
   1.000000E+00   1.000000E+00   1.000000E+00   1.000000E+00   1.000000E+00
   1.000000E+00   1.000000E+00   1.000000E+00   1.000000E+00   1.000000E+00
   1.000000E+00   5.770660E-01   5.771321E-01   5.770000E-01   5.766048E-01
   5.762111E-01   5.758843E-01   5.755585E-01   5.754285E-01   5.752987E-01
   5.752987E-01   5.755585E-01   5.759495E-01   5.764734E-01   5.771321E-01
   5.779951E-01   5.790679E-01   5.802888E-01   5.816632E-01   5.831271E-01
   5.859760E-01   5.851845E-01   5.774631E-01   5.780618E-01   5.785300E-01
   5.780618E-01   5.777288E-01   5.775295E-01   5.774631E-01   5.774631E-01
   5.776623E-01   5.779285E-01   5.781954E-01   5.786642E-01   5.792028E-01
   5.798122E-01   5.804937E-01   5.814558E-01   5.824971E-01   5.837611E-01
   5.852562E-01   5.877248E-01   5.860483E-01   5.767363E-01   5.777953E-01
   5.785300E-01   5.780618E-01   5.781954E-01   5.783291E-01   5.785300E-01
   5.789331E-01   5.794055E-01   5.799481E-01   5.806306E-01   5.813868E-01
   5.822880E-01   5.833380E-01   5.845415E-01   5.859038E-01   5.875045E-01
   5.893547E-01   5.913912E-01   5.945627E-01   5.933135E-01   5.760802E-01
   5.772644E-01   5.782622E-01   5.781286E-01   5.785300E-01   5.790005E-01
   5.796086E-01   5.802205E-01   5.810424E-01   5.819404E-01   5.828466E-01
   5.840442E-01   5.853279E-01   5.867738E-01   5.884624E-01   5.903302E-01
   5.926173E-01   5.951930E-01   5.981586E-01   6.023034E-01   6.008759E-01
   5.762111E-01   5.777288E-01   5.790679E-01   5.793379E-01   5.800161E-01
   5.807677E-01   5.816632E-01   5.825669E-01   5.836904E-01   5.848982E-01
   5.862654E-01   5.877983E-01   5.895790E-01   5.916200E-01   5.939362E-01
   5.966252E-01   5.997971E-01   6.034934E-01   6.076766E-01   6.130488E-01
   6.118423E-01   5.774631E-01   5.789331E-01   5.805621E-01   5.811800E-01
   5.821488E-01   5.831973E-01   5.843991E-01   5.856875E-01   5.872116E-01
   5.888333E-01   5.907836E-01   5.929261E-01   5.953512E-01   5.983213E-01
   6.016293E-01   6.054777E-01   6.098302E-01   6.149310E-01   6.207754E-01
   6.278907E-01   6.270428E-01   5.798122E-01   5.807677E-01   5.827766E-01
   5.837611E-01   5.851128E-01   5.865556E-01   5.881667E-01   5.899539E-01
   5.920024E-01   5.943273E-01   5.970266E-01   6.001279E-01   6.036645E-01
   6.076766E-01   6.123048E-01   6.176206E-01   6.237123E-01   6.306896E-01
   6.386903E-01   6.480145E-01   6.477631E-01   5.831973E-01   5.833380E-01
   5.858316E-01   5.872848E-01   5.890564E-01   5.910869E-01   5.933135E-01
   5.959067E-01   5.988109E-01   6.021344E-01   6.059139E-01   6.101933E-01
   6.150260E-01   6.206755E-01   6.270428E-01   6.342289E-01   6.425993E-01
   6.519776E-01   6.629619E-01   6.758980E-01   6.763673E-01   5.875779E-01
   5.869195E-01   5.900290E-01   5.921558E-01   5.946413E-01   5.974295E-01
   6.006260E-01   6.042655E-01   6.083003E-01   6.129555E-01   6.182055E-01
   6.241234E-01   6.307987E-01   6.384574E-01   6.470120E-01   6.568778E-01
   6.684569E-01   6.816561E-01   6.968771E-01   7.145765E-01   7.157068E-01
   5.931584E-01   5.920791E-01   5.959863E-01   5.989747E-01   6.024726E-01
   6.064397E-01   6.109232E-01   6.159799E-01   6.215781E-01   6.278907E-01
   6.351306E-01   6.432028E-01   6.522376E-01   6.626791E-01   6.748092E-01
   6.884857E-01   7.042338E-01   7.224969E-01   7.438316E-01   7.689053E-01
   7.709089E-01   6.007092E-01   5.995497E-01   6.044378E-01   6.087481E-01
   6.137040E-01   6.190885E-01   6.252615E-01   6.321147E-01   6.398616E-01
   6.485188E-01   6.582354E-01   6.694947E-01   6.822111E-01   6.966050E-01
   7.130690E-01   7.320981E-01   7.541121E-01   7.803277E-01   8.117449E-01
   8.493926E-01   8.525004E-01   6.111981E-01   6.101933E-01   6.163638E-01
   6.223864E-01   6.290667E-01   6.366105E-01   6.450312E-01   6.542054E-01
   6.651034E-01   6.771688E-01   6.907459E-01   7.061372E-01   7.236871E-01
   7.437824E-01   7.668956E-01   7.945662E-01   8.271411E-01   8.656177E-01
   9.107081E-01   9.605535E-01   9.642585E-01   6.255739E-01   6.248463E-01
   6.330003E-01   6.411632E-01   6.503003E-01   6.605770E-01   6.723534E-01
   6.855557E-01   7.003507E-01   7.171159E-01   7.361351E-01   7.576549E-01
   7.830121E-01   8.125623E-01   8.468589E-01   8.867329E-01   9.320301E-01
   9.783678E-01   1.000000E+00   1.000000E+00   1.000000E+00   6.454002E-01
   6.451541E-01   6.556683E-01   6.671344E-01   6.800687E-01   6.945000E-01
   7.107957E-01   7.293044E-01   7.502313E-01   7.742492E-01   8.023471E-01
   8.346050E-01   8.717110E-01   9.136836E-01   9.586269E-01   9.964568E-01
   1.000000E+00   1.000000E+00   1.000000E+00   1.000000E+00   1.000000E+00
   6.729631E-01   6.732691E-01   6.877857E-01   7.037379E-01   7.218300E-01
   7.423364E-01   7.655775E-01   7.930394E-01   8.245683E-01   8.605647E-01
   9.014436E-01   9.457722E-01   9.870494E-01   1.000000E+00   1.000000E+00
   1.000000E+00   1.000000E+00   1.000000E+00   1.000000E+00   1.000000E+00
   1.000000E+00   7.116366E-01   7.127450E-01   7.330402E-01   7.557951E-01
   7.824599E-01   8.134186E-01   8.489338E-01   8.895908E-01   9.345163E-01
   9.785187E-01   1.000000E+00   1.000000E+00   1.000000E+00   1.000000E+00
   1.000000E+00   1.000000E+00   1.000000E+00   1.000000E+00   1.000000E+00
   1.000000E+00   1.000000E+00   7.672619E-01   7.694184E-01   7.997199E-01
   8.346836E-01   8.748966E-01   9.202431E-01   9.671686E-01   1.000000E+00
   1.000000E+00   1.000000E+00   1.000000E+00   1.000000E+00   1.000000E+00
   1.000000E+00   1.000000E+00   1.000000E+00   1.000000E+00   1.000000E+00
   1.000000E+00   1.000000E+00   1.000000E+00   8.529232E-01   8.561164E-01
   9.011971E-01   9.503745E-01   9.934992E-01   1.000000E+00   1.000000E+00
   1.000000E+00   1.000000E+00   1.000000E+00   1.000000E+00   1.000000E+00
   1.000000E+00   1.000000E+00   1.000000E+00   1.000000E+00   1.000000E+00
   1.000000E+00   1.000000E+00   1.000000E+00   1.000000E+00   9.733311E-01
   9.768467E-01   1.000000E+00   1.000000E+00   1.000000E+00   1.000000E+00
   1.000000E+00   1.000000E+00   1.000000E+00   1.000000E+00   1.000000E+00
   1.000000E+00   1.000000E+00   1.000000E+00   1.000000E+00   1.000000E+00
   1.000000E+00   1.000000E+00   1.000000E+00   1.000000E+00   1.000000E+00
   1.000000E+00   1.000000E+00   1.000000E+00   1.000000E+00   1.000000E+00
   1.000000E+00   1.000000E+00   1.000000E+00   1.000000E+00   1.000000E+00
   1.000000E+00   1.000000E+00   1.000000E+00   1.000000E+00   1.000000E+00
   1.000000E+00   1.000000E+00   1.000000E+00   1.000000E+00   1.000000E+00
   1.000000E+00   1.000000E+00   1.000000E+00   1.000000E+00   1.000000E+00
   1.000000E+00   1.000000E+00   1.000000E+00   1.000000E+00   1.000000E+00
   1.000000E+00   1.000000E+00   1.000000E+00   1.000000E+00   1.000000E+00
   1.000000E+00   1.000000E+00   1.000000E+00   1.000000E+00   1.000000E+00
   1.000000E+00   1.000000E+00   5.905566E-01   5.902548E-01   5.897288E-01
   5.889076E-01   5.878719E-01   5.868466E-01   5.859038E-01   5.850412E-01
   5.843991E-01   5.839733E-01   5.839733E-01   5.843991E-01   5.851845E-01
   5.864104E-01   5.880929E-01   5.902548E-01   5.927716E-01   5.958271E-01
   5.991386E-01   6.040935E-01   6.040935E-01   5.905566E-01   5.897288E-01
   5.898038E-01   5.884624E-01   5.872848E-01   5.864104E-01   5.856875E-01
   5.853279E-01   5.852562E-01   5.856155E-01   5.861206E-01   5.870655E-01
   5.883145E-01   5.899539E-01   5.918493E-01   5.941707E-01   5.968659E-01
   5.999624E-01   6.035790E-01   6.083898E-01   6.068798E-01   5.886106E-01
   5.877983E-01   5.883884E-01   5.872848E-01   5.867738E-01   5.866283E-01
   5.867010E-01   5.871385E-01   5.879455E-01   5.890564E-01   5.905566E-01
   5.923863E-01   5.944842E-01   5.970266E-01   5.998797E-01   6.032373E-01
   6.070564E-01   6.112899E-01   6.160758E-01   6.221838E-01   6.209756E-01
   5.861206E-01   5.854716E-01   5.866283E-01   5.863379E-01   5.867010E-01
   5.873580E-01   5.884624E-01   5.898038E-01   5.915437E-01   5.936244E-01
   5.959863E-01   5.987292E-01   6.017974E-01   6.053906E-01   6.093780E-01
   6.137979E-01   6.188917E-01   6.246393E-01   6.313452E-01   6.392745E-01
   6.382250E-01   5.849697E-01   5.852562E-01   5.872116E-01   5.879455E-01
   5.892054E-01   5.907836E-01   5.927716E-01   5.949562E-01   5.975911E-01
   6.004597E-01   6.039217E-01   6.076766E-01   6.118423E-01   6.165563E-01
   6.218805E-01   6.279971E-01   6.349045E-01   6.429610E-01   6.521075E-01
   6.628204E-01   6.623968E-01   5.863379E-01   5.873580E-01   5.901042E-01
   5.917728E-01   5.939362E-01   5.964651E-01   5.992207E-01   6.024726E-01
   6.060889E-01   6.100116E-01   6.144575E-01   6.194832E-01   6.251576E-01
   6.315645E-01   6.389237E-01   6.473870E-01   6.570129E-01   6.680146E-01
   6.808277E-01   6.957737E-01   6.962429E-01   5.905566E-01   5.916964E-01
   5.951930E-01   5.978339E-01   6.008759E-01   6.044378E-01   6.083003E-01
   6.124903E-01   6.173293E-01   6.225894E-01   6.287447E-01   6.355840E-01
   6.433238E-01   6.522376E-01   6.623968E-01   6.740369E-01   6.873946E-01
   7.028648E-01   7.209311E-01   7.421657E-01   7.437824E-01   5.976719E-01
   5.981586E-01   6.025573E-01   6.063519E-01   6.104665E-01   6.151210E-01
   6.201772E-01   6.259917E-01   6.325566E-01   6.398616E-01   6.481404E-01
   6.576907E-01   6.684569E-01   6.807467E-01   6.948397E-01   7.110755E-01
   7.300718E-01   7.520572E-01   7.782793E-01   8.101548E-01   8.128117E-01
   6.075878E-01   6.071448E-01   6.126762E-01   6.177179E-01   6.233027E-01
   6.294973E-01   6.364960E-01   6.445409E-01   6.534146E-01   6.636719E-01
   6.751194E-01   6.882975E-01   7.033007E-01   7.206113E-01   7.405888E-01
   7.634666E-01   7.916849E-01   8.251333E-01   8.647324E-01   9.112112E-01
   9.151013E-01   6.201772E-01   6.192856E-01   6.263060E-01   6.331114E-01
   6.406883E-01   6.494064E-01   6.590570E-01   6.700914E-01   6.826043E-01
   6.967319E-01   7.128867E-01   7.315034E-01   7.527048E-01   7.777110E-01
   8.076701E-01   8.428817E-01   8.842749E-01   9.317195E-01   9.799751E-01
   1.000000E+00   1.000000E+00   6.368398E-01   6.359251E-01   6.450312E-01
   6.544701E-01   6.651034E-01   6.770428E-01   6.905895E-01   7.059631E-01
   7.236437E-01   7.437331E-01   7.665863E-01   7.943055E-01   8.265711E-01
   8.641143E-01   9.074997E-01   9.550542E-01   9.960396E-01   1.000000E+00
   1.000000E+00   1.000000E+00   1.000000E+00   6.593320E-01   6.589197E-01
   6.711422E-01   6.842048E-01   6.990544E-01   7.159752E-01   7.352681E-01
   7.570416E-01   7.830428E-01   8.134901E-01   8.486007E-01   8.892562E-01
   9.347236E-01   9.798986E-01   1.000000E+00   1.000000E+00   1.000000E+00
   1.000000E+00   1.000000E+00   1.000000E+00   1.000000E+00   6.907459E-01
   6.910070E-01   7.076738E-01   7.263823E-01   7.476169E-01   7.719769E-01
   8.011640E-01   8.348802E-01   8.738006E-01   9.178452E-01   9.641186E-01
   9.993206E-01   1.000000E+00   1.000000E+00   1.000000E+00   1.000000E+00
   1.000000E+00   1.000000E+00   1.000000E+00   1.000000E+00   1.000000E+00
   7.352681E-01   7.366528E-01   7.597509E-01   7.878976E-01   8.205420E-01
   8.581372E-01   9.012464E-01   9.482567E-01   9.908177E-01   1.000000E+00
   1.000000E+00   1.000000E+00   1.000000E+00   1.000000E+00   1.000000E+00
   1.000000E+00   1.000000E+00   1.000000E+00   1.000000E+00   1.000000E+00
   1.000000E+00   8.016364E-01   8.041518E-01   8.404533E-01   8.824898E-01
   9.297029E-01   9.769904E-01   1.000000E+00   1.000000E+00   1.000000E+00
   1.000000E+00   1.000000E+00   1.000000E+00   1.000000E+00   1.000000E+00
   1.000000E+00   1.000000E+00   1.000000E+00   1.000000E+00   1.000000E+00
   1.000000E+00   1.000000E+00   9.029747E-01   9.068006E-01   9.569461E-01
   9.977667E-01   1.000000E+00   1.000000E+00   1.000000E+00   1.000000E+00
   1.000000E+00   1.000000E+00   1.000000E+00   1.000000E+00   1.000000E+00
   1.000000E+00   1.000000E+00   1.000000E+00   1.000000E+00   1.000000E+00
   1.000000E+00   1.000000E+00   1.000000E+00   1.000000E+00   1.000000E+00
   1.000000E+00   1.000000E+00   1.000000E+00   1.000000E+00   1.000000E+00
   1.000000E+00   1.000000E+00   1.000000E+00   1.000000E+00   1.000000E+00
   1.000000E+00   1.000000E+00   1.000000E+00   1.000000E+00   1.000000E+00
   1.000000E+00   1.000000E+00   1.000000E+00   1.000000E+00   1.000000E+00
   1.000000E+00   1.000000E+00   1.000000E+00   1.000000E+00   1.000000E+00
   1.000000E+00   1.000000E+00   1.000000E+00   1.000000E+00   1.000000E+00
   1.000000E+00   1.000000E+00   1.000000E+00   1.000000E+00   1.000000E+00
   1.000000E+00   1.000000E+00   1.000000E+00   1.000000E+00   1.000000E+00
   1.000000E+00   1.000000E+00   1.000000E+00   1.000000E+00   1.000000E+00
   1.000000E+00   1.000000E+00   1.000000E+00   1.000000E+00   1.000000E+00
   1.000000E+00   1.000000E+00   1.000000E+00   1.000000E+00   1.000000E+00
   1.000000E+00   1.000000E+00   1.000000E+00   1.000000E+00   1.000000E+00
   1.000000E+00   1.000000E+00   1.000000E+00   1.000000E+00   1.000000E+00
   1.000000E+00   1.000000E+00   1.000000E+00   1.000000E+00   1.000000E+00
   1.000000E+00   1.000000E+00   1.000000E+00   1.000000E+00   1.000000E+00
   1.000000E+00   1.000000E+00   1.000000E+00   1.000000E+00   1.000000E+00
   1.000000E+00   1.000000E+00   1.000000E+00   1.000000E+00   1.000000E+00
   1.000000E+00   1.000000E+00   1.000000E+00   1.000000E+00   1.000000E+00
   1.000000E+00   1.000000E+00   1.000000E+00   1.000000E+00   1.000000E+00
   1.000000E+00   1.000000E+00   1.000000E+00   1.000000E+00   1.000000E+00
   1.000000E+00   1.000000E+00   1.000000E+00   6.007092E-01   6.007925E-01
   6.000451E-01   5.984027E-01   5.962254E-01   5.937802E-01   5.913150E-01
   5.888333E-01   5.867738E-01   5.852562E-01   5.844703E-01   5.845415E-01
   5.856155E-01   5.878719E-01   5.911629E-01   5.957477E-01   6.013775E-01
   6.080326E-01   6.156929E-01   6.253655E-01   6.287447E-01   6.012101E-01
   5.993851E-01   5.983213E-01   5.950351E-01   5.916964E-01   5.885365E-01
   5.858316E-01   5.837611E-01   5.824971E-01   5.821488E-01   5.827766E-01
   5.843991E-01   5.871385E-01   5.909351E-01   5.959067E-01   6.018816E-01
   6.089277E-01   6.167490E-01   6.263060E-01   6.370695E-01   6.379930E-01
   5.974295E-01   5.937802E-01   5.930809E-01   5.900290E-01   5.873580E-01
   5.853997E-01   5.842570E-01   5.841151E-01   5.849697E-01   5.869195E-01
   5.899539E-01   5.941707E-01   5.994674E-01   6.059139E-01   6.133291E-01
   6.220826E-01   6.321147E-01   6.432028E-01   6.556683E-01   6.694947E-01
   6.706909E-01   5.911629E-01   5.862654E-01   5.862654E-01   5.847553E-01
   5.841151E-01   5.845415E-01   5.859760E-01   5.885365E-01   5.922326E-01
   5.970266E-01   6.029818E-01   6.100116E-01   6.179127E-01   6.274660E-01
   6.381090E-01   6.497887E-01   6.626791E-01   6.772477E-01   6.936808E-01
   7.124217E-01   7.139839E-01   5.867010E-01   5.824971E-01   5.841860E-01
   5.851845E-01   5.872116E-01   5.904811E-01   5.947986E-01   6.002107E-01
   6.067916E-01   6.142686E-01   6.232005E-01   6.332227E-01   6.442965E-01
   6.566080E-01   6.702410E-01   6.854719E-01   7.027513E-01   7.224969E-01
   7.453155E-01   7.719769E-01   7.742199E-01   5.872848E-01   5.848982E-01
   5.887590E-01   5.926173E-01   5.975911E-01   6.037502E-01   6.108317E-01
   6.189900E-01   6.286376E-01   6.392745E-01   6.509427E-01   6.638143E-01
   6.782451E-01   6.943750E-01   7.126237E-01   7.335018E-01   7.576549E-01
   7.859221E-01   8.192894E-01   8.590017E-01   8.623996E-01   5.950351E-01
   5.944057E-01   6.005428E-01   6.073217E-01   6.150260E-01   6.241234E-01
   6.344537E-01   6.456468E-01   6.579628E-01   6.717464E-01   6.869368E-01
   7.040619E-01   7.234917E-01   7.457135E-01   7.714277E-01   8.015013E-01
   8.369351E-01   8.785318E-01   9.264527E-01   9.762325E-01   9.798805E-01
   6.104665E-01   6.109232E-01   6.193844E-01   6.293895E-01   6.403333E-01
   6.522376E-01   6.653917E-01   6.800043E-01   6.962972E-01   7.146380E-01
   7.354552E-01   7.593189E-01   7.869543E-01   8.192160E-01   8.568456E-01
   9.006062E-01   9.493937E-01   9.932343E-01   1.000000E+00   1.000000E+00
   1.000000E+00   6.337807E-01   6.345662E-01   6.462655E-01   6.589197E-01
   6.731160E-01   6.887255E-01   7.062533E-01   7.260511E-01   7.485767E-01
   7.744545E-01   8.044256E-01   8.393283E-01   8.797373E-01   9.256804E-01
   9.731116E-01   1.000000E+00   1.000000E+00   1.000000E+00   1.000000E+00
   1.000000E+00   1.000000E+00   6.646723E-01   6.656805E-01   6.808277E-01
   6.977148E-01   7.166793E-01   7.381920E-01   7.627777E-01   7.910752E-01
   8.239297E-01   8.618741E-01   9.053062E-01   9.527957E-01   9.941184E-01
   1.000000E+00   1.000000E+00   1.000000E+00   1.000000E+00   1.000000E+00
   1.000000E+00   1.000000E+00   1.000000E+00   7.053651E-01   7.067771E-01
   7.273800E-01   7.508720E-01   7.778604E-01   8.090663E-01   8.452111E-01
   8.867329E-01   9.333763E-01   9.793245E-01   1.000000E+00   1.000000E+00
   1.000000E+00   1.000000E+00   1.000000E+00   1.000000E+00   1.000000E+00
   1.000000E+00   1.000000E+00   1.000000E+00   1.000000E+00   7.618450E-01
   7.638259E-01   7.935254E-01   8.280562E-01   8.679325E-01   9.133297E-01
   9.614978E-01   9.987864E-01   1.000000E+00   1.000000E+00   1.000000E+00
   1.000000E+00   1.000000E+00   1.000000E+00   1.000000E+00   1.000000E+00
   1.000000E+00   1.000000E+00   1.000000E+00   1.000000E+00   1.000000E+00
   8.445141E-01   8.473139E-01   8.911724E-01   9.401707E-01   9.863208E-01
   1.000000E+00   1.000000E+00   1.000000E+00   1.000000E+00   1.000000E+00
   1.000000E+00   1.000000E+00   1.000000E+00   1.000000E+00   1.000000E+00
   1.000000E+00   1.000000E+00   1.000000E+00   1.000000E+00   1.000000E+00
   1.000000E+00   9.611598E-01   9.648672E-01   1.000000E+00   1.000000E+00
   1.000000E+00   1.000000E+00   1.000000E+00   1.000000E+00   1.000000E+00
   1.000000E+00   1.000000E+00   1.000000E+00   1.000000E+00   1.000000E+00
   1.000000E+00   1.000000E+00   1.000000E+00   1.000000E+00   1.000000E+00
   1.000000E+00   1.000000E+00   1.000000E+00   1.000000E+00   1.000000E+00
   1.000000E+00   1.000000E+00   1.000000E+00   1.000000E+00   1.000000E+00
   1.000000E+00   1.000000E+00   1.000000E+00   1.000000E+00   1.000000E+00
   1.000000E+00   1.000000E+00   1.000000E+00   1.000000E+00   1.000000E+00
   1.000000E+00   1.000000E+00   1.000000E+00   1.000000E+00   1.000000E+00
   1.000000E+00   1.000000E+00   1.000000E+00   1.000000E+00   1.000000E+00
   1.000000E+00   1.000000E+00   1.000000E+00   1.000000E+00   1.000000E+00
   1.000000E+00   1.000000E+00   1.000000E+00   1.000000E+00   1.000000E+00
   1.000000E+00   1.000000E+00   1.000000E+00   1.000000E+00   1.000000E+00
   1.000000E+00   1.000000E+00   1.000000E+00   1.000000E+00   1.000000E+00
   1.000000E+00   1.000000E+00   1.000000E+00   1.000000E+00   1.000000E+00
   1.000000E+00   1.000000E+00   1.000000E+00   1.000000E+00   1.000000E+00
   1.000000E+00   1.000000E+00   1.000000E+00   1.000000E+00   1.000000E+00
   1.000000E+00   1.000000E+00   1.000000E+00   1.000000E+00   1.000000E+00
   1.000000E+00   1.000000E+00   1.000000E+00   1.000000E+00   1.000000E+00
   1.000000E+00   1.000000E+00   1.000000E+00   1.000000E+00   1.000000E+00
   1.000000E+00   1.000000E+00   1.000000E+00   1.000000E+00   1.000000E+00
   1.000000E+00   1.000000E+00   1.000000E+00   1.000000E+00   1.000000E+00
   1.000000E+00   1.000000E+00   1.000000E+00   1.000000E+00   1.000000E+00
   1.000000E+00   1.000000E+00   1.000000E+00   1.000000E+00   1.000000E+00
   1.000000E+00   1.000000E+00   1.000000E+00   1.000000E+00   1.000000E+00
   1.000000E+00   1.000000E+00   1.000000E+00   1.000000E+00   1.000000E+00
   1.000000E+00   1.000000E+00   1.000000E+00   1.000000E+00   1.000000E+00
   1.000000E+00   1.000000E+00   1.000000E+00   1.000000E+00   1.000000E+00
   1.000000E+00   1.000000E+00   1.000000E+00   1.000000E+00   1.000000E+00
   1.000000E+00   1.000000E+00   1.000000E+00   1.000000E+00   1.000000E+00
   1.000000E+00   1.000000E+00   1.000000E+00   1.000000E+00   1.000000E+00
   1.000000E+00   1.000000E+00   1.000000E+00   1.000000E+00   1.000000E+00
   1.000000E+00   1.000000E+00   1.000000E+00   1.000000E+00   1.000000E+00
   1.000000E+00   1.000000E+00   1.000000E+00   1.000000E+00   6.018816E-01
   6.052168E-01   6.121196E-01   6.203762E-01   6.304719E-01   6.415207E-01
   6.538094E-01   6.674272E-01   6.826043E-01   6.996455E-01   7.189379E-01
   7.409998E-01   7.664458E-01   7.961050E-01   8.307463E-01   8.710779E-01
   9.163193E-01   9.640286E-01   9.998679E-01   1.000000E+00   1.000000E+00
   6.124903E-01   6.128624E-01   6.214774E-01   6.314548E-01   6.427198E-01
   6.551344E-01   6.689007E-01   6.842048E-01   7.014523E-01   7.209951E-01
   7.433399E-01   7.691047E-01   7.990850E-01   8.341731E-01   8.748966E-01
   9.214708E-01   9.697728E-01   1.000000E+00   1.000000E+00   1.000000E+00
   1.000000E+00   6.367251E-01   6.375304E-01   6.492792E-01   6.623968E-01
   6.770900E-01   6.935211E-01   7.120589E-01   7.332016E-01   7.574680E-01
   7.855793E-01   8.184096E-01   8.565451E-01   9.006062E-01   9.493420E-01
   9.926259E-01   1.000000E+00   1.000000E+00   1.000000E+00   1.000000E+00
   1.000000E+00   1.000000E+00   6.689007E-01   6.699420E-01   6.855892E-01
   7.032248E-01   7.232533E-01   7.461624E-01   7.725859E-01   8.033666E-01
   8.392481E-01   8.808076E-01   9.279476E-01   9.755729E-01   1.000000E+00
   1.000000E+00   1.000000E+00   1.000000E+00   1.000000E+00   1.000000E+00
   1.000000E+00   1.000000E+00   1.000000E+00   7.117571E-01   7.131501E-01
   7.348014E-01   7.597239E-01   7.886238E-01   8.223597E-01   8.615243E-01
   9.064515E-01   9.553103E-01   9.961328E-01   1.000000E+00   1.000000E+00
   1.000000E+00   1.000000E+00   1.000000E+00   1.000000E+00   1.000000E+00
   1.000000E+00   1.000000E+00   1.000000E+00   1.000000E+00   7.718901E-01
   7.737808E-01   8.053867E-01   8.422724E-01   8.849349E-01   9.331173E-01
   9.804154E-01   1.000000E+00   1.000000E+00   1.000000E+00   1.000000E+00
   1.000000E+00   1.000000E+00   1.000000E+00   1.000000E+00   1.000000E+00
   1.000000E+00   1.000000E+00   1.000000E+00   1.000000E+00   1.000000E+00
   8.601731E-01   8.627944E-01   9.090010E-01   9.587793E-01   9.982145E-01
   1.000000E+00   1.000000E+00   1.000000E+00   1.000000E+00   1.000000E+00
   1.000000E+00   1.000000E+00   1.000000E+00   1.000000E+00   1.000000E+00
   1.000000E+00   1.000000E+00   1.000000E+00   1.000000E+00   1.000000E+00
   1.000000E+00   9.781066E-01   9.812450E-01   1.000000E+00   1.000000E+00
   1.000000E+00   1.000000E+00   1.000000E+00   1.000000E+00   1.000000E+00
   1.000000E+00   1.000000E+00   1.000000E+00   1.000000E+00   1.000000E+00
   1.000000E+00   1.000000E+00   1.000000E+00   1.000000E+00   1.000000E+00
   1.000000E+00   1.000000E+00   1.000000E+00   1.000000E+00   1.000000E+00
   1.000000E+00   1.000000E+00   1.000000E+00   1.000000E+00   1.000000E+00
   1.000000E+00   1.000000E+00   1.000000E+00   1.000000E+00   1.000000E+00
   1.000000E+00   1.000000E+00   1.000000E+00   1.000000E+00   1.000000E+00
   1.000000E+00   1.000000E+00   1.000000E+00   1.000000E+00   1.000000E+00
   1.000000E+00   1.000000E+00   1.000000E+00   1.000000E+00   1.000000E+00
   1.000000E+00   1.000000E+00   1.000000E+00   1.000000E+00   1.000000E+00
   1.000000E+00   1.000000E+00   1.000000E+00   1.000000E+00   1.000000E+00
   1.000000E+00   1.000000E+00   1.000000E+00   1.000000E+00   1.000000E+00
   1.000000E+00   1.000000E+00   1.000000E+00   1.000000E+00   1.000000E+00
   1.000000E+00   1.000000E+00   1.000000E+00   1.000000E+00   1.000000E+00
   1.000000E+00   1.000000E+00   1.000000E+00   1.000000E+00   1.000000E+00
   1.000000E+00   1.000000E+00   1.000000E+00   1.000000E+00   1.000000E+00
   1.000000E+00   1.000000E+00   1.000000E+00   1.000000E+00   1.000000E+00
   1.000000E+00   1.000000E+00   1.000000E+00   1.000000E+00   1.000000E+00
   1.000000E+00   1.000000E+00   1.000000E+00   1.000000E+00   1.000000E+00
   1.000000E+00   1.000000E+00   1.000000E+00   1.000000E+00   1.000000E+00
   1.000000E+00   1.000000E+00   1.000000E+00   1.000000E+00   1.000000E+00
   1.000000E+00   1.000000E+00   1.000000E+00   1.000000E+00   1.000000E+00
   1.000000E+00   1.000000E+00   1.000000E+00   1.000000E+00   1.000000E+00
   1.000000E+00   1.000000E+00   1.000000E+00   1.000000E+00   1.000000E+00
   1.000000E+00   1.000000E+00   1.000000E+00   1.000000E+00   1.000000E+00
   1.000000E+00   1.000000E+00   1.000000E+00   1.000000E+00   1.000000E+00
   1.000000E+00   1.000000E+00   1.000000E+00   1.000000E+00   1.000000E+00
   1.000000E+00   1.000000E+00   1.000000E+00   1.000000E+00   1.000000E+00
   1.000000E+00   1.000000E+00   1.000000E+00   1.000000E+00   1.000000E+00
   1.000000E+00   1.000000E+00   1.000000E+00   1.000000E+00   1.000000E+00
   1.000000E+00   1.000000E+00   1.000000E+00   1.000000E+00   1.000000E+00
   1.000000E+00   1.000000E+00   1.000000E+00   1.000000E+00   1.000000E+00
   1.000000E+00   1.000000E+00   1.000000E+00   1.000000E+00   1.000000E+00
   1.000000E+00   1.000000E+00   1.000000E+00   1.000000E+00   1.000000E+00
   1.000000E+00   1.000000E+00   1.000000E+00   1.000000E+00   1.000000E+00
   1.000000E+00   1.000000E+00   1.000000E+00   1.000000E+00   1.000000E+00
   1.000000E+00   1.000000E+00   1.000000E+00   1.000000E+00   1.000000E+00
   1.000000E+00   1.000000E+00   1.000000E+00   1.000000E+00   1.000000E+00
   1.000000E+00   1.000000E+00   1.000000E+00   1.000000E+00   1.000000E+00
   1.000000E+00   1.000000E+00   1.000000E+00   1.000000E+00   1.000000E+00
   1.000000E+00   1.000000E+00   1.000000E+00   1.000000E+00   1.000000E+00
   1.000000E+00   1.000000E+00   1.000000E+00   1.000000E+00   1.000000E+00
   1.000000E+00   1.000000E+00   1.000000E+00   1.000000E+00   1.000000E+00
   1.000000E+00   1.000000E+00   1.000000E+00   1.000000E+00   1.000000E+00
   1.000000E+00   1.000000E+00   1.000000E+00   1.000000E+00   1.000000E+00
   1.000000E+00   1.000000E+00   1.000000E+00   1.000000E+00   1.000000E+00
   1.000000E+00   1.000000E+00   1.000000E+00   1.000000E+00   1.000000E+00
   1.000000E+00   1.000000E+00   1.000000E+00   1.000000E+00   1.000000E+00
   1.000000E+00   1.000000E+00   1.000000E+00   1.000000E+00   1.000000E+00
   1.000000E+00   1.000000E+00   1.000000E+00   1.000000E+00   1.000000E+00
   1.000000E+00   1.000000E+00   1.000000E+00   1.000000E+00   1.000000E+00
   1.000000E+00   1.000000E+00   1.000000E+00   1.000000E+00   1.000000E+00
   1.000000E+00   1.000000E+00   1.000000E+00   1.000000E+00   1.000000E+00
   1.000000E+00   1.000000E+00   1.000000E+00   1.000000E+00   1.000000E+00
   1.000000E+00   1.000000E+00   1.000000E+00   1.000000E+00   1.000000E+00
   1.000000E+00   1.000000E+00   1.000000E+00   1.000000E+00   1.000000E+00
   1.000000E+00   1.000000E+00   1.000000E+00   1.000000E+00   1.000000E+00
   1.000000E+00   1.000000E+00   1.000000E+00   1.000000E+00   1.000000E+00
   9.098036E-01   9.413124E-01   9.861516E-01   1.000000E+00   1.000000E+00
   1.000000E+00   1.000000E+00   1.000000E+00   1.000000E+00   1.000000E+00
   1.000000E+00   1.000000E+00   1.000000E+00   1.000000E+00   1.000000E+00
   1.000000E+00   1.000000E+00   1.000000E+00   1.000000E+00   1.000000E+00
   1.000000E+00   9.878038E-01   9.902899E-01   1.000000E+00   1.000000E+00
   1.000000E+00   1.000000E+00   1.000000E+00   1.000000E+00   1.000000E+00
   1.000000E+00   1.000000E+00   1.000000E+00   1.000000E+00   1.000000E+00
   1.000000E+00   1.000000E+00   1.000000E+00   1.000000E+00   1.000000E+00
   1.000000E+00   1.000000E+00   1.000000E+00   1.000000E+00   1.000000E+00
   1.000000E+00   1.000000E+00   1.000000E+00   1.000000E+00   1.000000E+00
   1.000000E+00   1.000000E+00   1.000000E+00   1.000000E+00   1.000000E+00
   1.000000E+00   1.000000E+00   1.000000E+00   1.000000E+00   1.000000E+00
   1.000000E+00   1.000000E+00   1.000000E+00   1.000000E+00   1.000000E+00
   1.000000E+00   1.000000E+00   1.000000E+00   1.000000E+00   1.000000E+00
   1.000000E+00   1.000000E+00   1.000000E+00   1.000000E+00   1.000000E+00
   1.000000E+00   1.000000E+00   1.000000E+00   1.000000E+00   1.000000E+00
   1.000000E+00   1.000000E+00   1.000000E+00   1.000000E+00   1.000000E+00
   1.000000E+00   1.000000E+00   1.000000E+00   1.000000E+00   1.000000E+00
   1.000000E+00   1.000000E+00   1.000000E+00   1.000000E+00   1.000000E+00
   1.000000E+00   1.000000E+00   1.000000E+00   1.000000E+00   1.000000E+00
   1.000000E+00   1.000000E+00   1.000000E+00   1.000000E+00   1.000000E+00
   1.000000E+00   1.000000E+00   1.000000E+00   1.000000E+00   1.000000E+00
   1.000000E+00   1.000000E+00   1.000000E+00   1.000000E+00   1.000000E+00
   1.000000E+00   1.000000E+00   1.000000E+00   1.000000E+00   1.000000E+00
   1.000000E+00   1.000000E+00   1.000000E+00   1.000000E+00   1.000000E+00
   1.000000E+00   1.000000E+00   1.000000E+00   1.000000E+00   1.000000E+00
   1.000000E+00   1.000000E+00   1.000000E+00   1.000000E+00   1.000000E+00
   1.000000E+00   1.000000E+00   1.000000E+00   1.000000E+00   1.000000E+00
   1.000000E+00   1.000000E+00   1.000000E+00   1.000000E+00   1.000000E+00
   1.000000E+00   1.000000E+00   1.000000E+00   1.000000E+00   1.000000E+00
   1.000000E+00   1.000000E+00   1.000000E+00   1.000000E+00   1.000000E+00
   1.000000E+00   1.000000E+00   1.000000E+00   1.000000E+00   1.000000E+00
   1.000000E+00   1.000000E+00   1.000000E+00   1.000000E+00   1.000000E+00
   1.000000E+00   1.000000E+00   1.000000E+00   1.000000E+00   1.000000E+00
   1.000000E+00   1.000000E+00   1.000000E+00   1.000000E+00   1.000000E+00
   1.000000E+00   1.000000E+00   1.000000E+00   1.000000E+00   1.000000E+00
   1.000000E+00   1.000000E+00   1.000000E+00   1.000000E+00   1.000000E+00
   1.000000E+00   1.000000E+00   1.000000E+00   1.000000E+00   1.000000E+00
   1.000000E+00   1.000000E+00   1.000000E+00   1.000000E+00   1.000000E+00
   1.000000E+00   1.000000E+00   1.000000E+00   1.000000E+00   1.000000E+00
   1.000000E+00   1.000000E+00   1.000000E+00   1.000000E+00   1.000000E+00
   1.000000E+00   1.000000E+00   1.000000E+00   1.000000E+00   1.000000E+00
   1.000000E+00   1.000000E+00   1.000000E+00   1.000000E+00   1.000000E+00
   1.000000E+00   1.000000E+00   1.000000E+00   1.000000E+00   1.000000E+00
   1.000000E+00   1.000000E+00   1.000000E+00   1.000000E+00   1.000000E+00
   1.000000E+00   1.000000E+00   1.000000E+00   1.000000E+00   1.000000E+00
   1.000000E+00   1.000000E+00   1.000000E+00   1.000000E+00   1.000000E+00
   1.000000E+00   1.000000E+00   1.000000E+00   1.000000E+00   1.000000E+00
   1.000000E+00   1.000000E+00   1.000000E+00   1.000000E+00   1.000000E+00
   1.000000E+00   1.000000E+00   1.000000E+00   1.000000E+00   1.000000E+00
   1.000000E+00   1.000000E+00   1.000000E+00   1.000000E+00   1.000000E+00
   1.000000E+00   1.000000E+00   1.000000E+00   1.000000E+00   1.000000E+00
   1.000000E+00   1.000000E+00   1.000000E+00   1.000000E+00   1.000000E+00
   1.000000E+00   1.000000E+00   1.000000E+00   1.000000E+00   1.000000E+00
   1.000000E+00   1.000000E+00   1.000000E+00   1.000000E+00   1.000000E+00
   1.000000E+00   1.000000E+00   1.000000E+00   1.000000E+00   1.000000E+00
   1.000000E+00   1.000000E+00   1.000000E+00   1.000000E+00   1.000000E+00
   1.000000E+00   1.000000E+00   1.000000E+00   1.000000E+00   1.000000E+00
   1.000000E+00   1.000000E+00   1.000000E+00   1.000000E+00   1.000000E+00
   1.000000E+00   1.000000E+00   1.000000E+00   1.000000E+00   1.000000E+00
   1.000000E+00   1.000000E+00   1.000000E+00   1.000000E+00   1.000000E+00
   1.000000E+00   1.000000E+00   1.000000E+00   1.000000E+00   1.000000E+00
   1.000000E+00   1.000000E+00   1.000000E+00   1.000000E+00   1.000000E+00
   1.000000E+00   1.000000E+00   1.000000E+00   1.000000E+00   1.000000E+00
   1.000000E+00   1.000000E+00   1.000000E+00   1.000000E+00   1.000000E+00
   1.000000E+00   1.000000E+00   1.000000E+00   1.000000E+00   1.000000E+00
   1.000000E+00   1.000000E+00   1.000000E+00   1.000000E+00   1.000000E+00
   1.000000E+00   1.000000E+00   1.000000E+00   1.000000E+00   1.000000E+00
   1.000000E+00   1.000000E+00   1.000000E+00   1.000000E+00   1.000000E+00
   1.000000E+00   1.000000E+00   1.000000E+00   1.000000E+00   1.000000E+00
   1.000000E+00   1.000000E+00   1.000000E+00   1.000000E+00   1.000000E+00
   1.000000E+00   1.000000E+00   1.000000E+00   1.000000E+00   1.000000E+00
   1.000000E+00   1.000000E+00   1.000000E+00   1.000000E+00   1.000000E+00
   1.000000E+00   1.000000E+00   1.000000E+00   1.000000E+00   1.000000E+00
   1.000000E+00   1.000000E+00   1.000000E+00   1.000000E+00   1.000000E+00
   1.000000E+00   1.000000E+00   1.000000E+00   1.000000E+00   1.000000E+00
   1.000000E+00   1.000000E+00   1.000000E+00   1.000000E+00   1.000000E+00
   1.000000E+00   1.000000E+00   1.000000E+00   1.000000E+00   1.000000E+00
   1.000000E+00   1.000000E+00   1.000000E+00   1.000000E+00   1.000000E+00
   1.000000E+00   1.000000E+00   1.000000E+00   1.000000E+00   1.000000E+00
   1.000000E+00   1.000000E+00   1.000000E+00   1.000000E+00   1.000000E+00
   1.000000E+00   1.000000E+00   1.000000E+00   1.000000E+00   1.000000E+00
   1.000000E+00   1.000000E+00   1.000000E+00   1.000000E+00   1.000000E+00
   1.000000E+00   1.000000E+00   1.000000E+00   1.000000E+00   1.000000E+00
   1.000000E+00   1.000000E+00   1.000000E+00   1.000000E+00   1.000000E+00
   1.000000E+00   1.000000E+00   1.000000E+00   1.000000E+00   1.000000E+00
   1.000000E+00   1.000000E+00   1.000000E+00   1.000000E+00   1.000000E+00
   1.000000E+00   1.000000E+00   1.000000E+00   1.000000E+00   1.000000E+00
   1.000000E+00   1.000000E+00   1.000000E+00   1.000000E+00   1.000000E+00
   1.000000E+00   1.000000E+00   1.000000E+00   1.000000E+00   1.000000E+00
   1.000000E+00   1.000000E+00   1.000000E+00   1.000000E+00   1.000000E+00
   1.000000E+00   1.000000E+00   1.000000E+00   1.000000E+00   1.000000E+00
   1.000000E+00   1.000000E+00   1.000000E+00   1.000000E+00   1.000000E+00
   1.000000E+00   1.000000E+00   1.000000E+00   1.000000E+00   1.000000E+00
   1.000000E+00   1.000000E+00   1.000000E+00   1.000000E+00   1.000000E+00
   1.000000E+00   1.000000E+00   1.000000E+00   1.000000E+00   1.000000E+00
   1.000000E+00   1.000000E+00   1.000000E+00   1.000000E+00   1.000000E+00
   1.000000E+00   1.000000E+00   1.000000E+00   1.000000E+00   1.000000E+00
   1.000000E+00   1.000000E+00   1.000000E+00   1.000000E+00   1.000000E+00
   1.000000E+00   1.000000E+00   1.000000E+00   1.000000E+00   1.000000E+00
   1.000000E+00   1.000000E+00   1.000000E+00   1.000000E+00   1.000000E+00
   1.000000E+00   1.000000E+00   1.000000E+00   1.000000E+00   1.000000E+00
   1.000000E+00   1.000000E+00   1.000000E+00   1.000000E+00   1.000000E+00
   1.000000E+00   1.000000E+00   1.000000E+00   1.000000E+00   1.000000E+00
   1.000000E+00   1.000000E+00   1.000000E+00   1.000000E+00   1.000000E+00
   1.000000E+00   1.000000E+00   1.000000E+00   1.000000E+00   1.000000E+00
   1.000000E+00   1.000000E+00   1.000000E+00   1.000000E+00   1.000000E+00
   1.000000E+00   1.000000E+00   1.000000E+00   1.000000E+00   1.000000E+00
   1.000000E+00   1.000000E+00   1.000000E+00   1.000000E+00   1.000000E+00
   1.000000E+00   1.000000E+00   1.000000E+00   1.000000E+00   1.000000E+00
   1.000000E+00   1.000000E+00   1.000000E+00   1.000000E+00   1.000000E+00
   1.000000E+00   1.000000E+00   1.000000E+00   1.000000E+00   1.000000E+00
   1.000000E+00   1.000000E+00   1.000000E+00   1.000000E+00   1.000000E+00
   1.000000E+00   1.000000E+00   1.000000E+00   1.000000E+00   1.000000E+00
   1.000000E+00   1.000000E+00   1.000000E+00   1.000000E+00   1.000000E+00
   1.000000E+00   1.000000E+00   1.000000E+00   1.000000E+00   1.000000E+00
   1.000000E+00   1.000000E+00   1.000000E+00   1.000000E+00   1.000000E+00
   1.000000E+00   1.000000E+00   1.000000E+00   1.000000E+00   1.000000E+00
   1.000000E+00   1.000000E+00   1.000000E+00   1.000000E+00   1.000000E+00
   1.000000E+00   1.000000E+00   1.000000E+00   1.000000E+00   1.000000E+00
   1.000000E+00   1.000000E+00   1.000000E+00   1.000000E+00   1.000000E+00
   1.000000E+00   1.000000E+00   1.000000E+00   1.000000E+00   1.000000E+00
   1.000000E+00   1.000000E+00   1.000000E+00   1.000000E+00   1.000000E+00
   1.000000E+00   1.000000E+00   1.000000E+00   1.000000E+00   1.000000E+00
   1.000000E+00   1.000000E+00   1.000000E+00   1.000000E+00   1.000000E+00
   1.000000E+00   1.000000E+00   1.000000E+00   1.000000E+00   1.000000E+00
   1.000000E+00   1.000000E+00   1.000000E+00   1.000000E+00   1.000000E+00
   1.000000E+00   1.000000E+00   1.000000E+00   1.000000E+00   1.000000E+00
   1.000000E+00   1.000000E+00   1.000000E+00   1.000000E+00   1.000000E+00
   1.000000E+00   1.000000E+00   1.000000E+00   1.000000E+00   1.000000E+00
   1.000000E+00   1.000000E+00   1.000000E+00   1.000000E+00   1.000000E+00
   1.000000E+00   1.000000E+00   1.000000E+00   1.000000E+00   1.000000E+00
   1.000000E+00   1.000000E+00   1.000000E+00   1.000000E+00   1.000000E+00
   1.000000E+00   1.000000E+00   1.000000E+00   1.000000E+00   1.000000E+00
   1.000000E+00   1.000000E+00   1.000000E+00   1.000000E+00   1.000000E+00
   1.000000E+00   1.000000E+00   1.000000E+00   1.000000E+00   1.000000E+00
   1.000000E+00   1.000000E+00   1.000000E+00   1.000000E+00   1.000000E+00
   1.000000E+00   1.000000E+00   1.000000E+00   1.000000E+00   1.000000E+00
   1.000000E+00   1.000000E+00   1.000000E+00   1.000000E+00   1.000000E+00
   1.000000E+00   1.000000E+00   1.000000E+00   1.000000E+00   1.000000E+00
   1.000000E+00   1.000000E+00   1.000000E+00   1.000000E+00   1.000000E+00
   1.000000E+00   1.000000E+00   1.000000E+00   1.000000E+00   1.000000E+00
   1.000000E+00   1.000000E+00   1.000000E+00   1.000000E+00   1.000000E+00
   1.000000E+00   1.000000E+00   1.000000E+00   1.000000E+00   1.000000E+00
   1.000000E+00   1.000000E+00   1.000000E+00   1.000000E+00   1.000000E+00
   1.000000E+00   1.000000E+00   1.000000E+00   1.000000E+00   1.000000E+00
   1.000000E+00   1.000000E+00   1.000000E+00   1.000000E+00   1.000000E+00
   1.000000E+00   1.000000E+00   1.000000E+00   1.000000E+00   1.000000E+00
   1.000000E+00   1.000000E+00   1.000000E+00   1.000000E+00   1.000000E+00
   1.000000E+00   1.000000E+00   1.000000E+00   1.000000E+00   1.000000E+00
   1.000000E+00   1.000000E+00   1.000000E+00   1.000000E+00   1.000000E+00
   1.000000E+00   1.000000E+00   1.000000E+00   1.000000E+00   1.000000E+00
   1.000000E+00   1.000000E+00   1.000000E+00   1.000000E+00   1.000000E+00
   1.000000E+00   1.000000E+00   1.000000E+00   1.000000E+00   1.000000E+00
   1.000000E+00   1.000000E+00   1.000000E+00   1.000000E+00   1.000000E+00
   1.000000E+00   1.000000E+00   1.000000E+00   1.000000E+00   1.000000E+00
   1.000000E+00   1.000000E+00   1.000000E+00   1.000000E+00   1.000000E+00
   1.000000E+00   1.000000E+00   1.000000E+00   1.000000E+00   1.000000E+00
   1.000000E+00   1.000000E+00   1.000000E+00   1.000000E+00   1.000000E+00
   1.000000E+00   1.000000E+00   1.000000E+00   1.000000E+00   1.000000E+00
   1.000000E+00   1.000000E+00   1.000000E+00   1.000000E+00   1.000000E+00
   1.000000E+00   1.000000E+00   1.000000E+00   1.000000E+00   1.000000E+00
   1.000000E+00   1.000000E+00   1.000000E+00   1.000000E+00   1.000000E+00
   1.000000E+00   1.000000E+00   1.000000E+00   1.000000E+00   1.000000E+00
   1.000000E+00   1.000000E+00   1.000000E+00   1.000000E+00   1.000000E+00
   1.000000E+00   1.000000E+00   1.000000E+00   1.000000E+00   1.000000E+00
   1.000000E+00   1.000000E+00   1.000000E+00   1.000000E+00   1.000000E+00
   1.000000E+00   1.000000E+00   1.000000E+00   1.000000E+00   1.000000E+00
   1.000000E+00   1.000000E+00   1.000000E+00   1.000000E+00   1.000000E+00
   1.000000E+00   1.000000E+00   1.000000E+00   1.000000E+00   1.000000E+00
   1.000000E+00   1.000000E+00   1.000000E+00   1.000000E+00   1.000000E+00
   1.000000E+00   1.000000E+00   1.000000E+00   1.000000E+00   1.000000E+00
   1.000000E+00   1.000000E+00   1.000000E+00   1.000000E+00   1.000000E+00
   1.000000E+00   1.000000E+00   1.000000E+00   1.000000E+00   1.000000E+00
   1.000000E+00   1.000000E+00   1.000000E+00   1.000000E+00   1.000000E+00
   1.000000E+00   1.000000E+00   1.000000E+00   1.000000E+00   1.000000E+00
   1.000000E+00   1.000000E+00   1.000000E+00   1.000000E+00   1.000000E+00
   1.000000E+00   1.000000E+00   1.000000E+00   1.000000E+00   1.000000E+00
   1.000000E+00   1.000000E+00   1.000000E+00   1.000000E+00   1.000000E+00
   1.000000E+00   1.000000E+00   1.000000E+00   1.000000E+00   1.000000E+00
   1.000000E+00   1.000000E+00   1.000000E+00   1.000000E+00   1.000000E+00
   1.000000E+00   1.000000E+00   1.000000E+00   1.000000E+00   1.000000E+00
   1.000000E+00   1.000000E+00   1.000000E+00   1.000000E+00   1.000000E+00
   1.000000E+00   1.000000E+00   1.000000E+00   1.000000E+00   1.000000E+00
   1.000000E+00   1.000000E+00   1.000000E+00   1.000000E+00   1.000000E+00
   1.000000E+00   1.000000E+00   1.000000E+00   1.000000E+00   1.000000E+00
   1.000000E+00   1.000000E+00   1.000000E+00   1.000000E+00   1.000000E+00
   1.000000E+00   1.000000E+00   1.000000E+00   1.000000E+00   1.000000E+00
   1.000000E+00   1.000000E+00   1.000000E+00   1.000000E+00   1.000000E+00
   1.000000E+00   1.000000E+00   1.000000E+00   1.000000E+00   1.000000E+00
   1.000000E+00   1.000000E+00   1.000000E+00   1.000000E+00   1.000000E+00
   1.000000E+00   1.000000E+00   1.000000E+00   1.000000E+00   1.000000E+00
   1.000000E+00   1.000000E+00   1.000000E+00   1.000000E+00   1.000000E+00
   1.000000E+00   1.000000E+00   1.000000E+00   1.000000E+00   1.000000E+00
   1.000000E+00   1.000000E+00   1.000000E+00   1.000000E+00   1.000000E+00
   1.000000E+00   1.000000E+00   1.000000E+00   1.000000E+00   1.000000E+00
   1.000000E+00   1.000000E+00   1.000000E+00   1.000000E+00   1.000000E+00
   1.000000E+00   1.000000E+00   1.000000E+00   1.000000E+00   1.000000E+00
   1.000000E+00   1.000000E+00   1.000000E+00   1.000000E+00   1.000000E+00
   1.000000E+00   1.000000E+00   1.000000E+00   1.000000E+00   1.000000E+00
   1.000000E+00   1.000000E+00   1.000000E+00   1.000000E+00   1.000000E+00
   1.000000E+00   1.000000E+00   1.000000E+00   1.000000E+00   1.000000E+00
   1.000000E+00   1.000000E+00   1.000000E+00   1.000000E+00   1.000000E+00
   1.000000E+00   1.000000E+00   1.000000E+00   1.000000E+00   1.000000E+00
   1.000000E+00   1.000000E+00   1.000000E+00   1.000000E+00   1.000000E+00
   1.000000E+00   1.000000E+00   1.000000E+00   1.000000E+00   1.000000E+00
   1.000000E+00   1.000000E+00   1.000000E+00   1.000000E+00   1.000000E+00
   1.000000E+00   1.000000E+00   1.000000E+00   1.000000E+00   1.000000E+00
   1.000000E+00   1.000000E+00   1.000000E+00   1.000000E+00   1.000000E+00
   1.000000E+00   1.000000E+00   1.000000E+00   1.000000E+00   1.000000E+00
   1.000000E+00   1.000000E+00   1.000000E+00   1.000000E+00   1.000000E+00
   1.000000E+00   1.000000E+00   1.000000E+00   1.000000E+00   1.000000E+00
   1.000000E+00   1.000000E+00   1.000000E+00   1.000000E+00   1.000000E+00
   1.000000E+00   1.000000E+00   1.000000E+00   1.000000E+00   1.000000E+00
   1.000000E+00   1.000000E+00   1.000000E+00   1.000000E+00   1.000000E+00
   1.000000E+00   1.000000E+00   1.000000E+00   1.000000E+00   1.000000E+00
   1.000000E+00   1.000000E+00   1.000000E+00   1.000000E+00   1.000000E+00
   1.000000E+00   1.000000E+00   1.000000E+00   1.000000E+00   1.000000E+00
   1.000000E+00   1.000000E+00   1.000000E+00   1.000000E+00   1.000000E+00
   1.000000E+00   1.000000E+00   1.000000E+00   1.000000E+00   1.000000E+00
   1.000000E+00   1.000000E+00   1.000000E+00   1.000000E+00   1.000000E+00
   1.000000E+00   1.000000E+00   1.000000E+00   1.000000E+00   1.000000E+00
   1.000000E+00   1.000000E+00   1.000000E+00   1.000000E+00   1.000000E+00
   1.000000E+00   1.000000E+00   1.000000E+00   1.000000E+00   1.000000E+00
   1.000000E+00   1.000000E+00   1.000000E+00   1.000000E+00   1.000000E+00
   1.000000E+00   1.000000E+00   1.000000E+00   1.000000E+00   1.000000E+00
   1.000000E+00   1.000000E+00   1.000000E+00   1.000000E+00   1.000000E+00
   1.000000E+00   1.000000E+00   1.000000E+00   1.000000E+00   1.000000E+00
   1.000000E+00   1.000000E+00   1.000000E+00   1.000000E+00   1.000000E+00
   1.000000E+00   1.000000E+00   1.000000E+00   1.000000E+00   1.000000E+00
   1.000000E+00   1.000000E+00   1.000000E+00   1.000000E+00   1.000000E+00
   1.000000E+00   1.000000E+00   1.000000E+00   1.000000E+00   1.000000E+00
   1.000000E+00   1.000000E+00   1.000000E+00   1.000000E+00   1.000000E+00
   1.000000E+00   1.000000E+00   1.000000E+00   1.000000E+00   1.000000E+00
   1.000000E+00   1.000000E+00   1.000000E+00   1.000000E+00   1.000000E+00
   1.000000E+00   1.000000E+00   1.000000E+00   1.000000E+00   1.000000E+00
   1.000000E+00   1.000000E+00   1.000000E+00   1.000000E+00   1.000000E+00
   1.000000E+00   1.000000E+00   1.000000E+00   1.000000E+00   1.000000E+00
   1.000000E+00   1.000000E+00   1.000000E+00   1.000000E+00   1.000000E+00
   1.000000E+00   1.000000E+00   1.000000E+00   1.000000E+00   1.000000E+00
   1.000000E+00   1.000000E+00   1.000000E+00   1.000000E+00   1.000000E+00
   1.000000E+00   1.000000E+00   1.000000E+00   1.000000E+00   1.000000E+00
   1.000000E+00   1.000000E+00   1.000000E+00   1.000000E+00   1.000000E+00
   1.000000E+00   1.000000E+00   1.000000E+00   1.000000E+00   1.000000E+00
   1.000000E+00   1.000000E+00   1.000000E+00   1.000000E+00   1.000000E+00
   1.000000E+00   1.000000E+00   1.000000E+00   1.000000E+00   1.000000E+00
   1.000000E+00   1.000000E+00   1.000000E+00   1.000000E+00   1.000000E+00
   1.000000E+00   1.000000E+00   1.000000E+00   1.000000E+00   1.000000E+00
   1.000000E+00   1.000000E+00   1.000000E+00   1.000000E+00   1.000000E+00
   1.000000E+00   1.000000E+00   1.000000E+00   1.000000E+00   1.000000E+00
   1.000000E+00   1.000000E+00   1.000000E+00   1.000000E+00   1.000000E+00
   1.000000E+00   1.000000E+00   1.000000E+00   1.000000E+00   1.000000E+00
   1.000000E+00   1.000000E+00   1.000000E+00   1.000000E+00   1.000000E+00
   1.000000E+00   1.000000E+00   1.000000E+00   1.000000E+00   1.000000E+00
   1.000000E+00   1.000000E+00   1.000000E+00   1.000000E+00   1.000000E+00
   1.000000E+00   1.000000E+00   1.000000E+00   1.000000E+00   1.000000E+00
   1.000000E+00   1.000000E+00   1.000000E+00   1.000000E+00   1.000000E+00
   1.000000E+00   1.000000E+00   1.000000E+00   1.000000E+00   1.000000E+00
   1.000000E+00   1.000000E+00   1.000000E+00   1.000000E+00   1.000000E+00
   1.000000E+00   1.000000E+00   1.000000E+00   1.000000E+00   1.000000E+00
   1.000000E+00   1.000000E+00   1.000000E+00   1.000000E+00   1.000000E+00
   1.000000E+00   1.000000E+00   1.000000E+00   1.000000E+00   1.000000E+00
   1.000000E+00   1.000000E+00   1.000000E+00   1.000000E+00   1.000000E+00
   1.000000E+00   1.000000E+00   1.000000E+00   1.000000E+00   1.000000E+00
   1.000000E+00   1.000000E+00   1.000000E+00   1.000000E+00   1.000000E+00
   1.000000E+00   1.000000E+00   1.000000E+00   1.000000E+00   1.000000E+00
   1.000000E+00   1.000000E+00   1.000000E+00   1.000000E+00   1.000000E+00
   1.000000E+00   1.000000E+00   1.000000E+00   1.000000E+00   1.000000E+00
   1.000000E+00   1.000000E+00   1.000000E+00   1.000000E+00   1.000000E+00
   1.000000E+00   1.000000E+00   1.000000E+00   1.000000E+00   1.000000E+00
   1.000000E+00   1.000000E+00   1.000000E+00   1.000000E+00   1.000000E+00
   1.000000E+00   1.000000E+00   1.000000E+00   1.000000E+00   1.000000E+00
   1.000000E+00   1.000000E+00   1.000000E+00   1.000000E+00   1.000000E+00
   1.000000E+00   1.000000E+00   1.000000E+00   1.000000E+00   1.000000E+00
   1.000000E+00   1.000000E+00   1.000000E+00   1.000000E+00   1.000000E+00
   1.000000E+00   1.000000E+00   1.000000E+00   1.000000E+00   1.000000E+00
   1.000000E+00   1.000000E+00   1.000000E+00   1.000000E+00   1.000000E+00
   1.000000E+00   1.000000E+00   1.000000E+00   1.000000E+00   1.000000E+00
   1.000000E+00   1.000000E+00   1.000000E+00   1.000000E+00   1.000000E+00
   1.000000E+00   1.000000E+00   1.000000E+00   1.000000E+00   1.000000E+00
   1.000000E+00   1.000000E+00   1.000000E+00   1.000000E+00   1.000000E+00
   1.000000E+00   1.000000E+00   1.000000E+00   1.000000E+00   1.000000E+00
   1.000000E+00   1.000000E+00   1.000000E+00   1.000000E+00   1.000000E+00
   1.000000E+00   1.000000E+00   1.000000E+00   1.000000E+00   1.000000E+00
   1.000000E+00   1.000000E+00   1.000000E+00   1.000000E+00   1.000000E+00
   1.000000E+00   1.000000E+00   1.000000E+00   1.000000E+00   1.000000E+00
   1.000000E+00   1.000000E+00   1.000000E+00   1.000000E+00   1.000000E+00
   1.000000E+00   1.000000E+00   1.000000E+00   1.000000E+00   1.000000E+00
   1.000000E+00   1.000000E+00   1.000000E+00   1.000000E+00   1.000000E+00
   1.000000E+00   1.000000E+00   1.000000E+00   1.000000E+00   1.000000E+00
   1.000000E+00   1.000000E+00   1.000000E+00   1.000000E+00   1.000000E+00
   1.000000E+00   1.000000E+00   1.000000E+00   1.000000E+00   1.000000E+00
   1.000000E+00   1.000000E+00   1.000000E+00   1.000000E+00   1.000000E+00
   1.000000E+00   1.000000E+00   1.000000E+00   1.000000E+00   1.000000E+00
   1.000000E+00   1.000000E+00   1.000000E+00   1.000000E+00   1.000000E+00
   1.000000E+00   1.000000E+00   1.000000E+00   1.000000E+00   1.000000E+00
   1.000000E+00   1.000000E+00   1.000000E+00   1.000000E+00   1.000000E+00
   1.000000E+00   1.000000E+00   1.000000E+00   1.000000E+00   1.000000E+00
   1.000000E+00   1.000000E+00   1.000000E+00   1.000000E+00   1.000000E+00
   1.000000E+00   1.000000E+00   1.000000E+00   1.000000E+00   1.000000E+00
   1.000000E+00   1.000000E+00   1.000000E+00   1.000000E+00   1.000000E+00
   1.000000E+00   1.000000E+00   1.000000E+00   1.000000E+00   1.000000E+00
   1.000000E+00   1.000000E+00   1.000000E+00   1.000000E+00   1.000000E+00
   1.000000E+00   1.000000E+00   1.000000E+00   1.000000E+00   1.000000E+00
   1.000000E+00   1.000000E+00   1.000000E+00   1.000000E+00   1.000000E+00
   1.000000E+00   1.000000E+00   1.000000E+00   1.000000E+00   1.000000E+00
   1.000000E+00   1.000000E+00   1.000000E+00   1.000000E+00   1.000000E+00
   1.000000E+00   1.000000E+00   1.000000E+00   1.000000E+00   1.000000E+00
   1.000000E+00   1.000000E+00   1.000000E+00   1.000000E+00   1.000000E+00
   1.000000E+00   1.000000E+00   1.000000E+00   1.000000E+00   1.000000E+00
   1.000000E+00   1.000000E+00   1.000000E+00   1.000000E+00   1.000000E+00
   1.000000E+00   1.000000E+00   1.000000E+00   1.000000E+00   1.000000E+00
   1.000000E+00   1.000000E+00   1.000000E+00   1.000000E+00   1.000000E+00
   1.000000E+00   1.000000E+00   1.000000E+00   1.000000E+00   1.000000E+00
   1.000000E+00   1.000000E+00   1.000000E+00   1.000000E+00   1.000000E+00
   1.000000E+00   1.000000E+00   1.000000E+00   1.000000E+00   1.000000E+00
   1.000000E+00   1.000000E+00   1.000000E+00   1.000000E+00   1.000000E+00
   1.000000E+00   1.000000E+00   1.000000E+00   1.000000E+00   1.000000E+00
   1.000000E+00   1.000000E+00   1.000000E+00   1.000000E+00   1.000000E+00
   1.000000E+00   1.000000E+00   1.000000E+00   1.000000E+00   1.000000E+00
   1.000000E+00   1.000000E+00   1.000000E+00   1.000000E+00   1.000000E+00
   1.000000E+00   1.000000E+00   1.000000E+00   1.000000E+00   1.000000E+00
   1.000000E+00   1.000000E+00   1.000000E+00   1.000000E+00   1.000000E+00
   1.000000E+00   1.000000E+00   1.000000E+00   1.000000E+00   1.000000E+00
   1.000000E+00   1.000000E+00   1.000000E+00   1.000000E+00   1.000000E+00
   1.000000E+00   1.000000E+00   1.000000E+00   1.000000E+00   1.000000E+00
   1.000000E+00   1.000000E+00   1.000000E+00   1.000000E+00   1.000000E+00
   1.000000E+00   1.000000E+00   1.000000E+00   1.000000E+00   1.000000E+00
   1.000000E+00   1.000000E+00   1.000000E+00   1.000000E+00   1.000000E+00
   1.000000E+00   1.000000E+00   1.000000E+00   1.000000E+00   1.000000E+00
   1.000000E+00   1.000000E+00   1.000000E+00   1.000000E+00   1.000000E+00
   1.000000E+00   1.000000E+00   1.000000E+00   1.000000E+00   1.000000E+00
   1.000000E+00   1.000000E+00   1.000000E+00   1.000000E+00   1.000000E+00
   1.000000E+00   1.000000E+00   1.000000E+00   1.000000E+00   1.000000E+00
   1.000000E+00   1.000000E+00   1.000000E+00   1.000000E+00   1.000000E+00
   1.000000E+00   1.000000E+00   1.000000E+00   1.000000E+00   1.000000E+00
   1.000000E+00   1.000000E+00   1.000000E+00   1.000000E+00   1.000000E+00
   1.000000E+00   1.000000E+00   1.000000E+00   1.000000E+00   1.000000E+00
   1.000000E+00   1.000000E+00   1.000000E+00   1.000000E+00   1.000000E+00
   1.000000E+00   1.000000E+00   1.000000E+00   1.000000E+00   1.000000E+00
   1.000000E+00   1.000000E+00   1.000000E+00   1.000000E+00   1.000000E+00
   1.000000E+00   1.000000E+00   1.000000E+00   1.000000E+00   1.000000E+00
   1.000000E+00   1.000000E+00   1.000000E+00   1.000000E+00   1.000000E+00
   1.000000E+00   1.000000E+00   1.000000E+00   1.000000E+00   1.000000E+00
   1.000000E+00   1.000000E+00   1.000000E+00   1.000000E+00   1.000000E+00
   1.000000E+00   1.000000E+00   1.000000E+00   1.000000E+00   1.000000E+00
   1.000000E+00   1.000000E+00   1.000000E+00   1.000000E+00   1.000000E+00
   1.000000E+00   1.000000E+00   1.000000E+00   1.000000E+00   1.000000E+00
   1.000000E+00   1.000000E+00   1.000000E+00   1.000000E+00   1.000000E+00
   1.000000E+00   1.000000E+00   1.000000E+00   1.000000E+00   1.000000E+00
   1.000000E+00   1.000000E+00   1.000000E+00   1.000000E+00   1.000000E+00
   1.000000E+00   1.000000E+00   1.000000E+00   1.000000E+00   1.000000E+00
   1.000000E+00   1.000000E+00   1.000000E+00   1.000000E+00   1.000000E+00
   1.000000E+00   1.000000E+00   1.000000E+00   1.000000E+00   1.000000E+00
   1.000000E+00   1.000000E+00   1.000000E+00   1.000000E+00   1.000000E+00
   1.000000E+00   1.000000E+00   1.000000E+00   1.000000E+00   1.000000E+00
   1.000000E+00   1.000000E+00   1.000000E+00   1.000000E+00   1.000000E+00
   1.000000E+00   1.000000E+00   1.000000E+00   1.000000E+00   1.000000E+00
   1.000000E+00   1.000000E+00   1.000000E+00   1.000000E+00   1.000000E+00
   1.000000E+00   1.000000E+00   1.000000E+00   1.000000E+00   1.000000E+00
   1.000000E+00   1.000000E+00   1.000000E+00   1.000000E+00   1.000000E+00
   1.000000E+00   1.000000E+00   1.000000E+00   1.000000E+00   1.000000E+00
   1.000000E+00   1.000000E+00   1.000000E+00   1.000000E+00   1.000000E+00
   1.000000E+00   1.000000E+00   1.000000E+00   1.000000E+00   1.000000E+00
   1.000000E+00   1.000000E+00   1.000000E+00   1.000000E+00   1.000000E+00
   1.000000E+00   1.000000E+00   1.000000E+00   1.000000E+00   1.000000E+00
   1.000000E+00   1.000000E+00   1.000000E+00   1.000000E+00   1.000000E+00
   1.000000E+00   1.000000E+00   1.000000E+00   1.000000E+00   1.000000E+00
   1.000000E+00   1.000000E+00   1.000000E+00   1.000000E+00   1.000000E+00
   1.000000E+00   1.000000E+00   1.000000E+00   1.000000E+00   1.000000E+00
   1.000000E+00   1.000000E+00   1.000000E+00   1.000000E+00   1.000000E+00
   1.000000E+00   1.000000E+00   1.000000E+00   1.000000E+00   1.000000E+00
   1.000000E+00   1.000000E+00   1.000000E+00   1.000000E+00   1.000000E+00
   1.000000E+00   1.000000E+00   1.000000E+00   1.000000E+00   1.000000E+00
   1.000000E+00   1.000000E+00   1.000000E+00   1.000000E+00   1.000000E+00
   1.000000E+00   1.000000E+00   1.000000E+00   1.000000E+00   1.000000E+00
   1.000000E+00   1.000000E+00   1.000000E+00   1.000000E+00   1.000000E+00
   1.000000E+00   1.000000E+00   1.000000E+00   1.000000E+00   1.000000E+00
   1.000000E+00   1.000000E+00   1.000000E+00   1.000000E+00   1.000000E+00
   1.000000E+00   1.000000E+00   1.000000E+00   1.000000E+00   1.000000E+00
   1.000000E+00   1.000000E+00   1.000000E+00   1.000000E+00   1.000000E+00
   1.000000E+00   1.000000E+00   1.000000E+00   1.000000E+00   1.000000E+00
   1.000000E+00   1.000000E+00   1.000000E+00   1.000000E+00   1.000000E+00
   1.000000E+00   1.000000E+00   1.000000E+00   1.000000E+00   1.000000E+00
   1.000000E+00   1.000000E+00   1.000000E+00   1.000000E+00   1.000000E+00
   1.000000E+00   1.000000E+00   1.000000E+00   1.000000E+00   1.000000E+00
   1.000000E+00   1.000000E+00   1.000000E+00   1.000000E+00   1.000000E+00
   1.000000E+00   1.000000E+00   1.000000E+00   1.000000E+00   1.000000E+00
   1.000000E+00   1.000000E+00   1.000000E+00   1.000000E+00   1.000000E+00
   1.000000E+00   1.000000E+00   1.000000E+00   1.000000E+00   1.000000E+00
   1.000000E+00   1.000000E+00   1.000000E+00   1.000000E+00   1.000000E+00
   1.000000E+00   1.000000E+00   1.000000E+00   1.000000E+00   1.000000E+00
   1.000000E+00   1.000000E+00   1.000000E+00   1.000000E+00   1.000000E+00
   1.000000E+00   1.000000E+00   1.000000E+00   1.000000E+00   1.000000E+00
   1.000000E+00   1.000000E+00   1.000000E+00   1.000000E+00   1.000000E+00
   1.000000E+00   1.000000E+00   1.000000E+00   1.000000E+00   1.000000E+00
   1.000000E+00   1.000000E+00   1.000000E+00   1.000000E+00   1.000000E+00
   1.000000E+00   1.000000E+00   1.000000E+00   1.000000E+00   1.000000E+00
   1.000000E+00   1.000000E+00   1.000000E+00   1.000000E+00   1.000000E+00
   1.000000E+00   1.000000E+00   1.000000E+00   1.000000E+00   1.000000E+00
   1.000000E+00   1.000000E+00   1.000000E+00   1.000000E+00   1.000000E+00
   1.000000E+00   1.000000E+00   1.000000E+00   1.000000E+00   1.000000E+00
   1.000000E+00   1.000000E+00   1.000000E+00   1.000000E+00   1.000000E+00
   1.000000E+00   1.000000E+00   1.000000E+00   1.000000E+00   1.000000E+00
   1.000000E+00   1.000000E+00   1.000000E+00   1.000000E+00   1.000000E+00
   1.000000E+00   1.000000E+00   1.000000E+00   1.000000E+00   1.000000E+00
   1.000000E+00   1.000000E+00   1.000000E+00   1.000000E+00   1.000000E+00
   1.000000E+00   1.000000E+00   1.000000E+00   1.000000E+00   1.000000E+00
   1.000000E+00   1.000000E+00   1.000000E+00   1.000000E+00   1.000000E+00
   1.000000E+00   1.000000E+00   1.000000E+00   1.000000E+00   1.000000E+00
   1.000000E+00   1.000000E+00   1.000000E+00   1.000000E+00   1.000000E+00
   1.000000E+00   1.000000E+00   1.000000E+00   1.000000E+00   1.000000E+00
   1.000000E+00   1.000000E+00   1.000000E+00   1.000000E+00   1.000000E+00
   1.000000E+00   1.000000E+00   1.000000E+00   1.000000E+00   1.000000E+00
   1.000000E+00   1.000000E+00   1.000000E+00   1.000000E+00   1.000000E+00
   1.000000E+00   1.000000E+00   1.000000E+00   1.000000E+00   1.000000E+00
   1.000000E+00   1.000000E+00   1.000000E+00   1.000000E+00   1.000000E+00
   1.000000E+00   1.000000E+00   1.000000E+00   1.000000E+00   1.000000E+00
   1.000000E+00   1.000000E+00   1.000000E+00   1.000000E+00   1.000000E+00
   1.000000E+00   1.000000E+00   1.000000E+00   1.000000E+00   1.000000E+00
   1.000000E+00   1.000000E+00   1.000000E+00   1.000000E+00   1.000000E+00
   1.000000E+00   1.000000E+00   1.000000E+00   1.000000E+00   1.000000E+00
   1.000000E+00   1.000000E+00   1.000000E+00   1.000000E+00   1.000000E+00
   1.000000E+00   1.000000E+00   1.000000E+00   1.000000E+00   1.000000E+00
   1.000000E+00   1.000000E+00   1.000000E+00   1.000000E+00   1.000000E+00
   1.000000E+00   1.000000E+00   1.000000E+00   1.000000E+00   1.000000E+00
   1.000000E+00   1.000000E+00   1.000000E+00   1.000000E+00   1.000000E+00
   1.000000E+00   1.000000E+00   1.000000E+00   1.000000E+00   1.000000E+00
   1.000000E+00   1.000000E+00   1.000000E+00   1.000000E+00   1.000000E+00
   1.000000E+00   1.000000E+00   1.000000E+00   1.000000E+00   1.000000E+00
   1.000000E+00   1.000000E+00   1.000000E+00   1.000000E+00   1.000000E+00
   1.000000E+00   1.000000E+00   1.000000E+00   1.000000E+00   1.000000E+00
   1.000000E+00   1.000000E+00   1.000000E+00   1.000000E+00   1.000000E+00
   1.000000E+00   1.000000E+00   1.000000E+00   1.000000E+00   1.000000E+00
   1.000000E+00   1.000000E+00   1.000000E+00   1.000000E+00   1.000000E+00
   1.000000E+00   1.000000E+00   1.000000E+00   1.000000E+00   1.000000E+00
   1.000000E+00   1.000000E+00   1.000000E+00   1.000000E+00   1.000000E+00
   1.000000E+00   1.000000E+00   1.000000E+00   1.000000E+00   1.000000E+00
   1.000000E+00   1.000000E+00   1.000000E+00   1.000000E+00   1.000000E+00
   1.000000E+00   1.000000E+00   1.000000E+00   1.000000E+00   1.000000E+00
   1.000000E+00   1.000000E+00   1.000000E+00   1.000000E+00   1.000000E+00
   1.000000E+00   1.000000E+00   1.000000E+00   1.000000E+00   1.000000E+00
   1.000000E+00   1.000000E+00   1.000000E+00   1.000000E+00   1.000000E+00
   1.000000E+00   1.000000E+00   1.000000E+00   1.000000E+00   1.000000E+00
   1.000000E+00   1.000000E+00   1.000000E+00   1.000000E+00   1.000000E+00
   1.000000E+00   1.000000E+00   1.000000E+00   1.000000E+00   1.000000E+00
   1.000000E+00   1.000000E+00   1.000000E+00   1.000000E+00   1.000000E+00
   1.000000E+00   1.000000E+00   1.000000E+00   1.000000E+00   1.000000E+00
   1.000000E+00   1.000000E+00   1.000000E+00   1.000000E+00   1.000000E+00
   1.000000E+00   1.000000E+00   1.000000E+00   1.000000E+00   1.000000E+00
   1.000000E+00   1.000000E+00   1.000000E+00   1.000000E+00   1.000000E+00
   1.000000E+00   1.000000E+00   1.000000E+00   1.000000E+00   1.000000E+00
   1.000000E+00   1.000000E+00   1.000000E+00   1.000000E+00   1.000000E+00
   1.000000E+00   1.000000E+00   1.000000E+00   1.000000E+00   1.000000E+00
   1.000000E+00   1.000000E+00   1.000000E+00   1.000000E+00   1.000000E+00
   1.000000E+00   1.000000E+00   1.000000E+00   1.000000E+00   1.000000E+00
   1.000000E+00   1.000000E+00   1.000000E+00   1.000000E+00   1.000000E+00
   1.000000E+00   1.000000E+00   1.000000E+00   1.000000E+00   1.000000E+00
   1.000000E+00   1.000000E+00   1.000000E+00   1.000000E+00   1.000000E+00
   1.000000E+00   1.000000E+00   1.000000E+00   1.000000E+00   1.000000E+00
   1.000000E+00   1.000000E+00   1.000000E+00   1.000000E+00   1.000000E+00
   1.000000E+00   1.000000E+00   1.000000E+00   1.000000E+00   1.000000E+00
   1.000000E+00   1.000000E+00   1.000000E+00   1.000000E+00   1.000000E+00
   1.000000E+00   1.000000E+00   1.000000E+00   1.000000E+00   1.000000E+00
   1.000000E+00   1.000000E+00   1.000000E+00   1.000000E+00   1.000000E+00
   1.000000E+00   1.000000E+00   1.000000E+00   1.000000E+00   1.000000E+00
   1.000000E+00   1.000000E+00   1.000000E+00   1.000000E+00   1.000000E+00
   1.000000E+00   1.000000E+00   1.000000E+00   1.000000E+00   1.000000E+00
   1.000000E+00   1.000000E+00   1.000000E+00   1.000000E+00   1.000000E+00
   1.000000E+00   1.000000E+00   1.000000E+00   1.000000E+00   1.000000E+00
   1.000000E+00   1.000000E+00   1.000000E+00   1.000000E+00   1.000000E+00
   1.000000E+00   1.000000E+00   1.000000E+00   1.000000E+00   1.000000E+00
   1.000000E+00   1.000000E+00   1.000000E+00   1.000000E+00   1.000000E+00
   1.000000E+00   1.000000E+00   1.000000E+00   1.000000E+00   1.000000E+00
   1.000000E+00   1.000000E+00   1.000000E+00   1.000000E+00   1.000000E+00
   1.000000E+00   1.000000E+00   1.000000E+00   1.000000E+00   1.000000E+00
   1.000000E+00   1.000000E+00   1.000000E+00   1.000000E+00   1.000000E+00
   1.000000E+00   1.000000E+00   1.000000E+00   1.000000E+00   1.000000E+00
   1.000000E+00   1.000000E+00   1.000000E+00   1.000000E+00   1.000000E+00
   1.000000E+00   1.000000E+00   1.000000E+00   1.000000E+00   1.000000E+00
   1.000000E+00   1.000000E+00   1.000000E+00   1.000000E+00   1.000000E+00
   1.000000E+00   1.000000E+00   1.000000E+00   1.000000E+00   1.000000E+00
   1.000000E+00   1.000000E+00   1.000000E+00   1.000000E+00   1.000000E+00
   1.000000E+00   1.000000E+00   1.000000E+00   1.000000E+00   1.000000E+00
   1.000000E+00   1.000000E+00   1.000000E+00   1.000000E+00   1.000000E+00
   1.000000E+00   1.000000E+00   1.000000E+00   1.000000E+00   1.000000E+00
   1.000000E+00   1.000000E+00   1.000000E+00   1.000000E+00   1.000000E+00
   1.000000E+00   1.000000E+00   1.000000E+00   1.000000E+00   1.000000E+00
   1.000000E+00   1.000000E+00   1.000000E+00   1.000000E+00   1.000000E+00
   1.000000E+00   1.000000E+00   1.000000E+00   1.000000E+00   1.000000E+00
   1.000000E+00   1.000000E+00   1.000000E+00   1.000000E+00   1.000000E+00
   1.000000E+00   1.000000E+00   1.000000E+00   1.000000E+00   1.000000E+00
   1.000000E+00   1.000000E+00   1.000000E+00   1.000000E+00   1.000000E+00
   1.000000E+00   1.000000E+00   1.000000E+00   1.000000E+00   1.000000E+00
   1.000000E+00   1.000000E+00   1.000000E+00   1.000000E+00   1.000000E+00
   1.000000E+00   1.000000E+00   1.000000E+00   1.000000E+00   1.000000E+00
   1.000000E+00   1.000000E+00   1.000000E+00   1.000000E+00   1.000000E+00
   1.000000E+00   1.000000E+00   1.000000E+00   1.000000E+00   1.000000E+00
   1.000000E+00   1.000000E+00   1.000000E+00   1.000000E+00   1.000000E+00
   1.000000E+00   1.000000E+00   1.000000E+00   1.000000E+00   1.000000E+00
   1.000000E+00   1.000000E+00   1.000000E+00   1.000000E+00   1.000000E+00
   1.000000E+00   1.000000E+00   1.000000E+00   1.000000E+00   1.000000E+00
   1.000000E+00   1.000000E+00   1.000000E+00   1.000000E+00   1.000000E+00
   1.000000E+00   1.000000E+00   1.000000E+00   1.000000E+00   1.000000E+00
   1.000000E+00   1.000000E+00   1.000000E+00   1.000000E+00   1.000000E+00
   1.000000E+00   1.000000E+00   1.000000E+00   1.000000E+00   1.000000E+00
   1.000000E+00   1.000000E+00   1.000000E+00   1.000000E+00   1.000000E+00
   1.000000E+00   1.000000E+00   1.000000E+00   1.000000E+00   1.000000E+00
   1.000000E+00   1.000000E+00   1.000000E+00   1.000000E+00   1.000000E+00
   1.000000E+00   1.000000E+00   1.000000E+00   1.000000E+00   1.000000E+00
   1.000000E+00   1.000000E+00   1.000000E+00   1.000000E+00   1.000000E+00
   1.000000E+00   1.000000E+00   1.000000E+00   1.000000E+00   1.000000E+00
   1.000000E+00   1.000000E+00   1.000000E+00   1.000000E+00   1.000000E+00
   1.000000E+00   1.000000E+00   1.000000E+00   1.000000E+00   1.000000E+00
   1.000000E+00   1.000000E+00   1.000000E+00   1.000000E+00   1.000000E+00
   1.000000E+00   1.000000E+00   1.000000E+00   1.000000E+00   1.000000E+00
   1.000000E+00   1.000000E+00   1.000000E+00   1.000000E+00   1.000000E+00
   1.000000E+00   1.000000E+00   1.000000E+00   1.000000E+00   1.000000E+00
   1.000000E+00   1.000000E+00   1.000000E+00   1.000000E+00   1.000000E+00
   1.000000E+00   1.000000E+00   1.000000E+00   1.000000E+00   1.000000E+00
   1.000000E+00   1.000000E+00   1.000000E+00   1.000000E+00   1.000000E+00
   1.000000E+00   1.000000E+00   1.000000E+00   1.000000E+00   1.000000E+00
   1.000000E+00   1.000000E+00   1.000000E+00   1.000000E+00   1.000000E+00
   1.000000E+00   1.000000E+00   1.000000E+00   1.000000E+00   1.000000E+00
   1.000000E+00   1.000000E+00   1.000000E+00   1.000000E+00   1.000000E+00
   1.000000E+00   1.000000E+00   1.000000E+00   1.000000E+00   1.000000E+00
   1.000000E+00   1.000000E+00   1.000000E+00   1.000000E+00   1.000000E+00
   1.000000E+00   1.000000E+00   1.000000E+00   1.000000E+00   1.000000E+00
   1.000000E+00   1.000000E+00   1.000000E+00   1.000000E+00   1.000000E+00
   1.000000E+00
      1  1.00000000E-02     NSTEP   TIME
   5.376402E-01   5.382853E-01   5.382853E-01   5.382421E-01   5.381990E-01
   5.382421E-01   5.382421E-01   5.382853E-01   5.383717E-01   5.385014E-01
   5.386747E-01   5.388919E-01   5.391531E-01   5.394152E-01   5.397220E-01
   5.400740E-01   5.404717E-01   5.408713E-01   5.412280E-01   5.426246E-01
   5.423978E-01   5.385880E-01   5.401181E-01   5.404274E-01   5.403389E-01
   5.402947E-01   5.402947E-01   5.403389E-01   5.403832E-01   5.404274E-01
   5.405603E-01   5.406047E-01   5.406935E-01   5.408268E-01   5.410049E-01
   5.411387E-01   5.414070E-01   5.417210E-01   5.420813E-01   5.424884E-01
   5.436296E-01   5.431713E-01   5.386314E-01   5.403389E-01   5.406935E-01
   5.405603E-01   5.406935E-01   5.408268E-01   5.409158E-01   5.410941E-01
   5.412280E-01   5.414070E-01   5.415863E-01   5.418559E-01   5.420813E-01
   5.423978E-01   5.427609E-01   5.431713E-01   5.437215E-01   5.443216E-01
   5.450191E-01   5.464312E-01   5.464312E-01   5.388049E-01   5.403389E-01
   5.407823E-01   5.407379E-01   5.409158E-01   5.410941E-01   5.412727E-01
   5.414517E-01   5.417210E-01   5.419460E-01   5.422168E-01   5.425792E-01
   5.429887E-01   5.434460E-01   5.439518E-01   5.445999E-01   5.453934E-01
   5.463363E-01   5.473374E-01   5.491295E-01   5.490317E-01   5.391968E-01
   5.405603E-01   5.411833E-01   5.411833E-01   5.414517E-01   5.416761E-01
   5.419460E-01   5.422168E-01   5.425338E-01   5.428975E-01   5.433085E-01
   5.438136E-01   5.444143E-01   5.450658E-01   5.458636E-01   5.468116E-01
   5.479147E-01   5.491784E-01   5.506594E-01   5.528771E-01   5.529281E-01
   5.398978E-01   5.409158E-01   5.416761E-01   5.417659E-01   5.421264E-01
   5.423978E-01   5.428064E-01   5.432170E-01   5.436755E-01   5.441827E-01
   5.448326E-01   5.455812E-01   5.463837E-01   5.473854E-01   5.485443E-01
   5.498172E-01   5.514093E-01   5.531326E-01   5.551510E-01   5.579681E-01
   5.581301E-01   5.407823E-01   5.413622E-01   5.423525E-01   5.425792E-01
   5.429887E-01   5.434460E-01   5.439518E-01   5.445999E-01   5.452529E-01
   5.460524E-01   5.470025E-01   5.480112E-01   5.492274E-01   5.506097E-01
   5.521655E-01   5.540069E-01   5.560980E-01   5.584552E-01   5.611537E-01
   5.646848E-01   5.650338E-01   5.418559E-01   5.420362E-01   5.432628E-01
   5.436296E-01   5.442753E-01   5.449724E-01   5.457223E-01   5.465737E-01
   5.475775E-01   5.487389E-01   5.499652E-01   5.514595E-01   5.531326E-01
   5.549941E-01   5.571619E-01   5.596020E-01   5.623914E-01   5.655596E-01
   5.692029E-01   5.736266E-01   5.740740E-01   5.431256E-01   5.431256E-01
   5.445999E-01   5.452529E-01   5.461469E-01   5.470980E-01   5.482047E-01
   5.494727E-01   5.508588E-01   5.523682E-01   5.541620E-01   5.562038E-01
   5.584552E-01   5.609862E-01   5.638757E-01   5.671549E-01   5.707993E-01
   5.749103E-01   5.794731E-01   5.848982E-01   5.855435E-01   5.448792E-01
   5.448326E-01   5.465737E-01   5.475775E-01   5.487876E-01   5.502125E-01
   5.517110E-01   5.534402E-01   5.553606E-01   5.574835E-01   5.599323E-01
   5.625615E-01   5.656182E-01   5.689597E-01   5.727381E-01   5.768681E-01
   5.815249E-01   5.867010E-01   5.923863E-01   5.991386E-01   5.998797E-01
   5.473854E-01   5.473374E-01   5.494727E-01   5.509586E-01   5.526732E-01
   5.545771E-01   5.566284E-01   5.589995E-01   5.615457E-01   5.644529E-01
   5.676328E-01   5.711715E-01   5.750396E-01   5.792703E-01   5.840442E-01
   5.892054E-01   5.949562E-01   6.015453E-01   6.087481E-01   6.170388E-01
   6.178152E-01   5.509586E-01   5.510586E-01   5.535944E-01   5.556759E-01
   5.579681E-01   5.605410E-01   5.633592E-01   5.664425E-01   5.698750E-01
   5.736266E-01   5.776623E-01   5.821488E-01   5.869925E-01   5.923094E-01
   5.982399E-01   6.047833E-01   6.120271E-01   6.200778E-01   6.289593E-01
   6.391575E-01   6.400972E-01   5.559394E-01   5.561509E-01   5.592729E-01
   5.620522E-01   5.652087E-01   5.685960E-01   5.722969E-01   5.762766E-01
   5.806306E-01   5.853279E-01   5.904811E-01   5.960659E-01   6.022189E-01
   6.089277E-01   6.161717E-01   6.242264E-01   6.331114E-01   6.429610E-01
   6.540733E-01   6.669883E-01   6.680146E-01   5.627887E-01   5.630735E-01
   5.670358E-01   5.707374E-01   5.747166E-01   5.790679E-01   5.837611E-01
   5.888332E-01   5.942490E-01   6.002936E-01   6.067916E-01   6.137979E-01
   6.212764E-01   6.294973E-01   6.384574E-01   6.483925E-01   6.594697E-01
   6.720495E-01   6.863119E-01   7.029784E-01   7.042337E-01   5.718576E-01
   5.723598E-01   5.771321E-01   5.818710E-01   5.869195E-01   5.923863E-01
   5.984027E-01   6.048699E-01   6.118423E-01   6.192856E-01   6.272542E-01
   6.359251E-01   6.452770E-01   6.555346E-01   6.668424E-01   6.793779E-01
   6.933792E-01   7.094836E-01   7.282498E-01   7.505385E-01   7.521089E-01
   5.836198E-01   5.841860E-01   5.900290E-01   5.959863E-01   6.025573E-01
   6.095587E-01   6.170388E-01   6.251576E-01   6.338925E-01   6.432028E-01
   6.532833E-01   6.643857E-01   6.763673E-01   6.894819E-01   7.039475E-01
   7.201222E-01   7.383586E-01   7.592919E-01   7.843687E-01   8.148533E-01
   8.166967E-01   5.985658E-01   5.993029E-01   6.066155E-01   6.141743E-01
   6.223864E-01   6.312357E-01   6.406883E-01   6.509427E-01   6.622559E-01
   6.744997E-01   6.877176E-01   7.022039E-01   7.180765E-01   7.353149E-01
   7.543216E-01   7.756615E-01   7.996195E-01   8.271031E-01   8.611314E-01
   9.022332E-01   9.039653E-01   6.177179E-01   6.184990E-01   6.275720E-01
   6.372997E-01   6.476376E-01   6.590570E-01   6.715951E-01   6.852042E-01
   7.001462E-01   7.167001E-01   7.348713E-01   7.547939E-01   7.766983E-01
   7.998873E-01   8.258132E-01   8.551757E-01   8.862589E-01   9.176922E-01
   9.674362E-01   9.999790E-01   9.999835E-01   6.419989E-01   6.429610E-01
   6.544701E-01   6.671344E-01   6.810708E-01   6.962972E-01   7.133327E-01
   7.322126E-01   7.531726E-01   7.766092E-01   8.028562E-01   8.322198E-01
   8.655291E-01   8.947441E-01   9.337314E-01   9.790756E-01   9.999674E-01
   9.999879E-01   1.000000E+00   1.000000E+00   1.000000E+00   6.741910E-01
   6.752747E-01   6.907633E-01   7.078891E-01   7.270911E-01   7.485513E-01
   7.727603E-01   8.002895E-01   8.313268E-01   8.662835E-01   9.051073E-01
   9.476876E-01   9.999701E-01   9.999936E-01   1.000000E+00   1.000000E+00
   1.000000E+00   1.000000E+00   1.000000E+00   1.000000E+00   1.000000E+00
   6.871062E-01   6.925488E-01   7.103770E-01   7.302528E-01   7.525751E-01
   7.778604E-01   8.066983E-01   8.394085E-01   8.765018E-01   9.171834E-01
   9.587285E-01   9.921601E-01   1.000000E+00   1.000000E+00   1.000000E+00
   1.000000E+00   1.000000E+00   1.000000E+00   1.000000E+00   1.000000E+00
   1.000000E+00   5.402064E-01   5.408268E-01   5.408268E-01   5.407823E-01
   5.407823E-01   5.407823E-01   5.408268E-01   5.408713E-01   5.409603E-01
   5.410941E-01   5.412727E-01   5.414966E-01   5.417210E-01   5.419911E-01
   5.423072E-01   5.426700E-01   5.430800E-01   5.435377E-01   5.439057E-01
   5.452997E-01   5.451125E-01   5.411833E-01   5.427155E-01   5.430343E-01
   5.429431E-01   5.428975E-01   5.428975E-01   5.429431E-01   5.429887E-01
   5.430343E-01   5.431713E-01   5.432170E-01   5.433085E-01   5.434460E-01
   5.436296E-01   5.437675E-01   5.440441E-01   5.443679E-01   5.447394E-01
   5.451593E-01   5.463363E-01   5.458636E-01   5.411833E-01   5.429431E-01
   5.433085E-01   5.431713E-01   5.433085E-01   5.434001E-01   5.435377E-01
   5.437215E-01   5.438596E-01   5.440441E-01   5.442290E-01   5.445070E-01
   5.447394E-01   5.450658E-01   5.454403E-01   5.458636E-01   5.464312E-01
   5.470502E-01   5.477700E-01   5.492274E-01   5.492274E-01   5.413622E-01
   5.429431E-01   5.434001E-01   5.433085E-01   5.435377E-01   5.437215E-01
   5.439057E-01   5.440903E-01   5.443679E-01   5.445999E-01   5.448792E-01
   5.452529E-01   5.456282E-01   5.460997E-01   5.466688E-01   5.473374E-01
   5.481563E-01   5.491295E-01   5.501630E-01   5.520137E-01   5.519127E-01
   5.418109E-01   5.431713E-01   5.438136E-01   5.438136E-01   5.440903E-01
   5.443216E-01   5.445999E-01   5.448792E-01   5.452061E-01   5.455812E-01
   5.460052E-01   5.465261E-01   5.471459E-01   5.478182E-01   5.486415E-01
   5.496201E-01   5.507590E-01   5.520643E-01   5.535944E-01   5.559394E-01
   5.559394E-01   5.425338E-01   5.435377E-01   5.443216E-01   5.444143E-01
   5.447394E-01   5.450658E-01   5.454873E-01   5.458636E-01   5.463837E-01
   5.469070E-01   5.475775E-01   5.483501E-01   5.491784E-01   5.502125E-01
   5.514093E-01   5.527751E-01   5.543693E-01   5.562038E-01   5.582925E-01
   5.611537E-01   5.613215E-01   5.434001E-01   5.439980E-01   5.450191E-01
   5.452529E-01   5.456752E-01   5.461469E-01   5.466688E-01   5.473374E-01
   5.480112E-01   5.488364E-01   5.498172E-01   5.508588E-01   5.521149E-01
   5.535430E-01   5.552033E-01   5.570549E-01   5.592181E-01   5.617142E-01
   5.645109E-01   5.681734E-01   5.684750E-01   5.445070E-01   5.446929E-01
   5.459580E-01   5.463363E-01   5.470025E-01   5.477218E-01   5.484957E-01
   5.493745E-01   5.504109E-01   5.516103E-01   5.529281E-01   5.544212E-01
   5.561509E-01   5.581301E-01   5.603746E-01   5.629025E-01   5.657942E-01
   5.690812E-01   5.728645E-01   5.774631E-01   5.779285E-01   5.458165E-01
   5.458165E-01   5.473374E-01   5.480112E-01   5.489340E-01   5.499158E-01
   5.510586E-01   5.523682E-01   5.538004E-01   5.554130E-01   5.572690E-01
   5.593277E-01   5.616580E-01   5.643372E-01   5.672742E-01   5.706755E-01
   5.745234E-01   5.787986E-01   5.835493E-01   5.892800E-01   5.898788E-01
   5.476737E-01   5.475775E-01   5.493745E-01   5.504109E-01   5.517110E-01
   5.531326E-01   5.547333E-01   5.565220E-01   5.585095E-01   5.607077E-01
   5.631877E-01   5.659706E-01   5.691420E-01   5.726118E-01   5.765390E-01
   5.808363E-01   5.856875E-01   5.910869E-01   5.970266E-01   6.041794E-01
   6.048699E-01   5.502621E-01   5.502125E-01   5.523682E-01   5.539036E-01
   5.556759E-01   5.576447E-01   5.598221E-01   5.622216E-01   5.649173E-01
   5.678727E-01   5.712337E-01   5.749103E-01   5.789331E-01   5.834084E-01
   5.883145E-01   5.937022E-01   5.997971E-01   6.066155E-01   6.142686E-01
   6.229965E-01   6.238149E-01   5.539552E-01   5.540069E-01   5.566284E-01
   5.587814E-01   5.612096E-01   5.638757E-01   5.667387E-01   5.699978E-01
   5.735629E-01   5.774631E-01   5.816632E-01   5.863379E-01   5.913912E-01
   5.969462E-01   6.032373E-01   6.101024E-01   6.177179E-01   6.260963E-01
   6.355839E-01   6.463896E-01   6.472619E-01   5.591088E-01   5.593277E-01
   5.625615E-01   5.654425E-01   5.686565E-01   5.722340E-01   5.760802E-01
   5.802205E-01   5.847553E-01   5.896538E-01   5.950351E-01   6.008759E-01
   6.073217E-01   6.143630E-01   6.220826E-01   6.304719E-01   6.398616E-01
   6.504285E-01   6.622559E-01   6.760542E-01   6.771531E-01   5.662063E-01
   5.665017E-01   5.705519E-01   5.744590E-01   5.785971E-01   5.831271E-01
   5.880192E-01   5.933135E-01   5.990566E-01   6.053036E-01   6.121196E-01
   6.194832E-01   6.274659E-01   6.361531E-01   6.456468E-01   6.560702E-01
   6.678675E-01   6.813631E-01   6.967682E-01   7.147609E-01   7.161199E-01
   5.756236E-01   5.761456E-01   5.811111E-01   5.860483E-01   5.913150E-01
   5.971070E-01   6.033226E-01   6.101024E-01   6.174264E-01   6.252615E-01
   6.337806E-01   6.429610E-01   6.528901E-01   6.638143E-01   6.758979E-01
   6.893096E-01   7.044058E-01   7.218300E-01   7.422388E-01   7.666144E-01
   7.683369E-01   5.878719E-01   5.884624E-01   5.945627E-01   6.008759E-01
   6.076766E-01   6.150260E-01   6.229965E-01   6.315645E-01   6.406883E-01
   6.506853E-01   6.614137E-01   6.732690E-01   6.861267E-01   7.002019E-01
   7.158306E-01   7.333863E-01   7.532768E-01   7.762533E-01   8.038442E-01
   8.375311E-01   8.395689E-01   6.034934E-01   6.042655E-01   6.119347E-01
   6.199784E-01   6.286376E-01   6.378772E-01   6.480145E-01   6.589197E-01
   6.708412E-01   6.840224E-01   6.982822E-01   7.139228E-01   7.311614E-01
   7.499501E-01   7.707650E-01   7.942404E-01   8.207267E-01   8.511098E-01
   8.885401E-01   9.327030E-01   9.345162E-01   6.237123E-01   6.244327E-01
   6.341167E-01   6.442965E-01   6.554010E-01   6.675738E-01   6.809411E-01
   6.955756E-01   7.117169E-01   7.296651E-01   7.494656E-01   7.712834E-01
   7.954159E-01   8.210227E-01   8.496850E-01   8.820217E-01   9.157607E-01
   9.486188E-01   9.928522E-01   1.000000E+00   1.000000E+00   6.494064E-01
   6.503003E-01   6.626791E-01   6.762106E-01   6.911291E-01   7.075370E-01
   7.260070E-01   7.465623E-01   7.695041E-01   7.952850E-01   8.243051E-01
   8.567597E-01   8.933402E-01   9.248058E-01   9.638235E-01   9.993560E-01
   1.000000E+00   1.000000E+00   1.000000E+00   1.000000E+00   1.000000E+00
   6.837905E-01   6.849537E-01   7.015460E-01   7.201009E-01   7.409755E-01
   7.644356E-01   7.910432E-01   8.214304E-01   8.557312E-01   8.941141E-01
   9.357086E-01   9.775268E-01   1.000000E+00   1.000000E+00   1.000000E+00
   1.000000E+00   1.000000E+00   1.000000E+00   1.000000E+00   1.000000E+00
   1.000000E+00   6.976053E-01   7.034716E-01   7.227774E-01   7.443989E-01
   7.688484E-01   7.966644E-01   8.285151E-01   8.646440E-01   9.052067E-01
   9.481016E-01   9.869273E-01   1.000000E+00   1.000000E+00   1.000000E+00
   1.000000E+00   1.000000E+00   1.000000E+00   1.000000E+00   1.000000E+00
   1.000000E+00   1.000000E+00   5.451125E-01   5.457694E-01   5.457694E-01
   5.456752E-01   5.456752E-01   5.456752E-01   5.456752E-01   5.457694E-01
   5.458165E-01   5.459580E-01   5.461469E-01   5.463837E-01   5.466688E-01
   5.469547E-01   5.472895E-01   5.476737E-01   5.481079E-01   5.485929E-01
   5.490317E-01   5.505102E-01   5.502125E-01   5.460997E-01   5.476256E-01
   5.479629E-01   5.478182E-01   5.478182E-01   5.478182E-01   5.478664E-01
   5.478664E-01   5.479629E-01   5.480596E-01   5.481079E-01   5.482531E-01
   5.483986E-01   5.485929E-01   5.487389E-01   5.490317E-01   5.493745E-01
   5.498172E-01   5.502621E-01   5.515097E-01   5.509087E-01   5.460997E-01
   5.478182E-01   5.482047E-01   5.480596E-01   5.482047E-01   5.483501E-01
   5.484471E-01   5.486415E-01   5.488364E-01   5.489828E-01   5.492274E-01
   5.495218E-01   5.497679E-01   5.501135E-01   5.505102E-01   5.510086E-01
   5.515600E-01   5.522668E-01   5.530303E-01   5.546291E-01   5.544732E-01
   5.462889E-01   5.478182E-01   5.483016E-01   5.482531E-01   5.484471E-01
   5.486415E-01   5.488852E-01   5.490806E-01   5.493745E-01   5.496201E-01
   5.499652E-01   5.503116E-01   5.507590E-01   5.512588E-01   5.518622E-01
   5.525714E-01   5.534916E-01   5.544732E-01   5.556232E-01   5.576447E-01
   5.574298E-01   5.467164E-01   5.481079E-01   5.487389E-01   5.487876E-01
   5.490317E-01   5.493254E-01   5.496201E-01   5.499158E-01   5.502621E-01
   5.506594E-01   5.511586E-01   5.517110E-01   5.523682E-01   5.531326E-01
   5.540069E-01   5.550464E-01   5.562568E-01   5.576985E-01   5.593277E-01
   5.618268E-01   5.617142E-01   5.474814E-01   5.484471E-01   5.493254E-01
   5.494235E-01   5.497679E-01   5.501135E-01   5.505599E-01   5.510086E-01
   5.515097E-01   5.521149E-01   5.528261E-01   5.536458E-01   5.545771E-01
   5.556759E-01   5.569481E-01   5.584552E-01   5.601532E-01   5.621086E-01
   5.643951E-01   5.675131E-01   5.675730E-01   5.484471E-01   5.489828E-01
   5.500641E-01   5.503116E-01   5.507590E-01   5.513089E-01   5.518622E-01
   5.525714E-01   5.533376E-01   5.542138E-01   5.552557E-01   5.563628E-01
   5.577524E-01   5.592729E-01   5.610420E-01   5.630735E-01   5.654425E-01
   5.681132E-01   5.711715E-01   5.751043E-01   5.753636E-01   5.496201E-01
   5.497679E-01   5.510586E-01   5.515097E-01   5.522161E-01   5.529792E-01
   5.538004E-01   5.547854E-01   5.558867E-01   5.571619E-01   5.586181E-01
   5.602638E-01   5.621086E-01   5.642216E-01   5.666201E-01   5.693857E-01
   5.725487E-01   5.760802E-01   5.802205E-01   5.851845E-01   5.856155E-01
   5.510586E-01   5.509586E-01   5.525714E-01   5.532863E-01   5.543175E-01
   5.553606E-01   5.565752E-01   5.580221E-01   5.595471E-01   5.612655E-01
   5.633020E-01   5.655596E-01   5.680530E-01   5.709232E-01   5.741380E-01
   5.778619E-01   5.820098E-01   5.867010E-01   5.918493E-01   5.980773E-01
   5.987292E-01   5.530815E-01   5.528261E-01   5.547854E-01   5.559394E-01
   5.572690E-01   5.588359E-01   5.605410E-01   5.625047E-01   5.646268E-01
   5.670358E-01   5.697525E-01   5.727381E-01   5.761456E-01   5.799481E-01
   5.841860E-01   5.889820E-01   5.942490E-01   6.001279E-01   6.067035E-01
   6.145520E-01   6.152161E-01   5.558339E-01   5.556759E-01   5.580221E-01
   5.596570E-01   5.616019E-01   5.637032E-01   5.660295E-01   5.686565E-01
   5.716076E-01   5.748457E-01   5.784630E-01   5.824273E-01   5.868466E-01
   5.916964E-01   5.971070E-01   6.030669E-01   6.097396E-01   6.173293E-01
   6.257826E-01   6.354704E-01   6.363816E-01   5.598221E-01   5.598221E-01
   5.626182E-01   5.649755E-01   5.675730E-01   5.704285E-01   5.735629E-01
   5.771321E-01   5.809736E-01   5.851845E-01   5.898788E-01   5.949562E-01
   6.005428E-01   6.067035E-01   6.135164E-01   6.211761E-01   6.296051E-01
   6.390405E-01   6.496611E-01   6.619745E-01   6.629619E-01   5.653840E-01
   5.655010E-01   5.690204E-01   5.721712E-01   5.756887E-01   5.795409E-01
   5.836904E-01   5.882406E-01   5.932359E-01   5.986475E-01   6.045241E-01
   6.109232E-01   6.181078E-01   6.258871E-01   6.344537E-01   6.440526E-01
   6.546027E-01   6.665509E-01   6.800365E-01   6.959179E-01   6.971679E-01
   5.730545E-01   5.733083E-01   5.777288E-01   5.819404E-01   5.864830E-01
   5.913912E-01   5.967856E-01   6.026420E-01   6.089277E-01   6.158842E-01
   6.234050E-01   6.316743E-01   6.405698E-01   6.503003E-01   6.611342E-01
   6.729631E-01   6.865987E-01   7.021286E-01   7.201010E-01   7.413147E-01
   7.428741E-01   5.833380E-01   5.837611E-01   5.892054E-01   5.945627E-01
   6.003766E-01   6.067035E-01   6.136101E-01   6.211761E-01   6.292817E-01
   6.381089E-01   6.476376E-01   6.579627E-01   6.693459E-01   6.817864E-01
   6.957376E-01   7.113959E-01   7.291019E-01   7.497459E-01   7.741905E-01
   8.036394E-01   8.057311E-01   5.967054E-01   5.972681E-01   6.040075E-01
   6.108317E-01   6.184990E-01   6.266212E-01   6.354704E-01   6.450312E-01
   6.555346E-01   6.666966E-01   6.790419E-01   6.926898E-01   7.076543E-01
   7.241440E-01   7.426050E-01   7.635494E-01   7.875197E-01   8.153939E-01
   8.491423E-01   8.900693E-01   8.925198E-01   6.138919E-01   6.146466E-01
   6.232005E-01   6.321147E-01   6.417595E-01   6.523679E-01   6.638143E-01
   6.762106E-01   6.900000E-01   7.051920E-01   7.218729E-01   7.403475E-01
   7.608900E-01   7.834735E-01   8.087513E-01   8.374118E-01   8.697257E-01
   9.063518E-01   9.491354E-01   9.906688E-01   9.919351E-01   6.363816E-01
   6.371846E-01   6.480145E-01   6.594697E-01   6.720496E-01   6.860762E-01
   7.015835E-01   7.186853E-01   7.376931E-01   7.590764E-01   7.828892E-01
   8.093817E-01   8.388077E-01   8.700857E-01   9.046601E-01   9.420388E-01
   9.766376E-01   9.994797E-01   1.000000E+00   1.000000E+00   1.000000E+00
   6.653917E-01   6.664054E-01   6.804719E-01   6.960984E-01   7.134546E-01
   7.327409E-01   7.546626E-01   7.793610E-01   8.071837E-01   8.386878E-01
   8.741198E-01   9.130770E-01   9.542852E-01   9.845299E-01   1.000000E+00
   1.000000E+00   1.000000E+00   1.000000E+00   1.000000E+00   1.000000E+00
   1.000000E+00   7.049039E-01   7.062146E-01   7.256326E-01   7.475665E-01
   7.725569E-01   8.009618E-01   8.333898E-01   8.705363E-01   9.117652E-01
   9.551054E-01   9.927481E-01   1.000000E+00   1.000000E+00   1.000000E+00
   1.000000E+00   1.000000E+00   1.000000E+00   1.000000E+00   1.000000E+00
   1.000000E+00   1.000000E+00   7.209951E-01   7.278477E-01   7.506667E-01
   7.766092E-01   8.062141E-01   8.402118E-01   8.790876E-01   9.221879E-01
   9.665211E-01   9.993193E-01   1.000000E+00   1.000000E+00   1.000000E+00
   1.000000E+00   1.000000E+00   1.000000E+00   1.000000E+00   1.000000E+00
   1.000000E+00   1.000000E+00   1.000000E+00   5.519632E-01   5.525206E-01
   5.525206E-01   5.524190E-01   5.523682E-01   5.523682E-01   5.523682E-01
   5.524190E-01   5.525206E-01   5.526732E-01   5.528771E-01   5.531326E-01
   5.534402E-01   5.537488E-01   5.541620E-01   5.545771E-01   5.550987E-01
   5.556759E-01   5.561509E-01   5.578063E-01   5.572690E-01   5.528771E-01
   5.543175E-01   5.546812E-01   5.545251E-01   5.544732E-01   5.545251E-01
   5.545251E-01   5.545771E-01   5.546812E-01   5.547854E-01   5.548897E-01
   5.550464E-01   5.552033E-01   5.554130E-01   5.556232E-01   5.559394E-01
   5.563628E-01   5.568414E-01   5.573762E-01   5.587269E-01   5.579141E-01
   5.528261E-01   5.545251E-01   5.549419E-01   5.547854E-01   5.549419E-01
   5.550987E-01   5.552033E-01   5.554130E-01   5.556232E-01   5.558339E-01
   5.560980E-01   5.564158E-01   5.567348E-01   5.571619E-01   5.575910E-01
   5.581301E-01   5.587814E-01   5.596020E-01   5.604855E-01   5.622216E-01
   5.618831E-01   5.529792E-01   5.545251E-01   5.550464E-01   5.549941E-01
   5.552033E-01   5.554655E-01   5.556759E-01   5.559394E-01   5.562568E-01
   5.565752E-01   5.569481E-01   5.573762E-01   5.578602E-01   5.584552E-01
   5.591634E-01   5.599323E-01   5.609862E-01   5.621086E-01   5.634165E-01
   5.656182E-01   5.652087E-01   5.534402E-01   5.547854E-01   5.555181E-01
   5.555706E-01   5.558867E-01   5.562038E-01   5.565220E-01   5.568947E-01
   5.572690E-01   5.577524E-01   5.583467E-01   5.589449E-01   5.597120E-01
   5.605410E-01   5.615457E-01   5.627318E-01   5.641639E-01   5.657942E-01
   5.676328E-01   5.704285E-01   5.701206E-01   5.542656E-01   5.552557E-01
   5.562038E-01   5.563098E-01   5.567348E-01   5.571619E-01   5.576447E-01
   5.581301E-01   5.587269E-01   5.594373E-01   5.602085E-01   5.611537E-01
   5.622216E-01   5.634738E-01   5.649173E-01   5.666201E-01   5.685960E-01
   5.707993E-01   5.734355E-01   5.768681E-01   5.768022E-01   5.554130E-01
   5.558339E-01   5.570549E-01   5.573226E-01   5.578602E-01   5.585095E-01
   5.591634E-01   5.599323E-01   5.607633E-01   5.617705E-01   5.629595E-01
   5.642794E-01   5.657942E-01   5.675730E-01   5.695689E-01   5.719203E-01
   5.745878E-01   5.776623E-01   5.811111E-01   5.856155E-01   5.856875E-01
   5.567348E-01   5.567348E-01   5.582384E-01   5.587269E-01   5.594922E-01
   5.603746E-01   5.613775E-01   5.624481E-01   5.637032E-01   5.651504E-01
   5.667981E-01   5.686565E-01   5.707993E-01   5.732448E-01   5.760149E-01
   5.791353E-01   5.827066E-01   5.868466E-01   5.915437E-01   5.972681E-01
   5.975911E-01   5.584009E-01   5.581301E-01   5.599323E-01   5.607633E-01
   5.618831E-01   5.631306E-01   5.645109E-01   5.660884E-01   5.678727E-01
   5.698750E-01   5.721712E-01   5.747166E-01   5.776623E-01   5.809049E-01
   5.846127E-01   5.889076E-01   5.937022E-01   5.990566E-01   6.050432E-01
   6.123048E-01   6.127692E-01   5.607077E-01   5.603192E-01   5.624481E-01
   5.637607E-01   5.653255E-01   5.670953E-01   5.690204E-01   5.712337E-01
   5.736904E-01   5.764077E-01   5.795409E-01   5.829867E-01   5.869195E-01
   5.913150E-01   5.962254E-01   6.017133E-01   6.078544E-01   6.147413E-01
   6.224879E-01   6.315645E-01   6.323354E-01   5.638757E-01   5.635311E-01
   5.661473E-01   5.680530E-01   5.702437E-01   5.726749E-01   5.752987E-01
   5.783291E-01   5.816632E-01   5.853279E-01   5.895042E-01   5.940925E-01
   5.992207E-01   6.048699E-01   6.111981E-01   6.182055E-01   6.259916E-01
   6.349045E-01   6.450312E-01   6.566080E-01   6.575548E-01   5.684146E-01
   5.682336E-01   5.714204E-01   5.740740E-01   5.770000E-01   5.802888E-01
   5.839025E-01   5.879455E-01   5.924632E-01   5.973488E-01   6.027269E-01
   6.086584E-01   6.152161E-01   6.223864E-01   6.304719E-01   6.395090E-01
   6.496611E-01   6.609946E-01   6.738830E-01   6.889314E-01   6.900692E-01
   5.747811E-01   5.747811E-01   5.787314E-01   5.822880E-01   5.863379E-01
   5.907079E-01   5.955889E-01   6.008759E-01   6.066155E-01   6.129555E-01
   6.197801E-01   6.273600E-01   6.359251E-01   6.452770E-01   6.555346E-01
   6.669883E-01   6.800043E-01   6.947323E-01   7.116567E-01   7.317547E-01
   7.332708E-01   5.835493E-01   5.836904E-01   5.886848E-01   5.934688E-01
   5.987292E-01   6.045241E-01   6.107403E-01   6.175234E-01   6.249500E-01
   6.332227E-01   6.422387E-01   6.519776E-01   6.628204E-01   6.748092E-01
   6.880414E-01   7.028837E-01   7.199524E-01   7.397940E-01   7.631356E-01
   7.910111E-01   7.930393E-01   5.953512E-01   5.956682E-01   6.018815E-01
   6.082110E-01   6.149310E-01   6.223864E-01   6.304719E-01   6.395090E-01
   6.491521E-01   6.597456E-01   6.714440E-01   6.841882E-01   6.982272E-01
   7.138616E-01   7.316176E-01   7.517730E-01   7.749246E-01   8.023132E-01
   8.351558E-01   8.748966E-01   8.776998E-01   6.108317E-01   6.113818E-01
   6.190885E-01   6.272542E-01   6.361531E-01   6.460176E-01   6.566080E-01
   6.683093E-01   6.810059E-01   6.949830E-01   7.103570E-01   7.276694E-01
   7.469131E-01   7.684221E-01   7.928130E-01   8.208377E-01   8.531772E-01
   8.907404E-01   9.344644E-01   9.802629E-01   9.825309E-01   6.310170E-01
   6.316743E-01   6.417595E-01   6.524982E-01   6.642426E-01   6.770428E-01
   6.911639E-01   7.066411E-01   7.241658E-01   7.436839E-01   7.654100E-01
   7.897661E-01   8.172419E-01   8.477283E-01   8.817879E-01   9.196300E-01
   9.590841E-01   9.936002E-01   1.000000E+00   1.000000E+00   1.000000E+00
   6.576906E-01   6.586455E-01   6.717464E-01   6.859081E-01   7.015648E-01
   7.191487E-01   7.389552E-01   7.611623E-01   7.862031E-01   8.147814E-01
   8.469002E-01   8.826773E-01   9.214196E-01   9.594900E-01   9.924434E-01
   1.000000E+00   1.000000E+00   1.000000E+00   1.000000E+00   1.000000E+00
   1.000000E+00   6.932906E-01   6.944642E-01   7.120387E-01   7.318920E-01
   7.542954E-01   7.795720E-01   8.088213E-01   8.421101E-01   8.796909E-01
   9.212660E-01   9.639286E-01   9.975949E-01   1.000000E+00   1.000000E+00
   1.000000E+00   1.000000E+00   1.000000E+00   1.000000E+00   1.000000E+00
   1.000000E+00   1.000000E+00   7.431191E-01   7.447699E-01   7.700475E-01
   7.990850E-01   8.326871E-01   8.711230E-01   9.142401E-01   9.598449E-01
   9.968979E-01   1.000000E+00   1.000000E+00   1.000000E+00   1.000000E+00
   1.000000E+00   1.000000E+00   1.000000E+00   1.000000E+00   1.000000E+00
   1.000000E+00   1.000000E+00   1.000000E+00   7.639366E-01   7.729057E-01
   8.031283E-01   8.380489E-01   8.781155E-01   9.229570E-01   9.691725E-01
   1.000000E+00   1.000000E+00   1.000000E+00   1.000000E+00   1.000000E+00
   1.000000E+00   1.000000E+00   1.000000E+00   1.000000E+00   1.000000E+00
   1.000000E+00   1.000000E+00   1.000000E+00   1.000000E+00   5.602085E-01
   5.606521E-01   5.605965E-01   5.604855E-01   5.603746E-01   5.603192E-01
   5.602638E-01   5.603192E-01   5.603746E-01   5.604855E-01   5.607077E-01
   5.610420E-01   5.613775E-01   5.617705E-01   5.622216E-01   5.627887E-01
   5.634165E-01   5.641639E-01   5.647429E-01   5.666794E-01   5.659706E-01
   5.609862E-01   5.622216E-01   5.626750E-01   5.624481E-01   5.623914E-01
   5.623914E-01   5.623914E-01   5.624481E-01   5.625615E-01   5.627318E-01
   5.628456E-01   5.630165E-01   5.632448E-01   5.635311E-01   5.638182E-01
   5.642794E-01   5.647429E-01   5.653840E-01   5.660295E-01   5.676328E-01
   5.665017E-01   5.608190E-01   5.623914E-01   5.629025E-01   5.627318E-01
   5.628456E-01   5.630165E-01   5.631877E-01   5.634165E-01   5.636458E-01
   5.639333E-01   5.642794E-01   5.646848E-01   5.650920E-01   5.656182E-01
   5.661473E-01   5.668574E-01   5.676927E-01   5.686565E-01   5.696913E-01
   5.717325E-01   5.711094E-01   5.608747E-01   5.623348E-01   5.629595E-01
   5.629025E-01   5.631877E-01   5.634738E-01   5.637607E-01   5.640485E-01
   5.644529E-01   5.648591E-01   5.653255E-01   5.659118E-01   5.665017E-01
   5.672742E-01   5.681132E-01   5.690812E-01   5.703052E-01   5.717325E-01
   5.733083E-01   5.758843E-01   5.751690E-01   5.613215E-01   5.626750E-01
   5.635311E-01   5.636458E-01   5.639909E-01   5.643951E-01   5.648010E-01
   5.652671E-01   5.657942E-01   5.663834E-01   5.670953E-01   5.678127E-01
   5.687776E-01   5.698137E-01   5.710473E-01   5.724857E-01   5.742022E-01
   5.762111E-01   5.784630E-01   5.817324E-01   5.811800E-01   5.622782E-01
   5.633020E-01   5.643372E-01   5.645688E-01   5.650920E-01   5.655596E-01
   5.662063E-01   5.667981E-01   5.675730E-01   5.684146E-01   5.693857E-01
   5.705519E-01   5.717951E-01   5.733719E-01   5.751690E-01   5.771982E-01
   5.796086E-01   5.823576E-01   5.855435E-01   5.896538E-01   5.893547E-01
   5.636458E-01   5.641062E-01   5.654425E-01   5.658530E-01   5.665017E-01
   5.672145E-01   5.680530E-01   5.690204E-01   5.700592E-01   5.712959E-01
   5.727381E-01   5.743305E-01   5.762766E-01   5.783960E-01   5.809049E-01
   5.837611E-01   5.869925E-01   5.907836E-01   5.950351E-01   6.003766E-01
   6.002937E-01   5.653255E-01   5.652671E-01   5.669169E-01   5.675730E-01
   5.685355E-01   5.695689E-01   5.707993E-01   5.721084E-01   5.736904E-01
   5.754285E-01   5.774631E-01   5.797443E-01   5.823576E-01   5.853279E-01
   5.887590E-01   5.926173E-01   5.970266E-01   6.020501E-01   6.078544E-01
   6.148361E-01   6.150259E-01   5.674533E-01   5.669763E-01   5.690812E-01
   5.701206E-01   5.714828E-01   5.729278E-01   5.746522E-01   5.766047E-01
   5.787986E-01   5.812489E-01   5.840442E-01   5.872116E-01   5.907836E-01
   5.947986E-01   5.993851E-01   6.046104E-01   6.105576E-01   6.172324E-01
   6.248463E-01   6.337806E-01   6.342289E-01   5.703052E-01   5.696301E-01
   5.721712E-01   5.737542E-01   5.756236E-01   5.777953E-01   5.801524E-01
   5.829166E-01   5.859038E-01   5.892800E-01   5.930809E-01   5.973488E-01
   6.021344E-01   6.075878E-01   6.137040E-01   6.205757E-01   6.283169E-01
   6.370695E-01   6.468873E-01   6.583720E-01   6.591944E-01   5.742663E-01
   5.736266E-01   5.766705E-01   5.790005E-01   5.816632E-01   5.846127E-01
   5.878719E-01   5.916200E-01   5.956682E-01   6.002107E-01   6.053906E-01
   6.111064E-01   6.175234E-01   6.246393E-01   6.325566E-01   6.414014E-01
   6.514591E-01   6.629619E-01   6.760542E-01   6.913385E-01   6.924256E-01
   5.798122E-01   5.793379E-01   5.831271E-01   5.863379E-01   5.899539E-01
   5.940143E-01   5.984843E-01   6.034080E-01   6.090176E-01   6.151210E-01
   6.218805E-01   6.292817E-01   6.376459E-01   6.467627E-01   6.571482E-01
   6.689007E-01   6.822111E-01   6.973500E-01   7.148019E-01   7.353616E-01
   7.369122E-01   5.875779E-01   5.873580E-01   5.920791E-01   5.964651E-01
   6.013775E-01   6.067916E-01   6.128623E-01   6.193844E-01   6.267264E-01
   6.346789E-01   6.434450E-01   6.531521E-01   6.640997E-01   6.763672E-01
   6.900346E-01   7.054999E-01   7.231883E-01   7.436593E-01   7.676007E-01
   7.965327E-01   7.987184E-01   5.983213E-01   5.982399E-01   6.042655E-01
   6.101933E-01   6.167490E-01   6.239177E-01   6.317843E-01   6.404515E-01
   6.499164E-01   6.605770E-01   6.723534E-01   6.852878E-01   6.997566E-01
   7.159545E-01   7.342896E-01   7.551884E-01   7.795720E-01   8.085067E-01
   8.431259E-01   8.846047E-01   8.876353E-01   6.128623E-01   6.130488E-01
   6.206755E-01   6.285306E-01   6.370695E-01   6.465138E-01   6.570129E-01
   6.686046E-01   6.814444E-01   6.955756E-01   7.112957E-01   7.288548E-01
   7.485260E-01   7.707650E-01   7.964997E-01   8.262297E-01   8.607825E-01
   9.013942E-01   9.475325E-01   9.915380E-01   9.936607E-01   6.321147E-01
   6.325566E-01   6.423588E-01   6.526287E-01   6.642426E-01   6.770900E-01
   6.911988E-01   7.068743E-01   7.243620E-01   7.438316E-01   7.656614E-01
   7.906592E-01   8.189957E-01   8.510258E-01   8.873976E-01   9.279991E-01
   9.699481E-01   1.000000E+00   1.000000E+00   1.000000E+00   1.000000E+00
   6.576906E-01   6.585087E-01   6.715951E-01   6.856563E-01   7.013211E-01
   7.188115E-01   7.383825E-01   7.602382E-01   7.854859E-01   8.141348E-01
   8.464459E-01   8.828648E-01   9.229057E-01   9.635081E-01   9.964426E-01
   1.000000E+00   1.000000E+00   1.000000E+00   1.000000E+00   1.000000E+00
   1.000000E+00   6.928133E-01   6.939118E-01   7.114560E-01   7.310020E-01
   7.529906E-01   7.780997E-01   8.070449E-01   8.400107E-01   8.774690E-01
   9.193748E-01   9.624996E-01   9.969494E-01   1.000000E+00   1.000000E+00
   1.000000E+00   1.000000E+00   1.000000E+00   1.000000E+00   1.000000E+00
   1.000000E+00   1.000000E+00   7.414117E-01   7.430210E-01   7.678269E-01
   7.965985E-01   8.297049E-01   8.675305E-01   9.107583E-01   9.564866E-01
   9.950660E-01   1.000000E+00   1.000000E+00   1.000000E+00   1.000000E+00
   1.000000E+00   1.000000E+00   1.000000E+00   1.000000E+00   1.000000E+00
   1.000000E+00   1.000000E+00   1.000000E+00   8.128473E-01   8.153578E-01
   8.529655E-01   8.962501E-01   9.440099E-01   9.882619E-01   1.000000E+00
   1.000000E+00   1.000000E+00   1.000000E+00   1.000000E+00   1.000000E+00
   1.000000E+00   1.000000E+00   1.000000E+00   1.000000E+00   1.000000E+00
   1.000000E+00   1.000000E+00   1.000000E+00   1.000000E+00   8.438190E-01
   8.572324E-01   9.020849E-01   9.509934E-01   9.938908E-01   1.000000E+00
   1.000000E+00   1.000000E+00   1.000000E+00   1.000000E+00   1.000000E+00
   1.000000E+00   1.000000E+00   1.000000E+00   1.000000E+00   1.000000E+00
   1.000000E+00   1.000000E+00   1.000000E+00   1.000000E+00   1.000000E+00
   5.692638E-01   5.695078E-01   5.693857E-01   5.692029E-01   5.689597E-01
   5.687776E-01   5.686565E-01   5.686565E-01   5.685960E-01   5.687170E-01
   5.689597E-01   5.693248E-01   5.697525E-01   5.702437E-01   5.709232E-01
   5.716700E-01   5.724857E-01   5.734992E-01   5.744590E-01   5.768022E-01
   5.758843E-01   5.698137E-01   5.707993E-01   5.712337E-01   5.709232E-01
   5.707374E-01   5.707374E-01   5.707374E-01   5.707374E-01   5.709232E-01
   5.711094E-01   5.712959E-01   5.716076E-01   5.719203E-01   5.723598E-01
   5.728013E-01   5.734355E-01   5.741380E-01   5.749749E-01   5.759495E-01
   5.779285E-01   5.764734E-01   5.694468E-01   5.707993E-01   5.714204E-01
   5.711094E-01   5.712959E-01   5.714204E-01   5.716700E-01   5.719203E-01
   5.722969E-01   5.726749E-01   5.731179E-01   5.736904E-01   5.742663E-01
   5.749749E-01   5.758190E-01   5.768022E-01   5.778619E-01   5.791353E-01
   5.806306E-01   5.831271E-01   5.821488E-01   5.692638E-01   5.706137E-01
   5.713581E-01   5.712959E-01   5.716076E-01   5.719829E-01   5.724227E-01
   5.728645E-01   5.733719E-01   5.740099E-01   5.746522E-01   5.754285E-01
   5.763421E-01   5.773306E-01   5.784630E-01   5.798122E-01   5.814558E-01
   5.833380E-01   5.854716E-01   5.886848E-01   5.875779E-01   5.695689E-01
   5.710473E-01   5.720456E-01   5.722340E-01   5.727381E-01   5.732448E-01
   5.738820E-01   5.744590E-01   5.752338E-01   5.760802E-01   5.770000E-01
   5.780618E-01   5.793379E-01   5.807677E-01   5.824273E-01   5.843991E-01
   5.866283E-01   5.892800E-01   5.923094E-01   5.964651E-01   5.955096E-01
   5.706755E-01   5.718576E-01   5.731813E-01   5.734992E-01   5.742022E-01
   5.749103E-01   5.757538E-01   5.766705E-01   5.776623E-01   5.788658E-01
   5.801524E-01   5.817324E-01   5.834788E-01   5.855435E-01   5.879455E-01
   5.907079E-01   5.938581E-01   5.975102E-01   6.017974E-01   6.070564E-01
   6.064397E-01   5.724857E-01   5.730545E-01   5.746522E-01   5.752987E-01
   5.762111E-01   5.772644E-01   5.783291E-01   5.796086E-01   5.810423E-01
   5.827066E-01   5.846840E-01   5.868466E-01   5.893547E-01   5.923094E-01
   5.955889E-01   5.994674E-01   6.038359E-01   6.088379E-01   6.145520E-01
   6.214774E-01   6.212764E-01   5.748457E-01   5.747166E-01   5.767363E-01
   5.777288E-01   5.790005E-01   5.804253E-01   5.820098E-01   5.838318E-01
   5.859760E-01   5.883145E-01   5.910110E-01   5.940925E-01   5.975911E-01
   6.016292E-01   6.061765E-01   6.113818E-01   6.173293E-01   6.240205E-01
   6.318943E-01   6.411632E-01   6.412822E-01   5.778619E-01   5.771982E-01
   5.796764E-01   5.811800E-01   5.829867E-01   5.849697E-01   5.872116E-01
   5.898788E-01   5.927716E-01   5.960659E-01   5.998797E-01   6.040935E-01
   6.089277E-01   6.143630E-01   6.204759E-01   6.274660E-01   6.355839E-01
   6.447858E-01   6.552676E-01   6.674272E-01   6.680146E-01   5.817324E-01
   5.808363E-01   5.839025E-01   5.860483E-01   5.886106E-01   5.914674E-01
   5.946413E-01   5.982399E-01   6.023034E-01   6.068798E-01   6.120271E-01
   6.177179E-01   6.242264E-01   6.315645E-01   6.399793E-01   6.494064E-01
   6.601606E-01   6.723534E-01   6.864299E-01   7.027702E-01   7.039094E-01
   5.870654E-01   5.861206E-01   5.899539E-01   5.930809E-01   5.966252E-01
   6.005428E-01   6.049565E-01   6.099209E-01   6.154066E-01   6.215781E-01
   6.285306E-01   6.363816E-01   6.451540E-01   6.550012E-01   6.661150E-01
   6.787226E-01   6.930076E-01   7.097412E-01   7.292369E-01   7.522642E-01
   7.540075E-01   5.945627E-01   5.937802E-01   5.985658E-01   6.028968E-01
   6.077655E-01   6.131422E-01   6.190885E-01   6.257826E-01   6.333341E-01
   6.417595E-01   6.510716E-01   6.615537E-01   6.732690E-01   6.863625E-01
   7.012462E-01   7.186012E-01   7.385970E-01   7.618723E-01   7.893210E-01
   8.222852E-01   8.249448E-01   6.049565E-01   6.044378E-01   6.105576E-01
   6.164600E-01   6.229965E-01   6.303632E-01   6.385738E-01   6.476376E-01
   6.576906E-01   6.689007E-01   6.814444E-01   6.953418E-01   7.114359E-01
   7.297102E-01   7.505385E-01   7.746012E-01   8.027882E-01   8.361426E-01
   8.755835E-01   9.223929E-01   9.259377E-01   6.191870E-01   6.190885E-01
   6.268318E-01   6.349045E-01   6.439308E-01   6.538094E-01   6.648159E-01
   6.770743E-01   6.906590E-01   7.060211E-01   7.235134E-01   7.431926E-01
   7.655496E-01   7.911713E-01   8.208007E-01   8.551330E-01   8.952777E-01
   9.410010E-01   9.861309E-01   1.000000E+00   1.000000E+00   6.388069E-01
   6.390405E-01   6.492792E-01   6.601606E-01   6.722014E-01   6.856563E-01
   7.006299E-01   7.178463E-01   7.371485E-01   7.588879E-01   7.836275E-01
   8.118868E-01   8.441050E-01   8.808076E-01   9.224954E-01   9.661545E-01
   9.994812E-01   1.000000E+00   1.000000E+00   1.000000E+00   1.000000E+00
   6.653917E-01   6.659700E-01   6.796185E-01   6.943571E-01   7.112957E-01
   7.304341E-01   7.519538E-01   7.764311E-01   8.044255E-01   8.362613E-01
   8.723000E-01   9.132286E-01   9.562822E-01   9.934180E-01   1.000000E+00
   1.000000E+00   1.000000E+00   1.000000E+00   1.000000E+00   1.000000E+00
   1.000000E+00   7.017900E-01   7.029973E-01   7.220663E-01   7.433644E-01
   7.676007E-01   7.953832E-01   8.271791E-01   8.632336E-01   9.047594E-01
   9.492387E-01   9.894083E-01   1.000000E+00   1.000000E+00   1.000000E+00
   1.000000E+00   1.000000E+00   1.000000E+00   1.000000E+00   1.000000E+00
   1.000000E+00   1.000000E+00   7.544527E-01   7.562184E-01   7.835659E-01
   8.150694E-01   8.511939E-01   8.926644E-01   9.386657E-01   9.828187E-01
   1.000000E+00   1.000000E+00   1.000000E+00   1.000000E+00   1.000000E+00
   1.000000E+00   1.000000E+00   1.000000E+00   1.000000E+00   1.000000E+00
   1.000000E+00   1.000000E+00   1.000000E+00   8.320643E-01   8.348409E-01
   8.756752E-01   9.224954E-01   9.705700E-01   1.000000E+00   1.000000E+00
   1.000000E+00   1.000000E+00   1.000000E+00   1.000000E+00   1.000000E+00
   1.000000E+00   1.000000E+00   1.000000E+00   1.000000E+00   1.000000E+00
   1.000000E+00   1.000000E+00   1.000000E+00   1.000000E+00   9.470150E-01
   9.508387E-01   9.948305E-01   1.000000E+00   1.000000E+00   1.000000E+00
   1.000000E+00   1.000000E+00   1.000000E+00   1.000000E+00   1.000000E+00
   1.000000E+00   1.000000E+00   1.000000E+00   1.000000E+00   1.000000E+00
   1.000000E+00   1.000000E+00   1.000000E+00   1.000000E+00   1.000000E+00
   9.867109E-01   9.977346E-01   1.000000E+00   1.000000E+00   1.000000E+00
   1.000000E+00   1.000000E+00   1.000000E+00   1.000000E+00   1.000000E+00
   1.000000E+00   1.000000E+00   1.000000E+00   1.000000E+00   1.000000E+00
   1.000000E+00   1.000000E+00   1.000000E+00   1.000000E+00   1.000000E+00
   1.000000E+00   5.770660E-01   5.771321E-01   5.770000E-01   5.766047E-01
   5.762111E-01   5.758843E-01   5.755585E-01   5.754285E-01   5.752987E-01
   5.752987E-01   5.755585E-01   5.759495E-01   5.764734E-01   5.771321E-01
   5.779951E-01   5.790679E-01   5.802888E-01   5.816632E-01   5.831271E-01
   5.859760E-01   5.851845E-01   5.774631E-01   5.780618E-01   5.785300E-01
   5.780618E-01   5.777288E-01   5.775295E-01   5.774631E-01   5.774631E-01
   5.776623E-01   5.779285E-01   5.781954E-01   5.786642E-01   5.792028E-01
   5.798122E-01   5.804937E-01   5.814558E-01   5.824971E-01   5.837611E-01
   5.852562E-01   5.877248E-01   5.860483E-01   5.767363E-01   5.777953E-01
   5.785300E-01   5.780618E-01   5.781954E-01   5.783291E-01   5.785300E-01
   5.789331E-01   5.794055E-01   5.799481E-01   5.806306E-01   5.813868E-01
   5.822880E-01   5.833380E-01   5.845415E-01   5.859038E-01   5.875045E-01
   5.893547E-01   5.913912E-01   5.945627E-01   5.933135E-01   5.760802E-01
   5.772644E-01   5.782622E-01   5.781286E-01   5.785300E-01   5.790005E-01
   5.796086E-01   5.802205E-01   5.810423E-01   5.819404E-01   5.828466E-01
   5.840442E-01   5.853279E-01   5.867738E-01   5.884624E-01   5.903302E-01
   5.926173E-01   5.951930E-01   5.981586E-01   6.023034E-01   6.008759E-01
   5.762111E-01   5.777288E-01   5.790679E-01   5.793379E-01   5.800161E-01
   5.807677E-01   5.816632E-01   5.825669E-01   5.836904E-01   5.848982E-01
   5.862654E-01   5.877983E-01   5.895790E-01   5.916200E-01   5.939362E-01
   5.966252E-01   5.997971E-01   6.034934E-01   6.076766E-01   6.130488E-01
   6.118423E-01   5.774631E-01   5.789331E-01   5.805621E-01   5.811800E-01
   5.821488E-01   5.831973E-01   5.843991E-01   5.856875E-01   5.872116E-01
   5.888332E-01   5.907836E-01   5.929261E-01   5.953512E-01   5.983213E-01
   6.016292E-01   6.054776E-01   6.098302E-01   6.149310E-01   6.207754E-01
   6.278907E-01   6.270428E-01   5.798122E-01   5.807677E-01   5.827766E-01
   5.837611E-01   5.851128E-01   5.865556E-01   5.881667E-01   5.899539E-01
   5.920024E-01   5.943273E-01   5.970266E-01   6.001279E-01   6.036645E-01
   6.076766E-01   6.123048E-01   6.176206E-01   6.237123E-01   6.306896E-01
   6.386903E-01   6.480145E-01   6.477631E-01   5.831973E-01   5.833380E-01
   5.858316E-01   5.872847E-01   5.890564E-01   5.910869E-01   5.933135E-01
   5.959067E-01   5.988109E-01   6.021344E-01   6.059139E-01   6.101933E-01
   6.150259E-01   6.206755E-01   6.270428E-01   6.342289E-01   6.425993E-01
   6.519776E-01   6.629619E-01   6.758979E-01   6.763672E-01   5.875779E-01
   5.869195E-01   5.900290E-01   5.921558E-01   5.946413E-01   5.974295E-01
   6.006260E-01   6.042655E-01   6.083003E-01   6.129555E-01   6.182055E-01
   6.241234E-01   6.307986E-01   6.384574E-01   6.470120E-01   6.568778E-01
   6.684569E-01   6.816560E-01   6.968771E-01   7.145765E-01   7.157068E-01
   5.931583E-01   5.920791E-01   5.959863E-01   5.989747E-01   6.024726E-01
   6.064397E-01   6.109232E-01   6.159799E-01   6.215781E-01   6.278907E-01
   6.351305E-01   6.432028E-01   6.522376E-01   6.626791E-01   6.748092E-01
   6.884857E-01   7.042337E-01   7.224969E-01   7.438316E-01   7.689053E-01
   7.709089E-01   6.007092E-01   5.995497E-01   6.044378E-01   6.087481E-01
   6.137040E-01   6.190885E-01   6.252615E-01   6.321147E-01   6.398616E-01
   6.485188E-01   6.582354E-01   6.694947E-01   6.822111E-01   6.966050E-01
   7.130690E-01   7.320980E-01   7.541121E-01   7.803277E-01   8.117449E-01
   8.493926E-01   8.525004E-01   6.111981E-01   6.101933E-01   6.163638E-01
   6.223864E-01   6.290666E-01   6.366105E-01   6.450312E-01   6.542054E-01
   6.651034E-01   6.771688E-01   6.907459E-01   7.061371E-01   7.236871E-01
   7.437823E-01   7.668956E-01   7.945662E-01   8.271411E-01   8.656177E-01
   9.107080E-01   9.605535E-01   9.642584E-01   6.255738E-01   6.248463E-01
   6.330003E-01   6.411632E-01   6.503003E-01   6.605770E-01   6.723534E-01
   6.855557E-01   7.003506E-01   7.171159E-01   7.361351E-01   7.576549E-01
   7.830121E-01   8.125623E-01   8.468589E-01   8.867328E-01   9.320300E-01
   9.783678E-01   1.000000E+00   1.000000E+00   1.000000E+00   6.454002E-01
   6.451540E-01   6.556683E-01   6.671344E-01   6.800687E-01   6.945000E-01
   7.107957E-01   7.293044E-01   7.502312E-01   7.742491E-01   8.023471E-01
   8.346049E-01   8.717110E-01   9.136835E-01   9.586269E-01   9.964567E-01
   1.000000E+00   1.000000E+00   1.000000E+00   1.000000E+00   1.000000E+00
   6.729631E-01   6.732690E-01   6.877857E-01   7.037379E-01   7.218300E-01
   7.423364E-01   7.655775E-01   7.930393E-01   8.245683E-01   8.605647E-01
   9.014435E-01   9.457722E-01   9.870494E-01   1.000000E+00   1.000000E+00
   1.000000E+00   1.000000E+00   1.000000E+00   1.000000E+00   1.000000E+00
   1.000000E+00   7.116366E-01   7.127450E-01   7.330402E-01   7.557951E-01
   7.824599E-01   8.134186E-01   8.489338E-01   8.895907E-01   9.345162E-01
   9.785187E-01   1.000000E+00   1.000000E+00   1.000000E+00   1.000000E+00
   1.000000E+00   1.000000E+00   1.000000E+00   1.000000E+00   1.000000E+00
   1.000000E+00   1.000000E+00   7.672619E-01   7.694184E-01   7.997198E-01
   8.346835E-01   8.748966E-01   9.202431E-01   9.671685E-01   1.000000E+00
   1.000000E+00   1.000000E+00   1.000000E+00   1.000000E+00   1.000000E+00
   1.000000E+00   1.000000E+00   1.000000E+00   1.000000E+00   1.000000E+00
   1.000000E+00   1.000000E+00   1.000000E+00   8.529232E-01   8.561164E-01
   9.011971E-01   9.503745E-01   9.934992E-01   1.000000E+00   1.000000E+00
   1.000000E+00   1.000000E+00   1.000000E+00   1.000000E+00   1.000000E+00
   1.000000E+00   1.000000E+00   1.000000E+00   1.000000E+00   1.000000E+00
   1.000000E+00   1.000000E+00   1.000000E+00   1.000000E+00   9.733310E-01
   9.768466E-01   1.000000E+00   1.000000E+00   1.000000E+00   1.000000E+00
   1.000000E+00   1.000000E+00   1.000000E+00   1.000000E+00   1.000000E+00
   1.000000E+00   1.000000E+00   1.000000E+00   1.000000E+00   1.000000E+00
   1.000000E+00   1.000000E+00   1.000000E+00   1.000000E+00   1.000000E+00
   1.000000E+00   1.000000E+00   1.000000E+00   1.000000E+00   1.000000E+00
   1.000000E+00   1.000000E+00   1.000000E+00   1.000000E+00   1.000000E+00
   1.000000E+00   1.000000E+00   1.000000E+00   1.000000E+00   1.000000E+00
   1.000000E+00   1.000000E+00   1.000000E+00   1.000000E+00   1.000000E+00
   1.000000E+00   1.000000E+00   1.000000E+00   1.000000E+00   1.000000E+00
   1.000000E+00   1.000000E+00   1.000000E+00   1.000000E+00   1.000000E+00
   1.000000E+00   1.000000E+00   1.000000E+00   1.000000E+00   1.000000E+00
   1.000000E+00   1.000000E+00   1.000000E+00   1.000000E+00   1.000000E+00
   1.000000E+00   1.000000E+00   5.905566E-01   5.902548E-01   5.897288E-01
   5.889076E-01   5.878719E-01   5.868466E-01   5.859038E-01   5.850412E-01
   5.843991E-01   5.839733E-01   5.839733E-01   5.843991E-01   5.851845E-01
   5.864104E-01   5.880929E-01   5.902548E-01   5.927716E-01   5.958271E-01
   5.991386E-01   6.040935E-01   6.040935E-01   5.905566E-01   5.897288E-01
   5.898038E-01   5.884624E-01   5.872847E-01   5.864104E-01   5.856875E-01
   5.853279E-01   5.852562E-01   5.856155E-01   5.861206E-01   5.870654E-01
   5.883145E-01   5.899539E-01   5.918493E-01   5.941707E-01   5.968659E-01
   5.999624E-01   6.035789E-01   6.083897E-01   6.068798E-01   5.886106E-01
   5.877983E-01   5.883884E-01   5.872847E-01   5.867738E-01   5.866283E-01
   5.867010E-01   5.871385E-01   5.879455E-01   5.890564E-01   5.905566E-01
   5.923863E-01   5.944842E-01   5.970266E-01   5.998797E-01   6.032373E-01
   6.070564E-01   6.112899E-01   6.160758E-01   6.221838E-01   6.209756E-01
   5.861206E-01   5.854716E-01   5.866283E-01   5.863379E-01   5.867010E-01
   5.873580E-01   5.884624E-01   5.898038E-01   5.915437E-01   5.936244E-01
   5.959863E-01   5.987292E-01   6.017974E-01   6.053906E-01   6.093780E-01
   6.137979E-01   6.188917E-01   6.246393E-01   6.313452E-01   6.392745E-01
   6.382250E-01   5.849697E-01   5.852562E-01   5.872116E-01   5.879455E-01
   5.892054E-01   5.907836E-01   5.927716E-01   5.949562E-01   5.975911E-01
   6.004597E-01   6.039217E-01   6.076766E-01   6.118423E-01   6.165563E-01
   6.218805E-01   6.279971E-01   6.349045E-01   6.429610E-01   6.521075E-01
   6.628204E-01   6.623968E-01   5.863379E-01   5.873580E-01   5.901042E-01
   5.917728E-01   5.939362E-01   5.964651E-01   5.992207E-01   6.024726E-01
   6.060889E-01   6.100116E-01   6.144575E-01   6.194831E-01   6.251576E-01
   6.315645E-01   6.389237E-01   6.473870E-01   6.570129E-01   6.680146E-01
   6.808277E-01   6.957737E-01   6.962429E-01   5.905566E-01   5.916964E-01
   5.951930E-01   5.978339E-01   6.008759E-01   6.044378E-01   6.083003E-01
   6.124903E-01   6.173293E-01   6.225894E-01   6.287447E-01   6.355839E-01
   6.433238E-01   6.522376E-01   6.623968E-01   6.740369E-01   6.873946E-01
   7.028648E-01   7.209310E-01   7.421657E-01   7.437823E-01   5.976719E-01
   5.981586E-01   6.025573E-01   6.063519E-01   6.104665E-01   6.151210E-01
   6.201772E-01   6.259916E-01   6.325566E-01   6.398616E-01   6.481404E-01
   6.576906E-01   6.684569E-01   6.807467E-01   6.948397E-01   7.110754E-01
   7.300718E-01   7.520572E-01   7.782793E-01   8.101548E-01   8.128117E-01
   6.075878E-01   6.071447E-01   6.126762E-01   6.177179E-01   6.233027E-01
   6.294972E-01   6.364960E-01   6.445409E-01   6.534146E-01   6.636719E-01
   6.751194E-01   6.882975E-01   7.033007E-01   7.206112E-01   7.405888E-01
   7.634666E-01   7.916849E-01   8.251333E-01   8.647324E-01   9.112112E-01
   9.151013E-01   6.201772E-01   6.192856E-01   6.263060E-01   6.331114E-01
   6.406883E-01   6.494064E-01   6.590570E-01   6.700914E-01   6.826043E-01
   6.967319E-01   7.128867E-01   7.315034E-01   7.527048E-01   7.777110E-01
   8.076701E-01   8.428817E-01   8.842748E-01   9.317195E-01   9.799751E-01
   1.000000E+00   1.000000E+00   6.368398E-01   6.359251E-01   6.450312E-01
   6.544701E-01   6.651034E-01   6.770428E-01   6.905894E-01   7.059631E-01
   7.236437E-01   7.437331E-01   7.665862E-01   7.943055E-01   8.265710E-01
   8.641143E-01   9.074996E-01   9.550542E-01   9.960396E-01   1.000000E+00
   1.000000E+00   1.000000E+00   1.000000E+00   6.593320E-01   6.589197E-01
   6.711422E-01   6.842048E-01   6.990544E-01   7.159751E-01   7.352681E-01
   7.570416E-01   7.830428E-01   8.134901E-01   8.486007E-01   8.892561E-01
   9.347236E-01   9.798985E-01   1.000000E+00   1.000000E+00   1.000000E+00
   1.000000E+00   1.000000E+00   1.000000E+00   1.000000E+00   6.907459E-01
   6.910070E-01   7.076738E-01   7.263823E-01   7.476168E-01   7.719769E-01
   8.011640E-01   8.348802E-01   8.738006E-01   9.178452E-01   9.641185E-01
   9.993206E-01   1.000000E+00   1.000000E+00   1.000000E+00   1.000000E+00
   1.000000E+00   1.000000E+00   1.000000E+00   1.000000E+00   1.000000E+00
   7.352681E-01   7.366527E-01   7.597509E-01   7.878975E-01   8.205419E-01
   8.581371E-01   9.012464E-01   9.482567E-01   9.908177E-01   1.000000E+00
   1.000000E+00   1.000000E+00   1.000000E+00   1.000000E+00   1.000000E+00
   1.000000E+00   1.000000E+00   1.000000E+00   1.000000E+00   1.000000E+00
   1.000000E+00   8.016364E-01   8.041517E-01   8.404533E-01   8.824898E-01
   9.297029E-01   9.769904E-01   1.000000E+00   1.000000E+00   1.000000E+00
   1.000000E+00   1.000000E+00   1.000000E+00   1.000000E+00   1.000000E+00
   1.000000E+00   1.000000E+00   1.000000E+00   1.000000E+00   1.000000E+00
   1.000000E+00   1.000000E+00   9.029746E-01   9.068006E-01   9.569461E-01
   9.977667E-01   1.000000E+00   1.000000E+00   1.000000E+00   1.000000E+00
   1.000000E+00   1.000000E+00   1.000000E+00   1.000000E+00   1.000000E+00
   1.000000E+00   1.000000E+00   1.000000E+00   1.000000E+00   1.000000E+00
   1.000000E+00   1.000000E+00   1.000000E+00   1.000000E+00   1.000000E+00
   1.000000E+00   1.000000E+00   1.000000E+00   1.000000E+00   1.000000E+00
   1.000000E+00   1.000000E+00   1.000000E+00   1.000000E+00   1.000000E+00
   1.000000E+00   1.000000E+00   1.000000E+00   1.000000E+00   1.000000E+00
   1.000000E+00   1.000000E+00   1.000000E+00   1.000000E+00   1.000000E+00
   1.000000E+00   1.000000E+00   1.000000E+00   1.000000E+00   1.000000E+00
   1.000000E+00   1.000000E+00   1.000000E+00   1.000000E+00   1.000000E+00
   1.000000E+00   1.000000E+00   1.000000E+00   1.000000E+00   1.000000E+00
   1.000000E+00   1.000000E+00   1.000000E+00   1.000000E+00   1.000000E+00
   1.000000E+00   1.000000E+00   1.000000E+00   1.000000E+00   1.000000E+00
   1.000000E+00   1.000000E+00   1.000000E+00   1.000000E+00   1.000000E+00
   1.000000E+00   1.000000E+00   1.000000E+00   1.000000E+00   1.000000E+00
   1.000000E+00   1.000000E+00   1.000000E+00   1.000000E+00   1.000000E+00
   1.000000E+00   1.000000E+00   1.000000E+00   1.000000E+00   1.000000E+00
   1.000000E+00   1.000000E+00   1.000000E+00   1.000000E+00   1.000000E+00
   1.000000E+00   1.000000E+00   1.000000E+00   1.000000E+00   1.000000E+00
   1.000000E+00   1.000000E+00   1.000000E+00   1.000000E+00   1.000000E+00
   1.000000E+00   1.000000E+00   1.000000E+00   1.000000E+00   1.000000E+00
   1.000000E+00   1.000000E+00   1.000000E+00   1.000000E+00   1.000000E+00
   1.000000E+00   1.000000E+00   1.000000E+00   1.000000E+00   1.000000E+00
   1.000000E+00   1.000000E+00   1.000000E+00   1.000000E+00   1.000000E+00
   1.000000E+00   1.000000E+00   1.000000E+00   6.007092E-01   6.007925E-01
   6.000451E-01   5.984027E-01   5.962254E-01   5.937802E-01   5.913150E-01
   5.888332E-01   5.867738E-01   5.852562E-01   5.844703E-01   5.845415E-01
   5.856155E-01   5.878719E-01   5.911629E-01   5.957476E-01   6.013775E-01
   6.080326E-01   6.156929E-01   6.253655E-01   6.287447E-01   6.012101E-01
   5.993851E-01   5.983213E-01   5.950351E-01   5.916964E-01   5.885365E-01
   5.858316E-01   5.837611E-01   5.824971E-01   5.821488E-01   5.827766E-01
   5.843991E-01   5.871385E-01   5.909351E-01   5.959067E-01   6.018815E-01
   6.089277E-01   6.167490E-01   6.263060E-01   6.370695E-01   6.379930E-01
   5.974295E-01   5.937802E-01   5.930809E-01   5.900290E-01   5.873580E-01
   5.853997E-01   5.842570E-01   5.841151E-01   5.849697E-01   5.869195E-01
   5.899539E-01   5.941707E-01   5.994674E-01   6.059139E-01   6.133291E-01
   6.220826E-01   6.321147E-01   6.432028E-01   6.556683E-01   6.694947E-01
   6.706909E-01   5.911629E-01   5.862654E-01   5.862654E-01   5.847553E-01
   5.841151E-01   5.845415E-01   5.859760E-01   5.885365E-01   5.922326E-01
   5.970266E-01   6.029818E-01   6.100116E-01   6.179127E-01   6.274660E-01
   6.381089E-01   6.497887E-01   6.626791E-01   6.772477E-01   6.936808E-01
   7.124217E-01   7.139839E-01   5.867010E-01   5.824971E-01   5.841860E-01
   5.851845E-01   5.872116E-01   5.904811E-01   5.947986E-01   6.002107E-01
   6.067916E-01   6.142686E-01   6.232005E-01   6.332227E-01   6.442965E-01
   6.566080E-01   6.702410E-01   6.854719E-01   7.027513E-01   7.224969E-01
   7.453155E-01   7.719769E-01   7.742198E-01   5.872848E-01   5.848982E-01
   5.887590E-01   5.926173E-01   5.975911E-01   6.037502E-01   6.108317E-01
   6.189900E-01   6.286376E-01   6.392745E-01   6.509427E-01   6.638143E-01
   6.782450E-01   6.943750E-01   7.126237E-01   7.335018E-01   7.576549E-01
   7.859221E-01   8.192894E-01   8.590016E-01   8.623996E-01   5.950351E-01
   5.944057E-01   6.005428E-01   6.073217E-01   6.150259E-01   6.241234E-01
   6.344537E-01   6.456468E-01   6.579627E-01   6.717464E-01   6.869368E-01
   7.040619E-01   7.234917E-01   7.457135E-01   7.714277E-01   8.015013E-01
   8.369351E-01   8.785317E-01   9.264526E-01   9.762324E-01   9.798805E-01
   6.104665E-01   6.109232E-01   6.193844E-01   6.293894E-01   6.403333E-01
   6.522376E-01   6.653917E-01   6.800043E-01   6.962972E-01   7.146379E-01
   7.354552E-01   7.593189E-01   7.869543E-01   8.192159E-01   8.568455E-01
   9.006062E-01   9.493937E-01   9.932343E-01   1.000000E+00   1.000000E+00
   1.000000E+00   6.337806E-01   6.345662E-01   6.462655E-01   6.589197E-01
   6.731160E-01   6.887255E-01   7.062533E-01   7.260511E-01   7.485767E-01
   7.744544E-01   8.044255E-01   8.393283E-01   8.797373E-01   9.256803E-01
   9.731115E-01   1.000000E+00   1.000000E+00   1.000000E+00   1.000000E+00
   1.000000E+00   1.000000E+00   6.646723E-01   6.656805E-01   6.808277E-01
   6.977148E-01   7.166793E-01   7.381920E-01   7.627776E-01   7.910752E-01
   8.239297E-01   8.618741E-01   9.053061E-01   9.527956E-01   9.941184E-01
   1.000000E+00   1.000000E+00   1.000000E+00   1.000000E+00   1.000000E+00
   1.000000E+00   1.000000E+00   1.000000E+00   7.053651E-01   7.067771E-01
   7.273800E-01   7.508719E-01   7.778604E-01   8.090663E-01   8.452111E-01
   8.867328E-01   9.333763E-01   9.793244E-01   1.000000E+00   1.000000E+00
   1.000000E+00   1.000000E+00   1.000000E+00   1.000000E+00   1.000000E+00
   1.000000E+00   1.000000E+00   1.000000E+00   1.000000E+00   7.618450E-01
   7.638259E-01   7.935253E-01   8.280562E-01   8.679325E-01   9.133297E-01
   9.614978E-01   9.987864E-01   1.000000E+00   1.000000E+00   1.000000E+00
   1.000000E+00   1.000000E+00   1.000000E+00   1.000000E+00   1.000000E+00
   1.000000E+00   1.000000E+00   1.000000E+00   1.000000E+00   1.000000E+00
   8.445141E-01   8.473139E-01   8.911724E-01   9.401707E-01   9.863208E-01
   1.000000E+00   1.000000E+00   1.000000E+00   1.000000E+00   1.000000E+00
   1.000000E+00   1.000000E+00   1.000000E+00   1.000000E+00   1.000000E+00
   1.000000E+00   1.000000E+00   1.000000E+00   1.000000E+00   1.000000E+00
   1.000000E+00   9.611597E-01   9.648671E-01   1.000000E+00   1.000000E+00
   1.000000E+00   1.000000E+00   1.000000E+00   1.000000E+00   1.000000E+00
   1.000000E+00   1.000000E+00   1.000000E+00   1.000000E+00   1.000000E+00
   1.000000E+00   1.000000E+00   1.000000E+00   1.000000E+00   1.000000E+00
   1.000000E+00   1.000000E+00   1.000000E+00   1.000000E+00   1.000000E+00
   1.000000E+00   1.000000E+00   1.000000E+00   1.000000E+00   1.000000E+00
   1.000000E+00   1.000000E+00   1.000000E+00   1.000000E+00   1.000000E+00
   1.000000E+00   1.000000E+00   1.000000E+00   1.000000E+00   1.000000E+00
   1.000000E+00   1.000000E+00   1.000000E+00   1.000000E+00   1.000000E+00
   1.000000E+00   1.000000E+00   1.000000E+00   1.000000E+00   1.000000E+00
   1.000000E+00   1.000000E+00   1.000000E+00   1.000000E+00   1.000000E+00
   1.000000E+00   1.000000E+00   1.000000E+00   1.000000E+00   1.000000E+00
   1.000000E+00   1.000000E+00   1.000000E+00   1.000000E+00   1.000000E+00
   1.000000E+00   1.000000E+00   1.000000E+00   1.000000E+00   1.000000E+00
   1.000000E+00   1.000000E+00   1.000000E+00   1.000000E+00   1.000000E+00
   1.000000E+00   1.000000E+00   1.000000E+00   1.000000E+00   1.000000E+00
   1.000000E+00   1.000000E+00   1.000000E+00   1.000000E+00   1.000000E+00
   1.000000E+00   1.000000E+00   1.000000E+00   1.000000E+00   1.000000E+00
   1.000000E+00   1.000000E+00   1.000000E+00   1.000000E+00   1.000000E+00
   1.000000E+00   1.000000E+00   1.000000E+00   1.000000E+00   1.000000E+00
   1.000000E+00   1.000000E+00   1.000000E+00   1.000000E+00   1.000000E+00
   1.000000E+00   1.000000E+00   1.000000E+00   1.000000E+00   1.000000E+00
   1.000000E+00   1.000000E+00   1.000000E+00   1.000000E+00   1.000000E+00
   1.000000E+00   1.000000E+00   1.000000E+00   1.000000E+00   1.000000E+00
   1.000000E+00   1.000000E+00   1.000000E+00   1.000000E+00   1.000000E+00
   1.000000E+00   1.000000E+00   1.000000E+00   1.000000E+00   1.000000E+00
   1.000000E+00   1.000000E+00   1.000000E+00   1.000000E+00   1.000000E+00
   1.000000E+00   1.000000E+00   1.000000E+00   1.000000E+00   1.000000E+00
   1.000000E+00   1.000000E+00   1.000000E+00   1.000000E+00   1.000000E+00
   1.000000E+00   1.000000E+00   1.000000E+00   1.000000E+00   1.000000E+00
   1.000000E+00   1.000000E+00   1.000000E+00   1.000000E+00   1.000000E+00
   1.000000E+00   1.000000E+00   1.000000E+00   1.000000E+00   1.000000E+00
   1.000000E+00   1.000000E+00   1.000000E+00   1.000000E+00   1.000000E+00
   1.000000E+00   1.000000E+00   1.000000E+00   1.000000E+00   6.018815E-01
   6.052168E-01   6.121196E-01   6.203762E-01   6.304719E-01   6.415206E-01
   6.538094E-01   6.674271E-01   6.826043E-01   6.996455E-01   7.189379E-01
   7.409997E-01   7.664458E-01   7.961049E-01   8.307462E-01   8.710778E-01
   9.163193E-01   9.640286E-01   9.998679E-01   1.000000E+00   1.000000E+00
   6.124903E-01   6.128623E-01   6.214774E-01   6.314548E-01   6.427198E-01
   6.551344E-01   6.689007E-01   6.842048E-01   7.014523E-01   7.209951E-01
   7.433399E-01   7.691047E-01   7.990850E-01   8.341730E-01   8.748966E-01
   9.214708E-01   9.697727E-01   1.000000E+00   1.000000E+00   1.000000E+00
   1.000000E+00   6.367251E-01   6.375304E-01   6.492792E-01   6.623968E-01
   6.770900E-01   6.935210E-01   7.120588E-01   7.332016E-01   7.574680E-01
   7.855793E-01   8.184095E-01   8.565450E-01   9.006062E-01   9.493420E-01
   9.926259E-01   1.000000E+00   1.000000E+00   1.000000E+00   1.000000E+00
   1.000000E+00   1.000000E+00   6.689007E-01   6.699420E-01   6.855892E-01
   7.032248E-01   7.232532E-01   7.461623E-01   7.725859E-01   8.033666E-01
   8.392481E-01   8.808076E-01   9.279475E-01   9.755729E-01   1.000000E+00
   1.000000E+00   1.000000E+00   1.000000E+00   1.000000E+00   1.000000E+00
   1.000000E+00   1.000000E+00   1.000000E+00   7.117571E-01   7.131501E-01
   7.348014E-01   7.597239E-01   7.886238E-01   8.223597E-01   8.615243E-01
   9.064515E-01   9.553102E-01   9.961328E-01   1.000000E+00   1.000000E+00
   1.000000E+00   1.000000E+00   1.000000E+00   1.000000E+00   1.000000E+00
   1.000000E+00   1.000000E+00   1.000000E+00   1.000000E+00   7.718901E-01
   7.737807E-01   8.053867E-01   8.422723E-01   8.849349E-01   9.331173E-01
   9.804153E-01   1.000000E+00   1.000000E+00   1.000000E+00   1.000000E+00
   1.000000E+00   1.000000E+00   1.000000E+00   1.000000E+00   1.000000E+00
   1.000000E+00   1.000000E+00   1.000000E+00   1.000000E+00   1.000000E+00
   8.601731E-01   8.627943E-01   9.090010E-01   9.587793E-01   9.982145E-01
   1.000000E+00   1.000000E+00   1.000000E+00   1.000000E+00   1.000000E+00
   1.000000E+00   1.000000E+00   1.000000E+00   1.000000E+00   1.000000E+00
   1.000000E+00   1.000000E+00   1.000000E+00   1.000000E+00   1.000000E+00
   1.000000E+00   9.781065E-01   9.812449E-01   1.000000E+00   1.000000E+00
   1.000000E+00   1.000000E+00   1.000000E+00   1.000000E+00   1.000000E+00
   1.000000E+00   1.000000E+00   1.000000E+00   1.000000E+00   1.000000E+00
   1.000000E+00   1.000000E+00   1.000000E+00   1.000000E+00   1.000000E+00
   1.000000E+00   1.000000E+00   1.000000E+00   1.000000E+00   1.000000E+00
   1.000000E+00   1.000000E+00   1.000000E+00   1.000000E+00   1.000000E+00
   1.000000E+00   1.000000E+00   1.000000E+00   1.000000E+00   1.000000E+00
   1.000000E+00   1.000000E+00   1.000000E+00   1.000000E+00   1.000000E+00
   1.000000E+00   1.000000E+00   1.000000E+00   1.000000E+00   1.000000E+00
   1.000000E+00   1.000000E+00   1.000000E+00   1.000000E+00   1.000000E+00
   1.000000E+00   1.000000E+00   1.000000E+00   1.000000E+00   1.000000E+00
   1.000000E+00   1.000000E+00   1.000000E+00   1.000000E+00   1.000000E+00
   1.000000E+00   1.000000E+00   1.000000E+00   1.000000E+00   1.000000E+00
   1.000000E+00   1.000000E+00   1.000000E+00   1.000000E+00   1.000000E+00
   1.000000E+00   1.000000E+00   1.000000E+00   1.000000E+00   1.000000E+00
   1.000000E+00   1.000000E+00   1.000000E+00   1.000000E+00   1.000000E+00
   1.000000E+00   1.000000E+00   1.000000E+00   1.000000E+00   1.000000E+00
   1.000000E+00   1.000000E+00   1.000000E+00   1.000000E+00   1.000000E+00
   1.000000E+00   1.000000E+00   1.000000E+00   1.000000E+00   1.000000E+00
   1.000000E+00   1.000000E+00   1.000000E+00   1.000000E+00   1.000000E+00
   1.000000E+00   1.000000E+00   1.000000E+00   1.000000E+00   1.000000E+00
   1.000000E+00   1.000000E+00   1.000000E+00   1.000000E+00   1.000000E+00
   1.000000E+00   1.000000E+00   1.000000E+00   1.000000E+00   1.000000E+00
   1.000000E+00   1.000000E+00   1.000000E+00   1.000000E+00   1.000000E+00
   1.000000E+00   1.000000E+00   1.000000E+00   1.000000E+00   1.000000E+00
   1.000000E+00   1.000000E+00   1.000000E+00   1.000000E+00   1.000000E+00
   1.000000E+00   1.000000E+00   1.000000E+00   1.000000E+00   1.000000E+00
   1.000000E+00   1.000000E+00   1.000000E+00   1.000000E+00   1.000000E+00
   1.000000E+00   1.000000E+00   1.000000E+00   1.000000E+00   1.000000E+00
   1.000000E+00   1.000000E+00   1.000000E+00   1.000000E+00   1.000000E+00
   1.000000E+00   1.000000E+00   1.000000E+00   1.000000E+00   1.000000E+00
   1.000000E+00   1.000000E+00   1.000000E+00   1.000000E+00   1.000000E+00
   1.000000E+00   1.000000E+00   1.000000E+00   1.000000E+00   1.000000E+00
   1.000000E+00   1.000000E+00   1.000000E+00   1.000000E+00   1.000000E+00
   1.000000E+00   1.000000E+00   1.000000E+00   1.000000E+00   1.000000E+00
   1.000000E+00   1.000000E+00   1.000000E+00   1.000000E+00   1.000000E+00
   1.000000E+00   1.000000E+00   1.000000E+00   1.000000E+00   1.000000E+00
   1.000000E+00   1.000000E+00   1.000000E+00   1.000000E+00   1.000000E+00
   1.000000E+00   1.000000E+00   1.000000E+00   1.000000E+00   1.000000E+00
   1.000000E+00   1.000000E+00   1.000000E+00   1.000000E+00   1.000000E+00
   1.000000E+00   1.000000E+00   1.000000E+00   1.000000E+00   1.000000E+00
   1.000000E+00   1.000000E+00   1.000000E+00   1.000000E+00   1.000000E+00
   1.000000E+00   1.000000E+00   1.000000E+00   1.000000E+00   1.000000E+00
   1.000000E+00   1.000000E+00   1.000000E+00   1.000000E+00   1.000000E+00
   1.000000E+00   1.000000E+00   1.000000E+00   1.000000E+00   1.000000E+00
   1.000000E+00   1.000000E+00   1.000000E+00   1.000000E+00   1.000000E+00
   1.000000E+00   1.000000E+00   1.000000E+00   1.000000E+00   1.000000E+00
   1.000000E+00   1.000000E+00   1.000000E+00   1.000000E+00   1.000000E+00
   1.000000E+00   1.000000E+00   1.000000E+00   1.000000E+00   1.000000E+00
   1.000000E+00   1.000000E+00   1.000000E+00   1.000000E+00   1.000000E+00
   1.000000E+00   1.000000E+00   1.000000E+00   1.000000E+00   1.000000E+00
   1.000000E+00   1.000000E+00   1.000000E+00   1.000000E+00   1.000000E+00
   1.000000E+00   1.000000E+00   1.000000E+00   1.000000E+00   1.000000E+00
   1.000000E+00   1.000000E+00   1.000000E+00   1.000000E+00   1.000000E+00
   1.000000E+00   1.000000E+00   1.000000E+00   1.000000E+00   1.000000E+00
   1.000000E+00   1.000000E+00   1.000000E+00   1.000000E+00   1.000000E+00
   1.000000E+00   1.000000E+00   1.000000E+00   1.000000E+00   1.000000E+00
   1.000000E+00   1.000000E+00   1.000000E+00   1.000000E+00   1.000000E+00
   1.000000E+00   1.000000E+00   1.000000E+00   1.000000E+00   1.000000E+00
   9.098036E-01   9.413124E-01   9.861516E-01   1.000000E+00   1.000000E+00
   1.000000E+00   1.000000E+00   1.000000E+00   1.000000E+00   1.000000E+00
   1.000000E+00   1.000000E+00   1.000000E+00   1.000000E+00   1.000000E+00
   1.000000E+00   1.000000E+00   1.000000E+00   1.000000E+00   1.000000E+00
   1.000000E+00   9.878038E-01   9.902899E-01   1.000000E+00   1.000000E+00
   1.000000E+00   1.000000E+00   1.000000E+00   1.000000E+00   1.000000E+00
   1.000000E+00   1.000000E+00   1.000000E+00   1.000000E+00   1.000000E+00
   1.000000E+00   1.000000E+00   1.000000E+00   1.000000E+00   1.000000E+00
   1.000000E+00   1.000000E+00   1.000000E+00   1.000000E+00   1.000000E+00
   1.000000E+00   1.000000E+00   1.000000E+00   1.000000E+00   1.000000E+00
   1.000000E+00   1.000000E+00   1.000000E+00   1.000000E+00   1.000000E+00
   1.000000E+00   1.000000E+00   1.000000E+00   1.000000E+00   1.000000E+00
   1.000000E+00   1.000000E+00   1.000000E+00   1.000000E+00   1.000000E+00
   1.000000E+00   1.000000E+00   1.000000E+00   1.000000E+00   1.000000E+00
   1.000000E+00   1.000000E+00   1.000000E+00   1.000000E+00   1.000000E+00
   1.000000E+00   1.000000E+00   1.000000E+00   1.000000E+00   1.000000E+00
   1.000000E+00   1.000000E+00   1.000000E+00   1.000000E+00   1.000000E+00
   1.000000E+00   1.000000E+00   1.000000E+00   1.000000E+00   1.000000E+00
   1.000000E+00   1.000000E+00   1.000000E+00   1.000000E+00   1.000000E+00
   1.000000E+00   1.000000E+00   1.000000E+00   1.000000E+00   1.000000E+00
   1.000000E+00   1.000000E+00   1.000000E+00   1.000000E+00   1.000000E+00
   1.000000E+00   1.000000E+00   1.000000E+00   1.000000E+00   1.000000E+00
   1.000000E+00   1.000000E+00   1.000000E+00   1.000000E+00   1.000000E+00
   1.000000E+00   1.000000E+00   1.000000E+00   1.000000E+00   1.000000E+00
   1.000000E+00   1.000000E+00   1.000000E+00   1.000000E+00   1.000000E+00
   1.000000E+00   1.000000E+00   1.000000E+00   1.000000E+00   1.000000E+00
   1.000000E+00   1.000000E+00   1.000000E+00   1.000000E+00   1.000000E+00
   1.000000E+00   1.000000E+00   1.000000E+00   1.000000E+00   1.000000E+00
   1.000000E+00   1.000000E+00   1.000000E+00   1.000000E+00   1.000000E+00
   1.000000E+00   1.000000E+00   1.000000E+00   1.000000E+00   1.000000E+00
   1.000000E+00   1.000000E+00   1.000000E+00   1.000000E+00   1.000000E+00
   1.000000E+00   1.000000E+00   1.000000E+00   1.000000E+00   1.000000E+00
   1.000000E+00   1.000000E+00   1.000000E+00   1.000000E+00   1.000000E+00
   1.000000E+00   1.000000E+00   1.000000E+00   1.000000E+00   1.000000E+00
   1.000000E+00   1.000000E+00   1.000000E+00   1.000000E+00   1.000000E+00
   1.000000E+00   1.000000E+00   1.000000E+00   1.000000E+00   1.000000E+00
   1.000000E+00   1.000000E+00   1.000000E+00   1.000000E+00   1.000000E+00
   1.000000E+00   1.000000E+00   1.000000E+00   1.000000E+00   1.000000E+00
   1.000000E+00   1.000000E+00   1.000000E+00   1.000000E+00   1.000000E+00
   1.000000E+00   1.000000E+00   1.000000E+00   1.000000E+00   1.000000E+00
   1.000000E+00   1.000000E+00   1.000000E+00   1.000000E+00   1.000000E+00
   1.000000E+00   1.000000E+00   1.000000E+00   1.000000E+00   1.000000E+00
   1.000000E+00   1.000000E+00   1.000000E+00   1.000000E+00   1.000000E+00
   1.000000E+00   1.000000E+00   1.000000E+00   1.000000E+00   1.000000E+00
   1.000000E+00   1.000000E+00   1.000000E+00   1.000000E+00   1.000000E+00
   1.000000E+00   1.000000E+00   1.000000E+00   1.000000E+00   1.000000E+00
   1.000000E+00   1.000000E+00   1.000000E+00   1.000000E+00   1.000000E+00
   1.000000E+00   1.000000E+00   1.000000E+00   1.000000E+00   1.000000E+00
   1.000000E+00   1.000000E+00   1.000000E+00   1.000000E+00   1.000000E+00
   1.000000E+00   1.000000E+00   1.000000E+00   1.000000E+00   1.000000E+00
   1.000000E+00   1.000000E+00   1.000000E+00   1.000000E+00   1.000000E+00
   1.000000E+00   1.000000E+00   1.000000E+00   1.000000E+00   1.000000E+00
   1.000000E+00   1.000000E+00   1.000000E+00   1.000000E+00   1.000000E+00
   1.000000E+00   1.000000E+00   1.000000E+00   1.000000E+00   1.000000E+00
   1.000000E+00   1.000000E+00   1.000000E+00   1.000000E+00   1.000000E+00
   1.000000E+00   1.000000E+00   1.000000E+00   1.000000E+00   1.000000E+00
   1.000000E+00   1.000000E+00   1.000000E+00   1.000000E+00   1.000000E+00
   1.000000E+00   1.000000E+00   1.000000E+00   1.000000E+00   1.000000E+00
   1.000000E+00   1.000000E+00   1.000000E+00   1.000000E+00   1.000000E+00
   1.000000E+00   1.000000E+00   1.000000E+00   1.000000E+00   1.000000E+00
   1.000000E+00   1.000000E+00   1.000000E+00   1.000000E+00   1.000000E+00
   1.000000E+00   1.000000E+00   1.000000E+00   1.000000E+00   1.000000E+00
   1.000000E+00   1.000000E+00   1.000000E+00   1.000000E+00   1.000000E+00
   1.000000E+00   1.000000E+00   1.000000E+00   1.000000E+00   1.000000E+00
   1.000000E+00   1.000000E+00   1.000000E+00   1.000000E+00   1.000000E+00
   1.000000E+00   1.000000E+00   1.000000E+00   1.000000E+00   1.000000E+00
   1.000000E+00   1.000000E+00   1.000000E+00   1.000000E+00   1.000000E+00
   1.000000E+00   1.000000E+00   1.000000E+00   1.000000E+00   1.000000E+00
   1.000000E+00   1.000000E+00   1.000000E+00   1.000000E+00   1.000000E+00
   1.000000E+00   1.000000E+00   1.000000E+00   1.000000E+00   1.000000E+00
   1.000000E+00   1.000000E+00   1.000000E+00   1.000000E+00   1.000000E+00
   1.000000E+00   1.000000E+00   1.000000E+00   1.000000E+00   1.000000E+00
   1.000000E+00   1.000000E+00   1.000000E+00   1.000000E+00   1.000000E+00
   1.000000E+00   1.000000E+00   1.000000E+00   1.000000E+00   1.000000E+00
   1.000000E+00   1.000000E+00   1.000000E+00   1.000000E+00   1.000000E+00
   1.000000E+00   1.000000E+00   1.000000E+00   1.000000E+00   1.000000E+00
   1.000000E+00   1.000000E+00   1.000000E+00   1.000000E+00   1.000000E+00
   1.000000E+00   1.000000E+00   1.000000E+00   1.000000E+00   1.000000E+00
   1.000000E+00   1.000000E+00   1.000000E+00   1.000000E+00   1.000000E+00
   1.000000E+00   1.000000E+00   1.000000E+00   1.000000E+00   1.000000E+00
   1.000000E+00   1.000000E+00   1.000000E+00   1.000000E+00   1.000000E+00
   1.000000E+00   1.000000E+00   1.000000E+00   1.000000E+00   1.000000E+00
   1.000000E+00   1.000000E+00   1.000000E+00   1.000000E+00   1.000000E+00
   1.000000E+00   1.000000E+00   1.000000E+00   1.000000E+00   1.000000E+00
   1.000000E+00   1.000000E+00   1.000000E+00   1.000000E+00   1.000000E+00
   1.000000E+00   1.000000E+00   1.000000E+00   1.000000E+00   1.000000E+00
   1.000000E+00   1.000000E+00   1.000000E+00   1.000000E+00   1.000000E+00
   1.000000E+00   1.000000E+00   1.000000E+00   1.000000E+00   1.000000E+00
   1.000000E+00   1.000000E+00   1.000000E+00   1.000000E+00   1.000000E+00
   1.000000E+00   1.000000E+00   1.000000E+00   1.000000E+00   1.000000E+00
   1.000000E+00   1.000000E+00   1.000000E+00   1.000000E+00   1.000000E+00
   1.000000E+00   1.000000E+00   1.000000E+00   1.000000E+00   1.000000E+00
   1.000000E+00   1.000000E+00   1.000000E+00   1.000000E+00   1.000000E+00
   1.000000E+00   1.000000E+00   1.000000E+00   1.000000E+00   1.000000E+00
   1.000000E+00   1.000000E+00   1.000000E+00   1.000000E+00   1.000000E+00
   1.000000E+00   1.000000E+00   1.000000E+00   1.000000E+00   1.000000E+00
   1.000000E+00   1.000000E+00   1.000000E+00   1.000000E+00   1.000000E+00
   1.000000E+00   1.000000E+00   1.000000E+00   1.000000E+00   1.000000E+00
   1.000000E+00   1.000000E+00   1.000000E+00   1.000000E+00   1.000000E+00
   1.000000E+00   1.000000E+00   1.000000E+00   1.000000E+00   1.000000E+00
   1.000000E+00   1.000000E+00   1.000000E+00   1.000000E+00   1.000000E+00
   1.000000E+00   1.000000E+00   1.000000E+00   1.000000E+00   1.000000E+00
   1.000000E+00   1.000000E+00   1.000000E+00   1.000000E+00   1.000000E+00
   1.000000E+00   1.000000E+00   1.000000E+00   1.000000E+00   1.000000E+00
   1.000000E+00   1.000000E+00   1.000000E+00   1.000000E+00   1.000000E+00
   1.000000E+00   1.000000E+00   1.000000E+00   1.000000E+00   1.000000E+00
   1.000000E+00   1.000000E+00   1.000000E+00   1.000000E+00   1.000000E+00
   1.000000E+00   1.000000E+00   1.000000E+00   1.000000E+00   1.000000E+00
   1.000000E+00   1.000000E+00   1.000000E+00   1.000000E+00   1.000000E+00
   1.000000E+00   1.000000E+00   1.000000E+00   1.000000E+00   1.000000E+00
   1.000000E+00   1.000000E+00   1.000000E+00   1.000000E+00   1.000000E+00
   1.000000E+00   1.000000E+00   1.000000E+00   1.000000E+00   1.000000E+00
   1.000000E+00   1.000000E+00   1.000000E+00   1.000000E+00   1.000000E+00
   1.000000E+00   1.000000E+00   1.000000E+00   1.000000E+00   1.000000E+00
   1.000000E+00   1.000000E+00   1.000000E+00   1.000000E+00   1.000000E+00
   1.000000E+00   1.000000E+00   1.000000E+00   1.000000E+00   1.000000E+00
   1.000000E+00   1.000000E+00   1.000000E+00   1.000000E+00   1.000000E+00
   1.000000E+00   1.000000E+00   1.000000E+00   1.000000E+00   1.000000E+00
   1.000000E+00   1.000000E+00   1.000000E+00   1.000000E+00   1.000000E+00
   1.000000E+00   1.000000E+00   1.000000E+00   1.000000E+00   1.000000E+00
   1.000000E+00   1.000000E+00   1.000000E+00   1.000000E+00   1.000000E+00
   1.000000E+00   1.000000E+00   1.000000E+00   1.000000E+00   1.000000E+00
   1.000000E+00   1.000000E+00   1.000000E+00   1.000000E+00   1.000000E+00
   1.000000E+00   1.000000E+00   1.000000E+00   1.000000E+00   1.000000E+00
   1.000000E+00   1.000000E+00   1.000000E+00   1.000000E+00   1.000000E+00
   1.000000E+00   1.000000E+00   1.000000E+00   1.000000E+00   1.000000E+00
   1.000000E+00   1.000000E+00   1.000000E+00   1.000000E+00   1.000000E+00
   1.000000E+00   1.000000E+00   1.000000E+00   1.000000E+00   1.000000E+00
   1.000000E+00   1.000000E+00   1.000000E+00   1.000000E+00   1.000000E+00
   1.000000E+00   1.000000E+00   1.000000E+00   1.000000E+00   1.000000E+00
   1.000000E+00   1.000000E+00   1.000000E+00   1.000000E+00   1.000000E+00
   1.000000E+00   1.000000E+00   1.000000E+00   1.000000E+00   1.000000E+00
   1.000000E+00   1.000000E+00   1.000000E+00   1.000000E+00   1.000000E+00
   1.000000E+00   1.000000E+00   1.000000E+00   1.000000E+00   1.000000E+00
   1.000000E+00   1.000000E+00   1.000000E+00   1.000000E+00   1.000000E+00
   1.000000E+00   1.000000E+00   1.000000E+00   1.000000E+00   1.000000E+00
   1.000000E+00   1.000000E+00   1.000000E+00   1.000000E+00   1.000000E+00
   1.000000E+00   1.000000E+00   1.000000E+00   1.000000E+00   1.000000E+00
   1.000000E+00   1.000000E+00   1.000000E+00   1.000000E+00   1.000000E+00
   1.000000E+00   1.000000E+00   1.000000E+00   1.000000E+00   1.000000E+00
   1.000000E+00   1.000000E+00   1.000000E+00   1.000000E+00   1.000000E+00
   1.000000E+00   1.000000E+00   1.000000E+00   1.000000E+00   1.000000E+00
   1.000000E+00   1.000000E+00   1.000000E+00   1.000000E+00   1.000000E+00
   1.000000E+00   1.000000E+00   1.000000E+00   1.000000E+00   1.000000E+00
   1.000000E+00   1.000000E+00   1.000000E+00   1.000000E+00   1.000000E+00
   1.000000E+00   1.000000E+00   1.000000E+00   1.000000E+00   1.000000E+00
   1.000000E+00   1.000000E+00   1.000000E+00   1.000000E+00   1.000000E+00
   1.000000E+00   1.000000E+00   1.000000E+00   1.000000E+00   1.000000E+00
   1.000000E+00   1.000000E+00   1.000000E+00   1.000000E+00   1.000000E+00
   1.000000E+00   1.000000E+00   1.000000E+00   1.000000E+00   1.000000E+00
   1.000000E+00   1.000000E+00   1.000000E+00   1.000000E+00   1.000000E+00
   1.000000E+00   1.000000E+00   1.000000E+00   1.000000E+00   1.000000E+00
   1.000000E+00   1.000000E+00   1.000000E+00   1.000000E+00   1.000000E+00
   1.000000E+00   1.000000E+00   1.000000E+00   1.000000E+00   1.000000E+00
   1.000000E+00   1.000000E+00   1.000000E+00   1.000000E+00   1.000000E+00
   1.000000E+00   1.000000E+00   1.000000E+00   1.000000E+00   1.000000E+00
   1.000000E+00   1.000000E+00   1.000000E+00   1.000000E+00   1.000000E+00
   1.000000E+00   1.000000E+00   1.000000E+00   1.000000E+00   1.000000E+00
   1.000000E+00   1.000000E+00   1.000000E+00   1.000000E+00   1.000000E+00
   1.000000E+00   1.000000E+00   1.000000E+00   1.000000E+00   1.000000E+00
   1.000000E+00   1.000000E+00   1.000000E+00   1.000000E+00   1.000000E+00
   1.000000E+00   1.000000E+00   1.000000E+00   1.000000E+00   1.000000E+00
   1.000000E+00   1.000000E+00   1.000000E+00   1.000000E+00   1.000000E+00
   1.000000E+00   1.000000E+00   1.000000E+00   1.000000E+00   1.000000E+00
   1.000000E+00   1.000000E+00   1.000000E+00   1.000000E+00   1.000000E+00
   1.000000E+00   1.000000E+00   1.000000E+00   1.000000E+00   1.000000E+00
   1.000000E+00   1.000000E+00   1.000000E+00   1.000000E+00   1.000000E+00
   1.000000E+00   1.000000E+00   1.000000E+00   1.000000E+00   1.000000E+00
   1.000000E+00   1.000000E+00   1.000000E+00   1.000000E+00   1.000000E+00
   1.000000E+00   1.000000E+00   1.000000E+00   1.000000E+00   1.000000E+00
   1.000000E+00   1.000000E+00   1.000000E+00   1.000000E+00   1.000000E+00
   1.000000E+00   1.000000E+00   1.000000E+00   1.000000E+00   1.000000E+00
   1.000000E+00   1.000000E+00   1.000000E+00   1.000000E+00   1.000000E+00
   1.000000E+00   1.000000E+00   1.000000E+00   1.000000E+00   1.000000E+00
   1.000000E+00   1.000000E+00   1.000000E+00   1.000000E+00   1.000000E+00
   1.000000E+00   1.000000E+00   1.000000E+00   1.000000E+00   1.000000E+00
   1.000000E+00   1.000000E+00   1.000000E+00   1.000000E+00   1.000000E+00
   1.000000E+00   1.000000E+00   1.000000E+00   1.000000E+00   1.000000E+00
   1.000000E+00   1.000000E+00   1.000000E+00   1.000000E+00   1.000000E+00
   1.000000E+00   1.000000E+00   1.000000E+00   1.000000E+00   1.000000E+00
   1.000000E+00   1.000000E+00   1.000000E+00   1.000000E+00   1.000000E+00
   1.000000E+00   1.000000E+00   1.000000E+00   1.000000E+00   1.000000E+00
   1.000000E+00   1.000000E+00   1.000000E+00   1.000000E+00   1.000000E+00
   1.000000E+00   1.000000E+00   1.000000E+00   1.000000E+00   1.000000E+00
   1.000000E+00   1.000000E+00   1.000000E+00   1.000000E+00   1.000000E+00
   1.000000E+00   1.000000E+00   1.000000E+00   1.000000E+00   1.000000E+00
   1.000000E+00   1.000000E+00   1.000000E+00   1.000000E+00   1.000000E+00
   1.000000E+00   1.000000E+00   1.000000E+00   1.000000E+00   1.000000E+00
   1.000000E+00   1.000000E+00   1.000000E+00   1.000000E+00   1.000000E+00
   1.000000E+00   1.000000E+00   1.000000E+00   1.000000E+00   1.000000E+00
   1.000000E+00   1.000000E+00   1.000000E+00   1.000000E+00   1.000000E+00
   1.000000E+00   1.000000E+00   1.000000E+00   1.000000E+00   1.000000E+00
   1.000000E+00   1.000000E+00   1.000000E+00   1.000000E+00   1.000000E+00
   1.000000E+00   1.000000E+00   1.000000E+00   1.000000E+00   1.000000E+00
   1.000000E+00   1.000000E+00   1.000000E+00   1.000000E+00   1.000000E+00
   1.000000E+00   1.000000E+00   1.000000E+00   1.000000E+00   1.000000E+00
   1.000000E+00   1.000000E+00   1.000000E+00   1.000000E+00   1.000000E+00
   1.000000E+00   1.000000E+00   1.000000E+00   1.000000E+00   1.000000E+00
   1.000000E+00   1.000000E+00   1.000000E+00   1.000000E+00   1.000000E+00
   1.000000E+00   1.000000E+00   1.000000E+00   1.000000E+00   1.000000E+00
   1.000000E+00   1.000000E+00   1.000000E+00   1.000000E+00   1.000000E+00
   1.000000E+00   1.000000E+00   1.000000E+00   1.000000E+00   1.000000E+00
   1.000000E+00   1.000000E+00   1.000000E+00   1.000000E+00   1.000000E+00
   1.000000E+00   1.000000E+00   1.000000E+00   1.000000E+00   1.000000E+00
   1.000000E+00   1.000000E+00   1.000000E+00   1.000000E+00   1.000000E+00
   1.000000E+00   1.000000E+00   1.000000E+00   1.000000E+00   1.000000E+00
   1.000000E+00   1.000000E+00   1.000000E+00   1.000000E+00   1.000000E+00
   1.000000E+00   1.000000E+00   1.000000E+00   1.000000E+00   1.000000E+00
   1.000000E+00   1.000000E+00   1.000000E+00   1.000000E+00   1.000000E+00
   1.000000E+00   1.000000E+00   1.000000E+00   1.000000E+00   1.000000E+00
   1.000000E+00   1.000000E+00   1.000000E+00   1.000000E+00   1.000000E+00
   1.000000E+00   1.000000E+00   1.000000E+00   1.000000E+00   1.000000E+00
   1.000000E+00   1.000000E+00   1.000000E+00   1.000000E+00   1.000000E+00
   1.000000E+00   1.000000E+00   1.000000E+00   1.000000E+00   1.000000E+00
   1.000000E+00   1.000000E+00   1.000000E+00   1.000000E+00   1.000000E+00
   1.000000E+00   1.000000E+00   1.000000E+00   1.000000E+00   1.000000E+00
   1.000000E+00   1.000000E+00   1.000000E+00   1.000000E+00   1.000000E+00
   1.000000E+00   1.000000E+00   1.000000E+00   1.000000E+00   1.000000E+00
   1.000000E+00   1.000000E+00   1.000000E+00   1.000000E+00   1.000000E+00
   1.000000E+00   1.000000E+00   1.000000E+00   1.000000E+00   1.000000E+00
   1.000000E+00   1.000000E+00   1.000000E+00   1.000000E+00   1.000000E+00
   1.000000E+00   1.000000E+00   1.000000E+00   1.000000E+00   1.000000E+00
   1.000000E+00   1.000000E+00   1.000000E+00   1.000000E+00   1.000000E+00
   1.000000E+00   1.000000E+00   1.000000E+00   1.000000E+00   1.000000E+00
   1.000000E+00   1.000000E+00   1.000000E+00   1.000000E+00   1.000000E+00
   1.000000E+00   1.000000E+00   1.000000E+00   1.000000E+00   1.000000E+00
   1.000000E+00   1.000000E+00   1.000000E+00   1.000000E+00   1.000000E+00
   1.000000E+00   1.000000E+00   1.000000E+00   1.000000E+00   1.000000E+00
   1.000000E+00   1.000000E+00   1.000000E+00   1.000000E+00   1.000000E+00
   1.000000E+00   1.000000E+00   1.000000E+00   1.000000E+00   1.000000E+00
   1.000000E+00   1.000000E+00   1.000000E+00   1.000000E+00   1.000000E+00
   1.000000E+00   1.000000E+00   1.000000E+00   1.000000E+00   1.000000E+00
   1.000000E+00   1.000000E+00   1.000000E+00   1.000000E+00   1.000000E+00
   1.000000E+00   1.000000E+00   1.000000E+00   1.000000E+00   1.000000E+00
   1.000000E+00   1.000000E+00   1.000000E+00   1.000000E+00   1.000000E+00
   1.000000E+00   1.000000E+00   1.000000E+00   1.000000E+00   1.000000E+00
   1.000000E+00   1.000000E+00   1.000000E+00   1.000000E+00   1.000000E+00
   1.000000E+00   1.000000E+00   1.000000E+00   1.000000E+00   1.000000E+00
   1.000000E+00   1.000000E+00   1.000000E+00   1.000000E+00   1.000000E+00
   1.000000E+00   1.000000E+00   1.000000E+00   1.000000E+00   1.000000E+00
   1.000000E+00   1.000000E+00   1.000000E+00   1.000000E+00   1.000000E+00
   1.000000E+00   1.000000E+00   1.000000E+00   1.000000E+00   1.000000E+00
   1.000000E+00   1.000000E+00   1.000000E+00   1.000000E+00   1.000000E+00
   1.000000E+00   1.000000E+00   1.000000E+00   1.000000E+00   1.000000E+00
   1.000000E+00   1.000000E+00   1.000000E+00   1.000000E+00   1.000000E+00
   1.000000E+00   1.000000E+00   1.000000E+00   1.000000E+00   1.000000E+00
   1.000000E+00   1.000000E+00   1.000000E+00   1.000000E+00   1.000000E+00
   1.000000E+00   1.000000E+00   1.000000E+00   1.000000E+00   1.000000E+00
   1.000000E+00   1.000000E+00   1.000000E+00   1.000000E+00   1.000000E+00
   1.000000E+00   1.000000E+00   1.000000E+00   1.000000E+00   1.000000E+00
   1.000000E+00   1.000000E+00   1.000000E+00   1.000000E+00   1.000000E+00
   1.000000E+00   1.000000E+00   1.000000E+00   1.000000E+00   1.000000E+00
   1.000000E+00   1.000000E+00   1.000000E+00   1.000000E+00   1.000000E+00
   1.000000E+00   1.000000E+00   1.000000E+00   1.000000E+00   1.000000E+00
   1.000000E+00   1.000000E+00   1.000000E+00   1.000000E+00   1.000000E+00
   1.000000E+00   1.000000E+00   1.000000E+00   1.000000E+00   1.000000E+00
   1.000000E+00   1.000000E+00   1.000000E+00   1.000000E+00   1.000000E+00
   1.000000E+00   1.000000E+00   1.000000E+00   1.000000E+00   1.000000E+00
   1.000000E+00   1.000000E+00   1.000000E+00   1.000000E+00   1.000000E+00
   1.000000E+00   1.000000E+00   1.000000E+00   1.000000E+00   1.000000E+00
   1.000000E+00   1.000000E+00   1.000000E+00   1.000000E+00   1.000000E+00
   1.000000E+00   1.000000E+00   1.000000E+00   1.000000E+00   1.000000E+00
   1.000000E+00   1.000000E+00   1.000000E+00   1.000000E+00   1.000000E+00
   1.000000E+00   1.000000E+00   1.000000E+00   1.000000E+00   1.000000E+00
   1.000000E+00   1.000000E+00   1.000000E+00   1.000000E+00   1.000000E+00
   1.000000E+00   1.000000E+00   1.000000E+00   1.000000E+00   1.000000E+00
   1.000000E+00   1.000000E+00   1.000000E+00   1.000000E+00   1.000000E+00
   1.000000E+00   1.000000E+00   1.000000E+00   1.000000E+00   1.000000E+00
   1.000000E+00   1.000000E+00   1.000000E+00   1.000000E+00   1.000000E+00
   1.000000E+00   1.000000E+00   1.000000E+00   1.000000E+00   1.000000E+00
   1.000000E+00   1.000000E+00   1.000000E+00   1.000000E+00   1.000000E+00
   1.000000E+00   1.000000E+00   1.000000E+00   1.000000E+00   1.000000E+00
   1.000000E+00   1.000000E+00   1.000000E+00   1.000000E+00   1.000000E+00
   1.000000E+00   1.000000E+00   1.000000E+00   1.000000E+00   1.000000E+00
   1.000000E+00   1.000000E+00   1.000000E+00   1.000000E+00   1.000000E+00
   1.000000E+00   1.000000E+00   1.000000E+00   1.000000E+00   1.000000E+00
   1.000000E+00   1.000000E+00   1.000000E+00   1.000000E+00   1.000000E+00
   1.000000E+00   1.000000E+00   1.000000E+00   1.000000E+00   1.000000E+00
   1.000000E+00   1.000000E+00   1.000000E+00   1.000000E+00   1.000000E+00
   1.000000E+00   1.000000E+00   1.000000E+00   1.000000E+00   1.000000E+00
   1.000000E+00   1.000000E+00   1.000000E+00   1.000000E+00   1.000000E+00
   1.000000E+00   1.000000E+00   1.000000E+00   1.000000E+00   1.000000E+00
   1.000000E+00   1.000000E+00   1.000000E+00   1.000000E+00   1.000000E+00
   1.000000E+00   1.000000E+00   1.000000E+00   1.000000E+00   1.000000E+00
   1.000000E+00   1.000000E+00   1.000000E+00   1.000000E+00   1.000000E+00
   1.000000E+00   1.000000E+00   1.000000E+00   1.000000E+00   1.000000E+00
   1.000000E+00   1.000000E+00   1.000000E+00   1.000000E+00   1.000000E+00
   1.000000E+00   1.000000E+00   1.000000E+00   1.000000E+00   1.000000E+00
   1.000000E+00   1.000000E+00   1.000000E+00   1.000000E+00   1.000000E+00
   1.000000E+00   1.000000E+00   1.000000E+00   1.000000E+00   1.000000E+00
   1.000000E+00   1.000000E+00   1.000000E+00   1.000000E+00   1.000000E+00
   1.000000E+00   1.000000E+00   1.000000E+00   1.000000E+00   1.000000E+00
   1.000000E+00   1.000000E+00   1.000000E+00   1.000000E+00   1.000000E+00
   1.000000E+00   1.000000E+00   1.000000E+00   1.000000E+00   1.000000E+00
   1.000000E+00   1.000000E+00   1.000000E+00   1.000000E+00   1.000000E+00
   1.000000E+00   1.000000E+00   1.000000E+00   1.000000E+00   1.000000E+00
   1.000000E+00   1.000000E+00   1.000000E+00   1.000000E+00   1.000000E+00
   1.000000E+00   1.000000E+00   1.000000E+00   1.000000E+00   1.000000E+00
   1.000000E+00   1.000000E+00   1.000000E+00   1.000000E+00   1.000000E+00
   1.000000E+00   1.000000E+00   1.000000E+00   1.000000E+00   1.000000E+00
   1.000000E+00   1.000000E+00   1.000000E+00   1.000000E+00   1.000000E+00
   1.000000E+00   1.000000E+00   1.000000E+00   1.000000E+00   1.000000E+00
   1.000000E+00   1.000000E+00   1.000000E+00   1.000000E+00   1.000000E+00
   1.000000E+00   1.000000E+00   1.000000E+00   1.000000E+00   1.000000E+00
   1.000000E+00   1.000000E+00   1.000000E+00   1.000000E+00   1.000000E+00
   1.000000E+00   1.000000E+00   1.000000E+00   1.000000E+00   1.000000E+00
   1.000000E+00   1.000000E+00   1.000000E+00   1.000000E+00   1.000000E+00
   1.000000E+00   1.000000E+00   1.000000E+00   1.000000E+00   1.000000E+00
   1.000000E+00   1.000000E+00   1.000000E+00   1.000000E+00   1.000000E+00
   1.000000E+00   1.000000E+00   1.000000E+00   1.000000E+00   1.000000E+00
   1.000000E+00   1.000000E+00   1.000000E+00   1.000000E+00   1.000000E+00
   1.000000E+00   1.000000E+00   1.000000E+00   1.000000E+00   1.000000E+00
   1.000000E+00   1.000000E+00   1.000000E+00   1.000000E+00   1.000000E+00
   1.000000E+00   1.000000E+00   1.000000E+00   1.000000E+00   1.000000E+00
   1.000000E+00   1.000000E+00   1.000000E+00   1.000000E+00   1.000000E+00
   1.000000E+00   1.000000E+00   1.000000E+00   1.000000E+00   1.000000E+00
   1.000000E+00   1.000000E+00   1.000000E+00   1.000000E+00   1.000000E+00
   1.000000E+00   1.000000E+00   1.000000E+00   1.000000E+00   1.000000E+00
   1.000000E+00   1.000000E+00   1.000000E+00   1.000000E+00   1.000000E+00
   1.000000E+00   1.000000E+00   1.000000E+00   1.000000E+00   1.000000E+00
   1.000000E+00   1.000000E+00   1.000000E+00   1.000000E+00   1.000000E+00
   1.000000E+00   1.000000E+00   1.000000E+00   1.000000E+00   1.000000E+00
   1.000000E+00   1.000000E+00   1.000000E+00   1.000000E+00   1.000000E+00
   1.000000E+00   1.000000E+00   1.000000E+00   1.000000E+00   1.000000E+00
   1.000000E+00   1.000000E+00   1.000000E+00   1.000000E+00   1.000000E+00
   1.000000E+00   1.000000E+00   1.000000E+00   1.000000E+00   1.000000E+00
   1.000000E+00   1.000000E+00   1.000000E+00   1.000000E+00   1.000000E+00
   1.000000E+00   1.000000E+00   1.000000E+00   1.000000E+00   1.000000E+00
   1.000000E+00   1.000000E+00   1.000000E+00   1.000000E+00   1.000000E+00
   1.000000E+00   1.000000E+00   1.000000E+00   1.000000E+00   1.000000E+00
   1.000000E+00   1.000000E+00   1.000000E+00   1.000000E+00   1.000000E+00
   1.000000E+00   1.000000E+00   1.000000E+00   1.000000E+00   1.000000E+00
   1.000000E+00   1.000000E+00   1.000000E+00   1.000000E+00   1.000000E+00
   1.000000E+00   1.000000E+00   1.000000E+00   1.000000E+00   1.000000E+00
   1.000000E+00   1.000000E+00   1.000000E+00   1.000000E+00   1.000000E+00
   1.000000E+00   1.000000E+00   1.000000E+00   1.000000E+00   1.000000E+00
   1.000000E+00   1.000000E+00   1.000000E+00   1.000000E+00   1.000000E+00
   1.000000E+00   1.000000E+00   1.000000E+00   1.000000E+00   1.000000E+00
   1.000000E+00   1.000000E+00   1.000000E+00   1.000000E+00   1.000000E+00
   1.000000E+00   1.000000E+00   1.000000E+00   1.000000E+00   1.000000E+00
   1.000000E+00   1.000000E+00   1.000000E+00   1.000000E+00   1.000000E+00
   1.000000E+00   1.000000E+00   1.000000E+00   1.000000E+00   1.000000E+00
   1.000000E+00   1.000000E+00   1.000000E+00   1.000000E+00   1.000000E+00
   1.000000E+00   1.000000E+00   1.000000E+00   1.000000E+00   1.000000E+00
   1.000000E+00   1.000000E+00   1.000000E+00   1.000000E+00   1.000000E+00
   1.000000E+00   1.000000E+00   1.000000E+00   1.000000E+00   1.000000E+00
   1.000000E+00   1.000000E+00   1.000000E+00   1.000000E+00   1.000000E+00
   1.000000E+00   1.000000E+00   1.000000E+00   1.000000E+00   1.000000E+00
   1.000000E+00   1.000000E+00   1.000000E+00   1.000000E+00   1.000000E+00
   1.000000E+00   1.000000E+00   1.000000E+00   1.000000E+00   1.000000E+00
   1.000000E+00   1.000000E+00   1.000000E+00   1.000000E+00   1.000000E+00
   1.000000E+00   1.000000E+00   1.000000E+00   1.000000E+00   1.000000E+00
   1.000000E+00   1.000000E+00   1.000000E+00   1.000000E+00   1.000000E+00
   1.000000E+00   1.000000E+00   1.000000E+00   1.000000E+00   1.000000E+00
   1.000000E+00   1.000000E+00   1.000000E+00   1.000000E+00   1.000000E+00
   1.000000E+00   1.000000E+00   1.000000E+00   1.000000E+00   1.000000E+00
   1.000000E+00   1.000000E+00   1.000000E+00   1.000000E+00   1.000000E+00
   1.000000E+00   1.000000E+00   1.000000E+00   1.000000E+00   1.000000E+00
   1.000000E+00   1.000000E+00   1.000000E+00   1.000000E+00   1.000000E+00
   1.000000E+00   1.000000E+00   1.000000E+00   1.000000E+00   1.000000E+00
   1.000000E+00   1.000000E+00   1.000000E+00   1.000000E+00   1.000000E+00
   1.000000E+00   1.000000E+00   1.000000E+00   1.000000E+00   1.000000E+00
   1.000000E+00   1.000000E+00   1.000000E+00   1.000000E+00   1.000000E+00
   1.000000E+00   1.000000E+00   1.000000E+00   1.000000E+00   1.000000E+00
   1.000000E+00   1.000000E+00   1.000000E+00   1.000000E+00   1.000000E+00
   1.000000E+00   1.000000E+00   1.000000E+00   1.000000E+00   1.000000E+00
   1.000000E+00   1.000000E+00   1.000000E+00   1.000000E+00   1.000000E+00
   1.000000E+00   1.000000E+00   1.000000E+00   1.000000E+00   1.000000E+00
   1.000000E+00   1.000000E+00   1.000000E+00   1.000000E+00   1.000000E+00
   1.000000E+00   1.000000E+00   1.000000E+00   1.000000E+00   1.000000E+00
   1.000000E+00   1.000000E+00   1.000000E+00   1.000000E+00   1.000000E+00
   1.000000E+00   1.000000E+00   1.000000E+00   1.000000E+00   1.000000E+00
   1.000000E+00   1.000000E+00   1.000000E+00   1.000000E+00   1.000000E+00
   1.000000E+00   1.000000E+00   1.000000E+00   1.000000E+00   1.000000E+00
   1.000000E+00   1.000000E+00   1.000000E+00   1.000000E+00   1.000000E+00
   1.000000E+00   1.000000E+00   1.000000E+00   1.000000E+00   1.000000E+00
   1.000000E+00   1.000000E+00   1.000000E+00   1.000000E+00   1.000000E+00
   1.000000E+00   1.000000E+00   1.000000E+00   1.000000E+00   1.000000E+00
   1.000000E+00   1.000000E+00   1.000000E+00   1.000000E+00   1.000000E+00
   1.000000E+00   1.000000E+00   1.000000E+00   1.000000E+00   1.000000E+00
   1.000000E+00   1.000000E+00   1.000000E+00   1.000000E+00   1.000000E+00
   1.000000E+00   1.000000E+00   1.000000E+00   1.000000E+00   1.000000E+00
   1.000000E+00   1.000000E+00   1.000000E+00   1.000000E+00   1.000000E+00
   1.000000E+00   1.000000E+00   1.000000E+00   1.000000E+00   1.000000E+00
   1.000000E+00   1.000000E+00   1.000000E+00   1.000000E+00   1.000000E+00
   1.000000E+00   1.000000E+00   1.000000E+00   1.000000E+00   1.000000E+00
   1.000000E+00   1.000000E+00   1.000000E+00   1.000000E+00   1.000000E+00
   1.000000E+00   1.000000E+00   1.000000E+00   1.000000E+00   1.000000E+00
   1.000000E+00   1.000000E+00   1.000000E+00   1.000000E+00   1.000000E+00
   1.000000E+00   1.000000E+00   1.000000E+00   1.000000E+00   1.000000E+00
   1.000000E+00   1.000000E+00   1.000000E+00   1.000000E+00   1.000000E+00
   1.000000E+00   1.000000E+00   1.000000E+00   1.000000E+00   1.000000E+00
   1.000000E+00   1.000000E+00   1.000000E+00   1.000000E+00   1.000000E+00
   1.000000E+00   1.000000E+00   1.000000E+00   1.000000E+00   1.000000E+00
   1.000000E+00   1.000000E+00   1.000000E+00   1.000000E+00   1.000000E+00
   1.000000E+00   1.000000E+00   1.000000E+00   1.000000E+00   1.000000E+00
   1.000000E+00   1.000000E+00   1.000000E+00   1.000000E+00   1.000000E+00
   1.000000E+00   1.000000E+00   1.000000E+00   1.000000E+00   1.000000E+00
   1.000000E+00   1.000000E+00   1.000000E+00   1.000000E+00   1.000000E+00
   1.000000E+00   1.000000E+00   1.000000E+00   1.000000E+00   1.000000E+00
   1.000000E+00   1.000000E+00   1.000000E+00   1.000000E+00   1.000000E+00
   1.000000E+00   1.000000E+00   1.000000E+00   1.000000E+00   1.000000E+00
   1.000000E+00   1.000000E+00   1.000000E+00   1.000000E+00   1.000000E+00
   1.000000E+00   1.000000E+00   1.000000E+00   1.000000E+00   1.000000E+00
   1.000000E+00   1.000000E+00   1.000000E+00   1.000000E+00   1.000000E+00
   1.000000E+00   1.000000E+00   1.000000E+00   1.000000E+00   1.000000E+00
   1.000000E+00   1.000000E+00   1.000000E+00   1.000000E+00   1.000000E+00
   1.000000E+00   1.000000E+00   1.000000E+00   1.000000E+00   1.000000E+00
   1.000000E+00   1.000000E+00   1.000000E+00   1.000000E+00   1.000000E+00
   1.000000E+00   1.000000E+00   1.000000E+00   1.000000E+00   1.000000E+00
   1.000000E+00   1.000000E+00   1.000000E+00   1.000000E+00   1.000000E+00
   1.000000E+00   1.000000E+00   1.000000E+00   1.000000E+00   1.000000E+00
   1.000000E+00   1.000000E+00   1.000000E+00   1.000000E+00   1.000000E+00
   1.000000E+00   1.000000E+00   1.000000E+00   1.000000E+00   1.000000E+00
   1.000000E+00   1.000000E+00   1.000000E+00   1.000000E+00   1.000000E+00
   1.000000E+00   1.000000E+00   1.000000E+00   1.000000E+00   1.000000E+00
   1.000000E+00   1.000000E+00   1.000000E+00   1.000000E+00   1.000000E+00
   1.000000E+00   1.000000E+00   1.000000E+00   1.000000E+00   1.000000E+00
   1.000000E+00   1.000000E+00   1.000000E+00   1.000000E+00   1.000000E+00
   1.000000E+00   1.000000E+00   1.000000E+00   1.000000E+00   1.000000E+00
   1.000000E+00   1.000000E+00   1.000000E+00   1.000000E+00   1.000000E+00
   1.000000E+00   1.000000E+00   1.000000E+00   1.000000E+00   1.000000E+00
   1.000000E+00   1.000000E+00   1.000000E+00   1.000000E+00   1.000000E+00
   1.000000E+00   1.000000E+00   1.000000E+00   1.000000E+00   1.000000E+00
   1.000000E+00   1.000000E+00   1.000000E+00   1.000000E+00   1.000000E+00
   1.000000E+00   1.000000E+00   1.000000E+00   1.000000E+00   1.000000E+00
   1.000000E+00   1.000000E+00   1.000000E+00   1.000000E+00   1.000000E+00
   1.000000E+00   1.000000E+00   1.000000E+00   1.000000E+00   1.000000E+00
   1.000000E+00   1.000000E+00   1.000000E+00   1.000000E+00   1.000000E+00
   1.000000E+00   1.000000E+00   1.000000E+00   1.000000E+00   1.000000E+00
   1.000000E+00   1.000000E+00   1.000000E+00   1.000000E+00   1.000000E+00
   1.000000E+00   1.000000E+00   1.000000E+00   1.000000E+00   1.000000E+00
   1.000000E+00   1.000000E+00   1.000000E+00   1.000000E+00   1.000000E+00
   1.000000E+00   1.000000E+00   1.000000E+00   1.000000E+00   1.000000E+00
   1.000000E+00   1.000000E+00   1.000000E+00   1.000000E+00   1.000000E+00
   1.000000E+00   1.000000E+00   1.000000E+00   1.000000E+00   1.000000E+00
   1.000000E+00   1.000000E+00   1.000000E+00   1.000000E+00   1.000000E+00
   1.000000E+00   1.000000E+00   1.000000E+00   1.000000E+00   1.000000E+00
   1.000000E+00   1.000000E+00   1.000000E+00   1.000000E+00   1.000000E+00
   1.000000E+00   1.000000E+00   1.000000E+00   1.000000E+00   1.000000E+00
   1.000000E+00   1.000000E+00   1.000000E+00   1.000000E+00   1.000000E+00
   1.000000E+00   1.000000E+00   1.000000E+00   1.000000E+00   1.000000E+00
   1.000000E+00   1.000000E+00   1.000000E+00   1.000000E+00   1.000000E+00
   1.000000E+00   1.000000E+00   1.000000E+00   1.000000E+00   1.000000E+00
   1.000000E+00   1.000000E+00   1.000000E+00   1.000000E+00   1.000000E+00
   1.000000E+00   1.000000E+00   1.000000E+00   1.000000E+00   1.000000E+00
   1.000000E+00   1.000000E+00   1.000000E+00   1.000000E+00   1.000000E+00
   1.000000E+00   1.000000E+00   1.000000E+00   1.000000E+00   1.000000E+00
   1.000000E+00   1.000000E+00   1.000000E+00   1.000000E+00   1.000000E+00
   1.000000E+00   1.000000E+00   1.000000E+00   1.000000E+00   1.000000E+00
   1.000000E+00   1.000000E+00   1.000000E+00   1.000000E+00   1.000000E+00
   1.000000E+00   1.000000E+00   1.000000E+00   1.000000E+00   1.000000E+00
   1.000000E+00   1.000000E+00   1.000000E+00   1.000000E+00   1.000000E+00
   1.000000E+00   1.000000E+00   1.000000E+00   1.000000E+00   1.000000E+00
   1.000000E+00   1.000000E+00   1.000000E+00   1.000000E+00   1.000000E+00
   1.000000E+00   1.000000E+00   1.000000E+00   1.000000E+00   1.000000E+00
   1.000000E+00   1.000000E+00   1.000000E+00   1.000000E+00   1.000000E+00
   1.000000E+00   1.000000E+00   1.000000E+00   1.000000E+00   1.000000E+00
   1.000000E+00   1.000000E+00   1.000000E+00   1.000000E+00   1.000000E+00
   1.000000E+00   1.000000E+00   1.000000E+00   1.000000E+00   1.000000E+00
   1.000000E+00   1.000000E+00   1.000000E+00   1.000000E+00   1.000000E+00
   1.000000E+00   1.000000E+00   1.000000E+00   1.000000E+00   1.000000E+00
   1.000000E+00   1.000000E+00   1.000000E+00   1.000000E+00   1.000000E+00
   1.000000E+00   1.000000E+00   1.000000E+00   1.000000E+00   1.000000E+00
   1.000000E+00   1.000000E+00   1.000000E+00   1.000000E+00   1.000000E+00
   1.000000E+00   1.000000E+00   1.000000E+00   1.000000E+00   1.000000E+00
   1.000000E+00   1.000000E+00   1.000000E+00   1.000000E+00   1.000000E+00
   1.000000E+00   1.000000E+00   1.000000E+00   1.000000E+00   1.000000E+00
   1.000000E+00   1.000000E+00   1.000000E+00   1.000000E+00   1.000000E+00
   1.000000E+00   1.000000E+00   1.000000E+00   1.000000E+00   1.000000E+00
   1.000000E+00   1.000000E+00   1.000000E+00   1.000000E+00   1.000000E+00
   1.000000E+00   1.000000E+00   1.000000E+00   1.000000E+00   1.000000E+00
   1.000000E+00   1.000000E+00   1.000000E+00   1.000000E+00   1.000000E+00
   1.000000E+00   1.000000E+00   1.000000E+00   1.000000E+00   1.000000E+00
   1.000000E+00   1.000000E+00   1.000000E+00   1.000000E+00   1.000000E+00
   1.000000E+00   1.000000E+00   1.000000E+00   1.000000E+00   1.000000E+00
   1.000000E+00   1.000000E+00   1.000000E+00   1.000000E+00   1.000000E+00
   1.000000E+00   1.000000E+00   1.000000E+00   1.000000E+00   1.000000E+00
   1.000000E+00   1.000000E+00   1.000000E+00   1.000000E+00   1.000000E+00
   1.000000E+00   1.000000E+00   1.000000E+00   1.000000E+00   1.000000E+00
   1.000000E+00   1.000000E+00   1.000000E+00   1.000000E+00   1.000000E+00
   1.000000E+00   1.000000E+00   1.000000E+00   1.000000E+00   1.000000E+00
   1.000000E+00   1.000000E+00   1.000000E+00   1.000000E+00   1.000000E+00
   1.000000E+00   1.000000E+00   1.000000E+00   1.000000E+00   1.000000E+00
   1.000000E+00   1.000000E+00   1.000000E+00   1.000000E+00   1.000000E+00
   1.000000E+00   1.000000E+00   1.000000E+00   1.000000E+00   1.000000E+00
   1.000000E+00   1.000000E+00   1.000000E+00   1.000000E+00   1.000000E+00
   1.000000E+00   1.000000E+00   1.000000E+00   1.000000E+00   1.000000E+00
   1.000000E+00   1.000000E+00   1.000000E+00   1.000000E+00   1.000000E+00
   1.000000E+00   1.000000E+00   1.000000E+00   1.000000E+00   1.000000E+00
   1.000000E+00   1.000000E+00   1.000000E+00   1.000000E+00   1.000000E+00
   1.000000E+00   1.000000E+00   1.000000E+00   1.000000E+00   1.000000E+00
   1.000000E+00   1.000000E+00   1.000000E+00   1.000000E+00   1.000000E+00
   1.000000E+00   1.000000E+00   1.000000E+00   1.000000E+00   1.000000E+00
   1.000000E+00   1.000000E+00   1.000000E+00   1.000000E+00   1.000000E+00
   1.000000E+00   1.000000E+00   1.000000E+00   1.000000E+00   1.000000E+00
   1.000000E+00   1.000000E+00   1.000000E+00   1.000000E+00   1.000000E+00
   1.000000E+00   1.000000E+00   1.000000E+00   1.000000E+00   1.000000E+00
   1.000000E+00   1.000000E+00   1.000000E+00   1.000000E+00   1.000000E+00
   1.000000E+00   1.000000E+00   1.000000E+00   1.000000E+00   1.000000E+00
   1.000000E+00   1.000000E+00   1.000000E+00   1.000000E+00   1.000000E+00
   1.000000E+00   1.000000E+00   1.000000E+00   1.000000E+00   1.000000E+00
   1.000000E+00   1.000000E+00   1.000000E+00   1.000000E+00   1.000000E+00
   1.000000E+00   1.000000E+00   1.000000E+00   1.000000E+00   1.000000E+00
   1.000000E+00   1.000000E+00   1.000000E+00   1.000000E+00   1.000000E+00
   1.000000E+00   1.000000E+00   1.000000E+00   1.000000E+00   1.000000E+00
   1.000000E+00   1.000000E+00   1.000000E+00   1.000000E+00   1.000000E+00
   1.000000E+00   1.000000E+00   1.000000E+00   1.000000E+00   1.000000E+00
   1.000000E+00   1.000000E+00   1.000000E+00   1.000000E+00   1.000000E+00
   1.000000E+00   1.000000E+00   1.000000E+00   1.000000E+00   1.000000E+00
   1.000000E+00   1.000000E+00   1.000000E+00   1.000000E+00   1.000000E+00
   1.000000E+00   1.000000E+00   1.000000E+00   1.000000E+00   1.000000E+00
   1.000000E+00   1.000000E+00   1.000000E+00   1.000000E+00   1.000000E+00
   1.000000E+00   1.000000E+00   1.000000E+00   1.000000E+00   1.000000E+00
   1.000000E+00   1.000000E+00   1.000000E+00   1.000000E+00   1.000000E+00
   1.000000E+00   1.000000E+00   1.000000E+00   1.000000E+00   1.000000E+00
   1.000000E+00   1.000000E+00   1.000000E+00   1.000000E+00   1.000000E+00
   1.000000E+00   1.000000E+00   1.000000E+00   1.000000E+00   1.000000E+00
   1.000000E+00   1.000000E+00   1.000000E+00   1.000000E+00   1.000000E+00
   1.000000E+00   1.000000E+00   1.000000E+00   1.000000E+00   1.000000E+00
   1.000000E+00   1.000000E+00   1.000000E+00   1.000000E+00   1.000000E+00
   1.000000E+00   1.000000E+00   1.000000E+00   1.000000E+00   1.000000E+00
   1.000000E+00   1.000000E+00   1.000000E+00   1.000000E+00   1.000000E+00
   1.000000E+00   1.000000E+00   1.000000E+00   1.000000E+00   1.000000E+00
   1.000000E+00   1.000000E+00   1.000000E+00   1.000000E+00   1.000000E+00
   1.000000E+00   1.000000E+00   1.000000E+00   1.000000E+00   1.000000E+00
   1.000000E+00   1.000000E+00   1.000000E+00   1.000000E+00   1.000000E+00
   1.000000E+00   1.000000E+00   1.000000E+00   1.000000E+00   1.000000E+00
   1.000000E+00   1.000000E+00   1.000000E+00   1.000000E+00   1.000000E+00
   1.000000E+00
   1031  9.60000000E+03     NSTEP   TIME
   5.339532E-01   5.345419E-01   5.345288E-01   5.344509E-01   5.344048E-01
   5.343839E-01   5.343697E-01   5.344111E-01   5.344564E-01   5.345591E-01
   5.347150E-01   5.349222E-01   5.351564E-01   5.354099E-01   5.357226E-01
   5.360742E-01   5.364789E-01   5.369412E-01   5.373153E-01   5.386503E-01
   5.385428E-01   5.348535E-01   5.362447E-01   5.365436E-01   5.364095E-01
   5.363696E-01   5.363775E-01   5.363937E-01   5.364181E-01   5.364919E-01
   5.365907E-01   5.366520E-01   5.367689E-01   5.369012E-01   5.370770E-01
   5.372329E-01   5.375020E-01   5.378145E-01   5.381994E-01   5.386055E-01
   5.397038E-01   5.393013E-01   5.348005E-01   5.364050E-01   5.367450E-01
   5.366038E-01   5.367187E-01   5.368287E-01   5.369276E-01   5.370899E-01
   5.372494E-01   5.374149E-01   5.376242E-01   5.378866E-01   5.381309E-01
   5.384589E-01   5.388135E-01   5.392513E-01   5.397699E-01   5.403931E-01
   5.410695E-01   5.424575E-01   5.424527E-01   5.348833E-01   5.363758E-01
   5.367955E-01   5.367364E-01   5.369174E-01   5.371026E-01   5.372921E-01
   5.374818E-01   5.377413E-01   5.379882E-01   5.382829E-01   5.386316E-01
   5.390210E-01   5.394884E-01   5.400322E-01   5.406564E-01   5.414602E-01
   5.423560E-01   5.433603E-01   5.451068E-01   5.450224E-01   5.352098E-01
   5.365963E-01   5.371723E-01   5.372076E-01   5.374496E-01   5.376983E-01
   5.379639E-01   5.382453E-01   5.385657E-01   5.389386E-01   5.393855E-01
   5.398688E-01   5.404705E-01   5.411332E-01   5.419191E-01   5.428468E-01
   5.439387E-01   5.452076E-01   5.466397E-01   5.488226E-01   5.488282E-01
   5.358558E-01   5.369538E-01   5.376950E-01   5.377912E-01   5.381212E-01
   5.384374E-01   5.388370E-01   5.392270E-01   5.397029E-01   5.402432E-01
   5.408679E-01   5.416086E-01   5.424250E-01   5.434138E-01   5.445502E-01
   5.458639E-01   5.473836E-01   5.491098E-01   5.511171E-01   5.538054E-01
   5.539659E-01   5.367409E-01   5.374325E-01   5.383769E-01   5.386036E-01
   5.390210E-01   5.395042E-01   5.400158E-01   5.406367E-01   5.413010E-01
   5.420888E-01   5.430198E-01   5.440317E-01   5.452425E-01   5.466091E-01
   5.481762E-01   5.499812E-01   5.520394E-01   5.543947E-01   5.570405E-01
   5.604540E-01   5.607531E-01   5.378213E-01   5.381432E-01   5.393050E-01
   5.396956E-01   5.403160E-01   5.409976E-01   5.417587E-01   5.426102E-01
   5.436038E-01   5.447309E-01   5.460122E-01   5.474616E-01   5.491115E-01
   5.509936E-01   5.531279E-01   5.555360E-01   5.582799E-01   5.613727E-01
   5.649094E-01   5.692075E-01   5.696483E-01   5.391594E-01   5.392328E-01
   5.406599E-01   5.413060E-01   5.421912E-01   5.431339E-01   5.442184E-01
   5.454720E-01   5.468472E-01   5.483917E-01   5.501730E-01   5.521542E-01
   5.543885E-01   5.568982E-01   5.597146E-01   5.629237E-01   5.665368E-01
   5.705578E-01   5.750161E-01   5.803083E-01   5.808700E-01   5.409798E-01
   5.409279E-01   5.426339E-01   5.436371E-01   5.448442E-01   5.462214E-01
   5.477252E-01   5.494488E-01   5.513385E-01   5.534494E-01   5.558364E-01
   5.584689E-01   5.614384E-01   5.647443E-01   5.684468E-01   5.725451E-01
   5.770880E-01   5.821220E-01   5.876947E-01   5.941397E-01   5.948117E-01
   5.434787E-01   5.434539E-01   5.455073E-01   5.469682E-01   5.486654E-01
   5.505279E-01   5.525760E-01   5.548926E-01   5.574401E-01   5.602505E-01
   5.633966E-01   5.668697E-01   5.707070E-01   5.749120E-01   5.795500E-01
   5.846478E-01   5.902804E-01   5.965538E-01   6.035590E-01   6.115426E-01
   6.123030E-01   5.470231E-01   5.471052E-01   5.495832E-01   5.516208E-01
   5.538895E-01   5.564035E-01   5.591501E-01   5.621976E-01   5.655793E-01
   5.692565E-01   5.732734E-01   5.776567E-01   5.824560E-01   5.876765E-01
   5.934080E-01   5.997998E-01   6.068319E-01   6.145752E-01   6.231707E-01
   6.329688E-01   6.338358E-01   5.519392E-01   5.521441E-01   5.551980E-01
   5.579160E-01   5.609502E-01   5.642559E-01   5.678951E-01   5.718204E-01
   5.760994E-01   5.807328E-01   5.857545E-01   5.911975E-01   5.971920E-01
   6.037448E-01   6.108716E-01   6.186762E-01   6.272721E-01   6.368259E-01
   6.474662E-01   6.597105E-01   6.607222E-01   5.586288E-01   5.589375E-01
   5.627083E-01   5.663132E-01   5.702352E-01   5.744774E-01   5.790620E-01
   5.840266E-01   5.893702E-01   5.951730E-01   6.015227E-01   6.083608E-01
   6.157401E-01   6.237571E-01   6.325145E-01   6.421132E-01   6.527188E-01
   6.647258E-01   6.783760E-01   6.941036E-01   6.953243E-01   5.674839E-01
   5.679284E-01   5.725556E-01   5.771499E-01   5.820749E-01   5.874226E-01
   5.931611E-01   5.994625E-01   6.062333E-01   6.134995E-01   6.213402E-01
   6.298013E-01   6.389415E-01   6.488168E-01   6.597649E-01   6.718902E-01
   6.854150E-01   7.007042E-01   7.184341E-01   7.394358E-01   7.409848E-01
   5.788569E-01   5.794117E-01   5.850554E-01   5.908096E-01   5.970682E-01
   6.038640E-01   6.111485E-01   6.189869E-01   6.274362E-01   6.365432E-01
   6.463322E-01   6.570001E-01   6.686652E-01   6.813546E-01   6.952429E-01
   7.108291E-01   7.283761E-01   7.483626E-01   7.718740E-01   8.005135E-01
   8.023065E-01   5.931820E-01   5.938639E-01   6.009094E-01   6.082431E-01
   6.161147E-01   6.246087E-01   6.337908E-01   6.436806E-01   6.544063E-01
   6.661805E-01   6.789608E-01   6.928185E-01   7.081067E-01   7.248443E-01
   7.431919E-01   7.637013E-01   7.870737E-01   8.133078E-01   8.447806E-01
   8.842920E-01   8.859221E-01   6.115633E-01   6.123080E-01   6.209986E-01
   6.302240E-01   6.401989E-01   6.509785E-01   6.629003E-01   6.759156E-01
   6.900974E-01   7.057630E-01   7.230660E-01   7.420278E-01   7.628789E-01
   7.859052E-01   8.109480E-01   8.388939E-01   8.716627E-01   9.027341E-01
   9.432286E-01   9.925288E-01   9.909137E-01   6.347031E-01   6.355810E-01
   6.465217E-01   6.584183E-01   6.715359E-01   6.859070E-01   7.018113E-01
   7.195699E-01   7.392481E-01   7.611390E-01   7.857668E-01   8.131818E-01
   8.435349E-01   8.771266E-01   9.135009E-01   9.507146E-01   1.000000E+00
   1.000000E+00   1.000000E+00   1.000000E+00   1.000000E+00   6.649110E-01
   6.659512E-01   6.804106E-01   6.962433E-01   7.141088E-01   7.340808E-01
   7.564749E-01   7.819225E-01   8.107757E-01   8.432514E-01   8.798343E-01
   9.195400E-01   9.623117E-01   1.000000E+00   1.000000E+00   1.000000E+00
   1.000000E+00   1.000000E+00   1.000000E+00   1.000000E+00   1.000000E+00
   6.769313E-01   6.820474E-01   6.984787E-01   7.168565E-01   7.375288E-01
   7.607573E-01   7.873718E-01   8.176641E-01   8.520293E-01   8.906846E-01
   9.323709E-01   9.727432E-01   9.996279E-01   1.000000E+00   1.000000E+00
   1.000000E+00   1.000000E+00   1.000000E+00   1.000000E+00   1.000000E+00
   1.000000E+00   5.364074E-01   5.369999E-01   5.369859E-01   5.369054E-01
   5.368574E-01   5.368354E-01   5.368203E-01   5.368626E-01   5.369088E-01
   5.370143E-01   5.371747E-01   5.373881E-01   5.376294E-01   5.378908E-01
   5.382133E-01   5.385761E-01   5.389938E-01   5.394709E-01   5.398576E-01
   5.412349E-01   5.410989E-01   5.373169E-01   5.387219E-01   5.390297E-01
   5.388909E-01   5.388494E-01   5.388573E-01   5.388738E-01   5.388989E-01
   5.389752E-01   5.390771E-01   5.391407E-01   5.392616E-01   5.393984E-01
   5.395802E-01   5.397417E-01   5.400199E-01   5.403427E-01   5.407403E-01
   5.411603E-01   5.422938E-01   5.418545E-01   5.372600E-01   5.388836E-01
   5.392338E-01   5.390879E-01   5.392061E-01   5.393194E-01   5.394215E-01
   5.395888E-01   5.397536E-01   5.399246E-01   5.401409E-01   5.404119E-01
   5.406646E-01   5.410036E-01   5.413701E-01   5.418226E-01   5.423584E-01
   5.430023E-01   5.437015E-01   5.451347E-01   5.451042E-01   5.373440E-01
   5.388527E-01   5.392851E-01   5.392241E-01   5.394108E-01   5.396019E-01
   5.397977E-01   5.399937E-01   5.402617E-01   5.405171E-01   5.408216E-01
   5.411821E-01   5.415846E-01   5.420676E-01   5.426295E-01   5.432745E-01
   5.441049E-01   5.450308E-01   5.460691E-01   5.478735E-01   5.477610E-01
   5.376796E-01   5.390802E-01   5.396736E-01   5.397104E-01   5.399603E-01
   5.402171E-01   5.404916E-01   5.407823E-01   5.411136E-01   5.414991E-01
   5.419609E-01   5.424602E-01   5.430820E-01   5.437670E-01   5.445792E-01
   5.455382E-01   5.466670E-01   5.479791E-01   5.494605E-01   5.517177E-01
   5.516988E-01   5.383451E-01   5.394498E-01   5.402134E-01   5.403133E-01
   5.406542E-01   5.409809E-01   5.413937E-01   5.417968E-01   5.422886E-01
   5.428470E-01   5.434926E-01   5.442580E-01   5.451019E-01   5.461242E-01
   5.472993E-01   5.486580E-01   5.502301E-01   5.520167E-01   5.540951E-01
   5.568784E-01   5.570207E-01   5.392582E-01   5.399449E-01   5.409180E-01
   5.411527E-01   5.415840E-01   5.420832E-01   5.426119E-01   5.432534E-01
   5.439400E-01   5.447542E-01   5.457166E-01   5.467631E-01   5.480153E-01
   5.494291E-01   5.510507E-01   5.529193E-01   5.550507E-01   5.574911E-01
   5.602342E-01   5.637737E-01   5.640615E-01   5.403736E-01   5.406796E-01
   5.418772E-01   5.422813E-01   5.429221E-01   5.436264E-01   5.444131E-01
   5.452933E-01   5.463206E-01   5.474861E-01   5.488114E-01   5.503111E-01
   5.520188E-01   5.539677E-01   5.561786E-01   5.586745E-01   5.615200E-01
   5.647294E-01   5.684021E-01   5.728687E-01   5.733057E-01   5.417559E-01
   5.418058E-01   5.432776E-01   5.439457E-01   5.448603E-01   5.458348E-01
   5.469561E-01   5.482525E-01   5.496752E-01   5.512738E-01   5.531178E-01
   5.551697E-01   5.574850E-01   5.600870E-01   5.630089E-01   5.663398E-01
   5.700940E-01   5.742761E-01   5.789181E-01   5.844331E-01   5.849992E-01
   5.436365E-01   5.435574E-01   5.453181E-01   5.463553E-01   5.476034E-01
   5.490277E-01   5.505838E-01   5.523677E-01   5.543246E-01   5.565115E-01
   5.589858E-01   5.617162E-01   5.647977E-01   5.682312E-01   5.720804E-01
   5.763451E-01   5.810776E-01   5.863284E-01   5.921496E-01   5.988906E-01
   5.995757E-01   5.462191E-01   5.461684E-01   5.482894E-01   5.498007E-01
   5.515570E-01   5.534850E-01   5.556064E-01   5.580070E-01   5.606485E-01
   5.635644E-01   5.668306E-01   5.704400E-01   5.744315E-01   5.788100E-01
   5.836449E-01   5.889663E-01   5.948542E-01   6.014218E-01   6.087704E-01
   6.171618E-01   6.179455E-01   5.498841E-01   5.499447E-01   5.525072E-01
   5.546169E-01   5.569672E-01   5.595731E-01   5.624221E-01   5.655850E-01
   5.690978E-01   5.729216E-01   5.771026E-01   5.816701E-01   5.866771E-01
   5.921311E-01   5.981273E-01   6.048257E-01   6.122096E-01   6.203580E-01
   6.294251E-01   6.397874E-01   6.406911E-01   5.549721E-01   5.551611E-01
   5.583235E-01   5.611417E-01   5.642897E-01   5.677220E-01   5.715047E-01
   5.755889E-01   5.800457E-01   5.848775E-01   5.901213E-01   5.958130E-01
   6.020905E-01   6.089659E-01   6.164584E-01   6.246813E-01   6.337603E-01
   6.438789E-01   6.551837E-01   6.682359E-01   6.693034E-01   5.619049E-01
   5.622033E-01   5.661148E-01   5.698597E-01   5.739385E-01   5.783549E-01
   5.831336E-01   5.883151E-01   5.939000E-01   5.999734E-01   6.066318E-01
   6.138161E-01   6.215849E-01   6.300445E-01   6.393088E-01   6.494918E-01
   6.607777E-01   6.736005E-01   6.882370E-01   7.051762E-01   7.064829E-01
   5.710991E-01   5.715407E-01   5.763533E-01   5.811391E-01   5.862765E-01
   5.918625E-01   5.978658E-01   6.044688E-01   6.115779E-01   6.192230E-01
   6.274908E-01   6.364347E-01   6.461229E-01   6.566211E-01   6.682965E-01
   6.812748E-01   6.958093E-01   7.123132E-01   7.315475E-01   7.544551E-01
   7.561407E-01   5.829392E-01   5.834990E-01   5.893883E-01   5.954040E-01
   6.019572E-01   6.090874E-01   6.167463E-01   6.250056E-01   6.339308E-01
   6.435766E-01   6.539752E-01   6.653427E-01   6.778170E-01   6.914388E-01
   7.064087E-01   7.232848E-01   7.423765E-01   7.642337E-01   7.900778E-01
   8.216940E-01   8.236703E-01   5.979053E-01   5.986018E-01   6.059852E-01
   6.136887E-01   6.219758E-01   6.309402E-01   6.406572E-01   6.511539E-01
   6.625736E-01   6.751546E-01   6.888636E-01   7.037902E-01   7.203303E-01
   7.385259E-01   7.585686E-01   7.810807E-01   8.068453E-01   8.358436E-01
   8.705917E-01   9.136437E-01   9.153911E-01   6.171988E-01   6.179670E-01
   6.271270E-01   6.368785E-01   6.474538E-01   6.589186E-01   6.716438E-01
   6.855910E-01   7.008528E-01   7.177887E-01   7.365874E-01   7.572930E-01
   7.801751E-01   8.055571E-01   8.332380E-01   8.641204E-01   9.000107E-01
   9.332071E-01   9.730688E-01   1.000000E+00   1.000000E+00   6.416383E-01
   6.425550E-01   6.541741E-01   6.668536E-01   6.808906E-01   6.963358E-01
   7.135086E-01   7.327816E-01   7.542517E-01   7.782627E-01   8.054040E-01
   8.357083E-01   8.692291E-01   9.059219E-01   9.438149E-01   9.796261E-01
   1.000000E+00   1.000000E+00   1.000000E+00   1.000000E+00   1.000000E+00
   6.738036E-01   6.749039E-01   6.904149E-01   7.074807E-01   7.268376E-01
   7.485964E-01   7.731308E-01   8.011542E-01   8.330415E-01   8.689044E-01
   9.088425E-01   9.505336E-01   9.896234E-01   1.000000E+00   1.000000E+00
   1.000000E+00   1.000000E+00   1.000000E+00   1.000000E+00   1.000000E+00
   1.000000E+00   6.866749E-01   6.921600E-01   7.098794E-01   7.298066E-01
   7.523484E-01   7.778212E-01   8.071565E-01   8.406467E-01   8.785450E-01
   9.204720E-01   9.632415E-01   9.968133E-01   1.000000E+00   1.000000E+00
   1.000000E+00   1.000000E+00   1.000000E+00   1.000000E+00   1.000000E+00
   1.000000E+00   1.000000E+00   5.411319E-01   5.417054E-01   5.416877E-01
   5.415998E-01   5.415431E-01   5.415148E-01   5.414941E-01   5.415356E-01
   5.415805E-01   5.416888E-01   5.418576E-01   5.420841E-01   5.423404E-01
   5.426198E-01   5.429656E-01   5.433560E-01   5.438047E-01   5.443190E-01
   5.447387E-01   5.462082E-01   5.459797E-01   5.420310E-01   5.434115E-01
   5.437377E-01   5.435858E-01   5.435377E-01   5.435444E-01   5.435596E-01
   5.435858E-01   5.436683E-01   5.437775E-01   5.438480E-01   5.439798E-01
   5.441286E-01   5.443258E-01   5.445037E-01   5.448055E-01   5.451536E-01
   5.455833E-01   5.460389E-01   5.472486E-01   5.466978E-01   5.419583E-01
   5.435700E-01   5.439436E-01   5.437856E-01   5.439092E-01   5.440282E-01
   5.441380E-01   5.443155E-01   5.444931E-01   5.446785E-01   5.449123E-01
   5.452039E-01   5.454788E-01   5.458451E-01   5.462415E-01   5.467306E-01
   5.473080E-01   5.480009E-01   5.487543E-01   5.502854E-01   5.501618E-01
   5.420340E-01   5.435303E-01   5.439913E-01   5.439265E-01   5.441254E-01
   5.443303E-01   5.445415E-01   5.447535E-01   5.450415E-01   5.453200E-01
   5.456485E-01   5.460392E-01   5.464743E-01   5.469961E-01   5.476015E-01
   5.482962E-01   5.491887E-01   5.501853E-01   5.513044E-01   5.532344E-01
   5.530237E-01   5.423802E-01   5.437730E-01   5.444050E-01   5.444477E-01
   5.447158E-01   5.449923E-01   5.452893E-01   5.456031E-01   5.459628E-01
   5.463796E-01   5.468776E-01   5.474158E-01   5.480859E-01   5.488245E-01
   5.496995E-01   5.507321E-01   5.519473E-01   5.533613E-01   5.549579E-01
   5.573775E-01   5.572677E-01   5.430851E-01   5.441744E-01   5.449859E-01
   5.450979E-01   5.454652E-01   5.458181E-01   5.462626E-01   5.466987E-01
   5.472296E-01   5.478321E-01   5.485273E-01   5.493517E-01   5.502610E-01
   5.513630E-01   5.526293E-01   5.540934E-01   5.557874E-01   5.577152E-01
   5.599583E-01   5.629517E-01   5.630167E-01   5.440639E-01   5.447136E-01
   5.457466E-01   5.460040E-01   5.464698E-01   5.470075E-01   5.475782E-01
   5.482675E-01   5.490083E-01   5.498853E-01   5.509216E-01   5.520513E-01
   5.534006E-01   5.549257E-01   5.566752E-01   5.586926E-01   5.609937E-01
   5.636305E-01   5.665982E-01   5.704159E-01   5.706436E-01   5.452658E-01
   5.455105E-01   5.467840E-01   5.472239E-01   5.479124E-01   5.486702E-01
   5.495180E-01   5.504666E-01   5.515744E-01   5.528294E-01   5.542587E-01
   5.558767E-01   5.577197E-01   5.598250E-01   5.622144E-01   5.649135E-01
   5.679937E-01   5.714696E-01   5.754506E-01   5.802925E-01   5.806870E-01
   5.467601E-01   5.467274E-01   5.482954E-01   5.490183E-01   5.500009E-01
   5.510505E-01   5.522585E-01   5.536552E-01   5.551897E-01   5.569162E-01
   5.589064E-01   5.611236E-01   5.636275E-01   5.664435E-01   5.696086E-01
   5.732166E-01   5.772940E-01   5.818448E-01   5.869073E-01   5.929182E-01
   5.934626E-01   5.487864E-01   5.486152E-01   5.504953E-01   5.516129E-01
   5.529573E-01   5.544915E-01   5.561699E-01   5.580945E-01   5.602082E-01
   5.625728E-01   5.652490E-01   5.682066E-01   5.715450E-01   5.752704E-01
   5.794572E-01   5.841035E-01   5.892700E-01   5.950156E-01   6.014047E-01
   6.088074E-01   6.094931E-01   5.515704E-01   5.514277E-01   5.536972E-01
   5.553272E-01   5.572203E-01   5.593000E-01   5.615928E-01   5.641877E-01
   5.670458E-01   5.702055E-01   5.737451E-01   5.776693E-01   5.820157E-01
   5.867927E-01   5.920786E-01   5.979126E-01   6.043846E-01   6.116206E-01
   6.197557E-01   6.290740E-01   6.298849E-01   5.555197E-01   5.554962E-01
   5.582464E-01   5.605229E-01   5.630616E-01   5.658792E-01   5.689648E-01
   5.723904E-01   5.762035E-01   5.803651E-01   5.849234E-01   5.899140E-01
   5.953972E-01   6.013879E-01   6.079890E-01   6.153887E-01   6.235814E-01
   6.326642E-01   6.428226E-01   6.544840E-01   6.554509E-01   5.610071E-01
   5.611244E-01   5.645284E-01   5.675770E-01   5.709836E-01   5.747029E-01
   5.788153E-01   5.832651E-01   5.881294E-01   5.934168E-01   5.991715E-01
   6.054348E-01   6.123573E-01   6.199755E-01   6.283125E-01   6.375026E-01
   6.477030E-01   6.591397E-01   6.720053E-01   6.869515E-01   6.881317E-01
   5.684958E-01   5.687382E-01   5.729596E-01   5.770233E-01   5.814614E-01
   5.862761E-01   5.914992E-01   5.971779E-01   6.033172E-01   6.100065E-01
   6.173763E-01   6.253602E-01   6.340304E-01   6.435181E-01   6.539643E-01
   6.655170E-01   6.784040E-01   6.931614E-01   7.101552E-01   7.300011E-01
   7.315006E-01   5.784599E-01   5.788625E-01   5.840901E-01   5.893121E-01
   5.949360E-01   6.010668E-01   6.076760E-01   6.149682E-01   6.228577E-01
   6.313788E-01   6.406375E-01   6.507066E-01   6.616787E-01   6.736453E-01
   6.870399E-01   7.020524E-01   7.190124E-01   7.384543E-01   7.613541E-01
   7.889123E-01   7.909217E-01   5.913608E-01   5.919018E-01   5.983447E-01
   6.049579E-01   6.121805E-01   6.200794E-01   6.286028E-01   6.378363E-01
   6.478682E-01   6.587748E-01   6.706082E-01   6.836273E-01   6.980293E-01
   7.138885E-01   7.314703E-01   7.514847E-01   7.743532E-01   8.007916E-01
   8.323028E-01   8.708983E-01   8.732839E-01   6.077853E-01   6.084867E-01
   6.166344E-01   6.251882E-01   6.344340E-01   6.444897E-01   6.554546E-01
   6.673766E-01   6.804321E-01   6.949310E-01   7.108656E-01   7.283727E-01
   7.479521E-01   7.697138E-01   7.939111E-01   8.213117E-01   8.528024E-01
   8.880674E-01   9.291207E-01   9.747022E-01   9.763217E-01   6.291654E-01
   6.299640E-01   6.402019E-01   6.511762E-01   6.631558E-01   6.762315E-01
   6.908624E-01   7.070379E-01   7.249024E-01   7.449197E-01   7.673712E-01
   7.923479E-01   8.201883E-01   8.512256E-01   8.849243E-01   9.216769E-01
   9.613084E-01   9.910237E-01   1.000000E+00   1.000000E+00   1.000000E+00
   6.566161E-01   6.576038E-01   6.708095E-01   6.853356E-01   7.015635E-01
   7.195910E-01   7.398359E-01   7.628040E-01   7.886645E-01   8.178553E-01
   8.510299E-01   8.879006E-01   9.275529E-01   9.672341E-01   9.971912E-01
   1.000000E+00   1.000000E+00   1.000000E+00   1.000000E+00   1.000000E+00
   1.000000E+00   6.933618E-01   6.945940E-01   7.126144E-01   7.326548E-01
   7.556417E-01   7.817757E-01   8.115493E-01   8.457835E-01   8.846313E-01
   9.271302E-01   9.700949E-01   9.999378E-01   1.000000E+00   1.000000E+00
   1.000000E+00   1.000000E+00   1.000000E+00   1.000000E+00   1.000000E+00
   1.000000E+00   1.000000E+00   7.082434E-01   7.146005E-01   7.354184E-01
   7.591212E-01   7.862435E-01   8.172045E-01   8.530705E-01   8.937574E-01
   9.380608E-01   9.808337E-01   1.000000E+00   1.000000E+00   1.000000E+00
   1.000000E+00   1.000000E+00   1.000000E+00   1.000000E+00   1.000000E+00
   1.000000E+00   1.000000E+00   1.000000E+00   5.477273E-01   5.482408E-01
   5.482124E-01   5.481071E-01   5.480250E-01   5.479765E-01   5.479372E-01
   5.479700E-01   5.480039E-01   5.481096E-01   5.482889E-01   5.485361E-01
   5.488176E-01   5.491301E-01   5.495209E-01   5.499670E-01   5.504769E-01
   5.510668E-01   5.515592E-01   5.531865E-01   5.528019E-01   5.485744E-01
   5.498576E-01   5.502114E-01   5.500304E-01   5.499637E-01   5.499641E-01
   5.499731E-01   5.499994E-01   5.500940E-01   5.502168E-01   5.503032E-01
   5.504589E-01   5.506343E-01   5.508643E-01   5.510801E-01   5.514321E-01
   5.518319E-01   5.523267E-01   5.528576E-01   5.541988E-01   5.534514E-01
   5.484572E-01   5.499949E-01   5.504107E-01   5.502270E-01   5.503556E-01
   5.504810E-01   5.506048E-01   5.507988E-01   5.510017E-01   5.512169E-01
   5.514864E-01   5.518181E-01   5.521406E-01   5.525623E-01   5.530204E-01
   5.535835E-01   5.542429E-01   5.550307E-01   5.558902E-01   5.575900E-01
   5.572879E-01   5.484910E-01   5.499269E-01   5.504397E-01   5.503680E-01
   5.505875E-01   5.508179E-01   5.510603E-01   5.513048E-01   5.516320E-01
   5.519608E-01   5.523374E-01   5.527910E-01   5.532930E-01   5.538924E-01
   5.545838E-01   5.553758E-01   5.563859E-01   5.575186E-01   5.587936E-01
   5.609411E-01   5.605422E-01   5.488338E-01   5.501951E-01   5.508950E-01
   5.509536E-01   5.512561E-01   5.515713E-01   5.519149E-01   5.522751E-01
   5.526951E-01   5.531756E-01   5.537455E-01   5.543612E-01   5.551259E-01
   5.559706E-01   5.569671E-01   5.581416E-01   5.595214E-01   5.611297E-01
   5.629458E-01   5.656494E-01   5.653619E-01   5.495983E-01   5.506630E-01
   5.515557E-01   5.516986E-01   5.521180E-01   5.525242E-01   5.530311E-01
   5.535349E-01   5.541442E-01   5.548344E-01   5.556268E-01   5.565655E-01
   5.576019E-01   5.588583E-01   5.602996E-01   5.619649E-01   5.638891E-01
   5.660853E-01   5.686390E-01   5.720059E-01   5.719149E-01   5.507012E-01
   5.512988E-01   5.524302E-01   5.527396E-01   5.532749E-01   5.538881E-01
   5.545429E-01   5.553239E-01   5.561716E-01   5.571702E-01   5.583490E-01
   5.596414E-01   5.611763E-01   5.629152E-01   5.649087E-01   5.672093E-01
   5.698303E-01   5.728356E-01   5.762247E-01   5.805373E-01   5.806420E-01
   5.520786E-01   5.522275E-01   5.536272E-01   5.541449E-01   5.549243E-01
   5.557856E-01   5.567517E-01   5.578342E-01   5.590979E-01   5.605238E-01
   5.621527E-01   5.639975E-01   5.660979E-01   5.685015E-01   5.712287E-01
   5.743103E-01   5.778308E-01   5.818024E-01   5.863503E-01   5.918679E-01
   5.921710E-01   5.538059E-01   5.536299E-01   5.553603E-01   5.561954E-01
   5.573058E-01   5.585000E-01   5.598742E-01   5.614626E-01   5.632109E-01
   5.651838E-01   5.674514E-01   5.699824E-01   5.728432E-01   5.760628E-01
   5.796848E-01   5.838044E-01   5.884838E-01   5.937224E-01   5.995696E-01
   6.064780E-01   6.069720E-01   5.561229E-01   5.557856E-01   5.578717E-01
   5.591453E-01   5.606733E-01   5.624157E-01   5.643275E-01   5.665184E-01
   5.689306E-01   5.716322E-01   5.746893E-01   5.780758E-01   5.818930E-01
   5.861610E-01   5.909810E-01   5.963411E-01   6.023174E-01   6.089868E-01
   6.164397E-01   6.250566E-01   6.257361E-01   5.593043E-01   5.589872E-01
   5.615161E-01   5.633740E-01   5.655250E-01   5.678898E-01   5.705084E-01
   5.734682E-01   5.767333E-01   5.803509E-01   5.843968E-01   5.889124E-01
   5.939246E-01   5.994484E-01   6.055786E-01   6.123753E-01   6.199440E-01
   6.284283E-01   6.380520E-01   6.491149E-01   6.499768E-01   5.638015E-01
   5.636117E-01   5.666948E-01   5.692854E-01   5.721772E-01   5.753911E-01
   5.789210E-01   5.828336E-01   5.872049E-01   5.920015E-01   5.972677E-01
   6.030522E-01   6.094291E-01   6.164316E-01   6.241701E-01   6.328907E-01
   6.426216E-01   6.534956E-01   6.657630E-01   6.799353E-01   6.810325E-01
   5.700456E-01   5.700156E-01   5.738510E-01   5.773303E-01   5.812145E-01
   5.854625E-01   5.901914E-01   5.953272E-01   6.009540E-01   6.070969E-01
   6.138150E-01   6.211573E-01   6.292901E-01   6.383216E-01   6.482762E-01
   6.593292E-01   6.717094E-01   6.857350E-01   7.017047E-01   7.204352E-01
   7.218558E-01   5.785695E-01   5.786963E-01   5.834670E-01   5.881203E-01
   5.932288E-01   5.987862E-01   6.048413E-01   6.114534E-01   6.186375E-01
   6.264805E-01   6.352028E-01   6.447170E-01   6.551225E-01   6.666057E-01
   6.793652E-01   6.936286E-01   7.097163E-01   7.283938E-01   7.502283E-01
   7.760961E-01   7.780158E-01   5.899551E-01   5.902721E-01   5.962519E-01
   6.022851E-01   6.088202E-01   6.159727E-01   6.237227E-01   6.323116E-01
   6.416905E-01   6.518950E-01   6.630719E-01   6.753391E-01   6.888472E-01
   7.037470E-01   7.206054E-01   7.397749E-01   7.617517E-01   7.873278E-01
   8.179057E-01   8.550335E-01   8.577183E-01   6.048238E-01   6.053193E-01
   6.127787E-01   6.205133E-01   6.289872E-01   6.383467E-01   6.485266E-01
   6.596386E-01   6.718261E-01   6.852157E-01   6.999072E-01   7.162461E-01
   7.345773E-01   7.550539E-01   7.780771E-01   8.046709E-01   8.354180E-01
   8.711265E-01   9.130136E-01   9.603420E-01   9.629927E-01   6.239732E-01
   6.246756E-01   6.342430E-01   6.444159E-01   6.555024E-01   6.676749E-01
   6.810871E-01   6.958377E-01   7.121713E-01   7.305689E-01   7.510870E-01
   7.739657E-01   7.999114E-01   8.291346E-01   8.618324E-01   8.985787E-01
   9.390220E-01   9.783676E-01   1.000000E+00   1.000000E+00   1.000000E+00
   6.493032E-01   6.501599E-01   6.624589E-01   6.758163E-01   6.905678E-01
   7.068586E-01   7.253491E-01   7.460993E-01   7.693701E-01   7.958394E-01
   8.259399E-01   8.596817E-01   8.970523E-01   9.370758E-01   9.752866E-01
   1.000000E+00   1.000000E+00   1.000000E+00   1.000000E+00   1.000000E+00
   1.000000E+00   6.825993E-01   6.837353E-01   7.000790E-01   7.183174E-01
   7.390209E-01   7.623967E-01   7.890650E-01   8.197820E-01   8.547035E-01
   8.939541E-01   9.368392E-01   9.781930E-01   1.000000E+00   1.000000E+00
   1.000000E+00   1.000000E+00   1.000000E+00   1.000000E+00   1.000000E+00
   1.000000E+00   1.000000E+00   7.284605E-01   7.299956E-01   7.531632E-01
   7.794009E-01   8.100050E-01   8.452399E-01   8.854074E-01   9.301525E-01
   9.749253E-01   1.000000E+00   1.000000E+00   1.000000E+00   1.000000E+00
   1.000000E+00   1.000000E+00   1.000000E+00   1.000000E+00   1.000000E+00
   1.000000E+00   1.000000E+00   1.000000E+00   7.474882E-01   7.556770E-01
   7.829350E-01   8.145632E-01   8.511821E-01   8.928725E-01   9.391717E-01
   9.835642E-01   1.000000E+00   1.000000E+00   1.000000E+00   1.000000E+00
   1.000000E+00   1.000000E+00   1.000000E+00   1.000000E+00   1.000000E+00
   1.000000E+00   1.000000E+00   1.000000E+00   1.000000E+00   5.556803E-01
   5.560871E-01   5.560352E-01   5.558922E-01   5.557539E-01   5.556563E-01
   5.555712E-01   5.555750E-01   5.555757E-01   5.556635E-01   5.558518E-01
   5.561265E-01   5.564470E-01   5.568172E-01   5.572895E-01   5.578399E-01
   5.584641E-01   5.591951E-01   5.598374E-01   5.617161E-01   5.611533E-01
   5.564258E-01   5.575202E-01   5.579056E-01   5.576666E-01   5.575546E-01
   5.575317E-01   5.575238E-01   5.575449E-01   5.576578E-01   5.578046E-01
   5.579220E-01   5.581262E-01   5.583562E-01   5.586520E-01   5.589464E-01
   5.593974E-01   5.598996E-01   5.605197E-01   5.612016E-01   5.627593E-01
   5.617490E-01   5.562081E-01   5.575897E-01   5.580723E-01   5.578365E-01
   5.579645E-01   5.580925E-01   5.582378E-01   5.584583E-01   5.587074E-01
   5.589783E-01   5.593151E-01   5.597222E-01   5.601382E-01   5.606652E-01
   5.612453E-01   5.619489E-01   5.627636E-01   5.637271E-01   5.647865E-01
   5.667631E-01   5.662036E-01   5.561252E-01   5.574457E-01   5.580452E-01
   5.579601E-01   5.582113E-01   5.584838E-01   5.587857E-01   5.590925E-01
   5.594944E-01   5.599216E-01   5.603906E-01   5.609657E-01   5.615980E-01
   5.623444E-01   5.631993E-01   5.641750E-01   5.653996E-01   5.667808E-01
   5.683438E-01   5.708512E-01   5.701782E-01   5.564221E-01   5.577492E-01
   5.585622E-01   5.586541E-01   5.590190E-01   5.594057E-01   5.598406E-01
   5.602889E-01   5.608272E-01   5.614297E-01   5.621355E-01   5.629025E-01
   5.638426E-01   5.648877E-01   5.661093E-01   5.675452E-01   5.692247E-01
   5.711862E-01   5.734025E-01   5.765811E-01   5.760339E-01   5.572663E-01
   5.583413E-01   5.593670E-01   5.595782E-01   5.600931E-01   5.606035E-01
   5.612270E-01   5.618637E-01   5.626231E-01   5.634776E-01   5.644549E-01
   5.656046E-01   5.668784E-01   5.684188E-01   5.701805E-01   5.722135E-01
   5.745537E-01   5.772364E-01   5.803479E-01   5.843532E-01   5.840357E-01
   5.585849E-01   5.591724E-01   5.604590E-01   5.608773E-01   5.615447E-01
   5.623007E-01   5.631149E-01   5.640662E-01   5.651163E-01   5.663399E-01
   5.677811E-01   5.693755E-01   5.712489E-01   5.733789E-01   5.758167E-01
   5.786294E-01   5.818287E-01   5.854950E-01   5.896415E-01   5.948040E-01
   5.947437E-01   5.602968E-01   5.603646E-01   5.619638E-01   5.626387E-01
   5.635860E-01   5.646409E-01   5.658233E-01   5.671562E-01   5.687061E-01
   5.704465E-01   5.724398E-01   5.746996E-01   5.772681E-01   5.802133E-01
   5.835502E-01   5.873215E-01   5.916334E-01   5.964926E-01   6.020428E-01
   6.087367E-01   6.089312E-01   5.624760E-01   5.621287E-01   5.641171E-01
   5.651689E-01   5.665119E-01   5.679728E-01   5.696515E-01   5.715898E-01
   5.737276E-01   5.761511E-01   5.789215E-01   5.820223E-01   5.855273E-01
   5.894757E-01   5.939212E-01   5.989539E-01   6.047076E-01   6.111842E-01
   6.184473E-01   6.269461E-01   6.274089E-01   5.653448E-01   5.647882E-01
   5.672096E-01   5.687733E-01   5.706351E-01   5.727548E-01   5.750927E-01
   5.777647E-01   5.807184E-01   5.840306E-01   5.877741E-01   5.919359E-01
   5.966131E-01   6.018484E-01   6.078104E-01   6.144605E-01   6.219022E-01
   6.302514E-01   6.396555E-01   6.504892E-01   6.512265E-01   5.692693E-01
   5.687072E-01   5.716656E-01   5.739391E-01   5.765548E-01   5.794335E-01
   5.826427E-01   5.862573E-01   5.902568E-01   5.947002E-01   5.996496E-01
   6.052293E-01   6.114449E-01   6.183223E-01   6.259889E-01   6.345468E-01
   6.441368E-01   6.549304E-01   6.673554E-01   6.817190E-01   6.827579E-01
   5.747728E-01   5.743419E-01   5.779841E-01   5.811418E-01   5.846673E-01
   5.885909E-01   5.929205E-01   5.977060E-01   6.030699E-01   6.090155E-01
   6.155658E-01   6.227937E-01   6.308029E-01   6.396700E-01   6.495205E-01
   6.607015E-01   6.733472E-01   6.876673E-01   7.040581E-01   7.232022E-01
   7.246507E-01   5.823854E-01   5.821405E-01   5.867091E-01   5.909611E-01
   5.956968E-01   6.008825E-01   6.067195E-01   6.130981E-01   6.201071E-01
   6.278111E-01   6.363004E-01   6.456413E-01   6.560212E-01   6.677219E-01
   6.807712E-01   6.954382E-01   7.121183E-01   7.313447E-01   7.536698E-01
   7.802683E-01   7.822888E-01   5.927577E-01   5.927286E-01   5.984391E-01
   6.041408E-01   6.104554E-01   6.173555E-01   6.249235E-01   6.332430E-01
   6.423556E-01   6.523380E-01   6.636023E-01   6.760332E-01   6.897926E-01
   7.051903E-01   7.225617E-01   7.423271E-01   7.650260E-01   7.919316E-01
   8.240128E-01   8.624643E-01   8.653249E-01   6.066711E-01   6.068855E-01
   6.141850E-01   6.216832E-01   6.298798E-01   6.389096E-01   6.487775E-01
   6.597806E-01   6.719856E-01   6.854303E-01   7.003514E-01   7.169826E-01
   7.356145E-01   7.565420E-01   7.806290E-01   8.085797E-01   8.411514E-01
   8.793003E-01   9.239039E-01   9.720234E-01   9.750293E-01   6.250882E-01
   6.255555E-01   6.348387E-01   6.446411E-01   6.554325E-01   6.675487E-01
   6.809009E-01   6.956622E-01   7.121086E-01   7.304914E-01   7.510341E-01
   7.742785E-01   8.008933E-01   8.311438E-01   8.654913E-01   9.048673E-01
   9.478984E-01   9.884038E-01   1.000000E+00   1.000000E+00   1.000000E+00
   6.492463E-01   6.500118E-01   6.621935E-01   6.754423E-01   6.900818E-01
   7.064112E-01   7.247177E-01   7.452307E-01   7.683589E-01   7.949605E-01
   8.251871E-01   8.593064E-01   8.978534E-01   9.394693E-01   9.794766E-01
   1.000000E+00   1.000000E+00   1.000000E+00   1.000000E+00   1.000000E+00
   1.000000E+00   6.820323E-01   6.830758E-01   6.993609E-01   7.174461E-01
   7.378062E-01   7.607254E-01   7.873097E-01   8.177496E-01   8.523955E-01
   8.918243E-01   9.350723E-01   9.771912E-01   1.000000E+00   1.000000E+00
   1.000000E+00   1.000000E+00   1.000000E+00   1.000000E+00   1.000000E+00
   1.000000E+00   1.000000E+00   7.268686E-01   7.283912E-01   7.511306E-01
   7.771079E-01   8.072729E-01   8.419582E-01   8.817711E-01   9.264928E-01
   9.717069E-01   1.000000E+00   1.000000E+00   1.000000E+00   1.000000E+00
   1.000000E+00   1.000000E+00   1.000000E+00   1.000000E+00   1.000000E+00
   1.000000E+00   1.000000E+00   1.000000E+00   7.915685E-01   7.938641E-01
   8.279248E-01   8.670941E-01   9.123086E-01   9.602780E-01   9.983629E-01
   1.000000E+00   1.000000E+00   1.000000E+00   1.000000E+00   1.000000E+00
   1.000000E+00   1.000000E+00   1.000000E+00   1.000000E+00   1.000000E+00
   1.000000E+00   1.000000E+00   1.000000E+00   1.000000E+00   8.195168E-01
   8.316781E-01   8.722896E-01   9.188018E-01   9.674326E-01   1.000000E+00
   1.000000E+00   1.000000E+00   1.000000E+00   1.000000E+00   1.000000E+00
   1.000000E+00   1.000000E+00   1.000000E+00   1.000000E+00   1.000000E+00
   1.000000E+00   1.000000E+00   1.000000E+00   1.000000E+00   1.000000E+00
   5.644650E-01   5.647284E-01   5.646341E-01   5.644134E-01   5.641692E-01
   5.639691E-01   5.637868E-01   5.637127E-01   5.636378E-01   5.636743E-01
   5.638591E-01   5.641610E-01   5.645405E-01   5.650093E-01   5.656251E-01
   5.663642E-01   5.672014E-01   5.681879E-01   5.691291E-01   5.714043E-01
   5.707236E-01   5.650726E-01   5.658687E-01   5.662705E-01   5.659179E-01
   5.657028E-01   5.656091E-01   5.655558E-01   5.655537E-01   5.656835E-01
   5.658681E-01   5.660397E-01   5.663370E-01   5.666767E-01   5.671031E-01
   5.675538E-01   5.681965E-01   5.689076E-01   5.697695E-01   5.707525E-01
   5.726759E-01   5.713827E-01   5.646575E-01   5.657600E-01   5.663312E-01
   5.659917E-01   5.660963E-01   5.662131E-01   5.663796E-01   5.666446E-01
   5.669731E-01   5.673437E-01   5.678060E-01   5.683558E-01   5.689510E-01
   5.696801E-01   5.704984E-01   5.714671E-01   5.725833E-01   5.738808E-01
   5.753229E-01   5.777642E-01   5.768948E-01   5.643101E-01   5.654236E-01
   5.661605E-01   5.660464E-01   5.663395E-01   5.666775E-01   5.670874E-01
   5.675107E-01   5.680577E-01   5.686684E-01   5.693182E-01   5.701237E-01
   5.710078E-01   5.720364E-01   5.732091E-01   5.745372E-01   5.761630E-01
   5.780030E-01   5.801035E-01   5.832205E-01   5.822156E-01   5.644658E-01
   5.657527E-01   5.667544E-01   5.669078E-01   5.673842E-01   5.679029E-01
   5.685114E-01   5.691307E-01   5.698940E-01   5.707296E-01   5.716982E-01
   5.727667E-01   5.740367E-01   5.754635E-01   5.771088E-01   5.790322E-01
   5.812665E-01   5.838751E-01   5.868292E-01   5.908215E-01   5.899663E-01
   5.654017E-01   5.665586E-01   5.678123E-01   5.681647E-01   5.688535E-01
   5.695694E-01   5.704124E-01   5.713087E-01   5.723590E-01   5.735254E-01
   5.748613E-01   5.764058E-01   5.781314E-01   5.801967E-01   5.825502E-01
   5.852630E-01   5.883667E-01   5.919372E-01   5.960605E-01   6.011828E-01
   6.006163E-01   5.670797E-01   5.677709E-01   5.693193E-01   5.699567E-01
   5.708743E-01   5.719063E-01   5.730271E-01   5.743042E-01   5.757415E-01
   5.773871E-01   5.793172E-01   5.814737E-01   5.839711E-01   5.868214E-01
   5.900757E-01   5.938204E-01   5.980783E-01   6.029448E-01   6.084698E-01
   6.151432E-01   6.149499E-01   5.694133E-01   5.694884E-01   5.714159E-01
   5.724034E-01   5.736701E-01   5.750943E-01   5.766770E-01   5.784827E-01
   5.805591E-01   5.828888E-01   5.855529E-01   5.885783E-01   5.920076E-01
   5.959409E-01   6.003900E-01   6.054214E-01   6.111748E-01   6.176623E-01
   6.250283E-01   6.338511E-01   6.340227E-01   5.724498E-01   5.719646E-01
   5.743742E-01   5.758411E-01   5.776186E-01   5.795783E-01   5.818215E-01
   5.844040E-01   5.872584E-01   5.905093E-01   5.942000E-01   5.983450E-01
   6.030245E-01   6.083049E-01   6.142627E-01   6.209754E-01   6.286819E-01
   6.374538E-01   6.473654E-01   6.588525E-01   6.594454E-01   5.763695E-01
   5.755864E-01   5.785604E-01   5.806704E-01   5.831452E-01   5.859565E-01
   5.890789E-01   5.926283E-01   5.965742E-01   6.010020E-01   6.059974E-01
   6.115807E-01   6.178392E-01   6.248332E-01   6.329067E-01   6.419644E-01
   6.521630E-01   6.637176E-01   6.769085E-01   6.921295E-01   6.931910E-01
   5.816813E-01   5.808416E-01   5.845212E-01   5.875559E-01   5.910178E-01
   5.948377E-01   5.991241E-01   6.039297E-01   6.092754E-01   6.152352E-01
   6.218467E-01   6.293701E-01   6.378222E-01   6.472404E-01   6.578244E-01
   6.697659E-01   6.833124E-01   6.987128E-01   7.168576E-01   7.381167E-01
   7.397436E-01   5.890367E-01   5.883281E-01   5.929219E-01   5.971148E-01
   6.017919E-01   6.070055E-01   6.127975E-01   6.191939E-01   6.263567E-01
   6.344357E-01   6.433919E-01   6.533444E-01   6.644758E-01   6.769678E-01
   6.910106E-01   7.071371E-01   7.257976E-01   7.474064E-01   7.727391E-01
   8.029214E-01   8.053540E-01   5.991421E-01   5.986599E-01   6.044958E-01
   6.101562E-01   6.164509E-01   6.233511E-01   6.312239E-01   6.399206E-01
   6.495294E-01   6.602079E-01   6.721187E-01   6.853879E-01   7.002619E-01
   7.174187E-01   7.369384E-01   7.593458E-01   7.854517E-01   8.162860E-01
   8.528369E-01   8.964137E-01   8.997967E-01   6.128677E-01   6.127104E-01
   6.200932E-01   6.277014E-01   6.362492E-01   6.456694E-01   6.561037E-01
   6.677022E-01   6.805835E-01   6.948463E-01   7.112423E-01   7.297210E-01
   7.506056E-01   7.745067E-01   8.020986E-01   8.341938E-01   8.715424E-01
   9.153612E-01   9.632264E-01   9.999480E-01   1.000000E+00   6.313946E-01
   6.315848E-01   6.412977E-01   6.515536E-01   6.629217E-01   6.755990E-01
   6.896635E-01   7.055185E-01   7.235449E-01   7.438258E-01   7.668242E-01
   7.930787E-01   8.231700E-01   8.575468E-01   8.971219E-01   9.411773E-01
   9.840993E-01   1.000000E+00   1.000000E+00   1.000000E+00   1.000000E+00
   6.564836E-01   6.570670E-01   6.698161E-01   6.836726E-01   6.990930E-01
   7.168455E-01   7.368370E-01   7.594243E-01   7.852124E-01   8.147360E-01
   8.483808E-01   8.866751E-01   9.294119E-01   9.724706E-01   1.000000E+00
   1.000000E+00   1.000000E+00   1.000000E+00   1.000000E+00   1.000000E+00
   1.000000E+00   6.904309E-01   6.915082E-01   7.089236E-01   7.285453E-01
   7.507383E-01   7.761222E-01   8.053072E-01   8.387461E-01   8.768715E-01
   9.200682E-01   9.647560E-01   9.988656E-01   1.000000E+00   1.000000E+00
   1.000000E+00   1.000000E+00   1.000000E+00   1.000000E+00   1.000000E+00
   1.000000E+00   1.000000E+00   7.385678E-01   7.402041E-01   7.650592E-01
   7.935827E-01   8.265167E-01   8.642240E-01   9.078080E-01   9.544948E-01
   9.945181E-01   1.000000E+00   1.000000E+00   1.000000E+00   1.000000E+00
   1.000000E+00   1.000000E+00   1.000000E+00   1.000000E+00   1.000000E+00
   1.000000E+00   1.000000E+00   1.000000E+00   8.087405E-01   8.113150E-01
   8.483908E-01   8.911930E-01   9.391052E-01   9.849301E-01   1.000000E+00
   1.000000E+00   1.000000E+00   1.000000E+00   1.000000E+00   1.000000E+00
   1.000000E+00   1.000000E+00   1.000000E+00   1.000000E+00   1.000000E+00
   1.000000E+00   1.000000E+00   1.000000E+00   1.000000E+00   9.142859E-01
   9.181239E-01   9.681627E-01   1.000000E+00   1.000000E+00   1.000000E+00
   1.000000E+00   1.000000E+00   1.000000E+00   1.000000E+00   1.000000E+00
   1.000000E+00   1.000000E+00   1.000000E+00   1.000000E+00   1.000000E+00
   1.000000E+00   1.000000E+00   1.000000E+00   1.000000E+00   1.000000E+00
   9.568231E-01   9.730050E-01   1.000000E+00   1.000000E+00   1.000000E+00
   1.000000E+00   1.000000E+00   1.000000E+00   1.000000E+00   1.000000E+00
   1.000000E+00   1.000000E+00   1.000000E+00   1.000000E+00   1.000000E+00
   1.000000E+00   1.000000E+00   1.000000E+00   1.000000E+00   1.000000E+00
   1.000000E+00   5.720846E-01   5.722584E-01   5.721063E-01   5.717702E-01
   5.713761E-01   5.710186E-01   5.706814E-01   5.704591E-01   5.702629E-01
   5.702009E-01   5.703495E-01   5.706641E-01   5.711135E-01   5.717197E-01
   5.725358E-01   5.735494E-01   5.747110E-01   5.760819E-01   5.774856E-01
   5.802829E-01   5.796801E-01   5.726153E-01   5.731073E-01   5.734809E-01
   5.729423E-01   5.725499E-01   5.723123E-01   5.721558E-01   5.720976E-01
   5.722169E-01   5.724429E-01   5.726875E-01   5.731168E-01   5.736289E-01
   5.742654E-01   5.749709E-01   5.759156E-01   5.769729E-01   5.782241E-01
   5.796865E-01   5.821333E-01   5.806712E-01   5.719144E-01   5.726656E-01
   5.733073E-01   5.728092E-01   5.728308E-01   5.729104E-01   5.730768E-01
   5.733957E-01   5.738267E-01   5.743411E-01   5.749947E-01   5.757696E-01
   5.766434E-01   5.776948E-01   5.788842E-01   5.802691E-01   5.818737E-01
   5.837041E-01   5.857525E-01   5.888554E-01   5.877392E-01   5.711349E-01
   5.719622E-01   5.728584E-01   5.726951E-01   5.730228E-01   5.734408E-01
   5.739959E-01   5.745941E-01   5.753674E-01   5.762517E-01   5.771985E-01
   5.783611E-01   5.796379E-01   5.811226E-01   5.828071E-01   5.846956E-01
   5.869495E-01   5.895002E-01   5.924316E-01   5.964175E-01   5.951397E-01
   5.710196E-01   5.722457E-01   5.735021E-01   5.737479E-01   5.743793E-01
   5.750997E-01   5.759669E-01   5.768653E-01   5.779730E-01   5.791764E-01
   5.805712E-01   5.821278E-01   5.839220E-01   5.859484E-01   5.882595E-01
   5.909395E-01   5.940309E-01   5.976234E-01   6.017023E-01   6.068704E-01
   6.057653E-01   5.720206E-01   5.733360E-01   5.749173E-01   5.754995E-01
   5.764531E-01   5.774945E-01   5.786832E-01   5.799881E-01   5.815056E-01
   5.831700E-01   5.850753E-01   5.872422E-01   5.896790E-01   5.925481E-01
   5.958107E-01   5.995614E-01   6.038351E-01   6.087480E-01   6.143994E-01
   6.211621E-01   6.204238E-01   5.741848E-01   5.751351E-01   5.770725E-01
   5.780621E-01   5.793660E-01   5.808367E-01   5.824520E-01   5.842538E-01
   5.863009E-01   5.886078E-01   5.912942E-01   5.943124E-01   5.977689E-01
   6.017155E-01   6.062134E-01   6.113672E-01   6.172322E-01   6.239203E-01
   6.315415E-01   6.405028E-01   6.402951E-01   5.774437E-01   5.777012E-01
   5.801028E-01   5.815925E-01   5.833700E-01   5.853754E-01   5.875875E-01
   5.901228E-01   5.930068E-01   5.962472E-01   5.999376E-01   6.041305E-01
   6.088745E-01   6.143006E-01   6.204399E-01   6.273940E-01   6.353453E-01
   6.443573E-01   6.545348E-01   6.666890E-01   6.670137E-01   5.817980E-01
   5.813277E-01   5.843451E-01   5.864592E-01   5.889164E-01   5.916496E-01
   5.947618E-01   5.983241E-01   6.022771E-01   6.067803E-01   6.118691E-01
   6.176023E-01   6.240671E-01   6.313779E-01   6.396719E-01   6.490175E-01
   6.597471E-01   6.721738E-01   6.863876E-01   7.028334E-01   7.038220E-01
   5.873700E-01   5.864753E-01   5.902354E-01   5.931956E-01   5.966042E-01
   6.004694E-01   6.047831E-01   6.096640E-01   6.151173E-01   6.212416E-01
   6.281439E-01   6.359047E-01   6.446189E-01   6.543348E-01   6.657432E-01
   6.786732E-01   6.933908E-01   7.103300E-01   7.300513E-01   7.530751E-01
   7.548830E-01   5.948196E-01   5.937944E-01   5.985075E-01   6.026954E-01
   6.074348E-01   6.126913E-01   6.186066E-01   6.252263E-01   6.326312E-01
   6.409352E-01   6.501596E-01   6.606914E-01   6.727081E-01   6.862550E-01
   7.016797E-01   7.193639E-01   7.398186E-01   7.635134E-01   7.922156E-01
   8.264651E-01   8.293168E-01   6.049892E-01   6.040880E-01   6.100652E-01
   6.158238E-01   6.222477E-01   6.294275E-01   6.374647E-01   6.463782E-01
   6.563242E-01   6.677865E-01   6.806266E-01   6.950538E-01   7.114359E-01
   7.301721E-01   7.516516E-01   7.767812E-01   8.066526E-01   8.420108E-01
   8.838768E-01   9.322342E-01   9.360978E-01   6.188727E-01   6.182500E-01
   6.259554E-01   6.337657E-01   6.424816E-01   6.520793E-01   6.631231E-01
   6.755290E-01   6.893855E-01   7.050251E-01   7.227691E-01   7.429199E-01
   7.659009E-01   7.931230E-01   8.247971E-01   8.617466E-01   9.046773E-01
   9.523351E-01   9.948354E-01   1.000000E+00   1.000000E+00   6.377195E-01
   6.375704E-01   6.475370E-01   6.581008E-01   6.702022E-01   6.837181E-01
   6.988891E-01   7.160376E-01   7.354707E-01   7.574395E-01   7.831701E-01
   8.129427E-01   8.472526E-01   8.867770E-01   9.311079E-01   9.761266E-01
   1.000000E+00   1.000000E+00   1.000000E+00   1.000000E+00   1.000000E+00
   6.634532E-01   6.638123E-01   6.773862E-01   6.921662E-01   7.088511E-01
   7.278107E-01   7.493005E-01   7.739775E-01   8.028227E-01   8.359860E-01
   8.740304E-01   9.168905E-01   9.619490E-01   9.979502E-01   1.000000E+00
   1.000000E+00   1.000000E+00   1.000000E+00   1.000000E+00   1.000000E+00
   1.000000E+00   6.994687E-01   7.004378E-01   7.190736E-01   7.400190E-01
   7.637849E-01   7.919382E-01   8.244087E-01   8.617064E-01   9.041789E-01
   9.500453E-01   9.911410E-01   1.000000E+00   1.000000E+00   1.000000E+00
   1.000000E+00   1.000000E+00   1.000000E+00   1.000000E+00   1.000000E+00
   1.000000E+00   1.000000E+00   7.504555E-01   7.522777E-01   7.792705E-01
   8.108098E-01   8.472660E-01   8.892748E-01   9.359501E-01   9.813806E-01
   1.000000E+00   1.000000E+00   1.000000E+00   1.000000E+00   1.000000E+00
   1.000000E+00   1.000000E+00   1.000000E+00   1.000000E+00   1.000000E+00
   1.000000E+00   1.000000E+00   1.000000E+00   8.271500E-01   8.300477E-01
   8.709909E-01   9.176028E-01   9.663894E-01   1.000000E+00   1.000000E+00
   1.000000E+00   1.000000E+00   1.000000E+00   1.000000E+00   1.000000E+00
   1.000000E+00   1.000000E+00   1.000000E+00   1.000000E+00   1.000000E+00
   1.000000E+00   1.000000E+00   1.000000E+00   1.000000E+00   9.410643E-01
   9.450620E-01   9.911571E-01   1.000000E+00   1.000000E+00   1.000000E+00
   1.000000E+00   1.000000E+00   1.000000E+00   1.000000E+00   1.000000E+00
   1.000000E+00   1.000000E+00   1.000000E+00   1.000000E+00   1.000000E+00
   1.000000E+00   1.000000E+00   1.000000E+00   1.000000E+00   1.000000E+00
   1.000000E+00   1.000000E+00   1.000000E+00   1.000000E+00   1.000000E+00
   1.000000E+00   1.000000E+00   1.000000E+00   1.000000E+00   1.000000E+00
   1.000000E+00   1.000000E+00   1.000000E+00   1.000000E+00   1.000000E+00
   1.000000E+00   1.000000E+00   1.000000E+00   1.000000E+00   1.000000E+00
   1.000000E+00   1.000000E+00   1.000000E+00   1.000000E+00   1.000000E+00
   1.000000E+00   1.000000E+00   1.000000E+00   1.000000E+00   1.000000E+00
   1.000000E+00   1.000000E+00   1.000000E+00   1.000000E+00   1.000000E+00
   1.000000E+00   1.000000E+00   1.000000E+00   1.000000E+00   1.000000E+00
   1.000000E+00   1.000000E+00   5.852698E-01   5.852885E-01   5.849442E-01
   5.842585E-01   5.833604E-01   5.824150E-01   5.814887E-01   5.806166E-01
   5.799020E-01   5.793996E-01   5.792723E-01   5.795243E-01   5.801414E-01
   5.811945E-01   5.827025E-01   5.846956E-01   5.870781E-01   5.899346E-01
   5.930968E-01   5.977628E-01   5.979402E-01   5.857189E-01   5.851642E-01
   5.851773E-01   5.838538E-01   5.826479E-01   5.816611E-01   5.808540E-01
   5.803484E-01   5.801652E-01   5.803516E-01   5.807567E-01   5.815742E-01
   5.827180E-01   5.842297E-01   5.860420E-01   5.882782E-01   5.908833E-01
   5.938631E-01   5.973546E-01   6.020041E-01   6.007520E-01   5.841213E-01
   5.832205E-01   5.836684E-01   5.824954E-01   5.818653E-01   5.815453E-01
   5.814817E-01   5.817872E-01   5.824415E-01   5.834171E-01   5.847686E-01
   5.864712E-01   5.884856E-01   5.909221E-01   5.936968E-01   5.968827E-01
   6.006456E-01   6.048216E-01   6.094958E-01   6.153651E-01   6.143652E-01
   5.817145E-01   5.806625E-01   5.816246E-01   5.811817E-01   5.813809E-01
   5.819156E-01   5.828454E-01   5.840536E-01   5.856615E-01   5.876102E-01
   5.898594E-01   5.925179E-01   5.954781E-01   5.989665E-01   6.028973E-01
   6.072485E-01   6.122122E-01   6.177975E-01   6.241744E-01   6.317939E-01
   6.308916E-01   5.803286E-01   5.800740E-01   5.818342E-01   5.823932E-01
   5.834948E-01   5.849490E-01   5.867859E-01   5.888742E-01   5.914001E-01
   5.942032E-01   5.974514E-01   6.011691E-01   6.052900E-01   6.099003E-01
   6.150833E-01   6.209667E-01   6.276404E-01   6.352704E-01   6.439455E-01
   6.540974E-01   6.536841E-01   5.812173E-01   5.817921E-01   5.843367E-01
   5.858607E-01   5.878865E-01   5.902692E-01   5.929611E-01   5.960134E-01
   5.995561E-01   6.034582E-01   6.078199E-01   6.127091E-01   6.181884E-01
   6.244051E-01   6.314477E-01   6.394559E-01   6.485561E-01   6.589580E-01
   6.708961E-01   6.847582E-01   6.851091E-01   5.849318E-01   5.857893E-01
   5.890903E-01   5.916150E-01   5.945494E-01   5.979093E-01   6.017117E-01
   6.058639E-01   6.105330E-01   6.157022E-01   6.215788E-01   6.281659E-01
   6.356094E-01   6.440556E-01   6.536477E-01   6.645866E-01   6.770973E-01
   6.914332E-01   7.079935E-01   7.274781E-01   7.288750E-01   5.915539E-01
   5.919917E-01   5.961356E-01   5.998068E-01   6.038643E-01   6.083746E-01
   6.133364E-01   6.189286E-01   6.252039E-01   6.322336E-01   6.401655E-01
   6.491426E-01   6.592985E-01   6.708599E-01   6.840479E-01   6.991339E-01
   7.165646E-01   7.368336E-01   7.600606E-01   7.888344E-01   7.912611E-01
   6.010016E-01   6.007105E-01   6.060300E-01   6.108907E-01   6.162787E-01
   6.222711E-01   6.290057E-01   6.366031E-01   6.451009E-01   6.547118E-01
   6.655670E-01   6.778768E-01   6.918365E-01   7.078085E-01   7.263350E-01
   7.476605E-01   7.725642E-01   8.027707E-01   8.386510E-01   8.812754E-01
   8.848863E-01   6.132244E-01   6.124991E-01   6.191913E-01   6.257036E-01
   6.329875E-01   6.411875E-01   6.503761E-01   6.607366E-01   6.724195E-01
   6.856378E-01   7.006345E-01   7.177897E-01   7.374690E-01   7.597457E-01
   7.870379E-01   8.191054E-01   8.568185E-01   9.010398E-01   9.505793E-01
   9.948475E-01   9.970450E-01   6.291903E-01   6.284320E-01   6.370526E-01
   6.459392E-01   6.559148E-01   6.671247E-01   6.797927E-01   6.940857E-01
   7.103296E-01   7.289699E-01   7.501603E-01   7.747637E-01   8.041114E-01
   8.383871E-01   8.784779E-01   9.243369E-01   9.722868E-01   1.000000E+00
   1.000000E+00   1.000000E+00   1.000000E+00   6.505791E-01   6.501753E-01
   6.615506E-01   6.737629E-01   6.875315E-01   7.031263E-01   7.209361E-01
   7.411959E-01   7.641190E-01   7.917924E-01   8.238986E-01   8.610735E-01
   9.039050E-01   9.508871E-01   9.930077E-01   1.000000E+00   1.000000E+00
   1.000000E+00   1.000000E+00   1.000000E+00   1.000000E+00   6.798785E-01
   6.801023E-01   6.955015E-01   7.125789E-01   7.321303E-01   7.542725E-01
   7.802570E-01   8.108422E-01   8.462081E-01   8.870777E-01   9.328240E-01
   9.784259E-01   1.000000E+00   1.000000E+00   1.000000E+00   1.000000E+00
   1.000000E+00   1.000000E+00   1.000000E+00   1.000000E+00   1.000000E+00
   7.207719E-01   7.220222E-01   7.436426E-01   7.680666E-01   7.974213E-01
   8.314851E-01   8.708469E-01   9.156331E-01   9.629232E-01   9.992076E-01
   1.000000E+00   1.000000E+00   1.000000E+00   1.000000E+00   1.000000E+00
   1.000000E+00   1.000000E+00   1.000000E+00   1.000000E+00   1.000000E+00
   1.000000E+00   7.802836E-01   7.825849E-01   8.152981E-01   8.531666E-01
   8.968693E-01   9.450714E-01   9.895138E-01   1.000000E+00   1.000000E+00
   1.000000E+00   1.000000E+00   1.000000E+00   1.000000E+00   1.000000E+00
   1.000000E+00   1.000000E+00   1.000000E+00   1.000000E+00   1.000000E+00
   1.000000E+00   1.000000E+00   8.719264E-01   8.753663E-01   9.232935E-01
   9.725538E-01   1.000000E+00   1.000000E+00   1.000000E+00   1.000000E+00
   1.000000E+00   1.000000E+00   1.000000E+00   1.000000E+00   1.000000E+00
   1.000000E+00   1.000000E+00   1.000000E+00   1.000000E+00   1.000000E+00
   1.000000E+00   1.000000E+00   1.000000E+00   9.912215E-01   9.938782E-01
   1.000000E+00   1.000000E+00   1.000000E+00   1.000000E+00   1.000000E+00
   1.000000E+00   1.000000E+00   1.000000E+00   1.000000E+00   1.000000E+00
   1.000000E+00   1.000000E+00   1.000000E+00   1.000000E+00   1.000000E+00
   1.000000E+00   1.000000E+00   1.000000E+00   1.000000E+00   1.000000E+00
   1.000000E+00   1.000000E+00   1.000000E+00   1.000000E+00   1.000000E+00
   1.000000E+00   1.000000E+00   1.000000E+00   1.000000E+00   1.000000E+00
   1.000000E+00   1.000000E+00   1.000000E+00   1.000000E+00   1.000000E+00
   1.000000E+00   1.000000E+00   1.000000E+00   1.000000E+00   1.000000E+00
   1.000000E+00   1.000000E+00   1.000000E+00   1.000000E+00   1.000000E+00
   1.000000E+00   1.000000E+00   1.000000E+00   1.000000E+00   1.000000E+00
   1.000000E+00   1.000000E+00   1.000000E+00   1.000000E+00   1.000000E+00
   1.000000E+00   1.000000E+00   1.000000E+00   1.000000E+00   1.000000E+00
   1.000000E+00   1.000000E+00   1.000000E+00   1.000000E+00   1.000000E+00
   1.000000E+00   1.000000E+00   1.000000E+00   1.000000E+00   1.000000E+00
   1.000000E+00   1.000000E+00   1.000000E+00   1.000000E+00   1.000000E+00
   1.000000E+00   1.000000E+00   1.000000E+00   1.000000E+00   1.000000E+00
   1.000000E+00   1.000000E+00   1.000000E+00   1.000000E+00   1.000000E+00
   1.000000E+00   1.000000E+00   1.000000E+00   1.000000E+00   1.000000E+00
   1.000000E+00   1.000000E+00   1.000000E+00   1.000000E+00   1.000000E+00
   1.000000E+00   1.000000E+00   1.000000E+00   1.000000E+00   1.000000E+00
   1.000000E+00   1.000000E+00   1.000000E+00   5.951474E-01   5.958096E-01
   5.954410E-01   5.942719E-01   5.925782E-01   5.905388E-01   5.883678E-01
   5.861238E-01   5.841655E-01   5.826408E-01   5.817694E-01   5.816886E-01
   5.825261E-01   5.844074E-01   5.873552E-01   5.914391E-01   5.966336E-01
   6.028782E-01   6.101647E-01   6.185817E-01   6.217055E-01   5.964898E-01
   5.955998E-01   5.948746E-01   5.919949E-01   5.889278E-01   5.859522E-01
   5.833139E-01   5.812315E-01   5.798702E-01   5.793600E-01   5.797398E-01
   5.811020E-01   5.834946E-01   5.869298E-01   5.913929E-01   5.968949E-01
   6.034911E-01   6.110322E-01   6.195535E-01   6.295619E-01   6.303407E-01
   5.938165E-01   5.908474E-01   5.903154E-01   5.874186E-01   5.848232E-01
   5.828389E-01   5.815813E-01   5.812353E-01   5.818422E-01   5.834683E-01
   5.861495E-01   5.899072E-01   5.947272E-01   6.006386E-01   6.075960E-01
   6.154173E-01   6.248316E-01   6.353295E-01   6.468951E-01   6.598149E-01
   6.608680E-01   5.883843E-01   5.837406E-01   5.837223E-01   5.821482E-01
   5.813623E-01   5.815335E-01   5.826920E-01   5.848895E-01   5.881665E-01
   5.924971E-01   5.978853E-01   6.043920E-01   6.118504E-01   6.203683E-01
   6.303068E-01   6.412472E-01   6.533696E-01   6.668904E-01   6.820705E-01
   6.992768E-01   7.007114E-01   5.840690E-01   5.798104E-01   5.812976E-01
   5.820381E-01   5.837610E-01   5.865725E-01   5.904426E-01   5.953688E-01
   6.013812E-01   6.083952E-01   6.161554E-01   6.256641E-01   6.361101E-01
   6.475534E-01   6.602616E-01   6.744361E-01   6.903790E-01   7.084765E-01
   7.292283E-01   7.532890E-01   7.553323E-01   5.841958E-01   5.815764E-01
   5.850600E-01   5.884844E-01   5.929574E-01   5.984945E-01   6.051282E-01
   6.126829E-01   6.213454E-01   6.313118E-01   6.422201E-01   6.542883E-01
   6.676642E-01   6.825882E-01   6.993960E-01   7.184995E-01   7.404425E-01
   7.659279E-01   7.958640E-01   8.313926E-01   8.344579E-01   5.908956E-01
   5.899686E-01   5.956504E-01   6.018486E-01   6.090428E-01   6.170277E-01
   6.266704E-01   6.372266E-01   6.487525E-01   6.614925E-01   6.756272E-01
   6.914364E-01   7.092595E-01   7.295464E-01   7.528837E-01   7.800130E-01
   8.118618E-01   8.493479E-01   8.933675E-01   9.435212E-01   9.477565E-01
   6.048417E-01   6.050892E-01   6.130594E-01   6.219956E-01   6.321878E-01
   6.433172E-01   6.555828E-01   6.691306E-01   6.841801E-01   7.010380E-01
   7.200777E-01   7.417893E-01   7.667894E-01   7.958739E-01   8.299767E-01
   8.698830E-01   9.159914E-01   9.654433E-01   1.000000E+00   1.000000E+00
   1.000000E+00   6.260728E-01   6.268482E-01   6.377333E-01   6.495903E-01
   6.626575E-01   6.771234E-01   6.932527E-01   7.113666E-01   7.318804E-01
   7.553315E-01   7.823832E-01   8.138455E-01   8.504440E-01   8.929409E-01
   9.408585E-01   9.866782E-01   1.000000E+00   1.000000E+00   1.000000E+00
   1.000000E+00   1.000000E+00   6.548358E-01   6.558421E-01   6.698374E-01
   6.853695E-01   7.027432E-01   7.223292E-01   7.446011E-01   7.701455E-01
   7.996911E-01   8.340432E-01   8.738184E-01   9.191592E-01   9.668344E-01
   1.000000E+00   1.000000E+00   1.000000E+00   1.000000E+00   1.000000E+00
   1.000000E+00   1.000000E+00   1.000000E+00   6.923790E-01   6.937101E-01
   7.124861E-01   7.337672E-01   7.580897E-01   7.861161E-01   8.186266E-01
   8.562559E-01   8.995197E-01   9.472432E-01   9.906516E-01   1.000000E+00
   1.000000E+00   1.000000E+00   1.000000E+00   1.000000E+00   1.000000E+00
   1.000000E+00   1.000000E+00   1.000000E+00   1.000000E+00   7.436424E-01
   7.454847E-01   7.721095E-01   8.029778E-01   8.388603E-01   8.803311E-01
   9.271578E-01   9.746067E-01   1.000000E+00   1.000000E+00   1.000000E+00
   1.000000E+00   1.000000E+00   1.000000E+00   1.000000E+00   1.000000E+00
   1.000000E+00   1.000000E+00   1.000000E+00   1.000000E+00   1.000000E+00
   8.177177E-01   8.203959E-01   8.599273E-01   9.053573E-01   9.546935E-01
   9.961287E-01   1.000000E+00   1.000000E+00   1.000000E+00   1.000000E+00
   1.000000E+00   1.000000E+00   1.000000E+00   1.000000E+00   1.000000E+00
   1.000000E+00   1.000000E+00   1.000000E+00   1.000000E+00   1.000000E+00
   1.000000E+00   9.262559E-01   9.303682E-01   9.793871E-01   1.000000E+00
   1.000000E+00   1.000000E+00   1.000000E+00   1.000000E+00   1.000000E+00
   1.000000E+00   1.000000E+00   1.000000E+00   1.000000E+00   1.000000E+00
   1.000000E+00   1.000000E+00   1.000000E+00   1.000000E+00   1.000000E+00
   1.000000E+00   1.000000E+00   1.000000E+00   1.000000E+00   1.000000E+00
   1.000000E+00   1.000000E+00   1.000000E+00   1.000000E+00   1.000000E+00
   1.000000E+00   1.000000E+00   1.000000E+00   1.000000E+00   1.000000E+00
   1.000000E+00   1.000000E+00   1.000000E+00   1.000000E+00   1.000000E+00
   1.000000E+00   1.000000E+00   1.000000E+00   1.000000E+00   1.000000E+00
   1.000000E+00   1.000000E+00   1.000000E+00   1.000000E+00   1.000000E+00
   1.000000E+00   1.000000E+00   1.000000E+00   1.000000E+00   1.000000E+00
   1.000000E+00   1.000000E+00   1.000000E+00   1.000000E+00   1.000000E+00
   1.000000E+00   1.000000E+00   1.000000E+00   1.000000E+00   1.000000E+00
   1.000000E+00   1.000000E+00   1.000000E+00   1.000000E+00   1.000000E+00
   1.000000E+00   1.000000E+00   1.000000E+00   1.000000E+00   1.000000E+00
   1.000000E+00   1.000000E+00   1.000000E+00   1.000000E+00   1.000000E+00
   1.000000E+00   1.000000E+00   1.000000E+00   1.000000E+00   1.000000E+00
   1.000000E+00   1.000000E+00   1.000000E+00   1.000000E+00   1.000000E+00
   1.000000E+00   1.000000E+00   1.000000E+00   1.000000E+00   1.000000E+00
   1.000000E+00   1.000000E+00   1.000000E+00   1.000000E+00   1.000000E+00
   1.000000E+00   1.000000E+00   1.000000E+00   1.000000E+00   1.000000E+00
   1.000000E+00   1.000000E+00   1.000000E+00   1.000000E+00   1.000000E+00
   1.000000E+00   1.000000E+00   1.000000E+00   1.000000E+00   1.000000E+00
   1.000000E+00   1.000000E+00   1.000000E+00   1.000000E+00   1.000000E+00
   1.000000E+00   1.000000E+00   1.000000E+00   1.000000E+00   1.000000E+00
   1.000000E+00   1.000000E+00   1.000000E+00   1.000000E+00   1.000000E+00
   1.000000E+00   1.000000E+00   1.000000E+00   1.000000E+00   1.000000E+00
   1.000000E+00   1.000000E+00   1.000000E+00   1.000000E+00   1.000000E+00
   1.000000E+00   1.000000E+00   1.000000E+00   1.000000E+00   1.000000E+00
   1.000000E+00   1.000000E+00   1.000000E+00   1.000000E+00   1.000000E+00
   1.000000E+00   1.000000E+00   1.000000E+00   1.000000E+00   1.000000E+00
   1.000000E+00   1.000000E+00   1.000000E+00   1.000000E+00   1.000000E+00
   1.000000E+00   1.000000E+00   1.000000E+00   1.000000E+00   1.000000E+00
   1.000000E+00   1.000000E+00   1.000000E+00   1.000000E+00   5.978924E-01
   6.003839E-01   6.065717E-01   6.138867E-01   6.227549E-01   6.330363E-01
   6.444130E-01   6.569764E-01   6.709218E-01   6.865045E-01   7.040538E-01
   7.239920E-01   7.468574E-01   7.733370E-01   8.042549E-01   8.405291E-01
   8.827941E-01   9.300138E-01   9.776806E-01   1.000000E+00   1.000000E+00
   6.070392E-01   6.070575E-01   6.147941E-01   6.238631E-01   6.341683E-01
   6.456182E-01   6.583046E-01   6.724016E-01   6.881634E-01   7.059199E-01
   7.260966E-01   7.492416E-01   7.760365E-01   8.073176E-01   8.438914E-01
   8.865013E-01   9.349034E-01   9.823739E-01   1.000000E+00   1.000000E+00
   1.000000E+00   6.286271E-01   6.293679E-01   6.404089E-01   6.524936E-01
   6.659177E-01   6.809222E-01   6.977816E-01   7.168666E-01   7.386555E-01
   7.637566E-01   7.929393E-01   8.271031E-01   8.669236E-01   9.127265E-01
   9.618453E-01   9.993917E-01   1.000000E+00   1.000000E+00   1.000000E+00
   1.000000E+00   1.000000E+00   6.583244E-01   6.593174E-01   6.737204E-01
   6.897930E-01   7.079001E-01   7.284875E-01   7.521098E-01   7.794501E-01
   8.113329E-01   8.484644E-01   8.915302E-01   9.400537E-01   9.861735E-01
   1.000000E+00   1.000000E+00   1.000000E+00   1.000000E+00   1.000000E+00
   1.000000E+00   1.000000E+00   1.000000E+00   6.974670E-01   6.987833E-01
   7.183339E-01   7.406516E-01   7.663560E-01   7.962288E-01   8.311428E-01
   8.717177E-01   9.180834E-01   9.667705E-01   1.000000E+00   1.000000E+00
   1.000000E+00   1.000000E+00   1.000000E+00   1.000000E+00   1.000000E+00
   1.000000E+00   1.000000E+00   1.000000E+00   1.000000E+00   7.514011E-01
   7.531833E-01   7.812239E-01   8.139576E-01   8.520557E-01   8.960846E-01
   9.451439E-01   9.900434E-01   1.000000E+00   1.000000E+00   1.000000E+00
   1.000000E+00   1.000000E+00   1.000000E+00   1.000000E+00   1.000000E+00
   1.000000E+00   1.000000E+00   1.000000E+00   1.000000E+00   1.000000E+00
   8.298599E-01   8.323367E-01   8.739844E-01   9.215033E-01   9.706903E-01
   1.000000E+00   1.000000E+00   1.000000E+00   1.000000E+00   1.000000E+00
   1.000000E+00   1.000000E+00   1.000000E+00   1.000000E+00   1.000000E+00
   1.000000E+00   1.000000E+00   1.000000E+00   1.000000E+00   1.000000E+00
   1.000000E+00   9.424100E-01   9.462442E-01   9.916740E-01   1.000000E+00
   1.000000E+00   1.000000E+00   1.000000E+00   1.000000E+00   1.000000E+00
   1.000000E+00   1.000000E+00   1.000000E+00   1.000000E+00   1.000000E+00
   1.000000E+00   1.000000E+00   1.000000E+00   1.000000E+00   1.000000E+00
   1.000000E+00   1.000000E+00   1.000000E+00   1.000000E+00   1.000000E+00
   1.000000E+00   1.000000E+00   1.000000E+00   1.000000E+00   1.000000E+00
   1.000000E+00   1.000000E+00   1.000000E+00   1.000000E+00   1.000000E+00
   1.000000E+00   1.000000E+00   1.000000E+00   1.000000E+00   1.000000E+00
   1.000000E+00   1.000000E+00   1.000000E+00   1.000000E+00   1.000000E+00
   1.000000E+00   1.000000E+00   1.000000E+00   1.000000E+00   1.000000E+00
   1.000000E+00   1.000000E+00   1.000000E+00   1.000000E+00   1.000000E+00
   1.000000E+00   1.000000E+00   1.000000E+00   1.000000E+00   1.000000E+00
   1.000000E+00   1.000000E+00   1.000000E+00   1.000000E+00   1.000000E+00
   1.000000E+00   1.000000E+00   1.000000E+00   1.000000E+00   1.000000E+00
   1.000000E+00   1.000000E+00   1.000000E+00   1.000000E+00   1.000000E+00
   1.000000E+00   1.000000E+00   1.000000E+00   1.000000E+00   1.000000E+00
   1.000000E+00   1.000000E+00   1.000000E+00   1.000000E+00   1.000000E+00
   1.000000E+00   1.000000E+00   1.000000E+00   1.000000E+00   1.000000E+00
   1.000000E+00   1.000000E+00   1.000000E+00   1.000000E+00   1.000000E+00
   1.000000E+00   1.000000E+00   1.000000E+00   1.000000E+00   1.000000E+00
   1.000000E+00   1.000000E+00   1.000000E+00   1.000000E+00   1.000000E+00
   1.000000E+00   1.000000E+00   1.000000E+00   1.000000E+00   1.000000E+00
   1.000000E+00   1.000000E+00   1.000000E+00   1.000000E+00   1.000000E+00
   1.000000E+00   1.000000E+00   1.000000E+00   1.000000E+00   1.000000E+00
   1.000000E+00   1.000000E+00   1.000000E+00   1.000000E+00   1.000000E+00
   1.000000E+00   1.000000E+00   1.000000E+00   1.000000E+00   1.000000E+00
   1.000000E+00   1.000000E+00   1.000000E+00   1.000000E+00   1.000000E+00
   1.000000E+00   1.000000E+00   1.000000E+00   1.000000E+00   1.000000E+00
   1.000000E+00   1.000000E+00   1.000000E+00   1.000000E+00   1.000000E+00
   1.000000E+00   1.000000E+00   1.000000E+00   1.000000E+00   1.000000E+00
   1.000000E+00   1.000000E+00   1.000000E+00   1.000000E+00   1.000000E+00
   1.000000E+00   1.000000E+00   1.000000E+00   1.000000E+00   1.000000E+00
   1.000000E+00   1.000000E+00   1.000000E+00   1.000000E+00   1.000000E+00
   1.000000E+00   1.000000E+00   1.000000E+00   1.000000E+00   1.000000E+00
   1.000000E+00   1.000000E+00   1.000000E+00   1.000000E+00   1.000000E+00
   1.000000E+00   1.000000E+00   1.000000E+00   1.000000E+00   1.000000E+00
   1.000000E+00   1.000000E+00   1.000000E+00   1.000000E+00   1.000000E+00
   1.000000E+00   1.000000E+00   1.000000E+00   1.000000E+00   1.000000E+00
   1.000000E+00   1.000000E+00   1.000000E+00   1.000000E+00   1.000000E+00
   1.000000E+00   1.000000E+00   1.000000E+00   1.000000E+00   1.000000E+00
   1.000000E+00   1.000000E+00   1.000000E+00   1.000000E+00   1.000000E+00
   1.000000E+00   1.000000E+00   1.000000E+00   1.000000E+00   1.000000E+00
   1.000000E+00   1.000000E+00   1.000000E+00   1.000000E+00   1.000000E+00
   1.000000E+00   1.000000E+00   1.000000E+00   1.000000E+00   1.000000E+00
   1.000000E+00   1.000000E+00   1.000000E+00   1.000000E+00   1.000000E+00
   1.000000E+00   1.000000E+00   1.000000E+00   1.000000E+00   1.000000E+00
   1.000000E+00   1.000000E+00   1.000000E+00   1.000000E+00   1.000000E+00
   1.000000E+00   1.000000E+00   1.000000E+00   1.000000E+00   1.000000E+00
   1.000000E+00   1.000000E+00   1.000000E+00   1.000000E+00   1.000000E+00
   1.000000E+00   1.000000E+00   1.000000E+00   1.000000E+00   1.000000E+00
   1.000000E+00   1.000000E+00   1.000000E+00   1.000000E+00   1.000000E+00
   1.000000E+00   1.000000E+00   1.000000E+00   1.000000E+00   1.000000E+00
   1.000000E+00   1.000000E+00   1.000000E+00   1.000000E+00   1.000000E+00
   1.000000E+00   1.000000E+00   1.000000E+00   1.000000E+00   1.000000E+00
   1.000000E+00   1.000000E+00   1.000000E+00   1.000000E+00   1.000000E+00
   1.000000E+00   1.000000E+00   1.000000E+00   1.000000E+00   1.000000E+00
   1.000000E+00   1.000000E+00   1.000000E+00   1.000000E+00   1.000000E+00
   1.000000E+00   1.000000E+00   1.000000E+00   1.000000E+00   1.000000E+00
   1.000000E+00   1.000000E+00   1.000000E+00   1.000000E+00   1.000000E+00
   8.761094E-01   9.052492E-01   9.527849E-01   9.945087E-01   1.000000E+00
   1.000000E+00   1.000000E+00   1.000000E+00   1.000000E+00   1.000000E+00
   1.000000E+00   1.000000E+00   1.000000E+00   1.000000E+00   1.000000E+00
   1.000000E+00   1.000000E+00   1.000000E+00   1.000000E+00   1.000000E+00
   1.000000E+00   9.546783E-01   9.579910E-01   9.976589E-01   1.000000E+00
   1.000000E+00   1.000000E+00   1.000000E+00   1.000000E+00   1.000000E+00
   1.000000E+00   1.000000E+00   1.000000E+00   1.000000E+00   1.000000E+00
   1.000000E+00   1.000000E+00   1.000000E+00   1.000000E+00   1.000000E+00
   1.000000E+00   1.000000E+00   1.000000E+00   1.000000E+00   1.000000E+00
   1.000000E+00   1.000000E+00   1.000000E+00   1.000000E+00   1.000000E+00
   1.000000E+00   1.000000E+00   1.000000E+00   1.000000E+00   1.000000E+00
   1.000000E+00   1.000000E+00   1.000000E+00   1.000000E+00   1.000000E+00
   1.000000E+00   1.000000E+00   1.000000E+00   1.000000E+00   1.000000E+00
   1.000000E+00   1.000000E+00   1.000000E+00   1.000000E+00   1.000000E+00
   1.000000E+00   1.000000E+00   1.000000E+00   1.000000E+00   1.000000E+00
   1.000000E+00   1.000000E+00   1.000000E+00   1.000000E+00   1.000000E+00
   1.000000E+00   1.000000E+00   1.000000E+00   1.000000E+00   1.000000E+00
   1.000000E+00   1.000000E+00   1.000000E+00   1.000000E+00   1.000000E+00
   1.000000E+00   1.000000E+00   1.000000E+00   1.000000E+00   1.000000E+00
   1.000000E+00   1.000000E+00   1.000000E+00   1.000000E+00   1.000000E+00
   1.000000E+00   1.000000E+00   1.000000E+00   1.000000E+00   1.000000E+00
   1.000000E+00   1.000000E+00   1.000000E+00   1.000000E+00   1.000000E+00
   1.000000E+00   1.000000E+00   1.000000E+00   1.000000E+00   1.000000E+00
   1.000000E+00   1.000000E+00   1.000000E+00   1.000000E+00   1.000000E+00
   1.000000E+00   1.000000E+00   1.000000E+00   1.000000E+00   1.000000E+00
   1.000000E+00   1.000000E+00   1.000000E+00   1.000000E+00   1.000000E+00
   1.000000E+00   1.000000E+00   1.000000E+00   1.000000E+00   1.000000E+00
   1.000000E+00   1.000000E+00   1.000000E+00   1.000000E+00   1.000000E+00
   1.000000E+00   1.000000E+00   1.000000E+00   1.000000E+00   1.000000E+00
   1.000000E+00   1.000000E+00   1.000000E+00   1.000000E+00   1.000000E+00
   1.000000E+00   1.000000E+00   1.000000E+00   1.000000E+00   1.000000E+00
   1.000000E+00   1.000000E+00   1.000000E+00   1.000000E+00   1.000000E+00
   1.000000E+00   1.000000E+00   1.000000E+00   1.000000E+00   1.000000E+00
   1.000000E+00   1.000000E+00   1.000000E+00   1.000000E+00   1.000000E+00
   1.000000E+00   1.000000E+00   1.000000E+00   1.000000E+00   1.000000E+00
   1.000000E+00   1.000000E+00   1.000000E+00   1.000000E+00   1.000000E+00
   1.000000E+00   1.000000E+00   1.000000E+00   1.000000E+00   1.000000E+00
   1.000000E+00   1.000000E+00   1.000000E+00   1.000000E+00   1.000000E+00
   1.000000E+00   1.000000E+00   1.000000E+00   1.000000E+00   1.000000E+00
   1.000000E+00   1.000000E+00   1.000000E+00   1.000000E+00   1.000000E+00
   1.000000E+00   1.000000E+00   1.000000E+00   1.000000E+00   1.000000E+00
   1.000000E+00   1.000000E+00   1.000000E+00   1.000000E+00   1.000000E+00
   1.000000E+00   1.000000E+00   1.000000E+00   1.000000E+00   1.000000E+00
   1.000000E+00   1.000000E+00   1.000000E+00   1.000000E+00   1.000000E+00
   1.000000E+00   1.000000E+00   1.000000E+00   1.000000E+00   1.000000E+00
   1.000000E+00   1.000000E+00   1.000000E+00   1.000000E+00   1.000000E+00
   1.000000E+00   1.000000E+00   1.000000E+00   1.000000E+00   1.000000E+00
   1.000000E+00   1.000000E+00   1.000000E+00   1.000000E+00   1.000000E+00
   1.000000E+00   1.000000E+00   1.000000E+00   1.000000E+00   1.000000E+00
   1.000000E+00   1.000000E+00   1.000000E+00   1.000000E+00   1.000000E+00
   1.000000E+00   1.000000E+00   1.000000E+00   1.000000E+00   1.000000E+00
   1.000000E+00   1.000000E+00   1.000000E+00   1.000000E+00   1.000000E+00
   1.000000E+00   1.000000E+00   1.000000E+00   1.000000E+00   1.000000E+00
   1.000000E+00   1.000000E+00   1.000000E+00   1.000000E+00   1.000000E+00
   1.000000E+00   1.000000E+00   1.000000E+00   1.000000E+00   1.000000E+00
   1.000000E+00   1.000000E+00   1.000000E+00   1.000000E+00   1.000000E+00
   1.000000E+00   1.000000E+00   1.000000E+00   1.000000E+00   1.000000E+00
   1.000000E+00   1.000000E+00   1.000000E+00   1.000000E+00   1.000000E+00
   1.000000E+00   1.000000E+00   1.000000E+00   1.000000E+00   1.000000E+00
   1.000000E+00   1.000000E+00   1.000000E+00   1.000000E+00   1.000000E+00
   1.000000E+00   1.000000E+00   1.000000E+00   1.000000E+00   1.000000E+00
   1.000000E+00   1.000000E+00   1.000000E+00   1.000000E+00   1.000000E+00
   1.000000E+00   1.000000E+00   1.000000E+00   1.000000E+00   1.000000E+00
   1.000000E+00   1.000000E+00   1.000000E+00   1.000000E+00   1.000000E+00
   1.000000E+00   1.000000E+00   1.000000E+00   1.000000E+00   1.000000E+00
   1.000000E+00   1.000000E+00   1.000000E+00   1.000000E+00   1.000000E+00
   1.000000E+00   1.000000E+00   1.000000E+00   1.000000E+00   1.000000E+00
   1.000000E+00   1.000000E+00   1.000000E+00   1.000000E+00   1.000000E+00
   1.000000E+00   1.000000E+00   1.000000E+00   1.000000E+00   1.000000E+00
   1.000000E+00   1.000000E+00   1.000000E+00   1.000000E+00   1.000000E+00
   1.000000E+00   1.000000E+00   1.000000E+00   1.000000E+00   1.000000E+00
   1.000000E+00   1.000000E+00   1.000000E+00   1.000000E+00   1.000000E+00
   1.000000E+00   1.000000E+00   1.000000E+00   1.000000E+00   1.000000E+00
   1.000000E+00   1.000000E+00   1.000000E+00   1.000000E+00   1.000000E+00
   1.000000E+00   1.000000E+00   1.000000E+00   1.000000E+00   1.000000E+00
   1.000000E+00   1.000000E+00   1.000000E+00   1.000000E+00   1.000000E+00
   1.000000E+00   1.000000E+00   1.000000E+00   1.000000E+00   1.000000E+00
   1.000000E+00   1.000000E+00   1.000000E+00   1.000000E+00   1.000000E+00
   1.000000E+00   1.000000E+00   1.000000E+00   1.000000E+00   1.000000E+00
   1.000000E+00   1.000000E+00   1.000000E+00   1.000000E+00   1.000000E+00
   1.000000E+00   1.000000E+00   1.000000E+00   1.000000E+00   1.000000E+00
   1.000000E+00   1.000000E+00   1.000000E+00   1.000000E+00   1.000000E+00
   1.000000E+00   1.000000E+00   1.000000E+00   1.000000E+00   1.000000E+00
   1.000000E+00   1.000000E+00   1.000000E+00   1.000000E+00   1.000000E+00
   1.000000E+00   1.000000E+00   1.000000E+00   1.000000E+00   1.000000E+00
   1.000000E+00   1.000000E+00   1.000000E+00   1.000000E+00   1.000000E+00
   1.000000E+00   1.000000E+00   1.000000E+00   1.000000E+00   1.000000E+00
   1.000000E+00   1.000000E+00   1.000000E+00   1.000000E+00   1.000000E+00
   1.000000E+00   1.000000E+00   1.000000E+00   1.000000E+00   1.000000E+00
   1.000000E+00   1.000000E+00   1.000000E+00   1.000000E+00   1.000000E+00
   1.000000E+00   1.000000E+00   1.000000E+00   1.000000E+00   1.000000E+00
   1.000000E+00   1.000000E+00   1.000000E+00   1.000000E+00   1.000000E+00
   1.000000E+00   1.000000E+00   1.000000E+00   1.000000E+00   1.000000E+00
   1.000000E+00   1.000000E+00   1.000000E+00   1.000000E+00   1.000000E+00
   1.000000E+00   1.000000E+00   1.000000E+00   1.000000E+00   1.000000E+00
   1.000000E+00   1.000000E+00   1.000000E+00   1.000000E+00   1.000000E+00
   1.000000E+00   1.000000E+00   1.000000E+00   1.000000E+00   1.000000E+00
   1.000000E+00   1.000000E+00   1.000000E+00   1.000000E+00   1.000000E+00
   1.000000E+00   1.000000E+00   1.000000E+00   1.000000E+00   1.000000E+00
   1.000000E+00   1.000000E+00   1.000000E+00   1.000000E+00   1.000000E+00
   1.000000E+00   1.000000E+00   1.000000E+00   1.000000E+00   1.000000E+00
   1.000000E+00   1.000000E+00   1.000000E+00   1.000000E+00   1.000000E+00
   1.000000E+00   1.000000E+00   1.000000E+00   1.000000E+00   1.000000E+00
   1.000000E+00   1.000000E+00   1.000000E+00   1.000000E+00   1.000000E+00
   1.000000E+00   1.000000E+00   1.000000E+00   1.000000E+00   1.000000E+00
   1.000000E+00   1.000000E+00   1.000000E+00   1.000000E+00   1.000000E+00
   1.000000E+00   1.000000E+00   1.000000E+00   1.000000E+00   1.000000E+00
   1.000000E+00   1.000000E+00   1.000000E+00   1.000000E+00   1.000000E+00
   1.000000E+00   1.000000E+00   1.000000E+00   1.000000E+00   1.000000E+00
   1.000000E+00   1.000000E+00   1.000000E+00   1.000000E+00   1.000000E+00
   1.000000E+00   1.000000E+00   1.000000E+00   1.000000E+00   1.000000E+00
   1.000000E+00   1.000000E+00   1.000000E+00   1.000000E+00   1.000000E+00
   1.000000E+00   1.000000E+00   1.000000E+00   1.000000E+00   1.000000E+00
   1.000000E+00   1.000000E+00   1.000000E+00   1.000000E+00   1.000000E+00
   1.000000E+00   1.000000E+00   1.000000E+00   1.000000E+00   1.000000E+00
   1.000000E+00   1.000000E+00   1.000000E+00   1.000000E+00   1.000000E+00
   1.000000E+00   1.000000E+00   1.000000E+00   1.000000E+00   1.000000E+00
   1.000000E+00   1.000000E+00   1.000000E+00   1.000000E+00   1.000000E+00
   1.000000E+00   1.000000E+00   1.000000E+00   1.000000E+00   1.000000E+00
   1.000000E+00   1.000000E+00   1.000000E+00   1.000000E+00   1.000000E+00
   1.000000E+00   1.000000E+00   1.000000E+00   1.000000E+00   1.000000E+00
   1.000000E+00   1.000000E+00   1.000000E+00   1.000000E+00   1.000000E+00
   1.000000E+00   1.000000E+00   1.000000E+00   1.000000E+00   1.000000E+00
   1.000000E+00   1.000000E+00   1.000000E+00   1.000000E+00   1.000000E+00
   1.000000E+00   1.000000E+00   1.000000E+00   1.000000E+00   1.000000E+00
   1.000000E+00   1.000000E+00   1.000000E+00   1.000000E+00   1.000000E+00
   1.000000E+00   1.000000E+00   1.000000E+00   1.000000E+00   1.000000E+00
   1.000000E+00   1.000000E+00   1.000000E+00   1.000000E+00   1.000000E+00
   1.000000E+00   1.000000E+00   1.000000E+00   1.000000E+00   1.000000E+00
   1.000000E+00   1.000000E+00   1.000000E+00   1.000000E+00   1.000000E+00
   1.000000E+00   1.000000E+00   1.000000E+00   1.000000E+00   1.000000E+00
   1.000000E+00   1.000000E+00   1.000000E+00   1.000000E+00   1.000000E+00
   1.000000E+00   1.000000E+00   1.000000E+00   1.000000E+00   1.000000E+00
   1.000000E+00   1.000000E+00   1.000000E+00   1.000000E+00   1.000000E+00
   1.000000E+00   1.000000E+00   1.000000E+00   1.000000E+00   1.000000E+00
   1.000000E+00   1.000000E+00   1.000000E+00   1.000000E+00   1.000000E+00
   1.000000E+00   1.000000E+00   1.000000E+00   1.000000E+00   1.000000E+00
   1.000000E+00   1.000000E+00   1.000000E+00   1.000000E+00   1.000000E+00
   1.000000E+00   1.000000E+00   1.000000E+00   1.000000E+00   1.000000E+00
   1.000000E+00   1.000000E+00   1.000000E+00   1.000000E+00   1.000000E+00
   1.000000E+00   1.000000E+00   1.000000E+00   1.000000E+00   1.000000E+00
   1.000000E+00   1.000000E+00   1.000000E+00   1.000000E+00   1.000000E+00
   1.000000E+00   1.000000E+00   1.000000E+00   1.000000E+00   1.000000E+00
   1.000000E+00   1.000000E+00   1.000000E+00   1.000000E+00   1.000000E+00
   1.000000E+00   1.000000E+00   1.000000E+00   1.000000E+00   1.000000E+00
   1.000000E+00   1.000000E+00   1.000000E+00   1.000000E+00   1.000000E+00
   1.000000E+00   1.000000E+00   1.000000E+00   1.000000E+00   1.000000E+00
   1.000000E+00   1.000000E+00   1.000000E+00   1.000000E+00   1.000000E+00
   1.000000E+00   1.000000E+00   1.000000E+00   1.000000E+00   1.000000E+00
   1.000000E+00   1.000000E+00   1.000000E+00   1.000000E+00   1.000000E+00
   1.000000E+00   1.000000E+00   1.000000E+00   1.000000E+00   1.000000E+00
   1.000000E+00   1.000000E+00   1.000000E+00   1.000000E+00   1.000000E+00
   1.000000E+00   1.000000E+00   1.000000E+00   1.000000E+00   1.000000E+00
   1.000000E+00   1.000000E+00   1.000000E+00   1.000000E+00   1.000000E+00
   1.000000E+00   1.000000E+00   1.000000E+00   1.000000E+00   1.000000E+00
   1.000000E+00   1.000000E+00   1.000000E+00   1.000000E+00   1.000000E+00
   1.000000E+00   1.000000E+00   1.000000E+00   1.000000E+00   1.000000E+00
   1.000000E+00   1.000000E+00   1.000000E+00   1.000000E+00   1.000000E+00
   1.000000E+00   1.000000E+00   1.000000E+00   1.000000E+00   1.000000E+00
   1.000000E+00   1.000000E+00   1.000000E+00   1.000000E+00   1.000000E+00
   1.000000E+00   1.000000E+00   1.000000E+00   1.000000E+00   1.000000E+00
   1.000000E+00   1.000000E+00   1.000000E+00   1.000000E+00   1.000000E+00
   1.000000E+00   1.000000E+00   1.000000E+00   1.000000E+00   1.000000E+00
   1.000000E+00   1.000000E+00   1.000000E+00   1.000000E+00   1.000000E+00
   1.000000E+00   1.000000E+00   1.000000E+00   1.000000E+00   1.000000E+00
   1.000000E+00   1.000000E+00   1.000000E+00   1.000000E+00   1.000000E+00
   1.000000E+00   1.000000E+00   1.000000E+00   1.000000E+00   1.000000E+00
   1.000000E+00   1.000000E+00   1.000000E+00   1.000000E+00   1.000000E+00
   1.000000E+00   1.000000E+00   1.000000E+00   1.000000E+00   1.000000E+00
   1.000000E+00   1.000000E+00   1.000000E+00   1.000000E+00   1.000000E+00
   1.000000E+00   1.000000E+00   1.000000E+00   1.000000E+00   1.000000E+00
   1.000000E+00   1.000000E+00   1.000000E+00   1.000000E+00   1.000000E+00
   1.000000E+00   1.000000E+00   1.000000E+00   1.000000E+00   1.000000E+00
   1.000000E+00   1.000000E+00   1.000000E+00   1.000000E+00   1.000000E+00
   1.000000E+00   1.000000E+00   1.000000E+00   1.000000E+00   1.000000E+00
   1.000000E+00   1.000000E+00   1.000000E+00   1.000000E+00   1.000000E+00
   1.000000E+00   1.000000E+00   1.000000E+00   1.000000E+00   1.000000E+00
   1.000000E+00   1.000000E+00   1.000000E+00   1.000000E+00   1.000000E+00
   1.000000E+00   1.000000E+00   1.000000E+00   1.000000E+00   1.000000E+00
   1.000000E+00   1.000000E+00   1.000000E+00   1.000000E+00   1.000000E+00
   1.000000E+00   1.000000E+00   1.000000E+00   1.000000E+00   1.000000E+00
   1.000000E+00   1.000000E+00   1.000000E+00   1.000000E+00   1.000000E+00
   1.000000E+00   1.000000E+00   1.000000E+00   1.000000E+00   1.000000E+00
   1.000000E+00   1.000000E+00   1.000000E+00   1.000000E+00   1.000000E+00
   1.000000E+00   1.000000E+00   1.000000E+00   1.000000E+00   1.000000E+00
   1.000000E+00   1.000000E+00   1.000000E+00   1.000000E+00   1.000000E+00
   1.000000E+00   1.000000E+00   1.000000E+00   1.000000E+00   1.000000E+00
   1.000000E+00   1.000000E+00   1.000000E+00   1.000000E+00   1.000000E+00
   1.000000E+00   1.000000E+00   1.000000E+00   1.000000E+00   1.000000E+00
   1.000000E+00   1.000000E+00   1.000000E+00   1.000000E+00   1.000000E+00
   1.000000E+00   1.000000E+00   1.000000E+00   1.000000E+00   1.000000E+00
   1.000000E+00   1.000000E+00   1.000000E+00   1.000000E+00   1.000000E+00
   1.000000E+00   1.000000E+00   1.000000E+00   1.000000E+00   1.000000E+00
   1.000000E+00   1.000000E+00   1.000000E+00   1.000000E+00   1.000000E+00
   1.000000E+00   1.000000E+00   1.000000E+00   1.000000E+00   1.000000E+00
   1.000000E+00   1.000000E+00   1.000000E+00   1.000000E+00   1.000000E+00
   1.000000E+00   1.000000E+00   1.000000E+00   1.000000E+00   1.000000E+00
   1.000000E+00   1.000000E+00   1.000000E+00   1.000000E+00   1.000000E+00
   1.000000E+00   1.000000E+00   1.000000E+00   1.000000E+00   1.000000E+00
   1.000000E+00   1.000000E+00   1.000000E+00   1.000000E+00   1.000000E+00
   1.000000E+00   1.000000E+00   1.000000E+00   1.000000E+00   1.000000E+00
   1.000000E+00   1.000000E+00   1.000000E+00   1.000000E+00   1.000000E+00
   1.000000E+00   1.000000E+00   1.000000E+00   1.000000E+00   1.000000E+00
   1.000000E+00   1.000000E+00   1.000000E+00   1.000000E+00   1.000000E+00
   1.000000E+00   1.000000E+00   1.000000E+00   1.000000E+00   1.000000E+00
   1.000000E+00   1.000000E+00   1.000000E+00   1.000000E+00   1.000000E+00
   1.000000E+00   1.000000E+00   1.000000E+00   1.000000E+00   1.000000E+00
   1.000000E+00   1.000000E+00   1.000000E+00   1.000000E+00   1.000000E+00
   1.000000E+00   1.000000E+00   1.000000E+00   1.000000E+00   1.000000E+00
   1.000000E+00   1.000000E+00   1.000000E+00   1.000000E+00   1.000000E+00
   1.000000E+00   1.000000E+00   1.000000E+00   1.000000E+00   1.000000E+00
   1.000000E+00   1.000000E+00   1.000000E+00   1.000000E+00   1.000000E+00
   1.000000E+00   1.000000E+00   1.000000E+00   1.000000E+00   1.000000E+00
   1.000000E+00   1.000000E+00   1.000000E+00   1.000000E+00   1.000000E+00
   1.000000E+00   1.000000E+00   1.000000E+00   1.000000E+00   1.000000E+00
   1.000000E+00   1.000000E+00   1.000000E+00   1.000000E+00   1.000000E+00
   1.000000E+00   1.000000E+00   1.000000E+00   1.000000E+00   1.000000E+00
   1.000000E+00   1.000000E+00   1.000000E+00   1.000000E+00   1.000000E+00
   1.000000E+00   1.000000E+00   1.000000E+00   1.000000E+00   1.000000E+00
   1.000000E+00   1.000000E+00   1.000000E+00   1.000000E+00   1.000000E+00
   1.000000E+00   1.000000E+00   1.000000E+00   1.000000E+00   1.000000E+00
   1.000000E+00   1.000000E+00   1.000000E+00   1.000000E+00   1.000000E+00
   1.000000E+00   1.000000E+00   1.000000E+00   1.000000E+00   1.000000E+00
   1.000000E+00   1.000000E+00   1.000000E+00   1.000000E+00   1.000000E+00
   1.000000E+00   1.000000E+00   1.000000E+00   1.000000E+00   1.000000E+00
   1.000000E+00   1.000000E+00   1.000000E+00   1.000000E+00   1.000000E+00
   1.000000E+00   1.000000E+00   1.000000E+00   1.000000E+00   1.000000E+00
   1.000000E+00   1.000000E+00   1.000000E+00   1.000000E+00   1.000000E+00
   1.000000E+00   1.000000E+00   1.000000E+00   1.000000E+00   1.000000E+00
   1.000000E+00   1.000000E+00   1.000000E+00   1.000000E+00   1.000000E+00
   1.000000E+00   1.000000E+00   1.000000E+00   1.000000E+00   1.000000E+00
   1.000000E+00   1.000000E+00   1.000000E+00   1.000000E+00   1.000000E+00
   1.000000E+00   1.000000E+00   1.000000E+00   1.000000E+00   1.000000E+00
   1.000000E+00   1.000000E+00   1.000000E+00   1.000000E+00   1.000000E+00
   1.000000E+00   1.000000E+00   1.000000E+00   1.000000E+00   1.000000E+00
   1.000000E+00   1.000000E+00   1.000000E+00   1.000000E+00   1.000000E+00
   1.000000E+00   1.000000E+00   1.000000E+00   1.000000E+00   1.000000E+00
   1.000000E+00   1.000000E+00   1.000000E+00   1.000000E+00   1.000000E+00
   1.000000E+00   1.000000E+00   1.000000E+00   1.000000E+00   1.000000E+00
   1.000000E+00   1.000000E+00   1.000000E+00   1.000000E+00   1.000000E+00
   1.000000E+00   1.000000E+00   1.000000E+00   1.000000E+00   1.000000E+00
   1.000000E+00   1.000000E+00   1.000000E+00   1.000000E+00   1.000000E+00
   1.000000E+00   1.000000E+00   1.000000E+00   1.000000E+00   1.000000E+00
   1.000000E+00   1.000000E+00   1.000000E+00   1.000000E+00   1.000000E+00
   1.000000E+00   1.000000E+00   1.000000E+00   1.000000E+00   1.000000E+00
   1.000000E+00   1.000000E+00   1.000000E+00   1.000000E+00   1.000000E+00
   1.000000E+00   1.000000E+00   1.000000E+00   1.000000E+00   1.000000E+00
   1.000000E+00   1.000000E+00   1.000000E+00   1.000000E+00   1.000000E+00
   1.000000E+00   1.000000E+00   1.000000E+00   1.000000E+00   1.000000E+00
   1.000000E+00   1.000000E+00   1.000000E+00   1.000000E+00   1.000000E+00
   1.000000E+00   1.000000E+00   1.000000E+00   1.000000E+00   1.000000E+00
   1.000000E+00   1.000000E+00   1.000000E+00   1.000000E+00   1.000000E+00
   1.000000E+00   1.000000E+00   1.000000E+00   1.000000E+00   1.000000E+00
   1.000000E+00   1.000000E+00   1.000000E+00   1.000000E+00   1.000000E+00
   1.000000E+00   1.000000E+00   1.000000E+00   1.000000E+00   1.000000E+00
   1.000000E+00   1.000000E+00   1.000000E+00   1.000000E+00   1.000000E+00
   1.000000E+00   1.000000E+00   1.000000E+00   1.000000E+00   1.000000E+00
   1.000000E+00   1.000000E+00   1.000000E+00   1.000000E+00   1.000000E+00
   1.000000E+00   1.000000E+00   1.000000E+00   1.000000E+00   1.000000E+00
   1.000000E+00   1.000000E+00   1.000000E+00   1.000000E+00   1.000000E+00
   1.000000E+00   1.000000E+00   1.000000E+00   1.000000E+00   1.000000E+00
   1.000000E+00   1.000000E+00   1.000000E+00   1.000000E+00   1.000000E+00
   1.000000E+00   1.000000E+00   1.000000E+00   1.000000E+00   1.000000E+00
   1.000000E+00   1.000000E+00   1.000000E+00   1.000000E+00   1.000000E+00
   1.000000E+00   1.000000E+00   1.000000E+00   1.000000E+00   1.000000E+00
   1.000000E+00   1.000000E+00   1.000000E+00   1.000000E+00   1.000000E+00
   1.000000E+00   1.000000E+00   1.000000E+00   1.000000E+00   1.000000E+00
   1.000000E+00   1.000000E+00   1.000000E+00   1.000000E+00   1.000000E+00
   1.000000E+00   1.000000E+00   1.000000E+00   1.000000E+00   1.000000E+00
   1.000000E+00   1.000000E+00   1.000000E+00   1.000000E+00   1.000000E+00
   1.000000E+00   1.000000E+00   1.000000E+00   1.000000E+00   1.000000E+00
   1.000000E+00   1.000000E+00   1.000000E+00   1.000000E+00   1.000000E+00
   1.000000E+00   1.000000E+00   1.000000E+00   1.000000E+00   1.000000E+00
   1.000000E+00   1.000000E+00   1.000000E+00   1.000000E+00   1.000000E+00
   1.000000E+00   1.000000E+00   1.000000E+00   1.000000E+00   1.000000E+00
   1.000000E+00   1.000000E+00   1.000000E+00   1.000000E+00   1.000000E+00
   1.000000E+00   1.000000E+00   1.000000E+00   1.000000E+00   1.000000E+00
   1.000000E+00   1.000000E+00   1.000000E+00   1.000000E+00   1.000000E+00
   1.000000E+00   1.000000E+00   1.000000E+00   1.000000E+00   1.000000E+00
   1.000000E+00   1.000000E+00   1.000000E+00   1.000000E+00   1.000000E+00
   1.000000E+00   1.000000E+00   1.000000E+00   1.000000E+00   1.000000E+00
   1.000000E+00   1.000000E+00   1.000000E+00   1.000000E+00   1.000000E+00
   1.000000E+00   1.000000E+00   1.000000E+00   1.000000E+00   1.000000E+00
   1.000000E+00   1.000000E+00   1.000000E+00   1.000000E+00   1.000000E+00
   1.000000E+00   1.000000E+00   1.000000E+00   1.000000E+00   1.000000E+00
   1.000000E+00   1.000000E+00   1.000000E+00   1.000000E+00   1.000000E+00
   1.000000E+00   1.000000E+00   1.000000E+00   1.000000E+00   1.000000E+00
   1.000000E+00   1.000000E+00   1.000000E+00   1.000000E+00   1.000000E+00
   1.000000E+00   1.000000E+00   1.000000E+00   1.000000E+00   1.000000E+00
   1.000000E+00   1.000000E+00   1.000000E+00   1.000000E+00   1.000000E+00
   1.000000E+00   1.000000E+00   1.000000E+00   1.000000E+00   1.000000E+00
   1.000000E+00   1.000000E+00   1.000000E+00   1.000000E+00   1.000000E+00
   1.000000E+00   1.000000E+00   1.000000E+00   1.000000E+00   1.000000E+00
   1.000000E+00   1.000000E+00   1.000000E+00   1.000000E+00   1.000000E+00
   1.000000E+00   1.000000E+00   1.000000E+00   1.000000E+00   1.000000E+00
   1.000000E+00   1.000000E+00   1.000000E+00   1.000000E+00   1.000000E+00
   1.000000E+00   1.000000E+00   1.000000E+00   1.000000E+00   1.000000E+00
   1.000000E+00   1.000000E+00   1.000000E+00   1.000000E+00   1.000000E+00
   1.000000E+00   1.000000E+00   1.000000E+00   1.000000E+00   1.000000E+00
   1.000000E+00   1.000000E+00   1.000000E+00   1.000000E+00   1.000000E+00
   1.000000E+00   1.000000E+00   1.000000E+00   1.000000E+00   1.000000E+00
   1.000000E+00   1.000000E+00   1.000000E+00   1.000000E+00   1.000000E+00
   1.000000E+00   1.000000E+00   1.000000E+00   1.000000E+00   1.000000E+00
   1.000000E+00   1.000000E+00   1.000000E+00   1.000000E+00   1.000000E+00
   1.000000E+00   1.000000E+00   1.000000E+00   1.000000E+00   1.000000E+00
   1.000000E+00   1.000000E+00   1.000000E+00   1.000000E+00   1.000000E+00
   1.000000E+00   1.000000E+00   1.000000E+00   1.000000E+00   1.000000E+00
   1.000000E+00   1.000000E+00   1.000000E+00   1.000000E+00   1.000000E+00
   1.000000E+00   1.000000E+00   1.000000E+00   1.000000E+00   1.000000E+00
   1.000000E+00   1.000000E+00   1.000000E+00   1.000000E+00   1.000000E+00
   1.000000E+00   1.000000E+00   1.000000E+00   1.000000E+00   1.000000E+00
   1.000000E+00   1.000000E+00   1.000000E+00   1.000000E+00   1.000000E+00
   1.000000E+00   1.000000E+00   1.000000E+00   1.000000E+00   1.000000E+00
   1.000000E+00   1.000000E+00   1.000000E+00   1.000000E+00   1.000000E+00
   1.000000E+00   1.000000E+00   1.000000E+00   1.000000E+00   1.000000E+00
   1.000000E+00   1.000000E+00   1.000000E+00   1.000000E+00   1.000000E+00
   1.000000E+00   1.000000E+00   1.000000E+00   1.000000E+00   1.000000E+00
   1.000000E+00   1.000000E+00   1.000000E+00   1.000000E+00   1.000000E+00
   1.000000E+00   1.000000E+00   1.000000E+00   1.000000E+00   1.000000E+00
   1.000000E+00   1.000000E+00   1.000000E+00   1.000000E+00   1.000000E+00
   1.000000E+00   1.000000E+00   1.000000E+00   1.000000E+00   1.000000E+00
   1.000000E+00   1.000000E+00   1.000000E+00   1.000000E+00   1.000000E+00
   1.000000E+00   1.000000E+00   1.000000E+00   1.000000E+00   1.000000E+00
   1.000000E+00   1.000000E+00   1.000000E+00   1.000000E+00   1.000000E+00
   1.000000E+00   1.000000E+00   1.000000E+00   1.000000E+00   1.000000E+00
   1.000000E+00   1.000000E+00   1.000000E+00   1.000000E+00   1.000000E+00
   1.000000E+00   1.000000E+00   1.000000E+00   1.000000E+00   1.000000E+00
   1.000000E+00   1.000000E+00   1.000000E+00   1.000000E+00   1.000000E+00
   1.000000E+00   1.000000E+00   1.000000E+00   1.000000E+00   1.000000E+00
   1.000000E+00   1.000000E+00   1.000000E+00   1.000000E+00   1.000000E+00
   1.000000E+00   1.000000E+00   1.000000E+00   1.000000E+00   1.000000E+00
   1.000000E+00   1.000000E+00   1.000000E+00   1.000000E+00   1.000000E+00
   1.000000E+00   1.000000E+00   1.000000E+00   1.000000E+00   1.000000E+00
   1.000000E+00   1.000000E+00   1.000000E+00   1.000000E+00   1.000000E+00
   1.000000E+00   1.000000E+00   1.000000E+00   1.000000E+00   1.000000E+00
   1.000000E+00   1.000000E+00   1.000000E+00   1.000000E+00   1.000000E+00
   1.000000E+00   1.000000E+00   1.000000E+00   1.000000E+00   1.000000E+00
   1.000000E+00   1.000000E+00   1.000000E+00   1.000000E+00   1.000000E+00
   1.000000E+00   1.000000E+00   1.000000E+00   1.000000E+00   1.000000E+00
   1.000000E+00   1.000000E+00   1.000000E+00   1.000000E+00   1.000000E+00
   1.000000E+00   1.000000E+00   1.000000E+00   1.000000E+00   1.000000E+00
   1.000000E+00   1.000000E+00   1.000000E+00   1.000000E+00   1.000000E+00
   1.000000E+00   1.000000E+00   1.000000E+00   1.000000E+00   1.000000E+00
   1.000000E+00   1.000000E+00   1.000000E+00   1.000000E+00   1.000000E+00
   1.000000E+00   1.000000E+00   1.000000E+00   1.000000E+00   1.000000E+00
   1.000000E+00   1.000000E+00   1.000000E+00   1.000000E+00   1.000000E+00
   1.000000E+00   1.000000E+00   1.000000E+00   1.000000E+00   1.000000E+00
   1.000000E+00   1.000000E+00   1.000000E+00   1.000000E+00   1.000000E+00
   1.000000E+00   1.000000E+00   1.000000E+00   1.000000E+00   1.000000E+00
   1.000000E+00   1.000000E+00   1.000000E+00   1.000000E+00   1.000000E+00
   1.000000E+00   1.000000E+00   1.000000E+00   1.000000E+00   1.000000E+00
   1.000000E+00   1.000000E+00   1.000000E+00   1.000000E+00   1.000000E+00
   1.000000E+00   1.000000E+00   1.000000E+00   1.000000E+00   1.000000E+00
   1.000000E+00   1.000000E+00   1.000000E+00   1.000000E+00   1.000000E+00
   1.000000E+00   1.000000E+00   1.000000E+00   1.000000E+00   1.000000E+00
   1.000000E+00   1.000000E+00   1.000000E+00   1.000000E+00   1.000000E+00
   1.000000E+00   1.000000E+00   1.000000E+00   1.000000E+00   1.000000E+00
   1.000000E+00   1.000000E+00   1.000000E+00   1.000000E+00   1.000000E+00
   1.000000E+00   1.000000E+00   1.000000E+00   1.000000E+00   1.000000E+00
   1.000000E+00   1.000000E+00   1.000000E+00   1.000000E+00   1.000000E+00
   1.000000E+00   1.000000E+00   1.000000E+00   1.000000E+00   1.000000E+00
   1.000000E+00   1.000000E+00   1.000000E+00   1.000000E+00   1.000000E+00
   1.000000E+00   1.000000E+00   1.000000E+00   1.000000E+00   1.000000E+00
   1.000000E+00   1.000000E+00   1.000000E+00   1.000000E+00   1.000000E+00
   1.000000E+00   1.000000E+00   1.000000E+00   1.000000E+00   1.000000E+00
   1.000000E+00   1.000000E+00   1.000000E+00   1.000000E+00   1.000000E+00
   1.000000E+00   1.000000E+00   1.000000E+00   1.000000E+00   1.000000E+00
   1.000000E+00   1.000000E+00   1.000000E+00   1.000000E+00   1.000000E+00
   1.000000E+00   1.000000E+00   1.000000E+00   1.000000E+00   1.000000E+00
   1.000000E+00   1.000000E+00   1.000000E+00   1.000000E+00   1.000000E+00
   1.000000E+00   1.000000E+00   1.000000E+00   1.000000E+00   1.000000E+00
   1.000000E+00   1.000000E+00   1.000000E+00   1.000000E+00   1.000000E+00
   1.000000E+00   1.000000E+00   1.000000E+00   1.000000E+00   1.000000E+00
   1.000000E+00   1.000000E+00   1.000000E+00   1.000000E+00   1.000000E+00
   1.000000E+00   1.000000E+00   1.000000E+00   1.000000E+00   1.000000E+00
   1.000000E+00   1.000000E+00   1.000000E+00   1.000000E+00   1.000000E+00
   1.000000E+00   1.000000E+00   1.000000E+00   1.000000E+00   1.000000E+00
   1.000000E+00   1.000000E+00   1.000000E+00   1.000000E+00   1.000000E+00
   1.000000E+00   1.000000E+00   1.000000E+00   1.000000E+00   1.000000E+00
   1.000000E+00   1.000000E+00   1.000000E+00   1.000000E+00   1.000000E+00
   1.000000E+00   1.000000E+00   1.000000E+00   1.000000E+00   1.000000E+00
   1.000000E+00   1.000000E+00   1.000000E+00   1.000000E+00   1.000000E+00
   1.000000E+00   1.000000E+00   1.000000E+00   1.000000E+00   1.000000E+00
   1.000000E+00   1.000000E+00   1.000000E+00   1.000000E+00   1.000000E+00
   1.000000E+00   1.000000E+00   1.000000E+00   1.000000E+00   1.000000E+00
   1.000000E+00   1.000000E+00   1.000000E+00   1.000000E+00   1.000000E+00
   1.000000E+00   1.000000E+00   1.000000E+00   1.000000E+00   1.000000E+00
   1.000000E+00   1.000000E+00   1.000000E+00   1.000000E+00   1.000000E+00
   1.000000E+00   1.000000E+00   1.000000E+00   1.000000E+00   1.000000E+00
   1.000000E+00   1.000000E+00   1.000000E+00   1.000000E+00   1.000000E+00
   1.000000E+00   1.000000E+00   1.000000E+00   1.000000E+00   1.000000E+00
   1.000000E+00   1.000000E+00   1.000000E+00   1.000000E+00   1.000000E+00
   1.000000E+00   1.000000E+00   1.000000E+00   1.000000E+00   1.000000E+00
   1.000000E+00   1.000000E+00   1.000000E+00   1.000000E+00   1.000000E+00
   1.000000E+00   1.000000E+00   1.000000E+00   1.000000E+00   1.000000E+00
   1.000000E+00   1.000000E+00   1.000000E+00   1.000000E+00   1.000000E+00
   1.000000E+00   1.000000E+00   1.000000E+00   1.000000E+00   1.000000E+00
   1.000000E+00   1.000000E+00   1.000000E+00   1.000000E+00   1.000000E+00
   1.000000E+00   1.000000E+00   1.000000E+00   1.000000E+00   1.000000E+00
   1.000000E+00   1.000000E+00   1.000000E+00   1.000000E+00   1.000000E+00
   1.000000E+00   1.000000E+00   1.000000E+00   1.000000E+00   1.000000E+00
   1.000000E+00   1.000000E+00   1.000000E+00   1.000000E+00   1.000000E+00
   1.000000E+00   1.000000E+00   1.000000E+00   1.000000E+00   1.000000E+00
   1.000000E+00   1.000000E+00   1.000000E+00   1.000000E+00   1.000000E+00
   1.000000E+00   1.000000E+00   1.000000E+00   1.000000E+00   1.000000E+00
   1.000000E+00   1.000000E+00   1.000000E+00   1.000000E+00   1.000000E+00
   1.000000E+00   1.000000E+00   1.000000E+00   1.000000E+00   1.000000E+00
   1.000000E+00   1.000000E+00   1.000000E+00   1.000000E+00   1.000000E+00
   1.000000E+00   1.000000E+00   1.000000E+00   1.000000E+00   1.000000E+00
   1.000000E+00   1.000000E+00   1.000000E+00   1.000000E+00   1.000000E+00
   1.000000E+00   1.000000E+00   1.000000E+00   1.000000E+00   1.000000E+00
   1.000000E+00   1.000000E+00   1.000000E+00   1.000000E+00   1.000000E+00
   1.000000E+00   1.000000E+00   1.000000E+00   1.000000E+00   1.000000E+00
   1.000000E+00   1.000000E+00   1.000000E+00   1.000000E+00   1.000000E+00
   1.000000E+00   1.000000E+00   1.000000E+00   1.000000E+00   1.000000E+00
   1.000000E+00   1.000000E+00   1.000000E+00   1.000000E+00   1.000000E+00
   1.000000E+00   1.000000E+00   1.000000E+00   1.000000E+00   1.000000E+00
   1.000000E+00   1.000000E+00   1.000000E+00   1.000000E+00   1.000000E+00
   1.000000E+00   1.000000E+00   1.000000E+00   1.000000E+00   1.000000E+00
   1.000000E+00   1.000000E+00   1.000000E+00   1.000000E+00   1.000000E+00
   1.000000E+00   1.000000E+00   1.000000E+00   1.000000E+00   1.000000E+00
   1.000000E+00   1.000000E+00   1.000000E+00   1.000000E+00   1.000000E+00
   1.000000E+00   1.000000E+00   1.000000E+00   1.000000E+00   1.000000E+00
   1.000000E+00   1.000000E+00   1.000000E+00   1.000000E+00   1.000000E+00
   1.000000E+00   1.000000E+00   1.000000E+00   1.000000E+00   1.000000E+00
   1.000000E+00   1.000000E+00   1.000000E+00   1.000000E+00   1.000000E+00
   1.000000E+00   1.000000E+00   1.000000E+00   1.000000E+00   1.000000E+00
   1.000000E+00   1.000000E+00   1.000000E+00   1.000000E+00   1.000000E+00
   1.000000E+00   1.000000E+00   1.000000E+00   1.000000E+00   1.000000E+00
   1.000000E+00   1.000000E+00   1.000000E+00   1.000000E+00   1.000000E+00
   1.000000E+00   1.000000E+00   1.000000E+00   1.000000E+00   1.000000E+00
   1.000000E+00   1.000000E+00   1.000000E+00   1.000000E+00   1.000000E+00
   1.000000E+00   1.000000E+00   1.000000E+00   1.000000E+00   1.000000E+00
   1.000000E+00   1.000000E+00   1.000000E+00   1.000000E+00   1.000000E+00
   1.000000E+00   1.000000E+00   1.000000E+00   1.000000E+00   1.000000E+00
   1.000000E+00   1.000000E+00   1.000000E+00   1.000000E+00   1.000000E+00
   1.000000E+00   1.000000E+00   1.000000E+00   1.000000E+00   1.000000E+00
   1.000000E+00   1.000000E+00   1.000000E+00   1.000000E+00   1.000000E+00
   1.000000E+00   1.000000E+00   1.000000E+00   1.000000E+00   1.000000E+00
   1.000000E+00   1.000000E+00   1.000000E+00   1.000000E+00   1.000000E+00
   1.000000E+00   1.000000E+00   1.000000E+00   1.000000E+00   1.000000E+00
   1.000000E+00   1.000000E+00   1.000000E+00   1.000000E+00   1.000000E+00
   1.000000E+00   1.000000E+00   1.000000E+00   1.000000E+00   1.000000E+00
   1.000000E+00   1.000000E+00   1.000000E+00   1.000000E+00   1.000000E+00
   1.000000E+00   1.000000E+00   1.000000E+00   1.000000E+00   1.000000E+00
   1.000000E+00   1.000000E+00   1.000000E+00   1.000000E+00   1.000000E+00
   1.000000E+00   1.000000E+00   1.000000E+00   1.000000E+00   1.000000E+00
   1.000000E+00   1.000000E+00   1.000000E+00   1.000000E+00   1.000000E+00
   1.000000E+00   1.000000E+00   1.000000E+00   1.000000E+00   1.000000E+00
   1.000000E+00   1.000000E+00   1.000000E+00   1.000000E+00   1.000000E+00
   1.000000E+00   1.000000E+00   1.000000E+00   1.000000E+00   1.000000E+00
   1.000000E+00   1.000000E+00   1.000000E+00   1.000000E+00   1.000000E+00
   1.000000E+00   1.000000E+00   1.000000E+00   1.000000E+00   1.000000E+00
   1.000000E+00   1.000000E+00   1.000000E+00   1.000000E+00   1.000000E+00
   1.000000E+00   1.000000E+00   1.000000E+00   1.000000E+00   1.000000E+00
   1.000000E+00   1.000000E+00   1.000000E+00   1.000000E+00   1.000000E+00
   1.000000E+00   1.000000E+00   1.000000E+00   1.000000E+00   1.000000E+00
   1.000000E+00   1.000000E+00   1.000000E+00   1.000000E+00   1.000000E+00
   1.000000E+00   1.000000E+00   1.000000E+00   1.000000E+00   1.000000E+00
   1.000000E+00   1.000000E+00   1.000000E+00   1.000000E+00   1.000000E+00
   1.000000E+00   1.000000E+00   1.000000E+00   1.000000E+00   1.000000E+00
   1.000000E+00   1.000000E+00   1.000000E+00   1.000000E+00   1.000000E+00
   1.000000E+00   1.000000E+00   1.000000E+00   1.000000E+00   1.000000E+00
   1.000000E+00   1.000000E+00   1.000000E+00   1.000000E+00   1.000000E+00
   1.000000E+00   1.000000E+00   1.000000E+00   1.000000E+00   1.000000E+00
   1.000000E+00   1.000000E+00   1.000000E+00   1.000000E+00   1.000000E+00
   1.000000E+00   1.000000E+00   1.000000E+00   1.000000E+00   1.000000E+00
   1.000000E+00   1.000000E+00   1.000000E+00   1.000000E+00   1.000000E+00
   1.000000E+00   1.000000E+00   1.000000E+00   1.000000E+00   1.000000E+00
   1.000000E+00   1.000000E+00   1.000000E+00   1.000000E+00   1.000000E+00
   1.000000E+00   1.000000E+00   1.000000E+00   1.000000E+00   1.000000E+00
   1.000000E+00   1.000000E+00   1.000000E+00   1.000000E+00   1.000000E+00
   1.000000E+00   1.000000E+00   1.000000E+00   1.000000E+00   1.000000E+00
   1.000000E+00   1.000000E+00   1.000000E+00   1.000000E+00   1.000000E+00
   1.000000E+00   1.000000E+00   1.000000E+00   1.000000E+00   1.000000E+00
   1.000000E+00   1.000000E+00   1.000000E+00   1.000000E+00   1.000000E+00
   1.000000E+00   1.000000E+00   1.000000E+00   1.000000E+00   1.000000E+00
   1.000000E+00   1.000000E+00   1.000000E+00   1.000000E+00   1.000000E+00
   1.000000E+00   1.000000E+00   1.000000E+00   1.000000E+00   1.000000E+00
   1.000000E+00   1.000000E+00   1.000000E+00   1.000000E+00   1.000000E+00
   1.000000E+00   1.000000E+00   1.000000E+00   1.000000E+00   1.000000E+00
   1.000000E+00   1.000000E+00   1.000000E+00   1.000000E+00   1.000000E+00
   1.000000E+00   1.000000E+00   1.000000E+00   1.000000E+00   1.000000E+00
   1.000000E+00   1.000000E+00   1.000000E+00   1.000000E+00   1.000000E+00
   1.000000E+00   1.000000E+00   1.000000E+00   1.000000E+00   1.000000E+00
   1.000000E+00   1.000000E+00   1.000000E+00   1.000000E+00   1.000000E+00
   1.000000E+00   1.000000E+00   1.000000E+00   1.000000E+00   1.000000E+00
   1.000000E+00   1.000000E+00   1.000000E+00   1.000000E+00   1.000000E+00
   1.000000E+00   1.000000E+00   1.000000E+00   1.000000E+00   1.000000E+00
   1.000000E+00   1.000000E+00   1.000000E+00   1.000000E+00   1.000000E+00
   1.000000E+00   1.000000E+00   1.000000E+00   1.000000E+00   1.000000E+00
   1.000000E+00   1.000000E+00   1.000000E+00   1.000000E+00   1.000000E+00
   1.000000E+00   1.000000E+00   1.000000E+00   1.000000E+00   1.000000E+00
   1.000000E+00   1.000000E+00   1.000000E+00   1.000000E+00   1.000000E+00
   1.000000E+00   1.000000E+00   1.000000E+00   1.000000E+00   1.000000E+00
   1.000000E+00   1.000000E+00   1.000000E+00   1.000000E+00   1.000000E+00
   1.000000E+00   1.000000E+00   1.000000E+00   1.000000E+00   1.000000E+00
   1.000000E+00   1.000000E+00   1.000000E+00   1.000000E+00   1.000000E+00
   1.000000E+00   1.000000E+00   1.000000E+00   1.000000E+00   1.000000E+00
   1.000000E+00   1.000000E+00   1.000000E+00   1.000000E+00   1.000000E+00
   1.000000E+00   1.000000E+00   1.000000E+00   1.000000E+00   1.000000E+00
   1.000000E+00   1.000000E+00   1.000000E+00   1.000000E+00   1.000000E+00
   1.000000E+00   1.000000E+00   1.000000E+00   1.000000E+00   1.000000E+00
   1.000000E+00   1.000000E+00   1.000000E+00   1.000000E+00   1.000000E+00
   1.000000E+00   1.000000E+00   1.000000E+00   1.000000E+00   1.000000E+00
   1.000000E+00   1.000000E+00   1.000000E+00   1.000000E+00   1.000000E+00
   1.000000E+00   1.000000E+00   1.000000E+00   1.000000E+00   1.000000E+00
   1.000000E+00   1.000000E+00   1.000000E+00   1.000000E+00   1.000000E+00
   1.000000E+00   1.000000E+00   1.000000E+00   1.000000E+00   1.000000E+00
   1.000000E+00   1.000000E+00   1.000000E+00   1.000000E+00   1.000000E+00
   1.000000E+00   1.000000E+00   1.000000E+00   1.000000E+00   1.000000E+00
   1.000000E+00   1.000000E+00   1.000000E+00   1.000000E+00   1.000000E+00
   1.000000E+00   1.000000E+00   1.000000E+00   1.000000E+00   1.000000E+00
   1.000000E+00   1.000000E+00   1.000000E+00   1.000000E+00   1.000000E+00
   1.000000E+00   1.000000E+00   1.000000E+00   1.000000E+00   1.000000E+00
   1.000000E+00   1.000000E+00   1.000000E+00   1.000000E+00   1.000000E+00
   1.000000E+00   1.000000E+00   1.000000E+00   1.000000E+00   1.000000E+00
   1.000000E+00   1.000000E+00   1.000000E+00   1.000000E+00   1.000000E+00
   1.000000E+00   1.000000E+00   1.000000E+00   1.000000E+00   1.000000E+00
   1.000000E+00   1.000000E+00   1.000000E+00   1.000000E+00   1.000000E+00
   1.000000E+00   1.000000E+00   1.000000E+00   1.000000E+00   1.000000E+00
   1.000000E+00   1.000000E+00   1.000000E+00   1.000000E+00   1.000000E+00
   1.000000E+00   1.000000E+00   1.000000E+00   1.000000E+00   1.000000E+00
   1.000000E+00   1.000000E+00   1.000000E+00   1.000000E+00   1.000000E+00
   1.000000E+00   1.000000E+00   1.000000E+00   1.000000E+00   1.000000E+00
   1.000000E+00   1.000000E+00   1.000000E+00   1.000000E+00   1.000000E+00
   1.000000E+00   1.000000E+00   1.000000E+00   1.000000E+00   1.000000E+00
   1.000000E+00   1.000000E+00   1.000000E+00   1.000000E+00   1.000000E+00
   1.000000E+00   1.000000E+00   1.000000E+00   1.000000E+00   1.000000E+00
   1.000000E+00
   1031  9.60000000E+03     NSTEP   TIME
   5.339532E-01   5.345419E-01   5.345288E-01   5.344509E-01   5.344048E-01
   5.343839E-01   5.343697E-01   5.344111E-01   5.344564E-01   5.345591E-01
   5.347150E-01   5.349222E-01   5.351564E-01   5.354099E-01   5.357226E-01
   5.360742E-01   5.364789E-01   5.369412E-01   5.373153E-01   5.386503E-01
   5.385428E-01   5.348535E-01   5.362447E-01   5.365436E-01   5.364095E-01
   5.363696E-01   5.363775E-01   5.363937E-01   5.364181E-01   5.364919E-01
   5.365907E-01   5.366520E-01   5.367689E-01   5.369012E-01   5.370770E-01
   5.372329E-01   5.375020E-01   5.378145E-01   5.381994E-01   5.386055E-01
   5.397038E-01   5.393013E-01   5.348005E-01   5.364050E-01   5.367450E-01
   5.366038E-01   5.367187E-01   5.368287E-01   5.369276E-01   5.370899E-01
   5.372494E-01   5.374149E-01   5.376242E-01   5.378866E-01   5.381309E-01
   5.384589E-01   5.388135E-01   5.392513E-01   5.397699E-01   5.403931E-01
   5.410695E-01   5.424575E-01   5.424527E-01   5.348833E-01   5.363758E-01
   5.367955E-01   5.367364E-01   5.369174E-01   5.371026E-01   5.372921E-01
   5.374818E-01   5.377413E-01   5.379882E-01   5.382829E-01   5.386316E-01
   5.390210E-01   5.394884E-01   5.400322E-01   5.406564E-01   5.414602E-01
   5.423560E-01   5.433603E-01   5.451068E-01   5.450224E-01   5.352098E-01
   5.365963E-01   5.371723E-01   5.372076E-01   5.374496E-01   5.376983E-01
   5.379639E-01   5.382453E-01   5.385657E-01   5.389386E-01   5.393855E-01
   5.398688E-01   5.404705E-01   5.411332E-01   5.419191E-01   5.428468E-01
   5.439387E-01   5.452076E-01   5.466397E-01   5.488226E-01   5.488282E-01
   5.358558E-01   5.369538E-01   5.376950E-01   5.377912E-01   5.381212E-01
   5.384374E-01   5.388370E-01   5.392270E-01   5.397029E-01   5.402432E-01
   5.408679E-01   5.416086E-01   5.424250E-01   5.434138E-01   5.445502E-01
   5.458639E-01   5.473836E-01   5.491098E-01   5.511171E-01   5.538054E-01
   5.539659E-01   5.367409E-01   5.374325E-01   5.383769E-01   5.386036E-01
   5.390210E-01   5.395042E-01   5.400158E-01   5.406367E-01   5.413010E-01
   5.420888E-01   5.430198E-01   5.440317E-01   5.452425E-01   5.466091E-01
   5.481762E-01   5.499812E-01   5.520394E-01   5.543947E-01   5.570405E-01
   5.604540E-01   5.607531E-01   5.378213E-01   5.381432E-01   5.393050E-01
   5.396956E-01   5.403160E-01   5.409976E-01   5.417587E-01   5.426102E-01
   5.436038E-01   5.447309E-01   5.460122E-01   5.474616E-01   5.491115E-01
   5.509936E-01   5.531279E-01   5.555360E-01   5.582799E-01   5.613727E-01
   5.649094E-01   5.692075E-01   5.696483E-01   5.391594E-01   5.392328E-01
   5.406599E-01   5.413060E-01   5.421912E-01   5.431339E-01   5.442184E-01
   5.454720E-01   5.468472E-01   5.483917E-01   5.501730E-01   5.521542E-01
   5.543885E-01   5.568982E-01   5.597146E-01   5.629237E-01   5.665368E-01
   5.705578E-01   5.750161E-01   5.803083E-01   5.808700E-01   5.409798E-01
   5.409279E-01   5.426339E-01   5.436371E-01   5.448442E-01   5.462214E-01
   5.477252E-01   5.494488E-01   5.513385E-01   5.534494E-01   5.558364E-01
   5.584689E-01   5.614384E-01   5.647443E-01   5.684468E-01   5.725451E-01
   5.770880E-01   5.821220E-01   5.876947E-01   5.941397E-01   5.948117E-01
   5.434787E-01   5.434539E-01   5.455073E-01   5.469682E-01   5.486654E-01
   5.505279E-01   5.525760E-01   5.548926E-01   5.574401E-01   5.602505E-01
   5.633966E-01   5.668697E-01   5.707070E-01   5.749120E-01   5.795500E-01
   5.846478E-01   5.902804E-01   5.965538E-01   6.035590E-01   6.115426E-01
   6.123030E-01   5.470231E-01   5.471052E-01   5.495832E-01   5.516208E-01
   5.538895E-01   5.564035E-01   5.591501E-01   5.621976E-01   5.655793E-01
   5.692565E-01   5.732734E-01   5.776567E-01   5.824560E-01   5.876765E-01
   5.934080E-01   5.997998E-01   6.068319E-01   6.145752E-01   6.231707E-01
   6.329688E-01   6.338358E-01   5.519392E-01   5.521441E-01   5.551980E-01
   5.579160E-01   5.609502E-01   5.642559E-01   5.678951E-01   5.718204E-01
   5.760994E-01   5.807328E-01   5.857545E-01   5.911975E-01   5.971920E-01
   6.037448E-01   6.108716E-01   6.186762E-01   6.272721E-01   6.368259E-01
   6.474662E-01   6.597105E-01   6.607222E-01   5.586288E-01   5.589375E-01
   5.627083E-01   5.663132E-01   5.702352E-01   5.744774E-01   5.790620E-01
   5.840266E-01   5.893702E-01   5.951730E-01   6.015227E-01   6.083608E-01
   6.157401E-01   6.237571E-01   6.325145E-01   6.421132E-01   6.527188E-01
   6.647258E-01   6.783760E-01   6.941036E-01   6.953243E-01   5.674839E-01
   5.679284E-01   5.725556E-01   5.771499E-01   5.820749E-01   5.874226E-01
   5.931611E-01   5.994625E-01   6.062333E-01   6.134995E-01   6.213402E-01
   6.298013E-01   6.389415E-01   6.488168E-01   6.597649E-01   6.718902E-01
   6.854150E-01   7.007042E-01   7.184341E-01   7.394358E-01   7.409848E-01
   5.788569E-01   5.794117E-01   5.850554E-01   5.908096E-01   5.970682E-01
   6.038640E-01   6.111485E-01   6.189869E-01   6.274362E-01   6.365432E-01
   6.463322E-01   6.570001E-01   6.686652E-01   6.813546E-01   6.952429E-01
   7.108291E-01   7.283761E-01   7.483626E-01   7.718740E-01   8.005135E-01
   8.023065E-01   5.931820E-01   5.938639E-01   6.009094E-01   6.082431E-01
   6.161147E-01   6.246087E-01   6.337908E-01   6.436806E-01   6.544063E-01
   6.661805E-01   6.789608E-01   6.928185E-01   7.081067E-01   7.248443E-01
   7.431919E-01   7.637013E-01   7.870737E-01   8.133078E-01   8.447806E-01
   8.842920E-01   8.859221E-01   6.115633E-01   6.123080E-01   6.209986E-01
   6.302240E-01   6.401989E-01   6.509785E-01   6.629003E-01   6.759156E-01
   6.900974E-01   7.057630E-01   7.230660E-01   7.420278E-01   7.628789E-01
   7.859052E-01   8.109480E-01   8.388939E-01   8.716627E-01   9.027341E-01
   9.432286E-01   9.925288E-01   9.909137E-01   6.347031E-01   6.355810E-01
   6.465217E-01   6.584183E-01   6.715359E-01   6.859070E-01   7.018113E-01
   7.195699E-01   7.392481E-01   7.611390E-01   7.857668E-01   8.131818E-01
   8.435349E-01   8.771266E-01   9.135009E-01   9.507146E-01   1.000000E+00
   1.000000E+00   1.000000E+00   1.000000E+00   1.000000E+00   6.649110E-01
   6.659512E-01   6.804106E-01   6.962433E-01   7.141088E-01   7.340808E-01
   7.564749E-01   7.819225E-01   8.107757E-01   8.432514E-01   8.798343E-01
   9.195400E-01   9.623117E-01   1.000000E+00   1.000000E+00   1.000000E+00
   1.000000E+00   1.000000E+00   1.000000E+00   1.000000E+00   1.000000E+00
   6.769313E-01   6.820474E-01   6.984787E-01   7.168565E-01   7.375288E-01
   7.607573E-01   7.873718E-01   8.176641E-01   8.520293E-01   8.906846E-01
   9.323709E-01   9.727432E-01   9.996279E-01   1.000000E+00   1.000000E+00
   1.000000E+00   1.000000E+00   1.000000E+00   1.000000E+00   1.000000E+00
   1.000000E+00   5.364074E-01   5.369999E-01   5.369859E-01   5.369054E-01
   5.368574E-01   5.368354E-01   5.368203E-01   5.368626E-01   5.369088E-01
   5.370143E-01   5.371747E-01   5.373881E-01   5.376294E-01   5.378908E-01
   5.382133E-01   5.385761E-01   5.389938E-01   5.394709E-01   5.398576E-01
   5.412349E-01   5.410989E-01   5.373169E-01   5.387219E-01   5.390297E-01
   5.388909E-01   5.388494E-01   5.388573E-01   5.388738E-01   5.388989E-01
   5.389752E-01   5.390771E-01   5.391407E-01   5.392616E-01   5.393984E-01
   5.395802E-01   5.397417E-01   5.400199E-01   5.403427E-01   5.407403E-01
   5.411603E-01   5.422938E-01   5.418545E-01   5.372600E-01   5.388836E-01
   5.392338E-01   5.390879E-01   5.392061E-01   5.393194E-01   5.394215E-01
   5.395888E-01   5.397536E-01   5.399246E-01   5.401409E-01   5.404119E-01
   5.406646E-01   5.410036E-01   5.413701E-01   5.418226E-01   5.423584E-01
   5.430023E-01   5.437015E-01   5.451347E-01   5.451042E-01   5.373440E-01
   5.388527E-01   5.392851E-01   5.392241E-01   5.394108E-01   5.396019E-01
   5.397977E-01   5.399937E-01   5.402617E-01   5.405171E-01   5.408216E-01
   5.411821E-01   5.415846E-01   5.420676E-01   5.426295E-01   5.432745E-01
   5.441049E-01   5.450308E-01   5.460691E-01   5.478735E-01   5.477610E-01
   5.376796E-01   5.390802E-01   5.396736E-01   5.397104E-01   5.399603E-01
   5.402171E-01   5.404916E-01   5.407823E-01   5.411136E-01   5.414991E-01
   5.419609E-01   5.424602E-01   5.430820E-01   5.437670E-01   5.445792E-01
   5.455382E-01   5.466670E-01   5.479791E-01   5.494605E-01   5.517177E-01
   5.516988E-01   5.383451E-01   5.394498E-01   5.402134E-01   5.403133E-01
   5.406542E-01   5.409809E-01   5.413937E-01   5.417968E-01   5.422886E-01
   5.428470E-01   5.434926E-01   5.442580E-01   5.451019E-01   5.461242E-01
   5.472993E-01   5.486580E-01   5.502301E-01   5.520167E-01   5.540951E-01
   5.568784E-01   5.570207E-01   5.392582E-01   5.399449E-01   5.409180E-01
   5.411527E-01   5.415840E-01   5.420832E-01   5.426119E-01   5.432534E-01
   5.439400E-01   5.447542E-01   5.457166E-01   5.467631E-01   5.480153E-01
   5.494291E-01   5.510507E-01   5.529193E-01   5.550507E-01   5.574911E-01
   5.602342E-01   5.637737E-01   5.640615E-01   5.403736E-01   5.406796E-01
   5.418772E-01   5.422813E-01   5.429221E-01   5.436264E-01   5.444131E-01
   5.452933E-01   5.463206E-01   5.474861E-01   5.488114E-01   5.503111E-01
   5.520188E-01   5.539677E-01   5.561786E-01   5.586745E-01   5.615200E-01
   5.647294E-01   5.684021E-01   5.728687E-01   5.733057E-01   5.417559E-01
   5.418058E-01   5.432776E-01   5.439457E-01   5.448603E-01   5.458348E-01
   5.469561E-01   5.482525E-01   5.496752E-01   5.512738E-01   5.531178E-01
   5.551697E-01   5.574850E-01   5.600870E-01   5.630089E-01   5.663398E-01
   5.700940E-01   5.742761E-01   5.789181E-01   5.844331E-01   5.849992E-01
   5.436365E-01   5.435574E-01   5.453181E-01   5.463553E-01   5.476034E-01
   5.490277E-01   5.505838E-01   5.523677E-01   5.543246E-01   5.565115E-01
   5.589858E-01   5.617162E-01   5.647977E-01   5.682312E-01   5.720804E-01
   5.763451E-01   5.810776E-01   5.863284E-01   5.921496E-01   5.988906E-01
   5.995757E-01   5.462191E-01   5.461684E-01   5.482894E-01   5.498007E-01
   5.515570E-01   5.534850E-01   5.556064E-01   5.580070E-01   5.606485E-01
   5.635644E-01   5.668306E-01   5.704400E-01   5.744315E-01   5.788100E-01
   5.836449E-01   5.889663E-01   5.948542E-01   6.014218E-01   6.087704E-01
   6.171618E-01   6.179455E-01   5.498841E-01   5.499447E-01   5.525072E-01
   5.546169E-01   5.569672E-01   5.595731E-01   5.624221E-01   5.655850E-01
   5.690978E-01   5.729216E-01   5.771026E-01   5.816701E-01   5.866771E-01
   5.921311E-01   5.981273E-01   6.048257E-01   6.122096E-01   6.203580E-01
   6.294251E-01   6.397874E-01   6.406911E-01   5.549721E-01   5.551611E-01
   5.583235E-01   5.611417E-01   5.642897E-01   5.677220E-01   5.715047E-01
   5.755889E-01   5.800457E-01   5.848775E-01   5.901213E-01   5.958130E-01
   6.020905E-01   6.089659E-01   6.164584E-01   6.246813E-01   6.337603E-01
   6.438789E-01   6.551837E-01   6.682359E-01   6.693034E-01   5.619049E-01
   5.622033E-01   5.661148E-01   5.698597E-01   5.739385E-01   5.783549E-01
   5.831336E-01   5.883151E-01   5.939000E-01   5.999734E-01   6.066318E-01
   6.138161E-01   6.215849E-01   6.300445E-01   6.393088E-01   6.494918E-01
   6.607777E-01   6.736005E-01   6.882370E-01   7.051762E-01   7.064829E-01
   5.710991E-01   5.715407E-01   5.763533E-01   5.811391E-01   5.862765E-01
   5.918625E-01   5.978658E-01   6.044688E-01   6.115779E-01   6.192230E-01
   6.274908E-01   6.364347E-01   6.461229E-01   6.566211E-01   6.682965E-01
   6.812748E-01   6.958093E-01   7.123132E-01   7.315475E-01   7.544551E-01
   7.561407E-01   5.829392E-01   5.834990E-01   5.893883E-01   5.954040E-01
   6.019572E-01   6.090874E-01   6.167463E-01   6.250056E-01   6.339308E-01
   6.435766E-01   6.539752E-01   6.653427E-01   6.778170E-01   6.914388E-01
   7.064087E-01   7.232848E-01   7.423765E-01   7.642337E-01   7.900778E-01
   8.216940E-01   8.236703E-01   5.979053E-01   5.986018E-01   6.059852E-01
   6.136887E-01   6.219758E-01   6.309402E-01   6.406572E-01   6.511539E-01
   6.625736E-01   6.751546E-01   6.888636E-01   7.037902E-01   7.203303E-01
   7.385259E-01   7.585686E-01   7.810807E-01   8.068453E-01   8.358436E-01
   8.705917E-01   9.136437E-01   9.153911E-01   6.171988E-01   6.179670E-01
   6.271270E-01   6.368785E-01   6.474538E-01   6.589186E-01   6.716438E-01
   6.855910E-01   7.008528E-01   7.177887E-01   7.365874E-01   7.572930E-01
   7.801751E-01   8.055571E-01   8.332380E-01   8.641204E-01   9.000107E-01
   9.332071E-01   9.730688E-01   1.000000E+00   1.000000E+00   6.416383E-01
   6.425550E-01   6.541741E-01   6.668536E-01   6.808906E-01   6.963358E-01
   7.135086E-01   7.327816E-01   7.542517E-01   7.782627E-01   8.054040E-01
   8.357083E-01   8.692291E-01   9.059219E-01   9.438149E-01   9.796261E-01
   1.000000E+00   1.000000E+00   1.000000E+00   1.000000E+00   1.000000E+00
   6.738036E-01   6.749039E-01   6.904149E-01   7.074807E-01   7.268376E-01
   7.485964E-01   7.731308E-01   8.011542E-01   8.330415E-01   8.689044E-01
   9.088425E-01   9.505336E-01   9.896234E-01   1.000000E+00   1.000000E+00
   1.000000E+00   1.000000E+00   1.000000E+00   1.000000E+00   1.000000E+00
   1.000000E+00   6.866749E-01   6.921600E-01   7.098794E-01   7.298066E-01
   7.523484E-01   7.778212E-01   8.071565E-01   8.406467E-01   8.785450E-01
   9.204720E-01   9.632415E-01   9.968133E-01   1.000000E+00   1.000000E+00
   1.000000E+00   1.000000E+00   1.000000E+00   1.000000E+00   1.000000E+00
   1.000000E+00   1.000000E+00   5.411319E-01   5.417054E-01   5.416877E-01
   5.415998E-01   5.415431E-01   5.415148E-01   5.414941E-01   5.415356E-01
   5.415805E-01   5.416888E-01   5.418576E-01   5.420841E-01   5.423404E-01
   5.426198E-01   5.429656E-01   5.433560E-01   5.438047E-01   5.443190E-01
   5.447387E-01   5.462082E-01   5.459797E-01   5.420310E-01   5.434115E-01
   5.437377E-01   5.435858E-01   5.435377E-01   5.435444E-01   5.435596E-01
   5.435858E-01   5.436683E-01   5.437775E-01   5.438480E-01   5.439798E-01
   5.441286E-01   5.443258E-01   5.445037E-01   5.448055E-01   5.451536E-01
   5.455833E-01   5.460389E-01   5.472486E-01   5.466978E-01   5.419583E-01
   5.435700E-01   5.439436E-01   5.437856E-01   5.439092E-01   5.440282E-01
   5.441380E-01   5.443155E-01   5.444931E-01   5.446785E-01   5.449123E-01
   5.452039E-01   5.454788E-01   5.458451E-01   5.462415E-01   5.467306E-01
   5.473080E-01   5.480009E-01   5.487543E-01   5.502854E-01   5.501618E-01
   5.420340E-01   5.435303E-01   5.439913E-01   5.439265E-01   5.441254E-01
   5.443303E-01   5.445415E-01   5.447535E-01   5.450415E-01   5.453200E-01
   5.456485E-01   5.460392E-01   5.464743E-01   5.469961E-01   5.476015E-01
   5.482962E-01   5.491887E-01   5.501853E-01   5.513044E-01   5.532344E-01
   5.530237E-01   5.423802E-01   5.437730E-01   5.444050E-01   5.444477E-01
   5.447158E-01   5.449923E-01   5.452893E-01   5.456031E-01   5.459628E-01
   5.463796E-01   5.468776E-01   5.474158E-01   5.480859E-01   5.488245E-01
   5.496995E-01   5.507321E-01   5.519473E-01   5.533613E-01   5.549579E-01
   5.573775E-01   5.572677E-01   5.430851E-01   5.441744E-01   5.449859E-01
   5.450979E-01   5.454652E-01   5.458181E-01   5.462626E-01   5.466987E-01
   5.472296E-01   5.478321E-01   5.485273E-01   5.493517E-01   5.502610E-01
   5.513630E-01   5.526293E-01   5.540934E-01   5.557874E-01   5.577152E-01
   5.599583E-01   5.629517E-01   5.630167E-01   5.440639E-01   5.447136E-01
   5.457466E-01   5.460040E-01   5.464698E-01   5.470075E-01   5.475782E-01
   5.482675E-01   5.490083E-01   5.498853E-01   5.509216E-01   5.520513E-01
   5.534006E-01   5.549257E-01   5.566752E-01   5.586926E-01   5.609937E-01
   5.636305E-01   5.665982E-01   5.704159E-01   5.706436E-01   5.452658E-01
   5.455105E-01   5.467840E-01   5.472239E-01   5.479124E-01   5.486702E-01
   5.495180E-01   5.504666E-01   5.515744E-01   5.528294E-01   5.542587E-01
   5.558767E-01   5.577197E-01   5.598250E-01   5.622144E-01   5.649135E-01
   5.679937E-01   5.714696E-01   5.754506E-01   5.802925E-01   5.806870E-01
   5.467601E-01   5.467274E-01   5.482954E-01   5.490183E-01   5.500009E-01
   5.510505E-01   5.522585E-01   5.536552E-01   5.551897E-01   5.569162E-01
   5.589064E-01   5.611236E-01   5.636275E-01   5.664435E-01   5.696086E-01
   5.732166E-01   5.772940E-01   5.818448E-01   5.869073E-01   5.929182E-01
   5.934626E-01   5.487864E-01   5.486152E-01   5.504953E-01   5.516129E-01
   5.529573E-01   5.544915E-01   5.561699E-01   5.580945E-01   5.602082E-01
   5.625728E-01   5.652490E-01   5.682066E-01   5.715450E-01   5.752704E-01
   5.794572E-01   5.841035E-01   5.892700E-01   5.950156E-01   6.014047E-01
   6.088074E-01   6.094931E-01   5.515704E-01   5.514277E-01   5.536972E-01
   5.553272E-01   5.572203E-01   5.593000E-01   5.615928E-01   5.641877E-01
   5.670458E-01   5.702055E-01   5.737451E-01   5.776693E-01   5.820157E-01
   5.867927E-01   5.920786E-01   5.979126E-01   6.043846E-01   6.116206E-01
   6.197557E-01   6.290740E-01   6.298849E-01   5.555197E-01   5.554962E-01
   5.582464E-01   5.605229E-01   5.630616E-01   5.658792E-01   5.689648E-01
   5.723904E-01   5.762035E-01   5.803651E-01   5.849234E-01   5.899140E-01
   5.953972E-01   6.013879E-01   6.079890E-01   6.153887E-01   6.235814E-01
   6.326642E-01   6.428226E-01   6.544840E-01   6.554509E-01   5.610071E-01
   5.611244E-01   5.645284E-01   5.675770E-01   5.709836E-01   5.747029E-01
   5.788153E-01   5.832651E-01   5.881294E-01   5.934168E-01   5.991715E-01
   6.054348E-01   6.123573E-01   6.199755E-01   6.283125E-01   6.375026E-01
   6.477030E-01   6.591397E-01   6.720053E-01   6.869515E-01   6.881317E-01
   5.684958E-01   5.687382E-01   5.729596E-01   5.770233E-01   5.814614E-01
   5.862761E-01   5.914992E-01   5.971779E-01   6.033172E-01   6.100065E-01
   6.173763E-01   6.253602E-01   6.340304E-01   6.435181E-01   6.539643E-01
   6.655170E-01   6.784040E-01   6.931614E-01   7.101552E-01   7.300011E-01
   7.315006E-01   5.784599E-01   5.788625E-01   5.840901E-01   5.893121E-01
   5.949360E-01   6.010668E-01   6.076760E-01   6.149682E-01   6.228577E-01
   6.313788E-01   6.406375E-01   6.507066E-01   6.616787E-01   6.736453E-01
   6.870399E-01   7.020524E-01   7.190124E-01   7.384543E-01   7.613541E-01
   7.889123E-01   7.909217E-01   5.913608E-01   5.919018E-01   5.983447E-01
   6.049579E-01   6.121805E-01   6.200794E-01   6.286028E-01   6.378363E-01
   6.478682E-01   6.587748E-01   6.706082E-01   6.836273E-01   6.980293E-01
   7.138885E-01   7.314703E-01   7.514847E-01   7.743532E-01   8.007916E-01
   8.323028E-01   8.708983E-01   8.732839E-01   6.077853E-01   6.084867E-01
   6.166344E-01   6.251882E-01   6.344340E-01   6.444897E-01   6.554546E-01
   6.673766E-01   6.804321E-01   6.949310E-01   7.108656E-01   7.283727E-01
   7.479521E-01   7.697138E-01   7.939111E-01   8.213117E-01   8.528024E-01
   8.880674E-01   9.291207E-01   9.747022E-01   9.763217E-01   6.291654E-01
   6.299640E-01   6.402019E-01   6.511762E-01   6.631558E-01   6.762315E-01
   6.908624E-01   7.070379E-01   7.249024E-01   7.449197E-01   7.673712E-01
   7.923479E-01   8.201883E-01   8.512256E-01   8.849243E-01   9.216769E-01
   9.613084E-01   9.910237E-01   1.000000E+00   1.000000E+00   1.000000E+00
   6.566161E-01   6.576038E-01   6.708095E-01   6.853356E-01   7.015635E-01
   7.195910E-01   7.398359E-01   7.628040E-01   7.886645E-01   8.178553E-01
   8.510299E-01   8.879006E-01   9.275529E-01   9.672341E-01   9.971912E-01
   1.000000E+00   1.000000E+00   1.000000E+00   1.000000E+00   1.000000E+00
   1.000000E+00   6.933618E-01   6.945940E-01   7.126144E-01   7.326548E-01
   7.556417E-01   7.817757E-01   8.115493E-01   8.457835E-01   8.846313E-01
   9.271302E-01   9.700949E-01   9.999378E-01   1.000000E+00   1.000000E+00
   1.000000E+00   1.000000E+00   1.000000E+00   1.000000E+00   1.000000E+00
   1.000000E+00   1.000000E+00   7.082434E-01   7.146005E-01   7.354184E-01
   7.591212E-01   7.862435E-01   8.172045E-01   8.530705E-01   8.937574E-01
   9.380608E-01   9.808337E-01   1.000000E+00   1.000000E+00   1.000000E+00
   1.000000E+00   1.000000E+00   1.000000E+00   1.000000E+00   1.000000E+00
   1.000000E+00   1.000000E+00   1.000000E+00   5.477273E-01   5.482408E-01
   5.482124E-01   5.481071E-01   5.480250E-01   5.479765E-01   5.479372E-01
   5.479700E-01   5.480039E-01   5.481096E-01   5.482889E-01   5.485361E-01
   5.488176E-01   5.491301E-01   5.495209E-01   5.499670E-01   5.504769E-01
   5.510668E-01   5.515592E-01   5.531865E-01   5.528019E-01   5.485744E-01
   5.498576E-01   5.502114E-01   5.500304E-01   5.499637E-01   5.499641E-01
   5.499731E-01   5.499994E-01   5.500940E-01   5.502168E-01   5.503032E-01
   5.504589E-01   5.506343E-01   5.508643E-01   5.510801E-01   5.514321E-01
   5.518319E-01   5.523267E-01   5.528576E-01   5.541988E-01   5.534514E-01
   5.484572E-01   5.499949E-01   5.504107E-01   5.502270E-01   5.503556E-01
   5.504810E-01   5.506048E-01   5.507988E-01   5.510017E-01   5.512169E-01
   5.514864E-01   5.518181E-01   5.521406E-01   5.525623E-01   5.530204E-01
   5.535835E-01   5.542429E-01   5.550307E-01   5.558902E-01   5.575900E-01
   5.572879E-01   5.484910E-01   5.499269E-01   5.504397E-01   5.503680E-01
   5.505875E-01   5.508179E-01   5.510603E-01   5.513048E-01   5.516320E-01
   5.519608E-01   5.523374E-01   5.527910E-01   5.532930E-01   5.538924E-01
   5.545838E-01   5.553758E-01   5.563859E-01   5.575186E-01   5.587936E-01
   5.609411E-01   5.605422E-01   5.488338E-01   5.501951E-01   5.508950E-01
   5.509536E-01   5.512561E-01   5.515713E-01   5.519149E-01   5.522751E-01
   5.526951E-01   5.531756E-01   5.537455E-01   5.543612E-01   5.551259E-01
   5.559706E-01   5.569671E-01   5.581416E-01   5.595214E-01   5.611297E-01
   5.629458E-01   5.656494E-01   5.653619E-01   5.495983E-01   5.506630E-01
   5.515557E-01   5.516986E-01   5.521180E-01   5.525242E-01   5.530311E-01
   5.535349E-01   5.541442E-01   5.548344E-01   5.556268E-01   5.565655E-01
   5.576019E-01   5.588583E-01   5.602996E-01   5.619649E-01   5.638891E-01
   5.660853E-01   5.686390E-01   5.720059E-01   5.719149E-01   5.507012E-01
   5.512988E-01   5.524302E-01   5.527396E-01   5.532749E-01   5.538881E-01
   5.545429E-01   5.553239E-01   5.561716E-01   5.571702E-01   5.583490E-01
   5.596414E-01   5.611763E-01   5.629152E-01   5.649087E-01   5.672093E-01
   5.698303E-01   5.728356E-01   5.762247E-01   5.805373E-01   5.806420E-01
   5.520786E-01   5.522275E-01   5.536272E-01   5.541449E-01   5.549243E-01
   5.557856E-01   5.567517E-01   5.578342E-01   5.590979E-01   5.605238E-01
   5.621527E-01   5.639975E-01   5.660979E-01   5.685015E-01   5.712287E-01
   5.743103E-01   5.778308E-01   5.818024E-01   5.863503E-01   5.918679E-01
   5.921710E-01   5.538059E-01   5.536299E-01   5.553603E-01   5.561954E-01
   5.573058E-01   5.585000E-01   5.598742E-01   5.614626E-01   5.632109E-01
   5.651838E-01   5.674514E-01   5.699824E-01   5.728432E-01   5.760628E-01
   5.796848E-01   5.838044E-01   5.884838E-01   5.937224E-01   5.995696E-01
   6.064780E-01   6.069720E-01   5.561229E-01   5.557856E-01   5.578717E-01
   5.591453E-01   5.606733E-01   5.624157E-01   5.643275E-01   5.665184E-01
   5.689306E-01   5.716322E-01   5.746893E-01   5.780758E-01   5.818930E-01
   5.861610E-01   5.909810E-01   5.963411E-01   6.023174E-01   6.089868E-01
   6.164397E-01   6.250566E-01   6.257361E-01   5.593043E-01   5.589872E-01
   5.615161E-01   5.633740E-01   5.655250E-01   5.678898E-01   5.705084E-01
   5.734682E-01   5.767333E-01   5.803509E-01   5.843968E-01   5.889124E-01
   5.939246E-01   5.994484E-01   6.055786E-01   6.123753E-01   6.199440E-01
   6.284283E-01   6.380520E-01   6.491149E-01   6.499768E-01   5.638015E-01
   5.636117E-01   5.666948E-01   5.692854E-01   5.721772E-01   5.753911E-01
   5.789210E-01   5.828336E-01   5.872049E-01   5.920015E-01   5.972677E-01
   6.030522E-01   6.094291E-01   6.164316E-01   6.241701E-01   6.328907E-01
   6.426216E-01   6.534956E-01   6.657630E-01   6.799353E-01   6.810325E-01
   5.700456E-01   5.700156E-01   5.738510E-01   5.773303E-01   5.812145E-01
   5.854625E-01   5.901914E-01   5.953272E-01   6.009540E-01   6.070969E-01
   6.138150E-01   6.211573E-01   6.292901E-01   6.383216E-01   6.482762E-01
   6.593292E-01   6.717094E-01   6.857350E-01   7.017047E-01   7.204352E-01
   7.218558E-01   5.785695E-01   5.786963E-01   5.834670E-01   5.881203E-01
   5.932288E-01   5.987862E-01   6.048413E-01   6.114534E-01   6.186375E-01
   6.264805E-01   6.352028E-01   6.447170E-01   6.551225E-01   6.666057E-01
   6.793652E-01   6.936286E-01   7.097163E-01   7.283938E-01   7.502283E-01
   7.760961E-01   7.780158E-01   5.899551E-01   5.902721E-01   5.962519E-01
   6.022851E-01   6.088202E-01   6.159727E-01   6.237227E-01   6.323116E-01
   6.416905E-01   6.518950E-01   6.630719E-01   6.753391E-01   6.888472E-01
   7.037470E-01   7.206054E-01   7.397749E-01   7.617517E-01   7.873278E-01
   8.179057E-01   8.550335E-01   8.577183E-01   6.048238E-01   6.053193E-01
   6.127787E-01   6.205133E-01   6.289872E-01   6.383467E-01   6.485266E-01
   6.596386E-01   6.718261E-01   6.852157E-01   6.999072E-01   7.162461E-01
   7.345773E-01   7.550539E-01   7.780771E-01   8.046709E-01   8.354180E-01
   8.711265E-01   9.130136E-01   9.603420E-01   9.629927E-01   6.239732E-01
   6.246756E-01   6.342430E-01   6.444159E-01   6.555024E-01   6.676749E-01
   6.810871E-01   6.958377E-01   7.121713E-01   7.305689E-01   7.510870E-01
   7.739657E-01   7.999114E-01   8.291346E-01   8.618324E-01   8.985787E-01
   9.390220E-01   9.783676E-01   1.000000E+00   1.000000E+00   1.000000E+00
   6.493032E-01   6.501599E-01   6.624589E-01   6.758163E-01   6.905678E-01
   7.068586E-01   7.253491E-01   7.460993E-01   7.693701E-01   7.958394E-01
   8.259399E-01   8.596817E-01   8.970523E-01   9.370758E-01   9.752866E-01
   1.000000E+00   1.000000E+00   1.000000E+00   1.000000E+00   1.000000E+00
   1.000000E+00   6.825993E-01   6.837353E-01   7.000790E-01   7.183174E-01
   7.390209E-01   7.623967E-01   7.890650E-01   8.197820E-01   8.547035E-01
   8.939541E-01   9.368392E-01   9.781930E-01   1.000000E+00   1.000000E+00
   1.000000E+00   1.000000E+00   1.000000E+00   1.000000E+00   1.000000E+00
   1.000000E+00   1.000000E+00   7.284605E-01   7.299956E-01   7.531632E-01
   7.794009E-01   8.100050E-01   8.452399E-01   8.854074E-01   9.301525E-01
   9.749253E-01   1.000000E+00   1.000000E+00   1.000000E+00   1.000000E+00
   1.000000E+00   1.000000E+00   1.000000E+00   1.000000E+00   1.000000E+00
   1.000000E+00   1.000000E+00   1.000000E+00   7.474882E-01   7.556770E-01
   7.829350E-01   8.145632E-01   8.511821E-01   8.928725E-01   9.391717E-01
   9.835642E-01   1.000000E+00   1.000000E+00   1.000000E+00   1.000000E+00
   1.000000E+00   1.000000E+00   1.000000E+00   1.000000E+00   1.000000E+00
   1.000000E+00   1.000000E+00   1.000000E+00   1.000000E+00   5.556803E-01
   5.560871E-01   5.560352E-01   5.558922E-01   5.557539E-01   5.556563E-01
   5.555712E-01   5.555750E-01   5.555757E-01   5.556635E-01   5.558518E-01
   5.561265E-01   5.564470E-01   5.568172E-01   5.572895E-01   5.578399E-01
   5.584641E-01   5.591951E-01   5.598374E-01   5.617161E-01   5.611533E-01
   5.564258E-01   5.575202E-01   5.579056E-01   5.576666E-01   5.575546E-01
   5.575317E-01   5.575238E-01   5.575449E-01   5.576578E-01   5.578046E-01
   5.579220E-01   5.581262E-01   5.583562E-01   5.586520E-01   5.589464E-01
   5.593974E-01   5.598996E-01   5.605197E-01   5.612016E-01   5.627593E-01
   5.617490E-01   5.562081E-01   5.575897E-01   5.580723E-01   5.578365E-01
   5.579645E-01   5.580925E-01   5.582378E-01   5.584583E-01   5.587074E-01
   5.589783E-01   5.593151E-01   5.597222E-01   5.601382E-01   5.606652E-01
   5.612453E-01   5.619489E-01   5.627636E-01   5.637271E-01   5.647865E-01
   5.667631E-01   5.662036E-01   5.561252E-01   5.574457E-01   5.580452E-01
   5.579601E-01   5.582113E-01   5.584838E-01   5.587857E-01   5.590925E-01
   5.594944E-01   5.599216E-01   5.603906E-01   5.609657E-01   5.615980E-01
   5.623444E-01   5.631993E-01   5.641750E-01   5.653996E-01   5.667808E-01
   5.683438E-01   5.708512E-01   5.701782E-01   5.564221E-01   5.577492E-01
   5.585622E-01   5.586541E-01   5.590190E-01   5.594057E-01   5.598406E-01
   5.602889E-01   5.608272E-01   5.614297E-01   5.621355E-01   5.629025E-01
   5.638426E-01   5.648877E-01   5.661093E-01   5.675452E-01   5.692247E-01
   5.711862E-01   5.734025E-01   5.765811E-01   5.760339E-01   5.572663E-01
   5.583413E-01   5.593670E-01   5.595782E-01   5.600931E-01   5.606035E-01
   5.612270E-01   5.618637E-01   5.626231E-01   5.634776E-01   5.644549E-01
   5.656046E-01   5.668784E-01   5.684188E-01   5.701805E-01   5.722135E-01
   5.745537E-01   5.772364E-01   5.803479E-01   5.843532E-01   5.840357E-01
   5.585849E-01   5.591724E-01   5.604590E-01   5.608773E-01   5.615447E-01
   5.623007E-01   5.631149E-01   5.640662E-01   5.651163E-01   5.663399E-01
   5.677811E-01   5.693755E-01   5.712489E-01   5.733789E-01   5.758167E-01
   5.786294E-01   5.818287E-01   5.854950E-01   5.896415E-01   5.948040E-01
   5.947437E-01   5.602968E-01   5.603646E-01   5.619638E-01   5.626387E-01
   5.635860E-01   5.646409E-01   5.658233E-01   5.671562E-01   5.687061E-01
   5.704465E-01   5.724398E-01   5.746996E-01   5.772681E-01   5.802133E-01
   5.835502E-01   5.873215E-01   5.916334E-01   5.964926E-01   6.020428E-01
   6.087367E-01   6.089312E-01   5.624760E-01   5.621287E-01   5.641171E-01
   5.651689E-01   5.665119E-01   5.679728E-01   5.696515E-01   5.715898E-01
   5.737276E-01   5.761511E-01   5.789215E-01   5.820223E-01   5.855273E-01
   5.894757E-01   5.939212E-01   5.989539E-01   6.047076E-01   6.111842E-01
   6.184473E-01   6.269461E-01   6.274089E-01   5.653448E-01   5.647882E-01
   5.672096E-01   5.687733E-01   5.706351E-01   5.727548E-01   5.750927E-01
   5.777647E-01   5.807184E-01   5.840306E-01   5.877741E-01   5.919359E-01
   5.966131E-01   6.018484E-01   6.078104E-01   6.144605E-01   6.219022E-01
   6.302514E-01   6.396555E-01   6.504892E-01   6.512265E-01   5.692693E-01
   5.687072E-01   5.716656E-01   5.739391E-01   5.765548E-01   5.794335E-01
   5.826427E-01   5.862573E-01   5.902568E-01   5.947002E-01   5.996496E-01
   6.052293E-01   6.114449E-01   6.183223E-01   6.259889E-01   6.345468E-01
   6.441368E-01   6.549304E-01   6.673554E-01   6.817190E-01   6.827579E-01
   5.747728E-01   5.743419E-01   5.779841E-01   5.811418E-01   5.846673E-01
   5.885909E-01   5.929205E-01   5.977060E-01   6.030699E-01   6.090155E-01
   6.155658E-01   6.227937E-01   6.308029E-01   6.396700E-01   6.495205E-01
   6.607015E-01   6.733472E-01   6.876673E-01   7.040581E-01   7.232022E-01
   7.246507E-01   5.823854E-01   5.821405E-01   5.867091E-01   5.909611E-01
   5.956968E-01   6.008825E-01   6.067195E-01   6.130981E-01   6.201071E-01
   6.278111E-01   6.363004E-01   6.456413E-01   6.560212E-01   6.677219E-01
   6.807712E-01   6.954382E-01   7.121183E-01   7.313447E-01   7.536698E-01
   7.802683E-01   7.822888E-01   5.927577E-01   5.927286E-01   5.984391E-01
   6.041408E-01   6.104554E-01   6.173555E-01   6.249235E-01   6.332430E-01
   6.423556E-01   6.523380E-01   6.636023E-01   6.760332E-01   6.897926E-01
   7.051903E-01   7.225617E-01   7.423271E-01   7.650260E-01   7.919316E-01
   8.240128E-01   8.624643E-01   8.653249E-01   6.066711E-01   6.068855E-01
   6.141850E-01   6.216832E-01   6.298798E-01   6.389096E-01   6.487775E-01
   6.597806E-01   6.719856E-01   6.854303E-01   7.003514E-01   7.169826E-01
   7.356145E-01   7.565420E-01   7.806290E-01   8.085797E-01   8.411514E-01
   8.793003E-01   9.239039E-01   9.720234E-01   9.750293E-01   6.250882E-01
   6.255555E-01   6.348387E-01   6.446411E-01   6.554325E-01   6.675487E-01
   6.809009E-01   6.956622E-01   7.121086E-01   7.304914E-01   7.510341E-01
   7.742785E-01   8.008933E-01   8.311438E-01   8.654913E-01   9.048673E-01
   9.478984E-01   9.884038E-01   1.000000E+00   1.000000E+00   1.000000E+00
   6.492463E-01   6.500118E-01   6.621935E-01   6.754423E-01   6.900818E-01
   7.064112E-01   7.247177E-01   7.452307E-01   7.683589E-01   7.949605E-01
   8.251871E-01   8.593064E-01   8.978534E-01   9.394693E-01   9.794766E-01
   1.000000E+00   1.000000E+00   1.000000E+00   1.000000E+00   1.000000E+00
   1.000000E+00   6.820323E-01   6.830758E-01   6.993609E-01   7.174461E-01
   7.378062E-01   7.607254E-01   7.873097E-01   8.177496E-01   8.523955E-01
   8.918243E-01   9.350723E-01   9.771912E-01   1.000000E+00   1.000000E+00
   1.000000E+00   1.000000E+00   1.000000E+00   1.000000E+00   1.000000E+00
   1.000000E+00   1.000000E+00   7.268686E-01   7.283912E-01   7.511306E-01
   7.771079E-01   8.072729E-01   8.419582E-01   8.817711E-01   9.264928E-01
   9.717069E-01   1.000000E+00   1.000000E+00   1.000000E+00   1.000000E+00
   1.000000E+00   1.000000E+00   1.000000E+00   1.000000E+00   1.000000E+00
   1.000000E+00   1.000000E+00   1.000000E+00   7.915685E-01   7.938641E-01
   8.279248E-01   8.670941E-01   9.123086E-01   9.602780E-01   9.983629E-01
   1.000000E+00   1.000000E+00   1.000000E+00   1.000000E+00   1.000000E+00
   1.000000E+00   1.000000E+00   1.000000E+00   1.000000E+00   1.000000E+00
   1.000000E+00   1.000000E+00   1.000000E+00   1.000000E+00   8.195168E-01
   8.316781E-01   8.722896E-01   9.188018E-01   9.674326E-01   1.000000E+00
   1.000000E+00   1.000000E+00   1.000000E+00   1.000000E+00   1.000000E+00
   1.000000E+00   1.000000E+00   1.000000E+00   1.000000E+00   1.000000E+00
   1.000000E+00   1.000000E+00   1.000000E+00   1.000000E+00   1.000000E+00
   5.644650E-01   5.647284E-01   5.646341E-01   5.644134E-01   5.641692E-01
   5.639691E-01   5.637868E-01   5.637127E-01   5.636378E-01   5.636743E-01
   5.638591E-01   5.641610E-01   5.645405E-01   5.650093E-01   5.656251E-01
   5.663642E-01   5.672014E-01   5.681879E-01   5.691291E-01   5.714043E-01
   5.707236E-01   5.650726E-01   5.658687E-01   5.662705E-01   5.659179E-01
   5.657028E-01   5.656091E-01   5.655558E-01   5.655537E-01   5.656835E-01
   5.658681E-01   5.660397E-01   5.663370E-01   5.666767E-01   5.671031E-01
   5.675538E-01   5.681965E-01   5.689076E-01   5.697695E-01   5.707525E-01
   5.726759E-01   5.713827E-01   5.646575E-01   5.657600E-01   5.663312E-01
   5.659917E-01   5.660963E-01   5.662131E-01   5.663796E-01   5.666446E-01
   5.669731E-01   5.673437E-01   5.678060E-01   5.683558E-01   5.689510E-01
   5.696801E-01   5.704984E-01   5.714671E-01   5.725833E-01   5.738808E-01
   5.753229E-01   5.777642E-01   5.768948E-01   5.643101E-01   5.654236E-01
   5.661605E-01   5.660464E-01   5.663395E-01   5.666775E-01   5.670874E-01
   5.675107E-01   5.680577E-01   5.686684E-01   5.693182E-01   5.701237E-01
   5.710078E-01   5.720364E-01   5.732091E-01   5.745372E-01   5.761630E-01
   5.780030E-01   5.801035E-01   5.832205E-01   5.822156E-01   5.644658E-01
   5.657527E-01   5.667544E-01   5.669078E-01   5.673842E-01   5.679029E-01
   5.685114E-01   5.691307E-01   5.698940E-01   5.707296E-01   5.716982E-01
   5.727667E-01   5.740367E-01   5.754635E-01   5.771088E-01   5.790322E-01
   5.812665E-01   5.838751E-01   5.868292E-01   5.908215E-01   5.899663E-01
   5.654017E-01   5.665586E-01   5.678123E-01   5.681647E-01   5.688535E-01
   5.695694E-01   5.704124E-01   5.713087E-01   5.723590E-01   5.735254E-01
   5.748613E-01   5.764058E-01   5.781314E-01   5.801967E-01   5.825502E-01
   5.852630E-01   5.883667E-01   5.919372E-01   5.960605E-01   6.011828E-01
   6.006163E-01   5.670797E-01   5.677709E-01   5.693193E-01   5.699567E-01
   5.708743E-01   5.719063E-01   5.730271E-01   5.743042E-01   5.757415E-01
   5.773871E-01   5.793172E-01   5.814737E-01   5.839711E-01   5.868214E-01
   5.900757E-01   5.938204E-01   5.980783E-01   6.029448E-01   6.084698E-01
   6.151432E-01   6.149499E-01   5.694133E-01   5.694884E-01   5.714159E-01
   5.724034E-01   5.736701E-01   5.750943E-01   5.766770E-01   5.784827E-01
   5.805591E-01   5.828888E-01   5.855529E-01   5.885783E-01   5.920076E-01
   5.959409E-01   6.003900E-01   6.054214E-01   6.111748E-01   6.176623E-01
   6.250283E-01   6.338511E-01   6.340227E-01   5.724498E-01   5.719646E-01
   5.743742E-01   5.758411E-01   5.776186E-01   5.795783E-01   5.818215E-01
   5.844040E-01   5.872584E-01   5.905093E-01   5.942000E-01   5.983450E-01
   6.030245E-01   6.083049E-01   6.142627E-01   6.209754E-01   6.286819E-01
   6.374538E-01   6.473654E-01   6.588525E-01   6.594454E-01   5.763695E-01
   5.755864E-01   5.785604E-01   5.806704E-01   5.831452E-01   5.859565E-01
   5.890789E-01   5.926283E-01   5.965742E-01   6.010020E-01   6.059974E-01
   6.115807E-01   6.178392E-01   6.248332E-01   6.329067E-01   6.419644E-01
   6.521630E-01   6.637176E-01   6.769085E-01   6.921295E-01   6.931910E-01
   5.816813E-01   5.808416E-01   5.845212E-01   5.875559E-01   5.910178E-01
   5.948377E-01   5.991241E-01   6.039297E-01   6.092754E-01   6.152352E-01
   6.218467E-01   6.293701E-01   6.378222E-01   6.472404E-01   6.578244E-01
   6.697659E-01   6.833124E-01   6.987128E-01   7.168576E-01   7.381167E-01
   7.397436E-01   5.890367E-01   5.883281E-01   5.929219E-01   5.971148E-01
   6.017919E-01   6.070055E-01   6.127975E-01   6.191939E-01   6.263567E-01
   6.344357E-01   6.433919E-01   6.533444E-01   6.644758E-01   6.769678E-01
   6.910106E-01   7.071371E-01   7.257976E-01   7.474064E-01   7.727391E-01
   8.029214E-01   8.053540E-01   5.991421E-01   5.986599E-01   6.044958E-01
   6.101562E-01   6.164509E-01   6.233511E-01   6.312239E-01   6.399206E-01
   6.495294E-01   6.602079E-01   6.721187E-01   6.853879E-01   7.002619E-01
   7.174187E-01   7.369384E-01   7.593458E-01   7.854517E-01   8.162860E-01
   8.528369E-01   8.964137E-01   8.997967E-01   6.128677E-01   6.127104E-01
   6.200932E-01   6.277014E-01   6.362492E-01   6.456694E-01   6.561037E-01
   6.677022E-01   6.805835E-01   6.948463E-01   7.112423E-01   7.297210E-01
   7.506056E-01   7.745067E-01   8.020986E-01   8.341938E-01   8.715424E-01
   9.153612E-01   9.632264E-01   9.999480E-01   1.000000E+00   6.313946E-01
   6.315848E-01   6.412977E-01   6.515536E-01   6.629217E-01   6.755990E-01
   6.896635E-01   7.055185E-01   7.235449E-01   7.438258E-01   7.668242E-01
   7.930787E-01   8.231700E-01   8.575468E-01   8.971219E-01   9.411773E-01
   9.840993E-01   1.000000E+00   1.000000E+00   1.000000E+00   1.000000E+00
   6.564836E-01   6.570670E-01   6.698161E-01   6.836726E-01   6.990930E-01
   7.168455E-01   7.368370E-01   7.594243E-01   7.852124E-01   8.147360E-01
   8.483808E-01   8.866751E-01   9.294119E-01   9.724706E-01   1.000000E+00
   1.000000E+00   1.000000E+00   1.000000E+00   1.000000E+00   1.000000E+00
   1.000000E+00   6.904309E-01   6.915082E-01   7.089236E-01   7.285453E-01
   7.507383E-01   7.761222E-01   8.053072E-01   8.387461E-01   8.768715E-01
   9.200682E-01   9.647560E-01   9.988656E-01   1.000000E+00   1.000000E+00
   1.000000E+00   1.000000E+00   1.000000E+00   1.000000E+00   1.000000E+00
   1.000000E+00   1.000000E+00   7.385678E-01   7.402041E-01   7.650592E-01
   7.935827E-01   8.265167E-01   8.642240E-01   9.078080E-01   9.544948E-01
   9.945181E-01   1.000000E+00   1.000000E+00   1.000000E+00   1.000000E+00
   1.000000E+00   1.000000E+00   1.000000E+00   1.000000E+00   1.000000E+00
   1.000000E+00   1.000000E+00   1.000000E+00   8.087405E-01   8.113150E-01
   8.483908E-01   8.911930E-01   9.391052E-01   9.849301E-01   1.000000E+00
   1.000000E+00   1.000000E+00   1.000000E+00   1.000000E+00   1.000000E+00
   1.000000E+00   1.000000E+00   1.000000E+00   1.000000E+00   1.000000E+00
   1.000000E+00   1.000000E+00   1.000000E+00   1.000000E+00   9.142859E-01
   9.181239E-01   9.681627E-01   1.000000E+00   1.000000E+00   1.000000E+00
   1.000000E+00   1.000000E+00   1.000000E+00   1.000000E+00   1.000000E+00
   1.000000E+00   1.000000E+00   1.000000E+00   1.000000E+00   1.000000E+00
   1.000000E+00   1.000000E+00   1.000000E+00   1.000000E+00   1.000000E+00
   9.568231E-01   9.730050E-01   1.000000E+00   1.000000E+00   1.000000E+00
   1.000000E+00   1.000000E+00   1.000000E+00   1.000000E+00   1.000000E+00
   1.000000E+00   1.000000E+00   1.000000E+00   1.000000E+00   1.000000E+00
   1.000000E+00   1.000000E+00   1.000000E+00   1.000000E+00   1.000000E+00
   1.000000E+00   5.720846E-01   5.722584E-01   5.721063E-01   5.717702E-01
   5.713761E-01   5.710186E-01   5.706814E-01   5.704591E-01   5.702629E-01
   5.702009E-01   5.703495E-01   5.706641E-01   5.711135E-01   5.717197E-01
   5.725358E-01   5.735494E-01   5.747110E-01   5.760819E-01   5.774856E-01
   5.802829E-01   5.796801E-01   5.726153E-01   5.731073E-01   5.734809E-01
   5.729423E-01   5.725499E-01   5.723123E-01   5.721558E-01   5.720976E-01
   5.722169E-01   5.724429E-01   5.726875E-01   5.731168E-01   5.736289E-01
   5.742654E-01   5.749709E-01   5.759156E-01   5.769729E-01   5.782241E-01
   5.796865E-01   5.821333E-01   5.806712E-01   5.719144E-01   5.726656E-01
   5.733073E-01   5.728092E-01   5.728308E-01   5.729104E-01   5.730768E-01
   5.733957E-01   5.738267E-01   5.743411E-01   5.749947E-01   5.757696E-01
   5.766434E-01   5.776948E-01   5.788842E-01   5.802691E-01   5.818737E-01
   5.837041E-01   5.857525E-01   5.888554E-01   5.877392E-01   5.711349E-01
   5.719622E-01   5.728584E-01   5.726951E-01   5.730228E-01   5.734408E-01
   5.739959E-01   5.745941E-01   5.753674E-01   5.762517E-01   5.771985E-01
   5.783611E-01   5.796379E-01   5.811226E-01   5.828071E-01   5.846956E-01
   5.869495E-01   5.895002E-01   5.924316E-01   5.964175E-01   5.951397E-01
   5.710196E-01   5.722457E-01   5.735021E-01   5.737479E-01   5.743793E-01
   5.750997E-01   5.759669E-01   5.768653E-01   5.779730E-01   5.791764E-01
   5.805712E-01   5.821278E-01   5.839220E-01   5.859484E-01   5.882595E-01
   5.909395E-01   5.940309E-01   5.976234E-01   6.017023E-01   6.068704E-01
   6.057653E-01   5.720206E-01   5.733360E-01   5.749173E-01   5.754995E-01
   5.764531E-01   5.774945E-01   5.786832E-01   5.799881E-01   5.815056E-01
   5.831700E-01   5.850753E-01   5.872422E-01   5.896790E-01   5.925481E-01
   5.958107E-01   5.995614E-01   6.038351E-01   6.087480E-01   6.143994E-01
   6.211621E-01   6.204238E-01   5.741848E-01   5.751351E-01   5.770725E-01
   5.780621E-01   5.793660E-01   5.808367E-01   5.824520E-01   5.842538E-01
   5.863009E-01   5.886078E-01   5.912942E-01   5.943124E-01   5.977689E-01
   6.017155E-01   6.062134E-01   6.113672E-01   6.172322E-01   6.239203E-01
   6.315415E-01   6.405028E-01   6.402951E-01   5.774437E-01   5.777012E-01
   5.801028E-01   5.815925E-01   5.833700E-01   5.853754E-01   5.875875E-01
   5.901228E-01   5.930068E-01   5.962472E-01   5.999376E-01   6.041305E-01
   6.088745E-01   6.143006E-01   6.204399E-01   6.273940E-01   6.353453E-01
   6.443573E-01   6.545348E-01   6.666890E-01   6.670137E-01   5.817980E-01
   5.813277E-01   5.843451E-01   5.864592E-01   5.889164E-01   5.916496E-01
   5.947618E-01   5.983241E-01   6.022771E-01   6.067803E-01   6.118691E-01
   6.176023E-01   6.240671E-01   6.313779E-01   6.396719E-01   6.490175E-01
   6.597471E-01   6.721738E-01   6.863876E-01   7.028334E-01   7.038220E-01
   5.873700E-01   5.864753E-01   5.902354E-01   5.931956E-01   5.966042E-01
   6.004694E-01   6.047831E-01   6.096640E-01   6.151173E-01   6.212416E-01
   6.281439E-01   6.359047E-01   6.446189E-01   6.543348E-01   6.657432E-01
   6.786732E-01   6.933908E-01   7.103300E-01   7.300513E-01   7.530751E-01
   7.548830E-01   5.948196E-01   5.937944E-01   5.985075E-01   6.026954E-01
   6.074348E-01   6.126913E-01   6.186066E-01   6.252263E-01   6.326312E-01
   6.409352E-01   6.501596E-01   6.606914E-01   6.727081E-01   6.862550E-01
   7.016797E-01   7.193639E-01   7.398186E-01   7.635134E-01   7.922156E-01
   8.264651E-01   8.293168E-01   6.049892E-01   6.040880E-01   6.100652E-01
   6.158238E-01   6.222477E-01   6.294275E-01   6.374647E-01   6.463782E-01
   6.563242E-01   6.677865E-01   6.806266E-01   6.950538E-01   7.114359E-01
   7.301721E-01   7.516516E-01   7.767812E-01   8.066526E-01   8.420108E-01
   8.838768E-01   9.322342E-01   9.360978E-01   6.188727E-01   6.182500E-01
   6.259554E-01   6.337657E-01   6.424816E-01   6.520793E-01   6.631231E-01
   6.755290E-01   6.893855E-01   7.050251E-01   7.227691E-01   7.429199E-01
   7.659009E-01   7.931230E-01   8.247971E-01   8.617466E-01   9.046773E-01
   9.523351E-01   9.948354E-01   1.000000E+00   1.000000E+00   6.377195E-01
   6.375704E-01   6.475370E-01   6.581008E-01   6.702022E-01   6.837181E-01
   6.988891E-01   7.160376E-01   7.354707E-01   7.574395E-01   7.831701E-01
   8.129427E-01   8.472526E-01   8.867770E-01   9.311079E-01   9.761266E-01
   1.000000E+00   1.000000E+00   1.000000E+00   1.000000E+00   1.000000E+00
   6.634532E-01   6.638123E-01   6.773862E-01   6.921662E-01   7.088511E-01
   7.278107E-01   7.493005E-01   7.739775E-01   8.028227E-01   8.359860E-01
   8.740304E-01   9.168905E-01   9.619490E-01   9.979502E-01   1.000000E+00
   1.000000E+00   1.000000E+00   1.000000E+00   1.000000E+00   1.000000E+00
   1.000000E+00   6.994687E-01   7.004378E-01   7.190736E-01   7.400190E-01
   7.637849E-01   7.919382E-01   8.244087E-01   8.617064E-01   9.041789E-01
   9.500453E-01   9.911410E-01   1.000000E+00   1.000000E+00   1.000000E+00
   1.000000E+00   1.000000E+00   1.000000E+00   1.000000E+00   1.000000E+00
   1.000000E+00   1.000000E+00   7.504555E-01   7.522777E-01   7.792705E-01
   8.108098E-01   8.472660E-01   8.892748E-01   9.359501E-01   9.813806E-01
   1.000000E+00   1.000000E+00   1.000000E+00   1.000000E+00   1.000000E+00
   1.000000E+00   1.000000E+00   1.000000E+00   1.000000E+00   1.000000E+00
   1.000000E+00   1.000000E+00   1.000000E+00   8.271500E-01   8.300477E-01
   8.709909E-01   9.176028E-01   9.663894E-01   1.000000E+00   1.000000E+00
   1.000000E+00   1.000000E+00   1.000000E+00   1.000000E+00   1.000000E+00
   1.000000E+00   1.000000E+00   1.000000E+00   1.000000E+00   1.000000E+00
   1.000000E+00   1.000000E+00   1.000000E+00   1.000000E+00   9.410643E-01
   9.450620E-01   9.911571E-01   1.000000E+00   1.000000E+00   1.000000E+00
   1.000000E+00   1.000000E+00   1.000000E+00   1.000000E+00   1.000000E+00
   1.000000E+00   1.000000E+00   1.000000E+00   1.000000E+00   1.000000E+00
   1.000000E+00   1.000000E+00   1.000000E+00   1.000000E+00   1.000000E+00
   1.000000E+00   1.000000E+00   1.000000E+00   1.000000E+00   1.000000E+00
   1.000000E+00   1.000000E+00   1.000000E+00   1.000000E+00   1.000000E+00
   1.000000E+00   1.000000E+00   1.000000E+00   1.000000E+00   1.000000E+00
   1.000000E+00   1.000000E+00   1.000000E+00   1.000000E+00   1.000000E+00
   1.000000E+00   1.000000E+00   1.000000E+00   1.000000E+00   1.000000E+00
   1.000000E+00   1.000000E+00   1.000000E+00   1.000000E+00   1.000000E+00
   1.000000E+00   1.000000E+00   1.000000E+00   1.000000E+00   1.000000E+00
   1.000000E+00   1.000000E+00   1.000000E+00   1.000000E+00   1.000000E+00
   1.000000E+00   1.000000E+00   5.852698E-01   5.852885E-01   5.849442E-01
   5.842585E-01   5.833604E-01   5.824150E-01   5.814887E-01   5.806166E-01
   5.799020E-01   5.793996E-01   5.792723E-01   5.795243E-01   5.801414E-01
   5.811945E-01   5.827025E-01   5.846956E-01   5.870781E-01   5.899346E-01
   5.930968E-01   5.977628E-01   5.979402E-01   5.857189E-01   5.851642E-01
   5.851773E-01   5.838538E-01   5.826479E-01   5.816611E-01   5.808540E-01
   5.803484E-01   5.801652E-01   5.803516E-01   5.807567E-01   5.815742E-01
   5.827180E-01   5.842297E-01   5.860420E-01   5.882782E-01   5.908833E-01
   5.938631E-01   5.973546E-01   6.020041E-01   6.007520E-01   5.841213E-01
   5.832205E-01   5.836684E-01   5.824954E-01   5.818653E-01   5.815453E-01
   5.814817E-01   5.817872E-01   5.824415E-01   5.834171E-01   5.847686E-01
   5.864712E-01   5.884856E-01   5.909221E-01   5.936968E-01   5.968827E-01
   6.006456E-01   6.048216E-01   6.094958E-01   6.153651E-01   6.143652E-01
   5.817145E-01   5.806625E-01   5.816246E-01   5.811817E-01   5.813809E-01
   5.819156E-01   5.828454E-01   5.840536E-01   5.856615E-01   5.876102E-01
   5.898594E-01   5.925179E-01   5.954781E-01   5.989665E-01   6.028973E-01
   6.072485E-01   6.122122E-01   6.177975E-01   6.241744E-01   6.317939E-01
   6.308916E-01   5.803286E-01   5.800740E-01   5.818342E-01   5.823932E-01
   5.834948E-01   5.849490E-01   5.867859E-01   5.888742E-01   5.914001E-01
   5.942032E-01   5.974514E-01   6.011691E-01   6.052900E-01   6.099003E-01
   6.150833E-01   6.209667E-01   6.276404E-01   6.352704E-01   6.439455E-01
   6.540974E-01   6.536841E-01   5.812173E-01   5.817921E-01   5.843367E-01
   5.858607E-01   5.878865E-01   5.902692E-01   5.929611E-01   5.960134E-01
   5.995561E-01   6.034582E-01   6.078199E-01   6.127091E-01   6.181884E-01
   6.244051E-01   6.314477E-01   6.394559E-01   6.485561E-01   6.589580E-01
   6.708961E-01   6.847582E-01   6.851091E-01   5.849318E-01   5.857893E-01
   5.890903E-01   5.916150E-01   5.945494E-01   5.979093E-01   6.017117E-01
   6.058639E-01   6.105330E-01   6.157022E-01   6.215788E-01   6.281659E-01
   6.356094E-01   6.440556E-01   6.536477E-01   6.645866E-01   6.770973E-01
   6.914332E-01   7.079935E-01   7.274781E-01   7.288750E-01   5.915539E-01
   5.919917E-01   5.961356E-01   5.998068E-01   6.038643E-01   6.083746E-01
   6.133364E-01   6.189286E-01   6.252039E-01   6.322336E-01   6.401655E-01
   6.491426E-01   6.592985E-01   6.708599E-01   6.840479E-01   6.991339E-01
   7.165646E-01   7.368336E-01   7.600606E-01   7.888344E-01   7.912611E-01
   6.010016E-01   6.007105E-01   6.060300E-01   6.108907E-01   6.162787E-01
   6.222711E-01   6.290057E-01   6.366031E-01   6.451009E-01   6.547118E-01
   6.655670E-01   6.778768E-01   6.918365E-01   7.078085E-01   7.263350E-01
   7.476605E-01   7.725642E-01   8.027707E-01   8.386510E-01   8.812754E-01
   8.848863E-01   6.132244E-01   6.124991E-01   6.191913E-01   6.257036E-01
   6.329875E-01   6.411875E-01   6.503761E-01   6.607366E-01   6.724195E-01
   6.856378E-01   7.006345E-01   7.177897E-01   7.374690E-01   7.597457E-01
   7.870379E-01   8.191054E-01   8.568185E-01   9.010398E-01   9.505793E-01
   9.948475E-01   9.970450E-01   6.291903E-01   6.284320E-01   6.370526E-01
   6.459392E-01   6.559148E-01   6.671247E-01   6.797927E-01   6.940857E-01
   7.103296E-01   7.289699E-01   7.501603E-01   7.747637E-01   8.041114E-01
   8.383871E-01   8.784779E-01   9.243369E-01   9.722868E-01   1.000000E+00
   1.000000E+00   1.000000E+00   1.000000E+00   6.505791E-01   6.501753E-01
   6.615506E-01   6.737629E-01   6.875315E-01   7.031263E-01   7.209361E-01
   7.411959E-01   7.641190E-01   7.917924E-01   8.238986E-01   8.610735E-01
   9.039050E-01   9.508871E-01   9.930077E-01   1.000000E+00   1.000000E+00
   1.000000E+00   1.000000E+00   1.000000E+00   1.000000E+00   6.798785E-01
   6.801023E-01   6.955015E-01   7.125789E-01   7.321303E-01   7.542725E-01
   7.802570E-01   8.108422E-01   8.462081E-01   8.870777E-01   9.328240E-01
   9.784259E-01   1.000000E+00   1.000000E+00   1.000000E+00   1.000000E+00
   1.000000E+00   1.000000E+00   1.000000E+00   1.000000E+00   1.000000E+00
   7.207719E-01   7.220222E-01   7.436426E-01   7.680666E-01   7.974213E-01
   8.314851E-01   8.708469E-01   9.156331E-01   9.629232E-01   9.992076E-01
   1.000000E+00   1.000000E+00   1.000000E+00   1.000000E+00   1.000000E+00
   1.000000E+00   1.000000E+00   1.000000E+00   1.000000E+00   1.000000E+00
   1.000000E+00   7.802836E-01   7.825849E-01   8.152981E-01   8.531666E-01
   8.968693E-01   9.450714E-01   9.895138E-01   1.000000E+00   1.000000E+00
   1.000000E+00   1.000000E+00   1.000000E+00   1.000000E+00   1.000000E+00
   1.000000E+00   1.000000E+00   1.000000E+00   1.000000E+00   1.000000E+00
   1.000000E+00   1.000000E+00   8.719264E-01   8.753663E-01   9.232935E-01
   9.725538E-01   1.000000E+00   1.000000E+00   1.000000E+00   1.000000E+00
   1.000000E+00   1.000000E+00   1.000000E+00   1.000000E+00   1.000000E+00
   1.000000E+00   1.000000E+00   1.000000E+00   1.000000E+00   1.000000E+00
   1.000000E+00   1.000000E+00   1.000000E+00   9.912215E-01   9.938782E-01
   1.000000E+00   1.000000E+00   1.000000E+00   1.000000E+00   1.000000E+00
   1.000000E+00   1.000000E+00   1.000000E+00   1.000000E+00   1.000000E+00
   1.000000E+00   1.000000E+00   1.000000E+00   1.000000E+00   1.000000E+00
   1.000000E+00   1.000000E+00   1.000000E+00   1.000000E+00   1.000000E+00
   1.000000E+00   1.000000E+00   1.000000E+00   1.000000E+00   1.000000E+00
   1.000000E+00   1.000000E+00   1.000000E+00   1.000000E+00   1.000000E+00
   1.000000E+00   1.000000E+00   1.000000E+00   1.000000E+00   1.000000E+00
   1.000000E+00   1.000000E+00   1.000000E+00   1.000000E+00   1.000000E+00
   1.000000E+00   1.000000E+00   1.000000E+00   1.000000E+00   1.000000E+00
   1.000000E+00   1.000000E+00   1.000000E+00   1.000000E+00   1.000000E+00
   1.000000E+00   1.000000E+00   1.000000E+00   1.000000E+00   1.000000E+00
   1.000000E+00   1.000000E+00   1.000000E+00   1.000000E+00   1.000000E+00
   1.000000E+00   1.000000E+00   1.000000E+00   1.000000E+00   1.000000E+00
   1.000000E+00   1.000000E+00   1.000000E+00   1.000000E+00   1.000000E+00
   1.000000E+00   1.000000E+00   1.000000E+00   1.000000E+00   1.000000E+00
   1.000000E+00   1.000000E+00   1.000000E+00   1.000000E+00   1.000000E+00
   1.000000E+00   1.000000E+00   1.000000E+00   1.000000E+00   1.000000E+00
   1.000000E+00   1.000000E+00   1.000000E+00   1.000000E+00   1.000000E+00
   1.000000E+00   1.000000E+00   1.000000E+00   1.000000E+00   1.000000E+00
   1.000000E+00   1.000000E+00   1.000000E+00   1.000000E+00   1.000000E+00
   1.000000E+00   1.000000E+00   1.000000E+00   5.951474E-01   5.958096E-01
   5.954410E-01   5.942719E-01   5.925782E-01   5.905388E-01   5.883678E-01
   5.861238E-01   5.841655E-01   5.826408E-01   5.817694E-01   5.816886E-01
   5.825261E-01   5.844074E-01   5.873552E-01   5.914391E-01   5.966336E-01
   6.028782E-01   6.101647E-01   6.185817E-01   6.217055E-01   5.964898E-01
   5.955998E-01   5.948746E-01   5.919949E-01   5.889278E-01   5.859522E-01
   5.833139E-01   5.812315E-01   5.798702E-01   5.793600E-01   5.797398E-01
   5.811020E-01   5.834946E-01   5.869298E-01   5.913929E-01   5.968949E-01
   6.034911E-01   6.110322E-01   6.195535E-01   6.295619E-01   6.303407E-01
   5.938165E-01   5.908474E-01   5.903154E-01   5.874186E-01   5.848232E-01
   5.828389E-01   5.815813E-01   5.812353E-01   5.818422E-01   5.834683E-01
   5.861495E-01   5.899072E-01   5.947272E-01   6.006386E-01   6.075960E-01
   6.154173E-01   6.248316E-01   6.353295E-01   6.468951E-01   6.598149E-01
   6.608680E-01   5.883843E-01   5.837406E-01   5.837223E-01   5.821482E-01
   5.813623E-01   5.815335E-01   5.826920E-01   5.848895E-01   5.881665E-01
   5.924971E-01   5.978853E-01   6.043920E-01   6.118504E-01   6.203683E-01
   6.303068E-01   6.412472E-01   6.533696E-01   6.668904E-01   6.820705E-01
   6.992768E-01   7.007114E-01   5.840690E-01   5.798104E-01   5.812976E-01
   5.820381E-01   5.837610E-01   5.865725E-01   5.904426E-01   5.953688E-01
   6.013812E-01   6.083952E-01   6.161554E-01   6.256641E-01   6.361101E-01
   6.475534E-01   6.602616E-01   6.744361E-01   6.903790E-01   7.084765E-01
   7.292283E-01   7.532890E-01   7.553323E-01   5.841958E-01   5.815764E-01
   5.850600E-01   5.884844E-01   5.929574E-01   5.984945E-01   6.051282E-01
   6.126829E-01   6.213454E-01   6.313118E-01   6.422201E-01   6.542883E-01
   6.676642E-01   6.825882E-01   6.993960E-01   7.184995E-01   7.404425E-01
   7.659279E-01   7.958640E-01   8.313926E-01   8.344579E-01   5.908956E-01
   5.899686E-01   5.956504E-01   6.018486E-01   6.090428E-01   6.170277E-01
   6.266704E-01   6.372266E-01   6.487525E-01   6.614925E-01   6.756272E-01
   6.914364E-01   7.092595E-01   7.295464E-01   7.528837E-01   7.800130E-01
   8.118618E-01   8.493479E-01   8.933675E-01   9.435212E-01   9.477565E-01
   6.048417E-01   6.050892E-01   6.130594E-01   6.219956E-01   6.321878E-01
   6.433172E-01   6.555828E-01   6.691306E-01   6.841801E-01   7.010380E-01
   7.200777E-01   7.417893E-01   7.667894E-01   7.958739E-01   8.299767E-01
   8.698830E-01   9.159914E-01   9.654433E-01   1.000000E+00   1.000000E+00
   1.000000E+00   6.260728E-01   6.268482E-01   6.377333E-01   6.495903E-01
   6.626575E-01   6.771234E-01   6.932527E-01   7.113666E-01   7.318804E-01
   7.553315E-01   7.823832E-01   8.138455E-01   8.504440E-01   8.929409E-01
   9.408585E-01   9.866782E-01   1.000000E+00   1.000000E+00   1.000000E+00
   1.000000E+00   1.000000E+00   6.548358E-01   6.558421E-01   6.698374E-01
   6.853695E-01   7.027432E-01   7.223292E-01   7.446011E-01   7.701455E-01
   7.996911E-01   8.340432E-01   8.738184E-01   9.191592E-01   9.668344E-01
   1.000000E+00   1.000000E+00   1.000000E+00   1.000000E+00   1.000000E+00
   1.000000E+00   1.000000E+00   1.000000E+00   6.923790E-01   6.937101E-01
   7.124861E-01   7.337672E-01   7.580897E-01   7.861161E-01   8.186266E-01
   8.562559E-01   8.995197E-01   9.472432E-01   9.906516E-01   1.000000E+00
   1.000000E+00   1.000000E+00   1.000000E+00   1.000000E+00   1.000000E+00
   1.000000E+00   1.000000E+00   1.000000E+00   1.000000E+00   7.436424E-01
   7.454847E-01   7.721095E-01   8.029778E-01   8.388603E-01   8.803311E-01
   9.271578E-01   9.746067E-01   1.000000E+00   1.000000E+00   1.000000E+00
   1.000000E+00   1.000000E+00   1.000000E+00   1.000000E+00   1.000000E+00
   1.000000E+00   1.000000E+00   1.000000E+00   1.000000E+00   1.000000E+00
   8.177177E-01   8.203959E-01   8.599273E-01   9.053573E-01   9.546935E-01
   9.961287E-01   1.000000E+00   1.000000E+00   1.000000E+00   1.000000E+00
   1.000000E+00   1.000000E+00   1.000000E+00   1.000000E+00   1.000000E+00
   1.000000E+00   1.000000E+00   1.000000E+00   1.000000E+00   1.000000E+00
   1.000000E+00   9.262559E-01   9.303682E-01   9.793871E-01   1.000000E+00
   1.000000E+00   1.000000E+00   1.000000E+00   1.000000E+00   1.000000E+00
   1.000000E+00   1.000000E+00   1.000000E+00   1.000000E+00   1.000000E+00
   1.000000E+00   1.000000E+00   1.000000E+00   1.000000E+00   1.000000E+00
   1.000000E+00   1.000000E+00   1.000000E+00   1.000000E+00   1.000000E+00
   1.000000E+00   1.000000E+00   1.000000E+00   1.000000E+00   1.000000E+00
   1.000000E+00   1.000000E+00   1.000000E+00   1.000000E+00   1.000000E+00
   1.000000E+00   1.000000E+00   1.000000E+00   1.000000E+00   1.000000E+00
   1.000000E+00   1.000000E+00   1.000000E+00   1.000000E+00   1.000000E+00
   1.000000E+00   1.000000E+00   1.000000E+00   1.000000E+00   1.000000E+00
   1.000000E+00   1.000000E+00   1.000000E+00   1.000000E+00   1.000000E+00
   1.000000E+00   1.000000E+00   1.000000E+00   1.000000E+00   1.000000E+00
   1.000000E+00   1.000000E+00   1.000000E+00   1.000000E+00   1.000000E+00
   1.000000E+00   1.000000E+00   1.000000E+00   1.000000E+00   1.000000E+00
   1.000000E+00   1.000000E+00   1.000000E+00   1.000000E+00   1.000000E+00
   1.000000E+00   1.000000E+00   1.000000E+00   1.000000E+00   1.000000E+00
   1.000000E+00   1.000000E+00   1.000000E+00   1.000000E+00   1.000000E+00
   1.000000E+00   1.000000E+00   1.000000E+00   1.000000E+00   1.000000E+00
   1.000000E+00   1.000000E+00   1.000000E+00   1.000000E+00   1.000000E+00
   1.000000E+00   1.000000E+00   1.000000E+00   1.000000E+00   1.000000E+00
   1.000000E+00   1.000000E+00   1.000000E+00   1.000000E+00   1.000000E+00
   1.000000E+00   1.000000E+00   1.000000E+00   1.000000E+00   1.000000E+00
   1.000000E+00   1.000000E+00   1.000000E+00   1.000000E+00   1.000000E+00
   1.000000E+00   1.000000E+00   1.000000E+00   1.000000E+00   1.000000E+00
   1.000000E+00   1.000000E+00   1.000000E+00   1.000000E+00   1.000000E+00
   1.000000E+00   1.000000E+00   1.000000E+00   1.000000E+00   1.000000E+00
   1.000000E+00   1.000000E+00   1.000000E+00   1.000000E+00   1.000000E+00
   1.000000E+00   1.000000E+00   1.000000E+00   1.000000E+00   1.000000E+00
   1.000000E+00   1.000000E+00   1.000000E+00   1.000000E+00   1.000000E+00
   1.000000E+00   1.000000E+00   1.000000E+00   1.000000E+00   1.000000E+00
   1.000000E+00   1.000000E+00   1.000000E+00   1.000000E+00   1.000000E+00
   1.000000E+00   1.000000E+00   1.000000E+00   1.000000E+00   1.000000E+00
   1.000000E+00   1.000000E+00   1.000000E+00   1.000000E+00   1.000000E+00
   1.000000E+00   1.000000E+00   1.000000E+00   1.000000E+00   5.978924E-01
   6.003839E-01   6.065717E-01   6.138867E-01   6.227549E-01   6.330363E-01
   6.444130E-01   6.569764E-01   6.709218E-01   6.865045E-01   7.040538E-01
   7.239920E-01   7.468574E-01   7.733370E-01   8.042549E-01   8.405291E-01
   8.827941E-01   9.300138E-01   9.776806E-01   1.000000E+00   1.000000E+00
   6.070392E-01   6.070575E-01   6.147941E-01   6.238631E-01   6.341683E-01
   6.456182E-01   6.583046E-01   6.724016E-01   6.881634E-01   7.059199E-01
   7.260966E-01   7.492416E-01   7.760365E-01   8.073176E-01   8.438914E-01
   8.865013E-01   9.349034E-01   9.823739E-01   1.000000E+00   1.000000E+00
   1.000000E+00   6.286271E-01   6.293679E-01   6.404089E-01   6.524936E-01
   6.659177E-01   6.809222E-01   6.977816E-01   7.168666E-01   7.386555E-01
   7.637566E-01   7.929393E-01   8.271031E-01   8.669236E-01   9.127265E-01
   9.618453E-01   9.993917E-01   1.000000E+00   1.000000E+00   1.000000E+00
   1.000000E+00   1.000000E+00   6.583244E-01   6.593174E-01   6.737204E-01
   6.897930E-01   7.079001E-01   7.284875E-01   7.521098E-01   7.794501E-01
   8.113329E-01   8.484644E-01   8.915302E-01   9.400537E-01   9.861735E-01
   1.000000E+00   1.000000E+00   1.000000E+00   1.000000E+00   1.000000E+00
   1.000000E+00   1.000000E+00   1.000000E+00   6.974670E-01   6.987833E-01
   7.183339E-01   7.406516E-01   7.663560E-01   7.962288E-01   8.311428E-01
   8.717177E-01   9.180834E-01   9.667705E-01   1.000000E+00   1.000000E+00
   1.000000E+00   1.000000E+00   1.000000E+00   1.000000E+00   1.000000E+00
   1.000000E+00   1.000000E+00   1.000000E+00   1.000000E+00   7.514011E-01
   7.531833E-01   7.812239E-01   8.139576E-01   8.520557E-01   8.960846E-01
   9.451439E-01   9.900434E-01   1.000000E+00   1.000000E+00   1.000000E+00
   1.000000E+00   1.000000E+00   1.000000E+00   1.000000E+00   1.000000E+00
   1.000000E+00   1.000000E+00   1.000000E+00   1.000000E+00   1.000000E+00
   8.298599E-01   8.323367E-01   8.739844E-01   9.215033E-01   9.706903E-01
   1.000000E+00   1.000000E+00   1.000000E+00   1.000000E+00   1.000000E+00
   1.000000E+00   1.000000E+00   1.000000E+00   1.000000E+00   1.000000E+00
   1.000000E+00   1.000000E+00   1.000000E+00   1.000000E+00   1.000000E+00
   1.000000E+00   9.424100E-01   9.462442E-01   9.916740E-01   1.000000E+00
   1.000000E+00   1.000000E+00   1.000000E+00   1.000000E+00   1.000000E+00
   1.000000E+00   1.000000E+00   1.000000E+00   1.000000E+00   1.000000E+00
   1.000000E+00   1.000000E+00   1.000000E+00   1.000000E+00   1.000000E+00
   1.000000E+00   1.000000E+00   1.000000E+00   1.000000E+00   1.000000E+00
   1.000000E+00   1.000000E+00   1.000000E+00   1.000000E+00   1.000000E+00
   1.000000E+00   1.000000E+00   1.000000E+00   1.000000E+00   1.000000E+00
   1.000000E+00   1.000000E+00   1.000000E+00   1.000000E+00   1.000000E+00
   1.000000E+00   1.000000E+00   1.000000E+00   1.000000E+00   1.000000E+00
   1.000000E+00   1.000000E+00   1.000000E+00   1.000000E+00   1.000000E+00
   1.000000E+00   1.000000E+00   1.000000E+00   1.000000E+00   1.000000E+00
   1.000000E+00   1.000000E+00   1.000000E+00   1.000000E+00   1.000000E+00
   1.000000E+00   1.000000E+00   1.000000E+00   1.000000E+00   1.000000E+00
   1.000000E+00   1.000000E+00   1.000000E+00   1.000000E+00   1.000000E+00
   1.000000E+00   1.000000E+00   1.000000E+00   1.000000E+00   1.000000E+00
   1.000000E+00   1.000000E+00   1.000000E+00   1.000000E+00   1.000000E+00
   1.000000E+00   1.000000E+00   1.000000E+00   1.000000E+00   1.000000E+00
   1.000000E+00   1.000000E+00   1.000000E+00   1.000000E+00   1.000000E+00
   1.000000E+00   1.000000E+00   1.000000E+00   1.000000E+00   1.000000E+00
   1.000000E+00   1.000000E+00   1.000000E+00   1.000000E+00   1.000000E+00
   1.000000E+00   1.000000E+00   1.000000E+00   1.000000E+00   1.000000E+00
   1.000000E+00   1.000000E+00   1.000000E+00   1.000000E+00   1.000000E+00
   1.000000E+00   1.000000E+00   1.000000E+00   1.000000E+00   1.000000E+00
   1.000000E+00   1.000000E+00   1.000000E+00   1.000000E+00   1.000000E+00
   1.000000E+00   1.000000E+00   1.000000E+00   1.000000E+00   1.000000E+00
   1.000000E+00   1.000000E+00   1.000000E+00   1.000000E+00   1.000000E+00
   1.000000E+00   1.000000E+00   1.000000E+00   1.000000E+00   1.000000E+00
   1.000000E+00   1.000000E+00   1.000000E+00   1.000000E+00   1.000000E+00
   1.000000E+00   1.000000E+00   1.000000E+00   1.000000E+00   1.000000E+00
   1.000000E+00   1.000000E+00   1.000000E+00   1.000000E+00   1.000000E+00
   1.000000E+00   1.000000E+00   1.000000E+00   1.000000E+00   1.000000E+00
   1.000000E+00   1.000000E+00   1.000000E+00   1.000000E+00   1.000000E+00
   1.000000E+00   1.000000E+00   1.000000E+00   1.000000E+00   1.000000E+00
   1.000000E+00   1.000000E+00   1.000000E+00   1.000000E+00   1.000000E+00
   1.000000E+00   1.000000E+00   1.000000E+00   1.000000E+00   1.000000E+00
   1.000000E+00   1.000000E+00   1.000000E+00   1.000000E+00   1.000000E+00
   1.000000E+00   1.000000E+00   1.000000E+00   1.000000E+00   1.000000E+00
   1.000000E+00   1.000000E+00   1.000000E+00   1.000000E+00   1.000000E+00
   1.000000E+00   1.000000E+00   1.000000E+00   1.000000E+00   1.000000E+00
   1.000000E+00   1.000000E+00   1.000000E+00   1.000000E+00   1.000000E+00
   1.000000E+00   1.000000E+00   1.000000E+00   1.000000E+00   1.000000E+00
   1.000000E+00   1.000000E+00   1.000000E+00   1.000000E+00   1.000000E+00
   1.000000E+00   1.000000E+00   1.000000E+00   1.000000E+00   1.000000E+00
   1.000000E+00   1.000000E+00   1.000000E+00   1.000000E+00   1.000000E+00
   1.000000E+00   1.000000E+00   1.000000E+00   1.000000E+00   1.000000E+00
   1.000000E+00   1.000000E+00   1.000000E+00   1.000000E+00   1.000000E+00
   1.000000E+00   1.000000E+00   1.000000E+00   1.000000E+00   1.000000E+00
   1.000000E+00   1.000000E+00   1.000000E+00   1.000000E+00   1.000000E+00
   1.000000E+00   1.000000E+00   1.000000E+00   1.000000E+00   1.000000E+00
   1.000000E+00   1.000000E+00   1.000000E+00   1.000000E+00   1.000000E+00
   1.000000E+00   1.000000E+00   1.000000E+00   1.000000E+00   1.000000E+00
   1.000000E+00   1.000000E+00   1.000000E+00   1.000000E+00   1.000000E+00
   1.000000E+00   1.000000E+00   1.000000E+00   1.000000E+00   1.000000E+00
   1.000000E+00   1.000000E+00   1.000000E+00   1.000000E+00   1.000000E+00
   1.000000E+00   1.000000E+00   1.000000E+00   1.000000E+00   1.000000E+00
   1.000000E+00   1.000000E+00   1.000000E+00   1.000000E+00   1.000000E+00
   1.000000E+00   1.000000E+00   1.000000E+00   1.000000E+00   1.000000E+00
   1.000000E+00   1.000000E+00   1.000000E+00   1.000000E+00   1.000000E+00
   1.000000E+00   1.000000E+00   1.000000E+00   1.000000E+00   1.000000E+00
   8.761094E-01   9.052492E-01   9.527849E-01   9.945087E-01   1.000000E+00
   1.000000E+00   1.000000E+00   1.000000E+00   1.000000E+00   1.000000E+00
   1.000000E+00   1.000000E+00   1.000000E+00   1.000000E+00   1.000000E+00
   1.000000E+00   1.000000E+00   1.000000E+00   1.000000E+00   1.000000E+00
   1.000000E+00   9.546783E-01   9.579910E-01   9.976589E-01   1.000000E+00
   1.000000E+00   1.000000E+00   1.000000E+00   1.000000E+00   1.000000E+00
   1.000000E+00   1.000000E+00   1.000000E+00   1.000000E+00   1.000000E+00
   1.000000E+00   1.000000E+00   1.000000E+00   1.000000E+00   1.000000E+00
   1.000000E+00   1.000000E+00   1.000000E+00   1.000000E+00   1.000000E+00
   1.000000E+00   1.000000E+00   1.000000E+00   1.000000E+00   1.000000E+00
   1.000000E+00   1.000000E+00   1.000000E+00   1.000000E+00   1.000000E+00
   1.000000E+00   1.000000E+00   1.000000E+00   1.000000E+00   1.000000E+00
   1.000000E+00   1.000000E+00   1.000000E+00   1.000000E+00   1.000000E+00
   1.000000E+00   1.000000E+00   1.000000E+00   1.000000E+00   1.000000E+00
   1.000000E+00   1.000000E+00   1.000000E+00   1.000000E+00   1.000000E+00
   1.000000E+00   1.000000E+00   1.000000E+00   1.000000E+00   1.000000E+00
   1.000000E+00   1.000000E+00   1.000000E+00   1.000000E+00   1.000000E+00
   1.000000E+00   1.000000E+00   1.000000E+00   1.000000E+00   1.000000E+00
   1.000000E+00   1.000000E+00   1.000000E+00   1.000000E+00   1.000000E+00
   1.000000E+00   1.000000E+00   1.000000E+00   1.000000E+00   1.000000E+00
   1.000000E+00   1.000000E+00   1.000000E+00   1.000000E+00   1.000000E+00
   1.000000E+00   1.000000E+00   1.000000E+00   1.000000E+00   1.000000E+00
   1.000000E+00   1.000000E+00   1.000000E+00   1.000000E+00   1.000000E+00
   1.000000E+00   1.000000E+00   1.000000E+00   1.000000E+00   1.000000E+00
   1.000000E+00   1.000000E+00   1.000000E+00   1.000000E+00   1.000000E+00
   1.000000E+00   1.000000E+00   1.000000E+00   1.000000E+00   1.000000E+00
   1.000000E+00   1.000000E+00   1.000000E+00   1.000000E+00   1.000000E+00
   1.000000E+00   1.000000E+00   1.000000E+00   1.000000E+00   1.000000E+00
   1.000000E+00   1.000000E+00   1.000000E+00   1.000000E+00   1.000000E+00
   1.000000E+00   1.000000E+00   1.000000E+00   1.000000E+00   1.000000E+00
   1.000000E+00   1.000000E+00   1.000000E+00   1.000000E+00   1.000000E+00
   1.000000E+00   1.000000E+00   1.000000E+00   1.000000E+00   1.000000E+00
   1.000000E+00   1.000000E+00   1.000000E+00   1.000000E+00   1.000000E+00
   1.000000E+00   1.000000E+00   1.000000E+00   1.000000E+00   1.000000E+00
   1.000000E+00   1.000000E+00   1.000000E+00   1.000000E+00   1.000000E+00
   1.000000E+00   1.000000E+00   1.000000E+00   1.000000E+00   1.000000E+00
   1.000000E+00   1.000000E+00   1.000000E+00   1.000000E+00   1.000000E+00
   1.000000E+00   1.000000E+00   1.000000E+00   1.000000E+00   1.000000E+00
   1.000000E+00   1.000000E+00   1.000000E+00   1.000000E+00   1.000000E+00
   1.000000E+00   1.000000E+00   1.000000E+00   1.000000E+00   1.000000E+00
   1.000000E+00   1.000000E+00   1.000000E+00   1.000000E+00   1.000000E+00
   1.000000E+00   1.000000E+00   1.000000E+00   1.000000E+00   1.000000E+00
   1.000000E+00   1.000000E+00   1.000000E+00   1.000000E+00   1.000000E+00
   1.000000E+00   1.000000E+00   1.000000E+00   1.000000E+00   1.000000E+00
   1.000000E+00   1.000000E+00   1.000000E+00   1.000000E+00   1.000000E+00
   1.000000E+00   1.000000E+00   1.000000E+00   1.000000E+00   1.000000E+00
   1.000000E+00   1.000000E+00   1.000000E+00   1.000000E+00   1.000000E+00
   1.000000E+00   1.000000E+00   1.000000E+00   1.000000E+00   1.000000E+00
   1.000000E+00   1.000000E+00   1.000000E+00   1.000000E+00   1.000000E+00
   1.000000E+00   1.000000E+00   1.000000E+00   1.000000E+00   1.000000E+00
   1.000000E+00   1.000000E+00   1.000000E+00   1.000000E+00   1.000000E+00
   1.000000E+00   1.000000E+00   1.000000E+00   1.000000E+00   1.000000E+00
   1.000000E+00   1.000000E+00   1.000000E+00   1.000000E+00   1.000000E+00
   1.000000E+00   1.000000E+00   1.000000E+00   1.000000E+00   1.000000E+00
   1.000000E+00   1.000000E+00   1.000000E+00   1.000000E+00   1.000000E+00
   1.000000E+00   1.000000E+00   1.000000E+00   1.000000E+00   1.000000E+00
   1.000000E+00   1.000000E+00   1.000000E+00   1.000000E+00   1.000000E+00
   1.000000E+00   1.000000E+00   1.000000E+00   1.000000E+00   1.000000E+00
   1.000000E+00   1.000000E+00   1.000000E+00   1.000000E+00   1.000000E+00
   1.000000E+00   1.000000E+00   1.000000E+00   1.000000E+00   1.000000E+00
   1.000000E+00   1.000000E+00   1.000000E+00   1.000000E+00   1.000000E+00
   1.000000E+00   1.000000E+00   1.000000E+00   1.000000E+00   1.000000E+00
   1.000000E+00   1.000000E+00   1.000000E+00   1.000000E+00   1.000000E+00
   1.000000E+00   1.000000E+00   1.000000E+00   1.000000E+00   1.000000E+00
   1.000000E+00   1.000000E+00   1.000000E+00   1.000000E+00   1.000000E+00
   1.000000E+00   1.000000E+00   1.000000E+00   1.000000E+00   1.000000E+00
   1.000000E+00   1.000000E+00   1.000000E+00   1.000000E+00   1.000000E+00
   1.000000E+00   1.000000E+00   1.000000E+00   1.000000E+00   1.000000E+00
   1.000000E+00   1.000000E+00   1.000000E+00   1.000000E+00   1.000000E+00
   1.000000E+00   1.000000E+00   1.000000E+00   1.000000E+00   1.000000E+00
   1.000000E+00   1.000000E+00   1.000000E+00   1.000000E+00   1.000000E+00
   1.000000E+00   1.000000E+00   1.000000E+00   1.000000E+00   1.000000E+00
   1.000000E+00   1.000000E+00   1.000000E+00   1.000000E+00   1.000000E+00
   1.000000E+00   1.000000E+00   1.000000E+00   1.000000E+00   1.000000E+00
   1.000000E+00   1.000000E+00   1.000000E+00   1.000000E+00   1.000000E+00
   1.000000E+00   1.000000E+00   1.000000E+00   1.000000E+00   1.000000E+00
   1.000000E+00   1.000000E+00   1.000000E+00   1.000000E+00   1.000000E+00
   1.000000E+00   1.000000E+00   1.000000E+00   1.000000E+00   1.000000E+00
   1.000000E+00   1.000000E+00   1.000000E+00   1.000000E+00   1.000000E+00
   1.000000E+00   1.000000E+00   1.000000E+00   1.000000E+00   1.000000E+00
   1.000000E+00   1.000000E+00   1.000000E+00   1.000000E+00   1.000000E+00
   1.000000E+00   1.000000E+00   1.000000E+00   1.000000E+00   1.000000E+00
   1.000000E+00   1.000000E+00   1.000000E+00   1.000000E+00   1.000000E+00
   1.000000E+00   1.000000E+00   1.000000E+00   1.000000E+00   1.000000E+00
   1.000000E+00   1.000000E+00   1.000000E+00   1.000000E+00   1.000000E+00
   1.000000E+00   1.000000E+00   1.000000E+00   1.000000E+00   1.000000E+00
   1.000000E+00   1.000000E+00   1.000000E+00   1.000000E+00   1.000000E+00
   1.000000E+00   1.000000E+00   1.000000E+00   1.000000E+00   1.000000E+00
   1.000000E+00   1.000000E+00   1.000000E+00   1.000000E+00   1.000000E+00
   1.000000E+00   1.000000E+00   1.000000E+00   1.000000E+00   1.000000E+00
   1.000000E+00   1.000000E+00   1.000000E+00   1.000000E+00   1.000000E+00
   1.000000E+00   1.000000E+00   1.000000E+00   1.000000E+00   1.000000E+00
   1.000000E+00   1.000000E+00   1.000000E+00   1.000000E+00   1.000000E+00
   1.000000E+00   1.000000E+00   1.000000E+00   1.000000E+00   1.000000E+00
   1.000000E+00   1.000000E+00   1.000000E+00   1.000000E+00   1.000000E+00
   1.000000E+00   1.000000E+00   1.000000E+00   1.000000E+00   1.000000E+00
   1.000000E+00   1.000000E+00   1.000000E+00   1.000000E+00   1.000000E+00
   1.000000E+00   1.000000E+00   1.000000E+00   1.000000E+00   1.000000E+00
   1.000000E+00   1.000000E+00   1.000000E+00   1.000000E+00   1.000000E+00
   1.000000E+00   1.000000E+00   1.000000E+00   1.000000E+00   1.000000E+00
   1.000000E+00   1.000000E+00   1.000000E+00   1.000000E+00   1.000000E+00
   1.000000E+00   1.000000E+00   1.000000E+00   1.000000E+00   1.000000E+00
   1.000000E+00   1.000000E+00   1.000000E+00   1.000000E+00   1.000000E+00
   1.000000E+00   1.000000E+00   1.000000E+00   1.000000E+00   1.000000E+00
   1.000000E+00   1.000000E+00   1.000000E+00   1.000000E+00   1.000000E+00
   1.000000E+00   1.000000E+00   1.000000E+00   1.000000E+00   1.000000E+00
   1.000000E+00   1.000000E+00   1.000000E+00   1.000000E+00   1.000000E+00
   1.000000E+00   1.000000E+00   1.000000E+00   1.000000E+00   1.000000E+00
   1.000000E+00   1.000000E+00   1.000000E+00   1.000000E+00   1.000000E+00
   1.000000E+00   1.000000E+00   1.000000E+00   1.000000E+00   1.000000E+00
   1.000000E+00   1.000000E+00   1.000000E+00   1.000000E+00   1.000000E+00
   1.000000E+00   1.000000E+00   1.000000E+00   1.000000E+00   1.000000E+00
   1.000000E+00   1.000000E+00   1.000000E+00   1.000000E+00   1.000000E+00
   1.000000E+00   1.000000E+00   1.000000E+00   1.000000E+00   1.000000E+00
   1.000000E+00   1.000000E+00   1.000000E+00   1.000000E+00   1.000000E+00
   1.000000E+00   1.000000E+00   1.000000E+00   1.000000E+00   1.000000E+00
   1.000000E+00   1.000000E+00   1.000000E+00   1.000000E+00   1.000000E+00
   1.000000E+00   1.000000E+00   1.000000E+00   1.000000E+00   1.000000E+00
   1.000000E+00   1.000000E+00   1.000000E+00   1.000000E+00   1.000000E+00
   1.000000E+00   1.000000E+00   1.000000E+00   1.000000E+00   1.000000E+00
   1.000000E+00   1.000000E+00   1.000000E+00   1.000000E+00   1.000000E+00
   1.000000E+00   1.000000E+00   1.000000E+00   1.000000E+00   1.000000E+00
   1.000000E+00   1.000000E+00   1.000000E+00   1.000000E+00   1.000000E+00
   1.000000E+00   1.000000E+00   1.000000E+00   1.000000E+00   1.000000E+00
   1.000000E+00   1.000000E+00   1.000000E+00   1.000000E+00   1.000000E+00
   1.000000E+00   1.000000E+00   1.000000E+00   1.000000E+00   1.000000E+00
   1.000000E+00   1.000000E+00   1.000000E+00   1.000000E+00   1.000000E+00
   1.000000E+00   1.000000E+00   1.000000E+00   1.000000E+00   1.000000E+00
   1.000000E+00   1.000000E+00   1.000000E+00   1.000000E+00   1.000000E+00
   1.000000E+00   1.000000E+00   1.000000E+00   1.000000E+00   1.000000E+00
   1.000000E+00   1.000000E+00   1.000000E+00   1.000000E+00   1.000000E+00
   1.000000E+00   1.000000E+00   1.000000E+00   1.000000E+00   1.000000E+00
   1.000000E+00   1.000000E+00   1.000000E+00   1.000000E+00   1.000000E+00
   1.000000E+00   1.000000E+00   1.000000E+00   1.000000E+00   1.000000E+00
   1.000000E+00   1.000000E+00   1.000000E+00   1.000000E+00   1.000000E+00
   1.000000E+00   1.000000E+00   1.000000E+00   1.000000E+00   1.000000E+00
   1.000000E+00   1.000000E+00   1.000000E+00   1.000000E+00   1.000000E+00
   1.000000E+00   1.000000E+00   1.000000E+00   1.000000E+00   1.000000E+00
   1.000000E+00   1.000000E+00   1.000000E+00   1.000000E+00   1.000000E+00
   1.000000E+00   1.000000E+00   1.000000E+00   1.000000E+00   1.000000E+00
   1.000000E+00   1.000000E+00   1.000000E+00   1.000000E+00   1.000000E+00
   1.000000E+00   1.000000E+00   1.000000E+00   1.000000E+00   1.000000E+00
   1.000000E+00   1.000000E+00   1.000000E+00   1.000000E+00   1.000000E+00
   1.000000E+00   1.000000E+00   1.000000E+00   1.000000E+00   1.000000E+00
   1.000000E+00   1.000000E+00   1.000000E+00   1.000000E+00   1.000000E+00
   1.000000E+00   1.000000E+00   1.000000E+00   1.000000E+00   1.000000E+00
   1.000000E+00   1.000000E+00   1.000000E+00   1.000000E+00   1.000000E+00
   1.000000E+00   1.000000E+00   1.000000E+00   1.000000E+00   1.000000E+00
   1.000000E+00   1.000000E+00   1.000000E+00   1.000000E+00   1.000000E+00
   1.000000E+00   1.000000E+00   1.000000E+00   1.000000E+00   1.000000E+00
   1.000000E+00   1.000000E+00   1.000000E+00   1.000000E+00   1.000000E+00
   1.000000E+00   1.000000E+00   1.000000E+00   1.000000E+00   1.000000E+00
   1.000000E+00   1.000000E+00   1.000000E+00   1.000000E+00   1.000000E+00
   1.000000E+00   1.000000E+00   1.000000E+00   1.000000E+00   1.000000E+00
   1.000000E+00   1.000000E+00   1.000000E+00   1.000000E+00   1.000000E+00
   1.000000E+00   1.000000E+00   1.000000E+00   1.000000E+00   1.000000E+00
   1.000000E+00   1.000000E+00   1.000000E+00   1.000000E+00   1.000000E+00
   1.000000E+00   1.000000E+00   1.000000E+00   1.000000E+00   1.000000E+00
   1.000000E+00   1.000000E+00   1.000000E+00   1.000000E+00   1.000000E+00
   1.000000E+00   1.000000E+00   1.000000E+00   1.000000E+00   1.000000E+00
   1.000000E+00   1.000000E+00   1.000000E+00   1.000000E+00   1.000000E+00
   1.000000E+00   1.000000E+00   1.000000E+00   1.000000E+00   1.000000E+00
   1.000000E+00   1.000000E+00   1.000000E+00   1.000000E+00   1.000000E+00
   1.000000E+00   1.000000E+00   1.000000E+00   1.000000E+00   1.000000E+00
   1.000000E+00   1.000000E+00   1.000000E+00   1.000000E+00   1.000000E+00
   1.000000E+00   1.000000E+00   1.000000E+00   1.000000E+00   1.000000E+00
   1.000000E+00   1.000000E+00   1.000000E+00   1.000000E+00   1.000000E+00
   1.000000E+00   1.000000E+00   1.000000E+00   1.000000E+00   1.000000E+00
   1.000000E+00   1.000000E+00   1.000000E+00   1.000000E+00   1.000000E+00
   1.000000E+00   1.000000E+00   1.000000E+00   1.000000E+00   1.000000E+00
   1.000000E+00   1.000000E+00   1.000000E+00   1.000000E+00   1.000000E+00
   1.000000E+00   1.000000E+00   1.000000E+00   1.000000E+00   1.000000E+00
   1.000000E+00   1.000000E+00   1.000000E+00   1.000000E+00   1.000000E+00
   1.000000E+00   1.000000E+00   1.000000E+00   1.000000E+00   1.000000E+00
   1.000000E+00   1.000000E+00   1.000000E+00   1.000000E+00   1.000000E+00
   1.000000E+00   1.000000E+00   1.000000E+00   1.000000E+00   1.000000E+00
   1.000000E+00   1.000000E+00   1.000000E+00   1.000000E+00   1.000000E+00
   1.000000E+00   1.000000E+00   1.000000E+00   1.000000E+00   1.000000E+00
   1.000000E+00   1.000000E+00   1.000000E+00   1.000000E+00   1.000000E+00
   1.000000E+00   1.000000E+00   1.000000E+00   1.000000E+00   1.000000E+00
   1.000000E+00   1.000000E+00   1.000000E+00   1.000000E+00   1.000000E+00
   1.000000E+00   1.000000E+00   1.000000E+00   1.000000E+00   1.000000E+00
   1.000000E+00   1.000000E+00   1.000000E+00   1.000000E+00   1.000000E+00
   1.000000E+00   1.000000E+00   1.000000E+00   1.000000E+00   1.000000E+00
   1.000000E+00   1.000000E+00   1.000000E+00   1.000000E+00   1.000000E+00
   1.000000E+00   1.000000E+00   1.000000E+00   1.000000E+00   1.000000E+00
   1.000000E+00   1.000000E+00   1.000000E+00   1.000000E+00   1.000000E+00
   1.000000E+00   1.000000E+00   1.000000E+00   1.000000E+00   1.000000E+00
   1.000000E+00   1.000000E+00   1.000000E+00   1.000000E+00   1.000000E+00
   1.000000E+00   1.000000E+00   1.000000E+00   1.000000E+00   1.000000E+00
   1.000000E+00   1.000000E+00   1.000000E+00   1.000000E+00   1.000000E+00
   1.000000E+00   1.000000E+00   1.000000E+00   1.000000E+00   1.000000E+00
   1.000000E+00   1.000000E+00   1.000000E+00   1.000000E+00   1.000000E+00
   1.000000E+00   1.000000E+00   1.000000E+00   1.000000E+00   1.000000E+00
   1.000000E+00   1.000000E+00   1.000000E+00   1.000000E+00   1.000000E+00
   1.000000E+00   1.000000E+00   1.000000E+00   1.000000E+00   1.000000E+00
   1.000000E+00   1.000000E+00   1.000000E+00   1.000000E+00   1.000000E+00
   1.000000E+00   1.000000E+00   1.000000E+00   1.000000E+00   1.000000E+00
   1.000000E+00   1.000000E+00   1.000000E+00   1.000000E+00   1.000000E+00
   1.000000E+00   1.000000E+00   1.000000E+00   1.000000E+00   1.000000E+00
   1.000000E+00   1.000000E+00   1.000000E+00   1.000000E+00   1.000000E+00
   1.000000E+00   1.000000E+00   1.000000E+00   1.000000E+00   1.000000E+00
   1.000000E+00   1.000000E+00   1.000000E+00   1.000000E+00   1.000000E+00
   1.000000E+00   1.000000E+00   1.000000E+00   1.000000E+00   1.000000E+00
   1.000000E+00   1.000000E+00   1.000000E+00   1.000000E+00   1.000000E+00
   1.000000E+00   1.000000E+00   1.000000E+00   1.000000E+00   1.000000E+00
   1.000000E+00   1.000000E+00   1.000000E+00   1.000000E+00   1.000000E+00
   1.000000E+00   1.000000E+00   1.000000E+00   1.000000E+00   1.000000E+00
   1.000000E+00   1.000000E+00   1.000000E+00   1.000000E+00   1.000000E+00
   1.000000E+00   1.000000E+00   1.000000E+00   1.000000E+00   1.000000E+00
   1.000000E+00   1.000000E+00   1.000000E+00   1.000000E+00   1.000000E+00
   1.000000E+00   1.000000E+00   1.000000E+00   1.000000E+00   1.000000E+00
   1.000000E+00   1.000000E+00   1.000000E+00   1.000000E+00   1.000000E+00
   1.000000E+00   1.000000E+00   1.000000E+00   1.000000E+00   1.000000E+00
   1.000000E+00   1.000000E+00   1.000000E+00   1.000000E+00   1.000000E+00
   1.000000E+00   1.000000E+00   1.000000E+00   1.000000E+00   1.000000E+00
   1.000000E+00   1.000000E+00   1.000000E+00   1.000000E+00   1.000000E+00
   1.000000E+00   1.000000E+00   1.000000E+00   1.000000E+00   1.000000E+00
   1.000000E+00   1.000000E+00   1.000000E+00   1.000000E+00   1.000000E+00
   1.000000E+00   1.000000E+00   1.000000E+00   1.000000E+00   1.000000E+00
   1.000000E+00   1.000000E+00   1.000000E+00   1.000000E+00   1.000000E+00
   1.000000E+00   1.000000E+00   1.000000E+00   1.000000E+00   1.000000E+00
   1.000000E+00   1.000000E+00   1.000000E+00   1.000000E+00   1.000000E+00
   1.000000E+00   1.000000E+00   1.000000E+00   1.000000E+00   1.000000E+00
   1.000000E+00   1.000000E+00   1.000000E+00   1.000000E+00   1.000000E+00
   1.000000E+00   1.000000E+00   1.000000E+00   1.000000E+00   1.000000E+00
   1.000000E+00   1.000000E+00   1.000000E+00   1.000000E+00   1.000000E+00
   1.000000E+00   1.000000E+00   1.000000E+00   1.000000E+00   1.000000E+00
   1.000000E+00   1.000000E+00   1.000000E+00   1.000000E+00   1.000000E+00
   1.000000E+00   1.000000E+00   1.000000E+00   1.000000E+00   1.000000E+00
   1.000000E+00   1.000000E+00   1.000000E+00   1.000000E+00   1.000000E+00
   1.000000E+00   1.000000E+00   1.000000E+00   1.000000E+00   1.000000E+00
   1.000000E+00   1.000000E+00   1.000000E+00   1.000000E+00   1.000000E+00
   1.000000E+00   1.000000E+00   1.000000E+00   1.000000E+00   1.000000E+00
   1.000000E+00   1.000000E+00   1.000000E+00   1.000000E+00   1.000000E+00
   1.000000E+00   1.000000E+00   1.000000E+00   1.000000E+00   1.000000E+00
   1.000000E+00   1.000000E+00   1.000000E+00   1.000000E+00   1.000000E+00
   1.000000E+00   1.000000E+00   1.000000E+00   1.000000E+00   1.000000E+00
   1.000000E+00   1.000000E+00   1.000000E+00   1.000000E+00   1.000000E+00
   1.000000E+00   1.000000E+00   1.000000E+00   1.000000E+00   1.000000E+00
   1.000000E+00   1.000000E+00   1.000000E+00   1.000000E+00   1.000000E+00
   1.000000E+00   1.000000E+00   1.000000E+00   1.000000E+00   1.000000E+00
   1.000000E+00   1.000000E+00   1.000000E+00   1.000000E+00   1.000000E+00
   1.000000E+00   1.000000E+00   1.000000E+00   1.000000E+00   1.000000E+00
   1.000000E+00   1.000000E+00   1.000000E+00   1.000000E+00   1.000000E+00
   1.000000E+00   1.000000E+00   1.000000E+00   1.000000E+00   1.000000E+00
   1.000000E+00   1.000000E+00   1.000000E+00   1.000000E+00   1.000000E+00
   1.000000E+00   1.000000E+00   1.000000E+00   1.000000E+00   1.000000E+00
   1.000000E+00   1.000000E+00   1.000000E+00   1.000000E+00   1.000000E+00
   1.000000E+00   1.000000E+00   1.000000E+00   1.000000E+00   1.000000E+00
   1.000000E+00   1.000000E+00   1.000000E+00   1.000000E+00   1.000000E+00
   1.000000E+00   1.000000E+00   1.000000E+00   1.000000E+00   1.000000E+00
   1.000000E+00   1.000000E+00   1.000000E+00   1.000000E+00   1.000000E+00
   1.000000E+00   1.000000E+00   1.000000E+00   1.000000E+00   1.000000E+00
   1.000000E+00   1.000000E+00   1.000000E+00   1.000000E+00   1.000000E+00
   1.000000E+00   1.000000E+00   1.000000E+00   1.000000E+00   1.000000E+00
   1.000000E+00   1.000000E+00   1.000000E+00   1.000000E+00   1.000000E+00
   1.000000E+00   1.000000E+00   1.000000E+00   1.000000E+00   1.000000E+00
   1.000000E+00   1.000000E+00   1.000000E+00   1.000000E+00   1.000000E+00
   1.000000E+00   1.000000E+00   1.000000E+00   1.000000E+00   1.000000E+00
   1.000000E+00   1.000000E+00   1.000000E+00   1.000000E+00   1.000000E+00
   1.000000E+00   1.000000E+00   1.000000E+00   1.000000E+00   1.000000E+00
   1.000000E+00   1.000000E+00   1.000000E+00   1.000000E+00   1.000000E+00
   1.000000E+00   1.000000E+00   1.000000E+00   1.000000E+00   1.000000E+00
   1.000000E+00   1.000000E+00   1.000000E+00   1.000000E+00   1.000000E+00
   1.000000E+00   1.000000E+00   1.000000E+00   1.000000E+00   1.000000E+00
   1.000000E+00   1.000000E+00   1.000000E+00   1.000000E+00   1.000000E+00
   1.000000E+00   1.000000E+00   1.000000E+00   1.000000E+00   1.000000E+00
   1.000000E+00   1.000000E+00   1.000000E+00   1.000000E+00   1.000000E+00
   1.000000E+00   1.000000E+00   1.000000E+00   1.000000E+00   1.000000E+00
   1.000000E+00   1.000000E+00   1.000000E+00   1.000000E+00   1.000000E+00
   1.000000E+00   1.000000E+00   1.000000E+00   1.000000E+00   1.000000E+00
   1.000000E+00   1.000000E+00   1.000000E+00   1.000000E+00   1.000000E+00
   1.000000E+00   1.000000E+00   1.000000E+00   1.000000E+00   1.000000E+00
   1.000000E+00   1.000000E+00   1.000000E+00   1.000000E+00   1.000000E+00
   1.000000E+00   1.000000E+00   1.000000E+00   1.000000E+00   1.000000E+00
   1.000000E+00   1.000000E+00   1.000000E+00   1.000000E+00   1.000000E+00
   1.000000E+00   1.000000E+00   1.000000E+00   1.000000E+00   1.000000E+00
   1.000000E+00   1.000000E+00   1.000000E+00   1.000000E+00   1.000000E+00
   1.000000E+00   1.000000E+00   1.000000E+00   1.000000E+00   1.000000E+00
   1.000000E+00   1.000000E+00   1.000000E+00   1.000000E+00   1.000000E+00
   1.000000E+00   1.000000E+00   1.000000E+00   1.000000E+00   1.000000E+00
   1.000000E+00   1.000000E+00   1.000000E+00   1.000000E+00   1.000000E+00
   1.000000E+00   1.000000E+00   1.000000E+00   1.000000E+00   1.000000E+00
   1.000000E+00   1.000000E+00   1.000000E+00   1.000000E+00   1.000000E+00
   1.000000E+00   1.000000E+00   1.000000E+00   1.000000E+00   1.000000E+00
   1.000000E+00   1.000000E+00   1.000000E+00   1.000000E+00   1.000000E+00
   1.000000E+00   1.000000E+00   1.000000E+00   1.000000E+00   1.000000E+00
   1.000000E+00   1.000000E+00   1.000000E+00   1.000000E+00   1.000000E+00
   1.000000E+00   1.000000E+00   1.000000E+00   1.000000E+00   1.000000E+00
   1.000000E+00   1.000000E+00   1.000000E+00   1.000000E+00   1.000000E+00
   1.000000E+00   1.000000E+00   1.000000E+00   1.000000E+00   1.000000E+00
   1.000000E+00   1.000000E+00   1.000000E+00   1.000000E+00   1.000000E+00
   1.000000E+00   1.000000E+00   1.000000E+00   1.000000E+00   1.000000E+00
   1.000000E+00   1.000000E+00   1.000000E+00   1.000000E+00   1.000000E+00
   1.000000E+00   1.000000E+00   1.000000E+00   1.000000E+00   1.000000E+00
   1.000000E+00   1.000000E+00   1.000000E+00   1.000000E+00   1.000000E+00
   1.000000E+00   1.000000E+00   1.000000E+00   1.000000E+00   1.000000E+00
   1.000000E+00   1.000000E+00   1.000000E+00   1.000000E+00   1.000000E+00
   1.000000E+00   1.000000E+00   1.000000E+00   1.000000E+00   1.000000E+00
   1.000000E+00   1.000000E+00   1.000000E+00   1.000000E+00   1.000000E+00
   1.000000E+00   1.000000E+00   1.000000E+00   1.000000E+00   1.000000E+00
   1.000000E+00   1.000000E+00   1.000000E+00   1.000000E+00   1.000000E+00
   1.000000E+00   1.000000E+00   1.000000E+00   1.000000E+00   1.000000E+00
   1.000000E+00   1.000000E+00   1.000000E+00   1.000000E+00   1.000000E+00
   1.000000E+00   1.000000E+00   1.000000E+00   1.000000E+00   1.000000E+00
   1.000000E+00   1.000000E+00   1.000000E+00   1.000000E+00   1.000000E+00
   1.000000E+00   1.000000E+00   1.000000E+00   1.000000E+00   1.000000E+00
   1.000000E+00   1.000000E+00   1.000000E+00   1.000000E+00   1.000000E+00
   1.000000E+00   1.000000E+00   1.000000E+00   1.000000E+00   1.000000E+00
   1.000000E+00   1.000000E+00   1.000000E+00   1.000000E+00   1.000000E+00
   1.000000E+00   1.000000E+00   1.000000E+00   1.000000E+00   1.000000E+00
   1.000000E+00   1.000000E+00   1.000000E+00   1.000000E+00   1.000000E+00
   1.000000E+00   1.000000E+00   1.000000E+00   1.000000E+00   1.000000E+00
   1.000000E+00   1.000000E+00   1.000000E+00   1.000000E+00   1.000000E+00
   1.000000E+00   1.000000E+00   1.000000E+00   1.000000E+00   1.000000E+00
   1.000000E+00   1.000000E+00   1.000000E+00   1.000000E+00   1.000000E+00
   1.000000E+00   1.000000E+00   1.000000E+00   1.000000E+00   1.000000E+00
   1.000000E+00   1.000000E+00   1.000000E+00   1.000000E+00   1.000000E+00
   1.000000E+00   1.000000E+00   1.000000E+00   1.000000E+00   1.000000E+00
   1.000000E+00   1.000000E+00   1.000000E+00   1.000000E+00   1.000000E+00
   1.000000E+00   1.000000E+00   1.000000E+00   1.000000E+00   1.000000E+00
   1.000000E+00   1.000000E+00   1.000000E+00   1.000000E+00   1.000000E+00
   1.000000E+00   1.000000E+00   1.000000E+00   1.000000E+00   1.000000E+00
   1.000000E+00   1.000000E+00   1.000000E+00   1.000000E+00   1.000000E+00
   1.000000E+00   1.000000E+00   1.000000E+00   1.000000E+00   1.000000E+00
   1.000000E+00   1.000000E+00   1.000000E+00   1.000000E+00   1.000000E+00
   1.000000E+00   1.000000E+00   1.000000E+00   1.000000E+00   1.000000E+00
   1.000000E+00   1.000000E+00   1.000000E+00   1.000000E+00   1.000000E+00
   1.000000E+00   1.000000E+00   1.000000E+00   1.000000E+00   1.000000E+00
   1.000000E+00   1.000000E+00   1.000000E+00   1.000000E+00   1.000000E+00
   1.000000E+00   1.000000E+00   1.000000E+00   1.000000E+00   1.000000E+00
   1.000000E+00   1.000000E+00   1.000000E+00   1.000000E+00   1.000000E+00
   1.000000E+00   1.000000E+00   1.000000E+00   1.000000E+00   1.000000E+00
   1.000000E+00   1.000000E+00   1.000000E+00   1.000000E+00   1.000000E+00
   1.000000E+00   1.000000E+00   1.000000E+00   1.000000E+00   1.000000E+00
   1.000000E+00   1.000000E+00   1.000000E+00   1.000000E+00   1.000000E+00
   1.000000E+00   1.000000E+00   1.000000E+00   1.000000E+00   1.000000E+00
   1.000000E+00   1.000000E+00   1.000000E+00   1.000000E+00   1.000000E+00
   1.000000E+00   1.000000E+00   1.000000E+00   1.000000E+00   1.000000E+00
   1.000000E+00   1.000000E+00   1.000000E+00   1.000000E+00   1.000000E+00
   1.000000E+00   1.000000E+00   1.000000E+00   1.000000E+00   1.000000E+00
   1.000000E+00   1.000000E+00   1.000000E+00   1.000000E+00   1.000000E+00
   1.000000E+00   1.000000E+00   1.000000E+00   1.000000E+00   1.000000E+00
   1.000000E+00   1.000000E+00   1.000000E+00   1.000000E+00   1.000000E+00
   1.000000E+00   1.000000E+00   1.000000E+00   1.000000E+00   1.000000E+00
   1.000000E+00   1.000000E+00   1.000000E+00   1.000000E+00   1.000000E+00
   1.000000E+00   1.000000E+00   1.000000E+00   1.000000E+00   1.000000E+00
   1.000000E+00   1.000000E+00   1.000000E+00   1.000000E+00   1.000000E+00
   1.000000E+00   1.000000E+00   1.000000E+00   1.000000E+00   1.000000E+00
   1.000000E+00   1.000000E+00   1.000000E+00   1.000000E+00   1.000000E+00
   1.000000E+00   1.000000E+00   1.000000E+00   1.000000E+00   1.000000E+00
   1.000000E+00   1.000000E+00   1.000000E+00   1.000000E+00   1.000000E+00
   1.000000E+00   1.000000E+00   1.000000E+00   1.000000E+00   1.000000E+00
   1.000000E+00   1.000000E+00   1.000000E+00   1.000000E+00   1.000000E+00
   1.000000E+00   1.000000E+00   1.000000E+00   1.000000E+00   1.000000E+00
   1.000000E+00   1.000000E+00   1.000000E+00   1.000000E+00   1.000000E+00
   1.000000E+00   1.000000E+00   1.000000E+00   1.000000E+00   1.000000E+00
   1.000000E+00   1.000000E+00   1.000000E+00   1.000000E+00   1.000000E+00
   1.000000E+00   1.000000E+00   1.000000E+00   1.000000E+00   1.000000E+00
   1.000000E+00   1.000000E+00   1.000000E+00   1.000000E+00   1.000000E+00
   1.000000E+00   1.000000E+00   1.000000E+00   1.000000E+00   1.000000E+00
   1.000000E+00   1.000000E+00   1.000000E+00   1.000000E+00   1.000000E+00
   1.000000E+00   1.000000E+00   1.000000E+00   1.000000E+00   1.000000E+00
   1.000000E+00   1.000000E+00   1.000000E+00   1.000000E+00   1.000000E+00
   1.000000E+00   1.000000E+00   1.000000E+00   1.000000E+00   1.000000E+00
   1.000000E+00   1.000000E+00   1.000000E+00   1.000000E+00   1.000000E+00
   1.000000E+00   1.000000E+00   1.000000E+00   1.000000E+00   1.000000E+00
   1.000000E+00   1.000000E+00   1.000000E+00   1.000000E+00   1.000000E+00
   1.000000E+00   1.000000E+00   1.000000E+00   1.000000E+00   1.000000E+00
   1.000000E+00   1.000000E+00   1.000000E+00   1.000000E+00   1.000000E+00
   1.000000E+00   1.000000E+00   1.000000E+00   1.000000E+00   1.000000E+00
   1.000000E+00   1.000000E+00   1.000000E+00   1.000000E+00   1.000000E+00
   1.000000E+00   1.000000E+00   1.000000E+00   1.000000E+00   1.000000E+00
   1.000000E+00   1.000000E+00   1.000000E+00   1.000000E+00   1.000000E+00
   1.000000E+00   1.000000E+00   1.000000E+00   1.000000E+00   1.000000E+00
   1.000000E+00   1.000000E+00   1.000000E+00   1.000000E+00   1.000000E+00
   1.000000E+00   1.000000E+00   1.000000E+00   1.000000E+00   1.000000E+00
   1.000000E+00   1.000000E+00   1.000000E+00   1.000000E+00   1.000000E+00
   1.000000E+00   1.000000E+00   1.000000E+00   1.000000E+00   1.000000E+00
   1.000000E+00   1.000000E+00   1.000000E+00   1.000000E+00   1.000000E+00
   1.000000E+00   1.000000E+00   1.000000E+00   1.000000E+00   1.000000E+00
   1.000000E+00   1.000000E+00   1.000000E+00   1.000000E+00   1.000000E+00
   1.000000E+00   1.000000E+00   1.000000E+00   1.000000E+00   1.000000E+00
   1.000000E+00   1.000000E+00   1.000000E+00   1.000000E+00   1.000000E+00
   1.000000E+00   1.000000E+00   1.000000E+00   1.000000E+00   1.000000E+00
   1.000000E+00   1.000000E+00   1.000000E+00   1.000000E+00   1.000000E+00
   1.000000E+00   1.000000E+00   1.000000E+00   1.000000E+00   1.000000E+00
   1.000000E+00   1.000000E+00   1.000000E+00   1.000000E+00   1.000000E+00
   1.000000E+00   1.000000E+00   1.000000E+00   1.000000E+00   1.000000E+00
   1.000000E+00   1.000000E+00   1.000000E+00   1.000000E+00   1.000000E+00
   1.000000E+00   1.000000E+00   1.000000E+00   1.000000E+00   1.000000E+00
   1.000000E+00   1.000000E+00   1.000000E+00   1.000000E+00   1.000000E+00
   1.000000E+00   1.000000E+00   1.000000E+00   1.000000E+00   1.000000E+00
   1.000000E+00   1.000000E+00   1.000000E+00   1.000000E+00   1.000000E+00
   1.000000E+00   1.000000E+00   1.000000E+00   1.000000E+00   1.000000E+00
   1.000000E+00   1.000000E+00   1.000000E+00   1.000000E+00   1.000000E+00
   1.000000E+00   1.000000E+00   1.000000E+00   1.000000E+00   1.000000E+00
   1.000000E+00   1.000000E+00   1.000000E+00   1.000000E+00   1.000000E+00
   1.000000E+00   1.000000E+00   1.000000E+00   1.000000E+00   1.000000E+00
   1.000000E+00   1.000000E+00   1.000000E+00   1.000000E+00   1.000000E+00
   1.000000E+00   1.000000E+00   1.000000E+00   1.000000E+00   1.000000E+00
   1.000000E+00   1.000000E+00   1.000000E+00   1.000000E+00   1.000000E+00
   1.000000E+00   1.000000E+00   1.000000E+00   1.000000E+00   1.000000E+00
   1.000000E+00   1.000000E+00   1.000000E+00   1.000000E+00   1.000000E+00
   1.000000E+00   1.000000E+00   1.000000E+00   1.000000E+00   1.000000E+00
   1.000000E+00   1.000000E+00   1.000000E+00   1.000000E+00   1.000000E+00
   1.000000E+00   1.000000E+00   1.000000E+00   1.000000E+00   1.000000E+00
   1.000000E+00   1.000000E+00   1.000000E+00   1.000000E+00   1.000000E+00
   1.000000E+00   1.000000E+00   1.000000E+00   1.000000E+00   1.000000E+00
   1.000000E+00   1.000000E+00   1.000000E+00   1.000000E+00   1.000000E+00
   1.000000E+00   1.000000E+00   1.000000E+00   1.000000E+00   1.000000E+00
   1.000000E+00   1.000000E+00   1.000000E+00   1.000000E+00   1.000000E+00
   1.000000E+00   1.000000E+00   1.000000E+00   1.000000E+00   1.000000E+00
   1.000000E+00   1.000000E+00   1.000000E+00   1.000000E+00   1.000000E+00
   1.000000E+00   1.000000E+00   1.000000E+00   1.000000E+00   1.000000E+00
   1.000000E+00   1.000000E+00   1.000000E+00   1.000000E+00   1.000000E+00
   1.000000E+00   1.000000E+00   1.000000E+00   1.000000E+00   1.000000E+00
   1.000000E+00   1.000000E+00   1.000000E+00   1.000000E+00   1.000000E+00
   1.000000E+00   1.000000E+00   1.000000E+00   1.000000E+00   1.000000E+00
   1.000000E+00   1.000000E+00   1.000000E+00   1.000000E+00   1.000000E+00
   1.000000E+00   1.000000E+00   1.000000E+00   1.000000E+00   1.000000E+00
   1.000000E+00   1.000000E+00   1.000000E+00   1.000000E+00   1.000000E+00
   1.000000E+00   1.000000E+00   1.000000E+00   1.000000E+00   1.000000E+00
   1.000000E+00   1.000000E+00   1.000000E+00   1.000000E+00   1.000000E+00
   1.000000E+00   1.000000E+00   1.000000E+00   1.000000E+00   1.000000E+00
   1.000000E+00   1.000000E+00   1.000000E+00   1.000000E+00   1.000000E+00
   1.000000E+00   1.000000E+00   1.000000E+00   1.000000E+00   1.000000E+00
   1.000000E+00   1.000000E+00   1.000000E+00   1.000000E+00   1.000000E+00
   1.000000E+00   1.000000E+00   1.000000E+00   1.000000E+00   1.000000E+00
   1.000000E+00   1.000000E+00   1.000000E+00   1.000000E+00   1.000000E+00
   1.000000E+00   1.000000E+00   1.000000E+00   1.000000E+00   1.000000E+00
   1.000000E+00   1.000000E+00   1.000000E+00   1.000000E+00   1.000000E+00
   1.000000E+00   1.000000E+00   1.000000E+00   1.000000E+00   1.000000E+00
   1.000000E+00   1.000000E+00   1.000000E+00   1.000000E+00   1.000000E+00
   1.000000E+00   1.000000E+00   1.000000E+00   1.000000E+00   1.000000E+00
   1.000000E+00   1.000000E+00   1.000000E+00   1.000000E+00   1.000000E+00
   1.000000E+00   1.000000E+00   1.000000E+00   1.000000E+00   1.000000E+00
   1.000000E+00   1.000000E+00   1.000000E+00   1.000000E+00   1.000000E+00
   1.000000E+00   1.000000E+00   1.000000E+00   1.000000E+00   1.000000E+00
   1.000000E+00   1.000000E+00   1.000000E+00   1.000000E+00   1.000000E+00
   1.000000E+00   1.000000E+00   1.000000E+00   1.000000E+00   1.000000E+00
   1.000000E+00   1.000000E+00   1.000000E+00   1.000000E+00   1.000000E+00
   1.000000E+00   1.000000E+00   1.000000E+00   1.000000E+00   1.000000E+00
   1.000000E+00   1.000000E+00   1.000000E+00   1.000000E+00   1.000000E+00
   1.000000E+00   1.000000E+00   1.000000E+00   1.000000E+00   1.000000E+00
   1.000000E+00   1.000000E+00   1.000000E+00   1.000000E+00   1.000000E+00
   1.000000E+00   1.000000E+00   1.000000E+00   1.000000E+00   1.000000E+00
   1.000000E+00   1.000000E+00   1.000000E+00   1.000000E+00   1.000000E+00
   1.000000E+00   1.000000E+00   1.000000E+00   1.000000E+00   1.000000E+00
   1.000000E+00   1.000000E+00   1.000000E+00   1.000000E+00   1.000000E+00
   1.000000E+00   1.000000E+00   1.000000E+00   1.000000E+00   1.000000E+00
   1.000000E+00   1.000000E+00   1.000000E+00   1.000000E+00   1.000000E+00
   1.000000E+00   1.000000E+00   1.000000E+00   1.000000E+00   1.000000E+00
   1.000000E+00   1.000000E+00   1.000000E+00   1.000000E+00   1.000000E+00
   1.000000E+00   1.000000E+00   1.000000E+00   1.000000E+00   1.000000E+00
   1.000000E+00   1.000000E+00   1.000000E+00   1.000000E+00   1.000000E+00
   1.000000E+00   1.000000E+00   1.000000E+00   1.000000E+00   1.000000E+00
   1.000000E+00   1.000000E+00   1.000000E+00   1.000000E+00   1.000000E+00
   1.000000E+00   1.000000E+00   1.000000E+00   1.000000E+00   1.000000E+00
   1.000000E+00   1.000000E+00   1.000000E+00   1.000000E+00   1.000000E+00
   1.000000E+00   1.000000E+00   1.000000E+00   1.000000E+00   1.000000E+00
   1.000000E+00   1.000000E+00   1.000000E+00   1.000000E+00   1.000000E+00
   1.000000E+00   1.000000E+00   1.000000E+00   1.000000E+00   1.000000E+00
   1.000000E+00   1.000000E+00   1.000000E+00   1.000000E+00   1.000000E+00
   1.000000E+00   1.000000E+00   1.000000E+00   1.000000E+00   1.000000E+00
   1.000000E+00   1.000000E+00   1.000000E+00   1.000000E+00   1.000000E+00
   1.000000E+00   1.000000E+00   1.000000E+00   1.000000E+00   1.000000E+00
   1.000000E+00   1.000000E+00   1.000000E+00   1.000000E+00   1.000000E+00
   1.000000E+00   1.000000E+00   1.000000E+00   1.000000E+00   1.000000E+00
   1.000000E+00   1.000000E+00   1.000000E+00   1.000000E+00   1.000000E+00
   1.000000E+00   1.000000E+00   1.000000E+00   1.000000E+00   1.000000E+00
   1.000000E+00   1.000000E+00   1.000000E+00   1.000000E+00   1.000000E+00
   1.000000E+00   1.000000E+00   1.000000E+00   1.000000E+00   1.000000E+00
   1.000000E+00   1.000000E+00   1.000000E+00   1.000000E+00   1.000000E+00
   1.000000E+00   1.000000E+00   1.000000E+00   1.000000E+00   1.000000E+00
   1.000000E+00   1.000000E+00   1.000000E+00   1.000000E+00   1.000000E+00
   1.000000E+00   1.000000E+00   1.000000E+00   1.000000E+00   1.000000E+00
   1.000000E+00   1.000000E+00   1.000000E+00   1.000000E+00   1.000000E+00
   1.000000E+00   1.000000E+00   1.000000E+00   1.000000E+00   1.000000E+00
   1.000000E+00   1.000000E+00   1.000000E+00   1.000000E+00   1.000000E+00
   1.000000E+00   1.000000E+00   1.000000E+00   1.000000E+00   1.000000E+00
   1.000000E+00   1.000000E+00   1.000000E+00   1.000000E+00   1.000000E+00
   1.000000E+00   1.000000E+00   1.000000E+00   1.000000E+00   1.000000E+00
   1.000000E+00   1.000000E+00   1.000000E+00   1.000000E+00   1.000000E+00
   1.000000E+00   1.000000E+00   1.000000E+00   1.000000E+00   1.000000E+00
   1.000000E+00   1.000000E+00   1.000000E+00   1.000000E+00   1.000000E+00
   1.000000E+00   1.000000E+00   1.000000E+00   1.000000E+00   1.000000E+00
   1.000000E+00   1.000000E+00   1.000000E+00   1.000000E+00   1.000000E+00
   1.000000E+00   1.000000E+00   1.000000E+00   1.000000E+00   1.000000E+00
   1.000000E+00   1.000000E+00   1.000000E+00   1.000000E+00   1.000000E+00
   1.000000E+00   1.000000E+00   1.000000E+00   1.000000E+00   1.000000E+00
   1.000000E+00   1.000000E+00   1.000000E+00   1.000000E+00   1.000000E+00
   1.000000E+00   1.000000E+00   1.000000E+00   1.000000E+00   1.000000E+00
   1.000000E+00   1.000000E+00   1.000000E+00   1.000000E+00   1.000000E+00
   1.000000E+00   1.000000E+00   1.000000E+00   1.000000E+00   1.000000E+00
   1.000000E+00   1.000000E+00   1.000000E+00   1.000000E+00   1.000000E+00
   1.000000E+00   1.000000E+00   1.000000E+00   1.000000E+00   1.000000E+00
   1.000000E+00   1.000000E+00   1.000000E+00   1.000000E+00   1.000000E+00
   1.000000E+00   1.000000E+00   1.000000E+00   1.000000E+00   1.000000E+00
   1.000000E+00   1.000000E+00   1.000000E+00   1.000000E+00   1.000000E+00
   1.000000E+00   1.000000E+00   1.000000E+00   1.000000E+00   1.000000E+00
   1.000000E+00   1.000000E+00   1.000000E+00   1.000000E+00   1.000000E+00
   1.000000E+00   1.000000E+00   1.000000E+00   1.000000E+00   1.000000E+00
   1.000000E+00   1.000000E+00   1.000000E+00   1.000000E+00   1.000000E+00
   1.000000E+00   1.000000E+00   1.000000E+00   1.000000E+00   1.000000E+00
   1.000000E+00   1.000000E+00   1.000000E+00   1.000000E+00   1.000000E+00
   1.000000E+00   1.000000E+00   1.000000E+00   1.000000E+00   1.000000E+00
   1.000000E+00   1.000000E+00   1.000000E+00   1.000000E+00   1.000000E+00
   1.000000E+00   1.000000E+00   1.000000E+00   1.000000E+00   1.000000E+00
   1.000000E+00   1.000000E+00   1.000000E+00   1.000000E+00   1.000000E+00
   1.000000E+00   1.000000E+00   1.000000E+00   1.000000E+00   1.000000E+00
   1.000000E+00   1.000000E+00   1.000000E+00   1.000000E+00   1.000000E+00
   1.000000E+00   1.000000E+00   1.000000E+00   1.000000E+00   1.000000E+00
   1.000000E+00   1.000000E+00   1.000000E+00   1.000000E+00   1.000000E+00
   1.000000E+00   1.000000E+00   1.000000E+00   1.000000E+00   1.000000E+00
   1.000000E+00   1.000000E+00   1.000000E+00   1.000000E+00   1.000000E+00
   1.000000E+00   1.000000E+00   1.000000E+00   1.000000E+00   1.000000E+00
   1.000000E+00   1.000000E+00   1.000000E+00   1.000000E+00   1.000000E+00
   1.000000E+00   1.000000E+00   1.000000E+00   1.000000E+00   1.000000E+00
   1.000000E+00   1.000000E+00   1.000000E+00   1.000000E+00   1.000000E+00
   1.000000E+00   1.000000E+00   1.000000E+00   1.000000E+00   1.000000E+00
   1.000000E+00   1.000000E+00   1.000000E+00   1.000000E+00   1.000000E+00
   1.000000E+00   1.000000E+00   1.000000E+00   1.000000E+00   1.000000E+00
   1.000000E+00   1.000000E+00   1.000000E+00   1.000000E+00   1.000000E+00
   1.000000E+00   1.000000E+00   1.000000E+00   1.000000E+00   1.000000E+00
   1.000000E+00   1.000000E+00   1.000000E+00   1.000000E+00   1.000000E+00
   1.000000E+00   1.000000E+00   1.000000E+00   1.000000E+00   1.000000E+00
   1.000000E+00   1.000000E+00   1.000000E+00   1.000000E+00   1.000000E+00
   1.000000E+00
