      0  0.00000000E+00     NSTEP   TIME
 SURFACE NODE              X              Y             SW
            1   0.000000E+00   1.000000E+01   5.376402E-01
            2   5.000000E-01   1.000000E+01   5.382853E-01
            3   1.000000E+00   1.000000E+01   5.382853E-01
            4   1.500000E+00   1.000000E+01   5.382421E-01
            5   2.000000E+00   1.000000E+01   5.381990E-01
            6   2.500000E+00   1.000000E+01   5.382421E-01
            7   3.000000E+00   1.000000E+01   5.382421E-01
            8   3.500000E+00   1.000000E+01   5.382853E-01
            9   4.000000E+00   1.000000E+01   5.383717E-01
           10   4.500000E+00   1.000000E+01   5.385014E-01
           11   5.000000E+00   1.000000E+01   5.386747E-01
           12   5.500000E+00   1.000000E+01   5.388919E-01
           13   6.000000E+00   1.000000E+01   5.391531E-01
           14   6.500000E+00   1.000000E+01   5.394152E-01
           15   7.000000E+00   1.000000E+01   5.397220E-01
           16   7.500000E+00   1.000000E+01   5.400740E-01
           17   8.000000E+00   1.000000E+01   5.404717E-01
           18   8.500000E+00   1.000000E+01   5.408713E-01
           19   9.000000E+00   1.000000E+01   5.412280E-01
           20   9.500000E+00   1.000000E+01   5.426246E-01
           21   1.000000E+01   1.000000E+01   5.423978E-01
           22   0.000000E+00   9.500000E+00   5.385880E-01
           23   5.000000E-01   9.500000E+00   5.401181E-01
           24   1.000000E+00   9.500000E+00   5.404274E-01
           25   1.500000E+00   9.500000E+00   5.403389E-01
           26   2.000000E+00   9.500000E+00   5.402947E-01
           27   2.500000E+00   9.500000E+00   5.402947E-01
           28   3.000000E+00   9.500000E+00   5.403389E-01
           29   3.500000E+00   9.500000E+00   5.403832E-01
           30   4.000000E+00   9.500000E+00   5.404274E-01
           31   4.500000E+00   9.500000E+00   5.405603E-01
           32   5.000000E+00   9.500000E+00   5.406047E-01
           33   5.500000E+00   9.500000E+00   5.406935E-01
           34   6.000000E+00   9.500000E+00   5.408268E-01
           35   6.500000E+00   9.500000E+00   5.410049E-01
           36   7.000000E+00   9.500000E+00   5.411387E-01
           37   7.500000E+00   9.500000E+00   5.414070E-01
           38   8.000000E+00   9.500000E+00   5.417210E-01
           39   8.500000E+00   9.500000E+00   5.420813E-01
           40   9.000000E+00   9.500000E+00   5.424884E-01
           41   9.500000E+00   9.500000E+00   5.436296E-01
           42   1.000000E+01   9.500000E+00   5.431713E-01
           43   0.000000E+00   9.000000E+00   5.386314E-01
           44   5.000000E-01   9.000000E+00   5.403389E-01
           45   1.000000E+00   9.000000E+00   5.406935E-01
           46   1.500000E+00   9.000000E+00   5.405603E-01
           47   2.000000E+00   9.000000E+00   5.406935E-01
           48   2.500000E+00   9.000000E+00   5.408268E-01
           49   3.000000E+00   9.000000E+00   5.409158E-01
           50   3.500000E+00   9.000000E+00   5.410941E-01
           51   4.000000E+00   9.000000E+00   5.412280E-01
           52   4.500000E+00   9.000000E+00   5.414070E-01
           53   5.000000E+00   9.000000E+00   5.415863E-01
           54   5.500000E+00   9.000000E+00   5.418559E-01
           55   6.000000E+00   9.000000E+00   5.420813E-01
           56   6.500000E+00   9.000000E+00   5.423978E-01
           57   7.000000E+00   9.000000E+00   5.427609E-01
           58   7.500000E+00   9.000000E+00   5.431713E-01
           59   8.000000E+00   9.000000E+00   5.437215E-01
           60   8.500000E+00   9.000000E+00   5.443216E-01
           61   9.000000E+00   9.000000E+00   5.450191E-01
           62   9.500000E+00   9.000000E+00   5.464312E-01
           63   1.000000E+01   9.000000E+00   5.464312E-01
           64   0.000000E+00   8.500000E+00   5.388049E-01
           65   5.000000E-01   8.500000E+00   5.403389E-01
           66   1.000000E+00   8.500000E+00   5.407823E-01
           67   1.500000E+00   8.500000E+00   5.407379E-01
           68   2.000000E+00   8.500000E+00   5.409158E-01
           69   2.500000E+00   8.500000E+00   5.410941E-01
           70   3.000000E+00   8.500000E+00   5.412727E-01
           71   3.500000E+00   8.500000E+00   5.414517E-01
           72   4.000000E+00   8.500000E+00   5.417210E-01
           73   4.500000E+00   8.500000E+00   5.419460E-01
           74   5.000000E+00   8.500000E+00   5.422168E-01
           75   5.500000E+00   8.500000E+00   5.425792E-01
           76   6.000000E+00   8.500000E+00   5.429887E-01
           77   6.500000E+00   8.500000E+00   5.434460E-01
           78   7.000000E+00   8.500000E+00   5.439518E-01
           79   7.500000E+00   8.500000E+00   5.445999E-01
           80   8.000000E+00   8.500000E+00   5.453934E-01
           81   8.500000E+00   8.500000E+00   5.463363E-01
           82   9.000000E+00   8.500000E+00   5.473374E-01
           83   9.500000E+00   8.500000E+00   5.491295E-01
           84   1.000000E+01   8.500000E+00   5.490317E-01
           85   0.000000E+00   8.000000E+00   5.391968E-01
           86   5.000000E-01   8.000000E+00   5.405603E-01
           87   1.000000E+00   8.000000E+00   5.411834E-01
           88   1.500000E+00   8.000000E+00   5.411834E-01
           89   2.000000E+00   8.000000E+00   5.414517E-01
           90   2.500000E+00   8.000000E+00   5.416761E-01
           91   3.000000E+00   8.000000E+00   5.419460E-01
           92   3.500000E+00   8.000000E+00   5.422168E-01
           93   4.000000E+00   8.000000E+00   5.425338E-01
           94   4.500000E+00   8.000000E+00   5.428975E-01
           95   5.000000E+00   8.000000E+00   5.433085E-01
           96   5.500000E+00   8.000000E+00   5.438136E-01
           97   6.000000E+00   8.000000E+00   5.444143E-01
           98   6.500000E+00   8.000000E+00   5.450658E-01
           99   7.000000E+00   8.000000E+00   5.458636E-01
          100   7.500000E+00   8.000000E+00   5.468116E-01
          101   8.000000E+00   8.000000E+00   5.479147E-01
          102   8.500000E+00   8.000000E+00   5.491784E-01
          103   9.000000E+00   8.000000E+00   5.506594E-01
          104   9.500000E+00   8.000000E+00   5.528771E-01
          105   1.000000E+01   8.000000E+00   5.529281E-01
          106   0.000000E+00   7.500000E+00   5.398978E-01
          107   5.000000E-01   7.500000E+00   5.409158E-01
          108   1.000000E+00   7.500000E+00   5.416761E-01
          109   1.500000E+00   7.500000E+00   5.417659E-01
          110   2.000000E+00   7.500000E+00   5.421264E-01
          111   2.500000E+00   7.500000E+00   5.423978E-01
          112   3.000000E+00   7.500000E+00   5.428064E-01
          113   3.500000E+00   7.500000E+00   5.432170E-01
          114   4.000000E+00   7.500000E+00   5.436756E-01
          115   4.500000E+00   7.500000E+00   5.441827E-01
          116   5.000000E+00   7.500000E+00   5.448326E-01
          117   5.500000E+00   7.500000E+00   5.455812E-01
          118   6.000000E+00   7.500000E+00   5.463838E-01
          119   6.500000E+00   7.500000E+00   5.473854E-01
          120   7.000000E+00   7.500000E+00   5.485443E-01
          121   7.500000E+00   7.500000E+00   5.498172E-01
          122   8.000000E+00   7.500000E+00   5.514093E-01
          123   8.500000E+00   7.500000E+00   5.531326E-01
          124   9.000000E+00   7.500000E+00   5.551510E-01
          125   9.500000E+00   7.500000E+00   5.579681E-01
          126   1.000000E+01   7.500000E+00   5.581302E-01
          127   0.000000E+00   7.000000E+00   5.407823E-01
          128   5.000000E-01   7.000000E+00   5.413622E-01
          129   1.000000E+00   7.000000E+00   5.423525E-01
          130   1.500000E+00   7.000000E+00   5.425792E-01
          131   2.000000E+00   7.000000E+00   5.429887E-01
          132   2.500000E+00   7.000000E+00   5.434460E-01
          133   3.000000E+00   7.000000E+00   5.439518E-01
          134   3.500000E+00   7.000000E+00   5.445999E-01
          135   4.000000E+00   7.000000E+00   5.452529E-01
          136   4.500000E+00   7.000000E+00   5.460524E-01
          137   5.000000E+00   7.000000E+00   5.470025E-01
          138   5.500000E+00   7.000000E+00   5.480112E-01
          139   6.000000E+00   7.000000E+00   5.492274E-01
          140   6.500000E+00   7.000000E+00   5.506097E-01
          141   7.000000E+00   7.000000E+00   5.521655E-01
          142   7.500000E+00   7.000000E+00   5.540069E-01
          143   8.000000E+00   7.000000E+00   5.560980E-01
          144   8.500000E+00   7.000000E+00   5.584552E-01
          145   9.000000E+00   7.000000E+00   5.611537E-01
          146   9.500000E+00   7.000000E+00   5.646848E-01
          147   1.000000E+01   7.000000E+00   5.650338E-01
          148   0.000000E+00   6.500000E+00   5.418559E-01
          149   5.000000E-01   6.500000E+00   5.420362E-01
          150   1.000000E+00   6.500000E+00   5.432628E-01
          151   1.500000E+00   6.500000E+00   5.436296E-01
          152   2.000000E+00   6.500000E+00   5.442753E-01
          153   2.500000E+00   6.500000E+00   5.449724E-01
          154   3.000000E+00   6.500000E+00   5.457223E-01
          155   3.500000E+00   6.500000E+00   5.465737E-01
          156   4.000000E+00   6.500000E+00   5.475775E-01
          157   4.500000E+00   6.500000E+00   5.487389E-01
          158   5.000000E+00   6.500000E+00   5.499652E-01
          159   5.500000E+00   6.500000E+00   5.514595E-01
          160   6.000000E+00   6.500000E+00   5.531326E-01
          161   6.500000E+00   6.500000E+00   5.549941E-01
          162   7.000000E+00   6.500000E+00   5.571619E-01
          163   7.500000E+00   6.500000E+00   5.596020E-01
          164   8.000000E+00   6.500000E+00   5.623914E-01
          165   8.500000E+00   6.500000E+00   5.655596E-01
          166   9.000000E+00   6.500000E+00   5.692029E-01
          167   9.500000E+00   6.500000E+00   5.736266E-01
          168   1.000000E+01   6.500000E+00   5.740740E-01
          169   0.000000E+00   6.000000E+00   5.431256E-01
          170   5.000000E-01   6.000000E+00   5.431256E-01
          171   1.000000E+00   6.000000E+00   5.445999E-01
          172   1.500000E+00   6.000000E+00   5.452529E-01
          173   2.000000E+00   6.000000E+00   5.461469E-01
          174   2.500000E+00   6.000000E+00   5.470980E-01
          175   3.000000E+00   6.000000E+00   5.482047E-01
          176   3.500000E+00   6.000000E+00   5.494727E-01
          177   4.000000E+00   6.000000E+00   5.508588E-01
          178   4.500000E+00   6.000000E+00   5.523682E-01
          179   5.000000E+00   6.000000E+00   5.541620E-01
          180   5.500000E+00   6.000000E+00   5.562038E-01
          181   6.000000E+00   6.000000E+00   5.584552E-01
          182   6.500000E+00   6.000000E+00   5.609862E-01
          183   7.000000E+00   6.000000E+00   5.638757E-01
          184   7.500000E+00   6.000000E+00   5.671549E-01
          185   8.000000E+00   6.000000E+00   5.707993E-01
          186   8.500000E+00   6.000000E+00   5.749103E-01
          187   9.000000E+00   6.000000E+00   5.794732E-01
          188   9.500000E+00   6.000000E+00   5.848982E-01
          189   1.000000E+01   6.000000E+00   5.855435E-01
          190   0.000000E+00   5.500000E+00   5.448792E-01
          191   5.000000E-01   5.500000E+00   5.448326E-01
          192   1.000000E+00   5.500000E+00   5.465737E-01
          193   1.500000E+00   5.500000E+00   5.475775E-01
          194   2.000000E+00   5.500000E+00   5.487876E-01
          195   2.500000E+00   5.500000E+00   5.502125E-01
          196   3.000000E+00   5.500000E+00   5.517110E-01
          197   3.500000E+00   5.500000E+00   5.534402E-01
          198   4.000000E+00   5.500000E+00   5.553606E-01
          199   4.500000E+00   5.500000E+00   5.574835E-01
          200   5.000000E+00   5.500000E+00   5.599323E-01
          201   5.500000E+00   5.500000E+00   5.625615E-01
          202   6.000000E+00   5.500000E+00   5.656182E-01
          203   6.500000E+00   5.500000E+00   5.689597E-01
          204   7.000000E+00   5.500000E+00   5.727381E-01
          205   7.500000E+00   5.500000E+00   5.768681E-01
          206   8.000000E+00   5.500000E+00   5.815249E-01
          207   8.500000E+00   5.500000E+00   5.867010E-01
          208   9.000000E+00   5.500000E+00   5.923863E-01
          209   9.500000E+00   5.500000E+00   5.991386E-01
          210   1.000000E+01   5.500000E+00   5.998797E-01
          211   0.000000E+00   5.000000E+00   5.473854E-01
          212   5.000000E-01   5.000000E+00   5.473374E-01
          213   1.000000E+00   5.000000E+00   5.494727E-01
          214   1.500000E+00   5.000000E+00   5.509586E-01
          215   2.000000E+00   5.000000E+00   5.526732E-01
          216   2.500000E+00   5.000000E+00   5.545771E-01
          217   3.000000E+00   5.000000E+00   5.566284E-01
          218   3.500000E+00   5.000000E+00   5.589995E-01
          219   4.000000E+00   5.000000E+00   5.615457E-01
          220   4.500000E+00   5.000000E+00   5.644529E-01
          221   5.000000E+00   5.000000E+00   5.676328E-01
          222   5.500000E+00   5.000000E+00   5.711715E-01
          223   6.000000E+00   5.000000E+00   5.750396E-01
          224   6.500000E+00   5.000000E+00   5.792703E-01
          225   7.000000E+00   5.000000E+00   5.840442E-01
          226   7.500000E+00   5.000000E+00   5.892054E-01
          227   8.000000E+00   5.000000E+00   5.949562E-01
          228   8.500000E+00   5.000000E+00   6.015453E-01
          229   9.000000E+00   5.000000E+00   6.087481E-01
          230   9.500000E+00   5.000000E+00   6.170388E-01
          231   1.000000E+01   5.000000E+00   6.178152E-01
          232   0.000000E+00   4.500000E+00   5.509586E-01
          233   5.000000E-01   4.500000E+00   5.510586E-01
          234   1.000000E+00   4.500000E+00   5.535944E-01
          235   1.500000E+00   4.500000E+00   5.556759E-01
          236   2.000000E+00   4.500000E+00   5.579681E-01
          237   2.500000E+00   4.500000E+00   5.605410E-01
          238   3.000000E+00   4.500000E+00   5.633592E-01
          239   3.500000E+00   4.500000E+00   5.664426E-01
          240   4.000000E+00   4.500000E+00   5.698750E-01
          241   4.500000E+00   4.500000E+00   5.736266E-01
          242   5.000000E+00   4.500000E+00   5.776623E-01
          243   5.500000E+00   4.500000E+00   5.821488E-01
          244   6.000000E+00   4.500000E+00   5.869925E-01
          245   6.500000E+00   4.500000E+00   5.923094E-01
          246   7.000000E+00   4.500000E+00   5.982399E-01
          247   7.500000E+00   4.500000E+00   6.047833E-01
          248   8.000000E+00   4.500000E+00   6.120271E-01
          249   8.500000E+00   4.500000E+00   6.200778E-01
          250   9.000000E+00   4.500000E+00   6.289593E-01
          251   9.500000E+00   4.500000E+00   6.391575E-01
          252   1.000000E+01   4.500000E+00   6.400972E-01
          253   0.000000E+00   4.000000E+00   5.559395E-01
          254   5.000000E-01   4.000000E+00   5.561509E-01
          255   1.000000E+00   4.000000E+00   5.592729E-01
          256   1.500000E+00   4.000000E+00   5.620522E-01
          257   2.000000E+00   4.000000E+00   5.652087E-01
          258   2.500000E+00   4.000000E+00   5.685960E-01
          259   3.000000E+00   4.000000E+00   5.722969E-01
          260   3.500000E+00   4.000000E+00   5.762766E-01
          261   4.000000E+00   4.000000E+00   5.806306E-01
          262   4.500000E+00   4.000000E+00   5.853279E-01
          263   5.000000E+00   4.000000E+00   5.904811E-01
          264   5.500000E+00   4.000000E+00   5.960659E-01
          265   6.000000E+00   4.000000E+00   6.022189E-01
          266   6.500000E+00   4.000000E+00   6.089277E-01
          267   7.000000E+00   4.000000E+00   6.161717E-01
          268   7.500000E+00   4.000000E+00   6.242264E-01
          269   8.000000E+00   4.000000E+00   6.331114E-01
          270   8.500000E+00   4.000000E+00   6.429610E-01
          271   9.000000E+00   4.000000E+00   6.540733E-01
          272   9.500000E+00   4.000000E+00   6.669883E-01
          273   1.000000E+01   4.000000E+00   6.680146E-01
          274   0.000000E+00   3.500000E+00   5.627887E-01
          275   5.000000E-01   3.500000E+00   5.630735E-01
          276   1.000000E+00   3.500000E+00   5.670358E-01
          277   1.500000E+00   3.500000E+00   5.707374E-01
          278   2.000000E+00   3.500000E+00   5.747166E-01
          279   2.500000E+00   3.500000E+00   5.790679E-01
          280   3.000000E+00   3.500000E+00   5.837611E-01
          281   3.500000E+00   3.500000E+00   5.888333E-01
          282   4.000000E+00   3.500000E+00   5.942490E-01
          283   4.500000E+00   3.500000E+00   6.002937E-01
          284   5.000000E+00   3.500000E+00   6.067916E-01
          285   5.500000E+00   3.500000E+00   6.137979E-01
          286   6.000000E+00   3.500000E+00   6.212764E-01
          287   6.500000E+00   3.500000E+00   6.294973E-01
          288   7.000000E+00   3.500000E+00   6.384574E-01
          289   7.500000E+00   3.500000E+00   6.483926E-01
          290   8.000000E+00   3.500000E+00   6.594697E-01
          291   8.500000E+00   3.500000E+00   6.720496E-01
          292   9.000000E+00   3.500000E+00   6.863119E-01
          293   9.500000E+00   3.500000E+00   7.029784E-01
          294   1.000000E+01   3.500000E+00   7.042338E-01
          295   0.000000E+00   3.000000E+00   5.718576E-01
          296   5.000000E-01   3.000000E+00   5.723598E-01
          297   1.000000E+00   3.000000E+00   5.771321E-01
          298   1.500000E+00   3.000000E+00   5.818710E-01
          299   2.000000E+00   3.000000E+00   5.869195E-01
          300   2.500000E+00   3.000000E+00   5.923863E-01
          301   3.000000E+00   3.000000E+00   5.984027E-01
          302   3.500000E+00   3.000000E+00   6.048699E-01
          303   4.000000E+00   3.000000E+00   6.118423E-01
          304   4.500000E+00   3.000000E+00   6.192856E-01
          305   5.000000E+00   3.000000E+00   6.272542E-01
          306   5.500000E+00   3.000000E+00   6.359251E-01
          307   6.000000E+00   3.000000E+00   6.452770E-01
          308   6.500000E+00   3.000000E+00   6.555346E-01
          309   7.000000E+00   3.000000E+00   6.668424E-01
          310   7.500000E+00   3.000000E+00   6.793779E-01
          311   8.000000E+00   3.000000E+00   6.933792E-01
          312   8.500000E+00   3.000000E+00   7.094837E-01
          313   9.000000E+00   3.000000E+00   7.282498E-01
          314   9.500000E+00   3.000000E+00   7.505385E-01
          315   1.000000E+01   3.000000E+00   7.521089E-01
          316   0.000000E+00   2.500000E+00   5.836199E-01
          317   5.000000E-01   2.500000E+00   5.841860E-01
          318   1.000000E+00   2.500000E+00   5.900290E-01
          319   1.500000E+00   2.500000E+00   5.959863E-01
          320   2.000000E+00   2.500000E+00   6.025573E-01
          321   2.500000E+00   2.500000E+00   6.095587E-01
          322   3.000000E+00   2.500000E+00   6.170388E-01
          323   3.500000E+00   2.500000E+00   6.251576E-01
          324   4.000000E+00   2.500000E+00   6.338926E-01
          325   4.500000E+00   2.500000E+00   6.432028E-01
          326   5.000000E+00   2.500000E+00   6.532833E-01
          327   5.500000E+00   2.500000E+00   6.643857E-01
          328   6.000000E+00   2.500000E+00   6.763673E-01
          329   6.500000E+00   2.500000E+00   6.894819E-01
          330   7.000000E+00   2.500000E+00   7.039475E-01
          331   7.500000E+00   2.500000E+00   7.201222E-01
          332   8.000000E+00   2.500000E+00   7.383586E-01
          333   8.500000E+00   2.500000E+00   7.592919E-01
          334   9.000000E+00   2.500000E+00   7.843687E-01
          335   9.500000E+00   2.500000E+00   8.148534E-01
          336   1.000000E+01   2.500000E+00   8.166968E-01
          337   0.000000E+00   2.000000E+00   5.985658E-01
          338   5.000000E-01   2.000000E+00   5.993029E-01
          339   1.000000E+00   2.000000E+00   6.066155E-01
          340   1.500000E+00   2.000000E+00   6.141743E-01
          341   2.000000E+00   2.000000E+00   6.223864E-01
          342   2.500000E+00   2.000000E+00   6.312357E-01
          343   3.000000E+00   2.000000E+00   6.406883E-01
          344   3.500000E+00   2.000000E+00   6.509427E-01
          345   4.000000E+00   2.000000E+00   6.622559E-01
          346   4.500000E+00   2.000000E+00   6.744998E-01
          347   5.000000E+00   2.000000E+00   6.877176E-01
          348   5.500000E+00   2.000000E+00   7.022039E-01
          349   6.000000E+00   2.000000E+00   7.180765E-01
          350   6.500000E+00   2.000000E+00   7.353149E-01
          351   7.000000E+00   2.000000E+00   7.543216E-01
          352   7.500000E+00   2.000000E+00   7.756616E-01
          353   8.000000E+00   2.000000E+00   7.996195E-01
          354   8.500000E+00   2.000000E+00   8.271031E-01
          355   9.000000E+00   2.000000E+00   8.611314E-01
          356   9.500000E+00   2.000000E+00   9.022331E-01
          357   1.000000E+01   2.000000E+00   9.039653E-01
          358   0.000000E+00   1.500000E+00   6.177179E-01
          359   5.000000E-01   1.500000E+00   6.184990E-01
          360   1.000000E+00   1.500000E+00   6.275720E-01
          361   1.500000E+00   1.500000E+00   6.372997E-01
          362   2.000000E+00   1.500000E+00   6.476376E-01
          363   2.500000E+00   1.500000E+00   6.590570E-01
          364   3.000000E+00   1.500000E+00   6.715951E-01
          365   3.500000E+00   1.500000E+00   6.852042E-01
          366   4.000000E+00   1.500000E+00   7.001462E-01
          367   4.500000E+00   1.500000E+00   7.167001E-01
          368   5.000000E+00   1.500000E+00   7.348713E-01
          369   5.500000E+00   1.500000E+00   7.547939E-01
          370   6.000000E+00   1.500000E+00   7.766983E-01
          371   6.500000E+00   1.500000E+00   7.998873E-01
          372   7.000000E+00   1.500000E+00   8.258132E-01
          373   7.500000E+00   1.500000E+00   8.551757E-01
          374   8.000000E+00   1.500000E+00   8.862588E-01
          375   8.500000E+00   1.500000E+00   9.176924E-01
          376   9.000000E+00   1.500000E+00   9.674497E-01
          377   9.500000E+00   1.500000E+00   1.000000E+00
          378   1.000000E+01   1.500000E+00   1.000000E+00
          379   0.000000E+00   1.000000E+00   6.419989E-01
          380   5.000000E-01   1.000000E+00   6.429610E-01
          381   1.000000E+00   1.000000E+00   6.544701E-01
          382   1.500000E+00   1.000000E+00   6.671344E-01
          383   2.000000E+00   1.000000E+00   6.810708E-01
          384   2.500000E+00   1.000000E+00   6.962972E-01
          385   3.000000E+00   1.000000E+00   7.133327E-01
          386   3.500000E+00   1.000000E+00   7.322127E-01
          387   4.000000E+00   1.000000E+00   7.531727E-01
          388   4.500000E+00   1.000000E+00   7.766092E-01
          389   5.000000E+00   1.000000E+00   8.028562E-01
          390   5.500000E+00   1.000000E+00   8.322198E-01
          391   6.000000E+00   1.000000E+00   8.655291E-01
          392   6.500000E+00   1.000000E+00   8.947440E-01
          393   7.000000E+00   1.000000E+00   9.337390E-01
          394   7.500000E+00   1.000000E+00   9.790975E-01
          395   8.000000E+00   1.000000E+00   1.000000E+00
          396   8.500000E+00   1.000000E+00   1.000000E+00
          397   9.000000E+00   1.000000E+00   1.000000E+00
          398   9.500000E+00   1.000000E+00   1.000000E+00
          399   1.000000E+01   1.000000E+00   1.000000E+00
          400   0.000000E+00   5.000000E-01   6.741910E-01
          401   5.000000E-01   5.000000E-01   6.752747E-01
          402   1.000000E+00   5.000000E-01   6.907633E-01
          403   1.500000E+00   5.000000E-01   7.078891E-01
          404   2.000000E+00   5.000000E-01   7.270911E-01
          405   2.500000E+00   5.000000E-01   7.485514E-01
          406   3.000000E+00   5.000000E-01   7.727603E-01
          407   3.500000E+00   5.000000E-01   8.002896E-01
          408   4.000000E+00   5.000000E-01   8.313268E-01
          409   4.500000E+00   5.000000E-01   8.662836E-01
          410   5.000000E+00   5.000000E-01   9.051073E-01
          411   5.500000E+00   5.000000E-01   9.476878E-01
          412   6.000000E+00   5.000000E-01   1.000000E+00
          413   6.500000E+00   5.000000E-01   1.000000E+00
          414   7.000000E+00   5.000000E-01   1.000000E+00
          415   7.500000E+00   5.000000E-01   1.000000E+00
          416   8.000000E+00   5.000000E-01   1.000000E+00
          417   8.500000E+00   5.000000E-01   1.000000E+00
          418   9.000000E+00   5.000000E-01   1.000000E+00
          419   9.500000E+00   5.000000E-01   1.000000E+00
          420   1.000000E+01   5.000000E-01   1.000000E+00
          421   0.000000E+00   0.000000E+00   6.871062E-01
          422   5.000000E-01   0.000000E+00   6.925488E-01
          423   1.000000E+00   0.000000E+00   7.103770E-01
          424   1.500000E+00   0.000000E+00   7.302529E-01
          425   2.000000E+00   0.000000E+00   7.525751E-01
          426   2.500000E+00   0.000000E+00   7.778604E-01
          427   3.000000E+00   0.000000E+00   8.066983E-01
          428   3.500000E+00   0.000000E+00   8.394085E-01
          429   4.000000E+00   0.000000E+00   8.765019E-01
          430   4.500000E+00   0.000000E+00   9.171835E-01
          431   5.000000E+00   0.000000E+00   9.587285E-01
          432   5.500000E+00   0.000000E+00   9.921602E-01
          433   6.000000E+00   0.000000E+00   1.000000E+00
          434   6.500000E+00   0.000000E+00   1.000000E+00
          435   7.000000E+00   0.000000E+00   1.000000E+00
          436   7.500000E+00   0.000000E+00   1.000000E+00
          437   8.000000E+00   0.000000E+00   1.000000E+00
          438   8.500000E+00   0.000000E+00   1.000000E+00
          439   9.000000E+00   0.000000E+00   1.000000E+00
          440   9.500000E+00   0.000000E+00   1.000000E+00
          441   1.000000E+01   0.000000E+00   1.000000E+00
      1  1.00000000E-02     NSTEP   TIME
 SURFACE NODE              X              Y             SW
            1   0.000000E+00   1.000000E+01   5.376402E-01
            2   5.000000E-01   1.000000E+01   5.382853E-01
            3   1.000000E+00   1.000000E+01   5.382853E-01
            4   1.500000E+00   1.000000E+01   5.382421E-01
            5   2.000000E+00   1.000000E+01   5.381990E-01
            6   2.500000E+00   1.000000E+01   5.382421E-01
            7   3.000000E+00   1.000000E+01   5.382421E-01
            8   3.500000E+00   1.000000E+01   5.382853E-01
            9   4.000000E+00   1.000000E+01   5.383717E-01
           10   4.500000E+00   1.000000E+01   5.385014E-01
           11   5.000000E+00   1.000000E+01   5.386747E-01
           12   5.500000E+00   1.000000E+01   5.388919E-01
           13   6.000000E+00   1.000000E+01   5.391531E-01
           14   6.500000E+00   1.000000E+01   5.394152E-01
           15   7.000000E+00   1.000000E+01   5.397220E-01
           16   7.500000E+00   1.000000E+01   5.400740E-01
           17   8.000000E+00   1.000000E+01   5.404717E-01
           18   8.500000E+00   1.000000E+01   5.408713E-01
           19   9.000000E+00   1.000000E+01   5.412280E-01
           20   9.500000E+00   1.000000E+01   5.426246E-01
           21   1.000000E+01   1.000000E+01   5.423978E-01
           22   0.000000E+00   9.500000E+00   5.385880E-01
           23   5.000000E-01   9.500000E+00   5.401181E-01
           24   1.000000E+00   9.500000E+00   5.404274E-01
           25   1.500000E+00   9.500000E+00   5.403389E-01
           26   2.000000E+00   9.500000E+00   5.402947E-01
           27   2.500000E+00   9.500000E+00   5.402947E-01
           28   3.000000E+00   9.500000E+00   5.403389E-01
           29   3.500000E+00   9.500000E+00   5.403832E-01
           30   4.000000E+00   9.500000E+00   5.404274E-01
           31   4.500000E+00   9.500000E+00   5.405603E-01
           32   5.000000E+00   9.500000E+00   5.406047E-01
           33   5.500000E+00   9.500000E+00   5.406935E-01
           34   6.000000E+00   9.500000E+00   5.408268E-01
           35   6.500000E+00   9.500000E+00   5.410049E-01
           36   7.000000E+00   9.500000E+00   5.411387E-01
           37   7.500000E+00   9.500000E+00   5.414070E-01
           38   8.000000E+00   9.500000E+00   5.417210E-01
           39   8.500000E+00   9.500000E+00   5.420813E-01
           40   9.000000E+00   9.500000E+00   5.424884E-01
           41   9.500000E+00   9.500000E+00   5.436296E-01
           42   1.000000E+01   9.500000E+00   5.431713E-01
           43   0.000000E+00   9.000000E+00   5.386314E-01
           44   5.000000E-01   9.000000E+00   5.403389E-01
           45   1.000000E+00   9.000000E+00   5.406935E-01
           46   1.500000E+00   9.000000E+00   5.405603E-01
           47   2.000000E+00   9.000000E+00   5.406935E-01
           48   2.500000E+00   9.000000E+00   5.408268E-01
           49   3.000000E+00   9.000000E+00   5.409158E-01
           50   3.500000E+00   9.000000E+00   5.410941E-01
           51   4.000000E+00   9.000000E+00   5.412280E-01
           52   4.500000E+00   9.000000E+00   5.414070E-01
           53   5.000000E+00   9.000000E+00   5.415863E-01
           54   5.500000E+00   9.000000E+00   5.418559E-01
           55   6.000000E+00   9.000000E+00   5.420813E-01
           56   6.500000E+00   9.000000E+00   5.423978E-01
           57   7.000000E+00   9.000000E+00   5.427609E-01
           58   7.500000E+00   9.000000E+00   5.431713E-01
           59   8.000000E+00   9.000000E+00   5.437215E-01
           60   8.500000E+00   9.000000E+00   5.443216E-01
           61   9.000000E+00   9.000000E+00   5.450191E-01
           62   9.500000E+00   9.000000E+00   5.464312E-01
           63   1.000000E+01   9.000000E+00   5.464312E-01
           64   0.000000E+00   8.500000E+00   5.388049E-01
           65   5.000000E-01   8.500000E+00   5.403389E-01
           66   1.000000E+00   8.500000E+00   5.407823E-01
           67   1.500000E+00   8.500000E+00   5.407379E-01
           68   2.000000E+00   8.500000E+00   5.409158E-01
           69   2.500000E+00   8.500000E+00   5.410941E-01
           70   3.000000E+00   8.500000E+00   5.412727E-01
           71   3.500000E+00   8.500000E+00   5.414517E-01
           72   4.000000E+00   8.500000E+00   5.417210E-01
           73   4.500000E+00   8.500000E+00   5.419460E-01
           74   5.000000E+00   8.500000E+00   5.422168E-01
           75   5.500000E+00   8.500000E+00   5.425792E-01
           76   6.000000E+00   8.500000E+00   5.429887E-01
           77   6.500000E+00   8.500000E+00   5.434460E-01
           78   7.000000E+00   8.500000E+00   5.439518E-01
           79   7.500000E+00   8.500000E+00   5.445999E-01
           80   8.000000E+00   8.500000E+00   5.453934E-01
           81   8.500000E+00   8.500000E+00   5.463363E-01
           82   9.000000E+00   8.500000E+00   5.473374E-01
           83   9.500000E+00   8.500000E+00   5.491295E-01
           84   1.000000E+01   8.500000E+00   5.490317E-01
           85   0.000000E+00   8.000000E+00   5.391968E-01
           86   5.000000E-01   8.000000E+00   5.405603E-01
           87   1.000000E+00   8.000000E+00   5.411833E-01
           88   1.500000E+00   8.000000E+00   5.411833E-01
           89   2.000000E+00   8.000000E+00   5.414517E-01
           90   2.500000E+00   8.000000E+00   5.416761E-01
           91   3.000000E+00   8.000000E+00   5.419460E-01
           92   3.500000E+00   8.000000E+00   5.422168E-01
           93   4.000000E+00   8.000000E+00   5.425338E-01
           94   4.500000E+00   8.000000E+00   5.428975E-01
           95   5.000000E+00   8.000000E+00   5.433085E-01
           96   5.500000E+00   8.000000E+00   5.438136E-01
           97   6.000000E+00   8.000000E+00   5.444143E-01
           98   6.500000E+00   8.000000E+00   5.450658E-01
           99   7.000000E+00   8.000000E+00   5.458636E-01
          100   7.500000E+00   8.000000E+00   5.468116E-01
          101   8.000000E+00   8.000000E+00   5.479147E-01
          102   8.500000E+00   8.000000E+00   5.491784E-01
          103   9.000000E+00   8.000000E+00   5.506594E-01
          104   9.500000E+00   8.000000E+00   5.528771E-01
          105   1.000000E+01   8.000000E+00   5.529281E-01
          106   0.000000E+00   7.500000E+00   5.398978E-01
          107   5.000000E-01   7.500000E+00   5.409158E-01
          108   1.000000E+00   7.500000E+00   5.416761E-01
          109   1.500000E+00   7.500000E+00   5.417659E-01
          110   2.000000E+00   7.500000E+00   5.421264E-01
          111   2.500000E+00   7.500000E+00   5.423978E-01
          112   3.000000E+00   7.500000E+00   5.428064E-01
          113   3.500000E+00   7.500000E+00   5.432170E-01
          114   4.000000E+00   7.500000E+00   5.436755E-01
          115   4.500000E+00   7.500000E+00   5.441827E-01
          116   5.000000E+00   7.500000E+00   5.448326E-01
          117   5.500000E+00   7.500000E+00   5.455812E-01
          118   6.000000E+00   7.500000E+00   5.463837E-01
          119   6.500000E+00   7.500000E+00   5.473854E-01
          120   7.000000E+00   7.500000E+00   5.485443E-01
          121   7.500000E+00   7.500000E+00   5.498172E-01
          122   8.000000E+00   7.500000E+00   5.514093E-01
          123   8.500000E+00   7.500000E+00   5.531326E-01
          124   9.000000E+00   7.500000E+00   5.551510E-01
          125   9.500000E+00   7.500000E+00   5.579681E-01
          126   1.000000E+01   7.500000E+00   5.581301E-01
          127   0.000000E+00   7.000000E+00   5.407823E-01
          128   5.000000E-01   7.000000E+00   5.413622E-01
          129   1.000000E+00   7.000000E+00   5.423525E-01
          130   1.500000E+00   7.000000E+00   5.425792E-01
          131   2.000000E+00   7.000000E+00   5.429887E-01
          132   2.500000E+00   7.000000E+00   5.434460E-01
          133   3.000000E+00   7.000000E+00   5.439518E-01
          134   3.500000E+00   7.000000E+00   5.445999E-01
          135   4.000000E+00   7.000000E+00   5.452529E-01
          136   4.500000E+00   7.000000E+00   5.460524E-01
          137   5.000000E+00   7.000000E+00   5.470025E-01
          138   5.500000E+00   7.000000E+00   5.480112E-01
          139   6.000000E+00   7.000000E+00   5.492274E-01
          140   6.500000E+00   7.000000E+00   5.506097E-01
          141   7.000000E+00   7.000000E+00   5.521655E-01
          142   7.500000E+00   7.000000E+00   5.540069E-01
          143   8.000000E+00   7.000000E+00   5.560980E-01
          144   8.500000E+00   7.000000E+00   5.584552E-01
          145   9.000000E+00   7.000000E+00   5.611537E-01
          146   9.500000E+00   7.000000E+00   5.646848E-01
          147   1.000000E+01   7.000000E+00   5.650338E-01
          148   0.000000E+00   6.500000E+00   5.418559E-01
          149   5.000000E-01   6.500000E+00   5.420362E-01
          150   1.000000E+00   6.500000E+00   5.432628E-01
          151   1.500000E+00   6.500000E+00   5.436296E-01
          152   2.000000E+00   6.500000E+00   5.442753E-01
          153   2.500000E+00   6.500000E+00   5.449724E-01
          154   3.000000E+00   6.500000E+00   5.457223E-01
          155   3.500000E+00   6.500000E+00   5.465737E-01
          156   4.000000E+00   6.500000E+00   5.475775E-01
          157   4.500000E+00   6.500000E+00   5.487389E-01
          158   5.000000E+00   6.500000E+00   5.499652E-01
          159   5.500000E+00   6.500000E+00   5.514595E-01
          160   6.000000E+00   6.500000E+00   5.531326E-01
          161   6.500000E+00   6.500000E+00   5.549941E-01
          162   7.000000E+00   6.500000E+00   5.571619E-01
          163   7.500000E+00   6.500000E+00   5.596020E-01
          164   8.000000E+00   6.500000E+00   5.623914E-01
          165   8.500000E+00   6.500000E+00   5.655596E-01
          166   9.000000E+00   6.500000E+00   5.692029E-01
          167   9.500000E+00   6.500000E+00   5.736266E-01
          168   1.000000E+01   6.500000E+00   5.740740E-01
          169   0.000000E+00   6.000000E+00   5.431256E-01
          170   5.000000E-01   6.000000E+00   5.431256E-01
          171   1.000000E+00   6.000000E+00   5.445999E-01
          172   1.500000E+00   6.000000E+00   5.452529E-01
          173   2.000000E+00   6.000000E+00   5.461469E-01
          174   2.500000E+00   6.000000E+00   5.470980E-01
          175   3.000000E+00   6.000000E+00   5.482047E-01
          176   3.500000E+00   6.000000E+00   5.494727E-01
          177   4.000000E+00   6.000000E+00   5.508588E-01
          178   4.500000E+00   6.000000E+00   5.523682E-01
          179   5.000000E+00   6.000000E+00   5.541620E-01
          180   5.500000E+00   6.000000E+00   5.562038E-01
          181   6.000000E+00   6.000000E+00   5.584552E-01
          182   6.500000E+00   6.000000E+00   5.609862E-01
          183   7.000000E+00   6.000000E+00   5.638757E-01
          184   7.500000E+00   6.000000E+00   5.671549E-01
          185   8.000000E+00   6.000000E+00   5.707993E-01
          186   8.500000E+00   6.000000E+00   5.749103E-01
          187   9.000000E+00   6.000000E+00   5.794731E-01
          188   9.500000E+00   6.000000E+00   5.848982E-01
          189   1.000000E+01   6.000000E+00   5.855435E-01
          190   0.000000E+00   5.500000E+00   5.448792E-01
          191   5.000000E-01   5.500000E+00   5.448326E-01
          192   1.000000E+00   5.500000E+00   5.465737E-01
          193   1.500000E+00   5.500000E+00   5.475775E-01
          194   2.000000E+00   5.500000E+00   5.487876E-01
          195   2.500000E+00   5.500000E+00   5.502125E-01
          196   3.000000E+00   5.500000E+00   5.517110E-01
          197   3.500000E+00   5.500000E+00   5.534402E-01
          198   4.000000E+00   5.500000E+00   5.553606E-01
          199   4.500000E+00   5.500000E+00   5.574835E-01
          200   5.000000E+00   5.500000E+00   5.599323E-01
          201   5.500000E+00   5.500000E+00   5.625615E-01
          202   6.000000E+00   5.500000E+00   5.656182E-01
          203   6.500000E+00   5.500000E+00   5.689597E-01
          204   7.000000E+00   5.500000E+00   5.727381E-01
          205   7.500000E+00   5.500000E+00   5.768681E-01
          206   8.000000E+00   5.500000E+00   5.815249E-01
          207   8.500000E+00   5.500000E+00   5.867010E-01
          208   9.000000E+00   5.500000E+00   5.923863E-01
          209   9.500000E+00   5.500000E+00   5.991386E-01
          210   1.000000E+01   5.500000E+00   5.998797E-01
          211   0.000000E+00   5.000000E+00   5.473854E-01
          212   5.000000E-01   5.000000E+00   5.473374E-01
          213   1.000000E+00   5.000000E+00   5.494727E-01
          214   1.500000E+00   5.000000E+00   5.509586E-01
          215   2.000000E+00   5.000000E+00   5.526732E-01
          216   2.500000E+00   5.000000E+00   5.545771E-01
          217   3.000000E+00   5.000000E+00   5.566284E-01
          218   3.500000E+00   5.000000E+00   5.589995E-01
          219   4.000000E+00   5.000000E+00   5.615457E-01
          220   4.500000E+00   5.000000E+00   5.644529E-01
          221   5.000000E+00   5.000000E+00   5.676328E-01
          222   5.500000E+00   5.000000E+00   5.711715E-01
          223   6.000000E+00   5.000000E+00   5.750396E-01
          224   6.500000E+00   5.000000E+00   5.792703E-01
          225   7.000000E+00   5.000000E+00   5.840442E-01
          226   7.500000E+00   5.000000E+00   5.892054E-01
          227   8.000000E+00   5.000000E+00   5.949562E-01
          228   8.500000E+00   5.000000E+00   6.015453E-01
          229   9.000000E+00   5.000000E+00   6.087481E-01
          230   9.500000E+00   5.000000E+00   6.170388E-01
          231   1.000000E+01   5.000000E+00   6.178152E-01
          232   0.000000E+00   4.500000E+00   5.509586E-01
          233   5.000000E-01   4.500000E+00   5.510586E-01
          234   1.000000E+00   4.500000E+00   5.535944E-01
          235   1.500000E+00   4.500000E+00   5.556759E-01
          236   2.000000E+00   4.500000E+00   5.579681E-01
          237   2.500000E+00   4.500000E+00   5.605410E-01
          238   3.000000E+00   4.500000E+00   5.633592E-01
          239   3.500000E+00   4.500000E+00   5.664425E-01
          240   4.000000E+00   4.500000E+00   5.698750E-01
          241   4.500000E+00   4.500000E+00   5.736266E-01
          242   5.000000E+00   4.500000E+00   5.776623E-01
          243   5.500000E+00   4.500000E+00   5.821488E-01
          244   6.000000E+00   4.500000E+00   5.869925E-01
          245   6.500000E+00   4.500000E+00   5.923094E-01
          246   7.000000E+00   4.500000E+00   5.982399E-01
          247   7.500000E+00   4.500000E+00   6.047833E-01
          248   8.000000E+00   4.500000E+00   6.120271E-01
          249   8.500000E+00   4.500000E+00   6.200778E-01
          250   9.000000E+00   4.500000E+00   6.289593E-01
          251   9.500000E+00   4.500000E+00   6.391575E-01
          252   1.000000E+01   4.500000E+00   6.400972E-01
          253   0.000000E+00   4.000000E+00   5.559394E-01
          254   5.000000E-01   4.000000E+00   5.561509E-01
          255   1.000000E+00   4.000000E+00   5.592729E-01
          256   1.500000E+00   4.000000E+00   5.620522E-01
          257   2.000000E+00   4.000000E+00   5.652087E-01
          258   2.500000E+00   4.000000E+00   5.685960E-01
          259   3.000000E+00   4.000000E+00   5.722969E-01
          260   3.500000E+00   4.000000E+00   5.762766E-01
          261   4.000000E+00   4.000000E+00   5.806306E-01
          262   4.500000E+00   4.000000E+00   5.853279E-01
          263   5.000000E+00   4.000000E+00   5.904811E-01
          264   5.500000E+00   4.000000E+00   5.960659E-01
          265   6.000000E+00   4.000000E+00   6.022189E-01
          266   6.500000E+00   4.000000E+00   6.089277E-01
          267   7.000000E+00   4.000000E+00   6.161717E-01
          268   7.500000E+00   4.000000E+00   6.242264E-01
          269   8.000000E+00   4.000000E+00   6.331114E-01
          270   8.500000E+00   4.000000E+00   6.429610E-01
          271   9.000000E+00   4.000000E+00   6.540733E-01
          272   9.500000E+00   4.000000E+00   6.669883E-01
          273   1.000000E+01   4.000000E+00   6.680146E-01
          274   0.000000E+00   3.500000E+00   5.627887E-01
          275   5.000000E-01   3.500000E+00   5.630735E-01
          276   1.000000E+00   3.500000E+00   5.670358E-01
          277   1.500000E+00   3.500000E+00   5.707374E-01
          278   2.000000E+00   3.500000E+00   5.747166E-01
          279   2.500000E+00   3.500000E+00   5.790679E-01
          280   3.000000E+00   3.500000E+00   5.837611E-01
          281   3.500000E+00   3.500000E+00   5.888332E-01
          282   4.000000E+00   3.500000E+00   5.942490E-01
          283   4.500000E+00   3.500000E+00   6.002936E-01
          284   5.000000E+00   3.500000E+00   6.067916E-01
          285   5.500000E+00   3.500000E+00   6.137979E-01
          286   6.000000E+00   3.500000E+00   6.212764E-01
          287   6.500000E+00   3.500000E+00   6.294973E-01
          288   7.000000E+00   3.500000E+00   6.384574E-01
          289   7.500000E+00   3.500000E+00   6.483925E-01
          290   8.000000E+00   3.500000E+00   6.594697E-01
          291   8.500000E+00   3.500000E+00   6.720495E-01
          292   9.000000E+00   3.500000E+00   6.863119E-01
          293   9.500000E+00   3.500000E+00   7.029784E-01
          294   1.000000E+01   3.500000E+00   7.042337E-01
          295   0.000000E+00   3.000000E+00   5.718576E-01
          296   5.000000E-01   3.000000E+00   5.723598E-01
          297   1.000000E+00   3.000000E+00   5.771321E-01
          298   1.500000E+00   3.000000E+00   5.818710E-01
          299   2.000000E+00   3.000000E+00   5.869195E-01
          300   2.500000E+00   3.000000E+00   5.923863E-01
          301   3.000000E+00   3.000000E+00   5.984027E-01
          302   3.500000E+00   3.000000E+00   6.048699E-01
          303   4.000000E+00   3.000000E+00   6.118423E-01
          304   4.500000E+00   3.000000E+00   6.192856E-01
          305   5.000000E+00   3.000000E+00   6.272542E-01
          306   5.500000E+00   3.000000E+00   6.359251E-01
          307   6.000000E+00   3.000000E+00   6.452770E-01
          308   6.500000E+00   3.000000E+00   6.555346E-01
          309   7.000000E+00   3.000000E+00   6.668424E-01
          310   7.500000E+00   3.000000E+00   6.793779E-01
          311   8.000000E+00   3.000000E+00   6.933792E-01
          312   8.500000E+00   3.000000E+00   7.094836E-01
          313   9.000000E+00   3.000000E+00   7.282498E-01
          314   9.500000E+00   3.000000E+00   7.505385E-01
          315   1.000000E+01   3.000000E+00   7.521089E-01
          316   0.000000E+00   2.500000E+00   5.836198E-01
          317   5.000000E-01   2.500000E+00   5.841860E-01
          318   1.000000E+00   2.500000E+00   5.900290E-01
          319   1.500000E+00   2.500000E+00   5.959863E-01
          320   2.000000E+00   2.500000E+00   6.025573E-01
          321   2.500000E+00   2.500000E+00   6.095587E-01
          322   3.000000E+00   2.500000E+00   6.170388E-01
          323   3.500000E+00   2.500000E+00   6.251576E-01
          324   4.000000E+00   2.500000E+00   6.338925E-01
          325   4.500000E+00   2.500000E+00   6.432028E-01
          326   5.000000E+00   2.500000E+00   6.532833E-01
          327   5.500000E+00   2.500000E+00   6.643857E-01
          328   6.000000E+00   2.500000E+00   6.763673E-01
          329   6.500000E+00   2.500000E+00   6.894819E-01
          330   7.000000E+00   2.500000E+00   7.039475E-01
          331   7.500000E+00   2.500000E+00   7.201222E-01
          332   8.000000E+00   2.500000E+00   7.383586E-01
          333   8.500000E+00   2.500000E+00   7.592919E-01
          334   9.000000E+00   2.500000E+00   7.843687E-01
          335   9.500000E+00   2.500000E+00   8.148533E-01
          336   1.000000E+01   2.500000E+00   8.166967E-01
          337   0.000000E+00   2.000000E+00   5.985658E-01
          338   5.000000E-01   2.000000E+00   5.993029E-01
          339   1.000000E+00   2.000000E+00   6.066155E-01
          340   1.500000E+00   2.000000E+00   6.141743E-01
          341   2.000000E+00   2.000000E+00   6.223864E-01
          342   2.500000E+00   2.000000E+00   6.312357E-01
          343   3.000000E+00   2.000000E+00   6.406883E-01
          344   3.500000E+00   2.000000E+00   6.509427E-01
          345   4.000000E+00   2.000000E+00   6.622559E-01
          346   4.500000E+00   2.000000E+00   6.744997E-01
          347   5.000000E+00   2.000000E+00   6.877176E-01
          348   5.500000E+00   2.000000E+00   7.022039E-01
          349   6.000000E+00   2.000000E+00   7.180765E-01
          350   6.500000E+00   2.000000E+00   7.353149E-01
          351   7.000000E+00   2.000000E+00   7.543216E-01
          352   7.500000E+00   2.000000E+00   7.756615E-01
          353   8.000000E+00   2.000000E+00   7.996195E-01
          354   8.500000E+00   2.000000E+00   8.271031E-01
          355   9.000000E+00   2.000000E+00   8.611314E-01
          356   9.500000E+00   2.000000E+00   9.022332E-01
          357   1.000000E+01   2.000000E+00   9.039653E-01
          358   0.000000E+00   1.500000E+00   6.177179E-01
          359   5.000000E-01   1.500000E+00   6.184990E-01
          360   1.000000E+00   1.500000E+00   6.275720E-01
          361   1.500000E+00   1.500000E+00   6.372997E-01
          362   2.000000E+00   1.500000E+00   6.476376E-01
          363   2.500000E+00   1.500000E+00   6.590570E-01
          364   3.000000E+00   1.500000E+00   6.715951E-01
          365   3.500000E+00   1.500000E+00   6.852042E-01
          366   4.000000E+00   1.500000E+00   7.001462E-01
          367   4.500000E+00   1.500000E+00   7.167001E-01
          368   5.000000E+00   1.500000E+00   7.348713E-01
          369   5.500000E+00   1.500000E+00   7.547939E-01
          370   6.000000E+00   1.500000E+00   7.766983E-01
          371   6.500000E+00   1.500000E+00   7.998873E-01
          372   7.000000E+00   1.500000E+00   8.258132E-01
          373   7.500000E+00   1.500000E+00   8.551757E-01
          374   8.000000E+00   1.500000E+00   8.862589E-01
          375   8.500000E+00   1.500000E+00   9.176922E-01
          376   9.000000E+00   1.500000E+00   9.674362E-01
          377   9.500000E+00   1.500000E+00   9.999790E-01
          378   1.000000E+01   1.500000E+00   9.999835E-01
          379   0.000000E+00   1.000000E+00   6.419989E-01
          380   5.000000E-01   1.000000E+00   6.429610E-01
          381   1.000000E+00   1.000000E+00   6.544701E-01
          382   1.500000E+00   1.000000E+00   6.671344E-01
          383   2.000000E+00   1.000000E+00   6.810708E-01
          384   2.500000E+00   1.000000E+00   6.962972E-01
          385   3.000000E+00   1.000000E+00   7.133327E-01
          386   3.500000E+00   1.000000E+00   7.322126E-01
          387   4.000000E+00   1.000000E+00   7.531726E-01
          388   4.500000E+00   1.000000E+00   7.766092E-01
          389   5.000000E+00   1.000000E+00   8.028562E-01
          390   5.500000E+00   1.000000E+00   8.322198E-01
          391   6.000000E+00   1.000000E+00   8.655291E-01
          392   6.500000E+00   1.000000E+00   8.947441E-01
          393   7.000000E+00   1.000000E+00   9.337314E-01
          394   7.500000E+00   1.000000E+00   9.790756E-01
          395   8.000000E+00   1.000000E+00   9.999674E-01
          396   8.500000E+00   1.000000E+00   9.999879E-01
          397   9.000000E+00   1.000000E+00   1.000000E+00
          398   9.500000E+00   1.000000E+00   1.000000E+00
          399   1.000000E+01   1.000000E+00   1.000000E+00
          400   0.000000E+00   5.000000E-01   6.741910E-01
          401   5.000000E-01   5.000000E-01   6.752747E-01
          402   1.000000E+00   5.000000E-01   6.907633E-01
          403   1.500000E+00   5.000000E-01   7.078891E-01
          404   2.000000E+00   5.000000E-01   7.270911E-01
          405   2.500000E+00   5.000000E-01   7.485513E-01
          406   3.000000E+00   5.000000E-01   7.727603E-01
          407   3.500000E+00   5.000000E-01   8.002895E-01
          408   4.000000E+00   5.000000E-01   8.313268E-01
          409   4.500000E+00   5.000000E-01   8.662835E-01
          410   5.000000E+00   5.000000E-01   9.051073E-01
          411   5.500000E+00   5.000000E-01   9.476876E-01
          412   6.000000E+00   5.000000E-01   9.999701E-01
          413   6.500000E+00   5.000000E-01   9.999936E-01
          414   7.000000E+00   5.000000E-01   1.000000E+00
          415   7.500000E+00   5.000000E-01   1.000000E+00
          416   8.000000E+00   5.000000E-01   1.000000E+00
          417   8.500000E+00   5.000000E-01   1.000000E+00
          418   9.000000E+00   5.000000E-01   1.000000E+00
          419   9.500000E+00   5.000000E-01   1.000000E+00
          420   1.000000E+01   5.000000E-01   1.000000E+00
          421   0.000000E+00   0.000000E+00   6.871062E-01
          422   5.000000E-01   0.000000E+00   6.925488E-01
          423   1.000000E+00   0.000000E+00   7.103770E-01
          424   1.500000E+00   0.000000E+00   7.302528E-01
          425   2.000000E+00   0.000000E+00   7.525751E-01
          426   2.500000E+00   0.000000E+00   7.778604E-01
          427   3.000000E+00   0.000000E+00   8.066983E-01
          428   3.500000E+00   0.000000E+00   8.394085E-01
          429   4.000000E+00   0.000000E+00   8.765018E-01
          430   4.500000E+00   0.000000E+00   9.171834E-01
          431   5.000000E+00   0.000000E+00   9.587285E-01
          432   5.500000E+00   0.000000E+00   9.921601E-01
          433   6.000000E+00   0.000000E+00   1.000000E+00
          434   6.500000E+00   0.000000E+00   1.000000E+00
          435   7.000000E+00   0.000000E+00   1.000000E+00
          436   7.500000E+00   0.000000E+00   1.000000E+00
          437   8.000000E+00   0.000000E+00   1.000000E+00
          438   8.500000E+00   0.000000E+00   1.000000E+00
          439   9.000000E+00   0.000000E+00   1.000000E+00
          440   9.500000E+00   0.000000E+00   1.000000E+00
          441   1.000000E+01   0.000000E+00   1.000000E+00
   1031  9.60000000E+03     NSTEP   TIME
 SURFACE NODE              X              Y             SW
            1   0.000000E+00   1.000000E+01   5.339532E-01
            2   5.000000E-01   1.000000E+01   5.345419E-01
            3   1.000000E+00   1.000000E+01   5.345288E-01
            4   1.500000E+00   1.000000E+01   5.344509E-01
            5   2.000000E+00   1.000000E+01   5.344048E-01
            6   2.500000E+00   1.000000E+01   5.343839E-01
            7   3.000000E+00   1.000000E+01   5.343697E-01
            8   3.500000E+00   1.000000E+01   5.344111E-01
            9   4.000000E+00   1.000000E+01   5.344564E-01
           10   4.500000E+00   1.000000E+01   5.345591E-01
           11   5.000000E+00   1.000000E+01   5.347150E-01
           12   5.500000E+00   1.000000E+01   5.349222E-01
           13   6.000000E+00   1.000000E+01   5.351564E-01
           14   6.500000E+00   1.000000E+01   5.354099E-01
           15   7.000000E+00   1.000000E+01   5.357226E-01
           16   7.500000E+00   1.000000E+01   5.360742E-01
           17   8.000000E+00   1.000000E+01   5.364789E-01
           18   8.500000E+00   1.000000E+01   5.369412E-01
           19   9.000000E+00   1.000000E+01   5.373153E-01
           20   9.500000E+00   1.000000E+01   5.386503E-01
           21   1.000000E+01   1.000000E+01   5.385428E-01
           22   0.000000E+00   9.500000E+00   5.348535E-01
           23   5.000000E-01   9.500000E+00   5.362447E-01
           24   1.000000E+00   9.500000E+00   5.365436E-01
           25   1.500000E+00   9.500000E+00   5.364095E-01
           26   2.000000E+00   9.500000E+00   5.363696E-01
           27   2.500000E+00   9.500000E+00   5.363775E-01
           28   3.000000E+00   9.500000E+00   5.363937E-01
           29   3.500000E+00   9.500000E+00   5.364181E-01
           30   4.000000E+00   9.500000E+00   5.364919E-01
           31   4.500000E+00   9.500000E+00   5.365907E-01
           32   5.000000E+00   9.500000E+00   5.366520E-01
           33   5.500000E+00   9.500000E+00   5.367689E-01
           34   6.000000E+00   9.500000E+00   5.369012E-01
           35   6.500000E+00   9.500000E+00   5.370770E-01
           36   7.000000E+00   9.500000E+00   5.372329E-01
           37   7.500000E+00   9.500000E+00   5.375020E-01
           38   8.000000E+00   9.500000E+00   5.378145E-01
           39   8.500000E+00   9.500000E+00   5.381994E-01
           40   9.000000E+00   9.500000E+00   5.386055E-01
           41   9.500000E+00   9.500000E+00   5.397038E-01
           42   1.000000E+01   9.500000E+00   5.393013E-01
           43   0.000000E+00   9.000000E+00   5.348005E-01
           44   5.000000E-01   9.000000E+00   5.364050E-01
           45   1.000000E+00   9.000000E+00   5.367450E-01
           46   1.500000E+00   9.000000E+00   5.366038E-01
           47   2.000000E+00   9.000000E+00   5.367187E-01
           48   2.500000E+00   9.000000E+00   5.368287E-01
           49   3.000000E+00   9.000000E+00   5.369276E-01
           50   3.500000E+00   9.000000E+00   5.370899E-01
           51   4.000000E+00   9.000000E+00   5.372494E-01
           52   4.500000E+00   9.000000E+00   5.374149E-01
           53   5.000000E+00   9.000000E+00   5.376242E-01
           54   5.500000E+00   9.000000E+00   5.378866E-01
           55   6.000000E+00   9.000000E+00   5.381309E-01
           56   6.500000E+00   9.000000E+00   5.384589E-01
           57   7.000000E+00   9.000000E+00   5.388135E-01
           58   7.500000E+00   9.000000E+00   5.392513E-01
           59   8.000000E+00   9.000000E+00   5.397699E-01
           60   8.500000E+00   9.000000E+00   5.403931E-01
           61   9.000000E+00   9.000000E+00   5.410695E-01
           62   9.500000E+00   9.000000E+00   5.424575E-01
           63   1.000000E+01   9.000000E+00   5.424527E-01
           64   0.000000E+00   8.500000E+00   5.348833E-01
           65   5.000000E-01   8.500000E+00   5.363758E-01
           66   1.000000E+00   8.500000E+00   5.367955E-01
           67   1.500000E+00   8.500000E+00   5.367364E-01
           68   2.000000E+00   8.500000E+00   5.369174E-01
           69   2.500000E+00   8.500000E+00   5.371026E-01
           70   3.000000E+00   8.500000E+00   5.372921E-01
           71   3.500000E+00   8.500000E+00   5.374818E-01
           72   4.000000E+00   8.500000E+00   5.377413E-01
           73   4.500000E+00   8.500000E+00   5.379882E-01
           74   5.000000E+00   8.500000E+00   5.382829E-01
           75   5.500000E+00   8.500000E+00   5.386316E-01
           76   6.000000E+00   8.500000E+00   5.390210E-01
           77   6.500000E+00   8.500000E+00   5.394884E-01
           78   7.000000E+00   8.500000E+00   5.400322E-01
           79   7.500000E+00   8.500000E+00   5.406564E-01
           80   8.000000E+00   8.500000E+00   5.414602E-01
           81   8.500000E+00   8.500000E+00   5.423560E-01
           82   9.000000E+00   8.500000E+00   5.433603E-01
           83   9.500000E+00   8.500000E+00   5.451068E-01
           84   1.000000E+01   8.500000E+00   5.450224E-01
           85   0.000000E+00   8.000000E+00   5.352098E-01
           86   5.000000E-01   8.000000E+00   5.365963E-01
           87   1.000000E+00   8.000000E+00   5.371723E-01
           88   1.500000E+00   8.000000E+00   5.372076E-01
           89   2.000000E+00   8.000000E+00   5.374496E-01
           90   2.500000E+00   8.000000E+00   5.376983E-01
           91   3.000000E+00   8.000000E+00   5.379639E-01
           92   3.500000E+00   8.000000E+00   5.382453E-01
           93   4.000000E+00   8.000000E+00   5.385657E-01
           94   4.500000E+00   8.000000E+00   5.389386E-01
           95   5.000000E+00   8.000000E+00   5.393855E-01
           96   5.500000E+00   8.000000E+00   5.398688E-01
           97   6.000000E+00   8.000000E+00   5.404705E-01
           98   6.500000E+00   8.000000E+00   5.411332E-01
           99   7.000000E+00   8.000000E+00   5.419191E-01
          100   7.500000E+00   8.000000E+00   5.428468E-01
          101   8.000000E+00   8.000000E+00   5.439387E-01
          102   8.500000E+00   8.000000E+00   5.452076E-01
          103   9.000000E+00   8.000000E+00   5.466397E-01
          104   9.500000E+00   8.000000E+00   5.488226E-01
          105   1.000000E+01   8.000000E+00   5.488282E-01
          106   0.000000E+00   7.500000E+00   5.358558E-01
          107   5.000000E-01   7.500000E+00   5.369538E-01
          108   1.000000E+00   7.500000E+00   5.376950E-01
          109   1.500000E+00   7.500000E+00   5.377912E-01
          110   2.000000E+00   7.500000E+00   5.381212E-01
          111   2.500000E+00   7.500000E+00   5.384374E-01
          112   3.000000E+00   7.500000E+00   5.388370E-01
          113   3.500000E+00   7.500000E+00   5.392270E-01
          114   4.000000E+00   7.500000E+00   5.397029E-01
          115   4.500000E+00   7.500000E+00   5.402432E-01
          116   5.000000E+00   7.500000E+00   5.408679E-01
          117   5.500000E+00   7.500000E+00   5.416086E-01
          118   6.000000E+00   7.500000E+00   5.424250E-01
          119   6.500000E+00   7.500000E+00   5.434138E-01
          120   7.000000E+00   7.500000E+00   5.445502E-01
          121   7.500000E+00   7.500000E+00   5.458639E-01
          122   8.000000E+00   7.500000E+00   5.473836E-01
          123   8.500000E+00   7.500000E+00   5.491098E-01
          124   9.000000E+00   7.500000E+00   5.511171E-01
          125   9.500000E+00   7.500000E+00   5.538054E-01
          126   1.000000E+01   7.500000E+00   5.539659E-01
          127   0.000000E+00   7.000000E+00   5.367409E-01
          128   5.000000E-01   7.000000E+00   5.374325E-01
          129   1.000000E+00   7.000000E+00   5.383769E-01
          130   1.500000E+00   7.000000E+00   5.386036E-01
          131   2.000000E+00   7.000000E+00   5.390210E-01
          132   2.500000E+00   7.000000E+00   5.395042E-01
          133   3.000000E+00   7.000000E+00   5.400158E-01
          134   3.500000E+00   7.000000E+00   5.406367E-01
          135   4.000000E+00   7.000000E+00   5.413010E-01
          136   4.500000E+00   7.000000E+00   5.420888E-01
          137   5.000000E+00   7.000000E+00   5.430198E-01
          138   5.500000E+00   7.000000E+00   5.440317E-01
          139   6.000000E+00   7.000000E+00   5.452425E-01
          140   6.500000E+00   7.000000E+00   5.466091E-01
          141   7.000000E+00   7.000000E+00   5.481762E-01
          142   7.500000E+00   7.000000E+00   5.499812E-01
          143   8.000000E+00   7.000000E+00   5.520394E-01
          144   8.500000E+00   7.000000E+00   5.543947E-01
          145   9.000000E+00   7.000000E+00   5.570405E-01
          146   9.500000E+00   7.000000E+00   5.604540E-01
          147   1.000000E+01   7.000000E+00   5.607531E-01
          148   0.000000E+00   6.500000E+00   5.378213E-01
          149   5.000000E-01   6.500000E+00   5.381432E-01
          150   1.000000E+00   6.500000E+00   5.393050E-01
          151   1.500000E+00   6.500000E+00   5.396956E-01
          152   2.000000E+00   6.500000E+00   5.403160E-01
          153   2.500000E+00   6.500000E+00   5.409976E-01
          154   3.000000E+00   6.500000E+00   5.417587E-01
          155   3.500000E+00   6.500000E+00   5.426102E-01
          156   4.000000E+00   6.500000E+00   5.436038E-01
          157   4.500000E+00   6.500000E+00   5.447309E-01
          158   5.000000E+00   6.500000E+00   5.460122E-01
          159   5.500000E+00   6.500000E+00   5.474616E-01
          160   6.000000E+00   6.500000E+00   5.491115E-01
          161   6.500000E+00   6.500000E+00   5.509936E-01
          162   7.000000E+00   6.500000E+00   5.531279E-01
          163   7.500000E+00   6.500000E+00   5.555360E-01
          164   8.000000E+00   6.500000E+00   5.582799E-01
          165   8.500000E+00   6.500000E+00   5.613727E-01
          166   9.000000E+00   6.500000E+00   5.649094E-01
          167   9.500000E+00   6.500000E+00   5.692075E-01
          168   1.000000E+01   6.500000E+00   5.696483E-01
          169   0.000000E+00   6.000000E+00   5.391594E-01
          170   5.000000E-01   6.000000E+00   5.392328E-01
          171   1.000000E+00   6.000000E+00   5.406599E-01
          172   1.500000E+00   6.000000E+00   5.413060E-01
          173   2.000000E+00   6.000000E+00   5.421912E-01
          174   2.500000E+00   6.000000E+00   5.431339E-01
          175   3.000000E+00   6.000000E+00   5.442184E-01
          176   3.500000E+00   6.000000E+00   5.454720E-01
          177   4.000000E+00   6.000000E+00   5.468472E-01
          178   4.500000E+00   6.000000E+00   5.483917E-01
          179   5.000000E+00   6.000000E+00   5.501730E-01
          180   5.500000E+00   6.000000E+00   5.521542E-01
          181   6.000000E+00   6.000000E+00   5.543885E-01
          182   6.500000E+00   6.000000E+00   5.568982E-01
          183   7.000000E+00   6.000000E+00   5.597146E-01
          184   7.500000E+00   6.000000E+00   5.629237E-01
          185   8.000000E+00   6.000000E+00   5.665368E-01
          186   8.500000E+00   6.000000E+00   5.705578E-01
          187   9.000000E+00   6.000000E+00   5.750161E-01
          188   9.500000E+00   6.000000E+00   5.803083E-01
          189   1.000000E+01   6.000000E+00   5.808700E-01
          190   0.000000E+00   5.500000E+00   5.409798E-01
          191   5.000000E-01   5.500000E+00   5.409279E-01
          192   1.000000E+00   5.500000E+00   5.426339E-01
          193   1.500000E+00   5.500000E+00   5.436371E-01
          194   2.000000E+00   5.500000E+00   5.448442E-01
          195   2.500000E+00   5.500000E+00   5.462214E-01
          196   3.000000E+00   5.500000E+00   5.477252E-01
          197   3.500000E+00   5.500000E+00   5.494488E-01
          198   4.000000E+00   5.500000E+00   5.513385E-01
          199   4.500000E+00   5.500000E+00   5.534494E-01
          200   5.000000E+00   5.500000E+00   5.558364E-01
          201   5.500000E+00   5.500000E+00   5.584689E-01
          202   6.000000E+00   5.500000E+00   5.614384E-01
          203   6.500000E+00   5.500000E+00   5.647443E-01
          204   7.000000E+00   5.500000E+00   5.684468E-01
          205   7.500000E+00   5.500000E+00   5.725451E-01
          206   8.000000E+00   5.500000E+00   5.770880E-01
          207   8.500000E+00   5.500000E+00   5.821220E-01
          208   9.000000E+00   5.500000E+00   5.876947E-01
          209   9.500000E+00   5.500000E+00   5.941397E-01
          210   1.000000E+01   5.500000E+00   5.948117E-01
          211   0.000000E+00   5.000000E+00   5.434787E-01
          212   5.000000E-01   5.000000E+00   5.434539E-01
          213   1.000000E+00   5.000000E+00   5.455073E-01
          214   1.500000E+00   5.000000E+00   5.469682E-01
          215   2.000000E+00   5.000000E+00   5.486654E-01
          216   2.500000E+00   5.000000E+00   5.505279E-01
          217   3.000000E+00   5.000000E+00   5.525760E-01
          218   3.500000E+00   5.000000E+00   5.548926E-01
          219   4.000000E+00   5.000000E+00   5.574401E-01
          220   4.500000E+00   5.000000E+00   5.602505E-01
          221   5.000000E+00   5.000000E+00   5.633966E-01
          222   5.500000E+00   5.000000E+00   5.668697E-01
          223   6.000000E+00   5.000000E+00   5.707070E-01
          224   6.500000E+00   5.000000E+00   5.749120E-01
          225   7.000000E+00   5.000000E+00   5.795500E-01
          226   7.500000E+00   5.000000E+00   5.846478E-01
          227   8.000000E+00   5.000000E+00   5.902804E-01
          228   8.500000E+00   5.000000E+00   5.965538E-01
          229   9.000000E+00   5.000000E+00   6.035590E-01
          230   9.500000E+00   5.000000E+00   6.115426E-01
          231   1.000000E+01   5.000000E+00   6.123030E-01
          232   0.000000E+00   4.500000E+00   5.470231E-01
          233   5.000000E-01   4.500000E+00   5.471052E-01
          234   1.000000E+00   4.500000E+00   5.495832E-01
          235   1.500000E+00   4.500000E+00   5.516208E-01
          236   2.000000E+00   4.500000E+00   5.538895E-01
          237   2.500000E+00   4.500000E+00   5.564035E-01
          238   3.000000E+00   4.500000E+00   5.591501E-01
          239   3.500000E+00   4.500000E+00   5.621976E-01
          240   4.000000E+00   4.500000E+00   5.655793E-01
          241   4.500000E+00   4.500000E+00   5.692565E-01
          242   5.000000E+00   4.500000E+00   5.732734E-01
          243   5.500000E+00   4.500000E+00   5.776567E-01
          244   6.000000E+00   4.500000E+00   5.824560E-01
          245   6.500000E+00   4.500000E+00   5.876765E-01
          246   7.000000E+00   4.500000E+00   5.934080E-01
          247   7.500000E+00   4.500000E+00   5.997998E-01
          248   8.000000E+00   4.500000E+00   6.068319E-01
          249   8.500000E+00   4.500000E+00   6.145752E-01
          250   9.000000E+00   4.500000E+00   6.231707E-01
          251   9.500000E+00   4.500000E+00   6.329688E-01
          252   1.000000E+01   4.500000E+00   6.338358E-01
          253   0.000000E+00   4.000000E+00   5.519392E-01
          254   5.000000E-01   4.000000E+00   5.521441E-01
          255   1.000000E+00   4.000000E+00   5.551980E-01
          256   1.500000E+00   4.000000E+00   5.579160E-01
          257   2.000000E+00   4.000000E+00   5.609502E-01
          258   2.500000E+00   4.000000E+00   5.642559E-01
          259   3.000000E+00   4.000000E+00   5.678951E-01
          260   3.500000E+00   4.000000E+00   5.718204E-01
          261   4.000000E+00   4.000000E+00   5.760994E-01
          262   4.500000E+00   4.000000E+00   5.807328E-01
          263   5.000000E+00   4.000000E+00   5.857545E-01
          264   5.500000E+00   4.000000E+00   5.911975E-01
          265   6.000000E+00   4.000000E+00   5.971920E-01
          266   6.500000E+00   4.000000E+00   6.037448E-01
          267   7.000000E+00   4.000000E+00   6.108716E-01
          268   7.500000E+00   4.000000E+00   6.186762E-01
          269   8.000000E+00   4.000000E+00   6.272721E-01
          270   8.500000E+00   4.000000E+00   6.368259E-01
          271   9.000000E+00   4.000000E+00   6.474662E-01
          272   9.500000E+00   4.000000E+00   6.597105E-01
          273   1.000000E+01   4.000000E+00   6.607222E-01
          274   0.000000E+00   3.500000E+00   5.586288E-01
          275   5.000000E-01   3.500000E+00   5.589375E-01
          276   1.000000E+00   3.500000E+00   5.627083E-01
          277   1.500000E+00   3.500000E+00   5.663132E-01
          278   2.000000E+00   3.500000E+00   5.702352E-01
          279   2.500000E+00   3.500000E+00   5.744774E-01
          280   3.000000E+00   3.500000E+00   5.790620E-01
          281   3.500000E+00   3.500000E+00   5.840266E-01
          282   4.000000E+00   3.500000E+00   5.893702E-01
          283   4.500000E+00   3.500000E+00   5.951730E-01
          284   5.000000E+00   3.500000E+00   6.015227E-01
          285   5.500000E+00   3.500000E+00   6.083608E-01
          286   6.000000E+00   3.500000E+00   6.157401E-01
          287   6.500000E+00   3.500000E+00   6.237571E-01
          288   7.000000E+00   3.500000E+00   6.325145E-01
          289   7.500000E+00   3.500000E+00   6.421132E-01
          290   8.000000E+00   3.500000E+00   6.527188E-01
          291   8.500000E+00   3.500000E+00   6.647258E-01
          292   9.000000E+00   3.500000E+00   6.783760E-01
          293   9.500000E+00   3.500000E+00   6.941036E-01
          294   1.000000E+01   3.500000E+00   6.953243E-01
          295   0.000000E+00   3.000000E+00   5.674839E-01
          296   5.000000E-01   3.000000E+00   5.679284E-01
          297   1.000000E+00   3.000000E+00   5.725556E-01
          298   1.500000E+00   3.000000E+00   5.771499E-01
          299   2.000000E+00   3.000000E+00   5.820749E-01
          300   2.500000E+00   3.000000E+00   5.874226E-01
          301   3.000000E+00   3.000000E+00   5.931611E-01
          302   3.500000E+00   3.000000E+00   5.994625E-01
          303   4.000000E+00   3.000000E+00   6.062333E-01
          304   4.500000E+00   3.000000E+00   6.134995E-01
          305   5.000000E+00   3.000000E+00   6.213402E-01
          306   5.500000E+00   3.000000E+00   6.298013E-01
          307   6.000000E+00   3.000000E+00   6.389415E-01
          308   6.500000E+00   3.000000E+00   6.488168E-01
          309   7.000000E+00   3.000000E+00   6.597649E-01
          310   7.500000E+00   3.000000E+00   6.718902E-01
          311   8.000000E+00   3.000000E+00   6.854150E-01
          312   8.500000E+00   3.000000E+00   7.007042E-01
          313   9.000000E+00   3.000000E+00   7.184341E-01
          314   9.500000E+00   3.000000E+00   7.394358E-01
          315   1.000000E+01   3.000000E+00   7.409848E-01
          316   0.000000E+00   2.500000E+00   5.788569E-01
          317   5.000000E-01   2.500000E+00   5.794117E-01
          318   1.000000E+00   2.500000E+00   5.850554E-01
          319   1.500000E+00   2.500000E+00   5.908096E-01
          320   2.000000E+00   2.500000E+00   5.970682E-01
          321   2.500000E+00   2.500000E+00   6.038640E-01
          322   3.000000E+00   2.500000E+00   6.111485E-01
          323   3.500000E+00   2.500000E+00   6.189869E-01
          324   4.000000E+00   2.500000E+00   6.274362E-01
          325   4.500000E+00   2.500000E+00   6.365432E-01
          326   5.000000E+00   2.500000E+00   6.463322E-01
          327   5.500000E+00   2.500000E+00   6.570001E-01
          328   6.000000E+00   2.500000E+00   6.686652E-01
          329   6.500000E+00   2.500000E+00   6.813546E-01
          330   7.000000E+00   2.500000E+00   6.952429E-01
          331   7.500000E+00   2.500000E+00   7.108291E-01
          332   8.000000E+00   2.500000E+00   7.283761E-01
          333   8.500000E+00   2.500000E+00   7.483626E-01
          334   9.000000E+00   2.500000E+00   7.718740E-01
          335   9.500000E+00   2.500000E+00   8.005135E-01
          336   1.000000E+01   2.500000E+00   8.023065E-01
          337   0.000000E+00   2.000000E+00   5.931820E-01
          338   5.000000E-01   2.000000E+00   5.938639E-01
          339   1.000000E+00   2.000000E+00   6.009094E-01
          340   1.500000E+00   2.000000E+00   6.082431E-01
          341   2.000000E+00   2.000000E+00   6.161147E-01
          342   2.500000E+00   2.000000E+00   6.246087E-01
          343   3.000000E+00   2.000000E+00   6.337908E-01
          344   3.500000E+00   2.000000E+00   6.436806E-01
          345   4.000000E+00   2.000000E+00   6.544063E-01
          346   4.500000E+00   2.000000E+00   6.661805E-01
          347   5.000000E+00   2.000000E+00   6.789608E-01
          348   5.500000E+00   2.000000E+00   6.928185E-01
          349   6.000000E+00   2.000000E+00   7.081067E-01
          350   6.500000E+00   2.000000E+00   7.248443E-01
          351   7.000000E+00   2.000000E+00   7.431919E-01
          352   7.500000E+00   2.000000E+00   7.637013E-01
          353   8.000000E+00   2.000000E+00   7.870737E-01
          354   8.500000E+00   2.000000E+00   8.133078E-01
          355   9.000000E+00   2.000000E+00   8.447806E-01
          356   9.500000E+00   2.000000E+00   8.842920E-01
          357   1.000000E+01   2.000000E+00   8.859221E-01
          358   0.000000E+00   1.500000E+00   6.115633E-01
          359   5.000000E-01   1.500000E+00   6.123080E-01
          360   1.000000E+00   1.500000E+00   6.209986E-01
          361   1.500000E+00   1.500000E+00   6.302240E-01
          362   2.000000E+00   1.500000E+00   6.401989E-01
          363   2.500000E+00   1.500000E+00   6.509785E-01
          364   3.000000E+00   1.500000E+00   6.629003E-01
          365   3.500000E+00   1.500000E+00   6.759156E-01
          366   4.000000E+00   1.500000E+00   6.900974E-01
          367   4.500000E+00   1.500000E+00   7.057630E-01
          368   5.000000E+00   1.500000E+00   7.230660E-01
          369   5.500000E+00   1.500000E+00   7.420278E-01
          370   6.000000E+00   1.500000E+00   7.628789E-01
          371   6.500000E+00   1.500000E+00   7.859052E-01
          372   7.000000E+00   1.500000E+00   8.109480E-01
          373   7.500000E+00   1.500000E+00   8.388939E-01
          374   8.000000E+00   1.500000E+00   8.716627E-01
          375   8.500000E+00   1.500000E+00   9.027341E-01
          376   9.000000E+00   1.500000E+00   9.432286E-01
          377   9.500000E+00   1.500000E+00   9.925288E-01
          378   1.000000E+01   1.500000E+00   9.909137E-01
          379   0.000000E+00   1.000000E+00   6.347031E-01
          380   5.000000E-01   1.000000E+00   6.355810E-01
          381   1.000000E+00   1.000000E+00   6.465217E-01
          382   1.500000E+00   1.000000E+00   6.584183E-01
          383   2.000000E+00   1.000000E+00   6.715359E-01
          384   2.500000E+00   1.000000E+00   6.859070E-01
          385   3.000000E+00   1.000000E+00   7.018113E-01
          386   3.500000E+00   1.000000E+00   7.195699E-01
          387   4.000000E+00   1.000000E+00   7.392481E-01
          388   4.500000E+00   1.000000E+00   7.611390E-01
          389   5.000000E+00   1.000000E+00   7.857668E-01
          390   5.500000E+00   1.000000E+00   8.131818E-01
          391   6.000000E+00   1.000000E+00   8.435349E-01
          392   6.500000E+00   1.000000E+00   8.771266E-01
          393   7.000000E+00   1.000000E+00   9.135009E-01
          394   7.500000E+00   1.000000E+00   9.507146E-01
          395   8.000000E+00   1.000000E+00   1.000000E+00
          396   8.500000E+00   1.000000E+00   1.000000E+00
          397   9.000000E+00   1.000000E+00   1.000000E+00
          398   9.500000E+00   1.000000E+00   1.000000E+00
          399   1.000000E+01   1.000000E+00   1.000000E+00
          400   0.000000E+00   5.000000E-01   6.649110E-01
          401   5.000000E-01   5.000000E-01   6.659512E-01
          402   1.000000E+00   5.000000E-01   6.804106E-01
          403   1.500000E+00   5.000000E-01   6.962433E-01
          404   2.000000E+00   5.000000E-01   7.141088E-01
          405   2.500000E+00   5.000000E-01   7.340808E-01
          406   3.000000E+00   5.000000E-01   7.564749E-01
          407   3.500000E+00   5.000000E-01   7.819225E-01
          408   4.000000E+00   5.000000E-01   8.107757E-01
          409   4.500000E+00   5.000000E-01   8.432514E-01
          410   5.000000E+00   5.000000E-01   8.798343E-01
          411   5.500000E+00   5.000000E-01   9.195400E-01
          412   6.000000E+00   5.000000E-01   9.623117E-01
          413   6.500000E+00   5.000000E-01   1.000000E+00
          414   7.000000E+00   5.000000E-01   1.000000E+00
          415   7.500000E+00   5.000000E-01   1.000000E+00
          416   8.000000E+00   5.000000E-01   1.000000E+00
          417   8.500000E+00   5.000000E-01   1.000000E+00
          418   9.000000E+00   5.000000E-01   1.000000E+00
          419   9.500000E+00   5.000000E-01   1.000000E+00
          420   1.000000E+01   5.000000E-01   1.000000E+00
          421   0.000000E+00   0.000000E+00   6.769313E-01
          422   5.000000E-01   0.000000E+00   6.820474E-01
          423   1.000000E+00   0.000000E+00   6.984787E-01
          424   1.500000E+00   0.000000E+00   7.168565E-01
          425   2.000000E+00   0.000000E+00   7.375288E-01
          426   2.500000E+00   0.000000E+00   7.607573E-01
          427   3.000000E+00   0.000000E+00   7.873718E-01
          428   3.500000E+00   0.000000E+00   8.176641E-01
          429   4.000000E+00   0.000000E+00   8.520293E-01
          430   4.500000E+00   0.000000E+00   8.906846E-01
          431   5.000000E+00   0.000000E+00   9.323709E-01
          432   5.500000E+00   0.000000E+00   9.727432E-01
          433   6.000000E+00   0.000000E+00   9.996279E-01
          434   6.500000E+00   0.000000E+00   1.000000E+00
          435   7.000000E+00   0.000000E+00   1.000000E+00
          436   7.500000E+00   0.000000E+00   1.000000E+00
          437   8.000000E+00   0.000000E+00   1.000000E+00
          438   8.500000E+00   0.000000E+00   1.000000E+00
          439   9.000000E+00   0.000000E+00   1.000000E+00
          440   9.500000E+00   0.000000E+00   1.000000E+00
          441   1.000000E+01   0.000000E+00   1.000000E+00
   1031  9.60000000E+03     NSTEP   TIME
 SURFACE NODE              X              Y             SW
            1   0.000000E+00   1.000000E+01   5.339532E-01
            2   5.000000E-01   1.000000E+01   5.345419E-01
            3   1.000000E+00   1.000000E+01   5.345288E-01
            4   1.500000E+00   1.000000E+01   5.344509E-01
            5   2.000000E+00   1.000000E+01   5.344048E-01
            6   2.500000E+00   1.000000E+01   5.343839E-01
            7   3.000000E+00   1.000000E+01   5.343697E-01
            8   3.500000E+00   1.000000E+01   5.344111E-01
            9   4.000000E+00   1.000000E+01   5.344564E-01
           10   4.500000E+00   1.000000E+01   5.345591E-01
           11   5.000000E+00   1.000000E+01   5.347150E-01
           12   5.500000E+00   1.000000E+01   5.349222E-01
           13   6.000000E+00   1.000000E+01   5.351564E-01
           14   6.500000E+00   1.000000E+01   5.354099E-01
           15   7.000000E+00   1.000000E+01   5.357226E-01
           16   7.500000E+00   1.000000E+01   5.360742E-01
           17   8.000000E+00   1.000000E+01   5.364789E-01
           18   8.500000E+00   1.000000E+01   5.369412E-01
           19   9.000000E+00   1.000000E+01   5.373153E-01
           20   9.500000E+00   1.000000E+01   5.386503E-01
           21   1.000000E+01   1.000000E+01   5.385428E-01
           22   0.000000E+00   9.500000E+00   5.348535E-01
           23   5.000000E-01   9.500000E+00   5.362447E-01
           24   1.000000E+00   9.500000E+00   5.365436E-01
           25   1.500000E+00   9.500000E+00   5.364095E-01
           26   2.000000E+00   9.500000E+00   5.363696E-01
           27   2.500000E+00   9.500000E+00   5.363775E-01
           28   3.000000E+00   9.500000E+00   5.363937E-01
           29   3.500000E+00   9.500000E+00   5.364181E-01
           30   4.000000E+00   9.500000E+00   5.364919E-01
           31   4.500000E+00   9.500000E+00   5.365907E-01
           32   5.000000E+00   9.500000E+00   5.366520E-01
           33   5.500000E+00   9.500000E+00   5.367689E-01
           34   6.000000E+00   9.500000E+00   5.369012E-01
           35   6.500000E+00   9.500000E+00   5.370770E-01
           36   7.000000E+00   9.500000E+00   5.372329E-01
           37   7.500000E+00   9.500000E+00   5.375020E-01
           38   8.000000E+00   9.500000E+00   5.378145E-01
           39   8.500000E+00   9.500000E+00   5.381994E-01
           40   9.000000E+00   9.500000E+00   5.386055E-01
           41   9.500000E+00   9.500000E+00   5.397038E-01
           42   1.000000E+01   9.500000E+00   5.393013E-01
           43   0.000000E+00   9.000000E+00   5.348005E-01
           44   5.000000E-01   9.000000E+00   5.364050E-01
           45   1.000000E+00   9.000000E+00   5.367450E-01
           46   1.500000E+00   9.000000E+00   5.366038E-01
           47   2.000000E+00   9.000000E+00   5.367187E-01
           48   2.500000E+00   9.000000E+00   5.368287E-01
           49   3.000000E+00   9.000000E+00   5.369276E-01
           50   3.500000E+00   9.000000E+00   5.370899E-01
           51   4.000000E+00   9.000000E+00   5.372494E-01
           52   4.500000E+00   9.000000E+00   5.374149E-01
           53   5.000000E+00   9.000000E+00   5.376242E-01
           54   5.500000E+00   9.000000E+00   5.378866E-01
           55   6.000000E+00   9.000000E+00   5.381309E-01
           56   6.500000E+00   9.000000E+00   5.384589E-01
           57   7.000000E+00   9.000000E+00   5.388135E-01
           58   7.500000E+00   9.000000E+00   5.392513E-01
           59   8.000000E+00   9.000000E+00   5.397699E-01
           60   8.500000E+00   9.000000E+00   5.403931E-01
           61   9.000000E+00   9.000000E+00   5.410695E-01
           62   9.500000E+00   9.000000E+00   5.424575E-01
           63   1.000000E+01   9.000000E+00   5.424527E-01
           64   0.000000E+00   8.500000E+00   5.348833E-01
           65   5.000000E-01   8.500000E+00   5.363758E-01
           66   1.000000E+00   8.500000E+00   5.367955E-01
           67   1.500000E+00   8.500000E+00   5.367364E-01
           68   2.000000E+00   8.500000E+00   5.369174E-01
           69   2.500000E+00   8.500000E+00   5.371026E-01
           70   3.000000E+00   8.500000E+00   5.372921E-01
           71   3.500000E+00   8.500000E+00   5.374818E-01
           72   4.000000E+00   8.500000E+00   5.377413E-01
           73   4.500000E+00   8.500000E+00   5.379882E-01
           74   5.000000E+00   8.500000E+00   5.382829E-01
           75   5.500000E+00   8.500000E+00   5.386316E-01
           76   6.000000E+00   8.500000E+00   5.390210E-01
           77   6.500000E+00   8.500000E+00   5.394884E-01
           78   7.000000E+00   8.500000E+00   5.400322E-01
           79   7.500000E+00   8.500000E+00   5.406564E-01
           80   8.000000E+00   8.500000E+00   5.414602E-01
           81   8.500000E+00   8.500000E+00   5.423560E-01
           82   9.000000E+00   8.500000E+00   5.433603E-01
           83   9.500000E+00   8.500000E+00   5.451068E-01
           84   1.000000E+01   8.500000E+00   5.450224E-01
           85   0.000000E+00   8.000000E+00   5.352098E-01
           86   5.000000E-01   8.000000E+00   5.365963E-01
           87   1.000000E+00   8.000000E+00   5.371723E-01
           88   1.500000E+00   8.000000E+00   5.372076E-01
           89   2.000000E+00   8.000000E+00   5.374496E-01
           90   2.500000E+00   8.000000E+00   5.376983E-01
           91   3.000000E+00   8.000000E+00   5.379639E-01
           92   3.500000E+00   8.000000E+00   5.382453E-01
           93   4.000000E+00   8.000000E+00   5.385657E-01
           94   4.500000E+00   8.000000E+00   5.389386E-01
           95   5.000000E+00   8.000000E+00   5.393855E-01
           96   5.500000E+00   8.000000E+00   5.398688E-01
           97   6.000000E+00   8.000000E+00   5.404705E-01
           98   6.500000E+00   8.000000E+00   5.411332E-01
           99   7.000000E+00   8.000000E+00   5.419191E-01
          100   7.500000E+00   8.000000E+00   5.428468E-01
          101   8.000000E+00   8.000000E+00   5.439387E-01
          102   8.500000E+00   8.000000E+00   5.452076E-01
          103   9.000000E+00   8.000000E+00   5.466397E-01
          104   9.500000E+00   8.000000E+00   5.488226E-01
          105   1.000000E+01   8.000000E+00   5.488282E-01
          106   0.000000E+00   7.500000E+00   5.358558E-01
          107   5.000000E-01   7.500000E+00   5.369538E-01
          108   1.000000E+00   7.500000E+00   5.376950E-01
          109   1.500000E+00   7.500000E+00   5.377912E-01
          110   2.000000E+00   7.500000E+00   5.381212E-01
          111   2.500000E+00   7.500000E+00   5.384374E-01
          112   3.000000E+00   7.500000E+00   5.388370E-01
          113   3.500000E+00   7.500000E+00   5.392270E-01
          114   4.000000E+00   7.500000E+00   5.397029E-01
          115   4.500000E+00   7.500000E+00   5.402432E-01
          116   5.000000E+00   7.500000E+00   5.408679E-01
          117   5.500000E+00   7.500000E+00   5.416086E-01
          118   6.000000E+00   7.500000E+00   5.424250E-01
          119   6.500000E+00   7.500000E+00   5.434138E-01
          120   7.000000E+00   7.500000E+00   5.445502E-01
          121   7.500000E+00   7.500000E+00   5.458639E-01
          122   8.000000E+00   7.500000E+00   5.473836E-01
          123   8.500000E+00   7.500000E+00   5.491098E-01
          124   9.000000E+00   7.500000E+00   5.511171E-01
          125   9.500000E+00   7.500000E+00   5.538054E-01
          126   1.000000E+01   7.500000E+00   5.539659E-01
          127   0.000000E+00   7.000000E+00   5.367409E-01
          128   5.000000E-01   7.000000E+00   5.374325E-01
          129   1.000000E+00   7.000000E+00   5.383769E-01
          130   1.500000E+00   7.000000E+00   5.386036E-01
          131   2.000000E+00   7.000000E+00   5.390210E-01
          132   2.500000E+00   7.000000E+00   5.395042E-01
          133   3.000000E+00   7.000000E+00   5.400158E-01
          134   3.500000E+00   7.000000E+00   5.406367E-01
          135   4.000000E+00   7.000000E+00   5.413010E-01
          136   4.500000E+00   7.000000E+00   5.420888E-01
          137   5.000000E+00   7.000000E+00   5.430198E-01
          138   5.500000E+00   7.000000E+00   5.440317E-01
          139   6.000000E+00   7.000000E+00   5.452425E-01
          140   6.500000E+00   7.000000E+00   5.466091E-01
          141   7.000000E+00   7.000000E+00   5.481762E-01
          142   7.500000E+00   7.000000E+00   5.499812E-01
          143   8.000000E+00   7.000000E+00   5.520394E-01
          144   8.500000E+00   7.000000E+00   5.543947E-01
          145   9.000000E+00   7.000000E+00   5.570405E-01
          146   9.500000E+00   7.000000E+00   5.604540E-01
          147   1.000000E+01   7.000000E+00   5.607531E-01
          148   0.000000E+00   6.500000E+00   5.378213E-01
          149   5.000000E-01   6.500000E+00   5.381432E-01
          150   1.000000E+00   6.500000E+00   5.393050E-01
          151   1.500000E+00   6.500000E+00   5.396956E-01
          152   2.000000E+00   6.500000E+00   5.403160E-01
          153   2.500000E+00   6.500000E+00   5.409976E-01
          154   3.000000E+00   6.500000E+00   5.417587E-01
          155   3.500000E+00   6.500000E+00   5.426102E-01
          156   4.000000E+00   6.500000E+00   5.436038E-01
          157   4.500000E+00   6.500000E+00   5.447309E-01
          158   5.000000E+00   6.500000E+00   5.460122E-01
          159   5.500000E+00   6.500000E+00   5.474616E-01
          160   6.000000E+00   6.500000E+00   5.491115E-01
          161   6.500000E+00   6.500000E+00   5.509936E-01
          162   7.000000E+00   6.500000E+00   5.531279E-01
          163   7.500000E+00   6.500000E+00   5.555360E-01
          164   8.000000E+00   6.500000E+00   5.582799E-01
          165   8.500000E+00   6.500000E+00   5.613727E-01
          166   9.000000E+00   6.500000E+00   5.649094E-01
          167   9.500000E+00   6.500000E+00   5.692075E-01
          168   1.000000E+01   6.500000E+00   5.696483E-01
          169   0.000000E+00   6.000000E+00   5.391594E-01
          170   5.000000E-01   6.000000E+00   5.392328E-01
          171   1.000000E+00   6.000000E+00   5.406599E-01
          172   1.500000E+00   6.000000E+00   5.413060E-01
          173   2.000000E+00   6.000000E+00   5.421912E-01
          174   2.500000E+00   6.000000E+00   5.431339E-01
          175   3.000000E+00   6.000000E+00   5.442184E-01
          176   3.500000E+00   6.000000E+00   5.454720E-01
          177   4.000000E+00   6.000000E+00   5.468472E-01
          178   4.500000E+00   6.000000E+00   5.483917E-01
          179   5.000000E+00   6.000000E+00   5.501730E-01
          180   5.500000E+00   6.000000E+00   5.521542E-01
          181   6.000000E+00   6.000000E+00   5.543885E-01
          182   6.500000E+00   6.000000E+00   5.568982E-01
          183   7.000000E+00   6.000000E+00   5.597146E-01
          184   7.500000E+00   6.000000E+00   5.629237E-01
          185   8.000000E+00   6.000000E+00   5.665368E-01
          186   8.500000E+00   6.000000E+00   5.705578E-01
          187   9.000000E+00   6.000000E+00   5.750161E-01
          188   9.500000E+00   6.000000E+00   5.803083E-01
          189   1.000000E+01   6.000000E+00   5.808700E-01
          190   0.000000E+00   5.500000E+00   5.409798E-01
          191   5.000000E-01   5.500000E+00   5.409279E-01
          192   1.000000E+00   5.500000E+00   5.426339E-01
          193   1.500000E+00   5.500000E+00   5.436371E-01
          194   2.000000E+00   5.500000E+00   5.448442E-01
          195   2.500000E+00   5.500000E+00   5.462214E-01
          196   3.000000E+00   5.500000E+00   5.477252E-01
          197   3.500000E+00   5.500000E+00   5.494488E-01
          198   4.000000E+00   5.500000E+00   5.513385E-01
          199   4.500000E+00   5.500000E+00   5.534494E-01
          200   5.000000E+00   5.500000E+00   5.558364E-01
          201   5.500000E+00   5.500000E+00   5.584689E-01
          202   6.000000E+00   5.500000E+00   5.614384E-01
          203   6.500000E+00   5.500000E+00   5.647443E-01
          204   7.000000E+00   5.500000E+00   5.684468E-01
          205   7.500000E+00   5.500000E+00   5.725451E-01
          206   8.000000E+00   5.500000E+00   5.770880E-01
          207   8.500000E+00   5.500000E+00   5.821220E-01
          208   9.000000E+00   5.500000E+00   5.876947E-01
          209   9.500000E+00   5.500000E+00   5.941397E-01
          210   1.000000E+01   5.500000E+00   5.948117E-01
          211   0.000000E+00   5.000000E+00   5.434787E-01
          212   5.000000E-01   5.000000E+00   5.434539E-01
          213   1.000000E+00   5.000000E+00   5.455073E-01
          214   1.500000E+00   5.000000E+00   5.469682E-01
          215   2.000000E+00   5.000000E+00   5.486654E-01
          216   2.500000E+00   5.000000E+00   5.505279E-01
          217   3.000000E+00   5.000000E+00   5.525760E-01
          218   3.500000E+00   5.000000E+00   5.548926E-01
          219   4.000000E+00   5.000000E+00   5.574401E-01
          220   4.500000E+00   5.000000E+00   5.602505E-01
          221   5.000000E+00   5.000000E+00   5.633966E-01
          222   5.500000E+00   5.000000E+00   5.668697E-01
          223   6.000000E+00   5.000000E+00   5.707070E-01
          224   6.500000E+00   5.000000E+00   5.749120E-01
          225   7.000000E+00   5.000000E+00   5.795500E-01
          226   7.500000E+00   5.000000E+00   5.846478E-01
          227   8.000000E+00   5.000000E+00   5.902804E-01
          228   8.500000E+00   5.000000E+00   5.965538E-01
          229   9.000000E+00   5.000000E+00   6.035590E-01
          230   9.500000E+00   5.000000E+00   6.115426E-01
          231   1.000000E+01   5.000000E+00   6.123030E-01
          232   0.000000E+00   4.500000E+00   5.470231E-01
          233   5.000000E-01   4.500000E+00   5.471052E-01
          234   1.000000E+00   4.500000E+00   5.495832E-01
          235   1.500000E+00   4.500000E+00   5.516208E-01
          236   2.000000E+00   4.500000E+00   5.538895E-01
          237   2.500000E+00   4.500000E+00   5.564035E-01
          238   3.000000E+00   4.500000E+00   5.591501E-01
          239   3.500000E+00   4.500000E+00   5.621976E-01
          240   4.000000E+00   4.500000E+00   5.655793E-01
          241   4.500000E+00   4.500000E+00   5.692565E-01
          242   5.000000E+00   4.500000E+00   5.732734E-01
          243   5.500000E+00   4.500000E+00   5.776567E-01
          244   6.000000E+00   4.500000E+00   5.824560E-01
          245   6.500000E+00   4.500000E+00   5.876765E-01
          246   7.000000E+00   4.500000E+00   5.934080E-01
          247   7.500000E+00   4.500000E+00   5.997998E-01
          248   8.000000E+00   4.500000E+00   6.068319E-01
          249   8.500000E+00   4.500000E+00   6.145752E-01
          250   9.000000E+00   4.500000E+00   6.231707E-01
          251   9.500000E+00   4.500000E+00   6.329688E-01
          252   1.000000E+01   4.500000E+00   6.338358E-01
          253   0.000000E+00   4.000000E+00   5.519392E-01
          254   5.000000E-01   4.000000E+00   5.521441E-01
          255   1.000000E+00   4.000000E+00   5.551980E-01
          256   1.500000E+00   4.000000E+00   5.579160E-01
          257   2.000000E+00   4.000000E+00   5.609502E-01
          258   2.500000E+00   4.000000E+00   5.642559E-01
          259   3.000000E+00   4.000000E+00   5.678951E-01
          260   3.500000E+00   4.000000E+00   5.718204E-01
          261   4.000000E+00   4.000000E+00   5.760994E-01
          262   4.500000E+00   4.000000E+00   5.807328E-01
          263   5.000000E+00   4.000000E+00   5.857545E-01
          264   5.500000E+00   4.000000E+00   5.911975E-01
          265   6.000000E+00   4.000000E+00   5.971920E-01
          266   6.500000E+00   4.000000E+00   6.037448E-01
          267   7.000000E+00   4.000000E+00   6.108716E-01
          268   7.500000E+00   4.000000E+00   6.186762E-01
          269   8.000000E+00   4.000000E+00   6.272721E-01
          270   8.500000E+00   4.000000E+00   6.368259E-01
          271   9.000000E+00   4.000000E+00   6.474662E-01
          272   9.500000E+00   4.000000E+00   6.597105E-01
          273   1.000000E+01   4.000000E+00   6.607222E-01
          274   0.000000E+00   3.500000E+00   5.586288E-01
          275   5.000000E-01   3.500000E+00   5.589375E-01
          276   1.000000E+00   3.500000E+00   5.627083E-01
          277   1.500000E+00   3.500000E+00   5.663132E-01
          278   2.000000E+00   3.500000E+00   5.702352E-01
          279   2.500000E+00   3.500000E+00   5.744774E-01
          280   3.000000E+00   3.500000E+00   5.790620E-01
          281   3.500000E+00   3.500000E+00   5.840266E-01
          282   4.000000E+00   3.500000E+00   5.893702E-01
          283   4.500000E+00   3.500000E+00   5.951730E-01
          284   5.000000E+00   3.500000E+00   6.015227E-01
          285   5.500000E+00   3.500000E+00   6.083608E-01
          286   6.000000E+00   3.500000E+00   6.157401E-01
          287   6.500000E+00   3.500000E+00   6.237571E-01
          288   7.000000E+00   3.500000E+00   6.325145E-01
          289   7.500000E+00   3.500000E+00   6.421132E-01
          290   8.000000E+00   3.500000E+00   6.527188E-01
          291   8.500000E+00   3.500000E+00   6.647258E-01
          292   9.000000E+00   3.500000E+00   6.783760E-01
          293   9.500000E+00   3.500000E+00   6.941036E-01
          294   1.000000E+01   3.500000E+00   6.953243E-01
          295   0.000000E+00   3.000000E+00   5.674839E-01
          296   5.000000E-01   3.000000E+00   5.679284E-01
          297   1.000000E+00   3.000000E+00   5.725556E-01
          298   1.500000E+00   3.000000E+00   5.771499E-01
          299   2.000000E+00   3.000000E+00   5.820749E-01
          300   2.500000E+00   3.000000E+00   5.874226E-01
          301   3.000000E+00   3.000000E+00   5.931611E-01
          302   3.500000E+00   3.000000E+00   5.994625E-01
          303   4.000000E+00   3.000000E+00   6.062333E-01
          304   4.500000E+00   3.000000E+00   6.134995E-01
          305   5.000000E+00   3.000000E+00   6.213402E-01
          306   5.500000E+00   3.000000E+00   6.298013E-01
          307   6.000000E+00   3.000000E+00   6.389415E-01
          308   6.500000E+00   3.000000E+00   6.488168E-01
          309   7.000000E+00   3.000000E+00   6.597649E-01
          310   7.500000E+00   3.000000E+00   6.718902E-01
          311   8.000000E+00   3.000000E+00   6.854150E-01
          312   8.500000E+00   3.000000E+00   7.007042E-01
          313   9.000000E+00   3.000000E+00   7.184341E-01
          314   9.500000E+00   3.000000E+00   7.394358E-01
          315   1.000000E+01   3.000000E+00   7.409848E-01
          316   0.000000E+00   2.500000E+00   5.788569E-01
          317   5.000000E-01   2.500000E+00   5.794117E-01
          318   1.000000E+00   2.500000E+00   5.850554E-01
          319   1.500000E+00   2.500000E+00   5.908096E-01
          320   2.000000E+00   2.500000E+00   5.970682E-01
          321   2.500000E+00   2.500000E+00   6.038640E-01
          322   3.000000E+00   2.500000E+00   6.111485E-01
          323   3.500000E+00   2.500000E+00   6.189869E-01
          324   4.000000E+00   2.500000E+00   6.274362E-01
          325   4.500000E+00   2.500000E+00   6.365432E-01
          326   5.000000E+00   2.500000E+00   6.463322E-01
          327   5.500000E+00   2.500000E+00   6.570001E-01
          328   6.000000E+00   2.500000E+00   6.686652E-01
          329   6.500000E+00   2.500000E+00   6.813546E-01
          330   7.000000E+00   2.500000E+00   6.952429E-01
          331   7.500000E+00   2.500000E+00   7.108291E-01
          332   8.000000E+00   2.500000E+00   7.283761E-01
          333   8.500000E+00   2.500000E+00   7.483626E-01
          334   9.000000E+00   2.500000E+00   7.718740E-01
          335   9.500000E+00   2.500000E+00   8.005135E-01
          336   1.000000E+01   2.500000E+00   8.023065E-01
          337   0.000000E+00   2.000000E+00   5.931820E-01
          338   5.000000E-01   2.000000E+00   5.938639E-01
          339   1.000000E+00   2.000000E+00   6.009094E-01
          340   1.500000E+00   2.000000E+00   6.082431E-01
          341   2.000000E+00   2.000000E+00   6.161147E-01
          342   2.500000E+00   2.000000E+00   6.246087E-01
          343   3.000000E+00   2.000000E+00   6.337908E-01
          344   3.500000E+00   2.000000E+00   6.436806E-01
          345   4.000000E+00   2.000000E+00   6.544063E-01
          346   4.500000E+00   2.000000E+00   6.661805E-01
          347   5.000000E+00   2.000000E+00   6.789608E-01
          348   5.500000E+00   2.000000E+00   6.928185E-01
          349   6.000000E+00   2.000000E+00   7.081067E-01
          350   6.500000E+00   2.000000E+00   7.248443E-01
          351   7.000000E+00   2.000000E+00   7.431919E-01
          352   7.500000E+00   2.000000E+00   7.637013E-01
          353   8.000000E+00   2.000000E+00   7.870737E-01
          354   8.500000E+00   2.000000E+00   8.133078E-01
          355   9.000000E+00   2.000000E+00   8.447806E-01
          356   9.500000E+00   2.000000E+00   8.842920E-01
          357   1.000000E+01   2.000000E+00   8.859221E-01
          358   0.000000E+00   1.500000E+00   6.115633E-01
          359   5.000000E-01   1.500000E+00   6.123080E-01
          360   1.000000E+00   1.500000E+00   6.209986E-01
          361   1.500000E+00   1.500000E+00   6.302240E-01
          362   2.000000E+00   1.500000E+00   6.401989E-01
          363   2.500000E+00   1.500000E+00   6.509785E-01
          364   3.000000E+00   1.500000E+00   6.629003E-01
          365   3.500000E+00   1.500000E+00   6.759156E-01
          366   4.000000E+00   1.500000E+00   6.900974E-01
          367   4.500000E+00   1.500000E+00   7.057630E-01
          368   5.000000E+00   1.500000E+00   7.230660E-01
          369   5.500000E+00   1.500000E+00   7.420278E-01
          370   6.000000E+00   1.500000E+00   7.628789E-01
          371   6.500000E+00   1.500000E+00   7.859052E-01
          372   7.000000E+00   1.500000E+00   8.109480E-01
          373   7.500000E+00   1.500000E+00   8.388939E-01
          374   8.000000E+00   1.500000E+00   8.716627E-01
          375   8.500000E+00   1.500000E+00   9.027341E-01
          376   9.000000E+00   1.500000E+00   9.432286E-01
          377   9.500000E+00   1.500000E+00   9.925288E-01
          378   1.000000E+01   1.500000E+00   9.909137E-01
          379   0.000000E+00   1.000000E+00   6.347031E-01
          380   5.000000E-01   1.000000E+00   6.355810E-01
          381   1.000000E+00   1.000000E+00   6.465217E-01
          382   1.500000E+00   1.000000E+00   6.584183E-01
          383   2.000000E+00   1.000000E+00   6.715359E-01
          384   2.500000E+00   1.000000E+00   6.859070E-01
          385   3.000000E+00   1.000000E+00   7.018113E-01
          386   3.500000E+00   1.000000E+00   7.195699E-01
          387   4.000000E+00   1.000000E+00   7.392481E-01
          388   4.500000E+00   1.000000E+00   7.611390E-01
          389   5.000000E+00   1.000000E+00   7.857668E-01
          390   5.500000E+00   1.000000E+00   8.131818E-01
          391   6.000000E+00   1.000000E+00   8.435349E-01
          392   6.500000E+00   1.000000E+00   8.771266E-01
          393   7.000000E+00   1.000000E+00   9.135009E-01
          394   7.500000E+00   1.000000E+00   9.507146E-01
          395   8.000000E+00   1.000000E+00   1.000000E+00
          396   8.500000E+00   1.000000E+00   1.000000E+00
          397   9.000000E+00   1.000000E+00   1.000000E+00
          398   9.500000E+00   1.000000E+00   1.000000E+00
          399   1.000000E+01   1.000000E+00   1.000000E+00
          400   0.000000E+00   5.000000E-01   6.649110E-01
          401   5.000000E-01   5.000000E-01   6.659512E-01
          402   1.000000E+00   5.000000E-01   6.804106E-01
          403   1.500000E+00   5.000000E-01   6.962433E-01
          404   2.000000E+00   5.000000E-01   7.141088E-01
          405   2.500000E+00   5.000000E-01   7.340808E-01
          406   3.000000E+00   5.000000E-01   7.564749E-01
          407   3.500000E+00   5.000000E-01   7.819225E-01
          408   4.000000E+00   5.000000E-01   8.107757E-01
          409   4.500000E+00   5.000000E-01   8.432514E-01
          410   5.000000E+00   5.000000E-01   8.798343E-01
          411   5.500000E+00   5.000000E-01   9.195400E-01
          412   6.000000E+00   5.000000E-01   9.623117E-01
          413   6.500000E+00   5.000000E-01   1.000000E+00
          414   7.000000E+00   5.000000E-01   1.000000E+00
          415   7.500000E+00   5.000000E-01   1.000000E+00
          416   8.000000E+00   5.000000E-01   1.000000E+00
          417   8.500000E+00   5.000000E-01   1.000000E+00
          418   9.000000E+00   5.000000E-01   1.000000E+00
          419   9.500000E+00   5.000000E-01   1.000000E+00
          420   1.000000E+01   5.000000E-01   1.000000E+00
          421   0.000000E+00   0.000000E+00   6.769313E-01
          422   5.000000E-01   0.000000E+00   6.820474E-01
          423   1.000000E+00   0.000000E+00   6.984787E-01
          424   1.500000E+00   0.000000E+00   7.168565E-01
          425   2.000000E+00   0.000000E+00   7.375288E-01
          426   2.500000E+00   0.000000E+00   7.607573E-01
          427   3.000000E+00   0.000000E+00   7.873718E-01
          428   3.500000E+00   0.000000E+00   8.176641E-01
          429   4.000000E+00   0.000000E+00   8.520293E-01
          430   4.500000E+00   0.000000E+00   8.906846E-01
          431   5.000000E+00   0.000000E+00   9.323709E-01
          432   5.500000E+00   0.000000E+00   9.727432E-01
          433   6.000000E+00   0.000000E+00   9.996279E-01
          434   6.500000E+00   0.000000E+00   1.000000E+00
          435   7.000000E+00   0.000000E+00   1.000000E+00
          436   7.500000E+00   0.000000E+00   1.000000E+00
          437   8.000000E+00   0.000000E+00   1.000000E+00
          438   8.500000E+00   0.000000E+00   1.000000E+00
          439   9.000000E+00   0.000000E+00   1.000000E+00
          440   9.500000E+00   0.000000E+00   1.000000E+00
          441   1.000000E+01   0.000000E+00   1.000000E+00
