#                  ***** Surface vs subsurface diagnostics ***** 
#NNOD    (# of surface nodes)            =    441
#NCELL   (# of DEM cells)                =    400
#AREATOT (total catchment surface area)  =     1.00000E+02
#Step      (1) : Time step
#Deltat    (2) : Time step size
#Time      (3) : See parm input file for units
#Back      (4) : # of back-stepping occurrences
#NL-l      (5) : # of nonlinear iterations for the successful (last) time step
#NL-a      (6) : # of nonlinear iterations for the successful time step and any back-steps (= NL-last + ITUNS*Back)
#Sdt-l     (7) : # of time steps in the surface routing module for the successful (last) subsurface module time step
#Sdt-a     (8) : # of time steps in the surface routing module for the successful subsurface module time step and any back-steps
#Atmpot-vf (9) : Potential atmospheric forcing (rain +ve / evap -ve) as a volumetric flux [L^3/T]
#Atmpot-v (10) : Potential atmospheric forcing volume [L^3] (See parm input file for units)
#Atmpot-r (11) : Potential atmospheric forcing rate [L/T]
#Atmpot-d (12) : Potential atmospheric forcing depth [L]
#Atmact-vf(13) : Actual infiltration (+ve) or exfiltration (-ve) at atmospheric BC nodes as a volumetric flux [L^3/T]
#Atmact-v (14) : Actual infiltration (+ve) or exfiltration (-ve) volume [L^3]
#Atmact-r (15) : Actual infiltration (+ve) or exfiltration (-ve) rate [L/T]
#Atmact-d (16) : Actual infiltration (+ve) or exfiltration (-ve) depth [L]
#Horton   (17) : Fraction of the surface nodes that are saturated or ponded due to Horton infiltration excess (Note: based on PNEW and not on IFATM)
#Dunne    (18) : Fraction of the surface nodes that are saturated or ponded due to Dunne saturation excess (see previous note)
#Ponded   (19) : Fraction of the surface nodes that are ponded (PNEW > PONDH_MIN)
#Satur    (20) : Fraction of the surface nodes that are saturated or ponded (PNEW > 0)
#CPU-sub  (21) : CPU seconds for the subsurface flow module
#CPU-surf (22) : CPU seconds for the surface routing module
#   (1)       (2)       (3)   (4)   (5)   (6)   (7)   (8)        (9)       (10)       (11)       (12)       (13)       (14)       (15)       (16)   (17)   (18)   (19)   (20)       (21)       (22)
#  Step    Deltat      Time  Back  NL-l  NL-a Sdt-l Sdt-a  Atmpot-vf   Atmpot-v   Atmpot-r   Atmpot-d  Atmact-vf   Atmact-v   Atmact-r   Atmact-d Horton  Dunne Ponded  Satur   CPU-sub  CPU-surf
      1 5.000E+00 5.000E+00     0     1     1     0     0  0.000E+00  0.000E+00  0.000E+00  0.000E+00  0.000E+00  0.000E+00  0.000E+00  0.000E+00  0.000  0.000  0.000  0.000  4.815E-02  0.000E+00
      2 2.750E+00 7.750E+00     1     3    13     0     0  0.000E+00  0.000E+00  0.000E+00  0.000E+00  0.000E+00  0.000E+00  0.000E+00  0.000E+00  0.000  0.000  0.000  0.000  4.554E-02  0.000E+00
      3 1.513E+00 9.262E+00     1     4    14     0     0  0.000E+00  0.000E+00  0.000E+00  0.000E+00  0.000E+00  0.000E+00  0.000E+00  0.000E+00  0.000  0.000  0.000  0.000  4.909E-02  0.000E+00
      4 1.664E+00 1.093E+01     0     4     4     0     0  0.000E+00  0.000E+00  0.000E+00  0.000E+00  0.000E+00  0.000E+00  0.000E+00  0.000E+00  0.000  0.000  0.000  0.000  1.401E-02  0.000E+00
      5 1.830E+00 1.276E+01     0     4     4     0     0  0.000E+00  0.000E+00  0.000E+00  0.000E+00  0.000E+00  0.000E+00  0.000E+00  0.000E+00  0.000  0.000  0.000  0.000  1.399E-02  0.000E+00
      6 2.013E+00 1.477E+01     0     4     4     0     0  0.000E+00  0.000E+00  0.000E+00  0.000E+00  0.000E+00  0.000E+00  0.000E+00  0.000E+00  0.000  0.000  0.000  0.000  1.411E-02  0.000E+00
      7 2.214E+00 1.698E+01     0     4     4     0     0  0.000E+00  0.000E+00  0.000E+00  0.000E+00  0.000E+00  0.000E+00  0.000E+00  0.000E+00  0.000  0.000  0.000  0.000  1.430E-02  0.000E+00
      8 2.436E+00 1.942E+01     0     4     4     0     0  0.000E+00  0.000E+00  0.000E+00  0.000E+00  0.000E+00  0.000E+00  0.000E+00  0.000E+00  0.000  0.000  0.000  0.000  1.407E-02  0.000E+00
      9 2.679E+00 2.210E+01     0     4     4     0     0  0.000E+00  0.000E+00  0.000E+00  0.000E+00  0.000E+00  0.000E+00  0.000E+00  0.000E+00  0.000  0.000  0.000  0.000  1.398E-02  0.000E+00
     10 1.474E+00 2.357E+01     1     4    14     0     0  0.000E+00  0.000E+00  0.000E+00  0.000E+00  0.000E+00  0.000E+00  0.000E+00  0.000E+00  0.000  0.000  0.000  0.000  4.920E-02  0.000E+00
     11 1.621E+00 2.519E+01     0     4     4     0     0  0.000E+00  0.000E+00  0.000E+00  0.000E+00  0.000E+00  0.000E+00  0.000E+00  0.000E+00  0.000  0.000  0.000  0.000  1.430E-02  0.000E+00
     12 1.783E+00 2.698E+01     0     4     4     0     0  0.000E+00  0.000E+00  0.000E+00  0.000E+00  0.000E+00  0.000E+00  0.000E+00  0.000E+00  0.000  0.000  0.000  0.000  1.444E-02  0.000E+00
     13 1.962E+00 2.894E+01     0     4     4     0     0  0.000E+00  0.000E+00  0.000E+00  0.000E+00  0.000E+00  0.000E+00  0.000E+00  0.000E+00  0.000  0.000  0.000  0.000  1.408E-02  0.000E+00
     14 2.158E+00 3.110E+01     0     4     4     0     0  0.000E+00  0.000E+00  0.000E+00  0.000E+00  0.000E+00  0.000E+00  0.000E+00  0.000E+00  0.000  0.000  0.000  0.000  1.416E-02  0.000E+00
     15 2.373E+00 3.347E+01     0     4     4     0     0  0.000E+00  0.000E+00  0.000E+00  0.000E+00  0.000E+00  0.000E+00  0.000E+00  0.000E+00  0.000  0.000  0.000  0.000  1.399E-02  0.000E+00
     16 2.611E+00 3.608E+01     0     4     4     0     0  0.000E+00  0.000E+00  0.000E+00  0.000E+00  0.000E+00  0.000E+00  0.000E+00  0.000E+00  0.000  0.000  0.000  0.000  1.407E-02  0.000E+00
     17 2.872E+00 3.895E+01     0     4     4     0     0  0.000E+00  0.000E+00  0.000E+00  0.000E+00  0.000E+00  0.000E+00  0.000E+00  0.000E+00  0.000  0.000  0.000  0.000  1.391E-02  0.000E+00
     18 1.580E+00 4.053E+01     1     4    14     0     0  0.000E+00  0.000E+00  0.000E+00  0.000E+00  0.000E+00  0.000E+00  0.000E+00  0.000E+00  0.000  0.000  0.000  0.000  4.833E-02  0.000E+00
     19 1.737E+00 4.227E+01     0     4     4     0     0  0.000E+00  0.000E+00  0.000E+00  0.000E+00  0.000E+00  0.000E+00  0.000E+00  0.000E+00  0.000  0.000  0.000  0.000  1.370E-02  0.000E+00
     20 1.911E+00 4.418E+01     0     4     4     0     0  0.000E+00  0.000E+00  0.000E+00  0.000E+00  0.000E+00  0.000E+00  0.000E+00  0.000E+00  0.000  0.000  0.000  0.000  1.379E-02  0.000E+00
     21 2.102E+00 4.628E+01     0     4     4     0     0  0.000E+00  0.000E+00  0.000E+00  0.000E+00  0.000E+00  0.000E+00  0.000E+00  0.000E+00  0.000  0.000  0.000  0.000  1.382E-02  0.000E+00
     22 2.313E+00 4.860E+01     0     4     4     0     0  0.000E+00  0.000E+00  0.000E+00  0.000E+00  0.000E+00  0.000E+00  0.000E+00  0.000E+00  0.000  0.000  0.000  0.000  1.374E-02  0.000E+00
     23 2.544E+00 5.114E+01     0     4     4     0     0  0.000E+00  0.000E+00  0.000E+00  0.000E+00  0.000E+00  0.000E+00  0.000E+00  0.000E+00  0.000  0.000  0.000  0.000  1.375E-02  0.000E+00
     24 2.798E+00 5.394E+01     0     4     4     0     0  0.000E+00  0.000E+00  0.000E+00  0.000E+00  0.000E+00  0.000E+00  0.000E+00  0.000E+00  0.000  0.000  0.000  0.000  1.374E-02  0.000E+00
     25 1.539E+00 5.548E+01     1     4    14     0     0  0.000E+00  0.000E+00  0.000E+00  0.000E+00  0.000E+00  0.000E+00  0.000E+00  0.000E+00  0.000  0.000  0.000  0.000  4.794E-02  0.000E+00
     26 1.693E+00 5.717E+01     0     4     4     0     0  0.000E+00  0.000E+00  0.000E+00  0.000E+00  0.000E+00  0.000E+00  0.000E+00  0.000E+00  0.000  0.000  0.000  0.000  1.397E-02  0.000E+00
     27 1.862E+00 5.903E+01     0     4     4     0     0  0.000E+00  0.000E+00  0.000E+00  0.000E+00  0.000E+00  0.000E+00  0.000E+00  0.000E+00  0.000  0.000  0.000  0.000  1.385E-02  0.000E+00
     28 2.048E+00 6.108E+01     0     4     4     0     0  0.000E+00  0.000E+00  0.000E+00  0.000E+00  0.000E+00  0.000E+00  0.000E+00  0.000E+00  0.000  0.000  0.000  0.000  1.362E-02  0.000E+00
     29 2.253E+00 6.333E+01     0     4     4     0     0  0.000E+00  0.000E+00  0.000E+00  0.000E+00  0.000E+00  0.000E+00  0.000E+00  0.000E+00  0.000  0.000  0.000  0.000  1.363E-02  0.000E+00
     30 2.479E+00 6.581E+01     0     4     4     0     0  0.000E+00  0.000E+00  0.000E+00  0.000E+00  0.000E+00  0.000E+00  0.000E+00  0.000E+00  0.000  0.000  0.000  0.000  1.365E-02  0.000E+00
     31 2.726E+00 6.854E+01     0     4     4     0     0  0.000E+00  0.000E+00  0.000E+00  0.000E+00  0.000E+00  0.000E+00  0.000E+00  0.000E+00  0.000  0.000  0.000  0.000  1.354E-02  0.000E+00
     32 2.999E+00 7.154E+01     0     4     4     0     0  0.000E+00  0.000E+00  0.000E+00  0.000E+00  0.000E+00  0.000E+00  0.000E+00  0.000E+00  0.000  0.000  0.000  0.000  1.383E-02  0.000E+00
     33 1.650E+00 7.319E+01     1     4    14     0     0  0.000E+00  0.000E+00  0.000E+00  0.000E+00  0.000E+00  0.000E+00  0.000E+00  0.000E+00  0.000  0.000  0.000  0.000  4.685E-02  0.000E+00
     34 1.814E+00 7.500E+01     0     4     4     0     0  0.000E+00  0.000E+00  0.000E+00  0.000E+00  0.000E+00  0.000E+00  0.000E+00  0.000E+00  0.000  0.000  0.000  0.000  1.340E-02  0.000E+00
     35 1.996E+00 7.700E+01     0     4     4     0     0  0.000E+00  0.000E+00  0.000E+00  0.000E+00  0.000E+00  0.000E+00  0.000E+00  0.000E+00  0.000  0.000  0.000  0.000  1.334E-02  0.000E+00
     36 2.196E+00 7.919E+01     0     4     4     0     0  0.000E+00  0.000E+00  0.000E+00  0.000E+00  0.000E+00  0.000E+00  0.000E+00  0.000E+00  0.000  0.000  0.000  0.000  1.249E-02  0.000E+00
     37 2.415E+00 8.161E+01     0     4     4     0     0  0.000E+00  0.000E+00  0.000E+00  0.000E+00  0.000E+00  0.000E+00  0.000E+00  0.000E+00  0.000  0.000  0.000  0.000  1.348E-02  0.000E+00
     38 2.657E+00 8.426E+01     0     4     4     0     0  0.000E+00  0.000E+00  0.000E+00  0.000E+00  0.000E+00  0.000E+00  0.000E+00  0.000E+00  0.000  0.000  0.000  0.000  1.369E-02  0.000E+00
     39 2.922E+00 8.719E+01     0     4     4     0     0  0.000E+00  0.000E+00  0.000E+00  0.000E+00  0.000E+00  0.000E+00  0.000E+00  0.000E+00  0.000  0.000  0.000  0.000  1.361E-02  0.000E+00
     40 1.607E+00 8.879E+01     1     4    14     0     0  0.000E+00  0.000E+00  0.000E+00  0.000E+00  0.000E+00  0.000E+00  0.000E+00  0.000E+00  0.000  0.000  0.000  0.000  4.739E-02  0.000E+00
     41 1.768E+00 9.056E+01     0     4     4     0     0  0.000E+00  0.000E+00  0.000E+00  0.000E+00  0.000E+00  0.000E+00  0.000E+00  0.000E+00  0.000  0.000  0.000  0.000  1.355E-02  0.000E+00
     42 1.945E+00 9.251E+01     0     4     4     0     0  0.000E+00  0.000E+00  0.000E+00  0.000E+00  0.000E+00  0.000E+00  0.000E+00  0.000E+00  0.000  0.000  0.000  0.000  1.362E-02  0.000E+00
     43 2.139E+00 9.465E+01     0     4     4     0     0  0.000E+00  0.000E+00  0.000E+00  0.000E+00  0.000E+00  0.000E+00  0.000E+00  0.000E+00  0.000  0.000  0.000  0.000  1.354E-02  0.000E+00
     44 2.353E+00 9.700E+01     0     4     4     0     0  0.000E+00  0.000E+00  0.000E+00  0.000E+00  0.000E+00  0.000E+00  0.000E+00  0.000E+00  0.000  0.000  0.000  0.000  1.389E-02  0.000E+00
     45 2.588E+00 9.959E+01     0     4     4     0     0  0.000E+00  0.000E+00  0.000E+00  0.000E+00  0.000E+00  0.000E+00  0.000E+00  0.000E+00  0.000  0.000  0.000  0.000  1.369E-02  0.000E+00
     46 2.847E+00 1.024E+02     0     4     4     0     0  0.000E+00  0.000E+00  0.000E+00  0.000E+00  0.000E+00  0.000E+00  0.000E+00  0.000E+00  0.000  0.000  0.000  0.000  1.380E-02  0.000E+00
     47 3.132E+00 1.056E+02     0     4     4     0     0  0.000E+00  0.000E+00  0.000E+00  0.000E+00  0.000E+00  0.000E+00  0.000E+00  0.000E+00  0.000  0.000  0.000  0.000  1.370E-02  0.000E+00
     48 1.723E+00 1.073E+02     1     4    14     0     0  0.000E+00  0.000E+00  0.000E+00  0.000E+00  0.000E+00  0.000E+00  0.000E+00  0.000E+00  0.000  0.000  0.000  0.000  4.807E-02  0.000E+00
     49 1.895E+00 1.092E+02     0     4     4     0     0  0.000E+00  0.000E+00  0.000E+00  0.000E+00  0.000E+00  0.000E+00  0.000E+00  0.000E+00  0.000  0.000  0.000  0.000  1.379E-02  0.000E+00
     50 2.084E+00 1.113E+02     0     4     4     0     0  0.000E+00  0.000E+00  0.000E+00  0.000E+00  0.000E+00  0.000E+00  0.000E+00  0.000E+00  0.000  0.000  0.000  0.000  1.371E-02  0.000E+00
     51 2.293E+00 1.136E+02     0     4     4     0     0  0.000E+00  0.000E+00  0.000E+00  0.000E+00  0.000E+00  0.000E+00  0.000E+00  0.000E+00  0.000  0.000  0.000  0.000  1.280E-02  0.000E+00
     52 2.522E+00 1.161E+02     0     4     4     0     0  0.000E+00  0.000E+00  0.000E+00  0.000E+00  0.000E+00  0.000E+00  0.000E+00  0.000E+00  0.000  0.000  0.000  0.000  1.382E-02  0.000E+00
     53 2.774E+00 1.189E+02     0     4     4     0     0  0.000E+00  0.000E+00  0.000E+00  0.000E+00  0.000E+00  0.000E+00  0.000E+00  0.000E+00  0.000  0.000  0.000  0.000  1.386E-02  0.000E+00
     54 3.052E+00 1.219E+02     0     4     4     0     0  0.000E+00  0.000E+00  0.000E+00  0.000E+00  0.000E+00  0.000E+00  0.000E+00  0.000E+00  0.000  0.000  0.000  0.000  1.381E-02  0.000E+00
     55 1.678E+00 1.236E+02     1     4    14     0     0  0.000E+00  0.000E+00  0.000E+00  0.000E+00  0.000E+00  0.000E+00  0.000E+00  0.000E+00  0.000  0.000  0.000  0.000  4.802E-02  0.000E+00
     56 1.846E+00 1.254E+02     0     4     4     0     0  0.000E+00  0.000E+00  0.000E+00  0.000E+00  0.000E+00  0.000E+00  0.000E+00  0.000E+00  0.000  0.000  0.000  0.000  1.367E-02  0.000E+00
     57 2.031E+00 1.275E+02     0     4     4     0     0  0.000E+00  0.000E+00  0.000E+00  0.000E+00  0.000E+00  0.000E+00  0.000E+00  0.000E+00  0.000  0.000  0.000  0.000  1.365E-02  0.000E+00
     58 2.234E+00 1.297E+02     0     4     4     0     0  0.000E+00  0.000E+00  0.000E+00  0.000E+00  0.000E+00  0.000E+00  0.000E+00  0.000E+00  0.000  0.000  0.000  0.000  1.366E-02  0.000E+00
     59 2.457E+00 1.322E+02     0     4     4     0     0  0.000E+00  0.000E+00  0.000E+00  0.000E+00  0.000E+00  0.000E+00  0.000E+00  0.000E+00  0.000  0.000  0.000  0.000  1.371E-02  0.000E+00
     60 2.703E+00 1.349E+02     0     4     4     0     0  0.000E+00  0.000E+00  0.000E+00  0.000E+00  0.000E+00  0.000E+00  0.000E+00  0.000E+00  0.000  0.000  0.000  0.000  1.387E-02  0.000E+00
     61 2.973E+00 1.378E+02     0     4     4     0     0  0.000E+00  0.000E+00  0.000E+00  0.000E+00  0.000E+00  0.000E+00  0.000E+00  0.000E+00  0.000  0.000  0.000  0.000  1.370E-02  0.000E+00
     62 3.271E+00 1.411E+02     0     4     4     0     0  0.000E+00  0.000E+00  0.000E+00  0.000E+00  0.000E+00  0.000E+00  0.000E+00  0.000E+00  0.000  0.000  0.000  0.000  1.402E-02  0.000E+00
     63 1.799E+00 1.429E+02     1     4    14     0     0  0.000E+00  0.000E+00  0.000E+00  0.000E+00  0.000E+00  0.000E+00  0.000E+00  0.000E+00  0.000  0.000  0.000  0.000  4.772E-02  0.000E+00
     64 1.979E+00 1.449E+02     0     4     4     0     0  0.000E+00  0.000E+00  0.000E+00  0.000E+00  0.000E+00  0.000E+00  0.000E+00  0.000E+00  0.000  0.000  0.000  0.000  1.366E-02  0.000E+00
     65 2.177E+00 1.471E+02     0     4     4     0     0  0.000E+00  0.000E+00  0.000E+00  0.000E+00  0.000E+00  0.000E+00  0.000E+00  0.000E+00  0.000  0.000  0.000  0.000  1.326E-02  0.000E+00
     66 2.394E+00 1.495E+02     0     4     4     0     0  0.000E+00  0.000E+00  0.000E+00  0.000E+00  0.000E+00  0.000E+00  0.000E+00  0.000E+00  0.000  0.000  0.000  0.000  1.375E-02  0.000E+00
     67 2.634E+00 1.521E+02     0     4     4     0     0  0.000E+00  0.000E+00  0.000E+00  0.000E+00  0.000E+00  0.000E+00  0.000E+00  0.000E+00  0.000  0.000  0.000  0.000  1.378E-02  0.000E+00
     68 2.897E+00 1.550E+02     0     4     4     0     0  0.000E+00  0.000E+00  0.000E+00  0.000E+00  0.000E+00  0.000E+00  0.000E+00  0.000E+00  0.000  0.000  0.000  0.000  1.390E-02  0.000E+00
     69 3.187E+00 1.582E+02     0     4     4     0     0  0.000E+00  0.000E+00  0.000E+00  0.000E+00  0.000E+00  0.000E+00  0.000E+00  0.000E+00  0.000  0.000  0.000  0.000  1.378E-02  0.000E+00
     70 3.506E+00 1.617E+02     0     4     4     0     0  0.000E+00  0.000E+00  0.000E+00  0.000E+00  0.000E+00  0.000E+00  0.000E+00  0.000E+00  0.000  0.000  0.000  0.000  1.286E-02  0.000E+00
     71 1.928E+00 1.636E+02     1     4    14     0     0  0.000E+00  0.000E+00  0.000E+00  0.000E+00  0.000E+00  0.000E+00  0.000E+00  0.000E+00  0.000  0.000  0.000  0.000  4.819E-02  0.000E+00
     72 2.121E+00 1.657E+02     0     4     4     0     0  0.000E+00  0.000E+00  0.000E+00  0.000E+00  0.000E+00  0.000E+00  0.000E+00  0.000E+00  0.000  0.000  0.000  0.000  1.391E-02  0.000E+00
     73 2.333E+00 1.681E+02     0     4     4     0     0  0.000E+00  0.000E+00  0.000E+00  0.000E+00  0.000E+00  0.000E+00  0.000E+00  0.000E+00  0.000  0.000  0.000  0.000  1.370E-02  0.000E+00
     74 2.566E+00 1.706E+02     0     4     4     0     0  0.000E+00  0.000E+00  0.000E+00  0.000E+00  0.000E+00  0.000E+00  0.000E+00  0.000E+00  0.000  0.000  0.000  0.000  1.380E-02  0.000E+00
     75 2.823E+00 1.734E+02     0     4     4     0     0  0.000E+00  0.000E+00  0.000E+00  0.000E+00  0.000E+00  0.000E+00  0.000E+00  0.000E+00  0.000  0.000  0.000  0.000  1.376E-02  0.000E+00
     76 3.105E+00 1.766E+02     0     4     4     0     0  0.000E+00  0.000E+00  0.000E+00  0.000E+00  0.000E+00  0.000E+00  0.000E+00  0.000E+00  0.000  0.000  0.000  0.000  1.361E-02  0.000E+00
     77 3.416E+00 1.800E+02     0     4     4     0     0  0.000E+00  0.000E+00  0.000E+00  0.000E+00  0.000E+00  0.000E+00  0.000E+00  0.000E+00  0.000  0.000  0.000  0.000  1.363E-02  0.000E+00
     78 1.879E+00 1.818E+02     1     4    14     0     0  0.000E+00  0.000E+00  0.000E+00  0.000E+00  0.000E+00  0.000E+00  0.000E+00  0.000E+00  0.000  0.000  0.000  0.000  4.779E-02  0.000E+00
     79 2.067E+00 1.839E+02     0     4     4     0     0  0.000E+00  0.000E+00  0.000E+00  0.000E+00  0.000E+00  0.000E+00  0.000E+00  0.000E+00  0.000  0.000  0.000  0.000  1.373E-02  0.000E+00
     80 2.273E+00 1.862E+02     0     4     4     0     0  0.000E+00  0.000E+00  0.000E+00  0.000E+00  0.000E+00  0.000E+00  0.000E+00  0.000E+00  0.000  0.000  0.000  0.000  1.372E-02  0.000E+00
     81 2.500E+00 1.887E+02     0     4     4     0     0  0.000E+00  0.000E+00  0.000E+00  0.000E+00  0.000E+00  0.000E+00  0.000E+00  0.000E+00  0.000  0.000  0.000  0.000  1.384E-02  0.000E+00
     82 2.751E+00 1.914E+02     0     4     4     0     0  0.000E+00  0.000E+00  0.000E+00  0.000E+00  0.000E+00  0.000E+00  0.000E+00  0.000E+00  0.000  0.000  0.000  0.000  1.293E-02  0.000E+00
     83 3.026E+00 1.945E+02     0     4     4     0     0  0.000E+00  0.000E+00  0.000E+00  0.000E+00  0.000E+00  0.000E+00  0.000E+00  0.000E+00  0.000  0.000  0.000  0.000  1.359E-02  0.000E+00
     84 3.328E+00 1.978E+02     0     4     4     0     0  0.000E+00  0.000E+00  0.000E+00  0.000E+00  0.000E+00  0.000E+00  0.000E+00  0.000E+00  0.000  0.000  0.000  0.000  1.369E-02  0.000E+00
     85 3.661E+00 2.015E+02     0     4     4     0     0  0.000E+00  0.000E+00  0.000E+00  0.000E+00  0.000E+00  0.000E+00  0.000E+00  0.000E+00  0.000  0.000  0.000  0.000  1.364E-02  0.000E+00
     86 2.014E+00 2.035E+02     1     4    14     0     0  0.000E+00  0.000E+00  0.000E+00  0.000E+00  0.000E+00  0.000E+00  0.000E+00  0.000E+00  0.000  0.000  0.000  0.000  4.821E-02  0.000E+00
     87 2.215E+00 2.057E+02     0     4     4     0     0  0.000E+00  0.000E+00  0.000E+00  0.000E+00  0.000E+00  0.000E+00  0.000E+00  0.000E+00  0.000  0.000  0.000  0.000  1.379E-02  0.000E+00
     88 2.436E+00 2.081E+02     0     4     4     0     0  0.000E+00  0.000E+00  0.000E+00  0.000E+00  0.000E+00  0.000E+00  0.000E+00  0.000E+00  0.000  0.000  0.000  0.000  1.363E-02  0.000E+00
     89 2.680E+00 2.108E+02     0     4     4     0     0  0.000E+00  0.000E+00  0.000E+00  0.000E+00  0.000E+00  0.000E+00  0.000E+00  0.000E+00  0.000  0.000  0.000  0.000  1.374E-02  0.000E+00
     90 2.948E+00 2.137E+02     0     4     4     0     0  0.000E+00  0.000E+00  0.000E+00  0.000E+00  0.000E+00  0.000E+00  0.000E+00  0.000E+00  0.000  0.000  0.000  0.000  1.370E-02  0.000E+00
     91 3.243E+00 2.170E+02     0     4     4     0     0  0.000E+00  0.000E+00  0.000E+00  0.000E+00  0.000E+00  0.000E+00  0.000E+00  0.000E+00  0.000  0.000  0.000  0.000  1.372E-02  0.000E+00
     92 3.567E+00 2.206E+02     0     4     4     0     0  0.000E+00  0.000E+00  0.000E+00  0.000E+00  0.000E+00  0.000E+00  0.000E+00  0.000E+00  0.000  0.000  0.000  0.000  1.375E-02  0.000E+00
     93 1.962E+00 2.225E+02     1     4    14     0     0  0.000E+00  0.000E+00  0.000E+00  0.000E+00  0.000E+00  0.000E+00  0.000E+00  0.000E+00  0.000  0.000  0.000  0.000  4.841E-02  0.000E+00
     94 2.158E+00 2.247E+02     0     4     4     0     0  0.000E+00  0.000E+00  0.000E+00  0.000E+00  0.000E+00  0.000E+00  0.000E+00  0.000E+00  0.000  0.000  0.000  0.000  1.384E-02  0.000E+00
     95 2.374E+00 2.270E+02     0     4     4     0     0  0.000E+00  0.000E+00  0.000E+00  0.000E+00  0.000E+00  0.000E+00  0.000E+00  0.000E+00  0.000  0.000  0.000  0.000  1.377E-02  0.000E+00
     96 2.611E+00 2.297E+02     0     4     4     0     0  0.000E+00  0.000E+00  0.000E+00  0.000E+00  0.000E+00  0.000E+00  0.000E+00  0.000E+00  0.000  0.000  0.000  0.000  1.374E-02  0.000E+00
     97 2.872E+00 2.325E+02     0     4     4     0     0  0.000E+00  0.000E+00  0.000E+00  0.000E+00  0.000E+00  0.000E+00  0.000E+00  0.000E+00  0.000  0.000  0.000  0.000  1.389E-02  0.000E+00
     98 3.160E+00 2.357E+02     0     4     4     0     0  0.000E+00  0.000E+00  0.000E+00  0.000E+00  0.000E+00  0.000E+00  0.000E+00  0.000E+00  0.000  0.000  0.000  0.000  1.399E-02  0.000E+00
     99 3.476E+00 2.392E+02     0     4     4     0     0  0.000E+00  0.000E+00  0.000E+00  0.000E+00  0.000E+00  0.000E+00  0.000E+00  0.000E+00  0.000  0.000  0.000  0.000  1.404E-02  0.000E+00
    100 3.823E+00 2.430E+02     0     4     4     0     0  0.000E+00  0.000E+00  0.000E+00  0.000E+00  0.000E+00  0.000E+00  0.000E+00  0.000E+00  0.000  0.000  0.000  0.000  1.378E-02  0.000E+00
    101 2.103E+00 2.451E+02     1     4    14     0     0  0.000E+00  0.000E+00  0.000E+00  0.000E+00  0.000E+00  0.000E+00  0.000E+00  0.000E+00  0.000  0.000  0.000  0.000  4.797E-02  0.000E+00
    102 2.313E+00 2.474E+02     0     4     4     0     0  0.000E+00  0.000E+00  0.000E+00  0.000E+00  0.000E+00  0.000E+00  0.000E+00  0.000E+00  0.000  0.000  0.000  0.000  1.373E-02  0.000E+00
    103 2.544E+00 2.500E+02     0     4     4     0     0  0.000E+00  0.000E+00  0.000E+00  0.000E+00  0.000E+00  0.000E+00  0.000E+00  0.000E+00  0.000  0.000  0.000  0.000  1.375E-02  0.000E+00
    104 2.799E+00 2.528E+02     0     4     4     0     0  0.000E+00  0.000E+00  0.000E+00  0.000E+00  0.000E+00  0.000E+00  0.000E+00  0.000E+00  0.000  0.000  0.000  0.000  1.372E-02  0.000E+00
    105 3.079E+00 2.558E+02     0     4     4     0     0  0.000E+00  0.000E+00  0.000E+00  0.000E+00  0.000E+00  0.000E+00  0.000E+00  0.000E+00  0.000  0.000  0.000  0.000  1.285E-02  0.000E+00
    106 3.387E+00 2.592E+02     0     4     4     0     0  0.000E+00  0.000E+00  0.000E+00  0.000E+00  0.000E+00  0.000E+00  0.000E+00  0.000E+00  0.000  0.000  0.000  0.000  1.375E-02  0.000E+00
    107 3.725E+00 2.629E+02     0     4     4     0     0  0.000E+00  0.000E+00  0.000E+00  0.000E+00  0.000E+00  0.000E+00  0.000E+00  0.000E+00  0.000  0.000  0.000  0.000  1.367E-02  0.000E+00
    108 2.049E+00 2.650E+02     1     4    14     0     0  0.000E+00  0.000E+00  0.000E+00  0.000E+00  0.000E+00  0.000E+00  0.000E+00  0.000E+00  0.000  0.000  0.000  0.000  5.161E-02  0.000E+00
    109 2.254E+00 2.672E+02     0     4     4     0     0  0.000E+00  0.000E+00  0.000E+00  0.000E+00  0.000E+00  0.000E+00  0.000E+00  0.000E+00  0.000  0.000  0.000  0.000  1.374E-02  0.000E+00
    110 2.479E+00 2.697E+02     0     4     4     0     0  0.000E+00  0.000E+00  0.000E+00  0.000E+00  0.000E+00  0.000E+00  0.000E+00  0.000E+00  0.000  0.000  0.000  0.000  1.384E-02  0.000E+00
    111 2.727E+00 2.724E+02     0     4     4     0     0  0.000E+00  0.000E+00  0.000E+00  0.000E+00  0.000E+00  0.000E+00  0.000E+00  0.000E+00  0.000  0.000  0.000  0.000  1.370E-02  0.000E+00
    112 3.000E+00 2.754E+02     0     4     4     0     0  0.000E+00  0.000E+00  0.000E+00  0.000E+00  0.000E+00  0.000E+00  0.000E+00  0.000E+00  0.000  0.000  0.000  0.000  1.374E-02  0.000E+00
    113 3.300E+00 2.787E+02     0     4     4     0     0  0.000E+00  0.000E+00  0.000E+00  0.000E+00  0.000E+00  0.000E+00  0.000E+00  0.000E+00  0.000  0.000  0.000  0.000  1.372E-02  0.000E+00
    114 3.630E+00 2.824E+02     0     4     4     0     0  0.000E+00  0.000E+00  0.000E+00  0.000E+00  0.000E+00  0.000E+00  0.000E+00  0.000E+00  0.000  0.000  0.000  0.000  1.366E-02  0.000E+00
    115 3.993E+00 2.864E+02     0     4     4     0     0  0.000E+00  0.000E+00  0.000E+00  0.000E+00  0.000E+00  0.000E+00  0.000E+00  0.000E+00  0.000  0.000  0.000  0.000  1.374E-02  0.000E+00
    116 2.196E+00 2.886E+02     1     4    14     0     0  0.000E+00  0.000E+00  0.000E+00  0.000E+00  0.000E+00  0.000E+00  0.000E+00  0.000E+00  0.000  0.000  0.000  0.000  4.796E-02  0.000E+00
    117 2.416E+00 2.910E+02     0     4     4     0     0  0.000E+00  0.000E+00  0.000E+00  0.000E+00  0.000E+00  0.000E+00  0.000E+00  0.000E+00  0.000  0.000  0.000  0.000  1.362E-02  0.000E+00
    118 2.657E+00 2.936E+02     0     4     4     0     0  0.000E+00  0.000E+00  0.000E+00  0.000E+00  0.000E+00  0.000E+00  0.000E+00  0.000E+00  0.000  0.000  0.000  0.000  1.363E-02  0.000E+00
    119 2.923E+00 2.966E+02     0     4     4     0     0  0.000E+00  0.000E+00  0.000E+00  0.000E+00  0.000E+00  0.000E+00  0.000E+00  0.000E+00  0.000  0.000  0.000  0.000  1.356E-02  0.000E+00
    120 3.215E+00 2.998E+02     0     4     4     0     0  0.000E+00  0.000E+00  0.000E+00  0.000E+00  0.000E+00  0.000E+00  0.000E+00  0.000E+00  0.000  0.000  0.000  0.000  1.372E-02  0.000E+00
    121 3.537E+00 3.033E+02     0     4     4     0     0  0.000E+00  0.000E+00  0.000E+00  0.000E+00  0.000E+00  0.000E+00  0.000E+00  0.000E+00  0.000  0.000  0.000  0.000  1.364E-02  0.000E+00
    122 3.890E+00 3.072E+02     0     4     4     0     0  0.000E+00  0.000E+00  0.000E+00  0.000E+00  0.000E+00  0.000E+00  0.000E+00  0.000E+00  0.000  0.000  0.000  0.000  1.372E-02  0.000E+00
    123 2.140E+00 3.093E+02     1     4    14     0     0  0.000E+00  0.000E+00  0.000E+00  0.000E+00  0.000E+00  0.000E+00  0.000E+00  0.000E+00  0.000  0.000  0.000  0.000  4.803E-02  0.000E+00
    124 2.354E+00 3.117E+02     0     4     4     0     0  0.000E+00  0.000E+00  0.000E+00  0.000E+00  0.000E+00  0.000E+00  0.000E+00  0.000E+00  0.000  0.000  0.000  0.000  1.382E-02  0.000E+00
    125 2.589E+00 3.143E+02     0     4     4     0     0  0.000E+00  0.000E+00  0.000E+00  0.000E+00  0.000E+00  0.000E+00  0.000E+00  0.000E+00  0.000  0.000  0.000  0.000  1.386E-02  0.000E+00
    126 2.848E+00 3.171E+02     0     4     4     0     0  0.000E+00  0.000E+00  0.000E+00  0.000E+00  0.000E+00  0.000E+00  0.000E+00  0.000E+00  0.000  0.000  0.000  0.000  1.364E-02  0.000E+00
    127 3.133E+00 3.203E+02     0     4     4     0     0  0.000E+00  0.000E+00  0.000E+00  0.000E+00  0.000E+00  0.000E+00  0.000E+00  0.000E+00  0.000  0.000  0.000  0.000  1.387E-02  0.000E+00
    128 3.446E+00 3.237E+02     0     4     4     0     0  0.000E+00  0.000E+00  0.000E+00  0.000E+00  0.000E+00  0.000E+00  0.000E+00  0.000E+00  0.000  0.000  0.000  0.000  1.389E-02  0.000E+00
    129 3.790E+00 3.275E+02     0     4     4     0     0  0.000E+00  0.000E+00  0.000E+00  0.000E+00  0.000E+00  0.000E+00  0.000E+00  0.000E+00  0.000  0.000  0.000  0.000  1.395E-02  0.000E+00
    130 4.170E+00 3.317E+02     0     4     4     0     0  0.000E+00  0.000E+00  0.000E+00  0.000E+00  0.000E+00  0.000E+00  0.000E+00  0.000E+00  0.000  0.000  0.000  0.000  1.370E-02  0.000E+00
    131 2.293E+00 3.340E+02     1     4    14     0     0  0.000E+00  0.000E+00  0.000E+00  0.000E+00  0.000E+00  0.000E+00  0.000E+00  0.000E+00  0.000  0.000  0.000  0.000  4.818E-02  0.000E+00
    132 2.523E+00 3.365E+02     0     4     4     0     0  0.000E+00  0.000E+00  0.000E+00  0.000E+00  0.000E+00  0.000E+00  0.000E+00  0.000E+00  0.000  0.000  0.000  0.000  1.366E-02  0.000E+00
    133 2.775E+00 3.393E+02     0     4     4     0     0  0.000E+00  0.000E+00  0.000E+00  0.000E+00  0.000E+00  0.000E+00  0.000E+00  0.000E+00  0.000  0.000  0.000  0.000  1.367E-02  0.000E+00
    134 3.052E+00 3.423E+02     0     4     4     0     0  0.000E+00  0.000E+00  0.000E+00  0.000E+00  0.000E+00  0.000E+00  0.000E+00  0.000E+00  0.000  0.000  0.000  0.000  1.380E-02  0.000E+00
    135 3.358E+00 3.457E+02     0     4     4     0     0  0.000E+00  0.000E+00  0.000E+00  0.000E+00  0.000E+00  0.000E+00  0.000E+00  0.000E+00  0.000  0.000  0.000  0.000  1.372E-02  0.000E+00
    136 3.693E+00 3.494E+02     0     4     4     0     0  0.000E+00  0.000E+00  0.000E+00  0.000E+00  0.000E+00  0.000E+00  0.000E+00  0.000E+00  0.000  0.000  0.000  0.000  1.367E-02  0.000E+00
    137 4.063E+00 3.534E+02     0     4     4     0     0  0.000E+00  0.000E+00  0.000E+00  0.000E+00  0.000E+00  0.000E+00  0.000E+00  0.000E+00  0.000  0.000  0.000  0.000  1.386E-02  0.000E+00
    138 2.234E+00 3.557E+02     1     4    14     0     0  0.000E+00  0.000E+00  0.000E+00  0.000E+00  0.000E+00  0.000E+00  0.000E+00  0.000E+00  0.000  0.000  0.000  0.000  4.792E-02  0.000E+00
    139 2.458E+00 3.581E+02     0     4     4     0     0  0.000E+00  0.000E+00  0.000E+00  0.000E+00  0.000E+00  0.000E+00  0.000E+00  0.000E+00  0.000  0.000  0.000  0.000  1.363E-02  0.000E+00
    140 2.704E+00 3.608E+02     0     4     4     0     0  0.000E+00  0.000E+00  0.000E+00  0.000E+00  0.000E+00  0.000E+00  0.000E+00  0.000E+00  0.000  0.000  0.000  0.000  1.381E-02  0.000E+00
    141 2.974E+00 3.638E+02     0     4     4     0     0  0.000E+00  0.000E+00  0.000E+00  0.000E+00  0.000E+00  0.000E+00  0.000E+00  0.000E+00  0.000  0.000  0.000  0.000  1.395E-02  0.000E+00
    142 3.271E+00 3.671E+02     0     4     4     0     0  0.000E+00  0.000E+00  0.000E+00  0.000E+00  0.000E+00  0.000E+00  0.000E+00  0.000E+00  0.000  0.000  0.000  0.000  1.385E-02  0.000E+00
    143 3.599E+00 3.707E+02     0     4     4     0     0  0.000E+00  0.000E+00  0.000E+00  0.000E+00  0.000E+00  0.000E+00  0.000E+00  0.000E+00  0.000  0.000  0.000  0.000  1.362E-02  0.000E+00
    144 3.958E+00 3.746E+02     0     4     4     0     0  0.000E+00  0.000E+00  0.000E+00  0.000E+00  0.000E+00  0.000E+00  0.000E+00  0.000E+00  0.000  0.000  0.000  0.000  1.364E-02  0.000E+00
    145 4.354E+00 3.790E+02     0     4     4     0     0  0.000E+00  0.000E+00  0.000E+00  0.000E+00  0.000E+00  0.000E+00  0.000E+00  0.000E+00  0.000  0.000  0.000  0.000  1.374E-02  0.000E+00
    146 2.395E+00 3.814E+02     1     4    14     0     0  0.000E+00  0.000E+00  0.000E+00  0.000E+00  0.000E+00  0.000E+00  0.000E+00  0.000E+00  0.000  0.000  0.000  0.000  4.800E-02  0.000E+00
    147 2.634E+00 3.840E+02     0     4     4     0     0  0.000E+00  0.000E+00  0.000E+00  0.000E+00  0.000E+00  0.000E+00  0.000E+00  0.000E+00  0.000  0.000  0.000  0.000  1.371E-02  0.000E+00
    148 2.898E+00 3.869E+02     0     4     4     0     0  0.000E+00  0.000E+00  0.000E+00  0.000E+00  0.000E+00  0.000E+00  0.000E+00  0.000E+00  0.000  0.000  0.000  0.000  1.367E-02  0.000E+00
    149 3.188E+00 3.901E+02     0     4     4     0     0  0.000E+00  0.000E+00  0.000E+00  0.000E+00  0.000E+00  0.000E+00  0.000E+00  0.000E+00  0.000  0.000  0.000  0.000  1.364E-02  0.000E+00
    150 3.506E+00 3.936E+02     0     4     4     0     0  0.000E+00  0.000E+00  0.000E+00  0.000E+00  0.000E+00  0.000E+00  0.000E+00  0.000E+00  0.000  0.000  0.000  0.000  1.364E-02  0.000E+00
    151 3.857E+00 3.975E+02     0     4     4     0     0  0.000E+00  0.000E+00  0.000E+00  0.000E+00  0.000E+00  0.000E+00  0.000E+00  0.000E+00  0.000  0.000  0.000  0.000  1.359E-02  0.000E+00
    152 4.243E+00 4.017E+02     0     4     4     0     0  0.000E+00  0.000E+00  0.000E+00  0.000E+00  0.000E+00  0.000E+00  0.000E+00  0.000E+00  0.000  0.000  0.000  0.000  1.344E-02  0.000E+00
    153 2.333E+00 4.040E+02     1     4    14     0     0  0.000E+00  0.000E+00  0.000E+00  0.000E+00  0.000E+00  0.000E+00  0.000E+00  0.000E+00  0.000  0.000  0.000  0.000  4.818E-02  0.000E+00
    154 2.567E+00 4.066E+02     0     4     4     0     0  0.000E+00  0.000E+00  0.000E+00  0.000E+00  0.000E+00  0.000E+00  0.000E+00  0.000E+00  0.000  0.000  0.000  0.000  1.300E-02  0.000E+00
    155 2.823E+00 4.094E+02     0     4     4     0     0  0.000E+00  0.000E+00  0.000E+00  0.000E+00  0.000E+00  0.000E+00  0.000E+00  0.000E+00  0.000  0.000  0.000  0.000  1.359E-02  0.000E+00
    156 3.106E+00 4.125E+02     0     4     4     0     0  0.000E+00  0.000E+00  0.000E+00  0.000E+00  0.000E+00  0.000E+00  0.000E+00  0.000E+00  0.000  0.000  0.000  0.000  1.363E-02  0.000E+00
    157 3.416E+00 4.159E+02     0     4     4     0     0  0.000E+00  0.000E+00  0.000E+00  0.000E+00  0.000E+00  0.000E+00  0.000E+00  0.000E+00  0.000  0.000  0.000  0.000  1.386E-02  0.000E+00
    158 3.758E+00 4.197E+02     0     4     4     0     0  0.000E+00  0.000E+00  0.000E+00  0.000E+00  0.000E+00  0.000E+00  0.000E+00  0.000E+00  0.000  0.000  0.000  0.000  1.379E-02  0.000E+00
    159 4.134E+00 4.238E+02     0     4     4     0     0  0.000E+00  0.000E+00  0.000E+00  0.000E+00  0.000E+00  0.000E+00  0.000E+00  0.000E+00  0.000  0.000  0.000  0.000  1.366E-02  0.000E+00
    160 4.547E+00 4.284E+02     0     4     4     0     0  0.000E+00  0.000E+00  0.000E+00  0.000E+00  0.000E+00  0.000E+00  0.000E+00  0.000E+00  0.000  0.000  0.000  0.000  1.369E-02  0.000E+00
    161 2.501E+00 4.309E+02     1     4    14     0     0  0.000E+00  0.000E+00  0.000E+00  0.000E+00  0.000E+00  0.000E+00  0.000E+00  0.000E+00  0.000  0.000  0.000  0.000  4.799E-02  0.000E+00
    162 2.751E+00 4.336E+02     0     4     4     0     0  0.000E+00  0.000E+00  0.000E+00  0.000E+00  0.000E+00  0.000E+00  0.000E+00  0.000E+00  0.000  0.000  0.000  0.000  1.384E-02  0.000E+00
    163 3.026E+00 4.367E+02     0     4     4     0     0  0.000E+00  0.000E+00  0.000E+00  0.000E+00  0.000E+00  0.000E+00  0.000E+00  0.000E+00  0.000  0.000  0.000  0.000  1.382E-02  0.000E+00
    164 3.329E+00 4.400E+02     0     4     4     0     0  0.000E+00  0.000E+00  0.000E+00  0.000E+00  0.000E+00  0.000E+00  0.000E+00  0.000E+00  0.000  0.000  0.000  0.000  1.386E-02  0.000E+00
    165 3.662E+00 4.437E+02     0     4     4     0     0  0.000E+00  0.000E+00  0.000E+00  0.000E+00  0.000E+00  0.000E+00  0.000E+00  0.000E+00  0.000  0.000  0.000  0.000  1.384E-02  0.000E+00
    166 4.028E+00 4.477E+02     0     4     4     0     0  0.000E+00  0.000E+00  0.000E+00  0.000E+00  0.000E+00  0.000E+00  0.000E+00  0.000E+00  0.000  0.000  0.000  0.000  1.402E-02  0.000E+00
    167 4.431E+00 4.521E+02     0     4     4     0     0  0.000E+00  0.000E+00  0.000E+00  0.000E+00  0.000E+00  0.000E+00  0.000E+00  0.000E+00  0.000  0.000  0.000  0.000  1.374E-02  0.000E+00
    168 4.874E+00 4.570E+02     0     4     4     0     0  0.000E+00  0.000E+00  0.000E+00  0.000E+00  0.000E+00  0.000E+00  0.000E+00  0.000E+00  0.000  0.000  0.000  0.000  1.387E-02  0.000E+00
    169 2.681E+00 4.597E+02     1     4    14     0     0  0.000E+00  0.000E+00  0.000E+00  0.000E+00  0.000E+00  0.000E+00  0.000E+00  0.000E+00  0.000  0.000  0.000  0.000  4.823E-02  0.000E+00
    170 2.949E+00 4.626E+02     0     4     4     0     0  0.000E+00  0.000E+00  0.000E+00  0.000E+00  0.000E+00  0.000E+00  0.000E+00  0.000E+00  0.000  0.000  0.000  0.000  1.383E-02  0.000E+00
    171 3.243E+00 4.659E+02     0     4     4     0     0  0.000E+00  0.000E+00  0.000E+00  0.000E+00  0.000E+00  0.000E+00  0.000E+00  0.000E+00  0.000  0.000  0.000  0.000  1.387E-02  0.000E+00
    172 3.568E+00 4.694E+02     0     4     4     0     0  0.000E+00  0.000E+00  0.000E+00  0.000E+00  0.000E+00  0.000E+00  0.000E+00  0.000E+00  0.000  0.000  0.000  0.000  1.380E-02  0.000E+00
    173 3.925E+00 4.734E+02     0     4     4     0     0  0.000E+00  0.000E+00  0.000E+00  0.000E+00  0.000E+00  0.000E+00  0.000E+00  0.000E+00  0.000  0.000  0.000  0.000  1.381E-02  0.000E+00
    174 4.317E+00 4.777E+02     0     4     4     0     0  0.000E+00  0.000E+00  0.000E+00  0.000E+00  0.000E+00  0.000E+00  0.000E+00  0.000E+00  0.000  0.000  0.000  0.000  1.382E-02  0.000E+00
    175 4.749E+00 4.824E+02     0     4     4     0     0  0.000E+00  0.000E+00  0.000E+00  0.000E+00  0.000E+00  0.000E+00  0.000E+00  0.000E+00  0.000  0.000  0.000  0.000  1.367E-02  0.000E+00
    176 2.612E+00 4.850E+02     1     4    14     0     0  0.000E+00  0.000E+00  0.000E+00  0.000E+00  0.000E+00  0.000E+00  0.000E+00  0.000E+00  0.000  0.000  0.000  0.000  4.808E-02  0.000E+00
    177 2.873E+00 4.879E+02     0     4     4     0     0  0.000E+00  0.000E+00  0.000E+00  0.000E+00  0.000E+00  0.000E+00  0.000E+00  0.000E+00  0.000  0.000  0.000  0.000  1.383E-02  0.000E+00
    178 3.160E+00 4.911E+02     0     4     4     0     0  0.000E+00  0.000E+00  0.000E+00  0.000E+00  0.000E+00  0.000E+00  0.000E+00  0.000E+00  0.000  0.000  0.000  0.000  1.365E-02  0.000E+00
    179 3.476E+00 4.945E+02     0     4     4     0     0  0.000E+00  0.000E+00  0.000E+00  0.000E+00  0.000E+00  0.000E+00  0.000E+00  0.000E+00  0.000  0.000  0.000  0.000  1.369E-02  0.000E+00
    180 3.824E+00 4.984E+02     0     4     4     0     0  0.000E+00  0.000E+00  0.000E+00  0.000E+00  0.000E+00  0.000E+00  0.000E+00  0.000E+00  0.000  0.000  0.000  0.000  1.378E-02  0.000E+00
    181 4.206E+00 5.026E+02     0     4     4     0     0  0.000E+00  0.000E+00  0.000E+00  0.000E+00  0.000E+00  0.000E+00  0.000E+00  0.000E+00  0.000  0.000  0.000  0.000  1.277E-02  0.000E+00
    182 4.627E+00 5.072E+02     0     4     4     0     0  0.000E+00  0.000E+00  0.000E+00  0.000E+00  0.000E+00  0.000E+00  0.000E+00  0.000E+00  0.000  0.000  0.000  0.000  1.367E-02  0.000E+00
    183 5.090E+00 5.123E+02     0     4     4     0     0  0.000E+00  0.000E+00  0.000E+00  0.000E+00  0.000E+00  0.000E+00  0.000E+00  0.000E+00  0.000  0.000  0.000  0.000  1.382E-02  0.000E+00
    184 2.799E+00 5.151E+02     1     4    14     0     0  0.000E+00  0.000E+00  0.000E+00  0.000E+00  0.000E+00  0.000E+00  0.000E+00  0.000E+00  0.000  0.000  0.000  0.000  4.829E-02  0.000E+00
    185 3.079E+00 5.182E+02     0     4     4     0     0  0.000E+00  0.000E+00  0.000E+00  0.000E+00  0.000E+00  0.000E+00  0.000E+00  0.000E+00  0.000  0.000  0.000  0.000  1.367E-02  0.000E+00
    186 3.387E+00 5.216E+02     0     4     4     0     0  0.000E+00  0.000E+00  0.000E+00  0.000E+00  0.000E+00  0.000E+00  0.000E+00  0.000E+00  0.000  0.000  0.000  0.000  1.381E-02  0.000E+00
    187 3.726E+00 5.253E+02     0     4     4     0     0  0.000E+00  0.000E+00  0.000E+00  0.000E+00  0.000E+00  0.000E+00  0.000E+00  0.000E+00  0.000  0.000  0.000  0.000  1.376E-02  0.000E+00
    188 4.098E+00 5.294E+02     0     4     4     0     0  0.000E+00  0.000E+00  0.000E+00  0.000E+00  0.000E+00  0.000E+00  0.000E+00  0.000E+00  0.000  0.000  0.000  0.000  1.363E-02  0.000E+00
    189 4.508E+00 5.339E+02     0     4     4     0     0  0.000E+00  0.000E+00  0.000E+00  0.000E+00  0.000E+00  0.000E+00  0.000E+00  0.000E+00  0.000  0.000  0.000  0.000  1.372E-02  0.000E+00
    190 4.959E+00 5.388E+02     0     4     4     0     0  0.000E+00  0.000E+00  0.000E+00  0.000E+00  0.000E+00  0.000E+00  0.000E+00  0.000E+00  0.000  0.000  0.000  0.000  1.374E-02  0.000E+00
    191 2.728E+00 5.416E+02     1     4    14     0     0  0.000E+00  0.000E+00  0.000E+00  0.000E+00  0.000E+00  0.000E+00  0.000E+00  0.000E+00  0.000  0.000  0.000  0.000  4.810E-02  0.000E+00
    192 3.000E+00 5.446E+02     0     4     4     0     0  0.000E+00  0.000E+00  0.000E+00  0.000E+00  0.000E+00  0.000E+00  0.000E+00  0.000E+00  0.000  0.000  0.000  0.000  1.280E-02  0.000E+00
    193 3.300E+00 5.479E+02     0     4     4     0     0  0.000E+00  0.000E+00  0.000E+00  0.000E+00  0.000E+00  0.000E+00  0.000E+00  0.000E+00  0.000  0.000  0.000  0.000  1.375E-02  0.000E+00
    194 3.630E+00 5.515E+02     0     4     4     0     0  0.000E+00  0.000E+00  0.000E+00  0.000E+00  0.000E+00  0.000E+00  0.000E+00  0.000E+00  0.000  0.000  0.000  0.000  1.284E-02  0.000E+00
    195 3.993E+00 5.555E+02     0     4     4     0     0  0.000E+00  0.000E+00  0.000E+00  0.000E+00  0.000E+00  0.000E+00  0.000E+00  0.000E+00  0.000  0.000  0.000  0.000  1.373E-02  0.000E+00
    196 4.393E+00 5.599E+02     0     4     4     0     0  0.000E+00  0.000E+00  0.000E+00  0.000E+00  0.000E+00  0.000E+00  0.000E+00  0.000E+00  0.000  0.000  0.000  0.000  1.366E-02  0.000E+00
    197 4.832E+00 5.647E+02     0     4     4     0     0  0.000E+00  0.000E+00  0.000E+00  0.000E+00  0.000E+00  0.000E+00  0.000E+00  0.000E+00  0.000  0.000  0.000  0.000  1.381E-02  0.000E+00
    198 5.315E+00 5.700E+02     0     4     4     0     0  0.000E+00  0.000E+00  0.000E+00  0.000E+00  0.000E+00  0.000E+00  0.000E+00  0.000E+00  0.000  0.000  0.000  0.000  1.358E-02  0.000E+00
    199 2.923E+00 5.730E+02     1     4    14     0     0  0.000E+00  0.000E+00  0.000E+00  0.000E+00  0.000E+00  0.000E+00  0.000E+00  0.000E+00  0.000  0.000  0.000  0.000  4.804E-02  0.000E+00
    200 3.216E+00 5.762E+02     0     4     4     0     0  0.000E+00  0.000E+00  0.000E+00  0.000E+00  0.000E+00  0.000E+00  0.000E+00  0.000E+00  0.000  0.000  0.000  0.000  1.270E-02  0.000E+00
    201 3.537E+00 5.797E+02     0     4     4     0     0  0.000E+00  0.000E+00  0.000E+00  0.000E+00  0.000E+00  0.000E+00  0.000E+00  0.000E+00  0.000  0.000  0.000  0.000  1.383E-02  0.000E+00
    202 3.891E+00 5.836E+02     0     4     4     0     0  0.000E+00  0.000E+00  0.000E+00  0.000E+00  0.000E+00  0.000E+00  0.000E+00  0.000E+00  0.000  0.000  0.000  0.000  1.367E-02  0.000E+00
    203 4.280E+00 5.879E+02     0     4     4     0     0  0.000E+00  0.000E+00  0.000E+00  0.000E+00  0.000E+00  0.000E+00  0.000E+00  0.000E+00  0.000  0.000  0.000  0.000  1.363E-02  0.000E+00
    204 4.708E+00 5.926E+02     0     4     4     0     0  0.000E+00  0.000E+00  0.000E+00  0.000E+00  0.000E+00  0.000E+00  0.000E+00  0.000E+00  0.000  0.000  0.000  0.000  1.367E-02  0.000E+00
    205 5.179E+00 5.978E+02     0     4     4     0     0  0.000E+00  0.000E+00  0.000E+00  0.000E+00  0.000E+00  0.000E+00  0.000E+00  0.000E+00  0.000  0.000  0.000  0.000  1.375E-02  0.000E+00
    206 2.848E+00 6.006E+02     1     4    14     0     0  0.000E+00  0.000E+00  0.000E+00  0.000E+00  0.000E+00  0.000E+00  0.000E+00  0.000E+00  0.000  0.000  0.000  0.000  4.792E-02  0.000E+00
    207 3.133E+00 6.038E+02     0     4     4     0     0  0.000E+00  0.000E+00  0.000E+00  0.000E+00  0.000E+00  0.000E+00  0.000E+00  0.000E+00  0.000  0.000  0.000  0.000  1.351E-02  0.000E+00
    208 3.447E+00 6.072E+02     0     4     4     0     0  0.000E+00  0.000E+00  0.000E+00  0.000E+00  0.000E+00  0.000E+00  0.000E+00  0.000E+00  0.000  0.000  0.000  0.000  1.370E-02  0.000E+00
    209 3.791E+00 6.110E+02     0     4     4     0     0  0.000E+00  0.000E+00  0.000E+00  0.000E+00  0.000E+00  0.000E+00  0.000E+00  0.000E+00  0.000  0.000  0.000  0.000  1.358E-02  0.000E+00
    210 4.170E+00 6.152E+02     0     4     4     0     0  0.000E+00  0.000E+00  0.000E+00  0.000E+00  0.000E+00  0.000E+00  0.000E+00  0.000E+00  0.000  0.000  0.000  0.000  1.365E-02  0.000E+00
    211 4.587E+00 6.197E+02     0     4     4     0     0  0.000E+00  0.000E+00  0.000E+00  0.000E+00  0.000E+00  0.000E+00  0.000E+00  0.000E+00  0.000  0.000  0.000  0.000  1.345E-02  0.000E+00
    212 5.046E+00 6.248E+02     0     4     4     0     0  0.000E+00  0.000E+00  0.000E+00  0.000E+00  0.000E+00  0.000E+00  0.000E+00  0.000E+00  0.000  0.000  0.000  0.000  1.342E-02  0.000E+00
    213 5.551E+00 6.303E+02     0     4     4     0     0  0.000E+00  0.000E+00  0.000E+00  0.000E+00  0.000E+00  0.000E+00  0.000E+00  0.000E+00  0.000  0.000  0.000  0.000  1.338E-02  0.000E+00
    214 3.053E+00 6.334E+02     1     4    14     0     0  0.000E+00  0.000E+00  0.000E+00  0.000E+00  0.000E+00  0.000E+00  0.000E+00  0.000E+00  0.000  0.000  0.000  0.000  4.817E-02  0.000E+00
    215 3.358E+00 6.368E+02     0     4     4     0     0  0.000E+00  0.000E+00  0.000E+00  0.000E+00  0.000E+00  0.000E+00  0.000E+00  0.000E+00  0.000  0.000  0.000  0.000  1.386E-02  0.000E+00
    216 3.694E+00 6.404E+02     0     4     4     0     0  0.000E+00  0.000E+00  0.000E+00  0.000E+00  0.000E+00  0.000E+00  0.000E+00  0.000E+00  0.000  0.000  0.000  0.000  1.356E-02  0.000E+00
    217 4.063E+00 6.445E+02     0     4     4     0     0  0.000E+00  0.000E+00  0.000E+00  0.000E+00  0.000E+00  0.000E+00  0.000E+00  0.000E+00  0.000  0.000  0.000  0.000  1.357E-02  0.000E+00
    218 4.470E+00 6.490E+02     0     4     4     0     0  0.000E+00  0.000E+00  0.000E+00  0.000E+00  0.000E+00  0.000E+00  0.000E+00  0.000E+00  0.000  0.000  0.000  0.000  1.339E-02  0.000E+00
    219 4.917E+00 6.539E+02     0     4     4     0     0  0.000E+00  0.000E+00  0.000E+00  0.000E+00  0.000E+00  0.000E+00  0.000E+00  0.000E+00  0.000  0.000  0.000  0.000  1.343E-02  0.000E+00
    220 5.408E+00 6.593E+02     0     4     4     0     0  0.000E+00  0.000E+00  0.000E+00  0.000E+00  0.000E+00  0.000E+00  0.000E+00  0.000E+00  0.000  0.000  0.000  0.000  1.363E-02  0.000E+00
    221 2.975E+00 6.623E+02     1     4    14     0     0  0.000E+00  0.000E+00  0.000E+00  0.000E+00  0.000E+00  0.000E+00  0.000E+00  0.000E+00  0.000  0.000  0.000  0.000  4.790E-02  0.000E+00
    222 3.272E+00 6.656E+02     0     4     4     0     0  0.000E+00  0.000E+00  0.000E+00  0.000E+00  0.000E+00  0.000E+00  0.000E+00  0.000E+00  0.000  0.000  0.000  0.000  1.364E-02  0.000E+00
    223 3.599E+00 6.692E+02     0     4     4     0     0  0.000E+00  0.000E+00  0.000E+00  0.000E+00  0.000E+00  0.000E+00  0.000E+00  0.000E+00  0.000  0.000  0.000  0.000  1.371E-02  0.000E+00
    224 3.959E+00 6.731E+02     0     4     4     0     0  0.000E+00  0.000E+00  0.000E+00  0.000E+00  0.000E+00  0.000E+00  0.000E+00  0.000E+00  0.000  0.000  0.000  0.000  1.374E-02  0.000E+00
    225 4.355E+00 6.775E+02     0     4     4     0     0  0.000E+00  0.000E+00  0.000E+00  0.000E+00  0.000E+00  0.000E+00  0.000E+00  0.000E+00  0.000  0.000  0.000  0.000  1.268E-02  0.000E+00
    226 4.791E+00 6.823E+02     0     4     4     0     0  0.000E+00  0.000E+00  0.000E+00  0.000E+00  0.000E+00  0.000E+00  0.000E+00  0.000E+00  0.000  0.000  0.000  0.000  1.372E-02  0.000E+00
    227 5.270E+00 6.875E+02     0     4     4     0     0  0.000E+00  0.000E+00  0.000E+00  0.000E+00  0.000E+00  0.000E+00  0.000E+00  0.000E+00  0.000  0.000  0.000  0.000  1.376E-02  0.000E+00
    228 5.797E+00 6.933E+02     0     4     4     0     0  0.000E+00  0.000E+00  0.000E+00  0.000E+00  0.000E+00  0.000E+00  0.000E+00  0.000E+00  0.000  0.000  0.000  0.000  1.372E-02  0.000E+00
    229 3.188E+00 6.965E+02     1     4    14     0     0  0.000E+00  0.000E+00  0.000E+00  0.000E+00  0.000E+00  0.000E+00  0.000E+00  0.000E+00  0.000  0.000  0.000  0.000  4.674E-02  0.000E+00
    230 3.507E+00 7.000E+02     0     4     4     0     0  0.000E+00  0.000E+00  0.000E+00  0.000E+00  0.000E+00  0.000E+00  0.000E+00  0.000E+00  0.000  0.000  0.000  0.000  1.350E-02  0.000E+00
    231 3.858E+00 7.039E+02     0     4     4     0     0  0.000E+00  0.000E+00  0.000E+00  0.000E+00  0.000E+00  0.000E+00  0.000E+00  0.000E+00  0.000  0.000  0.000  0.000  1.366E-02  0.000E+00
    232 4.243E+00 7.081E+02     0     4     4     0     0  0.000E+00  0.000E+00  0.000E+00  0.000E+00  0.000E+00  0.000E+00  0.000E+00  0.000E+00  0.000  0.000  0.000  0.000  1.371E-02  0.000E+00
    233 4.668E+00 7.128E+02     0     4     4     0     0  0.000E+00  0.000E+00  0.000E+00  0.000E+00  0.000E+00  0.000E+00  0.000E+00  0.000E+00  0.000  0.000  0.000  0.000  1.373E-02  0.000E+00
    234 5.135E+00 7.179E+02     0     4     4     0     0  0.000E+00  0.000E+00  0.000E+00  0.000E+00  0.000E+00  0.000E+00  0.000E+00  0.000E+00  0.000  0.000  0.000  0.000  1.369E-02  0.000E+00
    235 5.648E+00 7.236E+02     0     4     4     0     0  0.000E+00  0.000E+00  0.000E+00  0.000E+00  0.000E+00  0.000E+00  0.000E+00  0.000E+00  0.000  0.000  0.000  0.000  1.375E-02  0.000E+00
    236 3.106E+00 7.267E+02     1     4    14     0     0  0.000E+00  0.000E+00  0.000E+00  0.000E+00  0.000E+00  0.000E+00  0.000E+00  0.000E+00  0.000  0.000  0.000  0.000  4.732E-02  0.000E+00
    237 3.417E+00 7.301E+02     0     4     4     0     0  0.000E+00  0.000E+00  0.000E+00  0.000E+00  0.000E+00  0.000E+00  0.000E+00  0.000E+00  0.000  0.000  0.000  0.000  1.341E-02  0.000E+00
    238 3.759E+00 7.339E+02     0     4     4     0     0  0.000E+00  0.000E+00  0.000E+00  0.000E+00  0.000E+00  0.000E+00  0.000E+00  0.000E+00  0.000  0.000  0.000  0.000  1.341E-02  0.000E+00
    239 4.135E+00 7.380E+02     0     4     4     0     0  0.000E+00  0.000E+00  0.000E+00  0.000E+00  0.000E+00  0.000E+00  0.000E+00  0.000E+00  0.000  0.000  0.000  0.000  1.341E-02  0.000E+00
    240 4.548E+00 7.425E+02     0     4     4     0     0  0.000E+00  0.000E+00  0.000E+00  0.000E+00  0.000E+00  0.000E+00  0.000E+00  0.000E+00  0.000  0.000  0.000  0.000  1.381E-02  0.000E+00
    241 5.003E+00 7.475E+02     0     4     4     0     0  0.000E+00  0.000E+00  0.000E+00  0.000E+00  0.000E+00  0.000E+00  0.000E+00  0.000E+00  0.000  0.000  0.000  0.000  1.368E-02  0.000E+00
    242 5.503E+00 7.530E+02     0     4     4     0     0  0.000E+00  0.000E+00  0.000E+00  0.000E+00  0.000E+00  0.000E+00  0.000E+00  0.000E+00  0.000  0.000  0.000  0.000  1.369E-02  0.000E+00
    243 6.054E+00 7.591E+02     0     4     4     0     0  0.000E+00  0.000E+00  0.000E+00  0.000E+00  0.000E+00  0.000E+00  0.000E+00  0.000E+00  0.000  0.000  0.000  0.000  1.366E-02  0.000E+00
    244 3.329E+00 7.624E+02     1     4    14     0     0  0.000E+00  0.000E+00  0.000E+00  0.000E+00  0.000E+00  0.000E+00  0.000E+00  0.000E+00  0.000  0.000  0.000  0.000  4.769E-02  0.000E+00
    245 3.662E+00 7.661E+02     0     4     4     0     0  0.000E+00  0.000E+00  0.000E+00  0.000E+00  0.000E+00  0.000E+00  0.000E+00  0.000E+00  0.000  0.000  0.000  0.000  1.249E-02  0.000E+00
    246 4.029E+00 7.701E+02     0     4     4     0     0  0.000E+00  0.000E+00  0.000E+00  0.000E+00  0.000E+00  0.000E+00  0.000E+00  0.000E+00  0.000  0.000  0.000  0.000  1.384E-02  0.000E+00
    247 4.431E+00 7.745E+02     0     4     4     0     0  0.000E+00  0.000E+00  0.000E+00  0.000E+00  0.000E+00  0.000E+00  0.000E+00  0.000E+00  0.000  0.000  0.000  0.000  1.369E-02  0.000E+00
    248 4.875E+00 7.794E+02     0     4     4     0     0  0.000E+00  0.000E+00  0.000E+00  0.000E+00  0.000E+00  0.000E+00  0.000E+00  0.000E+00  0.000  0.000  0.000  0.000  1.367E-02  0.000E+00
    249 5.362E+00 7.848E+02     0     4     4     0     0  0.000E+00  0.000E+00  0.000E+00  0.000E+00  0.000E+00  0.000E+00  0.000E+00  0.000E+00  0.000  0.000  0.000  0.000  1.364E-02  0.000E+00
    250 5.898E+00 7.907E+02     0     4     4     0     0  0.000E+00  0.000E+00  0.000E+00  0.000E+00  0.000E+00  0.000E+00  0.000E+00  0.000E+00  0.000  0.000  0.000  0.000  1.360E-02  0.000E+00
    251 3.244E+00 7.939E+02     1     4    14     0     0  0.000E+00  0.000E+00  0.000E+00  0.000E+00  0.000E+00  0.000E+00  0.000E+00  0.000E+00  0.000  0.000  0.000  0.000  4.780E-02  0.000E+00
    252 3.568E+00 7.975E+02     0     4     4     0     0  0.000E+00  0.000E+00  0.000E+00  0.000E+00  0.000E+00  0.000E+00  0.000E+00  0.000E+00  0.000  0.000  0.000  0.000  1.380E-02  0.000E+00
    253 3.925E+00 8.014E+02     0     4     4     0     0  0.000E+00  0.000E+00  0.000E+00  0.000E+00  0.000E+00  0.000E+00  0.000E+00  0.000E+00  0.000  0.000  0.000  0.000  1.369E-02  0.000E+00
    254 4.318E+00 8.057E+02     0     4     4     0     0  0.000E+00  0.000E+00  0.000E+00  0.000E+00  0.000E+00  0.000E+00  0.000E+00  0.000E+00  0.000  0.000  0.000  0.000  1.367E-02  0.000E+00
    255 4.750E+00 8.105E+02     0     4     4     0     0  0.000E+00  0.000E+00  0.000E+00  0.000E+00  0.000E+00  0.000E+00  0.000E+00  0.000E+00  0.000  0.000  0.000  0.000  1.339E-02  0.000E+00
    256 5.225E+00 8.157E+02     0     4     4     0     0  0.000E+00  0.000E+00  0.000E+00  0.000E+00  0.000E+00  0.000E+00  0.000E+00  0.000E+00  0.000  0.000  0.000  0.000  1.386E-02  0.000E+00
    257 5.747E+00 8.215E+02     0     4     4     0     0  0.000E+00  0.000E+00  0.000E+00  0.000E+00  0.000E+00  0.000E+00  0.000E+00  0.000E+00  0.000  0.000  0.000  0.000  1.355E-02  0.000E+00
    258 6.322E+00 8.278E+02     0     4     4     0     0  0.000E+00  0.000E+00  0.000E+00  0.000E+00  0.000E+00  0.000E+00  0.000E+00  0.000E+00  0.000  0.000  0.000  0.000  1.354E-02  0.000E+00
    259 3.477E+00 8.313E+02     1     4    14     0     0  0.000E+00  0.000E+00  0.000E+00  0.000E+00  0.000E+00  0.000E+00  0.000E+00  0.000E+00  0.000  0.000  0.000  0.000  4.685E-02  0.000E+00
    260 3.825E+00 8.351E+02     0     4     4     0     0  0.000E+00  0.000E+00  0.000E+00  0.000E+00  0.000E+00  0.000E+00  0.000E+00  0.000E+00  0.000  0.000  0.000  0.000  1.366E-02  0.000E+00
    261 4.207E+00 8.393E+02     0     4     4     0     0  0.000E+00  0.000E+00  0.000E+00  0.000E+00  0.000E+00  0.000E+00  0.000E+00  0.000E+00  0.000  0.000  0.000  0.000  1.369E-02  0.000E+00
    262 4.628E+00 8.439E+02     0     4     4     0     0  0.000E+00  0.000E+00  0.000E+00  0.000E+00  0.000E+00  0.000E+00  0.000E+00  0.000E+00  0.000  0.000  0.000  0.000  1.366E-02  0.000E+00
    263 5.091E+00 8.490E+02     0     4     4     0     0  0.000E+00  0.000E+00  0.000E+00  0.000E+00  0.000E+00  0.000E+00  0.000E+00  0.000E+00  0.000  0.000  0.000  0.000  1.365E-02  0.000E+00
    264 5.600E+00 8.546E+02     0     4     4     0     0  0.000E+00  0.000E+00  0.000E+00  0.000E+00  0.000E+00  0.000E+00  0.000E+00  0.000E+00  0.000  0.000  0.000  0.000  1.376E-02  0.000E+00
    265 6.160E+00 8.608E+02     0     4     4     0     0  0.000E+00  0.000E+00  0.000E+00  0.000E+00  0.000E+00  0.000E+00  0.000E+00  0.000E+00  0.000  0.000  0.000  0.000  1.361E-02  0.000E+00
    266 3.388E+00 8.642E+02     1     4    14     0     0  0.000E+00  0.000E+00  0.000E+00  0.000E+00  0.000E+00  0.000E+00  0.000E+00  0.000E+00  0.000  0.000  0.000  0.000  4.809E-02  0.000E+00
    267 3.727E+00 8.679E+02     0     4     4     0     0  0.000E+00  0.000E+00  0.000E+00  0.000E+00  0.000E+00  0.000E+00  0.000E+00  0.000E+00  0.000  0.000  0.000  0.000  1.364E-02  0.000E+00
    268 4.099E+00 8.720E+02     0     4     4     0     0  0.000E+00  0.000E+00  0.000E+00  0.000E+00  0.000E+00  0.000E+00  0.000E+00  0.000E+00  0.000  0.000  0.000  0.000  1.365E-02  0.000E+00
    269 4.509E+00 8.765E+02     0     4     4     0     0  0.000E+00  0.000E+00  0.000E+00  0.000E+00  0.000E+00  0.000E+00  0.000E+00  0.000E+00  0.000  0.000  0.000  0.000  1.364E-02  0.000E+00
    270 4.960E+00 8.815E+02     0     4     4     0     0  0.000E+00  0.000E+00  0.000E+00  0.000E+00  0.000E+00  0.000E+00  0.000E+00  0.000E+00  0.000  0.000  0.000  0.000  1.375E-02  0.000E+00
    271 5.456E+00 8.869E+02     0     4     4     0     0  0.000E+00  0.000E+00  0.000E+00  0.000E+00  0.000E+00  0.000E+00  0.000E+00  0.000E+00  0.000  0.000  0.000  0.000  1.361E-02  0.000E+00
    272 6.002E+00 8.929E+02     0     4     4     0     0  0.000E+00  0.000E+00  0.000E+00  0.000E+00  0.000E+00  0.000E+00  0.000E+00  0.000E+00  0.000  0.000  0.000  0.000  1.381E-02  0.000E+00
    273 6.602E+00 8.995E+02     0     4     4     0     0  0.000E+00  0.000E+00  0.000E+00  0.000E+00  0.000E+00  0.000E+00  0.000E+00  0.000E+00  0.000  0.000  0.000  0.000  1.368E-02  0.000E+00
    274 3.631E+00 9.031E+02     1     4    14     0     0  0.000E+00  0.000E+00  0.000E+00  0.000E+00  0.000E+00  0.000E+00  0.000E+00  0.000E+00  0.000  0.000  0.000  0.000  4.719E-02  0.000E+00
    275 3.994E+00 9.071E+02     0     4     4     0     0  0.000E+00  0.000E+00  0.000E+00  0.000E+00  0.000E+00  0.000E+00  0.000E+00  0.000E+00  0.000  0.000  0.000  0.000  1.372E-02  0.000E+00
    276 4.394E+00 9.115E+02     0     4     4     0     0  0.000E+00  0.000E+00  0.000E+00  0.000E+00  0.000E+00  0.000E+00  0.000E+00  0.000E+00  0.000  0.000  0.000  0.000  1.390E-02  0.000E+00
    277 4.833E+00 9.164E+02     0     4     4     0     0  0.000E+00  0.000E+00  0.000E+00  0.000E+00  0.000E+00  0.000E+00  0.000E+00  0.000E+00  0.000  0.000  0.000  0.000  1.394E-02  0.000E+00
    278 5.316E+00 9.217E+02     0     4     4     0     0  0.000E+00  0.000E+00  0.000E+00  0.000E+00  0.000E+00  0.000E+00  0.000E+00  0.000E+00  0.000  0.000  0.000  0.000  1.376E-02  0.000E+00
    279 5.848E+00 9.275E+02     0     4     4     0     0  0.000E+00  0.000E+00  0.000E+00  0.000E+00  0.000E+00  0.000E+00  0.000E+00  0.000E+00  0.000  0.000  0.000  0.000  1.356E-02  0.000E+00
    280 6.433E+00 9.340E+02     0     4     4     0     0  0.000E+00  0.000E+00  0.000E+00  0.000E+00  0.000E+00  0.000E+00  0.000E+00  0.000E+00  0.000  0.000  0.000  0.000  1.375E-02  0.000E+00
    281 3.538E+00 9.375E+02     1     4    14     0     0  0.000E+00  0.000E+00  0.000E+00  0.000E+00  0.000E+00  0.000E+00  0.000E+00  0.000E+00  0.000  0.000  0.000  0.000  4.783E-02  0.000E+00
    282 3.892E+00 9.414E+02     0     4     4     0     0  0.000E+00  0.000E+00  0.000E+00  0.000E+00  0.000E+00  0.000E+00  0.000E+00  0.000E+00  0.000  0.000  0.000  0.000  1.390E-02  0.000E+00
    283 4.281E+00 9.457E+02     0     4     4     0     0  0.000E+00  0.000E+00  0.000E+00  0.000E+00  0.000E+00  0.000E+00  0.000E+00  0.000E+00  0.000  0.000  0.000  0.000  1.383E-02  0.000E+00
    284 4.709E+00 9.504E+02     0     4     4     0     0  0.000E+00  0.000E+00  0.000E+00  0.000E+00  0.000E+00  0.000E+00  0.000E+00  0.000E+00  0.000  0.000  0.000  0.000  1.383E-02  0.000E+00
    285 5.180E+00 9.556E+02     0     4     4     0     0  0.000E+00  0.000E+00  0.000E+00  0.000E+00  0.000E+00  0.000E+00  0.000E+00  0.000E+00  0.000  0.000  0.000  0.000  1.385E-02  0.000E+00
    286 5.698E+00 9.613E+02     0     4     4     0     0  0.000E+00  0.000E+00  0.000E+00  0.000E+00  0.000E+00  0.000E+00  0.000E+00  0.000E+00  0.000  0.000  0.000  0.000  1.378E-02  0.000E+00
    287 6.268E+00 9.675E+02     0     4     4     0     0  0.000E+00  0.000E+00  0.000E+00  0.000E+00  0.000E+00  0.000E+00  0.000E+00  0.000E+00  0.000  0.000  0.000  0.000  1.371E-02  0.000E+00
    288 6.894E+00 9.744E+02     0     4     4     0     0  0.000E+00  0.000E+00  0.000E+00  0.000E+00  0.000E+00  0.000E+00  0.000E+00  0.000E+00  0.000  0.000  0.000  0.000  1.297E-02  0.000E+00
    289 3.792E+00 9.782E+02     1     4    14     0     0  0.000E+00  0.000E+00  0.000E+00  0.000E+00  0.000E+00  0.000E+00  0.000E+00  0.000E+00  0.000  0.000  0.000  0.000  4.850E-02  0.000E+00
    290 4.171E+00 9.824E+02     0     4     4     0     0  0.000E+00  0.000E+00  0.000E+00  0.000E+00  0.000E+00  0.000E+00  0.000E+00  0.000E+00  0.000  0.000  0.000  0.000  1.372E-02  0.000E+00
    291 4.588E+00 9.870E+02     0     4     4     0     0  0.000E+00  0.000E+00  0.000E+00  0.000E+00  0.000E+00  0.000E+00  0.000E+00  0.000E+00  0.000  0.000  0.000  0.000  1.408E-02  0.000E+00
    292 5.047E+00 9.920E+02     0     4     4     0     0  0.000E+00  0.000E+00  0.000E+00  0.000E+00  0.000E+00  0.000E+00  0.000E+00  0.000E+00  0.000  0.000  0.000  0.000  1.385E-02  0.000E+00
    293 5.552E+00 9.976E+02     0     4     4     0     0  0.000E+00  0.000E+00  0.000E+00  0.000E+00  0.000E+00  0.000E+00  0.000E+00  0.000E+00  0.000  0.000  0.000  0.000  1.383E-02  0.000E+00
    294 6.107E+00 1.004E+03     0     4     4     0     0  0.000E+00  0.000E+00  0.000E+00  0.000E+00  0.000E+00  0.000E+00  0.000E+00  0.000E+00  0.000  0.000  0.000  0.000  1.372E-02  0.000E+00
    295 6.718E+00 1.010E+03     0     4     4     0     0  0.000E+00  0.000E+00  0.000E+00  0.000E+00  0.000E+00  0.000E+00  0.000E+00  0.000E+00  0.000  0.000  0.000  0.000  1.372E-02  0.000E+00
    296 7.389E+00 1.018E+03     0     4     4     0     0  0.000E+00  0.000E+00  0.000E+00  0.000E+00  0.000E+00  0.000E+00  0.000E+00  0.000E+00  0.000  0.000  0.000  0.000  1.394E-02  0.000E+00
    297 4.064E+00 1.022E+03     1     4    14     0     0  0.000E+00  0.000E+00  0.000E+00  0.000E+00  0.000E+00  0.000E+00  0.000E+00  0.000E+00  0.000  0.000  0.000  0.000  4.813E-02  0.000E+00
    298 4.471E+00 1.026E+03     0     4     4     0     0  0.000E+00  0.000E+00  0.000E+00  0.000E+00  0.000E+00  0.000E+00  0.000E+00  0.000E+00  0.000  0.000  0.000  0.000  1.375E-02  0.000E+00
    299 4.918E+00 1.031E+03     0     4     4     0     0  0.000E+00  0.000E+00  0.000E+00  0.000E+00  0.000E+00  0.000E+00  0.000E+00  0.000E+00  0.000  0.000  0.000  0.000  1.369E-02  0.000E+00
    300 5.409E+00 1.037E+03     0     4     4     0     0  0.000E+00  0.000E+00  0.000E+00  0.000E+00  0.000E+00  0.000E+00  0.000E+00  0.000E+00  0.000  0.000  0.000  0.000  1.394E-02  0.000E+00
    301 5.950E+00 1.043E+03     0     4     4     0     0  0.000E+00  0.000E+00  0.000E+00  0.000E+00  0.000E+00  0.000E+00  0.000E+00  0.000E+00  0.000  0.000  0.000  0.000  1.375E-02  0.000E+00
    302 6.545E+00 1.049E+03     0     4     4     0     0  0.000E+00  0.000E+00  0.000E+00  0.000E+00  0.000E+00  0.000E+00  0.000E+00  0.000E+00  0.000  0.000  0.000  0.000  1.386E-02  0.000E+00
    303 7.200E+00 1.056E+03     0     4     4     0     0  0.000E+00  0.000E+00  0.000E+00  0.000E+00  0.000E+00  0.000E+00  0.000E+00  0.000E+00  0.000  0.000  0.000  0.000  1.386E-02  0.000E+00
    304 3.960E+00 1.060E+03     1     4    14     0     0  0.000E+00  0.000E+00  0.000E+00  0.000E+00  0.000E+00  0.000E+00  0.000E+00  0.000E+00  0.000  0.000  0.000  0.000  4.814E-02  0.000E+00
    305 4.356E+00 1.065E+03     0     4     4     0     0  0.000E+00  0.000E+00  0.000E+00  0.000E+00  0.000E+00  0.000E+00  0.000E+00  0.000E+00  0.000  0.000  0.000  0.000  1.398E-02  0.000E+00
    306 4.792E+00 1.069E+03     0     4     4     0     0  0.000E+00  0.000E+00  0.000E+00  0.000E+00  0.000E+00  0.000E+00  0.000E+00  0.000E+00  0.000  0.000  0.000  0.000  1.369E-02  0.000E+00
    307 5.271E+00 1.075E+03     0     4     4     0     0  0.000E+00  0.000E+00  0.000E+00  0.000E+00  0.000E+00  0.000E+00  0.000E+00  0.000E+00  0.000  0.000  0.000  0.000  1.375E-02  0.000E+00
    308 5.798E+00 1.081E+03     0     4     4     0     0  0.000E+00  0.000E+00  0.000E+00  0.000E+00  0.000E+00  0.000E+00  0.000E+00  0.000E+00  0.000  0.000  0.000  0.000  1.379E-02  0.000E+00
    309 6.378E+00 1.087E+03     0     4     4     0     0  0.000E+00  0.000E+00  0.000E+00  0.000E+00  0.000E+00  0.000E+00  0.000E+00  0.000E+00  0.000  0.000  0.000  0.000  1.383E-02  0.000E+00
    310 7.015E+00 1.094E+03     0     4     4     0     0  0.000E+00  0.000E+00  0.000E+00  0.000E+00  0.000E+00  0.000E+00  0.000E+00  0.000E+00  0.000  0.000  0.000  0.000  1.386E-02  0.000E+00
    311 7.717E+00 1.102E+03     0     4     4     0     0  0.000E+00  0.000E+00  0.000E+00  0.000E+00  0.000E+00  0.000E+00  0.000E+00  0.000E+00  0.000  0.000  0.000  0.000  1.380E-02  0.000E+00
    312 4.244E+00 1.106E+03     1     4    14     0     0  0.000E+00  0.000E+00  0.000E+00  0.000E+00  0.000E+00  0.000E+00  0.000E+00  0.000E+00  0.000  0.000  0.000  0.000  4.849E-02  0.000E+00
    313 4.669E+00 1.111E+03     0     4     4     0     0  0.000E+00  0.000E+00  0.000E+00  0.000E+00  0.000E+00  0.000E+00  0.000E+00  0.000E+00  0.000  0.000  0.000  0.000  1.412E-02  0.000E+00
    314 5.136E+00 1.116E+03     0     4     4     0     0  0.000E+00  0.000E+00  0.000E+00  0.000E+00  0.000E+00  0.000E+00  0.000E+00  0.000E+00  0.000  0.000  0.000  0.000  1.458E-02  0.000E+00
    315 5.649E+00 1.121E+03     0     4     4     0     0  0.000E+00  0.000E+00  0.000E+00  0.000E+00  0.000E+00  0.000E+00  0.000E+00  0.000E+00  0.000  0.000  0.000  0.000  1.389E-02  0.000E+00
    316 6.214E+00 1.128E+03     0     4     4     0     0  0.000E+00  0.000E+00  0.000E+00  0.000E+00  0.000E+00  0.000E+00  0.000E+00  0.000E+00  0.000  0.000  0.000  0.000  1.383E-02  0.000E+00
    317 6.835E+00 1.134E+03     0     4     4     0     0  0.000E+00  0.000E+00  0.000E+00  0.000E+00  0.000E+00  0.000E+00  0.000E+00  0.000E+00  0.000  0.000  0.000  0.000  1.392E-02  0.000E+00
    318 7.519E+00 1.142E+03     0     4     4     0     0  0.000E+00  0.000E+00  0.000E+00  0.000E+00  0.000E+00  0.000E+00  0.000E+00  0.000E+00  0.000  0.000  0.000  0.000  1.376E-02  0.000E+00
    319 4.135E+00 1.146E+03     1     4    14     0     0  0.000E+00  0.000E+00  0.000E+00  0.000E+00  0.000E+00  0.000E+00  0.000E+00  0.000E+00  0.000  0.000  0.000  0.000  4.731E-02  0.000E+00
    320 4.549E+00 1.151E+03     0     4     4     0     0  0.000E+00  0.000E+00  0.000E+00  0.000E+00  0.000E+00  0.000E+00  0.000E+00  0.000E+00  0.000  0.000  0.000  0.000  1.413E-02  0.000E+00
    321 5.004E+00 1.156E+03     0     4     4     0     0  0.000E+00  0.000E+00  0.000E+00  0.000E+00  0.000E+00  0.000E+00  0.000E+00  0.000E+00  0.000  0.000  0.000  0.000  1.421E-02  0.000E+00
    322 5.504E+00 1.161E+03     0     4     4     0     0  0.000E+00  0.000E+00  0.000E+00  0.000E+00  0.000E+00  0.000E+00  0.000E+00  0.000E+00  0.000  0.000  0.000  0.000  1.339E-02  0.000E+00
    323 6.055E+00 1.167E+03     0     4     4     0     0  0.000E+00  0.000E+00  0.000E+00  0.000E+00  0.000E+00  0.000E+00  0.000E+00  0.000E+00  0.000  0.000  0.000  0.000  1.367E-02  0.000E+00
    324 6.660E+00 1.174E+03     0     4     4     0     0  0.000E+00  0.000E+00  0.000E+00  0.000E+00  0.000E+00  0.000E+00  0.000E+00  0.000E+00  0.000  0.000  0.000  0.000  1.368E-02  0.000E+00
    325 7.326E+00 1.181E+03     0     4     4     0     0  0.000E+00  0.000E+00  0.000E+00  0.000E+00  0.000E+00  0.000E+00  0.000E+00  0.000E+00  0.000  0.000  0.000  0.000  1.402E-02  0.000E+00
    326 8.059E+00 1.189E+03     0     4     4     0     0  0.000E+00  0.000E+00  0.000E+00  0.000E+00  0.000E+00  0.000E+00  0.000E+00  0.000E+00  0.000  0.000  0.000  0.000  1.370E-02  0.000E+00
    327 4.432E+00 1.194E+03     1     4    14     0     0  0.000E+00  0.000E+00  0.000E+00  0.000E+00  0.000E+00  0.000E+00  0.000E+00  0.000E+00  0.000  0.000  0.000  0.000  4.841E-02  0.000E+00
    328 4.876E+00 1.198E+03     0     4     4     0     0  0.000E+00  0.000E+00  0.000E+00  0.000E+00  0.000E+00  0.000E+00  0.000E+00  0.000E+00  0.000  0.000  0.000  0.000  1.374E-02  0.000E+00
    329 5.363E+00 1.204E+03     0     4     4     0     0  0.000E+00  0.000E+00  0.000E+00  0.000E+00  0.000E+00  0.000E+00  0.000E+00  0.000E+00  0.000  0.000  0.000  0.000  1.373E-02  0.000E+00
    330 5.899E+00 1.210E+03     0     4     4     0     0  0.000E+00  0.000E+00  0.000E+00  0.000E+00  0.000E+00  0.000E+00  0.000E+00  0.000E+00  0.000  0.000  0.000  0.000  1.372E-02  0.000E+00
    331 6.489E+00 1.216E+03     0     4     4     0     0  0.000E+00  0.000E+00  0.000E+00  0.000E+00  0.000E+00  0.000E+00  0.000E+00  0.000E+00  0.000  0.000  0.000  0.000  1.373E-02  0.000E+00
    332 7.138E+00 1.223E+03     0     4     4     0     0  0.000E+00  0.000E+00  0.000E+00  0.000E+00  0.000E+00  0.000E+00  0.000E+00  0.000E+00  0.000  0.000  0.000  0.000  1.371E-02  0.000E+00
    333 7.852E+00 1.231E+03     0     4     4     0     0  0.000E+00  0.000E+00  0.000E+00  0.000E+00  0.000E+00  0.000E+00  0.000E+00  0.000E+00  0.000  0.000  0.000  0.000  1.381E-02  0.000E+00
    334 4.319E+00 1.236E+03     1     4    14     0     0  0.000E+00  0.000E+00  0.000E+00  0.000E+00  0.000E+00  0.000E+00  0.000E+00  0.000E+00  0.000  0.000  0.000  0.000  4.830E-02  0.000E+00
    335 4.751E+00 1.240E+03     0     4     4     0     0  0.000E+00  0.000E+00  0.000E+00  0.000E+00  0.000E+00  0.000E+00  0.000E+00  0.000E+00  0.000  0.000  0.000  0.000  1.381E-02  0.000E+00
    336 5.226E+00 1.246E+03     0     4     4     0     0  0.000E+00  0.000E+00  0.000E+00  0.000E+00  0.000E+00  0.000E+00  0.000E+00  0.000E+00  0.000  0.000  0.000  0.000  1.368E-02  0.000E+00
    337 5.748E+00 1.251E+03     0     4     4     0     0  0.000E+00  0.000E+00  0.000E+00  0.000E+00  0.000E+00  0.000E+00  0.000E+00  0.000E+00  0.000  0.000  0.000  0.000  1.381E-02  0.000E+00
    338 6.323E+00 1.258E+03     0     4     4     0     0  0.000E+00  0.000E+00  0.000E+00  0.000E+00  0.000E+00  0.000E+00  0.000E+00  0.000E+00  0.000  0.000  0.000  0.000  1.378E-02  0.000E+00
    339 6.955E+00 1.265E+03     0     4     4     0     0  0.000E+00  0.000E+00  0.000E+00  0.000E+00  0.000E+00  0.000E+00  0.000E+00  0.000E+00  0.000  0.000  0.000  0.000  1.375E-02  0.000E+00
    340 7.651E+00 1.272E+03     0     4     4     0     0  0.000E+00  0.000E+00  0.000E+00  0.000E+00  0.000E+00  0.000E+00  0.000E+00  0.000E+00  0.000  0.000  0.000  0.000  1.371E-02  0.000E+00
    341 8.416E+00 1.281E+03     0     4     4     0     0  0.000E+00  0.000E+00  0.000E+00  0.000E+00  0.000E+00  0.000E+00  0.000E+00  0.000E+00  0.000  0.000  0.000  0.000  1.375E-02  0.000E+00
    342 4.629E+00 1.285E+03     1     4    14     0     0  0.000E+00  0.000E+00  0.000E+00  0.000E+00  0.000E+00  0.000E+00  0.000E+00  0.000E+00  0.000  0.000  0.000  0.000  4.812E-02  0.000E+00
    343 5.092E+00 1.290E+03     0     4     4     0     0  0.000E+00  0.000E+00  0.000E+00  0.000E+00  0.000E+00  0.000E+00  0.000E+00  0.000E+00  0.000  0.000  0.000  0.000  1.374E-02  0.000E+00
    344 5.601E+00 1.296E+03     0     4     4     0     0  0.000E+00  0.000E+00  0.000E+00  0.000E+00  0.000E+00  0.000E+00  0.000E+00  0.000E+00  0.000  0.000  0.000  0.000  1.368E-02  0.000E+00
    345 6.161E+00 1.302E+03     0     4     4     0     0  0.000E+00  0.000E+00  0.000E+00  0.000E+00  0.000E+00  0.000E+00  0.000E+00  0.000E+00  0.000  0.000  0.000  0.000  1.409E-02  0.000E+00
    346 6.777E+00 1.309E+03     0     4     4     0     0  0.000E+00  0.000E+00  0.000E+00  0.000E+00  0.000E+00  0.000E+00  0.000E+00  0.000E+00  0.000  0.000  0.000  0.000  1.393E-02  0.000E+00
    347 7.455E+00 1.316E+03     0     4     4     0     0  0.000E+00  0.000E+00  0.000E+00  0.000E+00  0.000E+00  0.000E+00  0.000E+00  0.000E+00  0.000  0.000  0.000  0.000  1.374E-02  0.000E+00
    348 8.200E+00 1.325E+03     0     4     4     0     0  0.000E+00  0.000E+00  0.000E+00  0.000E+00  0.000E+00  0.000E+00  0.000E+00  0.000E+00  0.000  0.000  0.000  0.000  1.383E-02  0.000E+00
    349 4.510E+00 1.329E+03     1     4    14     0     0  0.000E+00  0.000E+00  0.000E+00  0.000E+00  0.000E+00  0.000E+00  0.000E+00  0.000E+00  0.000  0.000  0.000  0.000  4.748E-02  0.000E+00
    350 4.961E+00 1.334E+03     0     4     4     0     0  0.000E+00  0.000E+00  0.000E+00  0.000E+00  0.000E+00  0.000E+00  0.000E+00  0.000E+00  0.000  0.000  0.000  0.000  1.376E-02  0.000E+00
    351 5.457E+00 1.339E+03     0     4     4     0     0  0.000E+00  0.000E+00  0.000E+00  0.000E+00  0.000E+00  0.000E+00  0.000E+00  0.000E+00  0.000  0.000  0.000  0.000  1.388E-02  0.000E+00
    352 6.003E+00 1.345E+03     0     4     4     0     0  0.000E+00  0.000E+00  0.000E+00  0.000E+00  0.000E+00  0.000E+00  0.000E+00  0.000E+00  0.000  0.000  0.000  0.000  1.371E-02  0.000E+00
    353 6.603E+00 1.352E+03     0     4     4     0     0  0.000E+00  0.000E+00  0.000E+00  0.000E+00  0.000E+00  0.000E+00  0.000E+00  0.000E+00  0.000  0.000  0.000  0.000  1.391E-02  0.000E+00
    354 7.264E+00 1.359E+03     0     4     4     0     0  0.000E+00  0.000E+00  0.000E+00  0.000E+00  0.000E+00  0.000E+00  0.000E+00  0.000E+00  0.000  0.000  0.000  0.000  1.368E-02  0.000E+00
    355 7.990E+00 1.367E+03     0     4     4     0     0  0.000E+00  0.000E+00  0.000E+00  0.000E+00  0.000E+00  0.000E+00  0.000E+00  0.000E+00  0.000  0.000  0.000  0.000  1.380E-02  0.000E+00
    356 8.789E+00 1.376E+03     0     4     4     0     0  0.000E+00  0.000E+00  0.000E+00  0.000E+00  0.000E+00  0.000E+00  0.000E+00  0.000E+00  0.000  0.000  0.000  0.000  1.368E-02  0.000E+00
    357 4.834E+00 1.381E+03     1     4    14     0     0  0.000E+00  0.000E+00  0.000E+00  0.000E+00  0.000E+00  0.000E+00  0.000E+00  0.000E+00  0.000  0.000  0.000  0.000  4.809E-02  0.000E+00
    358 5.317E+00 1.386E+03     0     4     4     0     0  0.000E+00  0.000E+00  0.000E+00  0.000E+00  0.000E+00  0.000E+00  0.000E+00  0.000E+00  0.000  0.000  0.000  0.000  1.370E-02  0.000E+00
    359 5.849E+00 1.392E+03     0     4     4     0     0  0.000E+00  0.000E+00  0.000E+00  0.000E+00  0.000E+00  0.000E+00  0.000E+00  0.000E+00  0.000  0.000  0.000  0.000  1.370E-02  0.000E+00
    360 6.434E+00 1.399E+03     0     4     4     0     0  0.000E+00  0.000E+00  0.000E+00  0.000E+00  0.000E+00  0.000E+00  0.000E+00  0.000E+00  0.000  0.000  0.000  0.000  1.379E-02  0.000E+00
    361 7.077E+00 1.406E+03     0     4     4     0     0  0.000E+00  0.000E+00  0.000E+00  0.000E+00  0.000E+00  0.000E+00  0.000E+00  0.000E+00  0.000  0.000  0.000  0.000  1.275E-02  0.000E+00
    362 7.785E+00 1.413E+03     0     4     4     0     0  0.000E+00  0.000E+00  0.000E+00  0.000E+00  0.000E+00  0.000E+00  0.000E+00  0.000E+00  0.000  0.000  0.000  0.000  1.395E-02  0.000E+00
    363 8.564E+00 1.422E+03     0     4     4     0     0  0.000E+00  0.000E+00  0.000E+00  0.000E+00  0.000E+00  0.000E+00  0.000E+00  0.000E+00  0.000  0.000  0.000  0.000  1.389E-02  0.000E+00
    364 4.710E+00 1.427E+03     1     4    14     0     0  0.000E+00  0.000E+00  0.000E+00  0.000E+00  0.000E+00  0.000E+00  0.000E+00  0.000E+00  0.000  0.000  0.000  0.000  4.759E-02  0.000E+00
    365 5.181E+00 1.432E+03     0     4     4     0     0  0.000E+00  0.000E+00  0.000E+00  0.000E+00  0.000E+00  0.000E+00  0.000E+00  0.000E+00  0.000  0.000  0.000  0.000  1.372E-02  0.000E+00
    366 5.699E+00 1.438E+03     0     4     4     0     0  0.000E+00  0.000E+00  0.000E+00  0.000E+00  0.000E+00  0.000E+00  0.000E+00  0.000E+00  0.000  0.000  0.000  0.000  1.383E-02  0.000E+00
    367 6.269E+00 1.444E+03     0     4     4     0     0  0.000E+00  0.000E+00  0.000E+00  0.000E+00  0.000E+00  0.000E+00  0.000E+00  0.000E+00  0.000  0.000  0.000  0.000  1.372E-02  0.000E+00
    368 6.896E+00 1.451E+03     0     4     4     0     0  0.000E+00  0.000E+00  0.000E+00  0.000E+00  0.000E+00  0.000E+00  0.000E+00  0.000E+00  0.000  0.000  0.000  0.000  1.378E-02  0.000E+00
    369 7.585E+00 1.458E+03     0     4     4     0     0  0.000E+00  0.000E+00  0.000E+00  0.000E+00  0.000E+00  0.000E+00  0.000E+00  0.000E+00  0.000  0.000  0.000  0.000  1.377E-02  0.000E+00
    370 8.344E+00 1.467E+03     0     4     4     0     0  0.000E+00  0.000E+00  0.000E+00  0.000E+00  0.000E+00  0.000E+00  0.000E+00  0.000E+00  0.000  0.000  0.000  0.000  1.381E-02  0.000E+00
    371 9.178E+00 1.476E+03     0     4     4     0     0  0.000E+00  0.000E+00  0.000E+00  0.000E+00  0.000E+00  0.000E+00  0.000E+00  0.000E+00  0.000  0.000  0.000  0.000  1.371E-02  0.000E+00
    372 5.048E+00 1.481E+03     1     4    14     0     0  0.000E+00  0.000E+00  0.000E+00  0.000E+00  0.000E+00  0.000E+00  0.000E+00  0.000E+00  0.000  0.000  0.000  0.000  4.816E-02  0.000E+00
    373 5.553E+00 1.486E+03     0     4     4     0     0  0.000E+00  0.000E+00  0.000E+00  0.000E+00  0.000E+00  0.000E+00  0.000E+00  0.000E+00  0.000  0.000  0.000  0.000  1.399E-02  0.000E+00
    374 6.108E+00 1.493E+03     0     4     4     0     0  0.000E+00  0.000E+00  0.000E+00  0.000E+00  0.000E+00  0.000E+00  0.000E+00  0.000E+00  0.000  0.000  0.000  0.000  1.386E-02  0.000E+00
    375 6.719E+00 1.499E+03     0     4     4     0     0  0.000E+00  0.000E+00  0.000E+00  0.000E+00  0.000E+00  0.000E+00  0.000E+00  0.000E+00  0.000  0.000  0.000  0.000  1.384E-02  0.000E+00
    376 7.391E+00 1.507E+03     0     4     4     0     0  0.000E+00  0.000E+00  0.000E+00  0.000E+00  0.000E+00  0.000E+00  0.000E+00  0.000E+00  0.000  0.000  0.000  0.000  1.302E-02  0.000E+00
    377 8.130E+00 1.515E+03     0     4     4     0     0  0.000E+00  0.000E+00  0.000E+00  0.000E+00  0.000E+00  0.000E+00  0.000E+00  0.000E+00  0.000  0.000  0.000  0.000  1.401E-02  0.000E+00
    378 8.943E+00 1.524E+03     0     4     4     0     0  0.000E+00  0.000E+00  0.000E+00  0.000E+00  0.000E+00  0.000E+00  0.000E+00  0.000E+00  0.000  0.000  0.000  0.000  1.270E-02  0.000E+00
    379 4.919E+00 1.529E+03     1     4    14     0     0  0.000E+00  0.000E+00  0.000E+00  0.000E+00  0.000E+00  0.000E+00  0.000E+00  0.000E+00  0.000  0.000  0.000  0.000  4.723E-02  0.000E+00
    380 5.411E+00 1.534E+03     0     4     4     0     0  0.000E+00  0.000E+00  0.000E+00  0.000E+00  0.000E+00  0.000E+00  0.000E+00  0.000E+00  0.000  0.000  0.000  0.000  1.381E-02  0.000E+00
    381 5.952E+00 1.540E+03     0     4     4     0     0  0.000E+00  0.000E+00  0.000E+00  0.000E+00  0.000E+00  0.000E+00  0.000E+00  0.000E+00  0.000  0.000  0.000  0.000  1.376E-02  0.000E+00
    382 6.547E+00 1.547E+03     0     4     4     0     0  0.000E+00  0.000E+00  0.000E+00  0.000E+00  0.000E+00  0.000E+00  0.000E+00  0.000E+00  0.000  0.000  0.000  0.000  1.399E-02  0.000E+00
    383 7.201E+00 1.554E+03     0     4     4     0     0  0.000E+00  0.000E+00  0.000E+00  0.000E+00  0.000E+00  0.000E+00  0.000E+00  0.000E+00  0.000  0.000  0.000  0.000  1.389E-02  0.000E+00
    384 7.922E+00 1.562E+03     0     4     4     0     0  0.000E+00  0.000E+00  0.000E+00  0.000E+00  0.000E+00  0.000E+00  0.000E+00  0.000E+00  0.000  0.000  0.000  0.000  1.370E-02  0.000E+00
    385 8.714E+00 1.570E+03     0     4     4     0     0  0.000E+00  0.000E+00  0.000E+00  0.000E+00  0.000E+00  0.000E+00  0.000E+00  0.000E+00  0.000  0.000  0.000  0.000  1.392E-02  0.000E+00
    386 9.585E+00 1.580E+03     0     4     4     0     0  0.000E+00  0.000E+00  0.000E+00  0.000E+00  0.000E+00  0.000E+00  0.000E+00  0.000E+00  0.000  0.000  0.000  0.000  1.390E-02  0.000E+00
    387 5.272E+00 1.585E+03     1     4    14     0     0  0.000E+00  0.000E+00  0.000E+00  0.000E+00  0.000E+00  0.000E+00  0.000E+00  0.000E+00  0.000  0.000  0.000  0.000  4.825E-02  0.000E+00
    388 5.799E+00 1.591E+03     0     4     4     0     0  0.000E+00  0.000E+00  0.000E+00  0.000E+00  0.000E+00  0.000E+00  0.000E+00  0.000E+00  0.000  0.000  0.000  0.000  1.376E-02  0.000E+00
    389 6.379E+00 1.597E+03     0     4     4     0     0  0.000E+00  0.000E+00  0.000E+00  0.000E+00  0.000E+00  0.000E+00  0.000E+00  0.000E+00  0.000  0.000  0.000  0.000  1.385E-02  0.000E+00
    390 7.017E+00 1.604E+03     0     4     4     0     0  0.000E+00  0.000E+00  0.000E+00  0.000E+00  0.000E+00  0.000E+00  0.000E+00  0.000E+00  0.000  0.000  0.000  0.000  1.383E-02  0.000E+00
    391 7.718E+00 1.612E+03     0     4     4     0     0  0.000E+00  0.000E+00  0.000E+00  0.000E+00  0.000E+00  0.000E+00  0.000E+00  0.000E+00  0.000  0.000  0.000  0.000  1.382E-02  0.000E+00
    392 8.490E+00 1.621E+03     0     4     4     0     0  0.000E+00  0.000E+00  0.000E+00  0.000E+00  0.000E+00  0.000E+00  0.000E+00  0.000E+00  0.000  0.000  0.000  0.000  1.385E-02  0.000E+00
    393 9.339E+00 1.630E+03     0     4     4     0     0  0.000E+00  0.000E+00  0.000E+00  0.000E+00  0.000E+00  0.000E+00  0.000E+00  0.000E+00  0.000  0.000  0.000  0.000  1.370E-02  0.000E+00
    394 5.137E+00 1.635E+03     1     4    14     0     0  0.000E+00  0.000E+00  0.000E+00  0.000E+00  0.000E+00  0.000E+00  0.000E+00  0.000E+00  0.000  0.000  0.000  0.000  4.853E-02  0.000E+00
    395 5.650E+00 1.641E+03     0     4     4     0     0  0.000E+00  0.000E+00  0.000E+00  0.000E+00  0.000E+00  0.000E+00  0.000E+00  0.000E+00  0.000  0.000  0.000  0.000  1.371E-02  0.000E+00
    396 6.215E+00 1.647E+03     0     4     4     0     0  0.000E+00  0.000E+00  0.000E+00  0.000E+00  0.000E+00  0.000E+00  0.000E+00  0.000E+00  0.000  0.000  0.000  0.000  1.374E-02  0.000E+00
    397 6.837E+00 1.654E+03     0     4     4     0     0  0.000E+00  0.000E+00  0.000E+00  0.000E+00  0.000E+00  0.000E+00  0.000E+00  0.000E+00  0.000  0.000  0.000  0.000  1.391E-02  0.000E+00
    398 7.520E+00 1.661E+03     0     4     4     0     0  0.000E+00  0.000E+00  0.000E+00  0.000E+00  0.000E+00  0.000E+00  0.000E+00  0.000E+00  0.000  0.000  0.000  0.000  1.375E-02  0.000E+00
    399 8.273E+00 1.670E+03     0     4     4     0     0  0.000E+00  0.000E+00  0.000E+00  0.000E+00  0.000E+00  0.000E+00  0.000E+00  0.000E+00  0.000  0.000  0.000  0.000  1.369E-02  0.000E+00
    400 9.100E+00 1.679E+03     0     4     4     0     0  0.000E+00  0.000E+00  0.000E+00  0.000E+00  0.000E+00  0.000E+00  0.000E+00  0.000E+00  0.000  0.000  0.000  0.000  1.384E-02  0.000E+00
    401 1.001E+01 1.689E+03     0     4     4     0     0  0.000E+00  0.000E+00  0.000E+00  0.000E+00  0.000E+00  0.000E+00  0.000E+00  0.000E+00  0.000  0.000  0.000  0.000  1.381E-02  0.000E+00
    402 5.505E+00 1.694E+03     1     4    14     0     0  0.000E+00  0.000E+00  0.000E+00  0.000E+00  0.000E+00  0.000E+00  0.000E+00  0.000E+00  0.000  0.000  0.000  0.000  4.838E-02  0.000E+00
    403 6.056E+00 1.700E+03     0     4     4     0     0  0.000E+00  0.000E+00  0.000E+00  0.000E+00  0.000E+00  0.000E+00  0.000E+00  0.000E+00  0.000  0.000  0.000  0.000  1.381E-02  0.000E+00
    404 6.662E+00 1.707E+03     0     4     4     0     0  0.000E+00  0.000E+00  0.000E+00  0.000E+00  0.000E+00  0.000E+00  0.000E+00  0.000E+00  0.000  0.000  0.000  0.000  1.392E-02  0.000E+00
    405 7.328E+00 1.714E+03     0     4     4     0     0  0.000E+00  0.000E+00  0.000E+00  0.000E+00  0.000E+00  0.000E+00  0.000E+00  0.000E+00  0.000  0.000  0.000  0.000  1.390E-02  0.000E+00
    406 8.060E+00 1.722E+03     0     4     4     0     0  0.000E+00  0.000E+00  0.000E+00  0.000E+00  0.000E+00  0.000E+00  0.000E+00  0.000E+00  0.000  0.000  0.000  0.000  1.388E-02  0.000E+00
    407 8.866E+00 1.731E+03     0     4     4     0     0  0.000E+00  0.000E+00  0.000E+00  0.000E+00  0.000E+00  0.000E+00  0.000E+00  0.000E+00  0.000  0.000  0.000  0.000  1.373E-02  0.000E+00
    408 9.753E+00 1.741E+03     0     4     4     0     0  0.000E+00  0.000E+00  0.000E+00  0.000E+00  0.000E+00  0.000E+00  0.000E+00  0.000E+00  0.000  0.000  0.000  0.000  1.373E-02  0.000E+00
    409 5.364E+00 1.746E+03     1     4    14     0     0  0.000E+00  0.000E+00  0.000E+00  0.000E+00  0.000E+00  0.000E+00  0.000E+00  0.000E+00  0.000  0.000  0.000  0.000  4.879E-02  0.000E+00
    410 5.901E+00 1.752E+03     0     4     4     0     0  0.000E+00  0.000E+00  0.000E+00  0.000E+00  0.000E+00  0.000E+00  0.000E+00  0.000E+00  0.000  0.000  0.000  0.000  1.420E-02  0.000E+00
    411 6.491E+00 1.759E+03     0     4     4     0     0  0.000E+00  0.000E+00  0.000E+00  0.000E+00  0.000E+00  0.000E+00  0.000E+00  0.000E+00  0.000  0.000  0.000  0.000  1.470E-02  0.000E+00
    412 7.140E+00 1.766E+03     0     4     4     0     0  0.000E+00  0.000E+00  0.000E+00  0.000E+00  0.000E+00  0.000E+00  0.000E+00  0.000E+00  0.000  0.000  0.000  0.000  1.428E-02  0.000E+00
    413 7.854E+00 1.774E+03     0     4     4     0     0  0.000E+00  0.000E+00  0.000E+00  0.000E+00  0.000E+00  0.000E+00  0.000E+00  0.000E+00  0.000  0.000  0.000  0.000  1.416E-02  0.000E+00
    414 8.639E+00 1.782E+03     0     4     4     0     0  0.000E+00  0.000E+00  0.000E+00  0.000E+00  0.000E+00  0.000E+00  0.000E+00  0.000E+00  0.000  0.000  0.000  0.000  1.418E-02  0.000E+00
    415 9.503E+00 1.792E+03     0     4     4     0     0  0.000E+00  0.000E+00  0.000E+00  0.000E+00  0.000E+00  0.000E+00  0.000E+00  0.000E+00  0.000  0.000  0.000  0.000  1.397E-02  0.000E+00
    416 1.045E+01 1.802E+03     0     4     4     0     0  0.000E+00  0.000E+00  0.000E+00  0.000E+00  0.000E+00  0.000E+00  0.000E+00  0.000E+00  0.000  0.000  0.000  0.000  1.414E-02  0.000E+00
    417 5.749E+00 1.808E+03     1     4    14     0     0  0.000E+00  0.000E+00  0.000E+00  0.000E+00  0.000E+00  0.000E+00  0.000E+00  0.000E+00  0.000  0.000  0.000  0.000  4.839E-02  0.000E+00
    418 6.324E+00 1.814E+03     0     4     4     0     0  0.000E+00  0.000E+00  0.000E+00  0.000E+00  0.000E+00  0.000E+00  0.000E+00  0.000E+00  0.000  0.000  0.000  0.000  1.384E-02  0.000E+00
    419 6.957E+00 1.821E+03     0     4     4     0     0  0.000E+00  0.000E+00  0.000E+00  0.000E+00  0.000E+00  0.000E+00  0.000E+00  0.000E+00  0.000  0.000  0.000  0.000  1.371E-02  0.000E+00
    420 7.652E+00 1.829E+03     0     4     4     0     0  0.000E+00  0.000E+00  0.000E+00  0.000E+00  0.000E+00  0.000E+00  0.000E+00  0.000E+00  0.000  0.000  0.000  0.000  1.284E-02  0.000E+00
    421 8.418E+00 1.837E+03     0     4     4     0     0  0.000E+00  0.000E+00  0.000E+00  0.000E+00  0.000E+00  0.000E+00  0.000E+00  0.000E+00  0.000  0.000  0.000  0.000  1.373E-02  0.000E+00
    422 9.259E+00 1.847E+03     0     4     4     0     0  0.000E+00  0.000E+00  0.000E+00  0.000E+00  0.000E+00  0.000E+00  0.000E+00  0.000E+00  0.000  0.000  0.000  0.000  1.369E-02  0.000E+00
    423 1.019E+01 1.857E+03     0     4     4     0     0  0.000E+00  0.000E+00  0.000E+00  0.000E+00  0.000E+00  0.000E+00  0.000E+00  0.000E+00  0.000  0.000  0.000  0.000  1.372E-02  0.000E+00
    424 5.602E+00 1.862E+03     1     4    14     0     0  0.000E+00  0.000E+00  0.000E+00  0.000E+00  0.000E+00  0.000E+00  0.000E+00  0.000E+00  0.000  0.000  0.000  0.000  4.811E-02  0.000E+00
    425 6.162E+00 1.869E+03     0     4     4     0     0  0.000E+00  0.000E+00  0.000E+00  0.000E+00  0.000E+00  0.000E+00  0.000E+00  0.000E+00  0.000  0.000  0.000  0.000  1.369E-02  0.000E+00
    426 6.778E+00 1.875E+03     0     4     4     0     0  0.000E+00  0.000E+00  0.000E+00  0.000E+00  0.000E+00  0.000E+00  0.000E+00  0.000E+00  0.000  0.000  0.000  0.000  1.371E-02  0.000E+00
    427 7.456E+00 1.883E+03     0     4     4     0     0  0.000E+00  0.000E+00  0.000E+00  0.000E+00  0.000E+00  0.000E+00  0.000E+00  0.000E+00  0.000  0.000  0.000  0.000  1.266E-02  0.000E+00
    428 8.202E+00 1.891E+03     0     4     4     0     0  0.000E+00  0.000E+00  0.000E+00  0.000E+00  0.000E+00  0.000E+00  0.000E+00  0.000E+00  0.000  0.000  0.000  0.000  1.367E-02  0.000E+00
    429 9.022E+00 1.900E+03     0     4     4     0     0  0.000E+00  0.000E+00  0.000E+00  0.000E+00  0.000E+00  0.000E+00  0.000E+00  0.000E+00  0.000  0.000  0.000  0.000  1.418E-02  0.000E+00
    430 9.924E+00 1.910E+03     0     4     4     0     0  0.000E+00  0.000E+00  0.000E+00  0.000E+00  0.000E+00  0.000E+00  0.000E+00  0.000E+00  0.000  0.000  0.000  0.000  1.379E-02  0.000E+00
    431 1.092E+01 1.921E+03     0     4     4     0     0  0.000E+00  0.000E+00  0.000E+00  0.000E+00  0.000E+00  0.000E+00  0.000E+00  0.000E+00  0.000  0.000  0.000  0.000  1.382E-02  0.000E+00
    432 6.004E+00 1.927E+03     1     4    14     0     0  0.000E+00  0.000E+00  0.000E+00  0.000E+00  0.000E+00  0.000E+00  0.000E+00  0.000E+00  0.000  0.000  0.000  0.000  4.732E-02  0.000E+00
    433 6.605E+00 1.934E+03     0     4     4     0     0  0.000E+00  0.000E+00  0.000E+00  0.000E+00  0.000E+00  0.000E+00  0.000E+00  0.000E+00  0.000  0.000  0.000  0.000  1.381E-02  0.000E+00
    434 7.265E+00 1.941E+03     0     4     4     0     0  0.000E+00  0.000E+00  0.000E+00  0.000E+00  0.000E+00  0.000E+00  0.000E+00  0.000E+00  0.000  0.000  0.000  0.000  1.373E-02  0.000E+00
    435 7.991E+00 1.949E+03     0     4     4     0     0  0.000E+00  0.000E+00  0.000E+00  0.000E+00  0.000E+00  0.000E+00  0.000E+00  0.000E+00  0.000  0.000  0.000  0.000  1.375E-02  0.000E+00
    436 8.791E+00 1.958E+03     0     4     4     0     0  0.000E+00  0.000E+00  0.000E+00  0.000E+00  0.000E+00  0.000E+00  0.000E+00  0.000E+00  0.000  0.000  0.000  0.000  1.270E-02  0.000E+00
    437 9.670E+00 1.967E+03     0     4     4     0     0  0.000E+00  0.000E+00  0.000E+00  0.000E+00  0.000E+00  0.000E+00  0.000E+00  0.000E+00  0.000  0.000  0.000  0.000  1.388E-02  0.000E+00
    438 1.064E+01 1.978E+03     0     4     4     0     0  0.000E+00  0.000E+00  0.000E+00  0.000E+00  0.000E+00  0.000E+00  0.000E+00  0.000E+00  0.000  0.000  0.000  0.000  1.378E-02  0.000E+00
    439 5.850E+00 1.984E+03     1     4    14     0     0  0.000E+00  0.000E+00  0.000E+00  0.000E+00  0.000E+00  0.000E+00  0.000E+00  0.000E+00  0.000  0.000  0.000  0.000  4.808E-02  0.000E+00
    440 6.435E+00 1.990E+03     0     4     4     0     0  0.000E+00  0.000E+00  0.000E+00  0.000E+00  0.000E+00  0.000E+00  0.000E+00  0.000E+00  0.000  0.000  0.000  0.000  1.370E-02  0.000E+00
    441 7.079E+00 1.997E+03     0     4     4     0     0  0.000E+00  0.000E+00  0.000E+00  0.000E+00  0.000E+00  0.000E+00  0.000E+00  0.000E+00  0.000  0.000  0.000  0.000  1.368E-02  0.000E+00
    442 7.787E+00 2.005E+03     0     4     4     0     0  0.000E+00  0.000E+00  0.000E+00  0.000E+00  0.000E+00  0.000E+00  0.000E+00  0.000E+00  0.000  0.000  0.000  0.000  1.373E-02  0.000E+00
    443 8.565E+00 2.014E+03     0     4     4     0     0  0.000E+00  0.000E+00  0.000E+00  0.000E+00  0.000E+00  0.000E+00  0.000E+00  0.000E+00  0.000  0.000  0.000  0.000  1.369E-02  0.000E+00
    444 9.422E+00 2.023E+03     0     4     4     0     0  0.000E+00  0.000E+00  0.000E+00  0.000E+00  0.000E+00  0.000E+00  0.000E+00  0.000E+00  0.000  0.000  0.000  0.000  1.371E-02  0.000E+00
    445 1.036E+01 2.033E+03     0     4     4     0     0  0.000E+00  0.000E+00  0.000E+00  0.000E+00  0.000E+00  0.000E+00  0.000E+00  0.000E+00  0.000  0.000  0.000  0.000  1.400E-02  0.000E+00
    446 1.140E+01 2.045E+03     0     4     4     0     0  0.000E+00  0.000E+00  0.000E+00  0.000E+00  0.000E+00  0.000E+00  0.000E+00  0.000E+00  0.000  0.000  0.000  0.000  1.380E-02  0.000E+00
    447 6.270E+00 2.051E+03     1     4    14     0     0  0.000E+00  0.000E+00  0.000E+00  0.000E+00  0.000E+00  0.000E+00  0.000E+00  0.000E+00  0.000  0.000  0.000  0.000  4.799E-02  0.000E+00
    448 6.897E+00 2.058E+03     0     4     4     0     0  0.000E+00  0.000E+00  0.000E+00  0.000E+00  0.000E+00  0.000E+00  0.000E+00  0.000E+00  0.000  0.000  0.000  0.000  1.375E-02  0.000E+00
    449 7.587E+00 2.066E+03     0     4     4     0     0  0.000E+00  0.000E+00  0.000E+00  0.000E+00  0.000E+00  0.000E+00  0.000E+00  0.000E+00  0.000  0.000  0.000  0.000  1.373E-02  0.000E+00
    450 8.346E+00 2.074E+03     0     4     4     0     0  0.000E+00  0.000E+00  0.000E+00  0.000E+00  0.000E+00  0.000E+00  0.000E+00  0.000E+00  0.000  0.000  0.000  0.000  1.375E-02  0.000E+00
    451 9.180E+00 2.083E+03     0     4     4     0     0  0.000E+00  0.000E+00  0.000E+00  0.000E+00  0.000E+00  0.000E+00  0.000E+00  0.000E+00  0.000  0.000  0.000  0.000  1.375E-02  0.000E+00
    452 1.010E+01 2.093E+03     0     4     4     0     0  0.000E+00  0.000E+00  0.000E+00  0.000E+00  0.000E+00  0.000E+00  0.000E+00  0.000E+00  0.000  0.000  0.000  0.000  1.392E-02  0.000E+00
    453 1.111E+01 2.104E+03     0     4     4     0     0  0.000E+00  0.000E+00  0.000E+00  0.000E+00  0.000E+00  0.000E+00  0.000E+00  0.000E+00  0.000  0.000  0.000  0.000  1.371E-02  0.000E+00
    454 6.109E+00 2.110E+03     1     2    12     0     0  0.000E+00  0.000E+00  0.000E+00  0.000E+00  0.000E+00  0.000E+00  0.000E+00  0.000E+00  0.000  0.000  0.000  0.000  4.140E-02  0.000E+00
    455 6.720E+00 2.117E+03     0     4     4     0     0  0.000E+00  0.000E+00  0.000E+00  0.000E+00  0.000E+00  0.000E+00  0.000E+00  0.000E+00  0.000  0.000  0.000  0.000  1.393E-02  0.000E+00
    456 7.392E+00 2.124E+03     0     4     4     0     0  0.000E+00  0.000E+00  0.000E+00  0.000E+00  0.000E+00  0.000E+00  0.000E+00  0.000E+00  0.000  0.000  0.000  0.000  1.378E-02  0.000E+00
    457 8.132E+00 2.133E+03     0     4     4     0     0  0.000E+00  0.000E+00  0.000E+00  0.000E+00  0.000E+00  0.000E+00  0.000E+00  0.000E+00  0.000  0.000  0.000  0.000  1.376E-02  0.000E+00
    458 8.945E+00 2.142E+03     0     4     4     0     0  0.000E+00  0.000E+00  0.000E+00  0.000E+00  0.000E+00  0.000E+00  0.000E+00  0.000E+00  0.000  0.000  0.000  0.000  1.376E-02  0.000E+00
    459 9.839E+00 2.151E+03     0     4     4     0     0  0.000E+00  0.000E+00  0.000E+00  0.000E+00  0.000E+00  0.000E+00  0.000E+00  0.000E+00  0.000  0.000  0.000  0.000  1.364E-02  0.000E+00
    460 1.082E+01 2.162E+03     0     4     4     0     0  0.000E+00  0.000E+00  0.000E+00  0.000E+00  0.000E+00  0.000E+00  0.000E+00  0.000E+00  0.000  0.000  0.000  0.000  1.339E-02  0.000E+00
    461 1.191E+01 2.174E+03     0     4     4     0     0  0.000E+00  0.000E+00  0.000E+00  0.000E+00  0.000E+00  0.000E+00  0.000E+00  0.000E+00  0.000  0.000  0.000  0.000  1.401E-02  0.000E+00
    462 6.548E+00 2.181E+03     1     4    14     0     0  0.000E+00  0.000E+00  0.000E+00  0.000E+00  0.000E+00  0.000E+00  0.000E+00  0.000E+00  0.000  0.000  0.000  0.000  4.844E-02  0.000E+00
    463 7.203E+00 2.188E+03     0     4     4     0     0  0.000E+00  0.000E+00  0.000E+00  0.000E+00  0.000E+00  0.000E+00  0.000E+00  0.000E+00  0.000  0.000  0.000  0.000  1.394E-02  0.000E+00
    464 7.923E+00 2.196E+03     0     4     4     0     0  0.000E+00  0.000E+00  0.000E+00  0.000E+00  0.000E+00  0.000E+00  0.000E+00  0.000E+00  0.000  0.000  0.000  0.000  1.371E-02  0.000E+00
    465 8.715E+00 2.205E+03     0     4     4     0     0  0.000E+00  0.000E+00  0.000E+00  0.000E+00  0.000E+00  0.000E+00  0.000E+00  0.000E+00  0.000  0.000  0.000  0.000  1.385E-02  0.000E+00
    466 9.587E+00 2.214E+03     0     4     4     0     0  0.000E+00  0.000E+00  0.000E+00  0.000E+00  0.000E+00  0.000E+00  0.000E+00  0.000E+00  0.000  0.000  0.000  0.000  1.397E-02  0.000E+00
    467 1.055E+01 2.225E+03     0     4     4     0     0  0.000E+00  0.000E+00  0.000E+00  0.000E+00  0.000E+00  0.000E+00  0.000E+00  0.000E+00  0.000  0.000  0.000  0.000  1.375E-02  0.000E+00
    468 1.160E+01 2.236E+03     0     4     4     0     0  0.000E+00  0.000E+00  0.000E+00  0.000E+00  0.000E+00  0.000E+00  0.000E+00  0.000E+00  0.000  0.000  0.000  0.000  1.395E-02  0.000E+00
    469 6.380E+00 2.243E+03     1     2    12     0     0  0.000E+00  0.000E+00  0.000E+00  0.000E+00  0.000E+00  0.000E+00  0.000E+00  0.000E+00  0.000  0.000  0.000  0.000  4.113E-02  0.000E+00
    470 7.018E+00 2.250E+03     0     4     4     0     0  0.000E+00  0.000E+00  0.000E+00  0.000E+00  0.000E+00  0.000E+00  0.000E+00  0.000E+00  0.000  0.000  0.000  0.000  1.375E-02  0.000E+00
    471 7.720E+00 2.257E+03     0     4     4     0     0  0.000E+00  0.000E+00  0.000E+00  0.000E+00  0.000E+00  0.000E+00  0.000E+00  0.000E+00  0.000  0.000  0.000  0.000  1.368E-02  0.000E+00
    472 8.492E+00 2.266E+03     0     4     4     0     0  0.000E+00  0.000E+00  0.000E+00  0.000E+00  0.000E+00  0.000E+00  0.000E+00  0.000E+00  0.000  0.000  0.000  0.000  1.369E-02  0.000E+00
    473 9.341E+00 2.275E+03     0     4     4     0     0  0.000E+00  0.000E+00  0.000E+00  0.000E+00  0.000E+00  0.000E+00  0.000E+00  0.000E+00  0.000  0.000  0.000  0.000  1.373E-02  0.000E+00
    474 1.028E+01 2.285E+03     0     4     4     0     0  0.000E+00  0.000E+00  0.000E+00  0.000E+00  0.000E+00  0.000E+00  0.000E+00  0.000E+00  0.000  0.000  0.000  0.000  1.398E-02  0.000E+00
    475 1.130E+01 2.297E+03     0     4     4     0     0  0.000E+00  0.000E+00  0.000E+00  0.000E+00  0.000E+00  0.000E+00  0.000E+00  0.000E+00  0.000  0.000  0.000  0.000  1.401E-02  0.000E+00
    476 1.243E+01 2.309E+03     0     4     4     0     0  0.000E+00  0.000E+00  0.000E+00  0.000E+00  0.000E+00  0.000E+00  0.000E+00  0.000E+00  0.000  0.000  0.000  0.000  1.382E-02  0.000E+00
    477 6.838E+00 2.316E+03     1     4    14     0     0  0.000E+00  0.000E+00  0.000E+00  0.000E+00  0.000E+00  0.000E+00  0.000E+00  0.000E+00  0.000  0.000  0.000  0.000  4.802E-02  0.000E+00
    478 7.522E+00 2.324E+03     0     4     4     0     0  0.000E+00  0.000E+00  0.000E+00  0.000E+00  0.000E+00  0.000E+00  0.000E+00  0.000E+00  0.000  0.000  0.000  0.000  1.424E-02  0.000E+00
    479 8.274E+00 2.332E+03     0     4     4     0     0  0.000E+00  0.000E+00  0.000E+00  0.000E+00  0.000E+00  0.000E+00  0.000E+00  0.000E+00  0.000  0.000  0.000  0.000  1.401E-02  0.000E+00
    480 9.102E+00 2.341E+03     0     4     4     0     0  0.000E+00  0.000E+00  0.000E+00  0.000E+00  0.000E+00  0.000E+00  0.000E+00  0.000E+00  0.000  0.000  0.000  0.000  1.448E-02  0.000E+00
    481 1.001E+01 2.351E+03     0     4     4     0     0  0.000E+00  0.000E+00  0.000E+00  0.000E+00  0.000E+00  0.000E+00  0.000E+00  0.000E+00  0.000  0.000  0.000  0.000  1.404E-02  0.000E+00
    482 1.101E+01 2.362E+03     0     4     4     0     0  0.000E+00  0.000E+00  0.000E+00  0.000E+00  0.000E+00  0.000E+00  0.000E+00  0.000E+00  0.000  0.000  0.000  0.000  1.375E-02  0.000E+00
    483 1.211E+01 2.374E+03     0     4     4     0     0  0.000E+00  0.000E+00  0.000E+00  0.000E+00  0.000E+00  0.000E+00  0.000E+00  0.000E+00  0.000  0.000  0.000  0.000  1.386E-02  0.000E+00
    484 6.663E+00 2.381E+03     1     2    12     0     0  0.000E+00  0.000E+00  0.000E+00  0.000E+00  0.000E+00  0.000E+00  0.000E+00  0.000E+00  0.000  0.000  0.000  0.000  4.122E-02  0.000E+00
    485 7.329E+00 2.388E+03     0     4     4     0     0  0.000E+00  0.000E+00  0.000E+00  0.000E+00  0.000E+00  0.000E+00  0.000E+00  0.000E+00  0.000  0.000  0.000  0.000  1.372E-02  0.000E+00
    486 8.062E+00 2.396E+03     0     4     4     0     0  0.000E+00  0.000E+00  0.000E+00  0.000E+00  0.000E+00  0.000E+00  0.000E+00  0.000E+00  0.000  0.000  0.000  0.000  1.366E-02  0.000E+00
    487 8.868E+00 2.405E+03     0     4     4     0     0  0.000E+00  0.000E+00  0.000E+00  0.000E+00  0.000E+00  0.000E+00  0.000E+00  0.000E+00  0.000  0.000  0.000  0.000  1.377E-02  0.000E+00
    488 9.755E+00 2.415E+03     0     4     4     0     0  0.000E+00  0.000E+00  0.000E+00  0.000E+00  0.000E+00  0.000E+00  0.000E+00  0.000E+00  0.000  0.000  0.000  0.000  1.391E-02  0.000E+00
    489 1.073E+01 2.426E+03     0     4     4     0     0  0.000E+00  0.000E+00  0.000E+00  0.000E+00  0.000E+00  0.000E+00  0.000E+00  0.000E+00  0.000  0.000  0.000  0.000  1.392E-02  0.000E+00
    490 1.180E+01 2.437E+03     0     4     4     0     0  0.000E+00  0.000E+00  0.000E+00  0.000E+00  0.000E+00  0.000E+00  0.000E+00  0.000E+00  0.000  0.000  0.000  0.000  1.368E-02  0.000E+00
    491 1.298E+01 2.450E+03     0     4     4     0     0  0.000E+00  0.000E+00  0.000E+00  0.000E+00  0.000E+00  0.000E+00  0.000E+00  0.000E+00  0.000  0.000  0.000  0.000  1.375E-02  0.000E+00
    492 7.141E+00 2.457E+03     1     2    12     0     0  0.000E+00  0.000E+00  0.000E+00  0.000E+00  0.000E+00  0.000E+00  0.000E+00  0.000E+00  0.000  0.000  0.000  0.000  4.134E-02  0.000E+00
    493 7.855E+00 2.465E+03     0     4     4     0     0  0.000E+00  0.000E+00  0.000E+00  0.000E+00  0.000E+00  0.000E+00  0.000E+00  0.000E+00  0.000  0.000  0.000  0.000  1.375E-02  0.000E+00
    494 8.641E+00 2.474E+03     0     4     4     0     0  0.000E+00  0.000E+00  0.000E+00  0.000E+00  0.000E+00  0.000E+00  0.000E+00  0.000E+00  0.000  0.000  0.000  0.000  1.372E-02  0.000E+00
    495 9.505E+00 2.483E+03     0     4     4     0     0  0.000E+00  0.000E+00  0.000E+00  0.000E+00  0.000E+00  0.000E+00  0.000E+00  0.000E+00  0.000  0.000  0.000  0.000  1.387E-02  0.000E+00
    496 1.046E+01 2.494E+03     0     4     4     0     0  0.000E+00  0.000E+00  0.000E+00  0.000E+00  0.000E+00  0.000E+00  0.000E+00  0.000E+00  0.000  0.000  0.000  0.000  1.371E-02  0.000E+00
    497 1.150E+01 2.505E+03     0     4     4     0     0  0.000E+00  0.000E+00  0.000E+00  0.000E+00  0.000E+00  0.000E+00  0.000E+00  0.000E+00  0.000  0.000  0.000  0.000  1.372E-02  0.000E+00
    498 1.265E+01 2.518E+03     0     4     4     0     0  0.000E+00  0.000E+00  0.000E+00  0.000E+00  0.000E+00  0.000E+00  0.000E+00  0.000E+00  0.000  0.000  0.000  0.000  1.381E-02  0.000E+00
    499 6.958E+00 2.525E+03     1     2    12     0     0  0.000E+00  0.000E+00  0.000E+00  0.000E+00  0.000E+00  0.000E+00  0.000E+00  0.000E+00  0.000  0.000  0.000  0.000  4.228E-02  0.000E+00
    500 7.654E+00 2.533E+03     0     4     4     0     0  0.000E+00  0.000E+00  0.000E+00  0.000E+00  0.000E+00  0.000E+00  0.000E+00  0.000E+00  0.000  0.000  0.000  0.000  1.373E-02  0.000E+00
    501 8.419E+00 2.541E+03     0     4     4     0     0  0.000E+00  0.000E+00  0.000E+00  0.000E+00  0.000E+00  0.000E+00  0.000E+00  0.000E+00  0.000  0.000  0.000  0.000  1.405E-02  0.000E+00
    502 9.261E+00 2.550E+03     0     4     4     0     0  0.000E+00  0.000E+00  0.000E+00  0.000E+00  0.000E+00  0.000E+00  0.000E+00  0.000E+00  0.000  0.000  0.000  0.000  1.400E-02  0.000E+00
    503 1.019E+01 2.561E+03     0     4     4     0     0  0.000E+00  0.000E+00  0.000E+00  0.000E+00  0.000E+00  0.000E+00  0.000E+00  0.000E+00  0.000  0.000  0.000  0.000  1.404E-02  0.000E+00
    504 1.121E+01 2.572E+03     0     4     4     0     0  0.000E+00  0.000E+00  0.000E+00  0.000E+00  0.000E+00  0.000E+00  0.000E+00  0.000E+00  0.000  0.000  0.000  0.000  1.410E-02  0.000E+00
    505 1.233E+01 2.584E+03     0     4     4     0     0  0.000E+00  0.000E+00  0.000E+00  0.000E+00  0.000E+00  0.000E+00  0.000E+00  0.000E+00  0.000  0.000  0.000  0.000  1.409E-02  0.000E+00
    506 1.356E+01 2.598E+03     0     4     4     0     0  0.000E+00  0.000E+00  0.000E+00  0.000E+00  0.000E+00  0.000E+00  0.000E+00  0.000E+00  0.000  0.000  0.000  0.000  1.410E-02  0.000E+00
    507 7.458E+00 2.605E+03     1     2    12     0     0  0.000E+00  0.000E+00  0.000E+00  0.000E+00  0.000E+00  0.000E+00  0.000E+00  0.000E+00  0.000  0.000  0.000  0.000  4.212E-02  0.000E+00
    508 8.203E+00 2.613E+03     0     4     4     0     0  0.000E+00  0.000E+00  0.000E+00  0.000E+00  0.000E+00  0.000E+00  0.000E+00  0.000E+00  0.000  0.000  0.000  0.000  1.399E-02  0.000E+00
    509 9.024E+00 2.622E+03     0     4     4     0     0  0.000E+00  0.000E+00  0.000E+00  0.000E+00  0.000E+00  0.000E+00  0.000E+00  0.000E+00  0.000  0.000  0.000  0.000  1.408E-02  0.000E+00
    510 9.926E+00 2.632E+03     0     4     4     0     0  0.000E+00  0.000E+00  0.000E+00  0.000E+00  0.000E+00  0.000E+00  0.000E+00  0.000E+00  0.000  0.000  0.000  0.000  1.416E-02  0.000E+00
    511 1.092E+01 2.643E+03     0     4     4     0     0  0.000E+00  0.000E+00  0.000E+00  0.000E+00  0.000E+00  0.000E+00  0.000E+00  0.000E+00  0.000  0.000  0.000  0.000  1.408E-02  0.000E+00
    512 1.201E+01 2.655E+03     0     4     4     0     0  0.000E+00  0.000E+00  0.000E+00  0.000E+00  0.000E+00  0.000E+00  0.000E+00  0.000E+00  0.000  0.000  0.000  0.000  1.403E-02  0.000E+00
    513 1.321E+01 2.668E+03     0     4     4     0     0  0.000E+00  0.000E+00  0.000E+00  0.000E+00  0.000E+00  0.000E+00  0.000E+00  0.000E+00  0.000  0.000  0.000  0.000  1.399E-02  0.000E+00
    514 7.266E+00 2.676E+03     1     2    12     0     0  0.000E+00  0.000E+00  0.000E+00  0.000E+00  0.000E+00  0.000E+00  0.000E+00  0.000E+00  0.000  0.000  0.000  0.000  4.190E-02  0.000E+00
    515 7.993E+00 2.684E+03     0     4     4     0     0  0.000E+00  0.000E+00  0.000E+00  0.000E+00  0.000E+00  0.000E+00  0.000E+00  0.000E+00  0.000  0.000  0.000  0.000  1.398E-02  0.000E+00
    516 8.792E+00 2.692E+03     0     4     4     0     0  0.000E+00  0.000E+00  0.000E+00  0.000E+00  0.000E+00  0.000E+00  0.000E+00  0.000E+00  0.000  0.000  0.000  0.000  1.432E-02  0.000E+00
    517 9.672E+00 2.702E+03     0     4     4     0     0  0.000E+00  0.000E+00  0.000E+00  0.000E+00  0.000E+00  0.000E+00  0.000E+00  0.000E+00  0.000  0.000  0.000  0.000  1.401E-02  0.000E+00
    518 1.064E+01 2.713E+03     0     4     4     0     0  0.000E+00  0.000E+00  0.000E+00  0.000E+00  0.000E+00  0.000E+00  0.000E+00  0.000E+00  0.000  0.000  0.000  0.000  1.407E-02  0.000E+00
    519 1.170E+01 2.724E+03     0     4     4     0     0  0.000E+00  0.000E+00  0.000E+00  0.000E+00  0.000E+00  0.000E+00  0.000E+00  0.000E+00  0.000  0.000  0.000  0.000  1.407E-02  0.000E+00
    520 1.287E+01 2.737E+03     0     4     4     0     0  0.000E+00  0.000E+00  0.000E+00  0.000E+00  0.000E+00  0.000E+00  0.000E+00  0.000E+00  0.000  0.000  0.000  0.000  1.404E-02  0.000E+00
    521 1.416E+01 2.751E+03     0     4     4     0     0  0.000E+00  0.000E+00  0.000E+00  0.000E+00  0.000E+00  0.000E+00  0.000E+00  0.000E+00  0.000  0.000  0.000  0.000  1.303E-02  0.000E+00
    522 7.788E+00 2.759E+03     1     2    12     0     0  0.000E+00  0.000E+00  0.000E+00  0.000E+00  0.000E+00  0.000E+00  0.000E+00  0.000E+00  0.000  0.000  0.000  0.000  4.199E-02  0.000E+00
    523 8.567E+00 2.768E+03     0     4     4     0     0  0.000E+00  0.000E+00  0.000E+00  0.000E+00  0.000E+00  0.000E+00  0.000E+00  0.000E+00  0.000  0.000  0.000  0.000  1.411E-02  0.000E+00
    524 9.424E+00 2.777E+03     0     4     4     0     0  0.000E+00  0.000E+00  0.000E+00  0.000E+00  0.000E+00  0.000E+00  0.000E+00  0.000E+00  0.000  0.000  0.000  0.000  1.420E-02  0.000E+00
    525 1.037E+01 2.788E+03     0     4     4     0     0  0.000E+00  0.000E+00  0.000E+00  0.000E+00  0.000E+00  0.000E+00  0.000E+00  0.000E+00  0.000  0.000  0.000  0.000  1.377E-02  0.000E+00
    526 1.140E+01 2.799E+03     0     4     4     0     0  0.000E+00  0.000E+00  0.000E+00  0.000E+00  0.000E+00  0.000E+00  0.000E+00  0.000E+00  0.000  0.000  0.000  0.000  1.370E-02  0.000E+00
    527 1.254E+01 2.812E+03     0     4     4     0     0  0.000E+00  0.000E+00  0.000E+00  0.000E+00  0.000E+00  0.000E+00  0.000E+00  0.000E+00  0.000  0.000  0.000  0.000  1.375E-02  0.000E+00
    528 1.380E+01 2.825E+03     0     4     4     0     0  0.000E+00  0.000E+00  0.000E+00  0.000E+00  0.000E+00  0.000E+00  0.000E+00  0.000E+00  0.000  0.000  0.000  0.000  1.422E-02  0.000E+00
    529 7.588E+00 2.833E+03     1     2    12     0     0  0.000E+00  0.000E+00  0.000E+00  0.000E+00  0.000E+00  0.000E+00  0.000E+00  0.000E+00  0.000  0.000  0.000  0.000  4.150E-02  0.000E+00
    530 8.347E+00 2.841E+03     0     4     4     0     0  0.000E+00  0.000E+00  0.000E+00  0.000E+00  0.000E+00  0.000E+00  0.000E+00  0.000E+00  0.000  0.000  0.000  0.000  1.403E-02  0.000E+00
    531 9.182E+00 2.850E+03     0     4     4     0     0  0.000E+00  0.000E+00  0.000E+00  0.000E+00  0.000E+00  0.000E+00  0.000E+00  0.000E+00  0.000  0.000  0.000  0.000  1.381E-02  0.000E+00
    532 1.010E+01 2.861E+03     0     4     4     0     0  0.000E+00  0.000E+00  0.000E+00  0.000E+00  0.000E+00  0.000E+00  0.000E+00  0.000E+00  0.000  0.000  0.000  0.000  1.288E-02  0.000E+00
    533 1.111E+01 2.872E+03     0     4     4     0     0  0.000E+00  0.000E+00  0.000E+00  0.000E+00  0.000E+00  0.000E+00  0.000E+00  0.000E+00  0.000  0.000  0.000  0.000  1.365E-02  0.000E+00
    534 1.222E+01 2.884E+03     0     4     4     0     0  0.000E+00  0.000E+00  0.000E+00  0.000E+00  0.000E+00  0.000E+00  0.000E+00  0.000E+00  0.000  0.000  0.000  0.000  1.375E-02  0.000E+00
    535 1.344E+01 2.897E+03     0     4     4     0     0  0.000E+00  0.000E+00  0.000E+00  0.000E+00  0.000E+00  0.000E+00  0.000E+00  0.000E+00  0.000  0.000  0.000  0.000  1.377E-02  0.000E+00
    536 1.479E+01 2.912E+03     0     4     4     0     0  0.000E+00  0.000E+00  0.000E+00  0.000E+00  0.000E+00  0.000E+00  0.000E+00  0.000E+00  0.000  0.000  0.000  0.000  1.381E-02  0.000E+00
    537 8.133E+00 2.920E+03     1     2    12     0     0  0.000E+00  0.000E+00  0.000E+00  0.000E+00  0.000E+00  0.000E+00  0.000E+00  0.000E+00  0.000  0.000  0.000  0.000  4.188E-02  0.000E+00
    538 8.946E+00 2.929E+03     0     4     4     0     0  0.000E+00  0.000E+00  0.000E+00  0.000E+00  0.000E+00  0.000E+00  0.000E+00  0.000E+00  0.000  0.000  0.000  0.000  1.373E-02  0.000E+00
    539 9.841E+00 2.939E+03     0     4     4     0     0  0.000E+00  0.000E+00  0.000E+00  0.000E+00  0.000E+00  0.000E+00  0.000E+00  0.000E+00  0.000  0.000  0.000  0.000  1.367E-02  0.000E+00
    540 1.083E+01 2.950E+03     0     4     4     0     0  0.000E+00  0.000E+00  0.000E+00  0.000E+00  0.000E+00  0.000E+00  0.000E+00  0.000E+00  0.000  0.000  0.000  0.000  1.377E-02  0.000E+00
    541 1.191E+01 2.962E+03     0     4     4     0     0  0.000E+00  0.000E+00  0.000E+00  0.000E+00  0.000E+00  0.000E+00  0.000E+00  0.000E+00  0.000  0.000  0.000  0.000  1.383E-02  0.000E+00
    542 1.310E+01 2.975E+03     0     4     4     0     0  0.000E+00  0.000E+00  0.000E+00  0.000E+00  0.000E+00  0.000E+00  0.000E+00  0.000E+00  0.000  0.000  0.000  0.000  1.372E-02  0.000E+00
    543 1.441E+01 2.989E+03     0     4     4     0     0  0.000E+00  0.000E+00  0.000E+00  0.000E+00  0.000E+00  0.000E+00  0.000E+00  0.000E+00  0.000  0.000  0.000  0.000  1.375E-02  0.000E+00
    544 7.925E+00 2.997E+03     1     2    12     0     0  0.000E+00  0.000E+00  0.000E+00  0.000E+00  0.000E+00  0.000E+00  0.000E+00  0.000E+00  0.000  0.000  0.000  0.000  4.140E-02  0.000E+00
    545 8.717E+00 3.006E+03     0     2     2     0     0  0.000E+00  0.000E+00  0.000E+00  0.000E+00  0.000E+00  0.000E+00  0.000E+00  0.000E+00  0.000  0.000  0.000  0.000  6.845E-03  0.000E+00
    546 9.589E+00 3.016E+03     0     4     4     0     0  0.000E+00  0.000E+00  0.000E+00  0.000E+00  0.000E+00  0.000E+00  0.000E+00  0.000E+00  0.000  0.000  0.000  0.000  1.381E-02  0.000E+00
    547 1.055E+01 3.026E+03     0     4     4     0     0  0.000E+00  0.000E+00  0.000E+00  0.000E+00  0.000E+00  0.000E+00  0.000E+00  0.000E+00  0.000  0.000  0.000  0.000  1.380E-02  0.000E+00
    548 1.160E+01 3.038E+03     0     4     4     0     0  0.000E+00  0.000E+00  0.000E+00  0.000E+00  0.000E+00  0.000E+00  0.000E+00  0.000E+00  0.000  0.000  0.000  0.000  1.283E-02  0.000E+00
    549 1.276E+01 3.050E+03     0     4     4     0     0  0.000E+00  0.000E+00  0.000E+00  0.000E+00  0.000E+00  0.000E+00  0.000E+00  0.000E+00  0.000  0.000  0.000  0.000  1.382E-02  0.000E+00
    550 1.404E+01 3.064E+03     0     4     4     0     0  0.000E+00  0.000E+00  0.000E+00  0.000E+00  0.000E+00  0.000E+00  0.000E+00  0.000E+00  0.000  0.000  0.000  0.000  1.379E-02  0.000E+00
    551 1.544E+01 3.080E+03     0     4     4     0     0  0.000E+00  0.000E+00  0.000E+00  0.000E+00  0.000E+00  0.000E+00  0.000E+00  0.000E+00  0.000  0.000  0.000  0.000  1.373E-02  0.000E+00
    552 8.494E+00 3.088E+03     1     2    12     0     0  0.000E+00  0.000E+00  0.000E+00  0.000E+00  0.000E+00  0.000E+00  0.000E+00  0.000E+00  0.000  0.000  0.000  0.000  4.146E-02  0.000E+00
    553 9.343E+00 3.098E+03     0     4     4     0     0  0.000E+00  0.000E+00  0.000E+00  0.000E+00  0.000E+00  0.000E+00  0.000E+00  0.000E+00  0.000  0.000  0.000  0.000  1.366E-02  0.000E+00
    554 1.028E+01 3.108E+03     0     4     4     0     0  0.000E+00  0.000E+00  0.000E+00  0.000E+00  0.000E+00  0.000E+00  0.000E+00  0.000E+00  0.000  0.000  0.000  0.000  1.365E-02  0.000E+00
    555 1.130E+01 3.119E+03     0     4     4     0     0  0.000E+00  0.000E+00  0.000E+00  0.000E+00  0.000E+00  0.000E+00  0.000E+00  0.000E+00  0.000  0.000  0.000  0.000  1.358E-02  0.000E+00
    556 1.244E+01 3.132E+03     0     4     4     0     0  0.000E+00  0.000E+00  0.000E+00  0.000E+00  0.000E+00  0.000E+00  0.000E+00  0.000E+00  0.000  0.000  0.000  0.000  1.375E-02  0.000E+00
    557 1.368E+01 3.145E+03     0     4     4     0     0  0.000E+00  0.000E+00  0.000E+00  0.000E+00  0.000E+00  0.000E+00  0.000E+00  0.000E+00  0.000  0.000  0.000  0.000  1.401E-02  0.000E+00
    558 1.505E+01 3.160E+03     0     4     4     0     0  0.000E+00  0.000E+00  0.000E+00  0.000E+00  0.000E+00  0.000E+00  0.000E+00  0.000E+00  0.000  0.000  0.000  0.000  1.381E-02  0.000E+00
    559 8.276E+00 3.169E+03     1     2    12     0     0  0.000E+00  0.000E+00  0.000E+00  0.000E+00  0.000E+00  0.000E+00  0.000E+00  0.000E+00  0.000  0.000  0.000  0.000  4.158E-02  0.000E+00
    560 9.103E+00 3.178E+03     0     2     2     0     0  0.000E+00  0.000E+00  0.000E+00  0.000E+00  0.000E+00  0.000E+00  0.000E+00  0.000E+00  0.000  0.000  0.000  0.000  7.089E-03  0.000E+00
    561 1.001E+01 3.188E+03     0     4     4     0     0  0.000E+00  0.000E+00  0.000E+00  0.000E+00  0.000E+00  0.000E+00  0.000E+00  0.000E+00  0.000  0.000  0.000  0.000  1.400E-02  0.000E+00
    562 1.102E+01 3.199E+03     0     4     4     0     0  0.000E+00  0.000E+00  0.000E+00  0.000E+00  0.000E+00  0.000E+00  0.000E+00  0.000E+00  0.000  0.000  0.000  0.000  1.379E-02  0.000E+00
    563 1.212E+01 3.211E+03     0     4     4     0     0  0.000E+00  0.000E+00  0.000E+00  0.000E+00  0.000E+00  0.000E+00  0.000E+00  0.000E+00  0.000  0.000  0.000  0.000  1.385E-02  0.000E+00
    564 1.333E+01 3.224E+03     0     4     4     0     0  0.000E+00  0.000E+00  0.000E+00  0.000E+00  0.000E+00  0.000E+00  0.000E+00  0.000E+00  0.000  0.000  0.000  0.000  1.372E-02  0.000E+00
    565 1.466E+01 3.239E+03     0     4     4     0     0  0.000E+00  0.000E+00  0.000E+00  0.000E+00  0.000E+00  0.000E+00  0.000E+00  0.000E+00  0.000  0.000  0.000  0.000  1.365E-02  0.000E+00
    566 1.613E+01 3.255E+03     0     4     4     0     0  0.000E+00  0.000E+00  0.000E+00  0.000E+00  0.000E+00  0.000E+00  0.000E+00  0.000E+00  0.000  0.000  0.000  0.000  1.363E-02  0.000E+00
    567 8.870E+00 3.264E+03     1     2    12     0     0  0.000E+00  0.000E+00  0.000E+00  0.000E+00  0.000E+00  0.000E+00  0.000E+00  0.000E+00  0.000  0.000  0.000  0.000  4.117E-02  0.000E+00
    568 9.757E+00 3.274E+03     0     4     4     0     0  0.000E+00  0.000E+00  0.000E+00  0.000E+00  0.000E+00  0.000E+00  0.000E+00  0.000E+00  0.000  0.000  0.000  0.000  1.385E-02  0.000E+00
    569 1.073E+01 3.284E+03     0     4     4     0     0  0.000E+00  0.000E+00  0.000E+00  0.000E+00  0.000E+00  0.000E+00  0.000E+00  0.000E+00  0.000  0.000  0.000  0.000  1.266E-02  0.000E+00
    570 1.181E+01 3.296E+03     0     4     4     0     0  0.000E+00  0.000E+00  0.000E+00  0.000E+00  0.000E+00  0.000E+00  0.000E+00  0.000E+00  0.000  0.000  0.000  0.000  1.370E-02  0.000E+00
    571 1.299E+01 3.309E+03     0     4     4     0     0  0.000E+00  0.000E+00  0.000E+00  0.000E+00  0.000E+00  0.000E+00  0.000E+00  0.000E+00  0.000  0.000  0.000  0.000  1.365E-02  0.000E+00
    572 1.429E+01 3.324E+03     0     4     4     0     0  0.000E+00  0.000E+00  0.000E+00  0.000E+00  0.000E+00  0.000E+00  0.000E+00  0.000E+00  0.000  0.000  0.000  0.000  1.373E-02  0.000E+00
    573 1.571E+01 3.339E+03     0     4     4     0     0  0.000E+00  0.000E+00  0.000E+00  0.000E+00  0.000E+00  0.000E+00  0.000E+00  0.000E+00  0.000  0.000  0.000  0.000  1.366E-02  0.000E+00
    574 8.642E+00 3.348E+03     1     2    12     0     0  0.000E+00  0.000E+00  0.000E+00  0.000E+00  0.000E+00  0.000E+00  0.000E+00  0.000E+00  0.000  0.000  0.000  0.000  4.119E-02  0.000E+00
    575 9.507E+00 3.357E+03     0     2     2     0     0  0.000E+00  0.000E+00  0.000E+00  0.000E+00  0.000E+00  0.000E+00  0.000E+00  0.000E+00  0.000  0.000  0.000  0.000  6.855E-03  0.000E+00
    576 1.046E+01 3.368E+03     0     4     4     0     0  0.000E+00  0.000E+00  0.000E+00  0.000E+00  0.000E+00  0.000E+00  0.000E+00  0.000E+00  0.000  0.000  0.000  0.000  1.370E-02  0.000E+00
    577 1.150E+01 3.379E+03     0     4     4     0     0  0.000E+00  0.000E+00  0.000E+00  0.000E+00  0.000E+00  0.000E+00  0.000E+00  0.000E+00  0.000  0.000  0.000  0.000  1.365E-02  0.000E+00
    578 1.265E+01 3.392E+03     0     4     4     0     0  0.000E+00  0.000E+00  0.000E+00  0.000E+00  0.000E+00  0.000E+00  0.000E+00  0.000E+00  0.000  0.000  0.000  0.000  1.377E-02  0.000E+00
    579 1.392E+01 3.406E+03     0     4     4     0     0  0.000E+00  0.000E+00  0.000E+00  0.000E+00  0.000E+00  0.000E+00  0.000E+00  0.000E+00  0.000  0.000  0.000  0.000  1.369E-02  0.000E+00
    580 1.531E+01 3.421E+03     0     4     4     0     0  0.000E+00  0.000E+00  0.000E+00  0.000E+00  0.000E+00  0.000E+00  0.000E+00  0.000E+00  0.000  0.000  0.000  0.000  1.366E-02  0.000E+00
    581 1.684E+01 3.438E+03     0     4     4     0     0  0.000E+00  0.000E+00  0.000E+00  0.000E+00  0.000E+00  0.000E+00  0.000E+00  0.000E+00  0.000  0.000  0.000  0.000  1.385E-02  0.000E+00
    582 9.263E+00 3.447E+03     1     2    12     0     0  0.000E+00  0.000E+00  0.000E+00  0.000E+00  0.000E+00  0.000E+00  0.000E+00  0.000E+00  0.000  0.000  0.000  0.000  4.128E-02  0.000E+00
    583 1.019E+01 3.458E+03     0     4     4     0     0  0.000E+00  0.000E+00  0.000E+00  0.000E+00  0.000E+00  0.000E+00  0.000E+00  0.000E+00  0.000  0.000  0.000  0.000  1.382E-02  0.000E+00
    584 1.121E+01 3.469E+03     0     4     4     0     0  0.000E+00  0.000E+00  0.000E+00  0.000E+00  0.000E+00  0.000E+00  0.000E+00  0.000E+00  0.000  0.000  0.000  0.000  1.363E-02  0.000E+00
    585 1.233E+01 3.481E+03     0     4     4     0     0  0.000E+00  0.000E+00  0.000E+00  0.000E+00  0.000E+00  0.000E+00  0.000E+00  0.000E+00  0.000  0.000  0.000  0.000  1.367E-02  0.000E+00
    586 1.356E+01 3.495E+03     0     4     4     0     0  0.000E+00  0.000E+00  0.000E+00  0.000E+00  0.000E+00  0.000E+00  0.000E+00  0.000E+00  0.000  0.000  0.000  0.000  1.386E-02  0.000E+00
    587 1.492E+01 3.510E+03     0     4     4     0     0  0.000E+00  0.000E+00  0.000E+00  0.000E+00  0.000E+00  0.000E+00  0.000E+00  0.000E+00  0.000  0.000  0.000  0.000  1.394E-02  0.000E+00
    588 1.641E+01 3.526E+03     0     4     4     0     0  0.000E+00  0.000E+00  0.000E+00  0.000E+00  0.000E+00  0.000E+00  0.000E+00  0.000E+00  0.000  0.000  0.000  0.000  1.368E-02  0.000E+00
    589 9.025E+00 3.535E+03     1     2    12     0     0  0.000E+00  0.000E+00  0.000E+00  0.000E+00  0.000E+00  0.000E+00  0.000E+00  0.000E+00  0.000  0.000  0.000  0.000  4.140E-02  0.000E+00
    590 9.928E+00 3.545E+03     0     2     2     0     0  0.000E+00  0.000E+00  0.000E+00  0.000E+00  0.000E+00  0.000E+00  0.000E+00  0.000E+00  0.000  0.000  0.000  0.000  6.824E-03  0.000E+00
    591 1.092E+01 3.556E+03     0     4     4     0     0  0.000E+00  0.000E+00  0.000E+00  0.000E+00  0.000E+00  0.000E+00  0.000E+00  0.000E+00  0.000  0.000  0.000  0.000  1.380E-02  0.000E+00
    592 1.201E+01 3.568E+03     0     4     4     0     0  0.000E+00  0.000E+00  0.000E+00  0.000E+00  0.000E+00  0.000E+00  0.000E+00  0.000E+00  0.000  0.000  0.000  0.000  1.371E-02  0.000E+00
    593 1.321E+01 3.581E+03     0     4     4     0     0  0.000E+00  0.000E+00  0.000E+00  0.000E+00  0.000E+00  0.000E+00  0.000E+00  0.000E+00  0.000  0.000  0.000  0.000  1.378E-02  0.000E+00
    594 1.454E+01 3.596E+03     0     4     4     0     0  0.000E+00  0.000E+00  0.000E+00  0.000E+00  0.000E+00  0.000E+00  0.000E+00  0.000E+00  0.000  0.000  0.000  0.000  1.362E-02  0.000E+00
    595 1.599E+01 3.612E+03     0     4     4     0     0  0.000E+00  0.000E+00  0.000E+00  0.000E+00  0.000E+00  0.000E+00  0.000E+00  0.000E+00  0.000  0.000  0.000  0.000  1.369E-02  0.000E+00
    596 1.759E+01 3.629E+03     0     4     4     0     0  0.000E+00  0.000E+00  0.000E+00  0.000E+00  0.000E+00  0.000E+00  0.000E+00  0.000E+00  0.000  0.000  0.000  0.000  1.381E-02  0.000E+00
    597 9.673E+00 3.639E+03     1     2    12     0     0  0.000E+00  0.000E+00  0.000E+00  0.000E+00  0.000E+00  0.000E+00  0.000E+00  0.000E+00  0.000  0.000  0.000  0.000  4.028E-02  0.000E+00
    598 1.064E+01 3.650E+03     0     2     2     0     0  0.000E+00  0.000E+00  0.000E+00  0.000E+00  0.000E+00  0.000E+00  0.000E+00  0.000E+00  0.000  0.000  0.000  0.000  6.854E-03  0.000E+00
    599 1.170E+01 3.661E+03     0     4     4     0     0  0.000E+00  0.000E+00  0.000E+00  0.000E+00  0.000E+00  0.000E+00  0.000E+00  0.000E+00  0.000  0.000  0.000  0.000  1.388E-02  0.000E+00
    600 1.288E+01 3.674E+03     0     4     4     0     0  0.000E+00  0.000E+00  0.000E+00  0.000E+00  0.000E+00  0.000E+00  0.000E+00  0.000E+00  0.000  0.000  0.000  0.000  1.370E-02  0.000E+00
    601 1.416E+01 3.688E+03     0     4     4     0     0  0.000E+00  0.000E+00  0.000E+00  0.000E+00  0.000E+00  0.000E+00  0.000E+00  0.000E+00  0.000  0.000  0.000  0.000  1.361E-02  0.000E+00
    602 1.558E+01 3.704E+03     0     4     4     0     0  0.000E+00  0.000E+00  0.000E+00  0.000E+00  0.000E+00  0.000E+00  0.000E+00  0.000E+00  0.000  0.000  0.000  0.000  1.369E-02  0.000E+00
    603 1.714E+01 3.721E+03     0     4     4     0     0  0.000E+00  0.000E+00  0.000E+00  0.000E+00  0.000E+00  0.000E+00  0.000E+00  0.000E+00  0.000  0.000  0.000  0.000  1.376E-02  0.000E+00
    604 9.425E+00 3.730E+03     1     2    12     0     0  0.000E+00  0.000E+00  0.000E+00  0.000E+00  0.000E+00  0.000E+00  0.000E+00  0.000E+00  0.000  0.000  0.000  0.000  4.063E-02  0.000E+00
    605 1.037E+01 3.741E+03     0     2     2     0     0  0.000E+00  0.000E+00  0.000E+00  0.000E+00  0.000E+00  0.000E+00  0.000E+00  0.000E+00  0.000  0.000  0.000  0.000  6.716E-03  0.000E+00
    606 1.140E+01 3.752E+03     0     4     4     0     0  0.000E+00  0.000E+00  0.000E+00  0.000E+00  0.000E+00  0.000E+00  0.000E+00  0.000E+00  0.000  0.000  0.000  0.000  1.359E-02  0.000E+00
    607 1.255E+01 3.765E+03     0     4     4     0     0  0.000E+00  0.000E+00  0.000E+00  0.000E+00  0.000E+00  0.000E+00  0.000E+00  0.000E+00  0.000  0.000  0.000  0.000  1.363E-02  0.000E+00
    608 1.380E+01 3.779E+03     0     4     4     0     0  0.000E+00  0.000E+00  0.000E+00  0.000E+00  0.000E+00  0.000E+00  0.000E+00  0.000E+00  0.000  0.000  0.000  0.000  1.383E-02  0.000E+00
    609 1.518E+01 3.794E+03     0     4     4     0     0  0.000E+00  0.000E+00  0.000E+00  0.000E+00  0.000E+00  0.000E+00  0.000E+00  0.000E+00  0.000  0.000  0.000  0.000  1.357E-02  0.000E+00
    610 1.670E+01 3.810E+03     0     4     4     0     0  0.000E+00  0.000E+00  0.000E+00  0.000E+00  0.000E+00  0.000E+00  0.000E+00  0.000E+00  0.000  0.000  0.000  0.000  1.350E-02  0.000E+00
    611 1.837E+01 3.829E+03     0     4     4     0     0  0.000E+00  0.000E+00  0.000E+00  0.000E+00  0.000E+00  0.000E+00  0.000E+00  0.000E+00  0.000  0.000  0.000  0.000  1.346E-02  0.000E+00
    612 1.010E+01 3.839E+03     1     2    12     0     0  0.000E+00  0.000E+00  0.000E+00  0.000E+00  0.000E+00  0.000E+00  0.000E+00  0.000E+00  0.000  0.000  0.000  0.000  4.064E-02  0.000E+00
    613 1.111E+01 3.850E+03     0     2     2     0     0  0.000E+00  0.000E+00  0.000E+00  0.000E+00  0.000E+00  0.000E+00  0.000E+00  0.000E+00  0.000  0.000  0.000  0.000  6.793E-03  0.000E+00
    614 1.222E+01 3.862E+03     0     4     4     0     0  0.000E+00  0.000E+00  0.000E+00  0.000E+00  0.000E+00  0.000E+00  0.000E+00  0.000E+00  0.000  0.000  0.000  0.000  1.389E-02  0.000E+00
    615 1.345E+01 3.876E+03     0     4     4     0     0  0.000E+00  0.000E+00  0.000E+00  0.000E+00  0.000E+00  0.000E+00  0.000E+00  0.000E+00  0.000  0.000  0.000  0.000  1.383E-02  0.000E+00
    616 1.479E+01 3.890E+03     0     4     4     0     0  0.000E+00  0.000E+00  0.000E+00  0.000E+00  0.000E+00  0.000E+00  0.000E+00  0.000E+00  0.000  0.000  0.000  0.000  1.366E-02  0.000E+00
    617 1.627E+01 3.907E+03     0     4     4     0     0  0.000E+00  0.000E+00  0.000E+00  0.000E+00  0.000E+00  0.000E+00  0.000E+00  0.000E+00  0.000  0.000  0.000  0.000  1.362E-02  0.000E+00
    618 1.790E+01 3.925E+03     0     4     4     0     0  0.000E+00  0.000E+00  0.000E+00  0.000E+00  0.000E+00  0.000E+00  0.000E+00  0.000E+00  0.000  0.000  0.000  0.000  1.357E-02  0.000E+00
    619 9.843E+00 3.934E+03     1     2    12     0     0  0.000E+00  0.000E+00  0.000E+00  0.000E+00  0.000E+00  0.000E+00  0.000E+00  0.000E+00  0.000  0.000  0.000  0.000  4.053E-02  0.000E+00
    620 1.083E+01 3.945E+03     0     2     2     0     0  0.000E+00  0.000E+00  0.000E+00  0.000E+00  0.000E+00  0.000E+00  0.000E+00  0.000E+00  0.000  0.000  0.000  0.000  5.786E-03  0.000E+00
    621 1.191E+01 3.957E+03     0     4     4     0     0  0.000E+00  0.000E+00  0.000E+00  0.000E+00  0.000E+00  0.000E+00  0.000E+00  0.000E+00  0.000  0.000  0.000  0.000  1.384E-02  0.000E+00
    622 1.310E+01 3.970E+03     0     4     4     0     0  0.000E+00  0.000E+00  0.000E+00  0.000E+00  0.000E+00  0.000E+00  0.000E+00  0.000E+00  0.000  0.000  0.000  0.000  1.369E-02  0.000E+00
    623 1.441E+01 3.985E+03     0     4     4     0     0  0.000E+00  0.000E+00  0.000E+00  0.000E+00  0.000E+00  0.000E+00  0.000E+00  0.000E+00  0.000  0.000  0.000  0.000  1.370E-02  0.000E+00
    624 1.585E+01 4.001E+03     0     4     4     0     0  0.000E+00  0.000E+00  0.000E+00  0.000E+00  0.000E+00  0.000E+00  0.000E+00  0.000E+00  0.000  0.000  0.000  0.000  1.376E-02  0.000E+00
    625 1.744E+01 4.018E+03     0     4     4     0     0  0.000E+00  0.000E+00  0.000E+00  0.000E+00  0.000E+00  0.000E+00  0.000E+00  0.000E+00  0.000  0.000  0.000  0.000  1.368E-02  0.000E+00
    626 1.918E+01 4.037E+03     0     4     4     0     0  0.000E+00  0.000E+00  0.000E+00  0.000E+00  0.000E+00  0.000E+00  0.000E+00  0.000E+00  0.000  0.000  0.000  0.000  1.371E-02  0.000E+00
    627 1.055E+01 4.048E+03     1     2    12     0     0  0.000E+00  0.000E+00  0.000E+00  0.000E+00  0.000E+00  0.000E+00  0.000E+00  0.000E+00  0.000  0.000  0.000  0.000  4.125E-02  0.000E+00
    628 1.160E+01 4.059E+03     0     2     2     0     0  0.000E+00  0.000E+00  0.000E+00  0.000E+00  0.000E+00  0.000E+00  0.000E+00  0.000E+00  0.000  0.000  0.000  0.000  7.087E-03  0.000E+00
    629 1.277E+01 4.072E+03     0     4     4     0     0  0.000E+00  0.000E+00  0.000E+00  0.000E+00  0.000E+00  0.000E+00  0.000E+00  0.000E+00  0.000  0.000  0.000  0.000  1.424E-02  0.000E+00
    630 1.404E+01 4.086E+03     0     4     4     0     0  0.000E+00  0.000E+00  0.000E+00  0.000E+00  0.000E+00  0.000E+00  0.000E+00  0.000E+00  0.000  0.000  0.000  0.000  1.380E-02  0.000E+00
    631 1.545E+01 4.102E+03     0     4     4     0     0  0.000E+00  0.000E+00  0.000E+00  0.000E+00  0.000E+00  0.000E+00  0.000E+00  0.000E+00  0.000  0.000  0.000  0.000  1.367E-02  0.000E+00
    632 1.699E+01 4.119E+03     0     4     4     0     0  0.000E+00  0.000E+00  0.000E+00  0.000E+00  0.000E+00  0.000E+00  0.000E+00  0.000E+00  0.000  0.000  0.000  0.000  1.367E-02  0.000E+00
    633 1.869E+01 4.137E+03     0     4     4     0     0  0.000E+00  0.000E+00  0.000E+00  0.000E+00  0.000E+00  0.000E+00  0.000E+00  0.000E+00  0.000  0.000  0.000  0.000  1.378E-02  0.000E+00
    634 1.028E+01 4.148E+03     1     2    12     0     0  0.000E+00  0.000E+00  0.000E+00  0.000E+00  0.000E+00  0.000E+00  0.000E+00  0.000E+00  0.000  0.000  0.000  0.000  4.121E-02  0.000E+00
    635 1.131E+01 4.159E+03     0     2     2     0     0  0.000E+00  0.000E+00  0.000E+00  0.000E+00  0.000E+00  0.000E+00  0.000E+00  0.000E+00  0.000  0.000  0.000  0.000  6.859E-03  0.000E+00
    636 1.244E+01 4.171E+03     0     4     4     0     0  0.000E+00  0.000E+00  0.000E+00  0.000E+00  0.000E+00  0.000E+00  0.000E+00  0.000E+00  0.000  0.000  0.000  0.000  1.358E-02  0.000E+00
    637 1.368E+01 4.185E+03     0     4     4     0     0  0.000E+00  0.000E+00  0.000E+00  0.000E+00  0.000E+00  0.000E+00  0.000E+00  0.000E+00  0.000  0.000  0.000  0.000  1.251E-02  0.000E+00
    638 1.505E+01 4.200E+03     0     4     4     0     0  0.000E+00  0.000E+00  0.000E+00  0.000E+00  0.000E+00  0.000E+00  0.000E+00  0.000E+00  0.000  0.000  0.000  0.000  1.385E-02  0.000E+00
    639 1.655E+01 4.217E+03     0     4     4     0     0  0.000E+00  0.000E+00  0.000E+00  0.000E+00  0.000E+00  0.000E+00  0.000E+00  0.000E+00  0.000  0.000  0.000  0.000  1.376E-02  0.000E+00
    640 1.821E+01 4.235E+03     0     4     4     0     0  0.000E+00  0.000E+00  0.000E+00  0.000E+00  0.000E+00  0.000E+00  0.000E+00  0.000E+00  0.000  0.000  0.000  0.000  1.367E-02  0.000E+00
    641 2.003E+01 4.255E+03     0     4     4     0     0  0.000E+00  0.000E+00  0.000E+00  0.000E+00  0.000E+00  0.000E+00  0.000E+00  0.000E+00  0.000  0.000  0.000  0.000  1.387E-02  0.000E+00
    642 1.102E+01 4.266E+03     1     2    12     0     0  0.000E+00  0.000E+00  0.000E+00  0.000E+00  0.000E+00  0.000E+00  0.000E+00  0.000E+00  0.000  0.000  0.000  0.000  4.141E-02  0.000E+00
    643 1.212E+01 4.278E+03     0     2     2     0     0  0.000E+00  0.000E+00  0.000E+00  0.000E+00  0.000E+00  0.000E+00  0.000E+00  0.000E+00  0.000  0.000  0.000  0.000  6.988E-03  0.000E+00
    644 1.333E+01 4.291E+03     0     4     4     0     0  0.000E+00  0.000E+00  0.000E+00  0.000E+00  0.000E+00  0.000E+00  0.000E+00  0.000E+00  0.000  0.000  0.000  0.000  1.375E-02  0.000E+00
    645 1.466E+01 4.306E+03     0     4     4     0     0  0.000E+00  0.000E+00  0.000E+00  0.000E+00  0.000E+00  0.000E+00  0.000E+00  0.000E+00  0.000  0.000  0.000  0.000  1.368E-02  0.000E+00
    646 1.613E+01 4.322E+03     0     4     4     0     0  0.000E+00  0.000E+00  0.000E+00  0.000E+00  0.000E+00  0.000E+00  0.000E+00  0.000E+00  0.000  0.000  0.000  0.000  1.382E-02  0.000E+00
    647 1.774E+01 4.340E+03     0     4     4     0     0  0.000E+00  0.000E+00  0.000E+00  0.000E+00  0.000E+00  0.000E+00  0.000E+00  0.000E+00  0.000  0.000  0.000  0.000  1.383E-02  0.000E+00
    648 1.952E+01 4.359E+03     0     4     4     0     0  0.000E+00  0.000E+00  0.000E+00  0.000E+00  0.000E+00  0.000E+00  0.000E+00  0.000E+00  0.000  0.000  0.000  0.000  1.401E-02  0.000E+00
    649 1.073E+01 4.370E+03     1     2    12     0     0  0.000E+00  0.000E+00  0.000E+00  0.000E+00  0.000E+00  0.000E+00  0.000E+00  0.000E+00  0.000  0.000  0.000  0.000  4.150E-02  0.000E+00
    650 1.181E+01 4.382E+03     0     2     2     0     0  0.000E+00  0.000E+00  0.000E+00  0.000E+00  0.000E+00  0.000E+00  0.000E+00  0.000E+00  0.000  0.000  0.000  0.000  6.937E-03  0.000E+00
    651 1.299E+01 4.395E+03     0     4     4     0     0  0.000E+00  0.000E+00  0.000E+00  0.000E+00  0.000E+00  0.000E+00  0.000E+00  0.000E+00  0.000  0.000  0.000  0.000  1.406E-02  0.000E+00
    652 1.429E+01 4.409E+03     0     4     4     0     0  0.000E+00  0.000E+00  0.000E+00  0.000E+00  0.000E+00  0.000E+00  0.000E+00  0.000E+00  0.000  0.000  0.000  0.000  1.374E-02  0.000E+00
    653 1.572E+01 4.425E+03     0     4     4     0     0  0.000E+00  0.000E+00  0.000E+00  0.000E+00  0.000E+00  0.000E+00  0.000E+00  0.000E+00  0.000  0.000  0.000  0.000  1.367E-02  0.000E+00
    654 1.729E+01 4.442E+03     0     4     4     0     0  0.000E+00  0.000E+00  0.000E+00  0.000E+00  0.000E+00  0.000E+00  0.000E+00  0.000E+00  0.000  0.000  0.000  0.000  1.383E-02  0.000E+00
    655 1.902E+01 4.461E+03     0     4     4     0     0  0.000E+00  0.000E+00  0.000E+00  0.000E+00  0.000E+00  0.000E+00  0.000E+00  0.000E+00  0.000  0.000  0.000  0.000  1.366E-02  0.000E+00
    656 2.092E+01 4.482E+03     0     4     4     0     0  0.000E+00  0.000E+00  0.000E+00  0.000E+00  0.000E+00  0.000E+00  0.000E+00  0.000E+00  0.000  0.000  0.000  0.000  1.374E-02  0.000E+00
    657 1.151E+01 4.494E+03     1     2    12     0     0  0.000E+00  0.000E+00  0.000E+00  0.000E+00  0.000E+00  0.000E+00  0.000E+00  0.000E+00  0.000  0.000  0.000  0.000  4.130E-02  0.000E+00
    658 1.266E+01 4.506E+03     0     2     2     0     0  0.000E+00  0.000E+00  0.000E+00  0.000E+00  0.000E+00  0.000E+00  0.000E+00  0.000E+00  0.000  0.000  0.000  0.000  6.824E-03  0.000E+00
    659 1.392E+01 4.520E+03     0     4     4     0     0  0.000E+00  0.000E+00  0.000E+00  0.000E+00  0.000E+00  0.000E+00  0.000E+00  0.000E+00  0.000  0.000  0.000  0.000  1.378E-02  0.000E+00
    660 1.531E+01 4.535E+03     0     4     4     0     0  0.000E+00  0.000E+00  0.000E+00  0.000E+00  0.000E+00  0.000E+00  0.000E+00  0.000E+00  0.000  0.000  0.000  0.000  1.365E-02  0.000E+00
    661 1.685E+01 4.552E+03     0     4     4     0     0  0.000E+00  0.000E+00  0.000E+00  0.000E+00  0.000E+00  0.000E+00  0.000E+00  0.000E+00  0.000  0.000  0.000  0.000  1.367E-02  0.000E+00
    662 1.853E+01 4.571E+03     0     4     4     0     0  0.000E+00  0.000E+00  0.000E+00  0.000E+00  0.000E+00  0.000E+00  0.000E+00  0.000E+00  0.000  0.000  0.000  0.000  1.387E-02  0.000E+00
    663 2.038E+01 4.591E+03     0     4     4     0     0  0.000E+00  0.000E+00  0.000E+00  0.000E+00  0.000E+00  0.000E+00  0.000E+00  0.000E+00  0.000  0.000  0.000  0.000  1.413E-02  0.000E+00
    664 1.121E+01 4.602E+03     1     2    12     0     0  0.000E+00  0.000E+00  0.000E+00  0.000E+00  0.000E+00  0.000E+00  0.000E+00  0.000E+00  0.000  0.000  0.000  0.000  4.267E-02  0.000E+00
    665 1.233E+01 4.615E+03     0     2     2     0     0  0.000E+00  0.000E+00  0.000E+00  0.000E+00  0.000E+00  0.000E+00  0.000E+00  0.000E+00  0.000  0.000  0.000  0.000  7.116E-03  0.000E+00
    666 1.356E+01 4.628E+03     0     4     4     0     0  0.000E+00  0.000E+00  0.000E+00  0.000E+00  0.000E+00  0.000E+00  0.000E+00  0.000E+00  0.000  0.000  0.000  0.000  1.414E-02  0.000E+00
    667 1.492E+01 4.643E+03     0     4     4     0     0  0.000E+00  0.000E+00  0.000E+00  0.000E+00  0.000E+00  0.000E+00  0.000E+00  0.000E+00  0.000  0.000  0.000  0.000  1.390E-02  0.000E+00
    668 1.641E+01 4.660E+03     0     4     4     0     0  0.000E+00  0.000E+00  0.000E+00  0.000E+00  0.000E+00  0.000E+00  0.000E+00  0.000E+00  0.000  0.000  0.000  0.000  1.406E-02  0.000E+00
    669 1.805E+01 4.678E+03     0     4     4     0     0  0.000E+00  0.000E+00  0.000E+00  0.000E+00  0.000E+00  0.000E+00  0.000E+00  0.000E+00  0.000  0.000  0.000  0.000  1.401E-02  0.000E+00
    670 1.986E+01 4.698E+03     0     4     4     0     0  0.000E+00  0.000E+00  0.000E+00  0.000E+00  0.000E+00  0.000E+00  0.000E+00  0.000E+00  0.000  0.000  0.000  0.000  1.398E-02  0.000E+00
    671 2.185E+01 4.719E+03     0     4     4     0     0  0.000E+00  0.000E+00  0.000E+00  0.000E+00  0.000E+00  0.000E+00  0.000E+00  0.000E+00  0.000  0.000  0.000  0.000  1.302E-02  0.000E+00
    672 1.202E+01 4.731E+03     1     2    12     0     0  0.000E+00  0.000E+00  0.000E+00  0.000E+00  0.000E+00  0.000E+00  0.000E+00  0.000E+00  0.000  0.000  0.000  0.000  4.236E-02  0.000E+00
    673 1.322E+01 4.745E+03     0     2     2     0     0  0.000E+00  0.000E+00  0.000E+00  0.000E+00  0.000E+00  0.000E+00  0.000E+00  0.000E+00  0.000  0.000  0.000  0.000  6.880E-03  0.000E+00
    674 1.454E+01 4.759E+03     0     4     4     0     0  0.000E+00  0.000E+00  0.000E+00  0.000E+00  0.000E+00  0.000E+00  0.000E+00  0.000E+00  0.000  0.000  0.000  0.000  1.412E-02  0.000E+00
    675 1.599E+01 4.775E+03     0     4     4     0     0  0.000E+00  0.000E+00  0.000E+00  0.000E+00  0.000E+00  0.000E+00  0.000E+00  0.000E+00  0.000  0.000  0.000  0.000  1.407E-02  0.000E+00
    676 1.759E+01 4.793E+03     0     4     4     0     0  0.000E+00  0.000E+00  0.000E+00  0.000E+00  0.000E+00  0.000E+00  0.000E+00  0.000E+00  0.000  0.000  0.000  0.000  1.413E-02  0.000E+00
    677 1.935E+01 4.812E+03     0     4     4     0     0  0.000E+00  0.000E+00  0.000E+00  0.000E+00  0.000E+00  0.000E+00  0.000E+00  0.000E+00  0.000  0.000  0.000  0.000  1.402E-02  0.000E+00
    678 2.129E+01 4.833E+03     0     4     4     0     0  0.000E+00  0.000E+00  0.000E+00  0.000E+00  0.000E+00  0.000E+00  0.000E+00  0.000E+00  0.000  0.000  0.000  0.000  1.401E-02  0.000E+00
    679 1.171E+01 4.845E+03     1     2    12     0     0  0.000E+00  0.000E+00  0.000E+00  0.000E+00  0.000E+00  0.000E+00  0.000E+00  0.000E+00  0.000  0.000  0.000  0.000  4.207E-02  0.000E+00
    680 1.288E+01 4.858E+03     0     2     2     0     0  0.000E+00  0.000E+00  0.000E+00  0.000E+00  0.000E+00  0.000E+00  0.000E+00  0.000E+00  0.000  0.000  0.000  0.000  7.171E-03  0.000E+00
    681 1.417E+01 4.872E+03     0     2     2     0     0  0.000E+00  0.000E+00  0.000E+00  0.000E+00  0.000E+00  0.000E+00  0.000E+00  0.000E+00  0.000  0.000  0.000  0.000  7.058E-03  0.000E+00
    682 1.558E+01 4.888E+03     0     4     4     0     0  0.000E+00  0.000E+00  0.000E+00  0.000E+00  0.000E+00  0.000E+00  0.000E+00  0.000E+00  0.000  0.000  0.000  0.000  1.408E-02  0.000E+00
    683 1.714E+01 4.905E+03     0     4     4     0     0  0.000E+00  0.000E+00  0.000E+00  0.000E+00  0.000E+00  0.000E+00  0.000E+00  0.000E+00  0.000  0.000  0.000  0.000  1.320E-02  0.000E+00
    684 1.885E+01 4.924E+03     0     4     4     0     0  0.000E+00  0.000E+00  0.000E+00  0.000E+00  0.000E+00  0.000E+00  0.000E+00  0.000E+00  0.000  0.000  0.000  0.000  1.393E-02  0.000E+00
    685 2.074E+01 4.945E+03     0     4     4     0     0  0.000E+00  0.000E+00  0.000E+00  0.000E+00  0.000E+00  0.000E+00  0.000E+00  0.000E+00  0.000  0.000  0.000  0.000  1.380E-02  0.000E+00
    686 2.281E+01 4.967E+03     0     4     4     0     0  0.000E+00  0.000E+00  0.000E+00  0.000E+00  0.000E+00  0.000E+00  0.000E+00  0.000E+00  0.000  0.000  0.000  0.000  1.366E-02  0.000E+00
    687 1.255E+01 4.980E+03     1     2    12     0     0  0.000E+00  0.000E+00  0.000E+00  0.000E+00  0.000E+00  0.000E+00  0.000E+00  0.000E+00  0.000  0.000  0.000  0.000  4.138E-02  0.000E+00
    688 1.380E+01 4.994E+03     0     2     2     0     0  0.000E+00  0.000E+00  0.000E+00  0.000E+00  0.000E+00  0.000E+00  0.000E+00  0.000E+00  0.000  0.000  0.000  0.000  6.884E-03  0.000E+00
    689 1.518E+01 5.009E+03     0     4     4     0     0  0.000E+00  0.000E+00  0.000E+00  0.000E+00  0.000E+00  0.000E+00  0.000E+00  0.000E+00  0.000  0.000  0.000  0.000  1.379E-02  0.000E+00
    690 1.670E+01 5.026E+03     0     4     4     0     0  0.000E+00  0.000E+00  0.000E+00  0.000E+00  0.000E+00  0.000E+00  0.000E+00  0.000E+00  0.000  0.000  0.000  0.000  1.370E-02  0.000E+00
    691 1.837E+01 5.044E+03     0     4     4     0     0  0.000E+00  0.000E+00  0.000E+00  0.000E+00  0.000E+00  0.000E+00  0.000E+00  0.000E+00  0.000  0.000  0.000  0.000  1.337E-02  0.000E+00
    692 2.021E+01 5.064E+03     0     4     4     0     0  0.000E+00  0.000E+00  0.000E+00  0.000E+00  0.000E+00  0.000E+00  0.000E+00  0.000E+00  0.000  0.000  0.000  0.000  1.362E-02  0.000E+00
    693 2.223E+01 5.086E+03     0     4     4     0     0  0.000E+00  0.000E+00  0.000E+00  0.000E+00  0.000E+00  0.000E+00  0.000E+00  0.000E+00  0.000  0.000  0.000  0.000  1.354E-02  0.000E+00
    694 1.223E+01 5.099E+03     1     2    12     0     0  0.000E+00  0.000E+00  0.000E+00  0.000E+00  0.000E+00  0.000E+00  0.000E+00  0.000E+00  0.000  0.000  0.000  0.000  4.105E-02  0.000E+00
    695 1.345E+01 5.112E+03     0     2     2     0     0  0.000E+00  0.000E+00  0.000E+00  0.000E+00  0.000E+00  0.000E+00  0.000E+00  0.000E+00  0.000  0.000  0.000  0.000  6.791E-03  0.000E+00
    696 1.479E+01 5.127E+03     0     2     2     0     0  0.000E+00  0.000E+00  0.000E+00  0.000E+00  0.000E+00  0.000E+00  0.000E+00  0.000E+00  0.000  0.000  0.000  0.000  6.759E-03  0.000E+00
    697 1.627E+01 5.143E+03     0     4     4     0     0  0.000E+00  0.000E+00  0.000E+00  0.000E+00  0.000E+00  0.000E+00  0.000E+00  0.000E+00  0.000  0.000  0.000  0.000  1.370E-02  0.000E+00
    698 1.790E+01 5.161E+03     0     4     4     0     0  0.000E+00  0.000E+00  0.000E+00  0.000E+00  0.000E+00  0.000E+00  0.000E+00  0.000E+00  0.000  0.000  0.000  0.000  1.406E-02  0.000E+00
    699 1.969E+01 5.181E+03     0     4     4     0     0  0.000E+00  0.000E+00  0.000E+00  0.000E+00  0.000E+00  0.000E+00  0.000E+00  0.000E+00  0.000  0.000  0.000  0.000  1.378E-02  0.000E+00
    700 2.166E+01 5.202E+03     0     4     4     0     0  0.000E+00  0.000E+00  0.000E+00  0.000E+00  0.000E+00  0.000E+00  0.000E+00  0.000E+00  0.000  0.000  0.000  0.000  1.372E-02  0.000E+00
    701 2.382E+01 5.226E+03     0     4     4     0     0  0.000E+00  0.000E+00  0.000E+00  0.000E+00  0.000E+00  0.000E+00  0.000E+00  0.000E+00  0.000  0.000  0.000  0.000  1.372E-02  0.000E+00
    702 1.310E+01 5.239E+03     1     2    12     0     0  0.000E+00  0.000E+00  0.000E+00  0.000E+00  0.000E+00  0.000E+00  0.000E+00  0.000E+00  0.000  0.000  0.000  0.000  4.011E-02  0.000E+00
    703 1.441E+01 5.254E+03     0     2     2     0     0  0.000E+00  0.000E+00  0.000E+00  0.000E+00  0.000E+00  0.000E+00  0.000E+00  0.000E+00  0.000  0.000  0.000  0.000  6.867E-03  0.000E+00
    704 1.586E+01 5.270E+03     0     4     4     0     0  0.000E+00  0.000E+00  0.000E+00  0.000E+00  0.000E+00  0.000E+00  0.000E+00  0.000E+00  0.000  0.000  0.000  0.000  1.382E-02  0.000E+00
    705 1.744E+01 5.287E+03     0     4     4     0     0  0.000E+00  0.000E+00  0.000E+00  0.000E+00  0.000E+00  0.000E+00  0.000E+00  0.000E+00  0.000  0.000  0.000  0.000  1.367E-02  0.000E+00
    706 1.919E+01 5.306E+03     0     4     4     0     0  0.000E+00  0.000E+00  0.000E+00  0.000E+00  0.000E+00  0.000E+00  0.000E+00  0.000E+00  0.000  0.000  0.000  0.000  1.367E-02  0.000E+00
    707 2.110E+01 5.327E+03     0     4     4     0     0  0.000E+00  0.000E+00  0.000E+00  0.000E+00  0.000E+00  0.000E+00  0.000E+00  0.000E+00  0.000  0.000  0.000  0.000  1.376E-02  0.000E+00
    708 2.321E+01 5.350E+03     0     4     4     0     0  0.000E+00  0.000E+00  0.000E+00  0.000E+00  0.000E+00  0.000E+00  0.000E+00  0.000E+00  0.000  0.000  0.000  0.000  1.377E-02  0.000E+00
    709 1.277E+01 5.363E+03     1     2    12     0     0  0.000E+00  0.000E+00  0.000E+00  0.000E+00  0.000E+00  0.000E+00  0.000E+00  0.000E+00  0.000  0.000  0.000  0.000  4.123E-02  0.000E+00
    710 1.404E+01 5.377E+03     0     2     2     0     0  0.000E+00  0.000E+00  0.000E+00  0.000E+00  0.000E+00  0.000E+00  0.000E+00  0.000E+00  0.000  0.000  0.000  0.000  6.865E-03  0.000E+00
    711 1.545E+01 5.393E+03     0     2     2     0     0  0.000E+00  0.000E+00  0.000E+00  0.000E+00  0.000E+00  0.000E+00  0.000E+00  0.000E+00  0.000  0.000  0.000  0.000  6.852E-03  0.000E+00
    712 1.699E+01 5.410E+03     0     4     4     0     0  0.000E+00  0.000E+00  0.000E+00  0.000E+00  0.000E+00  0.000E+00  0.000E+00  0.000E+00  0.000  0.000  0.000  0.000  1.374E-02  0.000E+00
    713 1.869E+01 5.428E+03     0     4     4     0     0  0.000E+00  0.000E+00  0.000E+00  0.000E+00  0.000E+00  0.000E+00  0.000E+00  0.000E+00  0.000  0.000  0.000  0.000  1.388E-02  0.000E+00
    714 2.056E+01 5.449E+03     0     4     4     0     0  0.000E+00  0.000E+00  0.000E+00  0.000E+00  0.000E+00  0.000E+00  0.000E+00  0.000E+00  0.000  0.000  0.000  0.000  1.396E-02  0.000E+00
    715 2.262E+01 5.472E+03     0     4     4     0     0  0.000E+00  0.000E+00  0.000E+00  0.000E+00  0.000E+00  0.000E+00  0.000E+00  0.000E+00  0.000  0.000  0.000  0.000  1.380E-02  0.000E+00
    716 1.244E+01 5.484E+03     1     2    12     0     0  0.000E+00  0.000E+00  0.000E+00  0.000E+00  0.000E+00  0.000E+00  0.000E+00  0.000E+00  0.000  0.000  0.000  0.000  4.110E-02  0.000E+00
    717 1.368E+01 5.498E+03     0     2     2     0     0  0.000E+00  0.000E+00  0.000E+00  0.000E+00  0.000E+00  0.000E+00  0.000E+00  0.000E+00  0.000  0.000  0.000  0.000  6.814E-03  0.000E+00
    718 1.505E+01 5.513E+03     0     2     2     0     0  0.000E+00  0.000E+00  0.000E+00  0.000E+00  0.000E+00  0.000E+00  0.000E+00  0.000E+00  0.000  0.000  0.000  0.000  6.801E-03  0.000E+00
    719 1.656E+01 5.529E+03     0     4     4     0     0  0.000E+00  0.000E+00  0.000E+00  0.000E+00  0.000E+00  0.000E+00  0.000E+00  0.000E+00  0.000  0.000  0.000  0.000  1.367E-02  0.000E+00
    720 1.821E+01 5.548E+03     0     4     4     0     0  0.000E+00  0.000E+00  0.000E+00  0.000E+00  0.000E+00  0.000E+00  0.000E+00  0.000E+00  0.000  0.000  0.000  0.000  1.367E-02  0.000E+00
    721 2.004E+01 5.568E+03     0     4     4     0     0  0.000E+00  0.000E+00  0.000E+00  0.000E+00  0.000E+00  0.000E+00  0.000E+00  0.000E+00  0.000  0.000  0.000  0.000  1.370E-02  0.000E+00
    722 2.204E+01 5.590E+03     0     4     4     0     0  0.000E+00  0.000E+00  0.000E+00  0.000E+00  0.000E+00  0.000E+00  0.000E+00  0.000E+00  0.000  0.000  0.000  0.000  1.388E-02  0.000E+00
    723 2.424E+01 5.614E+03     0     4     4     0     0  0.000E+00  0.000E+00  0.000E+00  0.000E+00  0.000E+00  0.000E+00  0.000E+00  0.000E+00  0.000  0.000  0.000  0.000  1.355E-02  0.000E+00
    724 1.333E+01 5.627E+03     1     2    12     0     0  0.000E+00  0.000E+00  0.000E+00  0.000E+00  0.000E+00  0.000E+00  0.000E+00  0.000E+00  0.000  0.000  0.000  0.000  4.142E-02  0.000E+00
    725 1.467E+01 5.642E+03     0     2     2     0     0  0.000E+00  0.000E+00  0.000E+00  0.000E+00  0.000E+00  0.000E+00  0.000E+00  0.000E+00  0.000  0.000  0.000  0.000  6.831E-03  0.000E+00
    726 1.613E+01 5.658E+03     0     2     2     0     0  0.000E+00  0.000E+00  0.000E+00  0.000E+00  0.000E+00  0.000E+00  0.000E+00  0.000E+00  0.000  0.000  0.000  0.000  6.958E-03  0.000E+00
    727 1.775E+01 5.676E+03     0     4     4     0     0  0.000E+00  0.000E+00  0.000E+00  0.000E+00  0.000E+00  0.000E+00  0.000E+00  0.000E+00  0.000  0.000  0.000  0.000  1.367E-02  0.000E+00
    728 1.952E+01 5.695E+03     0     4     4     0     0  0.000E+00  0.000E+00  0.000E+00  0.000E+00  0.000E+00  0.000E+00  0.000E+00  0.000E+00  0.000  0.000  0.000  0.000  1.376E-02  0.000E+00
    729 2.147E+01 5.717E+03     0     4     4     0     0  0.000E+00  0.000E+00  0.000E+00  0.000E+00  0.000E+00  0.000E+00  0.000E+00  0.000E+00  0.000  0.000  0.000  0.000  1.353E-02  0.000E+00
    730 2.362E+01 5.740E+03     0     4     4     0     0  0.000E+00  0.000E+00  0.000E+00  0.000E+00  0.000E+00  0.000E+00  0.000E+00  0.000E+00  0.000  0.000  0.000  0.000  1.340E-02  0.000E+00
    731 1.299E+01 5.753E+03     1     2    12     0     0  0.000E+00  0.000E+00  0.000E+00  0.000E+00  0.000E+00  0.000E+00  0.000E+00  0.000E+00  0.000  0.000  0.000  0.000  3.953E-02  0.000E+00
    732 1.429E+01 5.768E+03     0     2     2     0     0  0.000E+00  0.000E+00  0.000E+00  0.000E+00  0.000E+00  0.000E+00  0.000E+00  0.000E+00  0.000  0.000  0.000  0.000  6.658E-03  0.000E+00
    733 1.572E+01 5.783E+03     0     2     2     0     0  0.000E+00  0.000E+00  0.000E+00  0.000E+00  0.000E+00  0.000E+00  0.000E+00  0.000E+00  0.000  0.000  0.000  0.000  6.731E-03  0.000E+00
    734 1.729E+01 5.801E+03     0     4     4     0     0  0.000E+00  0.000E+00  0.000E+00  0.000E+00  0.000E+00  0.000E+00  0.000E+00  0.000E+00  0.000  0.000  0.000  0.000  1.353E-02  0.000E+00
    735 1.902E+01 5.820E+03     0     4     4     0     0  0.000E+00  0.000E+00  0.000E+00  0.000E+00  0.000E+00  0.000E+00  0.000E+00  0.000E+00  0.000  0.000  0.000  0.000  1.369E-02  0.000E+00
    736 2.092E+01 5.841E+03     0     4     4     0     0  0.000E+00  0.000E+00  0.000E+00  0.000E+00  0.000E+00  0.000E+00  0.000E+00  0.000E+00  0.000  0.000  0.000  0.000  1.374E-02  0.000E+00
    737 2.302E+01 5.864E+03     0     4     4     0     0  0.000E+00  0.000E+00  0.000E+00  0.000E+00  0.000E+00  0.000E+00  0.000E+00  0.000E+00  0.000  0.000  0.000  0.000  1.357E-02  0.000E+00
    738 2.532E+01 5.889E+03     0     4     4     0     0  0.000E+00  0.000E+00  0.000E+00  0.000E+00  0.000E+00  0.000E+00  0.000E+00  0.000E+00  0.000  0.000  0.000  0.000  1.350E-02  0.000E+00
    739 1.392E+01 5.903E+03     1     2    12     0     0  0.000E+00  0.000E+00  0.000E+00  0.000E+00  0.000E+00  0.000E+00  0.000E+00  0.000E+00  0.000  0.000  0.000  0.000  4.041E-02  0.000E+00
    740 1.532E+01 5.918E+03     0     2     2     0     0  0.000E+00  0.000E+00  0.000E+00  0.000E+00  0.000E+00  0.000E+00  0.000E+00  0.000E+00  0.000  0.000  0.000  0.000  6.868E-03  0.000E+00
    741 1.685E+01 5.935E+03     0     2     2     0     0  0.000E+00  0.000E+00  0.000E+00  0.000E+00  0.000E+00  0.000E+00  0.000E+00  0.000E+00  0.000  0.000  0.000  0.000  6.807E-03  0.000E+00
    742 1.853E+01 5.954E+03     0     4     4     0     0  0.000E+00  0.000E+00  0.000E+00  0.000E+00  0.000E+00  0.000E+00  0.000E+00  0.000E+00  0.000  0.000  0.000  0.000  1.372E-02  0.000E+00
    743 2.039E+01 5.974E+03     0     4     4     0     0  0.000E+00  0.000E+00  0.000E+00  0.000E+00  0.000E+00  0.000E+00  0.000E+00  0.000E+00  0.000  0.000  0.000  0.000  1.383E-02  0.000E+00
    744 2.243E+01 5.996E+03     0     4     4     0     0  0.000E+00  0.000E+00  0.000E+00  0.000E+00  0.000E+00  0.000E+00  0.000E+00  0.000E+00  0.000  0.000  0.000  0.000  1.358E-02  0.000E+00
    745 2.467E+01 6.021E+03     0     4     4     0     0  0.000E+00  0.000E+00  0.000E+00  0.000E+00  0.000E+00  0.000E+00  0.000E+00  0.000E+00  0.000  0.000  0.000  0.000  1.350E-02  0.000E+00
    746 1.357E+01 6.035E+03     1     2    12     0     0  0.000E+00  0.000E+00  0.000E+00  0.000E+00  0.000E+00  0.000E+00  0.000E+00  0.000E+00  0.000  0.000  0.000  0.000  4.043E-02  0.000E+00
    747 1.492E+01 6.050E+03     0     2     2     0     0  0.000E+00  0.000E+00  0.000E+00  0.000E+00  0.000E+00  0.000E+00  0.000E+00  0.000E+00  0.000  0.000  0.000  0.000  5.854E-03  0.000E+00
    748 1.642E+01 6.066E+03     0     2     2     0     0  0.000E+00  0.000E+00  0.000E+00  0.000E+00  0.000E+00  0.000E+00  0.000E+00  0.000E+00  0.000  0.000  0.000  0.000  6.627E-03  0.000E+00
    749 1.806E+01 6.084E+03     0     4     4     0     0  0.000E+00  0.000E+00  0.000E+00  0.000E+00  0.000E+00  0.000E+00  0.000E+00  0.000E+00  0.000  0.000  0.000  0.000  1.342E-02  0.000E+00
    750 1.986E+01 6.104E+03     0     4     4     0     0  0.000E+00  0.000E+00  0.000E+00  0.000E+00  0.000E+00  0.000E+00  0.000E+00  0.000E+00  0.000  0.000  0.000  0.000  1.368E-02  0.000E+00
    751 2.185E+01 6.126E+03     0     4     4     0     0  0.000E+00  0.000E+00  0.000E+00  0.000E+00  0.000E+00  0.000E+00  0.000E+00  0.000E+00  0.000  0.000  0.000  0.000  1.408E-02  0.000E+00
    752 2.404E+01 6.150E+03     0     4     4     0     0  0.000E+00  0.000E+00  0.000E+00  0.000E+00  0.000E+00  0.000E+00  0.000E+00  0.000E+00  0.000  0.000  0.000  0.000  1.276E-02  0.000E+00
    753 2.644E+01 6.176E+03     0     4     4     0     0  0.000E+00  0.000E+00  0.000E+00  0.000E+00  0.000E+00  0.000E+00  0.000E+00  0.000E+00  0.000  0.000  0.000  0.000  1.367E-02  0.000E+00
    754 1.454E+01 6.191E+03     1     2    12     0     0  0.000E+00  0.000E+00  0.000E+00  0.000E+00  0.000E+00  0.000E+00  0.000E+00  0.000E+00  0.000  0.000  0.000  0.000  4.121E-02  0.000E+00
    755 1.600E+01 6.207E+03     0     2     2     0     0  0.000E+00  0.000E+00  0.000E+00  0.000E+00  0.000E+00  0.000E+00  0.000E+00  0.000E+00  0.000  0.000  0.000  0.000  6.836E-03  0.000E+00
    756 1.759E+01 6.224E+03     0     2     2     0     0  0.000E+00  0.000E+00  0.000E+00  0.000E+00  0.000E+00  0.000E+00  0.000E+00  0.000E+00  0.000  0.000  0.000  0.000  6.719E-03  0.000E+00
    757 1.935E+01 6.244E+03     0     4     4     0     0  0.000E+00  0.000E+00  0.000E+00  0.000E+00  0.000E+00  0.000E+00  0.000E+00  0.000E+00  0.000  0.000  0.000  0.000  1.353E-02  0.000E+00
    758 2.129E+01 6.265E+03     0     4     4     0     0  0.000E+00  0.000E+00  0.000E+00  0.000E+00  0.000E+00  0.000E+00  0.000E+00  0.000E+00  0.000  0.000  0.000  0.000  1.380E-02  0.000E+00
    759 2.342E+01 6.288E+03     0     4     4     0     0  0.000E+00  0.000E+00  0.000E+00  0.000E+00  0.000E+00  0.000E+00  0.000E+00  0.000E+00  0.000  0.000  0.000  0.000  1.375E-02  0.000E+00
    760 2.576E+01 6.314E+03     0     4     4     0     0  0.000E+00  0.000E+00  0.000E+00  0.000E+00  0.000E+00  0.000E+00  0.000E+00  0.000E+00  0.000  0.000  0.000  0.000  1.376E-02  0.000E+00
    761 1.417E+01 6.328E+03     1     2    12     0     0  0.000E+00  0.000E+00  0.000E+00  0.000E+00  0.000E+00  0.000E+00  0.000E+00  0.000E+00  0.000  0.000  0.000  0.000  4.129E-02  0.000E+00
    762 1.559E+01 6.344E+03     0     2     2     0     0  0.000E+00  0.000E+00  0.000E+00  0.000E+00  0.000E+00  0.000E+00  0.000E+00  0.000E+00  0.000  0.000  0.000  0.000  6.814E-03  0.000E+00
    763 1.714E+01 6.361E+03     0     2     2     0     0  0.000E+00  0.000E+00  0.000E+00  0.000E+00  0.000E+00  0.000E+00  0.000E+00  0.000E+00  0.000  0.000  0.000  0.000  6.815E-03  0.000E+00
    764 1.886E+01 6.380E+03     0     2     2     0     0  0.000E+00  0.000E+00  0.000E+00  0.000E+00  0.000E+00  0.000E+00  0.000E+00  0.000E+00  0.000  0.000  0.000  0.000  6.808E-03  0.000E+00
    765 2.074E+01 6.401E+03     0     4     4     0     0  0.000E+00  0.000E+00  0.000E+00  0.000E+00  0.000E+00  0.000E+00  0.000E+00  0.000E+00  0.000  0.000  0.000  0.000  1.367E-02  0.000E+00
    766 2.282E+01 6.423E+03     0     4     4     0     0  0.000E+00  0.000E+00  0.000E+00  0.000E+00  0.000E+00  0.000E+00  0.000E+00  0.000E+00  0.000  0.000  0.000  0.000  1.371E-02  0.000E+00
    767 2.510E+01 6.449E+03     0     4     4     0     0  0.000E+00  0.000E+00  0.000E+00  0.000E+00  0.000E+00  0.000E+00  0.000E+00  0.000E+00  0.000  0.000  0.000  0.000  1.376E-02  0.000E+00
    768 2.761E+01 6.476E+03     0     4     4     0     0  0.000E+00  0.000E+00  0.000E+00  0.000E+00  0.000E+00  0.000E+00  0.000E+00  0.000E+00  0.000  0.000  0.000  0.000  1.365E-02  0.000E+00
    769 1.519E+01 6.491E+03     1     2    12     0     0  0.000E+00  0.000E+00  0.000E+00  0.000E+00  0.000E+00  0.000E+00  0.000E+00  0.000E+00  0.000  0.000  0.000  0.000  4.137E-02  0.000E+00
    770 1.670E+01 6.508E+03     0     2     2     0     0  0.000E+00  0.000E+00  0.000E+00  0.000E+00  0.000E+00  0.000E+00  0.000E+00  0.000E+00  0.000  0.000  0.000  0.000  6.883E-03  0.000E+00
    771 1.837E+01 6.526E+03     0     2     2     0     0  0.000E+00  0.000E+00  0.000E+00  0.000E+00  0.000E+00  0.000E+00  0.000E+00  0.000E+00  0.000  0.000  0.000  0.000  6.842E-03  0.000E+00
    772 2.021E+01 6.547E+03     0     4     4     0     0  0.000E+00  0.000E+00  0.000E+00  0.000E+00  0.000E+00  0.000E+00  0.000E+00  0.000E+00  0.000  0.000  0.000  0.000  1.385E-02  0.000E+00
    773 2.223E+01 6.569E+03     0     4     4     0     0  0.000E+00  0.000E+00  0.000E+00  0.000E+00  0.000E+00  0.000E+00  0.000E+00  0.000E+00  0.000  0.000  0.000  0.000  1.373E-02  0.000E+00
    774 2.446E+01 6.593E+03     0     4     4     0     0  0.000E+00  0.000E+00  0.000E+00  0.000E+00  0.000E+00  0.000E+00  0.000E+00  0.000E+00  0.000  0.000  0.000  0.000  1.394E-02  0.000E+00
    775 2.690E+01 6.620E+03     0     4     4     0     0  0.000E+00  0.000E+00  0.000E+00  0.000E+00  0.000E+00  0.000E+00  0.000E+00  0.000E+00  0.000  0.000  0.000  0.000  1.362E-02  0.000E+00
    776 1.480E+01 6.635E+03     1     2    12     0     0  0.000E+00  0.000E+00  0.000E+00  0.000E+00  0.000E+00  0.000E+00  0.000E+00  0.000E+00  0.000  0.000  0.000  0.000  4.000E-02  0.000E+00
    777 1.628E+01 6.651E+03     0     2     2     0     0  0.000E+00  0.000E+00  0.000E+00  0.000E+00  0.000E+00  0.000E+00  0.000E+00  0.000E+00  0.000  0.000  0.000  0.000  6.739E-03  0.000E+00
    778 1.790E+01 6.669E+03     0     2     2     0     0  0.000E+00  0.000E+00  0.000E+00  0.000E+00  0.000E+00  0.000E+00  0.000E+00  0.000E+00  0.000  0.000  0.000  0.000  6.804E-03  0.000E+00
    779 1.969E+01 6.689E+03     0     2     2     0     0  0.000E+00  0.000E+00  0.000E+00  0.000E+00  0.000E+00  0.000E+00  0.000E+00  0.000E+00  0.000  0.000  0.000  0.000  6.807E-03  0.000E+00
    780 2.166E+01 6.711E+03     0     4     4     0     0  0.000E+00  0.000E+00  0.000E+00  0.000E+00  0.000E+00  0.000E+00  0.000E+00  0.000E+00  0.000  0.000  0.000  0.000  1.340E-02  0.000E+00
    781 2.383E+01 6.734E+03     0     4     4     0     0  0.000E+00  0.000E+00  0.000E+00  0.000E+00  0.000E+00  0.000E+00  0.000E+00  0.000E+00  0.000  0.000  0.000  0.000  1.353E-02  0.000E+00
    782 2.621E+01 6.761E+03     0     4     4     0     0  0.000E+00  0.000E+00  0.000E+00  0.000E+00  0.000E+00  0.000E+00  0.000E+00  0.000E+00  0.000  0.000  0.000  0.000  1.373E-02  0.000E+00
    783 2.883E+01 6.789E+03     0     4     4     0     0  0.000E+00  0.000E+00  0.000E+00  0.000E+00  0.000E+00  0.000E+00  0.000E+00  0.000E+00  0.000  0.000  0.000  0.000  1.373E-02  0.000E+00
    784 1.586E+01 6.805E+03     1     2    12     0     0  0.000E+00  0.000E+00  0.000E+00  0.000E+00  0.000E+00  0.000E+00  0.000E+00  0.000E+00  0.000  0.000  0.000  0.000  4.119E-02  0.000E+00
    785 1.744E+01 6.823E+03     0     2     2     0     0  0.000E+00  0.000E+00  0.000E+00  0.000E+00  0.000E+00  0.000E+00  0.000E+00  0.000E+00  0.000  0.000  0.000  0.000  6.837E-03  0.000E+00
    786 1.919E+01 6.842E+03     0     2     2     0     0  0.000E+00  0.000E+00  0.000E+00  0.000E+00  0.000E+00  0.000E+00  0.000E+00  0.000E+00  0.000  0.000  0.000  0.000  6.828E-03  0.000E+00
    787 2.111E+01 6.863E+03     0     4     4     0     0  0.000E+00  0.000E+00  0.000E+00  0.000E+00  0.000E+00  0.000E+00  0.000E+00  0.000E+00  0.000  0.000  0.000  0.000  1.363E-02  0.000E+00
    788 2.322E+01 6.886E+03     0     4     4     0     0  0.000E+00  0.000E+00  0.000E+00  0.000E+00  0.000E+00  0.000E+00  0.000E+00  0.000E+00  0.000  0.000  0.000  0.000  1.370E-02  0.000E+00
    789 2.554E+01 6.912E+03     0     4     4     0     0  0.000E+00  0.000E+00  0.000E+00  0.000E+00  0.000E+00  0.000E+00  0.000E+00  0.000E+00  0.000  0.000  0.000  0.000  1.370E-02  0.000E+00
    790 2.809E+01 6.940E+03     0     4     4     0     0  0.000E+00  0.000E+00  0.000E+00  0.000E+00  0.000E+00  0.000E+00  0.000E+00  0.000E+00  0.000  0.000  0.000  0.000  1.376E-02  0.000E+00
    791 1.545E+01 6.955E+03     1     2    12     0     0  0.000E+00  0.000E+00  0.000E+00  0.000E+00  0.000E+00  0.000E+00  0.000E+00  0.000E+00  0.000  0.000  0.000  0.000  4.108E-02  0.000E+00
    792 1.700E+01 6.972E+03     0     2     2     0     0  0.000E+00  0.000E+00  0.000E+00  0.000E+00  0.000E+00  0.000E+00  0.000E+00  0.000E+00  0.000  0.000  0.000  0.000  6.844E-03  0.000E+00
    793 1.870E+01 6.991E+03     0     2     2     0     0  0.000E+00  0.000E+00  0.000E+00  0.000E+00  0.000E+00  0.000E+00  0.000E+00  0.000E+00  0.000  0.000  0.000  0.000  6.900E-03  0.000E+00
    794 2.057E+01 7.012E+03     0     2     2     0     0  0.000E+00  0.000E+00  0.000E+00  0.000E+00  0.000E+00  0.000E+00  0.000E+00  0.000E+00  0.000  0.000  0.000  0.000  6.838E-03  0.000E+00
    795 2.262E+01 7.034E+03     0     4     4     0     0  0.000E+00  0.000E+00  0.000E+00  0.000E+00  0.000E+00  0.000E+00  0.000E+00  0.000E+00  0.000  0.000  0.000  0.000  1.384E-02  0.000E+00
    796 2.489E+01 7.059E+03     0     4     4     0     0  0.000E+00  0.000E+00  0.000E+00  0.000E+00  0.000E+00  0.000E+00  0.000E+00  0.000E+00  0.000  0.000  0.000  0.000  1.369E-02  0.000E+00
    797 2.737E+01 7.087E+03     0     4     4     0     0  0.000E+00  0.000E+00  0.000E+00  0.000E+00  0.000E+00  0.000E+00  0.000E+00  0.000E+00  0.000  0.000  0.000  0.000  1.391E-02  0.000E+00
    798 3.011E+01 7.117E+03     0     4     4     0     0  0.000E+00  0.000E+00  0.000E+00  0.000E+00  0.000E+00  0.000E+00  0.000E+00  0.000E+00  0.000  0.000  0.000  0.000  1.373E-02  0.000E+00
    799 1.656E+01 7.133E+03     1     2    12     0     0  0.000E+00  0.000E+00  0.000E+00  0.000E+00  0.000E+00  0.000E+00  0.000E+00  0.000E+00  0.000  0.000  0.000  0.000  4.044E-02  0.000E+00
    800 1.822E+01 7.151E+03     0     2     2     0     0  0.000E+00  0.000E+00  0.000E+00  0.000E+00  0.000E+00  0.000E+00  0.000E+00  0.000E+00  0.000  0.000  0.000  0.000  6.761E-03  0.000E+00
    801 2.004E+01 7.171E+03     0     2     2     0     0  0.000E+00  0.000E+00  0.000E+00  0.000E+00  0.000E+00  0.000E+00  0.000E+00  0.000E+00  0.000  0.000  0.000  0.000  6.752E-03  0.000E+00
    802 1.428E+01 7.186E+03     0     2     2     0     0  0.000E+00  0.000E+00  0.000E+00  0.000E+00  0.000E+00  0.000E+00  0.000E+00  0.000E+00  0.000  0.000  0.000  0.000  6.888E-03  0.000E+00
    803 1.428E+01 7.200E+03     0     2     2     0     0  0.000E+00  0.000E+00  0.000E+00  0.000E+00  0.000E+00  0.000E+00  0.000E+00  0.000E+00  0.000  0.000  0.000  0.000  6.874E-03  0.000E+00
#================================================================================================================================================================================================
#Total:                       108  4094  5174     0     0             0.000E+00             0.000E+00             0.000E+00             0.000E+00                              1.410E+01  0.000E+00
