     IOPT   (1 PICARD, 2 NEWTON)             =      1
     NLRELX (0 NORELX,1 CONS RELX,2 VAR RELX)=      0
     KSLOPE (0 ANA, 1 KSL/ANA, 2 KSL/C-DIFF,
             3 LOC KSL/ANA, 4 LOC TAN-SLOPE) =      0
     TOLUNS (TOLERANCE FOR NONLINEAR ITER)   =     1.00000E-04
     TOLSWI (TOLERANCE FOR BC SWITCHING)     =     1.00000E+30
     L2NORM (0 INFINITY NORM, ELSE L2 NORM)  =      0

 nlinr  linr converg error norms  node   PNEW at   POLD at   resid error norms
  iter  iter       PL2      PINF IKMAX     IKMAX     IKMAX       FL2      FINF
 =============================================================================
                        (NSTEP:     1  DELTAT:   5.0000E+00  TIME:   5.0000E+00)
     1     1 4.655E-08 4.274E-09     1 -1.75E+02 -1.75E+02 2.008E-16 7.280E-18
                        (NSTEP:     2  DELTAT:   5.5000E+00  TIME:   1.0500E+01)
     1     1 1.738E+01 1.438E+00   442 -1.74E+02 -1.75E+02 1.477E-07 7.552E-09
     2     1 3.614E-01 4.610E-02     1 -5.05E+00 -5.00E+00 1.470E-07 7.517E-09
     3     1 1.967E-03 3.856E-04   442 -1.74E+02 -1.74E+02 1.426E-11 1.022E-12
     4     1 3.567E-01 4.610E-02     1 -5.05E+00 -5.00E+00 1.470E-07 7.517E-09
     5     1 1.967E-03 3.858E-04   442 -1.74E+02 -1.74E+02 1.426E-11 1.022E-12
     6     1 3.567E-01 4.610E-02     1 -5.05E+00 -5.00E+00 1.470E-07 7.517E-09
     7     1 1.967E-03 3.858E-04   442 -1.74E+02 -1.74E+02 1.426E-11 1.022E-12
     8     1 3.567E-01 4.610E-02     1 -5.05E+00 -5.00E+00 1.470E-07 7.517E-09
     9     1 1.967E-03 3.858E-04   442 -1.74E+02 -1.74E+02 1.426E-11 1.022E-12
    10     1 3.567E-01 4.610E-02     1 -5.05E+00 -5.00E+00 1.470E-07 7.517E-09
                        (NSTEP:     2  DELTAT:   2.7500E+00  TIME:   7.7500E+00)
     1     1 8.712E+00 7.219E-01   442 -1.74E+02 -1.75E+02 1.477E-07 7.552E-09
     2     1 1.795E-01 2.315E-02     1 -5.02E+00 -5.00E+00 1.473E-07 7.535E-09
     3     1 4.965E-04 9.777E-05   442 -1.74E+02 -1.74E+02 7.150E-12 5.132E-13
                        (NSTEP:     3  DELTAT:   3.0250E+00  TIME:   1.0775E+01)
     1     1 9.527E+00 7.862E-01   442 -1.73E+02 -1.74E+02 2.083E-07 7.535E-09
     2     1 1.628E-02 2.120E-03   442 -1.73E+02 -1.73E+02 2.354E-10 1.178E-11
     3     1 1.962E-01 2.535E-02     1 -5.03E+00 -5.00E+00 1.469E-07 7.515E-09
     4     1 5.962E-04 1.170E-04   442 -1.73E+02 -1.73E+02 7.842E-12 5.619E-13
     5     1 1.962E-01 2.535E-02     1 -5.03E+00 -5.00E+00 1.469E-07 7.515E-09
     6     1 5.962E-04 1.170E-04   442 -1.73E+02 -1.73E+02 7.842E-12 5.619E-13
     7     1 1.962E-01 2.535E-02     1 -5.03E+00 -5.00E+00 1.469E-07 7.515E-09
     8     1 5.962E-04 1.170E-04   442 -1.73E+02 -1.73E+02 7.842E-12 5.619E-13
     9     1 1.962E-01 2.535E-02     1 -5.03E+00 -5.00E+00 1.469E-07 7.515E-09
    10     1 5.962E-04 1.170E-04   442 -1.73E+02 -1.73E+02 7.842E-12 5.619E-13
                        (NSTEP:     3  DELTAT:   1.5125E+00  TIME:   9.2625E+00)
     1     1 4.770E+00 3.940E-01   442 -1.74E+02 -1.74E+02 2.083E-07 7.535E-09
     2     1 4.093E-03 5.344E-04   442 -1.74E+02 -1.74E+02 1.179E-10 5.899E-12
     3     1 9.823E-02 1.270E-02     1 -5.01E+00 -5.00E+00 1.471E-07 7.525E-09
     4     1 1.498E-04 2.948E-05   442 -1.74E+02 -1.74E+02 3.927E-12 2.816E-13
                        (NSTEP:     4  DELTAT:   1.6638E+00  TIME:   1.0926E+01)
     1     1 5.230E+00 4.311E-01   442 -1.73E+02 -1.74E+02 2.081E-07 7.525E-09
     2     1 4.925E-03 6.411E-04   442 -1.73E+02 -1.73E+02 1.293E-10 6.470E-12
     3     1 1.079E-01 1.394E-02     1 -5.01E+00 -5.00E+00 1.469E-07 7.514E-09
     4     1 1.806E-04 3.546E-05   442 -1.73E+02 -1.73E+02 4.313E-12 3.090E-13
                        (NSTEP:     5  DELTAT:   1.8301E+00  TIME:   1.2756E+01)
     1     1 5.732E+00 4.714E-01   442 -1.73E+02 -1.73E+02 2.078E-07 7.514E-09
     2     1 5.922E-03 7.684E-04   442 -1.73E+02 -1.73E+02 1.418E-10 7.094E-12
     3     1 1.185E-01 1.529E-02     1 -5.02E+00 -5.00E+00 1.467E-07 7.502E-09
     4     1 2.175E-04 4.263E-05   442 -1.73E+02 -1.73E+02 4.736E-12 3.389E-13
                        (NSTEP:     6  DELTAT:   2.0131E+00  TIME:   1.4770E+01)
     1     1 6.281E+00 5.152E-01   442 -1.72E+02 -1.73E+02 2.074E-07 7.502E-09
     2     1 7.117E-03 9.201E-04   442 -1.72E+02 -1.72E+02 1.554E-10 7.776E-12
     3     1 1.300E-01 1.677E-02     1 -5.02E+00 -5.00E+00 1.464E-07 7.489E-09
     4     1 2.618E-04 5.122E-05   442 -1.72E+02 -1.72E+02 5.200E-12 3.717E-13
                        (NSTEP:     7  DELTAT:   2.2145E+00  TIME:   1.6984E+01)
     1     1 6.879E+00 5.626E-01   442 -1.72E+02 -1.72E+02 2.071E-07 7.489E-09
     2     1 8.547E-03 1.101E-03   442 -1.72E+02 -1.72E+02 1.702E-10 8.521E-12
     3     1 1.427E-01 1.838E-02     1 -5.02E+00 -5.00E+00 1.461E-07 7.475E-09
     4     1 3.151E-04 6.149E-05   442 -1.72E+02 -1.72E+02 5.708E-12 4.075E-13
                        (NSTEP:     8  DELTAT:   2.4359E+00  TIME:   1.9420E+01)
     1     1 7.530E+00 6.141E-01   442 -1.71E+02 -1.72E+02 2.067E-07 7.475E-09
     2     1 1.026E-02 1.315E-03   442 -1.71E+02 -1.71E+02 1.864E-10 9.333E-12
     3     1 1.566E-01 2.015E-02     1 -5.02E+00 -5.00E+00 1.458E-07 7.459E-09
     4     1 3.789E-04 7.377E-05   442 -1.71E+02 -1.71E+02 6.265E-12 4.466E-13
                        (NSTEP:     9  DELTAT:   2.6795E+00  TIME:   2.2099E+01)
     1     1 8.240E+00 6.697E-01   442 -1.71E+02 -1.71E+02 2.062E-07 7.459E-09
     2     1 1.230E-02 1.570E-03   442 -1.71E+02 -1.71E+02 2.040E-10 1.022E-11
     3     1 1.718E-01 2.207E-02     1 -5.02E+00 -5.00E+00 1.455E-07 7.443E-09
     4     1 4.555E-04 8.843E-05   442 -1.71E+02 -1.71E+02 6.874E-12 4.893E-13
                        (NSTEP:    10  DELTAT:   2.9474E+00  TIME:   2.5047E+01)
     1     1 9.012E+00 7.298E-01   442 -1.70E+02 -1.71E+02 2.057E-07 7.443E-09
     2     1 1.474E-02 1.872E-03   442 -1.70E+02 -1.70E+02 2.232E-10 1.118E-11
     3     1 1.885E-01 2.417E-02     1 -5.02E+00 -5.00E+00 1.451E-07 7.424E-09
     4     1 5.472E-04 1.059E-04   442 -1.70E+02 -1.70E+02 7.541E-12 5.358E-13
     5     1 1.885E-01 2.417E-02     1 -5.02E+00 -5.00E+00 1.451E-07 7.424E-09
     6     1 5.472E-04 1.059E-04   442 -1.70E+02 -1.70E+02 7.541E-12 5.358E-13
     7     1 1.885E-01 2.417E-02     1 -5.02E+00 -5.00E+00 1.451E-07 7.424E-09
     8     1 5.472E-04 1.059E-04   442 -1.70E+02 -1.70E+02 7.541E-12 5.358E-13
     9     1 1.885E-01 2.417E-02     1 -5.02E+00 -5.00E+00 1.451E-07 7.424E-09
    10     1 5.472E-04 1.059E-04   442 -1.70E+02 -1.70E+02 7.541E-12 5.358E-13
                        (NSTEP:    10  DELTAT:   1.4737E+00  TIME:   2.3573E+01)
     1     1 4.512E+00 3.657E-01   442 -1.70E+02 -1.71E+02 2.057E-07 7.443E-09
     2     1 3.704E-03 4.715E-04   442 -1.70E+02 -1.70E+02 1.118E-10 5.600E-12
     3     1 9.438E-02 1.211E-02     1 -5.01E+00 -5.00E+00 1.453E-07 7.433E-09
     4     1 1.375E-04 2.667E-05   442 -1.70E+02 -1.70E+02 3.776E-12 2.685E-13
                        (NSTEP:    11  DELTAT:   1.6211E+00  TIME:   2.5194E+01)
     1     1 4.948E+00 4.002E-01   442 -1.70E+02 -1.70E+02 2.055E-07 7.433E-09
     2     1 4.457E-03 5.659E-04   442 -1.70E+02 -1.70E+02 1.226E-10 6.143E-12
     3     1 1.037E-01 1.329E-02     1 -5.01E+00 -5.00E+00 1.451E-07 7.423E-09
     4     1 1.657E-04 3.209E-05   442 -1.70E+02 -1.70E+02 4.147E-12 2.947E-13
                        (NSTEP:    12  DELTAT:   1.7832E+00  TIME:   2.6977E+01)
     1     1 5.424E+00 4.378E-01   442 -1.69E+02 -1.70E+02 2.052E-07 7.423E-09
     2     1 5.361E-03 6.785E-04   442 -1.69E+02 -1.69E+02 1.344E-10 6.736E-12
     3     1 1.138E-01 1.458E-02     1 -5.01E+00 -5.00E+00 1.449E-07 7.412E-09
     4     1 1.996E-04 3.859E-05   442 -1.69E+02 -1.69E+02 4.555E-12 3.233E-13
                        (NSTEP:    13  DELTAT:   1.9615E+00  TIME:   2.8939E+01)
     1     1 5.944E+00 4.786E-01   442 -1.69E+02 -1.69E+02 2.049E-07 7.412E-09
     2     1 6.445E-03 8.129E-04   442 -1.69E+02 -1.69E+02 1.474E-10 7.384E-12
     3     1 1.250E-01 1.599E-02     1 -5.02E+00 -5.00E+00 1.446E-07 7.400E-09
     4     1 2.404E-04 4.637E-05   442 -1.69E+02 -1.69E+02 5.001E-12 3.545E-13
                        (NSTEP:    14  DELTAT:   2.1577E+00  TIME:   3.1097E+01)
     1     1 6.511E+00 5.229E-01   442 -1.68E+02 -1.69E+02 2.045E-07 7.400E-09
     2     1 7.743E-03 9.731E-04   442 -1.68E+02 -1.68E+02 1.615E-10 8.093E-12
     3     1 1.372E-01 1.754E-02     1 -5.02E+00 -5.00E+00 1.444E-07 7.386E-09
     4     1 2.893E-04 5.570E-05   442 -1.68E+02 -1.68E+02 5.490E-12 3.888E-13
                        (NSTEP:    15  DELTAT:   2.3734E+00  TIME:   3.3470E+01)
     1     1 7.129E+00 5.709E-01   442 -1.68E+02 -1.68E+02 2.042E-07 7.386E-09
     2     1 9.297E-03 1.163E-03   442 -1.68E+02 -1.68E+02 1.769E-10 8.865E-12
     3     1 1.506E-01 1.922E-02     1 -5.02E+00 -5.00E+00 1.441E-07 7.371E-09
     4     1 3.481E-04 6.685E-05   442 -1.68E+02 -1.68E+02 6.027E-12 4.261E-13
                        (NSTEP:    16  DELTAT:   2.6108E+00  TIME:   3.6081E+01)
     1     1 7.803E+00 6.229E-01   442 -1.67E+02 -1.68E+02 2.037E-07 7.371E-09
     2     1 1.115E-02 1.390E-03   442 -1.67E+02 -1.67E+02 1.936E-10 9.708E-12
     3     1 1.652E-01 2.106E-02     1 -5.02E+00 -5.00E+00 1.437E-07 7.355E-09
     4     1 4.185E-04 8.017E-05   442 -1.67E+02 -1.67E+02 6.614E-12 4.670E-13
                        (NSTEP:    17  DELTAT:   2.8719E+00  TIME:   3.8953E+01)
     1     1 8.536E+00 6.790E-01   442 -1.67E+02 -1.67E+02 2.033E-07 7.355E-09
     2     1 1.337E-02 1.658E-03   442 -1.67E+02 -1.67E+02 2.119E-10 1.063E-11
     3     1 1.812E-01 2.307E-02     1 -5.02E+00 -5.00E+00 1.434E-07 7.338E-09
     4     1 5.030E-04 9.606E-05   442 -1.67E+02 -1.67E+02 7.256E-12 5.115E-13
                        (NSTEP:    18  DELTAT:   3.1590E+00  TIME:   4.2112E+01)
     1     1 9.333E+00 7.397E-01   442 -1.66E+02 -1.67E+02 2.028E-07 7.338E-09
     2     1 1.601E-02 1.975E-03   442 -1.66E+02 -1.66E+02 2.318E-10 1.163E-11
     3     1 1.988E-01 2.527E-02     1 -5.03E+00 -5.00E+00 1.430E-07 7.318E-09
     4     1 6.040E-04 1.150E-04   442 -1.66E+02 -1.66E+02 7.959E-12 5.601E-13
     5     1 1.988E-01 2.527E-02     1 -5.03E+00 -5.00E+00 1.430E-07 7.318E-09
     6     1 6.040E-04 1.150E-04   442 -1.66E+02 -1.66E+02 7.959E-12 5.601E-13
     7     1 1.988E-01 2.527E-02     1 -5.03E+00 -5.00E+00 1.430E-07 7.318E-09
     8     1 6.040E-04 1.150E-04   442 -1.66E+02 -1.66E+02 7.959E-12 5.601E-13
     9     1 1.988E-01 2.527E-02     1 -5.03E+00 -5.00E+00 1.430E-07 7.318E-09
    10     1 6.040E-04 1.150E-04   442 -1.66E+02 -1.66E+02 7.959E-12 5.601E-13
                        (NSTEP:    18  DELTAT:   1.5795E+00  TIME:   4.0532E+01)
     1     1 4.673E+00 3.707E-01   442 -1.66E+02 -1.67E+02 2.028E-07 7.338E-09
     2     1 4.024E-03 4.976E-04   442 -1.66E+02 -1.66E+02 1.161E-10 5.823E-12
     3     1 9.953E-02 1.266E-02     1 -5.01E+00 -5.00E+00 1.432E-07 7.328E-09
     4     1 1.518E-04 2.897E-05   442 -1.66E+02 -1.66E+02 3.985E-12 2.807E-13
                        (NSTEP:    19  DELTAT:   1.7375E+00  TIME:   4.2270E+01)
     1     1 5.124E+00 4.056E-01   442 -1.66E+02 -1.66E+02 2.025E-07 7.328E-09
     2     1 4.842E-03 5.970E-04   442 -1.66E+02 -1.66E+02 1.273E-10 6.386E-12
     3     1 1.093E-01 1.389E-02     1 -5.01E+00 -5.00E+00 1.430E-07 7.317E-09
     4     1 1.829E-04 3.484E-05   442 -1.66E+02 -1.66E+02 4.377E-12 3.080E-13
                        (NSTEP:    20  DELTAT:   1.9112E+00  TIME:   4.4181E+01)
     1     1 5.616E+00 4.435E-01   442 -1.65E+02 -1.66E+02 2.022E-07 7.317E-09
     2     1 5.822E-03 7.156E-04   442 -1.65E+02 -1.65E+02 1.396E-10 7.001E-12
     3     1 1.200E-01 1.524E-02     1 -5.02E+00 -5.00E+00 1.428E-07 7.306E-09
     4     1 2.203E-04 4.189E-05   442 -1.65E+02 -1.65E+02 4.807E-12 3.379E-13
                        (NSTEP:    21  DELTAT:   2.1023E+00  TIME:   4.6283E+01)
     1     1 6.152E+00 4.848E-01   442 -1.65E+02 -1.65E+02 2.019E-07 7.306E-09
     2     1 6.997E-03 8.570E-04   442 -1.65E+02 -1.65E+02 1.529E-10 7.674E-12
     3     1 1.318E-01 1.671E-02     1 -5.02E+00 -5.00E+00 1.425E-07 7.293E-09
     4     1 2.652E-04 5.033E-05   442 -1.65E+02 -1.65E+02 5.277E-12 3.705E-13
                        (NSTEP:    22  DELTAT:   2.3126E+00  TIME:   4.8596E+01)
     1     1 6.738E+00 5.295E-01   442 -1.64E+02 -1.65E+02 2.015E-07 7.293E-09
     2     1 8.403E-03 1.025E-03   442 -1.64E+02 -1.64E+02 1.676E-10 8.408E-12
     3     1 1.446E-01 1.832E-02     1 -5.02E+00 -5.00E+00 1.422E-07 7.279E-09
     4     1 3.192E-04 6.043E-05   442 -1.64E+02 -1.64E+02 5.793E-12 4.062E-13
                        (NSTEP:    23  DELTAT:   2.5438E+00  TIME:   5.1140E+01)
     1     1 7.376E+00 5.779E-01   442 -1.64E+02 -1.64E+02 2.012E-07 7.279E-09
     2     1 1.009E-02 1.225E-03   442 -1.64E+02 -1.64E+02 1.835E-10 9.209E-12
     3     1 1.587E-01 2.008E-02     1 -5.02E+00 -5.00E+00 1.419E-07 7.264E-09
     4     1 3.839E-04 7.251E-05   442 -1.64E+02 -1.64E+02 6.358E-12 4.452E-13
                        (NSTEP:    24  DELTAT:   2.7982E+00  TIME:   5.3938E+01)
     1     1 8.071E+00 6.303E-01   442 -1.63E+02 -1.64E+02 2.007E-07 7.264E-09
     2     1 1.209E-02 1.463E-03   442 -1.63E+02 -1.63E+02 2.008E-10 1.008E-11
     3     1 1.741E-01 2.200E-02     1 -5.02E+00 -5.00E+00 1.416E-07 7.247E-09
     4     1 4.615E-04 8.693E-05   442 -1.63E+02 -1.63E+02 6.977E-12 4.878E-13
                        (NSTEP:    25  DELTAT:   3.0780E+00  TIME:   5.7016E+01)
     1     1 8.828E+00 6.869E-01   442 -1.62E+02 -1.63E+02 2.003E-07 7.247E-09
     2     1 1.449E-02 1.743E-03   442 -1.62E+02 -1.62E+02 2.197E-10 1.103E-11
     3     1 1.910E-01 2.410E-02     1 -5.02E+00 -5.00E+00 1.412E-07 7.229E-09
     4     1 5.544E-04 1.041E-04   442 -1.62E+02 -1.62E+02 7.653E-12 5.342E-13
     5     1 1.910E-01 2.410E-02     1 -5.02E+00 -5.00E+00 1.412E-07 7.229E-09
     6     1 5.544E-04 1.041E-04   442 -1.62E+02 -1.62E+02 7.653E-12 5.342E-13
     7     1 1.910E-01 2.410E-02     1 -5.02E+00 -5.00E+00 1.412E-07 7.229E-09
     8     1 5.544E-04 1.041E-04   442 -1.62E+02 -1.62E+02 7.653E-12 5.342E-13
     9     1 1.910E-01 2.410E-02     1 -5.02E+00 -5.00E+00 1.412E-07 7.229E-09
    10     1 5.544E-04 1.041E-04   442 -1.62E+02 -1.62E+02 7.653E-12 5.342E-13
                        (NSTEP:    25  DELTAT:   1.5390E+00  TIME:   5.5477E+01)
     1     1 4.420E+00 3.442E-01   442 -1.63E+02 -1.63E+02 2.003E-07 7.247E-09
     2     1 3.641E-03 4.392E-04   442 -1.63E+02 -1.63E+02 1.100E-10 5.525E-12
     3     1 9.563E-02 1.208E-02     1 -5.01E+00 -5.00E+00 1.414E-07 7.238E-09
     4     1 1.393E-04 2.622E-05   442 -1.63E+02 -1.63E+02 3.832E-12 2.677E-13
                        (NSTEP:    26  DELTAT:   1.6929E+00  TIME:   5.7170E+01)
     1     1 4.846E+00 3.767E-01   442 -1.62E+02 -1.63E+02 2.000E-07 7.238E-09
     2     1 4.382E-03 5.271E-04   442 -1.62E+02 -1.62E+02 1.207E-10 6.060E-12
     3     1 1.050E-01 1.325E-02     1 -5.01E+00 -5.00E+00 1.412E-07 7.228E-09
     4     1 1.679E-04 3.154E-05   442 -1.62E+02 -1.62E+02 4.209E-12 2.938E-13
                        (NSTEP:    27  DELTAT:   1.8622E+00  TIME:   5.9032E+01)
     1     1 5.313E+00 4.121E-01   442 -1.62E+02 -1.62E+02 1.997E-07 7.228E-09
     2     1 5.271E-03 6.321E-04   442 -1.62E+02 -1.62E+02 1.323E-10 6.645E-12
     3     1 1.153E-01 1.454E-02     1 -5.01E+00 -5.00E+00 1.410E-07 7.217E-09
     4     1 2.022E-04 3.794E-05   442 -1.62E+02 -1.62E+02 4.622E-12 3.223E-13
                        (NSTEP:    28  DELTAT:   2.0484E+00  TIME:   6.1080E+01)
     1     1 5.822E+00 4.505E-01   442 -1.62E+02 -1.62E+02 1.994E-07 7.217E-09
     2     1 6.336E-03 7.574E-04   442 -1.62E+02 -1.62E+02 1.450E-10 7.284E-12
     3     1 1.266E-01 1.595E-02     1 -5.02E+00 -5.00E+00 1.408E-07 7.205E-09
     4     1 2.435E-04 4.560E-05   442 -1.62E+02 -1.62E+02 5.075E-12 3.535E-13
                        (NSTEP:    29  DELTAT:   2.2533E+00  TIME:   6.3334E+01)
     1     1 6.377E+00 4.923E-01   442 -1.61E+02 -1.62E+02 1.991E-07 7.205E-09
     2     1 7.612E-03 9.066E-04   442 -1.61E+02 -1.61E+02 1.589E-10 7.982E-12
     3     1 1.390E-01 1.749E-02     1 -5.02E+00 -5.00E+00 1.405E-07 7.191E-09
     4     1 2.931E-04 5.477E-05   442 -1.61E+02 -1.61E+02 5.572E-12 3.877E-13
                        (NSTEP:    30  DELTAT:   2.4786E+00  TIME:   6.5812E+01)
     1     1 6.982E+00 5.375E-01   442 -1.61E+02 -1.61E+02 1.987E-07 7.191E-09
     2     1 9.139E-03 1.084E-03   442 -1.61E+02 -1.61E+02 1.740E-10 8.744E-12
     3     1 1.526E-01 1.917E-02     1 -5.02E+00 -5.00E+00 1.402E-07 7.177E-09
     4     1 3.527E-04 6.574E-05   442 -1.61E+02 -1.61E+02 6.116E-12 4.250E-13
                        (NSTEP:    31  DELTAT:   2.7265E+00  TIME:   6.8539E+01)
     1     1 7.642E+00 5.865E-01   442 -1.60E+02 -1.61E+02 1.983E-07 7.177E-09
     2     1 1.096E-02 1.295E-03   442 -1.60E+02 -1.60E+02 1.905E-10 9.575E-12
     3     1 1.674E-01 2.101E-02     1 -5.02E+00 -5.00E+00 1.399E-07 7.161E-09
     4     1 4.241E-04 7.884E-05   442 -1.60E+02 -1.60E+02 6.711E-12 4.657E-13
                        (NSTEP:    32  DELTAT:   2.9991E+00  TIME:   7.1538E+01)
     1     1 8.360E+00 6.395E-01   442 -1.59E+02 -1.60E+02 1.978E-07 7.161E-09
     2     1 1.314E-02 1.545E-03   442 -1.59E+02 -1.59E+02 2.085E-10 1.048E-11
     3     1 1.836E-01 2.301E-02     1 -5.02E+00 -5.00E+00 1.396E-07 7.144E-09
     4     1 5.096E-04 9.449E-05   442 -1.59E+02 -1.59E+02 7.363E-12 5.101E-13
                        (NSTEP:    33  DELTAT:   3.2990E+00  TIME:   7.4837E+01)
     1     1 9.140E+00 6.967E-01   442 -1.59E+02 -1.59E+02 1.974E-07 7.144E-09
     2     1 1.574E-02 1.840E-03   442 -1.59E+02 -1.59E+02 2.281E-10 1.146E-11
     3     1 2.014E-01 2.520E-02     1 -5.03E+00 -5.00E+00 1.392E-07 7.125E-09
     4     1 6.120E-04 1.131E-04   442 -1.59E+02 -1.59E+02 8.077E-12 5.586E-13
     5     1 2.014E-01 2.520E-02     1 -5.03E+00 -5.00E+00 1.392E-07 7.125E-09
     6     1 6.120E-04 1.131E-04   442 -1.59E+02 -1.59E+02 8.077E-12 5.586E-13
     7     1 2.014E-01 2.520E-02     1 -5.03E+00 -5.00E+00 1.392E-07 7.125E-09
     8     1 6.120E-04 1.131E-04   442 -1.59E+02 -1.59E+02 8.077E-12 5.586E-13
     9     1 2.014E-01 2.520E-02     1 -5.03E+00 -5.00E+00 1.392E-07 7.125E-09
    10     1 6.120E-04 1.131E-04   442 -1.59E+02 -1.59E+02 8.077E-12 5.586E-13
                        (NSTEP:    33  DELTAT:   1.6495E+00  TIME:   7.3187E+01)
     1     1 4.577E+00 3.491E-01   442 -1.59E+02 -1.59E+02 1.974E-07 7.144E-09
     2     1 3.956E-03 4.637E-04   442 -1.59E+02 -1.59E+02 1.142E-10 5.742E-12
     3     1 1.008E-01 1.263E-02     1 -5.01E+00 -5.00E+00 1.394E-07 7.134E-09
     4     1 1.538E-04 2.849E-05   442 -1.59E+02 -1.59E+02 4.044E-12 2.800E-13
                        (NSTEP:    34  DELTAT:   1.8145E+00  TIME:   7.5002E+01)
     1     1 5.018E+00 3.820E-01   442 -1.59E+02 -1.59E+02 1.971E-07 7.134E-09
     2     1 4.759E-03 5.563E-04   442 -1.59E+02 -1.59E+02 1.253E-10 6.297E-12
     3     1 1.107E-01 1.386E-02     1 -5.01E+00 -5.00E+00 1.392E-07 7.124E-09
     4     1 1.853E-04 3.428E-05   442 -1.59E+02 -1.59E+02 4.442E-12 3.072E-13
                        (NSTEP:    35  DELTAT:   1.9959E+00  TIME:   7.6998E+01)
     1     1 5.499E+00 4.178E-01   442 -1.58E+02 -1.59E+02 1.968E-07 7.124E-09
     2     1 5.723E-03 6.669E-04   442 -1.58E+02 -1.58E+02 1.373E-10 6.903E-12
     3     1 1.216E-01 1.520E-02     1 -5.02E+00 -5.00E+00 1.389E-07 7.112E-09
     4     1 2.232E-04 4.121E-05   442 -1.58E+02 -1.58E+02 4.877E-12 3.370E-13
                        (NSTEP:    36  DELTAT:   2.1955E+00  TIME:   7.9193E+01)
     1     1 6.025E+00 4.566E-01   442 -1.58E+02 -1.58E+02 1.965E-07 7.112E-09
     2     1 6.878E-03 7.987E-04   442 -1.58E+02 -1.58E+02 1.505E-10 7.566E-12
     3     1 1.335E-01 1.667E-02     1 -5.02E+00 -5.00E+00 1.387E-07 7.100E-09
     4     1 2.688E-04 4.952E-05   442 -1.58E+02 -1.58E+02 5.355E-12 3.696E-13
                        (NSTEP:    37  DELTAT:   2.4151E+00  TIME:   8.1608E+01)
     1     1 6.599E+00 4.988E-01   442 -1.57E+02 -1.58E+02 1.961E-07 7.100E-09
     2     1 8.260E-03 9.556E-04   442 -1.57E+02 -1.57E+02 1.648E-10 8.289E-12
     3     1 1.465E-01 1.828E-02     1 -5.02E+00 -5.00E+00 1.384E-07 7.086E-09
     4     1 3.234E-04 5.946E-05   442 -1.57E+02 -1.57E+02 5.878E-12 4.052E-13
                        (NSTEP:    38  DELTAT:   2.6566E+00  TIME:   8.4265E+01)
     1     1 7.224E+00 5.445E-01   442 -1.57E+02 -1.57E+02 1.957E-07 7.086E-09
     2     1 9.914E-03 1.142E-03   442 -1.57E+02 -1.57E+02 1.805E-10 9.078E-12
     3     1 1.608E-01 2.003E-02     1 -5.02E+00 -5.00E+00 1.381E-07 7.071E-09
     4     1 3.890E-04 7.135E-05   442 -1.57E+02 -1.57E+02 6.452E-12 4.441E-13
                        (NSTEP:    39  DELTAT:   2.9222E+00  TIME:   8.7187E+01)
     1     1 7.904E+00 5.939E-01   442 -1.56E+02 -1.57E+02 1.953E-07 7.071E-09
     2     1 1.189E-02 1.363E-03   442 -1.56E+02 -1.56E+02 1.975E-10 9.938E-12
     3     1 1.764E-01 2.195E-02     1 -5.02E+00 -5.00E+00 1.378E-07 7.055E-09
     4     1 4.676E-04 8.554E-05   442 -1.56E+02 -1.56E+02 7.079E-12 4.866E-13
                        (NSTEP:    40  DELTAT:   3.2144E+00  TIME:   9.0402E+01)
     1     1 8.644E+00 6.473E-01   442 -1.55E+02 -1.56E+02 1.949E-07 7.055E-09
     2     1 1.424E-02 1.625E-03   442 -1.55E+02 -1.55E+02 2.161E-10 1.087E-11
     3     1 1.935E-01 2.404E-02     1 -5.02E+00 -5.00E+00 1.374E-07 7.037E-09
     4     1 5.617E-04 1.025E-04   442 -1.55E+02 -1.55E+02 7.766E-12 5.330E-13
     5     1 1.935E-01 2.404E-02     1 -5.02E+00 -5.00E+00 1.374E-07 7.037E-09
     6     1 5.617E-04 1.025E-04   442 -1.55E+02 -1.55E+02 7.766E-12 5.330E-13
     7     1 1.935E-01 2.404E-02     1 -5.02E+00 -5.00E+00 1.374E-07 7.037E-09
     8     1 5.617E-04 1.025E-04   442 -1.55E+02 -1.55E+02 7.766E-12 5.330E-13
     9     1 1.935E-01 2.404E-02     1 -5.02E+00 -5.00E+00 1.374E-07 7.037E-09
    10     1 5.617E-04 1.025E-04   442 -1.55E+02 -1.55E+02 7.766E-12 5.330E-13
                        (NSTEP:    40  DELTAT:   1.6072E+00  TIME:   8.8794E+01)
     1     1 4.328E+00 3.244E-01   442 -1.56E+02 -1.56E+02 1.949E-07 7.055E-09
     2     1 3.579E-03 4.094E-04   442 -1.56E+02 -1.56E+02 1.082E-10 5.446E-12
     3     1 9.689E-02 1.205E-02     1 -5.01E+00 -5.00E+00 1.376E-07 7.046E-09
     4     1 1.411E-04 2.580E-05   442 -1.56E+02 -1.56E+02 3.888E-12 2.671E-13
                        (NSTEP:    41  DELTAT:   1.7679E+00  TIME:   9.0562E+01)
     1     1 4.746E+00 3.550E-01   442 -1.55E+02 -1.56E+02 1.946E-07 7.046E-09
     2     1 4.307E-03 4.914E-04   442 -1.55E+02 -1.55E+02 1.187E-10 5.973E-12
     3     1 1.064E-01 1.322E-02     1 -5.01E+00 -5.00E+00 1.374E-07 7.036E-09
     4     1 1.701E-04 3.104E-05   442 -1.55E+02 -1.55E+02 4.271E-12 2.931E-13
                        (NSTEP:    42  DELTAT:   1.9447E+00  TIME:   9.2507E+01)
     1     1 5.202E+00 3.884E-01   442 -1.55E+02 -1.55E+02 1.943E-07 7.036E-09
     2     1 5.181E-03 5.893E-04   442 -1.55E+02 -1.55E+02 1.301E-10 6.549E-12
     3     1 1.168E-01 1.451E-02     1 -5.01E+00 -5.00E+00 1.372E-07 7.025E-09
     4     1 2.049E-04 3.734E-05   442 -1.55E+02 -1.55E+02 4.690E-12 3.216E-13
                        (NSTEP:    43  DELTAT:   2.1392E+00  TIME:   9.4646E+01)
     1     1 5.700E+00 4.246E-01   442 -1.55E+02 -1.55E+02 1.940E-07 7.025E-09
     2     1 6.228E-03 7.061E-04   442 -1.55E+02 -1.55E+02 1.426E-10 7.179E-12
     3     1 1.283E-01 1.591E-02     1 -5.02E+00 -5.00E+00 1.370E-07 7.013E-09
     4     1 2.468E-04 4.488E-05   442 -1.55E+02 -1.55E+02 5.150E-12 3.527E-13
                        (NSTEP:    44  DELTAT:   2.3531E+00  TIME:   9.6999E+01)
     1     1 6.244E+00 4.640E-01   442 -1.54E+02 -1.55E+02 1.937E-07 7.013E-09
     2     1 7.482E-03 8.453E-04   442 -1.54E+02 -1.54E+02 1.563E-10 7.866E-12
     3     1 1.408E-01 1.745E-02     1 -5.02E+00 -5.00E+00 1.367E-07 7.000E-09
     4     1 2.971E-04 5.391E-05   442 -1.54E+02 -1.54E+02 5.654E-12 3.868E-13
                        (NSTEP:    45  DELTAT:   2.5884E+00  TIME:   9.9588E+01)
     1     1 6.837E+00 5.067E-01   442 -1.54E+02 -1.54E+02 1.933E-07 7.000E-09
     2     1 8.983E-03 1.011E-03   442 -1.54E+02 -1.54E+02 1.712E-10 8.617E-12
     3     1 1.546E-01 1.913E-02     1 -5.02E+00 -5.00E+00 1.364E-07 6.986E-09
     4     1 3.574E-04 6.471E-05   442 -1.54E+02 -1.54E+02 6.205E-12 4.240E-13
                        (NSTEP:    46  DELTAT:   2.8473E+00  TIME:   1.0244E+02)
     1     1 7.483E+00 5.529E-01   442 -1.53E+02 -1.54E+02 1.929E-07 6.986E-09
     2     1 1.078E-02 1.207E-03   442 -1.53E+02 -1.53E+02 1.874E-10 9.434E-12
     3     1 1.696E-01 2.096E-02     1 -5.02E+00 -5.00E+00 1.361E-07 6.970E-09
     4     1 4.297E-04 7.762E-05   442 -1.53E+02 -1.53E+02 6.810E-12 4.647E-13
                        (NSTEP:    47  DELTAT:   3.1320E+00  TIME:   1.0557E+02)
     1     1 8.185E+00 6.029E-01   442 -1.52E+02 -1.53E+02 1.925E-07 6.970E-09
     2     1 1.292E-02 1.440E-03   442 -1.52E+02 -1.52E+02 2.050E-10 1.033E-11
     3     1 1.860E-01 2.297E-02     1 -5.02E+00 -5.00E+00 1.358E-07 6.953E-09
     4     1 5.164E-04 9.303E-05   442 -1.52E+02 -1.52E+02 7.471E-12 5.091E-13
                        (NSTEP:    48  DELTAT:   3.4452E+00  TIME:   1.0901E+02)
     1     1 8.949E+00 6.568E-01   442 -1.52E+02 -1.52E+02 1.920E-07 6.953E-09
     2     1 1.547E-02 1.716E-03   442 -1.52E+02 -1.52E+02 2.242E-10 1.129E-11
     3     1 2.040E-01 2.515E-02     1 -5.03E+00 -5.00E+00 1.354E-07 6.935E-09
     4     1 6.201E-04 1.114E-04   442 -1.52E+02 -1.52E+02 8.195E-12 5.575E-13
     5     1 2.040E-01 2.515E-02     1 -5.03E+00 -5.00E+00 1.354E-07 6.935E-09
     6     1 6.201E-04 1.114E-04   442 -1.52E+02 -1.52E+02 8.195E-12 5.575E-13
     7     1 2.040E-01 2.515E-02     1 -5.03E+00 -5.00E+00 1.354E-07 6.935E-09
     8     1 6.201E-04 1.114E-04   442 -1.52E+02 -1.52E+02 8.195E-12 5.575E-13
     9     1 2.040E-01 2.515E-02     1 -5.03E+00 -5.00E+00 1.354E-07 6.935E-09
    10     1 6.201E-04 1.114E-04   442 -1.52E+02 -1.52E+02 8.195E-12 5.575E-13
                        (NSTEP:    48  DELTAT:   1.7226E+00  TIME:   1.0729E+02)
     1     1 4.481E+00 3.292E-01   442 -1.52E+02 -1.52E+02 1.920E-07 6.953E-09
     2     1 3.888E-03 4.325E-04   442 -1.52E+02 -1.52E+02 1.123E-10 5.657E-12
     3     1 1.022E-01 1.260E-02     1 -5.01E+00 -5.00E+00 1.356E-07 6.944E-09
     4     1 1.559E-04 2.805E-05   442 -1.52E+02 -1.52E+02 4.103E-12 2.794E-13
                        (NSTEP:    49  DELTAT:   1.8949E+00  TIME:   1.0918E+02)
     1     1 4.913E+00 3.602E-01   442 -1.52E+02 -1.52E+02 1.918E-07 6.944E-09
     2     1 4.678E-03 5.188E-04   442 -1.52E+02 -1.52E+02 1.231E-10 6.203E-12
     3     1 1.122E-01 1.383E-02     1 -5.01E+00 -5.00E+00 1.354E-07 6.934E-09
     4     1 1.878E-04 3.375E-05   442 -1.52E+02 -1.52E+02 4.507E-12 3.066E-13
                        (NSTEP:    50  DELTAT:   2.0844E+00  TIME:   1.1127E+02)
     1     1 5.384E+00 3.939E-01   442 -1.51E+02 -1.52E+02 1.915E-07 6.934E-09
     2     1 5.625E-03 6.220E-04   442 -1.51E+02 -1.51E+02 1.350E-10 6.801E-12
     3     1 1.232E-01 1.517E-02     1 -5.02E+00 -5.00E+00 1.352E-07 6.922E-09
     4     1 2.262E-04 4.058E-05   442 -1.51E+02 -1.51E+02 4.949E-12 3.363E-13
                        (NSTEP:    51  DELTAT:   2.2928E+00  TIME:   1.1356E+02)
     1     1 5.899E+00 4.306E-01   442 -1.51E+02 -1.51E+02 1.912E-07 6.922E-09
     2     1 6.760E-03 7.449E-04   442 -1.51E+02 -1.51E+02 1.479E-10 7.453E-12
     3     1 1.352E-01 1.664E-02     1 -5.02E+00 -5.00E+00 1.349E-07 6.910E-09
     4     1 2.724E-04 4.877E-05   442 -1.51E+02 -1.51E+02 5.433E-12 3.689E-13
                        (NSTEP:    52  DELTAT:   2.5221E+00  TIME:   1.1608E+02)
     1     1 6.460E+00 4.704E-01   442 -1.50E+02 -1.51E+02 1.908E-07 6.910E-09
     2     1 8.118E-03 8.913E-04   442 -1.50E+02 -1.50E+02 1.620E-10 8.165E-12
     3     1 1.484E-01 1.824E-02     1 -5.02E+00 -5.00E+00 1.347E-07 6.897E-09
     4     1 3.277E-04 5.856E-05   442 -1.50E+02 -1.50E+02 5.964E-12 4.045E-13
                        (NSTEP:    53  DELTAT:   2.7743E+00  TIME:   1.1886E+02)
     1     1 7.072E+00 5.135E-01   442 -1.50E+02 -1.50E+02 1.904E-07 6.897E-09
     2     1 9.743E-03 1.065E-03   442 -1.50E+02 -1.50E+02 1.774E-10 8.942E-12
     3     1 1.629E-01 2.000E-02     1 -5.02E+00 -5.00E+00 1.344E-07 6.882E-09
     4     1 3.942E-04 7.028E-05   442 -1.50E+02 -1.50E+02 6.546E-12 4.433E-13
                        (NSTEP:    54  DELTAT:   3.0517E+00  TIME:   1.2191E+02)
     1     1 7.738E+00 5.602E-01   442 -1.49E+02 -1.50E+02 1.900E-07 6.882E-09
     2     1 1.168E-02 1.272E-03   442 -1.49E+02 -1.49E+02 1.942E-10 9.788E-12
     3     1 1.787E-01 2.191E-02     1 -5.02E+00 -5.00E+00 1.340E-07 6.866E-09
     4     1 4.739E-04 8.427E-05   442 -1.49E+02 -1.49E+02 7.182E-12 4.858E-13
                        (NSTEP:    55  DELTAT:   3.3569E+00  TIME:   1.2527E+02)
     1     1 8.462E+00 6.106E-01   442 -1.49E+02 -1.49E+02 1.896E-07 6.866E-09
     2     1 1.400E-02 1.516E-03   442 -1.49E+02 -1.49E+02 2.124E-10 1.071E-11
     3     1 1.960E-01 2.400E-02     1 -5.02E+00 -5.00E+00 1.337E-07 6.848E-09
     4     1 5.693E-04 1.010E-04   442 -1.49E+02 -1.49E+02 7.879E-12 5.321E-13
     5     1 1.960E-01 2.400E-02     1 -5.02E+00 -5.00E+00 1.337E-07 6.848E-09
     6     1 5.693E-04 1.010E-04   442 -1.49E+02 -1.49E+02 7.879E-12 5.321E-13
     7     1 1.960E-01 2.400E-02     1 -5.02E+00 -5.00E+00 1.337E-07 6.848E-09
     8     1 5.693E-04 1.010E-04   442 -1.49E+02 -1.49E+02 7.879E-12 5.321E-13
     9     1 1.960E-01 2.400E-02     1 -5.02E+00 -5.00E+00 1.337E-07 6.848E-09
    10     1 5.693E-04 1.010E-04   442 -1.49E+02 -1.49E+02 7.879E-12 5.321E-13
                        (NSTEP:    55  DELTAT:   1.6784E+00  TIME:   1.2359E+02)
     1     1 4.237E+00 3.060E-01   442 -1.49E+02 -1.49E+02 1.896E-07 6.866E-09
     2     1 3.517E-03 3.820E-04   442 -1.49E+02 -1.49E+02 1.064E-10 5.363E-12
     3     1 9.816E-02 1.203E-02     1 -5.01E+00 -5.00E+00 1.339E-07 6.857E-09
     4     1 1.430E-04 2.541E-05   442 -1.49E+02 -1.49E+02 3.945E-12 2.666E-13
                        (NSTEP:    56  DELTAT:   1.8463E+00  TIME:   1.2543E+02)
     1     1 4.646E+00 3.349E-01   442 -1.49E+02 -1.49E+02 1.893E-07 6.857E-09
     2     1 4.233E-03 4.584E-04   442 -1.49E+02 -1.49E+02 1.167E-10 5.882E-12
     3     1 1.078E-01 1.320E-02     1 -5.01E+00 -5.00E+00 1.337E-07 6.847E-09
     4     1 1.724E-04 3.058E-05   442 -1.49E+02 -1.49E+02 4.333E-12 2.926E-13
                        (NSTEP:    57  DELTAT:   2.0309E+00  TIME:   1.2747E+02)
     1     1 5.092E+00 3.664E-01   442 -1.48E+02 -1.49E+02 1.891E-07 6.847E-09
     2     1 5.091E-03 5.498E-04   442 -1.48E+02 -1.48E+02 1.279E-10 6.449E-12
     3     1 1.184E-01 1.448E-02     1 -5.01E+00 -5.00E+00 1.335E-07 6.837E-09
     4     1 2.077E-04 3.679E-05   442 -1.48E+02 -1.48E+02 4.758E-12 3.210E-13
                        (NSTEP:    58  DELTAT:   2.2340E+00  TIME:   1.2970E+02)
     1     1 5.580E+00 4.006E-01   442 -1.48E+02 -1.48E+02 1.888E-07 6.837E-09
     2     1 6.120E-03 6.588E-04   442 -1.48E+02 -1.48E+02 1.402E-10 7.069E-12
     3     1 1.300E-01 1.589E-02     1 -5.02E+00 -5.00E+00 1.332E-07 6.825E-09
     4     1 2.501E-04 4.422E-05   442 -1.48E+02 -1.48E+02 5.225E-12 3.522E-13
                        (NSTEP:    59  DELTAT:   2.4574E+00  TIME:   1.3216E+02)
     1     1 6.112E+00 4.377E-01   442 -1.48E+02 -1.48E+02 1.884E-07 6.825E-09
     2     1 7.353E-03 7.887E-04   442 -1.48E+02 -1.48E+02 1.536E-10 7.745E-12
     3     1 1.427E-01 1.742E-02     1 -5.02E+00 -5.00E+00 1.330E-07 6.812E-09
     4     1 3.011E-04 5.312E-05   442 -1.48E+02 -1.48E+02 5.736E-12 3.862E-13
                        (NSTEP:    60  DELTAT:   2.7031E+00  TIME:   1.3486E+02)
     1     1 6.692E+00 4.781E-01   442 -1.47E+02 -1.48E+02 1.881E-07 6.812E-09
     2     1 8.827E-03 9.432E-04   442 -1.47E+02 -1.47E+02 1.682E-10 8.483E-12
     3     1 1.566E-01 1.910E-02     1 -5.02E+00 -5.00E+00 1.327E-07 6.798E-09
     4     1 3.622E-04 6.377E-05   442 -1.47E+02 -1.47E+02 6.296E-12 4.234E-13
                        (NSTEP:    61  DELTAT:   2.9735E+00  TIME:   1.3783E+02)
     1     1 7.324E+00 5.217E-01   442 -1.47E+02 -1.47E+02 1.877E-07 6.798E-09
     2     1 1.059E-02 1.127E-03   442 -1.47E+02 -1.47E+02 1.841E-10 9.288E-12
     3     1 1.718E-01 2.093E-02     1 -5.02E+00 -5.00E+00 1.324E-07 6.783E-09
     4     1 4.355E-04 7.650E-05   442 -1.47E+02 -1.47E+02 6.909E-12 4.640E-13
                        (NSTEP:    62  DELTAT:   3.2708E+00  TIME:   1.4110E+02)
     1     1 8.012E+00 5.689E-01   442 -1.46E+02 -1.47E+02 1.873E-07 6.783E-09
     2     1 1.269E-02 1.344E-03   442 -1.46E+02 -1.46E+02 2.014E-10 1.016E-11
     3     1 1.885E-01 2.293E-02     1 -5.02E+00 -5.00E+00 1.321E-07 6.766E-09
     4     1 5.234E-04 9.170E-05   442 -1.46E+02 -1.46E+02 7.579E-12 5.084E-13
                        (NSTEP:    63  DELTAT:   3.5979E+00  TIME:   1.4470E+02)
     1     1 8.759E+00 6.199E-01   442 -1.45E+02 -1.46E+02 1.868E-07 6.766E-09
     2     1 1.520E-02 1.602E-03   442 -1.45E+02 -1.45E+02 2.203E-10 1.112E-11
     3     1 2.067E-01 2.511E-02     1 -5.03E+00 -5.00E+00 1.317E-07 6.748E-09
     4     1 6.285E-04 1.098E-04   442 -1.45E+02 -1.45E+02 8.313E-12 5.567E-13
     5     1 2.067E-01 2.511E-02     1 -5.03E+00 -5.00E+00 1.317E-07 6.748E-09
     6     1 6.285E-04 1.098E-04   442 -1.45E+02 -1.45E+02 8.313E-12 5.567E-13
     7     1 2.067E-01 2.511E-02     1 -5.03E+00 -5.00E+00 1.317E-07 6.748E-09
     8     1 6.285E-04 1.098E-04   442 -1.45E+02 -1.45E+02 8.313E-12 5.567E-13
     9     1 2.067E-01 2.511E-02     1 -5.03E+00 -5.00E+00 1.317E-07 6.748E-09
    10     1 6.285E-04 1.098E-04   442 -1.45E+02 -1.45E+02 8.313E-12 5.567E-13
                        (NSTEP:    63  DELTAT:   1.7989E+00  TIME:   1.4290E+02)
     1     1 4.386E+00 3.107E-01   442 -1.46E+02 -1.46E+02 1.868E-07 6.766E-09
     2     1 3.820E-03 4.036E-04   442 -1.46E+02 -1.46E+02 1.103E-10 5.568E-12
     3     1 1.035E-01 1.259E-02     1 -5.01E+00 -5.00E+00 1.319E-07 6.757E-09
     4     1 1.580E-04 2.765E-05   442 -1.46E+02 -1.46E+02 4.163E-12 2.790E-13
                        (NSTEP:    64  DELTAT:   1.9788E+00  TIME:   1.4488E+02)
     1     1 4.808E+00 3.400E-01   442 -1.45E+02 -1.46E+02 1.865E-07 6.757E-09
     2     1 4.596E-03 4.842E-04   442 -1.45E+02 -1.45E+02 1.210E-10 6.106E-12
     3     1 1.137E-01 1.381E-02     1 -5.01E+00 -5.00E+00 1.317E-07 6.747E-09
     4     1 1.903E-04 3.327E-05   442 -1.45E+02 -1.45E+02 4.572E-12 3.062E-13
                        (NSTEP:    65  DELTAT:   2.1767E+00  TIME:   1.4706E+02)
     1     1 5.270E+00 3.718E-01   442 -1.45E+02 -1.45E+02 1.863E-07 6.747E-09
     2     1 5.527E-03 5.805E-04   442 -1.45E+02 -1.45E+02 1.326E-10 6.693E-12
     3     1 1.248E-01 1.515E-02     1 -5.02E+00 -5.00E+00 1.315E-07 6.736E-09
     4     1 2.293E-04 4.000E-05   442 -1.45E+02 -1.45E+02 5.020E-12 3.359E-13
                        (NSTEP:    66  DELTAT:   2.3944E+00  TIME:   1.4945E+02)
     1     1 5.773E+00 4.065E-01   442 -1.45E+02 -1.45E+02 1.859E-07 6.736E-09
     2     1 6.642E-03 6.953E-04   442 -1.45E+02 -1.45E+02 1.453E-10 7.335E-12
     3     1 1.370E-01 1.662E-02     1 -5.02E+00 -5.00E+00 1.312E-07 6.724E-09
     4     1 2.760E-04 4.808E-05   442 -1.45E+02 -1.45E+02 5.512E-12 3.684E-13
                        (NSTEP:    67  DELTAT:   2.6338E+00  TIME:   1.5209E+02)
     1     1 6.323E+00 4.440E-01   442 -1.44E+02 -1.45E+02 1.856E-07 6.724E-09
     2     1 7.976E-03 8.320E-04   442 -1.44E+02 -1.44E+02 1.592E-10 8.035E-12
     3     1 1.504E-01 1.822E-02     1 -5.02E+00 -5.00E+00 1.310E-07 6.711E-09
     4     1 3.322E-04 5.774E-05   442 -1.44E+02 -1.44E+02 6.050E-12 4.039E-13
                        (NSTEP:    68  DELTAT:   2.8972E+00  TIME:   1.5498E+02)
     1     1 6.921E+00 4.848E-01   442 -1.44E+02 -1.44E+02 1.852E-07 6.711E-09
     2     1 9.572E-03 9.945E-04   442 -1.44E+02 -1.44E+02 1.743E-10 8.799E-12
     3     1 1.650E-01 1.997E-02     1 -5.02E+00 -5.00E+00 1.307E-07 6.696E-09
     4     1 3.995E-04 6.929E-05   442 -1.44E+02 -1.44E+02 6.640E-12 4.428E-13
                        (NSTEP:    69  DELTAT:   3.1869E+00  TIME:   1.5817E+02)
     1     1 7.573E+00 5.289E-01   442 -1.43E+02 -1.44E+02 1.848E-07 6.696E-09
     2     1 1.148E-02 1.187E-03   442 -1.43E+02 -1.43E+02 1.907E-10 9.631E-12
     3     1 1.811E-01 2.189E-02     1 -5.02E+00 -5.00E+00 1.304E-07 6.680E-09
     4     1 4.803E-04 8.309E-05   442 -1.43E+02 -1.43E+02 7.286E-12 4.852E-13
                        (NSTEP:    70  DELTAT:   3.5056E+00  TIME:   1.6168E+02)
     1     1 8.281E+00 5.766E-01   442 -1.43E+02 -1.43E+02 1.844E-07 6.680E-09
     2     1 1.375E-02 1.416E-03   442 -1.43E+02 -1.43E+02 2.086E-10 1.054E-11
     3     1 1.986E-01 2.398E-02     1 -5.02E+00 -5.00E+00 1.300E-07 6.663E-09
     4     1 5.770E-04 9.956E-05   442 -1.43E+02 -1.43E+02 7.992E-12 5.315E-13
                        (NSTEP:    71  DELTAT:   3.8562E+00  TIME:   1.6553E+02)
     1     1 9.051E+00 6.280E-01   442 -1.42E+02 -1.43E+02 1.839E-07 6.663E-09
     2     1 1.646E-02 1.686E-03   442 -1.42E+02 -1.42E+02 2.281E-10 1.152E-11
     3     1 2.178E-01 2.625E-02     1 -5.03E+00 -5.00E+00 1.297E-07 6.644E-09
     4     1 6.927E-04 1.192E-04   442 -1.42E+02 -1.42E+02 8.765E-12 5.820E-13
     5     1 2.178E-01 2.625E-02     1 -5.03E+00 -5.00E+00 1.297E-07 6.644E-09
     6     1 6.927E-04 1.192E-04   442 -1.42E+02 -1.42E+02 8.765E-12 5.820E-13
     7     1 2.178E-01 2.625E-02     1 -5.03E+00 -5.00E+00 1.297E-07 6.644E-09
     8     1 6.927E-04 1.192E-04   442 -1.42E+02 -1.42E+02 8.765E-12 5.820E-13
     9     1 2.178E-01 2.625E-02     1 -5.03E+00 -5.00E+00 1.297E-07 6.644E-09
    10     1 6.927E-04 1.192E-04   442 -1.42E+02 -1.42E+02 8.765E-12 5.820E-13
                        (NSTEP:    71  DELTAT:   1.9281E+00  TIME:   1.6360E+02)
     1     1 4.533E+00 3.147E-01   442 -1.42E+02 -1.43E+02 1.839E-07 6.663E-09
     2     1 4.138E-03 4.249E-04   442 -1.42E+02 -1.42E+02 1.142E-10 5.771E-12
     3     1 1.091E-01 1.316E-02     1 -5.01E+00 -5.00E+00 1.299E-07 6.653E-09
     4     1 1.741E-04 3.002E-05   442 -1.42E+02 -1.42E+02 4.389E-12 2.917E-13
                        (NSTEP:    72  DELTAT:   2.1209E+00  TIME:   1.6573E+02)
     1     1 4.968E+00 3.444E-01   442 -1.42E+02 -1.42E+02 1.836E-07 6.653E-09
     2     1 4.977E-03 5.096E-04   442 -1.42E+02 -1.42E+02 1.252E-10 6.327E-12
     3     1 1.198E-01 1.444E-02     1 -5.01E+00 -5.00E+00 1.296E-07 6.643E-09
     4     1 2.098E-04 3.611E-05   442 -1.42E+02 -1.42E+02 4.820E-12 3.200E-13
                        (NSTEP:    73  DELTAT:   2.3330E+00  TIME:   1.6806E+02)
     1     1 5.444E+00 3.765E-01   442 -1.41E+02 -1.42E+02 1.834E-07 6.643E-09
     2     1 5.983E-03 6.107E-04   442 -1.41E+02 -1.41E+02 1.373E-10 6.935E-12
     3     1 1.315E-01 1.584E-02     1 -5.02E+00 -5.00E+00 1.294E-07 6.632E-09
     4     1 2.526E-04 4.341E-05   442 -1.41E+02 -1.41E+02 5.293E-12 3.511E-13
                        (NSTEP:    74  DELTAT:   2.5663E+00  TIME:   1.7062E+02)
     1     1 5.963E+00 4.115E-01   442 -1.41E+02 -1.41E+02 1.830E-07 6.632E-09
     2     1 7.188E-03 7.312E-04   442 -1.41E+02 -1.41E+02 1.504E-10 7.598E-12
     3     1 1.443E-01 1.737E-02     1 -5.02E+00 -5.00E+00 1.292E-07 6.619E-09
     4     1 3.041E-04 5.215E-05   442 -1.41E+02 -1.41E+02 5.810E-12 3.850E-13
                        (NSTEP:    75  DELTAT:   2.8229E+00  TIME:   1.7345E+02)
     1     1 6.529E+00 4.494E-01   442 -1.41E+02 -1.41E+02 1.827E-07 6.619E-09
     2     1 8.630E-03 8.745E-04   442 -1.41E+02 -1.41E+02 1.647E-10 8.322E-12
     3     1 1.584E-01 1.904E-02     1 -5.02E+00 -5.00E+00 1.289E-07 6.605E-09
     4     1 3.659E-04 6.262E-05   442 -1.41E+02 -1.41E+02 6.377E-12 4.221E-13
                        (NSTEP:    76  DELTAT:   3.1052E+00  TIME:   1.7655E+02)
     1     1 7.145E+00 4.905E-01   442 -1.40E+02 -1.41E+02 1.823E-07 6.605E-09
     2     1 1.035E-02 1.045E-03   442 -1.40E+02 -1.40E+02 1.802E-10 9.110E-12
     3     1 1.738E-01 2.087E-02     1 -5.02E+00 -5.00E+00 1.286E-07 6.590E-09
     4     1 4.399E-04 7.512E-05   442 -1.40E+02 -1.40E+02 6.998E-12 4.626E-13
                        (NSTEP:    77  DELTAT:   3.4157E+00  TIME:   1.7997E+02)
     1     1 7.816E+00 5.350E-01   442 -1.40E+02 -1.40E+02 1.819E-07 6.590E-09
     2     1 1.241E-02 1.247E-03   442 -1.40E+02 -1.40E+02 1.972E-10 9.969E-12
     3     1 1.906E-01 2.287E-02     1 -5.02E+00 -5.00E+00 1.283E-07 6.574E-09
     4     1 5.287E-04 9.006E-05   442 -1.40E+02 -1.40E+02 7.678E-12 5.069E-13
                        (NSTEP:    78  DELTAT:   3.7573E+00  TIME:   1.8373E+02)
     1     1 8.545E+00 5.830E-01   442 -1.39E+02 -1.40E+02 1.814E-07 6.574E-09
     2     1 1.486E-02 1.486E-03   442 -1.39E+02 -1.39E+02 2.156E-10 1.090E-11
     3     1 2.091E-01 2.504E-02     1 -5.03E+00 -5.00E+00 1.279E-07 6.556E-09
     4     1 6.350E-04 1.079E-04   442 -1.39E+02 -1.39E+02 8.421E-12 5.552E-13
     5     1 2.091E-01 2.504E-02     1 -5.03E+00 -5.00E+00 1.279E-07 6.556E-09
     6     1 6.350E-04 1.079E-04   442 -1.39E+02 -1.39E+02 8.421E-12 5.552E-13
     7     1 2.091E-01 2.504E-02     1 -5.03E+00 -5.00E+00 1.279E-07 6.556E-09
     8     1 6.350E-04 1.079E-04   442 -1.39E+02 -1.39E+02 8.421E-12 5.552E-13
     9     1 2.091E-01 2.504E-02     1 -5.03E+00 -5.00E+00 1.279E-07 6.556E-09
    10     1 6.350E-04 1.079E-04   442 -1.39E+02 -1.39E+02 8.421E-12 5.552E-13
                        (NSTEP:    78  DELTAT:   1.8787E+00  TIME:   1.8185E+02)
     1     1 4.279E+00 2.922E-01   442 -1.39E+02 -1.40E+02 1.814E-07 6.574E-09
     2     1 3.735E-03 3.743E-04   442 -1.39E+02 -1.39E+02 1.080E-10 5.461E-12
     3     1 1.047E-01 1.255E-02     1 -5.01E+00 -5.00E+00 1.281E-07 6.565E-09
     4     1 1.596E-04 2.716E-05   442 -1.39E+02 -1.39E+02 4.217E-12 2.782E-13
                        (NSTEP:    79  DELTAT:   2.0665E+00  TIME:   1.8391E+02)
     1     1 4.691E+00 3.197E-01   442 -1.39E+02 -1.39E+02 1.812E-07 6.565E-09
     2     1 4.493E-03 4.491E-04   442 -1.39E+02 -1.39E+02 1.184E-10 5.988E-12
     3     1 1.150E-01 1.377E-02     1 -5.01E+00 -5.00E+00 1.279E-07 6.555E-09
     4     1 1.923E-04 3.268E-05   442 -1.39E+02 -1.39E+02 4.631E-12 3.053E-13
                        (NSTEP:    80  DELTAT:   2.2732E+00  TIME:   1.8619E+02)
     1     1 5.141E+00 3.497E-01   442 -1.39E+02 -1.39E+02 1.809E-07 6.555E-09
     2     1 5.403E-03 5.384E-04   442 -1.39E+02 -1.39E+02 1.298E-10 6.564E-12
     3     1 1.263E-01 1.511E-02     1 -5.02E+00 -5.00E+00 1.277E-07 6.544E-09
     4     1 2.316E-04 3.930E-05   442 -1.39E+02 -1.39E+02 5.085E-12 3.349E-13
                        (NSTEP:    81  DELTAT:   2.5005E+00  TIME:   1.8869E+02)
     1     1 5.632E+00 3.823E-01   442 -1.38E+02 -1.39E+02 1.806E-07 6.544E-09
     2     1 6.493E-03 6.449E-04   442 -1.38E+02 -1.38E+02 1.422E-10 7.193E-12
     3     1 1.386E-01 1.657E-02     1 -5.02E+00 -5.00E+00 1.275E-07 6.533E-09
     4     1 2.789E-04 4.723E-05   442 -1.38E+02 -1.38E+02 5.583E-12 3.674E-13
                        (NSTEP:    82  DELTAT:   2.7505E+00  TIME:   1.9144E+02)
     1     1 6.168E+00 4.177E-01   442 -1.38E+02 -1.38E+02 1.803E-07 6.533E-09
     2     1 7.797E-03 7.718E-04   442 -1.38E+02 -1.38E+02 1.558E-10 7.879E-12
     3     1 1.521E-01 1.817E-02     1 -5.02E+00 -5.00E+00 1.272E-07 6.520E-09
     4     1 3.356E-04 5.673E-05   442 -1.38E+02 -1.38E+02 6.129E-12 4.029E-13
                        (NSTEP:    83  DELTAT:   3.0256E+00  TIME:   1.9446E+02)
     1     1 6.751E+00 4.561E-01   442 -1.37E+02 -1.38E+02 1.799E-07 6.520E-09
     2     1 9.358E-03 9.226E-04   442 -1.37E+02 -1.37E+02 1.706E-10 8.627E-12
     3     1 1.669E-01 1.992E-02     1 -5.02E+00 -5.00E+00 1.269E-07 6.505E-09
     4     1 4.037E-04 6.808E-05   442 -1.37E+02 -1.37E+02 6.726E-12 4.416E-13
                        (NSTEP:    84  DELTAT:   3.3282E+00  TIME:   1.9779E+02)
     1     1 7.387E+00 4.976E-01   442 -1.37E+02 -1.37E+02 1.795E-07 6.505E-09
     2     1 1.122E-02 1.102E-03   442 -1.37E+02 -1.37E+02 1.866E-10 9.443E-12
     3     1 1.832E-01 2.183E-02     1 -5.02E+00 -5.00E+00 1.266E-07 6.490E-09
     4     1 4.852E-04 8.165E-05   442 -1.37E+02 -1.37E+02 7.380E-12 4.839E-13
                        (NSTEP:    85  DELTAT:   3.6610E+00  TIME:   2.0145E+02)
     1     1 8.078E+00 5.425E-01   442 -1.36E+02 -1.37E+02 1.791E-07 6.490E-09
     2     1 1.344E-02 1.314E-03   442 -1.36E+02 -1.36E+02 2.042E-10 1.033E-11
     3     1 2.009E-01 2.391E-02     1 -5.02E+00 -5.00E+00 1.263E-07 6.473E-09
     4     1 5.830E-04 9.785E-05   442 -1.36E+02 -1.36E+02 8.096E-12 5.301E-13
                        (NSTEP:    86  DELTAT:   4.0271E+00  TIME:   2.0548E+02)
     1     1 8.829E+00 5.910E-01   442 -1.36E+02 -1.36E+02 1.786E-07 6.473E-09
     2     1 1.609E-02 1.564E-03   442 -1.36E+02 -1.36E+02 2.232E-10 1.129E-11
     3     1 2.203E-01 2.619E-02     1 -5.03E+00 -5.00E+00 1.259E-07 6.454E-09
     4     1 6.999E-04 1.171E-04   442 -1.36E+02 -1.36E+02 8.878E-12 5.805E-13
     5     1 2.203E-01 2.619E-02     1 -5.03E+00 -5.00E+00 1.259E-07 6.454E-09
     6     1 6.999E-04 1.171E-04   442 -1.36E+02 -1.36E+02 8.878E-12 5.805E-13
     7     1 2.203E-01 2.619E-02     1 -5.03E+00 -5.00E+00 1.259E-07 6.454E-09
     8     1 6.999E-04 1.171E-04   442 -1.36E+02 -1.36E+02 8.878E-12 5.805E-13
     9     1 2.203E-01 2.619E-02     1 -5.03E+00 -5.00E+00 1.259E-07 6.454E-09
    10     1 6.999E-04 1.171E-04   442 -1.36E+02 -1.36E+02 8.878E-12 5.805E-13
                        (NSTEP:    86  DELTAT:   2.0135E+00  TIME:   2.0347E+02)
     1     1 4.421E+00 2.962E-01   442 -1.36E+02 -1.36E+02 1.786E-07 6.473E-09
     2     1 4.045E-03 3.943E-04   442 -1.36E+02 -1.36E+02 1.118E-10 5.657E-12
     3     1 1.103E-01 1.312E-02     1 -5.01E+00 -5.00E+00 1.261E-07 6.464E-09
     4     1 1.759E-04 2.950E-05   442 -1.36E+02 -1.36E+02 4.446E-12 2.909E-13
                        (NSTEP:    87  DELTAT:   2.2149E+00  TIME:   2.0568E+02)
     1     1 4.846E+00 3.241E-01   442 -1.36E+02 -1.36E+02 1.784E-07 6.464E-09
     2     1 4.865E-03 4.729E-04   442 -1.36E+02 -1.36E+02 1.226E-10 6.202E-12
     3     1 1.211E-01 1.440E-02     1 -5.01E+00 -5.00E+00 1.259E-07 6.454E-09
     4     1 2.120E-04 3.549E-05   442 -1.36E+02 -1.36E+02 4.883E-12 3.193E-13
                        (NSTEP:    88  DELTAT:   2.4364E+00  TIME:   2.0812E+02)
     1     1 5.310E+00 3.544E-01   442 -1.35E+02 -1.36E+02 1.781E-07 6.454E-09
     2     1 5.849E-03 5.667E-04   442 -1.35E+02 -1.35E+02 1.343E-10 6.798E-12
     3     1 1.330E-01 1.580E-02     1 -5.02E+00 -5.00E+00 1.257E-07 6.442E-09
     4     1 2.553E-04 4.267E-05   442 -1.35E+02 -1.35E+02 5.361E-12 3.502E-13
                        (NSTEP:    89  DELTAT:   2.6800E+00  TIME:   2.1080E+02)
     1     1 5.816E+00 3.873E-01   442 -1.35E+02 -1.35E+02 1.778E-07 6.442E-09
     2     1 7.026E-03 6.786E-04   442 -1.35E+02 -1.35E+02 1.471E-10 7.447E-12
     3     1 1.460E-01 1.733E-02     1 -5.02E+00 -5.00E+00 1.255E-07 6.430E-09
     4     1 3.073E-04 5.127E-05   442 -1.35E+02 -1.35E+02 5.885E-12 3.841E-13
                        (NSTEP:    90  DELTAT:   2.9480E+00  TIME:   2.1375E+02)
     1     1 6.368E+00 4.231E-01   442 -1.35E+02 -1.35E+02 1.774E-07 6.430E-09
     2     1 8.435E-03 8.117E-04   442 -1.35E+02 -1.35E+02 1.611E-10 8.156E-12
     3     1 1.602E-01 1.900E-02     1 -5.02E+00 -5.00E+00 1.252E-07 6.417E-09
     4     1 3.697E-04 6.156E-05   442 -1.35E+02 -1.35E+02 6.460E-12 4.211E-13
                        (NSTEP:    91  DELTAT:   3.2428E+00  TIME:   2.1699E+02)
     1     1 6.969E+00 4.618E-01   442 -1.34E+02 -1.35E+02 1.770E-07 6.417E-09
     2     1 1.012E-02 9.698E-04   442 -1.34E+02 -1.34E+02 1.764E-10 8.929E-12
     3     1 1.758E-01 2.082E-02     1 -5.02E+00 -5.00E+00 1.249E-07 6.402E-09
     4     1 4.445E-04 7.387E-05   442 -1.34E+02 -1.34E+02 7.088E-12 4.616E-13
                        (NSTEP:    92  DELTAT:   3.5671E+00  TIME:   2.2056E+02)
     1     1 7.623E+00 5.037E-01   442 -1.34E+02 -1.34E+02 1.766E-07 6.402E-09
     2     1 1.213E-02 1.157E-03   442 -1.34E+02 -1.34E+02 1.929E-10 9.770E-12
     3     1 1.929E-01 2.281E-02     1 -5.02E+00 -5.00E+00 1.246E-07 6.386E-09
     4     1 5.342E-04 8.856E-05   442 -1.34E+02 -1.34E+02 7.777E-12 5.058E-13
                        (NSTEP:    93  DELTAT:   3.9238E+00  TIME:   2.2448E+02)
     1     1 8.334E+00 5.490E-01   442 -1.33E+02 -1.34E+02 1.762E-07 6.386E-09
     2     1 1.452E-02 1.379E-03   442 -1.33E+02 -1.33E+02 2.110E-10 1.068E-11
     3     1 2.115E-01 2.499E-02     1 -5.02E+00 -5.00E+00 1.242E-07 6.369E-09
     4     1 6.416E-04 1.061E-04   442 -1.33E+02 -1.33E+02 8.530E-12 5.540E-13
     5     1 2.115E-01 2.499E-02     1 -5.02E+00 -5.00E+00 1.242E-07 6.369E-09
     6     1 6.416E-04 1.061E-04   442 -1.33E+02 -1.33E+02 8.530E-12 5.540E-13
     7     1 2.115E-01 2.499E-02     1 -5.02E+00 -5.00E+00 1.242E-07 6.369E-09
     8     1 6.416E-04 1.061E-04   442 -1.33E+02 -1.33E+02 8.530E-12 5.540E-13
     9     1 2.115E-01 2.499E-02     1 -5.02E+00 -5.00E+00 1.242E-07 6.369E-09
    10     1 6.416E-04 1.061E-04   442 -1.33E+02 -1.33E+02 8.530E-12 5.540E-13
                        (NSTEP:    93  DELTAT:   1.9619E+00  TIME:   2.2252E+02)
     1     1 4.173E+00 2.751E-01   442 -1.33E+02 -1.34E+02 1.762E-07 6.386E-09
     2     1 3.650E-03 3.475E-04   442 -1.33E+02 -1.33E+02 1.057E-10 5.351E-12
     3     1 1.059E-01 1.252E-02     1 -5.01E+00 -5.00E+00 1.244E-07 6.377E-09
     4     1 1.612E-04 2.671E-05   442 -1.33E+02 -1.33E+02 4.271E-12 2.776E-13
                        (NSTEP:    94  DELTAT:   2.1581E+00  TIME:   2.2468E+02)
     1     1 4.575E+00 3.011E-01   442 -1.33E+02 -1.33E+02 1.759E-07 6.377E-09
     2     1 4.392E-03 4.169E-04   442 -1.33E+02 -1.33E+02 1.159E-10 5.868E-12
     3     1 1.163E-01 1.374E-02     1 -5.01E+00 -5.00E+00 1.242E-07 6.368E-09
     4     1 1.943E-04 3.214E-05   442 -1.33E+02 -1.33E+02 4.691E-12 3.046E-13
                        (NSTEP:    95  DELTAT:   2.3739E+00  TIME:   2.2705E+02)
     1     1 5.014E+00 3.293E-01   442 -1.33E+02 -1.33E+02 1.757E-07 6.368E-09
     2     1 5.281E-03 4.999E-04   442 -1.33E+02 -1.33E+02 1.270E-10 6.432E-12
     3     1 1.277E-01 1.508E-02     1 -5.02E+00 -5.00E+00 1.240E-07 6.357E-09
     4     1 2.340E-04 3.865E-05   442 -1.33E+02 -1.33E+02 5.151E-12 3.342E-13
                        (NSTEP:    96  DELTAT:   2.6113E+00  TIME:   2.2966E+02)
     1     1 5.493E+00 3.601E-01   442 -1.32E+02 -1.33E+02 1.754E-07 6.357E-09
     2     1 6.346E-03 5.989E-04   442 -1.32E+02 -1.32E+02 1.391E-10 7.048E-12
     3     1 1.402E-01 1.654E-02     1 -5.02E+00 -5.00E+00 1.238E-07 6.346E-09
     4     1 2.818E-04 4.646E-05   442 -1.32E+02 -1.32E+02 5.655E-12 3.666E-13
                        (NSTEP:    97  DELTAT:   2.8724E+00  TIME:   2.3253E+02)
     1     1 6.015E+00 3.934E-01   442 -1.32E+02 -1.32E+02 1.751E-07 6.346E-09
     2     1 7.621E-03 7.167E-04   442 -1.32E+02 -1.32E+02 1.524E-10 7.720E-12
     3     1 1.539E-01 1.814E-02     1 -5.02E+00 -5.00E+00 1.235E-07 6.333E-09
     4     1 3.391E-04 5.580E-05   442 -1.32E+02 -1.32E+02 6.208E-12 4.020E-13
                        (NSTEP:    98  DELTAT:   3.1597E+00  TIME:   2.3569E+02)
     1     1 6.585E+00 4.296E-01   442 -1.32E+02 -1.32E+02 1.747E-07 6.333E-09
     2     1 9.146E-03 8.568E-04   442 -1.32E+02 -1.32E+02 1.668E-10 8.453E-12
     3     1 1.689E-01 1.988E-02     1 -5.02E+00 -5.00E+00 1.233E-07 6.319E-09
     4     1 4.079E-04 6.698E-05   442 -1.32E+02 -1.32E+02 6.813E-12 4.407E-13
                        (NSTEP:    99  DELTAT:   3.4756E+00  TIME:   2.3917E+02)
     1     1 7.204E+00 4.688E-01   442 -1.31E+02 -1.32E+02 1.743E-07 6.319E-09
     2     1 1.097E-02 1.023E-03   442 -1.31E+02 -1.31E+02 1.826E-10 9.251E-12
     3     1 1.853E-01 2.179E-02     1 -5.02E+00 -5.00E+00 1.230E-07 6.304E-09
     4     1 4.904E-04 8.034E-05   442 -1.31E+02 -1.31E+02 7.475E-12 4.830E-13
                        (NSTEP:   100  DELTAT:   3.8232E+00  TIME:   2.4299E+02)
     1     1 7.878E+00 5.112E-01   442 -1.31E+02 -1.31E+02 1.739E-07 6.304E-09
     2     1 1.314E-02 1.220E-03   442 -1.31E+02 -1.31E+02 1.997E-10 1.012E-11
     3     1 2.032E-01 2.387E-02     1 -5.02E+00 -5.00E+00 1.226E-07 6.287E-09
     4     1 5.891E-04 9.628E-05   442 -1.31E+02 -1.31E+02 8.200E-12 5.292E-13
                        (NSTEP:   101  DELTAT:   4.2055E+00  TIME:   2.4720E+02)
     1     1 8.610E+00 5.569E-01   442 -1.30E+02 -1.31E+02 1.734E-07 6.287E-09
     2     1 1.573E-02 1.453E-03   442 -1.30E+02 -1.30E+02 2.183E-10 1.106E-11
     3     1 2.228E-01 2.614E-02     1 -5.03E+00 -5.00E+00 1.223E-07 6.269E-09
     4     1 7.073E-04 1.153E-04   442 -1.30E+02 -1.30E+02 8.992E-12 5.795E-13
     5     1 2.228E-01 2.614E-02     1 -5.03E+00 -5.00E+00 1.223E-07 6.269E-09
     6     1 7.073E-04 1.153E-04   442 -1.30E+02 -1.30E+02 8.992E-12 5.795E-13
     7     1 2.228E-01 2.614E-02     1 -5.03E+00 -5.00E+00 1.223E-07 6.269E-09
     8     1 7.073E-04 1.153E-04   442 -1.30E+02 -1.30E+02 8.992E-12 5.795E-13
     9     1 2.228E-01 2.614E-02     1 -5.03E+00 -5.00E+00 1.223E-07 6.269E-09
    10     1 7.073E-04 1.153E-04   442 -1.30E+02 -1.30E+02 8.992E-12 5.795E-13
                        (NSTEP:   101  DELTAT:   2.1028E+00  TIME:   2.4509E+02)
     1     1 4.312E+00 2.791E-01   442 -1.30E+02 -1.31E+02 1.734E-07 6.287E-09
     2     1 3.953E-03 3.662E-04   442 -1.30E+02 -1.30E+02 1.093E-10 5.542E-12
     3     1 1.116E-01 1.310E-02     1 -5.01E+00 -5.00E+00 1.225E-07 6.278E-09
     4     1 1.778E-04 2.903E-05   442 -1.30E+02 -1.30E+02 4.503E-12 2.904E-13
                        (NSTEP:   102  DELTAT:   2.3130E+00  TIME:   2.4741E+02)
     1     1 4.726E+00 3.054E-01   442 -1.30E+02 -1.30E+02 1.732E-07 6.278E-09
     2     1 4.755E-03 4.393E-04   442 -1.30E+02 -1.30E+02 1.199E-10 6.075E-12
     3     1 1.225E-01 1.438E-02     1 -5.01E+00 -5.00E+00 1.223E-07 6.268E-09
     4     1 2.142E-04 3.493E-05   442 -1.30E+02 -1.30E+02 4.945E-12 3.187E-13
                        (NSTEP:   103  DELTAT:   2.5443E+00  TIME:   2.4995E+02)
     1     1 5.179E+00 3.340E-01   442 -1.30E+02 -1.30E+02 1.729E-07 6.268E-09
     2     1 5.716E-03 5.265E-04   442 -1.30E+02 -1.30E+02 1.313E-10 6.658E-12
     3     1 1.345E-01 1.577E-02     1 -5.02E+00 -5.00E+00 1.220E-07 6.257E-09
     4     1 2.580E-04 4.200E-05   442 -1.30E+02 -1.30E+02 5.430E-12 3.496E-13
                        (NSTEP:   104  DELTAT:   2.7988E+00  TIME:   2.5275E+02)
     1     1 5.672E+00 3.650E-01   442 -1.29E+02 -1.30E+02 1.726E-07 6.257E-09
     2     1 6.867E-03 6.305E-04   442 -1.29E+02 -1.29E+02 1.439E-10 7.294E-12
     3     1 1.477E-01 1.730E-02     1 -5.02E+00 -5.00E+00 1.218E-07 6.245E-09
     4     1 3.105E-04 5.046E-05   442 -1.29E+02 -1.29E+02 5.961E-12 3.834E-13
                        (NSTEP:   105  DELTAT:   3.0786E+00  TIME:   2.5583E+02)
     1     1 6.210E+00 3.988E-01   442 -1.29E+02 -1.29E+02 1.723E-07 6.245E-09
     2     1 8.244E-03 7.542E-04   442 -1.29E+02 -1.29E+02 1.575E-10 7.988E-12
     3     1 1.621E-01 1.896E-02     1 -5.02E+00 -5.00E+00 1.216E-07 6.232E-09
     4     1 3.736E-04 6.060E-05   442 -1.29E+02 -1.29E+02 6.542E-12 4.204E-13
                        (NSTEP:   106  DELTAT:   3.3865E+00  TIME:   2.5922E+02)
     1     1 6.796E+00 4.353E-01   442 -1.28E+02 -1.29E+02 1.719E-07 6.232E-09
     2     1 9.889E-03 9.012E-04   442 -1.28E+02 -1.28E+02 1.724E-10 8.744E-12
     3     1 1.778E-01 2.079E-02     1 -5.02E+00 -5.00E+00 1.213E-07 6.218E-09
     4     1 4.493E-04 7.272E-05   442 -1.28E+02 -1.28E+02 7.179E-12 4.608E-13
                        (NSTEP:   107  DELTAT:   3.7252E+00  TIME:   2.6294E+02)
     1     1 7.434E+00 4.748E-01   442 -1.28E+02 -1.28E+02 1.715E-07 6.218E-09
     2     1 1.185E-02 1.076E-03   442 -1.28E+02 -1.28E+02 1.886E-10 9.567E-12
     3     1 1.951E-01 2.278E-02     1 -5.02E+00 -5.00E+00 1.210E-07 6.202E-09
     4     1 5.399E-04 8.719E-05   442 -1.28E+02 -1.28E+02 7.876E-12 5.050E-13
                        (NSTEP:   108  DELTAT:   4.0977E+00  TIME:   2.6704E+02)
     1     1 8.127E+00 5.176E-01   442 -1.27E+02 -1.28E+02 1.711E-07 6.202E-09
     2     1 1.419E-02 1.282E-03   442 -1.27E+02 -1.27E+02 2.063E-10 1.046E-11
     3     1 2.140E-01 2.495E-02     1 -5.02E+00 -5.00E+00 1.206E-07 6.185E-09
     4     1 6.485E-04 1.045E-04   442 -1.27E+02 -1.27E+02 8.639E-12 5.531E-13
     5     1 2.140E-01 2.495E-02     1 -5.02E+00 -5.00E+00 1.206E-07 6.185E-09
     6     1 6.485E-04 1.045E-04   442 -1.27E+02 -1.27E+02 8.639E-12 5.531E-13
     7     1 2.140E-01 2.495E-02     1 -5.02E+00 -5.00E+00 1.206E-07 6.185E-09
     8     1 6.485E-04 1.045E-04   442 -1.27E+02 -1.27E+02 8.639E-12 5.531E-13
     9     1 2.140E-01 2.495E-02     1 -5.02E+00 -5.00E+00 1.206E-07 6.185E-09
    10     1 6.485E-04 1.045E-04   442 -1.27E+02 -1.27E+02 8.639E-12 5.531E-13
                        (NSTEP:   108  DELTAT:   2.0488E+00  TIME:   2.6499E+02)
     1     1 4.069E+00 2.594E-01   442 -1.28E+02 -1.28E+02 1.711E-07 6.202E-09
     2     1 3.567E-03 3.229E-04   442 -1.28E+02 -1.28E+02 1.033E-10 5.240E-12
     3     1 1.071E-01 1.250E-02     1 -5.01E+00 -5.00E+00 1.208E-07 6.194E-09
     4     1 1.630E-04 2.630E-05   442 -1.28E+02 -1.28E+02 4.326E-12 2.772E-13
                        (NSTEP:   109  DELTAT:   2.2537E+00  TIME:   2.6724E+02)
     1     1 4.461E+00 2.839E-01   442 -1.27E+02 -1.28E+02 1.708E-07 6.194E-09
     2     1 4.292E-03 3.875E-04   442 -1.27E+02 -1.27E+02 1.133E-10 5.745E-12
     3     1 1.177E-01 1.372E-02     1 -5.01E+00 -5.00E+00 1.206E-07 6.184E-09
     4     1 1.964E-04 3.164E-05   442 -1.27E+02 -1.27E+02 4.751E-12 3.042E-13
                        (NSTEP:   110  DELTAT:   2.4791E+00  TIME:   2.6972E+02)
     1     1 4.889E+00 3.105E-01   442 -1.27E+02 -1.27E+02 1.706E-07 6.184E-09
     2     1 5.161E-03 4.647E-04   442 -1.27E+02 -1.27E+02 1.241E-10 6.298E-12
     3     1 1.292E-01 1.506E-02     1 -5.02E+00 -5.00E+00 1.204E-07 6.174E-09
     4     1 2.365E-04 3.806E-05   442 -1.27E+02 -1.27E+02 5.217E-12 3.337E-13
                        (NSTEP:   111  DELTAT:   2.7270E+00  TIME:   2.7245E+02)
     1     1 5.356E+00 3.395E-01   442 -1.27E+02 -1.27E+02 1.703E-07 6.174E-09
     2     1 6.201E-03 5.567E-04   442 -1.27E+02 -1.27E+02 1.360E-10 6.900E-12
     3     1 1.418E-01 1.651E-02     1 -5.02E+00 -5.00E+00 1.202E-07 6.163E-09
     4     1 2.848E-04 4.575E-05   442 -1.27E+02 -1.27E+02 5.727E-12 3.661E-13
                        (NSTEP:   112  DELTAT:   2.9997E+00  TIME:   2.7545E+02)
     1     1 5.866E+00 3.710E-01   442 -1.26E+02 -1.27E+02 1.700E-07 6.163E-09
     2     1 7.447E-03 6.663E-04   442 -1.26E+02 -1.26E+02 1.490E-10 7.558E-12
     3     1 1.557E-01 1.811E-02     1 -5.02E+00 -5.00E+00 1.199E-07 6.150E-09
     4     1 3.428E-04 5.496E-05   442 -1.26E+02 -1.26E+02 6.287E-12 4.015E-13
                        (NSTEP:   113  DELTAT:   3.2997E+00  TIME:   2.7875E+02)
     1     1 6.420E+00 4.052E-01   442 -1.26E+02 -1.26E+02 1.696E-07 6.150E-09
     2     1 8.937E-03 7.966E-04   442 -1.26E+02 -1.26E+02 1.631E-10 8.275E-12
     3     1 1.708E-01 1.985E-02     1 -5.02E+00 -5.00E+00 1.197E-07 6.137E-09
     4     1 4.123E-04 6.598E-05   442 -1.26E+02 -1.26E+02 6.899E-12 4.401E-13
                        (NSTEP:   114  DELTAT:   3.6296E+00  TIME:   2.8238E+02)
     1     1 7.025E+00 4.422E-01   442 -1.26E+02 -1.26E+02 1.692E-07 6.137E-09
     2     1 1.072E-02 9.513E-04   442 -1.26E+02 -1.26E+02 1.784E-10 9.055E-12
     3     1 1.874E-01 2.176E-02     1 -5.02E+00 -5.00E+00 1.194E-07 6.122E-09
     4     1 4.956E-04 7.914E-05   442 -1.26E+02 -1.26E+02 7.570E-12 4.824E-13
                        (NSTEP:   115  DELTAT:   3.9926E+00  TIME:   2.8637E+02)
     1     1 7.682E+00 4.822E-01   442 -1.25E+02 -1.26E+02 1.688E-07 6.122E-09
     2     1 1.284E-02 1.135E-03   442 -1.25E+02 -1.25E+02 1.952E-10 9.905E-12
     3     1 2.056E-01 2.384E-02     1 -5.02E+00 -5.00E+00 1.191E-07 6.106E-09
     4     1 5.955E-04 9.486E-05   442 -1.25E+02 -1.25E+02 8.304E-12 5.285E-13
                        (NSTEP:   116  DELTAT:   4.3919E+00  TIME:   2.9076E+02)
     1     1 8.395E+00 5.254E-01   442 -1.25E+02 -1.25E+02 1.684E-07 6.106E-09
     2     1 1.537E-02 1.352E-03   442 -1.25E+02 -1.25E+02 2.133E-10 1.083E-11
     3     1 2.254E-01 2.611E-02     1 -5.03E+00 -5.00E+00 1.187E-07 6.088E-09
     4     1 7.149E-04 1.136E-04   442 -1.25E+02 -1.25E+02 9.107E-12 5.788E-13
     5     1 2.254E-01 2.611E-02     1 -5.03E+00 -5.00E+00 1.187E-07 6.088E-09
     6     1 7.149E-04 1.136E-04   442 -1.25E+02 -1.25E+02 9.107E-12 5.788E-13
     7     1 2.254E-01 2.611E-02     1 -5.03E+00 -5.00E+00 1.187E-07 6.088E-09
     8     1 7.149E-04 1.136E-04   442 -1.25E+02 -1.25E+02 9.107E-12 5.788E-13
     9     1 2.254E-01 2.611E-02     1 -5.03E+00 -5.00E+00 1.187E-07 6.088E-09
    10     1 7.149E-04 1.136E-04   442 -1.25E+02 -1.25E+02 9.107E-12 5.788E-13
                        (NSTEP:   116  DELTAT:   2.1959E+00  TIME:   2.8857E+02)
     1     1 4.204E+00 2.633E-01   442 -1.25E+02 -1.25E+02 1.684E-07 6.106E-09
     2     1 3.863E-03 3.406E-04   442 -1.25E+02 -1.25E+02 1.069E-10 5.424E-12
     3     1 1.129E-01 1.308E-02     1 -5.01E+00 -5.00E+00 1.189E-07 6.097E-09
     4     1 1.797E-04 2.861E-05   442 -1.25E+02 -1.25E+02 4.560E-12 2.901E-13
                        (NSTEP:   117  DELTAT:   2.4155E+00  TIME:   2.9098E+02)
     1     1 4.608E+00 2.881E-01   442 -1.25E+02 -1.25E+02 1.681E-07 6.097E-09
     2     1 4.646E-03 4.086E-04   442 -1.25E+02 -1.25E+02 1.171E-10 5.946E-12
     3     1 1.240E-01 1.436E-02     1 -5.01E+00 -5.00E+00 1.187E-07 6.087E-09
     4     1 2.165E-04 3.442E-05   442 -1.25E+02 -1.25E+02 5.008E-12 3.183E-13
                        (NSTEP:   118  DELTAT:   2.6571E+00  TIME:   2.9364E+02)
     1     1 5.049E+00 3.151E-01   442 -1.24E+02 -1.25E+02 1.679E-07 6.087E-09
     2     1 5.585E-03 4.897E-04   442 -1.24E+02 -1.24E+02 1.284E-10 6.516E-12
     3     1 1.361E-01 1.575E-02     1 -5.02E+00 -5.00E+00 1.185E-07 6.077E-09
     4     1 2.607E-04 4.138E-05   442 -1.24E+02 -1.24E+02 5.499E-12 3.492E-13
                        (NSTEP:   119  DELTAT:   2.9228E+00  TIME:   2.9656E+02)
     1     1 5.530E+00 3.444E-01   442 -1.24E+02 -1.24E+02 1.676E-07 6.077E-09
     2     1 6.709E-03 5.864E-04   442 -1.24E+02 -1.24E+02 1.406E-10 7.139E-12
     3     1 1.494E-01 1.728E-02     1 -5.02E+00 -5.00E+00 1.183E-07 6.065E-09
     4     1 3.139E-04 4.973E-05   442 -1.24E+02 -1.24E+02 6.037E-12 3.830E-13
                        (NSTEP:   120  DELTAT:   3.2151E+00  TIME:   2.9978E+02)
     1     1 6.055E+00 3.763E-01   442 -1.23E+02 -1.24E+02 1.672E-07 6.065E-09
     2     1 8.055E-03 7.015E-04   442 -1.23E+02 -1.23E+02 1.540E-10 7.817E-12
     3     1 1.640E-01 1.894E-02     1 -5.02E+00 -5.00E+00 1.180E-07 6.052E-09
     4     1 3.777E-04 5.972E-05   442 -1.23E+02 -1.23E+02 6.625E-12 4.200E-13
                        (NSTEP:   121  DELTAT:   3.5366E+00  TIME:   3.0331E+02)
     1     1 6.626E+00 4.108E-01   442 -1.23E+02 -1.23E+02 1.669E-07 6.052E-09
     2     1 9.662E-03 8.384E-04   442 -1.23E+02 -1.23E+02 1.685E-10 8.556E-12
     3     1 1.799E-01 2.077E-02     1 -5.02E+00 -5.00E+00 1.177E-07 6.038E-09
     4     1 4.541E-04 7.167E-05   442 -1.23E+02 -1.23E+02 7.270E-12 4.604E-13
                        (NSTEP:   122  DELTAT:   3.8902E+00  TIME:   3.0720E+02)
     1     1 7.248E+00 4.482E-01   442 -1.23E+02 -1.23E+02 1.665E-07 6.038E-09
     2     1 1.158E-02 1.001E-03   442 -1.23E+02 -1.23E+02 1.843E-10 9.361E-12
     3     1 1.974E-01 2.276E-02     1 -5.02E+00 -5.00E+00 1.174E-07 6.023E-09
     4     1 5.458E-04 8.595E-05   442 -1.23E+02 -1.23E+02 7.976E-12 5.045E-13
                        (NSTEP:   123  DELTAT:   4.2793E+00  TIME:   3.1148E+02)
     1     1 7.923E+00 4.885E-01   442 -1.22E+02 -1.23E+02 1.661E-07 6.023E-09
     2     1 1.387E-02 1.193E-03   442 -1.22E+02 -1.22E+02 2.015E-10 1.024E-11
     3     1 2.164E-01 2.493E-02     1 -5.02E+00 -5.00E+00 1.171E-07 6.006E-09
     4     1 6.555E-04 1.030E-04   442 -1.22E+02 -1.22E+02 8.748E-12 5.526E-13
     5     1 2.164E-01 2.493E-02     1 -5.02E+00 -5.00E+00 1.171E-07 6.006E-09
     6     1 6.555E-04 1.030E-04   442 -1.22E+02 -1.22E+02 8.748E-12 5.526E-13
     7     1 2.164E-01 2.493E-02     1 -5.02E+00 -5.00E+00 1.171E-07 6.006E-09
     8     1 6.555E-04 1.030E-04   442 -1.22E+02 -1.22E+02 8.748E-12 5.526E-13
     9     1 2.164E-01 2.493E-02     1 -5.02E+00 -5.00E+00 1.171E-07 6.006E-09
    10     1 6.555E-04 1.030E-04   442 -1.22E+02 -1.22E+02 8.748E-12 5.526E-13
                        (NSTEP:   123  DELTAT:   2.1396E+00  TIME:   3.0934E+02)
     1     1 3.967E+00 2.448E-01   442 -1.22E+02 -1.23E+02 1.661E-07 6.023E-09
     2     1 3.485E-03 3.005E-04   442 -1.22E+02 -1.22E+02 1.009E-10 5.127E-12
     3     1 1.084E-01 1.249E-02     1 -5.01E+00 -5.00E+00 1.173E-07 6.014E-09
     4     1 1.647E-04 2.592E-05   442 -1.22E+02 -1.22E+02 4.381E-12 2.769E-13
                        (NSTEP:   124  DELTAT:   2.3536E+00  TIME:   3.1170E+02)
     1     1 4.349E+00 2.680E-01   442 -1.22E+02 -1.22E+02 1.658E-07 6.014E-09
     2     1 4.193E-03 3.606E-04   442 -1.22E+02 -1.22E+02 1.107E-10 5.621E-12
     3     1 1.190E-01 1.371E-02     1 -5.01E+00 -5.00E+00 1.171E-07 6.005E-09
     4     1 1.985E-04 3.120E-05   442 -1.22E+02 -1.22E+02 4.811E-12 3.039E-13
                        (NSTEP:   125  DELTAT:   2.5889E+00  TIME:   3.1429E+02)
     1     1 4.767E+00 2.931E-01   442 -1.22E+02 -1.22E+02 1.656E-07 6.005E-09
     2     1 5.042E-03 4.324E-04   442 -1.22E+02 -1.22E+02 1.213E-10 6.161E-12
     3     1 1.307E-01 1.504E-02     1 -5.02E+00 -5.00E+00 1.169E-07 5.995E-09
     4     1 2.391E-04 3.752E-05   442 -1.22E+02 -1.22E+02 5.283E-12 3.335E-13
                        (NSTEP:   126  DELTAT:   2.8478E+00  TIME:   3.1713E+02)
     1     1 5.222E+00 3.205E-01   442 -1.22E+02 -1.22E+02 1.653E-07 5.995E-09
     2     1 6.059E-03 5.180E-04   442 -1.22E+02 -1.22E+02 1.329E-10 6.751E-12
     3     1 1.435E-01 1.650E-02     1 -5.02E+00 -5.00E+00 1.167E-07 5.984E-09
     4     1 2.879E-04 4.511E-05   442 -1.22E+02 -1.22E+02 5.800E-12 3.658E-13
                        (NSTEP:   127  DELTAT:   3.1326E+00  TIME:   3.2027E+02)
     1     1 5.718E+00 3.503E-01   442 -1.21E+02 -1.22E+02 1.650E-07 5.984E-09
     2     1 7.276E-03 6.201E-04   442 -1.21E+02 -1.21E+02 1.455E-10 7.394E-12
     3     1 1.575E-01 1.810E-02     1 -5.02E+00 -5.00E+00 1.164E-07 5.972E-09
     4     1 3.465E-04 5.419E-05   442 -1.21E+02 -1.21E+02 6.366E-12 4.012E-13
                        (NSTEP:   128  DELTAT:   3.4459E+00  TIME:   3.2371E+02)
     1     1 6.259E+00 3.826E-01   442 -1.21E+02 -1.21E+02 1.647E-07 5.972E-09
     2     1 8.731E-03 7.414E-04   442 -1.21E+02 -1.21E+02 1.593E-10 8.095E-12
     3     1 1.728E-01 1.984E-02     1 -5.02E+00 -5.00E+00 1.162E-07 5.959E-09
     4     1 4.168E-04 6.506E-05   442 -1.21E+02 -1.21E+02 6.987E-12 4.398E-13
                        (NSTEP:   129  DELTAT:   3.7905E+00  TIME:   3.2750E+02)
     1     1 6.848E+00 4.175E-01   442 -1.20E+02 -1.21E+02 1.643E-07 5.959E-09
     2     1 1.047E-02 8.855E-04   442 -1.20E+02 -1.20E+02 1.743E-10 8.858E-12
     3     1 1.896E-01 2.174E-02     1 -5.02E+00 -5.00E+00 1.159E-07 5.944E-09
     4     1 5.011E-04 7.805E-05   442 -1.20E+02 -1.20E+02 7.666E-12 4.821E-13
                        (NSTEP:   130  DELTAT:   4.1695E+00  TIME:   3.3167E+02)
     1     1 7.488E+00 4.554E-01   442 -1.20E+02 -1.20E+02 1.639E-07 5.944E-09
     2     1 1.254E-02 1.056E-03   442 -1.20E+02 -1.20E+02 1.906E-10 9.688E-12
     3     1 2.079E-01 2.382E-02     1 -5.02E+00 -5.00E+00 1.156E-07 5.928E-09
     4     1 6.020E-04 9.356E-05   442 -1.20E+02 -1.20E+02 8.409E-12 5.282E-13
                        (NSTEP:   131  DELTAT:   4.5865E+00  TIME:   3.3626E+02)
     1     1 8.184E+00 4.962E-01   442 -1.19E+02 -1.20E+02 1.635E-07 5.928E-09
     2     1 1.501E-02 1.258E-03   442 -1.19E+02 -1.19E+02 2.083E-10 1.059E-11
     3     1 2.280E-01 2.609E-02     1 -5.03E+00 -5.00E+00 1.152E-07 5.911E-09
     4     1 7.228E-04 1.121E-04   442 -1.19E+02 -1.19E+02 9.222E-12 5.785E-13
     5     1 2.280E-01 2.609E-02     1 -5.03E+00 -5.00E+00 1.152E-07 5.911E-09
     6     1 7.228E-04 1.121E-04   442 -1.19E+02 -1.19E+02 9.222E-12 5.785E-13
     7     1 2.280E-01 2.609E-02     1 -5.03E+00 -5.00E+00 1.152E-07 5.911E-09
     8     1 7.228E-04 1.121E-04   442 -1.19E+02 -1.19E+02 9.222E-12 5.785E-13
     9     1 2.280E-01 2.609E-02     1 -5.03E+00 -5.00E+00 1.152E-07 5.911E-09
    10     1 7.228E-04 1.121E-04   442 -1.19E+02 -1.19E+02 9.222E-12 5.785E-13
                        (NSTEP:   131  DELTAT:   2.2932E+00  TIME:   3.3397E+02)
     1     1 4.098E+00 2.487E-01   442 -1.20E+02 -1.20E+02 1.635E-07 5.928E-09
     2     1 3.773E-03 3.171E-04   442 -1.20E+02 -1.20E+02 1.044E-10 5.305E-12
     3     1 1.142E-01 1.308E-02     1 -5.01E+00 -5.00E+00 1.154E-07 5.920E-09
     4     1 1.817E-04 2.822E-05   442 -1.20E+02 -1.20E+02 4.618E-12 2.899E-13
                        (NSTEP:   132  DELTAT:   2.5226E+00  TIME:   3.3649E+02)
     1     1 4.492E+00 2.721E-01   442 -1.19E+02 -1.20E+02 1.632E-07 5.920E-09
     2     1 4.539E-03 3.804E-04   442 -1.19E+02 -1.19E+02 1.144E-10 5.815E-12
     3     1 1.254E-01 1.435E-02     1 -5.01E+00 -5.00E+00 1.152E-07 5.910E-09
     4     1 2.189E-04 3.395E-05   442 -1.19E+02 -1.19E+02 5.071E-12 3.181E-13
                        (NSTEP:   133  DELTAT:   2.7748E+00  TIME:   3.3926E+02)
     1     1 4.922E+00 2.976E-01   442 -1.19E+02 -1.19E+02 1.630E-07 5.910E-09
     2     1 5.456E-03 4.559E-04   442 -1.19E+02 -1.19E+02 1.254E-10 6.373E-12
     3     1 1.377E-01 1.574E-02     1 -5.02E+00 -5.00E+00 1.150E-07 5.900E-09
     4     1 2.636E-04 4.082E-05   442 -1.19E+02 -1.19E+02 5.568E-12 3.490E-13
                        (NSTEP:   134  DELTAT:   3.0523E+00  TIME:   3.4232E+02)
     1     1 5.391E+00 3.254E-01   442 -1.19E+02 -1.19E+02 1.627E-07 5.900E-09
     2     1 6.554E-03 5.460E-04   442 -1.19E+02 -1.19E+02 1.373E-10 6.981E-12
     3     1 1.511E-01 1.727E-02     1 -5.02E+00 -5.00E+00 1.148E-07 5.889E-09
     4     1 3.173E-04 4.906E-05   442 -1.19E+02 -1.19E+02 6.113E-12 3.828E-13
                        (NSTEP:   135  DELTAT:   3.3575E+00  TIME:   3.4567E+02)
     1     1 5.902E+00 3.555E-01   442 -1.18E+02 -1.19E+02 1.623E-07 5.889E-09
     2     1 7.868E-03 6.533E-04   442 -1.18E+02 -1.18E+02 1.503E-10 7.644E-12
     3     1 1.659E-01 1.894E-02     1 -5.02E+00 -5.00E+00 1.146E-07 5.876E-09
     4     1 3.818E-04 5.893E-05   442 -1.18E+02 -1.18E+02 6.709E-12 4.198E-13
                        (NSTEP:   136  DELTAT:   3.6933E+00  TIME:   3.4937E+02)
     1     1 6.459E+00 3.881E-01   442 -1.18E+02 -1.18E+02 1.620E-07 5.876E-09
     2     1 9.437E-03 7.807E-04   442 -1.18E+02 -1.18E+02 1.645E-10 8.367E-12
     3     1 1.820E-01 2.076E-02     1 -5.02E+00 -5.00E+00 1.143E-07 5.862E-09
     4     1 4.591E-04 7.072E-05   442 -1.18E+02 -1.18E+02 7.362E-12 4.602E-13
                        (NSTEP:   137  DELTAT:   4.0626E+00  TIME:   3.5343E+02)
     1     1 7.065E+00 4.235E-01   442 -1.18E+02 -1.18E+02 1.616E-07 5.862E-09
     2     1 1.131E-02 9.319E-04   442 -1.18E+02 -1.18E+02 1.800E-10 9.153E-12
     3     1 1.996E-01 2.275E-02     1 -5.02E+00 -5.00E+00 1.140E-07 5.847E-09
     4     1 5.518E-04 8.482E-05   442 -1.18E+02 -1.18E+02 8.077E-12 5.043E-13
                        (NSTEP:   138  DELTAT:   4.4689E+00  TIME:   3.5790E+02)
     1     1 7.723E+00 4.617E-01   442 -1.17E+02 -1.18E+02 1.612E-07 5.847E-09
     2     1 1.354E-02 1.111E-03   442 -1.17E+02 -1.17E+02 1.968E-10 1.001E-11
     3     1 2.189E-01 2.492E-02     1 -5.02E+00 -5.00E+00 1.137E-07 5.831E-09
     4     1 6.627E-04 1.016E-04   442 -1.17E+02 -1.17E+02 8.859E-12 5.524E-13
     5     1 2.189E-01 2.492E-02     1 -5.02E+00 -5.00E+00 1.137E-07 5.831E-09
     6     1 6.627E-04 1.016E-04   442 -1.17E+02 -1.17E+02 8.859E-12 5.524E-13
     7     1 2.189E-01 2.492E-02     1 -5.02E+00 -5.00E+00 1.137E-07 5.831E-09
     8     1 6.627E-04 1.016E-04   442 -1.17E+02 -1.17E+02 8.859E-12 5.524E-13
     9     1 2.189E-01 2.492E-02     1 -5.02E+00 -5.00E+00 1.137E-07 5.831E-09
    10     1 6.627E-04 1.016E-04   442 -1.17E+02 -1.17E+02 8.859E-12 5.524E-13
                        (NSTEP:   138  DELTAT:   2.2344E+00  TIME:   3.5566E+02)
     1     1 3.867E+00 2.313E-01   442 -1.17E+02 -1.18E+02 1.612E-07 5.847E-09
     2     1 3.404E-03 2.798E-04   442 -1.17E+02 -1.17E+02 9.857E-11 5.013E-12
     3     1 1.096E-01 1.249E-02     1 -5.01E+00 -5.00E+00 1.138E-07 5.839E-09
     4     1 1.665E-04 2.558E-05   442 -1.17E+02 -1.17E+02 4.436E-12 2.768E-13
                        (NSTEP:   139  DELTAT:   2.4579E+00  TIME:   3.5812E+02)
     1     1 4.239E+00 2.532E-01   442 -1.17E+02 -1.17E+02 1.610E-07 5.839E-09
     2     1 4.095E-03 3.358E-04   442 -1.17E+02 -1.17E+02 1.081E-10 5.496E-12
     3     1 1.204E-01 1.370E-02     1 -5.01E+00 -5.00E+00 1.137E-07 5.830E-09
     4     1 2.007E-04 3.079E-05   442 -1.17E+02 -1.17E+02 4.872E-12 3.038E-13
                        (NSTEP:   140  DELTAT:   2.7037E+00  TIME:   3.6083E+02)
     1     1 4.646E+00 2.770E-01   442 -1.17E+02 -1.17E+02 1.607E-07 5.830E-09
     2     1 4.924E-03 4.027E-04   442 -1.17E+02 -1.17E+02 1.184E-10 6.024E-12
     3     1 1.322E-01 1.504E-02     1 -5.02E+00 -5.00E+00 1.135E-07 5.820E-09
     4     1 2.418E-04 3.704E-05   442 -1.17E+02 -1.17E+02 5.349E-12 3.334E-13
                        (NSTEP:   141  DELTAT:   2.9740E+00  TIME:   3.6380E+02)
     1     1 5.090E+00 3.030E-01   442 -1.17E+02 -1.17E+02 1.605E-07 5.820E-09
     2     1 5.917E-03 4.825E-04   442 -1.17E+02 -1.17E+02 1.297E-10 6.600E-12
     3     1 1.451E-01 1.650E-02     1 -5.02E+00 -5.00E+00 1.132E-07 5.810E-09
     4     1 2.911E-04 4.453E-05   442 -1.17E+02 -1.17E+02 5.873E-12 3.657E-13
                        (NSTEP:   142  DELTAT:   3.2714E+00  TIME:   3.6707E+02)
     1     1 5.573E+00 3.311E-01   442 -1.16E+02 -1.17E+02 1.602E-07 5.810E-09
     2     1 7.106E-03 5.776E-04   442 -1.16E+02 -1.16E+02 1.421E-10 7.228E-12
     3     1 1.593E-01 1.809E-02     1 -5.02E+00 -5.00E+00 1.130E-07 5.798E-09
     4     1 3.503E-04 5.350E-05   442 -1.16E+02 -1.16E+02 6.447E-12 4.011E-13
                        (NSTEP:   143  DELTAT:   3.5986E+00  TIME:   3.7067E+02)
     1     1 6.100E+00 3.616E-01   442 -1.16E+02 -1.16E+02 1.598E-07 5.798E-09
     2     1 8.527E-03 6.907E-04   442 -1.16E+02 -1.16E+02 1.555E-10 7.913E-12
     3     1 1.748E-01 1.984E-02     1 -5.02E+00 -5.00E+00 1.128E-07 5.785E-09
     4     1 4.214E-04 6.423E-05   442 -1.16E+02 -1.16E+02 7.075E-12 4.397E-13
                        (NSTEP:   144  DELTAT:   3.9584E+00  TIME:   3.7463E+02)
     1     1 6.674E+00 3.947E-01   442 -1.15E+02 -1.16E+02 1.595E-07 5.785E-09
     2     1 1.022E-02 8.250E-04   442 -1.15E+02 -1.15E+02 1.702E-10 8.658E-12
     3     1 1.918E-01 2.174E-02     1 -5.02E+00 -5.00E+00 1.125E-07 5.771E-09
     4     1 5.066E-04 7.706E-05   442 -1.15E+02 -1.15E+02 7.762E-12 4.820E-13
                        (NSTEP:   145  DELTAT:   4.3543E+00  TIME:   3.7898E+02)
     1     1 7.298E+00 4.305E-01   442 -1.15E+02 -1.15E+02 1.591E-07 5.771E-09
     2     1 1.225E-02 9.843E-04   442 -1.15E+02 -1.15E+02 1.861E-10 9.469E-12
     3     1 2.103E-01 2.382E-02     1 -5.02E+00 -5.00E+00 1.122E-07 5.755E-09
     4     1 6.087E-04 9.239E-05   442 -1.15E+02 -1.15E+02 8.515E-12 5.281E-13
                        (NSTEP:   146  DELTAT:   4.7897E+00  TIME:   3.8377E+02)
     1     1 7.976E+00 4.692E-01   442 -1.15E+02 -1.15E+02 1.587E-07 5.755E-09
     2     1 1.466E-02 1.173E-03   442 -1.15E+02 -1.15E+02 2.034E-10 1.035E-11
     3     1 2.307E-01 2.609E-02     1 -5.03E+00 -5.00E+00 1.119E-07 5.738E-09
     4     1 7.308E-04 1.107E-04   442 -1.15E+02 -1.15E+02 9.338E-12 5.784E-13
     5     1 2.307E-01 2.609E-02     1 -5.03E+00 -5.00E+00 1.119E-07 5.738E-09
     6     1 7.308E-04 1.107E-04   442 -1.15E+02 -1.15E+02 9.338E-12 5.784E-13
     7     1 2.307E-01 2.609E-02     1 -5.03E+00 -5.00E+00 1.119E-07 5.738E-09
     8     1 7.308E-04 1.107E-04   442 -1.15E+02 -1.15E+02 9.338E-12 5.784E-13
     9     1 2.307E-01 2.609E-02     1 -5.03E+00 -5.00E+00 1.119E-07 5.738E-09
    10     1 7.308E-04 1.107E-04   442 -1.15E+02 -1.15E+02 9.338E-12 5.784E-13
                        (NSTEP:   146  DELTAT:   2.3949E+00  TIME:   3.8138E+02)
     1     1 3.994E+00 2.351E-01   442 -1.15E+02 -1.15E+02 1.587E-07 5.755E-09
     2     1 3.685E-03 2.954E-04   442 -1.15E+02 -1.15E+02 1.019E-10 5.185E-12
     3     1 1.155E-01 1.308E-02     1 -5.01E+00 -5.00E+00 1.120E-07 5.747E-09
     4     1 1.837E-04 2.786E-05   442 -1.15E+02 -1.15E+02 4.676E-12 2.899E-13
                        (NSTEP:   147  DELTAT:   2.6343E+00  TIME:   3.8401E+02)
     1     1 4.378E+00 2.573E-01   442 -1.15E+02 -1.15E+02 1.584E-07 5.747E-09
     2     1 4.432E-03 3.545E-04   442 -1.15E+02 -1.15E+02 1.117E-10 5.683E-12
     3     1 1.268E-01 1.435E-02     1 -5.01E+00 -5.00E+00 1.118E-07 5.738E-09
     4     1 2.213E-04 3.353E-05   442 -1.15E+02 -1.15E+02 5.135E-12 3.181E-13
                        (NSTEP:   148  DELTAT:   2.8978E+00  TIME:   3.8691E+02)
     1     1 4.797E+00 2.815E-01   442 -1.14E+02 -1.15E+02 1.582E-07 5.738E-09
     2     1 5.327E-03 4.249E-04   442 -1.14E+02 -1.14E+02 1.224E-10 6.228E-12
     3     1 1.393E-01 1.574E-02     1 -5.02E+00 -5.00E+00 1.116E-07 5.727E-09
     4     1 2.665E-04 4.032E-05   442 -1.14E+02 -1.14E+02 5.638E-12 3.490E-13
                        (NSTEP:   149  DELTAT:   3.1876E+00  TIME:   3.9010E+02)
     1     1 5.254E+00 3.077E-01   442 -1.14E+02 -1.14E+02 1.579E-07 5.727E-09
     2     1 6.400E-03 5.089E-04   442 -1.14E+02 -1.14E+02 1.340E-10 6.822E-12
     3     1 1.529E-01 1.727E-02     1 -5.02E+00 -5.00E+00 1.114E-07 5.716E-09
     4     1 3.209E-04 4.846E-05   442 -1.14E+02 -1.14E+02 6.189E-12 3.828E-13
                        (NSTEP:   150  DELTAT:   3.5063E+00  TIME:   3.9360E+02)
     1     1 5.752E+00 3.362E-01   442 -1.14E+02 -1.14E+02 1.576E-07 5.716E-09
     2     1 7.682E-03 6.089E-04   442 -1.14E+02 -1.14E+02 1.467E-10 7.470E-12
     3     1 1.678E-01 1.894E-02     1 -5.02E+00 -5.00E+00 1.112E-07 5.704E-09
     4     1 3.861E-04 5.821E-05   442 -1.14E+02 -1.14E+02 6.793E-12 4.198E-13
                        (NSTEP:   151  DELTAT:   3.8569E+00  TIME:   3.9746E+02)
     1     1 6.294E+00 3.671E-01   442 -1.13E+02 -1.14E+02 1.572E-07 5.704E-09
     2     1 9.215E-03 7.277E-04   442 -1.13E+02 -1.13E+02 1.606E-10 8.175E-12
     3     1 1.841E-01 2.076E-02     1 -5.02E+00 -5.00E+00 1.109E-07 5.691E-09
     4     1 4.642E-04 6.986E-05   442 -1.13E+02 -1.13E+02 7.454E-12 4.602E-13
                        (NSTEP:   152  DELTAT:   4.2426E+00  TIME:   4.0170E+02)
     1     1 6.885E+00 4.006E-01   442 -1.13E+02 -1.13E+02 1.569E-07 5.691E-09
     2     1 1.104E-02 8.688E-04   442 -1.13E+02 -1.13E+02 1.756E-10 8.943E-12
     3     1 2.019E-01 2.275E-02     1 -5.02E+00 -5.00E+00 1.106E-07 5.676E-09
     4     1 5.580E-04 8.379E-05   442 -1.13E+02 -1.13E+02 8.178E-12 5.044E-13
                        (NSTEP:   153  DELTAT:   4.6669E+00  TIME:   4.0637E+02)
     1     1 7.526E+00 4.367E-01   442 -1.12E+02 -1.13E+02 1.565E-07 5.676E-09
     2     1 1.322E-02 1.036E-03   442 -1.12E+02 -1.12E+02 1.920E-10 9.778E-12
     3     1 2.215E-01 2.493E-02     1 -5.02E+00 -5.00E+00 1.103E-07 5.660E-09
     4     1 6.701E-04 1.004E-04   442 -1.12E+02 -1.12E+02 8.969E-12 5.526E-13
     5     1 2.215E-01 2.493E-02     1 -5.02E+00 -5.00E+00 1.103E-07 5.660E-09
     6     1 6.701E-04 1.004E-04   442 -1.12E+02 -1.12E+02 8.969E-12 5.526E-13
     7     1 2.215E-01 2.493E-02     1 -5.02E+00 -5.00E+00 1.103E-07 5.660E-09
     8     1 6.701E-04 1.004E-04   442 -1.12E+02 -1.12E+02 8.969E-12 5.526E-13
     9     1 2.215E-01 2.493E-02     1 -5.02E+00 -5.00E+00 1.103E-07 5.660E-09
    10     1 6.701E-04 1.004E-04   442 -1.12E+02 -1.12E+02 8.969E-12 5.526E-13
                        (NSTEP:   153  DELTAT:   2.3334E+00  TIME:   4.0404E+02)
     1     1 3.769E+00 2.188E-01   442 -1.13E+02 -1.13E+02 1.565E-07 5.676E-09
     2     1 3.324E-03 2.609E-04   442 -1.13E+02 -1.13E+02 9.619E-11 4.898E-12
     3     1 1.109E-01 1.249E-02     1 -5.01E+00 -5.00E+00 1.105E-07 5.668E-09
     4     1 1.684E-04 2.527E-05   442 -1.13E+02 -1.13E+02 4.491E-12 2.769E-13
                        (NSTEP:   154  DELTAT:   2.5668E+00  TIME:   4.0660E+02)
     1     1 4.131E+00 2.396E-01   442 -1.12E+02 -1.13E+02 1.562E-07 5.668E-09
     2     1 3.999E-03 3.131E-04   442 -1.12E+02 -1.12E+02 1.054E-10 5.370E-12
     3     1 1.218E-01 1.371E-02     1 -5.01E+00 -5.00E+00 1.103E-07 5.659E-09
     4     1 2.029E-04 3.042E-05   442 -1.12E+02 -1.12E+02 4.933E-12 3.039E-13
                        (NSTEP:   155  DELTAT:   2.8235E+00  TIME:   4.0943E+02)
     1     1 4.527E+00 2.621E-01   442 -1.12E+02 -1.12E+02 1.560E-07 5.659E-09
     2     1 4.808E-03 3.755E-04   442 -1.12E+02 -1.12E+02 1.156E-10 5.885E-12
     3     1 1.337E-01 1.504E-02     1 -5.02E+00 -5.00E+00 1.101E-07 5.650E-09
     4     1 2.445E-04 3.659E-05   442 -1.12E+02 -1.12E+02 5.416E-12 3.334E-13
                        (NSTEP:   156  DELTAT:   3.1058E+00  TIME:   4.1253E+02)
     1     1 4.960E+00 2.866E-01   442 -1.12E+02 -1.12E+02 1.557E-07 5.650E-09
     2     1 5.777E-03 4.499E-04   442 -1.12E+02 -1.12E+02 1.266E-10 6.447E-12
     3     1 1.468E-01 1.650E-02     1 -5.02E+00 -5.00E+00 1.099E-07 5.639E-09
     4     1 2.943E-04 4.400E-05   442 -1.12E+02 -1.12E+02 5.946E-12 3.658E-13
                        (NSTEP:   157  DELTAT:   3.4164E+00  TIME:   4.1595E+02)
     1     1 5.431E+00 3.133E-01   442 -1.12E+02 -1.12E+02 1.554E-07 5.639E-09
     2     1 6.938E-03 5.386E-04   442 -1.12E+02 -1.12E+02 1.386E-10 7.061E-12
     3     1 1.611E-01 1.810E-02     1 -5.02E+00 -5.00E+00 1.097E-07 5.628E-09
     4     1 3.542E-04 5.287E-05   442 -1.12E+02 -1.12E+02 6.527E-12 4.012E-13
                        (NSTEP:   158  DELTAT:   3.7580E+00  TIME:   4.1971E+02)
     1     1 5.945E+00 3.422E-01   442 -1.11E+02 -1.12E+02 1.551E-07 5.628E-09
     2     1 8.325E-03 6.441E-04   442 -1.11E+02 -1.11E+02 1.517E-10 7.729E-12
     3     1 1.768E-01 1.984E-02     1 -5.02E+00 -5.00E+00 1.094E-07 5.615E-09
     4     1 4.261E-04 6.348E-05   442 -1.11E+02 -1.11E+02 7.163E-12 4.399E-13
                        (NSTEP:   159  DELTAT:   4.1338E+00  TIME:   4.2384E+02)
     1     1 6.504E+00 3.735E-01   442 -1.11E+02 -1.11E+02 1.548E-07 5.615E-09
     2     1 9.981E-03 7.695E-04   442 -1.11E+02 -1.11E+02 1.660E-10 8.457E-12
     3     1 1.940E-01 2.175E-02     1 -5.02E+00 -5.00E+00 1.092E-07 5.601E-09
     4     1 5.123E-04 7.617E-05   442 -1.11E+02 -1.11E+02 7.859E-12 4.822E-13
                        (NSTEP:   160  DELTAT:   4.5472E+00  TIME:   4.2839E+02)
     1     1 7.111E+00 4.075E-01   442 -1.10E+02 -1.11E+02 1.544E-07 5.601E-09
     2     1 1.196E-02 9.180E-04   442 -1.10E+02 -1.10E+02 1.815E-10 9.249E-12
     3     1 2.128E-01 2.383E-02     1 -5.02E+00 -5.00E+00 1.089E-07 5.586E-09
     4     1 6.155E-04 9.132E-05   442 -1.10E+02 -1.10E+02 8.621E-12 5.284E-13
                        (NSTEP:   161  DELTAT:   5.0020E+00  TIME:   4.3339E+02)
     1     1 7.772E+00 4.441E-01   442 -1.10E+02 -1.10E+02 1.540E-07 5.586E-09
     2     1 1.431E-02 1.094E-03   442 -1.10E+02 -1.10E+02 1.984E-10 1.011E-11
     3     1 2.333E-01 2.611E-02     1 -5.03E+00 -5.00E+00 1.085E-07 5.570E-09
     4     1 7.390E-04 1.094E-04   442 -1.10E+02 -1.10E+02 9.454E-12 5.787E-13
     5     1 2.333E-01 2.611E-02     1 -5.03E+00 -5.00E+00 1.085E-07 5.570E-09
     6     1 7.390E-04 1.094E-04   442 -1.10E+02 -1.10E+02 9.454E-12 5.787E-13
     7     1 2.333E-01 2.611E-02     1 -5.03E+00 -5.00E+00 1.085E-07 5.570E-09
     8     1 7.390E-04 1.094E-04   442 -1.10E+02 -1.10E+02 9.454E-12 5.787E-13
     9     1 2.333E-01 2.611E-02     1 -5.03E+00 -5.00E+00 1.085E-07 5.570E-09
    10     1 7.390E-04 1.094E-04   442 -1.10E+02 -1.10E+02 9.454E-12 5.787E-13
                        (NSTEP:   161  DELTAT:   2.5010E+00  TIME:   4.3089E+02)
     1     1 3.892E+00 2.225E-01   442 -1.10E+02 -1.10E+02 1.540E-07 5.586E-09
     2     1 3.597E-03 2.756E-04   442 -1.10E+02 -1.10E+02 9.939E-11 5.064E-12
     3     1 1.168E-01 1.308E-02     1 -5.01E+00 -5.00E+00 1.087E-07 5.578E-09
     4     1 1.857E-04 2.754E-05   442 -1.10E+02 -1.10E+02 4.734E-12 2.900E-13
                        (NSTEP:   162  DELTAT:   2.7511E+00  TIME:   4.3364E+02)
     1     1 4.266E+00 2.436E-01   442 -1.10E+02 -1.10E+02 1.537E-07 5.578E-09
     2     1 4.327E-03 3.306E-04   442 -1.10E+02 -1.10E+02 1.089E-10 5.551E-12
     3     1 1.283E-01 1.436E-02     1 -5.01E+00 -5.00E+00 1.085E-07 5.569E-09
     4     1 2.238E-04 3.314E-05   442 -1.10E+02 -1.10E+02 5.199E-12 3.183E-13
                        (NSTEP:   163  DELTAT:   3.0262E+00  TIME:   4.3667E+02)
     1     1 4.674E+00 2.664E-01   442 -1.10E+02 -1.10E+02 1.535E-07 5.569E-09
     2     1 5.201E-03 3.964E-04   442 -1.10E+02 -1.10E+02 1.194E-10 6.082E-12
     3     1 1.409E-01 1.575E-02     1 -5.02E+00 -5.00E+00 1.083E-07 5.559E-09
     4     1 2.695E-04 3.986E-05   442 -1.10E+02 -1.10E+02 5.708E-12 3.492E-13
                        (NSTEP:   164  DELTAT:   3.3288E+00  TIME:   4.3999E+02)
     1     1 5.119E+00 2.913E-01   442 -1.09E+02 -1.10E+02 1.532E-07 5.559E-09
     2     1 6.247E-03 4.747E-04   442 -1.09E+02 -1.09E+02 1.307E-10 6.662E-12
     3     1 1.546E-01 1.728E-02     1 -5.02E+00 -5.00E+00 1.081E-07 5.548E-09
     4     1 3.245E-04 4.791E-05   442 -1.09E+02 -1.09E+02 6.267E-12 3.831E-13
                        (NSTEP:   165  DELTAT:   3.6617E+00  TIME:   4.4366E+02)
     1     1 5.604E+00 3.183E-01   442 -1.09E+02 -1.09E+02 1.529E-07 5.548E-09
     2     1 7.499E-03 5.681E-04   442 -1.09E+02 -1.09E+02 1.431E-10 7.294E-12
     3     1 1.697E-01 1.895E-02     1 -5.02E+00 -5.00E+00 1.079E-07 5.536E-09
     4     1 3.904E-04 5.755E-05   442 -1.09E+02 -1.09E+02 6.878E-12 4.201E-13
                        (NSTEP:   166  DELTAT:   4.0278E+00  TIME:   4.4768E+02)
     1     1 6.133E+00 3.476E-01   442 -1.09E+02 -1.09E+02 1.526E-07 5.536E-09
     2     1 8.995E-03 6.790E-04   442 -1.09E+02 -1.09E+02 1.566E-10 7.983E-12
     3     1 1.862E-01 2.077E-02     1 -5.02E+00 -5.00E+00 1.076E-07 5.523E-09
     4     1 4.695E-04 6.909E-05   442 -1.09E+02 -1.09E+02 7.547E-12 4.605E-13
                        (NSTEP:   167  DELTAT:   4.4306E+00  TIME:   4.5211E+02)
     1     1 6.708E+00 3.793E-01   442 -1.08E+02 -1.09E+02 1.522E-07 5.523E-09
     2     1 1.078E-02 8.106E-04   442 -1.08E+02 -1.08E+02 1.713E-10 8.732E-12
     3     1 2.043E-01 2.277E-02     1 -5.02E+00 -5.00E+00 1.074E-07 5.509E-09
     4     1 5.642E-04 8.287E-05   442 -1.08E+02 -1.08E+02 8.280E-12 5.047E-13
                        (NSTEP:   168  DELTAT:   4.8737E+00  TIME:   4.5699E+02)
     1     1 7.333E+00 4.136E-01   442 -1.08E+02 -1.08E+02 1.518E-07 5.509E-09
     2     1 1.291E-02 9.666E-04   442 -1.08E+02 -1.08E+02 1.873E-10 9.546E-12
     3     1 2.240E-01 2.494E-02     1 -5.02E+00 -5.00E+00 1.071E-07 5.494E-09
     4     1 6.777E-04 9.932E-05   442 -1.08E+02 -1.08E+02 9.081E-12 5.530E-13
                        (NSTEP:   169  DELTAT:   5.3611E+00  TIME:   4.6235E+02)
     1     1 8.011E+00 4.506E-01   442 -1.07E+02 -1.08E+02 1.514E-07 5.494E-09
     2     1 1.544E-02 1.151E-03   442 -1.07E+02 -1.07E+02 2.046E-10 1.043E-11
     3     1 2.456E-01 2.732E-02     1 -5.03E+00 -5.00E+00 1.067E-07 5.477E-09
     4     1 8.134E-04 1.189E-04   442 -1.07E+02 -1.07E+02 9.957E-12 6.056E-13
     5     1 2.456E-01 2.732E-02     1 -5.03E+00 -5.00E+00 1.067E-07 5.477E-09
     6     1 8.134E-04 1.189E-04   442 -1.07E+02 -1.07E+02 9.957E-12 6.056E-13
     7     1 2.456E-01 2.732E-02     1 -5.03E+00 -5.00E+00 1.067E-07 5.477E-09
     8     1 8.134E-04 1.189E-04   442 -1.07E+02 -1.07E+02 9.957E-12 6.056E-13
     9     1 2.456E-01 2.732E-02     1 -5.03E+00 -5.00E+00 1.067E-07 5.477E-09
    10     1 8.134E-04 1.189E-04   442 -1.07E+02 -1.07E+02 9.957E-12 6.056E-13
                        (NSTEP:   169  DELTAT:   2.6805E+00  TIME:   4.5967E+02)
     1     1 4.012E+00 2.258E-01   442 -1.08E+02 -1.08E+02 1.514E-07 5.494E-09
     2     1 3.882E-03 2.901E-04   442 -1.08E+02 -1.08E+02 1.025E-10 5.226E-12
     3     1 1.230E-01 1.369E-02     1 -5.01E+00 -5.00E+00 1.069E-07 5.485E-09
     4     1 2.045E-04 2.995E-05   442 -1.08E+02 -1.08E+02 4.987E-12 3.035E-13
                        (NSTEP:   170  DELTAT:   2.9486E+00  TIME:   4.6262E+02)
     1     1 4.397E+00 2.471E-01   442 -1.07E+02 -1.08E+02 1.512E-07 5.485E-09
     2     1 4.668E-03 3.479E-04   442 -1.07E+02 -1.07E+02 1.123E-10 5.727E-12
     3     1 1.351E-01 1.502E-02     1 -5.02E+00 -5.00E+00 1.067E-07 5.476E-09
     4     1 2.463E-04 3.603E-05   442 -1.07E+02 -1.07E+02 5.476E-12 3.330E-13
                        (NSTEP:   171  DELTAT:   3.2434E+00  TIME:   4.6586E+02)
     1     1 4.816E+00 2.703E-01   442 -1.07E+02 -1.07E+02 1.509E-07 5.476E-09
     2     1 5.609E-03 4.169E-04   442 -1.07E+02 -1.07E+02 1.231E-10 6.274E-12
     3     1 1.483E-01 1.648E-02     1 -5.02E+00 -5.00E+00 1.065E-07 5.466E-09
     4     1 2.966E-04 4.332E-05   442 -1.07E+02 -1.07E+02 6.011E-12 3.654E-13
                        (NSTEP:   172  DELTAT:   3.5678E+00  TIME:   4.6943E+02)
     1     1 5.274E+00 2.954E-01   442 -1.07E+02 -1.07E+02 1.506E-07 5.466E-09
     2     1 6.736E-03 4.991E-04   442 -1.07E+02 -1.07E+02 1.347E-10 6.871E-12
     3     1 1.627E-01 1.808E-02     1 -5.02E+00 -5.00E+00 1.063E-07 5.454E-09
     4     1 3.570E-04 5.206E-05   442 -1.07E+02 -1.07E+02 6.599E-12 4.007E-13
                        (NSTEP:   173  DELTAT:   3.9246E+00  TIME:   4.7335E+02)
     1     1 5.773E+00 3.227E-01   442 -1.07E+02 -1.07E+02 1.503E-07 5.454E-09
     2     1 8.083E-03 5.969E-04   442 -1.07E+02 -1.07E+02 1.475E-10 7.521E-12
     3     1 1.786E-01 1.982E-02     1 -5.02E+00 -5.00E+00 1.060E-07 5.442E-09
     4     1 4.294E-04 6.252E-05   442 -1.07E+02 -1.07E+02 7.242E-12 4.394E-13
                        (NSTEP:   174  DELTAT:   4.3170E+00  TIME:   4.7767E+02)
     1     1 6.316E+00 3.523E-01   442 -1.06E+02 -1.07E+02 1.500E-07 5.442E-09
     2     1 9.691E-03 7.131E-04   442 -1.06E+02 -1.06E+02 1.614E-10 8.229E-12
     3     1 1.959E-01 2.173E-02     1 -5.02E+00 -5.00E+00 1.058E-07 5.429E-09
     4     1 5.163E-04 7.503E-05   442 -1.06E+02 -1.06E+02 7.945E-12 4.817E-13
                        (NSTEP:   175  DELTAT:   4.7487E+00  TIME:   4.8242E+02)
     1     1 6.906E+00 3.843E-01   442 -1.06E+02 -1.06E+02 1.496E-07 5.429E-09
     2     1 1.161E-02 8.509E-04   442 -1.06E+02 -1.06E+02 1.764E-10 8.999E-12
     3     1 2.149E-01 2.381E-02     1 -5.02E+00 -5.00E+00 1.055E-07 5.414E-09
     4     1 6.203E-04 8.996E-05   442 -1.06E+02 -1.06E+02 8.715E-12 5.278E-13
                        (NSTEP:   176  DELTAT:   5.2236E+00  TIME:   4.8764E+02)
     1     1 7.547E+00 4.189E-01   442 -1.05E+02 -1.06E+02 1.492E-07 5.414E-09
     2     1 1.389E-02 1.014E-03   442 -1.05E+02 -1.05E+02 1.928E-10 9.835E-12
     3     1 2.357E-01 2.608E-02     1 -5.03E+00 -5.00E+00 1.052E-07 5.398E-09
     4     1 7.448E-04 1.078E-04   442 -1.05E+02 -1.05E+02 9.557E-12 5.782E-13
     5     1 2.357E-01 2.608E-02     1 -5.03E+00 -5.00E+00 1.052E-07 5.398E-09
     6     1 7.448E-04 1.078E-04   442 -1.05E+02 -1.05E+02 9.557E-12 5.782E-13
     7     1 2.357E-01 2.608E-02     1 -5.03E+00 -5.00E+00 1.052E-07 5.398E-09
     8     1 7.448E-04 1.078E-04   442 -1.05E+02 -1.05E+02 9.557E-12 5.782E-13
     9     1 2.357E-01 2.608E-02     1 -5.03E+00 -5.00E+00 1.052E-07 5.398E-09
    10     1 7.448E-04 1.078E-04   442 -1.05E+02 -1.05E+02 9.557E-12 5.782E-13
                        (NSTEP:   176  DELTAT:   2.6118E+00  TIME:   4.8503E+02)
     1     1 3.779E+00 2.099E-01   442 -1.06E+02 -1.06E+02 1.492E-07 5.414E-09
     2     1 3.493E-03 2.554E-04   442 -1.06E+02 -1.06E+02 9.659E-11 4.927E-12
     3     1 1.180E-01 1.307E-02     1 -5.01E+00 -5.00E+00 1.053E-07 5.406E-09
     4     1 1.872E-04 2.713E-05   442 -1.06E+02 -1.06E+02 4.786E-12 2.897E-13
                        (NSTEP:   177  DELTAT:   2.8730E+00  TIME:   4.8790E+02)
     1     1 4.142E+00 2.298E-01   442 -1.05E+02 -1.06E+02 1.490E-07 5.406E-09
     2     1 4.201E-03 3.065E-04   442 -1.05E+02 -1.05E+02 1.059E-10 5.400E-12
     3     1 1.296E-01 1.434E-02     1 -5.01E+00 -5.00E+00 1.052E-07 5.397E-09
     4     1 2.256E-04 3.265E-05   442 -1.05E+02 -1.05E+02 5.256E-12 3.180E-13
                        (NSTEP:   178  DELTAT:   3.1603E+00  TIME:   4.9106E+02)
     1     1 4.539E+00 2.514E-01   442 -1.05E+02 -1.05E+02 1.487E-07 5.397E-09
     2     1 5.049E-03 3.675E-04   442 -1.05E+02 -1.05E+02 1.160E-10 5.917E-12
     3     1 1.423E-01 1.574E-02     1 -5.02E+00 -5.00E+00 1.050E-07 5.388E-09
     4     1 2.716E-04 3.927E-05   442 -1.05E+02 -1.05E+02 5.771E-12 3.489E-13
                        (NSTEP:   179  DELTAT:   3.4763E+00  TIME:   4.9454E+02)
     1     1 4.971E+00 2.748E-01   442 -1.05E+02 -1.05E+02 1.485E-07 5.388E-09
     2     1 6.065E-03 4.402E-04   442 -1.05E+02 -1.05E+02 1.270E-10 6.481E-12
     3     1 1.562E-01 1.726E-02     1 -5.02E+00 -5.00E+00 1.048E-07 5.377E-09
     4     1 3.270E-04 4.721E-05   442 -1.05E+02 -1.05E+02 6.335E-12 3.827E-13
                        (NSTEP:   180  DELTAT:   3.8239E+00  TIME:   4.9836E+02)
     1     1 5.442E+00 3.003E-01   442 -1.05E+02 -1.05E+02 1.482E-07 5.377E-09
     2     1 7.281E-03 5.267E-04   442 -1.05E+02 -1.05E+02 1.391E-10 7.096E-12
     3     1 1.714E-01 1.893E-02     1 -5.02E+00 -5.00E+00 1.045E-07 5.365E-09
     4     1 3.935E-04 5.672E-05   442 -1.05E+02 -1.05E+02 6.953E-12 4.197E-13
                        (NSTEP:   181  DELTAT:   4.2063E+00  TIME:   5.0257E+02)
     1     1 5.955E+00 3.280E-01   442 -1.04E+02 -1.05E+02 1.478E-07 5.365E-09
     2     1 8.733E-03 6.296E-04   442 -1.04E+02 -1.04E+02 1.522E-10 7.765E-12
     3     1 1.881E-01 2.076E-02     1 -5.02E+00 -5.00E+00 1.043E-07 5.353E-09
     4     1 4.732E-04 6.809E-05   442 -1.04E+02 -1.04E+02 7.630E-12 4.602E-13
                        (NSTEP:   182  DELTAT:   4.6270E+00  TIME:   5.0720E+02)
     1     1 6.514E+00 3.580E-01   442 -1.04E+02 -1.04E+02 1.475E-07 5.353E-09
     2     1 1.047E-02 7.518E-04   442 -1.04E+02 -1.04E+02 1.665E-10 8.494E-12
     3     1 2.063E-01 2.275E-02     1 -5.02E+00 -5.00E+00 1.040E-07 5.339E-09
     4     1 5.687E-04 8.168E-05   442 -1.04E+02 -1.04E+02 8.370E-12 5.044E-13
                        (NSTEP:   183  DELTAT:   5.0897E+00  TIME:   5.1229E+02)
     1     1 7.120E+00 3.904E-01   442 -1.03E+02 -1.04E+02 1.471E-07 5.339E-09
     2     1 1.253E-02 8.965E-04   442 -1.03E+02 -1.03E+02 1.820E-10 9.286E-12
     3     1 2.263E-01 2.493E-02     1 -5.02E+00 -5.00E+00 1.037E-07 5.324E-09
     4     1 6.831E-04 9.791E-05   442 -1.03E+02 -1.03E+02 9.180E-12 5.526E-13
                        (NSTEP:   184  DELTAT:   5.5986E+00  TIME:   5.1789E+02)
     1     1 7.779E+00 4.254E-01   442 -1.03E+02 -1.03E+02 1.467E-07 5.324E-09
     2     1 1.499E-02 1.068E-03   442 -1.03E+02 -1.03E+02 1.988E-10 1.014E-11
     3     1 2.481E-01 2.730E-02     1 -5.03E+00 -5.00E+00 1.034E-07 5.307E-09
     4     1 8.199E-04 1.173E-04   442 -1.03E+02 -1.03E+02 1.007E-11 6.052E-13
     5     1 2.481E-01 2.730E-02     1 -5.03E+00 -5.00E+00 1.034E-07 5.307E-09
     6     1 8.199E-04 1.173E-04   442 -1.03E+02 -1.03E+02 1.007E-11 6.052E-13
     7     1 2.481E-01 2.730E-02     1 -5.03E+00 -5.00E+00 1.034E-07 5.307E-09
     8     1 8.199E-04 1.173E-04   442 -1.03E+02 -1.03E+02 1.007E-11 6.052E-13
     9     1 2.481E-01 2.730E-02     1 -5.03E+00 -5.00E+00 1.034E-07 5.307E-09
    10     1 8.199E-04 1.173E-04   442 -1.03E+02 -1.03E+02 1.007E-11 6.052E-13
                        (NSTEP:   184  DELTAT:   2.7993E+00  TIME:   5.1509E+02)
     1     1 3.896E+00 2.132E-01   442 -1.03E+02 -1.03E+02 1.467E-07 5.324E-09
     2     1 3.769E-03 2.690E-04   442 -1.03E+02 -1.03E+02 9.959E-11 5.083E-12
     3     1 1.242E-01 1.368E-02     1 -5.01E+00 -5.00E+00 1.036E-07 5.316E-09
     4     1 2.061E-04 2.953E-05   442 -1.03E+02 -1.03E+02 5.041E-12 3.033E-13
                        (NSTEP:   185  DELTAT:   3.0792E+00  TIME:   5.1817E+02)
     1     1 4.269E+00 2.333E-01   442 -1.03E+02 -1.03E+02 1.465E-07 5.316E-09
     2     1 4.532E-03 3.227E-04   442 -1.03E+02 -1.03E+02 1.091E-10 5.570E-12
     3     1 1.364E-01 1.501E-02     1 -5.02E+00 -5.00E+00 1.034E-07 5.307E-09
     4     1 2.483E-04 3.552E-05   442 -1.03E+02 -1.03E+02 5.535E-12 3.328E-13
                        (NSTEP:   186  DELTAT:   3.3872E+00  TIME:   5.2155E+02)
     1     1 4.677E+00 2.551E-01   442 -1.03E+02 -1.03E+02 1.462E-07 5.307E-09
     2     1 5.445E-03 3.867E-04   442 -1.03E+02 -1.03E+02 1.196E-10 6.102E-12
     3     1 1.498E-01 1.647E-02     1 -5.02E+00 -5.00E+00 1.032E-07 5.297E-09
     4     1 2.990E-04 4.272E-05   442 -1.03E+02 -1.03E+02 6.077E-12 3.652E-13
                        (NSTEP:   187  DELTAT:   3.7259E+00  TIME:   5.2528E+02)
     1     1 5.121E+00 2.789E-01   442 -1.03E+02 -1.03E+02 1.459E-07 5.297E-09
     2     1 6.539E-03 4.630E-04   442 -1.03E+02 -1.03E+02 1.309E-10 6.682E-12
     3     1 1.644E-01 1.807E-02     1 -5.02E+00 -5.00E+00 1.030E-07 5.286E-09
     4     1 3.599E-04 5.134E-05   442 -1.03E+02 -1.03E+02 6.671E-12 4.005E-13
                        (NSTEP:   188  DELTAT:   4.0985E+00  TIME:   5.2938E+02)
     1     1 5.605E+00 3.047E-01   442 -1.02E+02 -1.03E+02 1.456E-07 5.286E-09
     2     1 7.846E-03 5.539E-04   442 -1.02E+02 -1.02E+02 1.433E-10 7.314E-12
     3     1 1.804E-01 1.981E-02     1 -5.02E+00 -5.00E+00 1.027E-07 5.274E-09
     4     1 4.329E-04 6.165E-05   442 -1.02E+02 -1.02E+02 7.321E-12 4.392E-13
                        (NSTEP:   189  DELTAT:   4.5083E+00  TIME:   5.3389E+02)
     1     1 6.132E+00 3.327E-01   442 -1.02E+02 -1.02E+02 1.453E-07 5.274E-09
     2     1 9.407E-03 6.617E-04   442 -1.02E+02 -1.02E+02 1.568E-10 8.002E-12
     3     1 1.979E-01 2.172E-02     1 -5.02E+00 -5.00E+00 1.025E-07 5.261E-09
     4     1 5.204E-04 7.399E-05   442 -1.02E+02 -1.02E+02 8.032E-12 4.815E-13
                        (NSTEP:   190  DELTAT:   4.9592E+00  TIME:   5.3884E+02)
     1     1 6.706E+00 3.629E-01   442 -1.02E+02 -1.02E+02 1.449E-07 5.261E-09
     2     1 1.127E-02 7.897E-04   442 -1.02E+02 -1.02E+02 1.714E-10 8.750E-12
     3     1 2.171E-01 2.380E-02     1 -5.02E+00 -5.00E+00 1.022E-07 5.247E-09
     4     1 6.253E-04 8.873E-05   442 -1.02E+02 -1.02E+02 8.811E-12 5.276E-13
                        (NSTEP:   191  DELTAT:   5.4551E+00  TIME:   5.4430E+02)
     1     1 7.328E+00 3.957E-01   442 -1.01E+02 -1.02E+02 1.445E-07 5.247E-09
     2     1 1.349E-02 9.412E-04   442 -1.01E+02 -1.01E+02 1.873E-10 9.563E-12
     3     1 2.380E-01 2.607E-02     1 -5.03E+00 -5.00E+00 1.019E-07 5.231E-09
     4     1 7.508E-04 1.063E-04   442 -1.01E+02 -1.01E+02 9.662E-12 5.780E-13
     5     1 2.380E-01 2.607E-02     1 -5.03E+00 -5.00E+00 1.019E-07 5.231E-09
     6     1 7.508E-04 1.063E-04   442 -1.01E+02 -1.01E+02 9.662E-12 5.780E-13
     7     1 2.380E-01 2.607E-02     1 -5.03E+00 -5.00E+00 1.019E-07 5.231E-09
     8     1 7.508E-04 1.063E-04   442 -1.01E+02 -1.01E+02 9.662E-12 5.780E-13
     9     1 2.380E-01 2.607E-02     1 -5.03E+00 -5.00E+00 1.019E-07 5.231E-09
    10     1 7.508E-04 1.063E-04   442 -1.01E+02 -1.01E+02 9.662E-12 5.780E-13
                        (NSTEP:   191  DELTAT:   2.7275E+00  TIME:   5.4157E+02)
     1     1 3.670E+00 1.983E-01   442 -1.01E+02 -1.02E+02 1.445E-07 5.247E-09
     2     1 3.390E-03 2.371E-04   442 -1.01E+02 -1.01E+02 9.383E-11 4.791E-12
     3     1 1.192E-01 1.306E-02     1 -5.01E+00 -5.00E+00 1.021E-07 5.239E-09
     4     1 1.887E-04 2.676E-05   442 -1.01E+02 -1.01E+02 4.839E-12 2.896E-13
                        (NSTEP:   192  DELTAT:   3.0003E+00  TIME:   5.4457E+02)
     1     1 4.022E+00 2.170E-01   442 -1.01E+02 -1.01E+02 1.443E-07 5.239E-09
     2     1 4.077E-03 2.845E-04   442 -1.01E+02 -1.01E+02 1.028E-10 5.251E-12
     3     1 1.309E-01 1.434E-02     1 -5.01E+00 -5.00E+00 1.019E-07 5.230E-09
     4     1 2.274E-04 3.221E-05   442 -1.01E+02 -1.01E+02 5.313E-12 3.179E-13
                        (NSTEP:   193  DELTAT:   3.3003E+00  TIME:   5.4787E+02)
     1     1 4.407E+00 2.374E-01   442 -1.01E+02 -1.01E+02 1.441E-07 5.230E-09
     2     1 4.901E-03 3.411E-04   442 -1.01E+02 -1.01E+02 1.127E-10 5.753E-12
     3     1 1.437E-01 1.573E-02     1 -5.02E+00 -5.00E+00 1.017E-07 5.221E-09
     4     1 2.738E-04 3.874E-05   442 -1.01E+02 -1.01E+02 5.834E-12 3.488E-13
                        (NSTEP:   194  DELTAT:   3.6303E+00  TIME:   5.5150E+02)
     1     1 4.827E+00 2.596E-01   442 -1.01E+02 -1.01E+02 1.438E-07 5.221E-09
     2     1 5.887E-03 4.086E-04   442 -1.01E+02 -1.01E+02 1.234E-10 6.301E-12
     3     1 1.578E-01 1.726E-02     1 -5.02E+00 -5.00E+00 1.015E-07 5.211E-09
     4     1 3.297E-04 4.658E-05   442 -1.01E+02 -1.01E+02 6.404E-12 3.826E-13
                        (NSTEP:   195  DELTAT:   3.9934E+00  TIME:   5.5550E+02)
     1     1 5.284E+00 2.837E-01   442 -1.00E+02 -1.01E+02 1.436E-07 5.211E-09
     2     1 7.067E-03 4.890E-04   442 -1.00E+02 -1.00E+02 1.351E-10 6.899E-12
     3     1 1.731E-01 1.893E-02     1 -5.02E+00 -5.00E+00 1.013E-07 5.199E-09
     4     1 3.967E-04 5.596E-05   442 -1.00E+02 -1.00E+02 7.029E-12 4.196E-13
                        (NSTEP:   196  DELTAT:   4.3927E+00  TIME:   5.5989E+02)
     1     1 5.782E+00 3.099E-01   442 -1.00E+02 -1.00E+02 1.432E-07 5.199E-09
     2     1 8.476E-03 5.846E-04   442 -1.00E+02 -1.00E+02 1.478E-10 7.550E-12
     3     1 1.900E-01 2.075E-02     1 -5.02E+00 -5.00E+00 1.010E-07 5.187E-09
     4     1 4.770E-04 6.719E-05   442 -1.00E+02 -1.00E+02 7.713E-12 4.601E-13
                        (NSTEP:   197  DELTAT:   4.8320E+00  TIME:   5.6472E+02)
     1     1 6.324E+00 3.382E-01   442 -9.97E+01 -1.00E+02 1.429E-07 5.187E-09
     2     1 1.016E-02 6.981E-04   442 -9.97E+01 -9.97E+01 1.617E-10 8.257E-12
     3     1 2.084E-01 2.275E-02     1 -5.02E+00 -5.00E+00 1.008E-07 5.174E-09
     4     1 5.734E-04 8.061E-05   442 -9.97E+01 -9.97E+01 8.461E-12 5.043E-13
                        (NSTEP:   198  DELTAT:   5.3152E+00  TIME:   5.7004E+02)
     1     1 6.913E+00 3.689E-01   442 -9.93E+01 -9.97E+01 1.425E-07 5.174E-09
     2     1 1.216E-02 8.326E-04   442 -9.93E+01 -9.93E+01 1.767E-10 9.027E-12
     3     1 2.286E-01 2.492E-02     1 -5.02E+00 -5.00E+00 1.005E-07 5.159E-09
     4     1 6.887E-04 9.663E-05   442 -9.93E+01 -9.93E+01 9.280E-12 5.526E-13
                        (NSTEP:   199  DELTAT:   5.8467E+00  TIME:   5.7588E+02)
     1     1 7.553E+00 4.020E-01   442 -9.89E+01 -9.93E+01 1.421E-07 5.159E-09
     2     1 1.455E-02 9.916E-04   442 -9.89E+01 -9.89E+01 1.930E-10 9.861E-12
     3     1 2.506E-01 2.730E-02     1 -5.03E+00 -5.00E+00 1.002E-07 5.143E-09
     4     1 8.266E-04 1.157E-04   442 -9.89E+01 -9.89E+01 1.018E-11 6.052E-13
     5     1 2.506E-01 2.730E-02     1 -5.03E+00 -5.00E+00 1.002E-07 5.143E-09
     6     1 8.266E-04 1.157E-04   442 -9.89E+01 -9.89E+01 1.018E-11 6.052E-13
     7     1 2.506E-01 2.730E-02     1 -5.03E+00 -5.00E+00 1.002E-07 5.143E-09
     8     1 8.266E-04 1.157E-04   442 -9.89E+01 -9.89E+01 1.018E-11 6.052E-13
     9     1 2.506E-01 2.730E-02     1 -5.03E+00 -5.00E+00 1.002E-07 5.143E-09
    10     1 8.266E-04 1.157E-04   442 -9.89E+01 -9.89E+01 1.018E-11 6.052E-13
                        (NSTEP:   199  DELTAT:   2.9234E+00  TIME:   5.7296E+02)
     1     1 3.783E+00 2.015E-01   442 -9.91E+01 -9.93E+01 1.421E-07 5.159E-09
     2     1 3.658E-03 2.499E-04   442 -9.91E+01 -9.91E+01 9.672E-11 4.941E-12
     3     1 1.255E-01 1.368E-02     1 -5.01E+00 -5.00E+00 1.003E-07 5.151E-09
     4     1 2.078E-04 2.914E-05   442 -9.91E+01 -9.91E+01 5.096E-12 3.033E-13
                        (NSTEP:   200  DELTAT:   3.2157E+00  TIME:   5.7618E+02)
     1     1 4.145E+00 2.205E-01   442 -9.89E+01 -9.91E+01 1.419E-07 5.151E-09
     2     1 4.398E-03 2.997E-04   442 -9.89E+01 -9.89E+01 1.060E-10 5.414E-12
     3     1 1.378E-01 1.501E-02     1 -5.02E+00 -5.00E+00 1.002E-07 5.142E-09
     4     1 2.503E-04 3.507E-05   442 -9.89E+01 -9.89E+01 5.596E-12 3.328E-13
                        (NSTEP:   201  DELTAT:   3.5373E+00  TIME:   5.7971E+02)
     1     1 4.541E+00 2.412E-01   442 -9.86E+01 -9.89E+01 1.417E-07 5.142E-09
     2     1 5.285E-03 3.592E-04   442 -9.86E+01 -9.86E+01 1.161E-10 5.931E-12
     3     1 1.513E-01 1.647E-02     1 -5.02E+00 -5.00E+00 9.998E-08 5.132E-09
     4     1 3.015E-04 4.217E-05   442 -9.86E+01 -9.86E+01 6.144E-12 3.652E-13
                        (NSTEP:   202  DELTAT:   3.8910E+00  TIME:   5.8360E+02)
     1     1 4.972E+00 2.636E-01   442 -9.84E+01 -9.86E+01 1.414E-07 5.132E-09
     2     1 6.346E-03 4.301E-04   442 -9.84E+01 -9.84E+01 1.271E-10 6.495E-12
     3     1 1.660E-01 1.807E-02     1 -5.02E+00 -5.00E+00 9.977E-08 5.122E-09
     4     1 3.628E-04 5.068E-05   442 -9.84E+01 -9.84E+01 6.743E-12 4.006E-13
                        (NSTEP:   203  DELTAT:   4.2801E+00  TIME:   5.8788E+02)
     1     1 5.442E+00 2.880E-01   442 -9.81E+01 -9.84E+01 1.411E-07 5.122E-09
     2     1 7.615E-03 5.145E-04   442 -9.81E+01 -9.81E+01 1.391E-10 7.109E-12
     3     1 1.822E-01 1.981E-02     1 -5.02E+00 -5.00E+00 9.955E-08 5.110E-09
     4     1 4.365E-04 6.087E-05   442 -9.81E+01 -9.81E+01 7.400E-12 4.392E-13
                        (NSTEP:   204  DELTAT:   4.7081E+00  TIME:   5.9259E+02)
     1     1 5.954E+00 3.145E-01   442 -9.78E+01 -9.81E+01 1.408E-07 5.110E-09
     2     1 9.130E-03 6.148E-04   442 -9.78E+01 -9.78E+01 1.522E-10 7.777E-12
     3     1 1.999E-01 2.172E-02     1 -5.02E+00 -5.00E+00 9.930E-08 5.098E-09
     4     1 5.247E-04 7.306E-05   442 -9.78E+01 -9.78E+01 8.120E-12 4.815E-13
                        (NSTEP:   205  DELTAT:   5.1789E+00  TIME:   5.9777E+02)
     1     1 6.510E+00 3.432E-01   442 -9.74E+01 -9.78E+01 1.404E-07 5.098E-09
     2     1 1.094E-02 7.337E-04   442 -9.74E+01 -9.74E+01 1.664E-10 8.504E-12
     3     1 2.193E-01 2.380E-02     1 -5.02E+00 -5.00E+00 9.903E-08 5.084E-09
     4     1 6.305E-04 8.763E-05   442 -9.74E+01 -9.74E+01 8.907E-12 5.277E-13
                        (NSTEP:   206  DELTAT:   5.6968E+00  TIME:   6.0347E+02)
     1     1 7.115E+00 3.741E-01   442 -9.71E+01 -9.74E+01 1.400E-07 5.084E-09
     2     1 1.309E-02 8.746E-04   442 -9.71E+01 -9.71E+01 1.818E-10 9.293E-12
     3     1 2.404E-01 2.608E-02     1 -5.03E+00 -5.00E+00 9.873E-08 5.069E-09
     4     1 7.571E-04 1.050E-04   442 -9.71E+01 -9.71E+01 9.767E-12 5.781E-13
     5     1 2.404E-01 2.608E-02     1 -5.03E+00 -5.00E+00 9.873E-08 5.069E-09
     6     1 7.571E-04 1.050E-04   442 -9.71E+01 -9.71E+01 9.767E-12 5.781E-13
     7     1 2.404E-01 2.608E-02     1 -5.03E+00 -5.00E+00 9.873E-08 5.069E-09
     8     1 7.571E-04 1.050E-04   442 -9.71E+01 -9.71E+01 9.767E-12 5.781E-13
     9     1 2.404E-01 2.608E-02     1 -5.03E+00 -5.00E+00 9.873E-08 5.069E-09
    10     1 7.571E-04 1.050E-04   442 -9.71E+01 -9.71E+01 9.767E-12 5.781E-13
                        (NSTEP:   206  DELTAT:   2.8484E+00  TIME:   6.0062E+02)
     1     1 3.563E+00 1.875E-01   442 -9.72E+01 -9.74E+01 1.400E-07 5.084E-09
     2     1 3.290E-03 2.203E-04   442 -9.72E+01 -9.72E+01 9.110E-11 4.656E-12
     3     1 1.204E-01 1.307E-02     1 -5.01E+00 -5.00E+00 9.888E-08 5.076E-09
     4     1 1.903E-04 2.643E-05   442 -9.72E+01 -9.72E+01 4.891E-12 2.897E-13
                        (NSTEP:   207  DELTAT:   3.1332E+00  TIME:   6.0375E+02)
     1     1 3.905E+00 2.052E-01   442 -9.70E+01 -9.72E+01 1.398E-07 5.076E-09
     2     1 3.957E-03 2.643E-04   442 -9.70E+01 -9.70E+01 9.984E-11 5.103E-12
     3     1 1.322E-01 1.434E-02     1 -5.01E+00 -5.00E+00 9.872E-08 5.068E-09
     4     1 2.293E-04 3.181E-05   442 -9.70E+01 -9.70E+01 5.371E-12 3.179E-13
                        (NSTEP:   208  DELTAT:   3.4466E+00  TIME:   6.0720E+02)
     1     1 4.279E+00 2.245E-01   442 -9.68E+01 -9.70E+01 1.396E-07 5.068E-09
     2     1 4.756E-03 3.170E-04   442 -9.68E+01 -9.68E+01 1.094E-10 5.591E-12
     3     1 1.452E-01 1.574E-02     1 -5.02E+00 -5.00E+00 9.854E-08 5.059E-09
     4     1 2.761E-04 3.827E-05   442 -9.68E+01 -9.68E+01 5.898E-12 3.489E-13
                        (NSTEP:   209  DELTAT:   3.7912E+00  TIME:   6.1099E+02)
     1     1 4.686E+00 2.456E-01   442 -9.66E+01 -9.68E+01 1.394E-07 5.059E-09
     2     1 5.713E-03 3.797E-04   442 -9.66E+01 -9.66E+01 1.198E-10 6.123E-12
     3     1 1.594E-01 1.726E-02     1 -5.02E+00 -5.00E+00 9.834E-08 5.049E-09
     4     1 3.324E-04 4.601E-05   442 -9.66E+01 -9.66E+01 6.474E-12 3.827E-13
                        (NSTEP:   210  DELTAT:   4.1703E+00  TIME:   6.1516E+02)
     1     1 5.130E+00 2.684E-01   442 -9.63E+01 -9.66E+01 1.391E-07 5.049E-09
     2     1 6.858E-03 4.545E-04   442 -9.63E+01 -9.63E+01 1.311E-10 6.704E-12
     3     1 1.749E-01 1.894E-02     1 -5.02E+00 -5.00E+00 9.813E-08 5.038E-09
     4     1 4.000E-04 5.528E-05   442 -9.63E+01 -9.63E+01 7.106E-12 4.198E-13
                        (NSTEP:   211  DELTAT:   4.5874E+00  TIME:   6.1975E+02)
     1     1 5.614E+00 2.931E-01   442 -9.60E+01 -9.63E+01 1.388E-07 5.038E-09
     2     1 8.226E-03 5.434E-04   442 -9.60E+01 -9.60E+01 1.435E-10 7.335E-12
     3     1 1.919E-01 2.076E-02     1 -5.02E+00 -5.00E+00 9.790E-08 5.026E-09
     4     1 4.810E-04 6.638E-05   442 -9.60E+01 -9.60E+01 7.797E-12 4.603E-13
                        (NSTEP:   212  DELTAT:   5.0461E+00  TIME:   6.2479E+02)
     1     1 6.140E+00 3.200E-01   442 -9.57E+01 -9.60E+01 1.384E-07 5.026E-09
     2     1 9.858E-03 6.489E-04   442 -9.57E+01 -9.57E+01 1.569E-10 8.023E-12
     3     1 2.105E-01 2.276E-02     1 -5.02E+00 -5.00E+00 9.764E-08 5.013E-09
     4     1 5.782E-04 7.965E-05   442 -9.57E+01 -9.57E+01 8.554E-12 5.045E-13
                        (NSTEP:   213  DELTAT:   5.5507E+00  TIME:   6.3034E+02)
     1     1 6.712E+00 3.490E-01   442 -9.53E+01 -9.57E+01 1.381E-07 5.013E-09
     2     1 1.180E-02 7.740E-04   442 -9.53E+01 -9.53E+01 1.715E-10 8.770E-12
     3     1 2.309E-01 2.494E-02     1 -5.02E+00 -5.00E+00 9.736E-08 4.999E-09
     4     1 6.945E-04 9.549E-05   442 -9.53E+01 -9.53E+01 9.381E-12 5.528E-13
                        (NSTEP:   214  DELTAT:   6.1058E+00  TIME:   6.3645E+02)
     1     1 7.333E+00 3.804E-01   442 -9.50E+01 -9.53E+01 1.377E-07 4.999E-09
     2     1 1.412E-02 9.220E-04   442 -9.50E+01 -9.50E+01 1.874E-10 9.580E-12
     3     1 2.531E-01 2.731E-02     1 -5.03E+00 -5.00E+00 9.706E-08 4.983E-09
     4     1 8.336E-04 1.144E-04   442 -9.50E+01 -9.50E+01 1.029E-11 6.055E-13
     5     1 2.531E-01 2.731E-02     1 -5.03E+00 -5.00E+00 9.706E-08 4.983E-09
     6     1 8.336E-04 1.144E-04   442 -9.50E+01 -9.50E+01 1.029E-11 6.055E-13
     7     1 2.531E-01 2.731E-02     1 -5.03E+00 -5.00E+00 9.706E-08 4.983E-09
     8     1 8.336E-04 1.144E-04   442 -9.50E+01 -9.50E+01 1.029E-11 6.055E-13
     9     1 2.531E-01 2.731E-02     1 -5.03E+00 -5.00E+00 9.706E-08 4.983E-09
    10     1 8.336E-04 1.144E-04   442 -9.50E+01 -9.50E+01 1.029E-11 6.055E-13
                        (NSTEP:   214  DELTAT:   3.0529E+00  TIME:   6.3340E+02)
     1     1 3.672E+00 1.906E-01   442 -9.51E+01 -9.53E+01 1.377E-07 4.999E-09
     2     1 3.550E-03 2.323E-04   442 -9.51E+01 -9.51E+01 9.388E-11 4.800E-12
     3     1 1.268E-01 1.369E-02     1 -5.01E+00 -5.00E+00 9.721E-08 4.991E-09
     4     1 2.096E-04 2.880E-05   442 -9.51E+01 -9.51E+01 5.152E-12 3.034E-13
                        (NSTEP:   215  DELTAT:   3.3582E+00  TIME:   6.3676E+02)
     1     1 4.024E+00 2.086E-01   442 -9.49E+01 -9.51E+01 1.375E-07 4.991E-09
     2     1 4.268E-03 2.787E-04   442 -9.49E+01 -9.49E+01 1.029E-10 5.260E-12
     3     1 1.392E-01 1.502E-02     1 -5.02E+00 -5.00E+00 9.704E-08 4.982E-09
     4     1 2.525E-04 3.465E-05   442 -9.49E+01 -9.49E+01 5.657E-12 3.330E-13
                        (NSTEP:   216  DELTAT:   3.6940E+00  TIME:   6.4045E+02)
     1     1 4.409E+00 2.282E-01   442 -9.47E+01 -9.49E+01 1.372E-07 4.982E-09
     2     1 5.129E-03 3.340E-04   442 -9.47E+01 -9.47E+01 1.127E-10 5.762E-12
     3     1 1.528E-01 1.648E-02     1 -5.02E+00 -5.00E+00 9.686E-08 4.973E-09
     4     1 3.040E-04 4.168E-05   442 -9.47E+01 -9.47E+01 6.210E-12 3.654E-13
                        (NSTEP:   217  DELTAT:   4.0634E+00  TIME:   6.4451E+02)
     1     1 4.827E+00 2.495E-01   442 -9.45E+01 -9.47E+01 1.370E-07 4.973E-09
     2     1 6.158E-03 4.000E-04   442 -9.45E+01 -9.45E+01 1.234E-10 6.309E-12
     3     1 1.677E-01 1.808E-02     1 -5.02E+00 -5.00E+00 9.666E-08 4.963E-09
     4     1 3.659E-04 5.009E-05   442 -9.45E+01 -9.45E+01 6.817E-12 4.008E-13
                        (NSTEP:   218  DELTAT:   4.4697E+00  TIME:   6.4898E+02)
     1     1 5.284E+00 2.726E-01   442 -9.42E+01 -9.45E+01 1.367E-07 4.963E-09
     2     1 7.389E-03 4.785E-04   442 -9.42E+01 -9.42E+01 1.350E-10 6.906E-12
     3     1 1.841E-01 1.983E-02     1 -5.02E+00 -5.00E+00 9.644E-08 4.951E-09
     4     1 4.402E-04 6.017E-05   442 -9.42E+01 -9.42E+01 7.481E-12 4.395E-13
                        (NSTEP:   219  DELTAT:   4.9167E+00  TIME:   6.5390E+02)
     1     1 5.781E+00 2.977E-01   442 -9.39E+01 -9.42E+01 1.364E-07 4.951E-09
     2     1 8.859E-03 5.718E-04   442 -9.39E+01 -9.39E+01 1.477E-10 7.554E-12
     3     1 2.019E-01 2.174E-02     1 -5.02E+00 -5.00E+00 9.620E-08 4.939E-09
     4     1 5.292E-04 7.223E-05   442 -9.39E+01 -9.39E+01 8.208E-12 4.819E-13
                        (NSTEP:   220  DELTAT:   5.4084E+00  TIME:   6.5931E+02)
     1     1 6.321E+00 3.249E-01   442 -9.36E+01 -9.39E+01 1.360E-07 4.939E-09
     2     1 1.061E-02 6.825E-04   442 -9.36E+01 -9.36E+01 1.615E-10 8.260E-12
     3     1 2.215E-01 2.382E-02     1 -5.02E+00 -5.00E+00 9.594E-08 4.926E-09
     4     1 6.359E-04 8.664E-05   442 -9.36E+01 -9.36E+01 9.004E-12 5.281E-13
                        (NSTEP:   221  DELTAT:   5.9492E+00  TIME:   6.6526E+02)
     1     1 6.907E+00 3.542E-01   442 -9.32E+01 -9.36E+01 1.357E-07 4.926E-09
     2     1 1.270E-02 8.136E-04   442 -9.32E+01 -9.32E+01 1.765E-10 9.026E-12
     3     1 2.429E-01 2.610E-02     1 -5.03E+00 -5.00E+00 9.565E-08 4.911E-09
     4     1 7.635E-04 1.038E-04   442 -9.32E+01 -9.32E+01 9.873E-12 5.786E-13
     5     1 2.429E-01 2.610E-02     1 -5.03E+00 -5.00E+00 9.565E-08 4.911E-09
     6     1 7.635E-04 1.038E-04   442 -9.32E+01 -9.32E+01 9.873E-12 5.786E-13
     7     1 2.429E-01 2.610E-02     1 -5.03E+00 -5.00E+00 9.565E-08 4.911E-09
     8     1 7.635E-04 1.038E-04   442 -9.32E+01 -9.32E+01 9.873E-12 5.786E-13
     9     1 2.429E-01 2.610E-02     1 -5.03E+00 -5.00E+00 9.565E-08 4.911E-09
    10     1 7.635E-04 1.038E-04   442 -9.32E+01 -9.32E+01 9.873E-12 5.786E-13
                        (NSTEP:   221  DELTAT:   2.9746E+00  TIME:   6.6228E+02)
     1     1 3.459E+00 1.775E-01   442 -9.34E+01 -9.36E+01 1.357E-07 4.926E-09
     2     1 3.192E-03 2.049E-04   442 -9.34E+01 -9.34E+01 8.841E-11 4.522E-12
     3     1 1.216E-01 1.308E-02     1 -5.01E+00 -5.00E+00 9.579E-08 4.918E-09
     4     1 1.919E-04 2.613E-05   442 -9.34E+01 -9.34E+01 4.945E-12 2.899E-13
                        (NSTEP:   222  DELTAT:   3.2721E+00  TIME:   6.6555E+02)
     1     1 3.791E+00 1.943E-01   442 -9.32E+01 -9.34E+01 1.355E-07 4.918E-09
     2     1 3.839E-03 2.459E-04   442 -9.32E+01 -9.32E+01 9.689E-11 4.956E-12
     3     1 1.336E-01 1.435E-02     1 -5.01E+00 -5.00E+00 9.563E-08 4.910E-09
     4     1 2.312E-04 3.145E-05   442 -9.32E+01 -9.32E+01 5.430E-12 3.182E-13
                        (NSTEP:   223  DELTAT:   3.5993E+00  TIME:   6.6915E+02)
     1     1 4.154E+00 2.126E-01   442 -9.30E+01 -9.32E+01 1.352E-07 4.910E-09
     2     1 4.615E-03 2.949E-04   442 -9.30E+01 -9.30E+01 1.062E-10 5.430E-12
     3     1 1.467E-01 1.575E-02     1 -5.02E+00 -5.00E+00 9.546E-08 4.901E-09
     4     1 2.785E-04 3.784E-05   442 -9.30E+01 -9.30E+01 5.962E-12 3.492E-13
                        (NSTEP:   224  DELTAT:   3.9592E+00  TIME:   6.7311E+02)
     1     1 4.549E+00 2.325E-01   442 -9.28E+01 -9.30E+01 1.350E-07 4.901E-09
     2     1 5.543E-03 3.533E-04   442 -9.28E+01 -9.28E+01 1.163E-10 5.947E-12
     3     1 1.610E-01 1.728E-02     1 -5.02E+00 -5.00E+00 9.527E-08 4.892E-09
     4     1 3.353E-04 4.550E-05   442 -9.28E+01 -9.28E+01 6.544E-12 3.831E-13
                        (NSTEP:   225  DELTAT:   4.3551E+00  TIME:   6.7747E+02)
     1     1 4.981E+00 2.541E-01   442 -9.25E+01 -9.28E+01 1.347E-07 4.892E-09
     2     1 6.654E-03 4.229E-04   442 -9.25E+01 -9.25E+01 1.273E-10 6.510E-12
     3     1 1.767E-01 1.895E-02     1 -5.02E+00 -5.00E+00 9.506E-08 4.881E-09
     4     1 4.034E-04 5.467E-05   442 -9.25E+01 -9.25E+01 7.183E-12 4.201E-13
                        (NSTEP:   226  DELTAT:   4.7906E+00  TIME:   6.8226E+02)
     1     1 5.450E+00 2.776E-01   442 -9.22E+01 -9.25E+01 1.344E-07 4.881E-09
     2     1 7.981E-03 5.056E-04   442 -9.22E+01 -9.22E+01 1.392E-10 7.124E-12
     3     1 1.939E-01 2.078E-02     1 -5.02E+00 -5.00E+00 9.484E-08 4.869E-09
     4     1 4.852E-04 6.565E-05   442 -9.22E+01 -9.22E+01 7.882E-12 4.607E-13
                        (NSTEP:   227  DELTAT:   5.2697E+00  TIME:   6.8753E+02)
     1     1 5.961E+00 3.030E-01   442 -9.19E+01 -9.22E+01 1.341E-07 4.869E-09
     2     1 9.564E-03 6.039E-04   442 -9.19E+01 -9.19E+01 1.523E-10 7.791E-12
     3     1 2.127E-01 2.278E-02     1 -5.02E+00 -5.00E+00 9.459E-08 4.857E-09
     4     1 5.831E-04 7.878E-05   442 -9.19E+01 -9.19E+01 8.647E-12 5.050E-13
                        (NSTEP:   228  DELTAT:   5.7967E+00  TIME:   6.9333E+02)
     1     1 6.516E+00 3.306E-01   442 -9.16E+01 -9.19E+01 1.338E-07 4.857E-09
     2     1 1.145E-02 7.204E-04   442 -9.16E+01 -9.16E+01 1.664E-10 8.516E-12
     3     1 2.332E-01 2.496E-02     1 -5.02E+00 -5.00E+00 9.432E-08 4.843E-09
     4     1 7.005E-04 9.446E-05   442 -9.16E+01 -9.16E+01 9.483E-12 5.534E-13
                        (NSTEP:   229  DELTAT:   6.3764E+00  TIME:   6.9970E+02)
     1     1 7.119E+00 3.603E-01   442 -9.12E+01 -9.16E+01 1.334E-07 4.843E-09
     2     1 1.370E-02 8.581E-04   442 -9.12E+01 -9.12E+01 1.818E-10 9.302E-12
     3     1 2.557E-01 2.734E-02     1 -5.03E+00 -5.00E+00 9.402E-08 4.828E-09
     4     1 8.408E-04 1.132E-04   442 -9.12E+01 -9.12E+01 1.040E-11 6.061E-13
     5     1 2.557E-01 2.734E-02     1 -5.03E+00 -5.00E+00 9.402E-08 4.828E-09
     6     1 8.408E-04 1.132E-04   442 -9.12E+01 -9.12E+01 1.040E-11 6.061E-13
     7     1 2.557E-01 2.734E-02     1 -5.03E+00 -5.00E+00 9.402E-08 4.828E-09
     8     1 8.408E-04 1.132E-04   442 -9.12E+01 -9.12E+01 1.040E-11 6.061E-13
     9     1 2.557E-01 2.734E-02     1 -5.03E+00 -5.00E+00 9.402E-08 4.828E-09
    10     1 8.408E-04 1.132E-04   442 -9.12E+01 -9.12E+01 1.040E-11 6.061E-13
                        (NSTEP:   229  DELTAT:   3.1882E+00  TIME:   6.9651E+02)
     1     1 3.565E+00 1.806E-01   442 -9.14E+01 -9.16E+01 1.334E-07 4.843E-09
     2     1 3.444E-03 2.162E-04   442 -9.14E+01 -9.14E+01 9.109E-11 4.661E-12
     3     1 1.281E-01 1.370E-02     1 -5.01E+00 -5.00E+00 9.417E-08 4.835E-09
     4     1 2.114E-04 2.849E-05   442 -9.14E+01 -9.14E+01 5.208E-12 3.038E-13
                        (NSTEP:   230  DELTAT:   3.5070E+00  TIME:   7.0002E+02)
     1     1 3.907E+00 1.976E-01   442 -9.12E+01 -9.14E+01 1.332E-07 4.835E-09
     2     1 4.141E-03 2.594E-04   442 -9.12E+01 -9.12E+01 9.981E-11 5.107E-12
     3     1 1.406E-01 1.504E-02     1 -5.02E+00 -5.00E+00 9.401E-08 4.827E-09
     4     1 2.546E-04 3.428E-05   442 -9.12E+01 -9.12E+01 5.718E-12 3.334E-13
                        (NSTEP:   231  DELTAT:   3.8577E+00  TIME:   7.0388E+02)
     1     1 4.280E+00 2.162E-01   820 -9.80E+01 -9.82E+01 1.329E-07 4.827E-09
     2     1 4.975E-03 3.109E-04   442 -9.10E+01 -9.10E+01 1.093E-10 5.594E-12
     3     1 1.544E-01 1.650E-02     1 -5.02E+00 -5.00E+00 9.383E-08 4.818E-09
     4     1 3.066E-04 4.124E-05   442 -9.10E+01 -9.10E+01 6.278E-12 3.658E-13
                        (NSTEP:   232  DELTAT:   4.2435E+00  TIME:   7.0812E+02)
     1     1 4.686E+00 2.365E-01   820 -9.78E+01 -9.80E+01 1.327E-07 4.818E-09
     2     1 5.974E-03 3.723E-04   442 -9.08E+01 -9.08E+01 1.197E-10 6.126E-12
     3     1 1.694E-01 1.810E-02     1 -5.02E+00 -5.00E+00 9.364E-08 4.808E-09
     4     1 3.691E-04 4.957E-05   442 -9.08E+01 -9.08E+01 6.891E-12 4.012E-13
                        (NSTEP:   233  DELTAT:   4.6678E+00  TIME:   7.1279E+02)
     1     1 5.129E+00 2.586E-01   820 -9.75E+01 -9.78E+01 1.324E-07 4.808E-09
     2     1 7.168E-03 4.454E-04   442 -9.05E+01 -9.05E+01 1.310E-10 6.704E-12
     3     1 1.859E-01 1.985E-02     1 -5.02E+00 -5.00E+00 9.342E-08 4.797E-09
     4     1 4.440E-04 5.955E-05   442 -9.05E+01 -9.05E+01 7.562E-12 4.400E-13
                        (NSTEP:   234  DELTAT:   5.1346E+00  TIME:   7.1792E+02)
     1     1 5.611E+00 2.826E-01   820 -9.72E+01 -9.75E+01 1.321E-07 4.797E-09
     2     1 8.594E-03 5.324E-04   442 -9.02E+01 -9.02E+01 1.433E-10 7.334E-12
     3     1 2.040E-01 2.176E-02     1 -5.02E+00 -5.00E+00 9.319E-08 4.785E-09
     4     1 5.338E-04 7.148E-05   442 -9.02E+01 -9.02E+01 8.297E-12 4.824E-13
                        (NSTEP:   235  DELTAT:   5.6480E+00  TIME:   7.2357E+02)
     1     1 6.136E+00 3.086E-01   820 -9.69E+01 -9.72E+01 1.318E-07 4.785E-09
     2     1 1.029E-02 6.355E-04   442 -8.99E+01 -8.99E+01 1.567E-10 8.019E-12
     3     1 2.238E-01 2.385E-02     1 -5.02E+00 -5.00E+00 9.293E-08 4.772E-09
     4     1 6.414E-04 8.575E-05   442 -8.99E+01 -8.99E+01 9.101E-12 5.287E-13
                        (NSTEP:   236  DELTAT:   6.2129E+00  TIME:   7.2979E+02)
     1     1 6.705E+00 3.367E-01   820 -9.66E+01 -9.69E+01 1.314E-07 4.772E-09
     2     1 1.232E-02 7.576E-04   442 -8.96E+01 -8.96E+01 1.712E-10 8.762E-12
     3     1 2.454E-01 2.613E-02     1 -5.03E+00 -5.00E+00 9.265E-08 4.758E-09
     4     1 7.702E-04 1.028E-04   442 -8.96E+01 -8.96E+01 9.981E-12 5.793E-13
     5     1 2.454E-01 2.613E-02     1 -5.03E+00 -5.00E+00 9.265E-08 4.758E-09
     6     1 7.702E-04 1.028E-04   442 -8.96E+01 -8.96E+01 9.981E-12 5.793E-13
     7     1 2.454E-01 2.613E-02     1 -5.03E+00 -5.00E+00 9.265E-08 4.758E-09
     8     1 7.702E-04 1.028E-04   442 -8.96E+01 -8.96E+01 9.981E-12 5.793E-13
     9     1 2.454E-01 2.613E-02     1 -5.03E+00 -5.00E+00 9.265E-08 4.758E-09
    10     1 7.702E-04 1.028E-04   442 -8.96E+01 -8.96E+01 9.981E-12 5.793E-13
                        (NSTEP:   236  DELTAT:   3.1064E+00  TIME:   7.2668E+02)
     1     1 3.358E+00 1.687E-01   820 -9.68E+01 -9.69E+01 1.314E-07 4.772E-09
     2     1 3.097E-03 1.908E-04   442 -8.97E+01 -8.97E+01 8.576E-11 4.390E-12
     3     1 1.229E-01 1.309E-02     1 -5.01E+00 -5.00E+00 9.279E-08 4.765E-09
     4     1 1.936E-04 2.587E-05   442 -8.97E+01 -8.97E+01 4.998E-12 2.903E-13
                        (NSTEP:   237  DELTAT:   3.4171E+00  TIME:   7.3010E+02)
     1     1 3.680E+00 1.847E-01   820 -9.66E+01 -9.68E+01 1.312E-07 4.765E-09
     2     1 3.724E-03 2.290E-04   442 -8.96E+01 -8.96E+01 9.398E-11 4.811E-12
     3     1 1.349E-01 1.437E-02     1 -5.01E+00 -5.00E+00 9.264E-08 4.757E-09
     4     1 2.332E-04 3.114E-05   442 -8.96E+01 -8.96E+01 5.489E-12 3.186E-13
                        (NSTEP:   238  DELTAT:   3.7588E+00  TIME:   7.3385E+02)
     1     1 4.032E+00 2.022E-01   820 -9.64E+01 -9.66E+01 1.310E-07 4.757E-09
     2     1 4.476E-03 2.746E-04   442 -8.94E+01 -8.94E+01 1.030E-10 5.271E-12
     3     1 1.481E-01 1.577E-02     1 -5.02E+00 -5.00E+00 9.247E-08 4.748E-09
     4     1 2.809E-04 3.746E-05   442 -8.94E+01 -8.94E+01 6.026E-12 3.496E-13
                        (NSTEP:   239  DELTAT:   4.1347E+00  TIME:   7.3799E+02)
     1     1 4.416E+00 2.213E-01   820 -9.62E+01 -9.64E+01 1.308E-07 4.748E-09
     2     1 5.377E-03 3.290E-04   442 -8.91E+01 -8.91E+01 1.128E-10 5.772E-12
     3     1 1.626E-01 1.730E-02     1 -5.02E+00 -5.00E+00 9.229E-08 4.739E-09
     4     1 3.382E-04 4.504E-05   442 -8.91E+01 -8.91E+01 6.616E-12 3.836E-13
                        (NSTEP:   240  DELTAT:   4.5481E+00  TIME:   7.4254E+02)
     1     1 4.835E+00 2.420E-01   820 -9.59E+01 -9.62E+01 1.305E-07 4.739E-09
     2     1 6.454E-03 3.938E-04   442 -8.89E+01 -8.89E+01 1.234E-10 6.319E-12
     3     1 1.785E-01 1.898E-02     1 -5.02E+00 -5.00E+00 9.209E-08 4.729E-09
     4     1 4.069E-04 5.413E-05   442 -8.89E+01 -8.89E+01 7.261E-12 4.207E-13
                        (NSTEP:   241  DELTAT:   5.0029E+00  TIME:   7.4754E+02)
     1     1 5.291E+00 2.645E-01   461 -9.57E+01 -9.60E+01 1.302E-07 4.729E-09
     2     1 7.741E-03 4.709E-04   442 -8.86E+01 -8.86E+01 1.350E-10 6.914E-12
     3     1 1.958E-01 2.081E-02     1 -5.02E+00 -5.00E+00 9.187E-08 4.718E-09
     4     1 4.894E-04 6.501E-05   442 -8.86E+01 -8.86E+01 7.967E-12 4.613E-13
                        (NSTEP:   242  DELTAT:   5.5032E+00  TIME:   7.5304E+02)
     1     1 5.786E+00 2.889E-01   461 -9.54E+01 -9.57E+01 1.299E-07 4.718E-09
     2     1 9.276E-03 5.625E-04   442 -8.84E+01 -8.84E+01 1.477E-10 7.561E-12
     3     1 2.148E-01 2.281E-02     1 -5.02E+00 -5.00E+00 9.163E-08 4.705E-09
     4     1 5.883E-04 7.801E-05   442 -8.84E+01 -8.84E+01 8.741E-12 5.057E-13
                        (NSTEP:   243  DELTAT:   6.0535E+00  TIME:   7.5910E+02)
     1     1 6.325E+00 3.154E-01   461 -9.51E+01 -9.54E+01 1.296E-07 4.705E-09
     2     1 1.111E-02 6.711E-04   442 -8.80E+01 -8.80E+01 1.614E-10 8.265E-12
     3     1 2.356E-01 2.500E-02     1 -5.02E+00 -5.00E+00 9.137E-08 4.692E-09
     4     1 7.066E-04 9.355E-05   442 -8.80E+01 -8.80E+01 9.586E-12 5.542E-13
                        (NSTEP:   244  DELTAT:   6.6589E+00  TIME:   7.6576E+02)
     1     1 6.910E+00 3.440E-01   461 -9.48E+01 -9.51E+01 1.292E-07 4.692E-09
     2     1 1.328E-02 7.995E-04   442 -8.77E+01 -8.77E+01 1.763E-10 9.028E-12
     3     1 2.583E-01 2.738E-02     1 -5.03E+00 -5.00E+00 9.108E-08 4.677E-09
     4     1 8.482E-04 1.121E-04   442 -8.77E+01 -8.77E+01 1.051E-11 6.071E-13
     5     1 2.583E-01 2.738E-02     1 -5.03E+00 -5.00E+00 9.108E-08 4.677E-09
     6     1 8.482E-04 1.121E-04   442 -8.77E+01 -8.77E+01 1.051E-11 6.071E-13
     7     1 2.583E-01 2.738E-02     1 -5.03E+00 -5.00E+00 9.108E-08 4.677E-09
     8     1 8.482E-04 1.121E-04   442 -8.77E+01 -8.77E+01 1.051E-11 6.071E-13
     9     1 2.583E-01 2.738E-02     1 -5.03E+00 -5.00E+00 9.108E-08 4.677E-09
    10     1 8.482E-04 1.121E-04   442 -8.77E+01 -8.77E+01 1.051E-11 6.071E-13
                        (NSTEP:   244  DELTAT:   3.3295E+00  TIME:   7.6243E+02)
     1     1 3.461E+00 1.724E-01   461 -9.50E+01 -9.51E+01 1.292E-07 4.692E-09
     2     1 3.340E-03 2.014E-04   442 -8.79E+01 -8.79E+01 8.833E-11 4.523E-12
     3     1 1.294E-01 1.372E-02     1 -5.01E+00 -5.00E+00 9.122E-08 4.684E-09
     4     1 2.132E-04 2.822E-05   442 -8.79E+01 -8.79E+01 5.264E-12 3.042E-13
                        (NSTEP:   245  DELTAT:   3.6624E+00  TIME:   7.6609E+02)
     1     1 3.792E+00 1.887E-01   461 -9.48E+01 -9.50E+01 1.290E-07 4.684E-09
     2     1 4.016E-03 2.416E-04   442 -8.77E+01 -8.77E+01 9.679E-11 4.956E-12
     3     1 1.421E-01 1.506E-02     1 -5.02E+00 -5.00E+00 9.106E-08 4.676E-09
     4     1 2.569E-04 3.396E-05   442 -8.77E+01 -8.77E+01 5.780E-12 3.339E-13
                        (NSTEP:   246  DELTAT:   4.0286E+00  TIME:   7.7012E+02)
     1     1 4.154E+00 2.065E-01   461 -9.46E+01 -9.48E+01 1.288E-07 4.676E-09
     2     1 4.825E-03 2.897E-04   442 -8.75E+01 -8.75E+01 1.060E-10 5.429E-12
     3     1 1.560E-01 1.652E-02     1 -5.02E+00 -5.00E+00 9.089E-08 4.667E-09
     4     1 3.093E-04 4.084E-05   442 -8.75E+01 -8.75E+01 6.346E-12 3.663E-13
                        (NSTEP:   247  DELTAT:   4.4315E+00  TIME:   7.7455E+02)
     1     1 4.549E+00 2.259E-01   461 -9.43E+01 -9.46E+01 1.285E-07 4.667E-09
     2     1 5.794E-03 3.469E-04   442 -8.73E+01 -8.73E+01 1.161E-10 5.944E-12
     3     1 1.712E-01 1.813E-02     1 -5.02E+00 -5.00E+00 9.070E-08 4.658E-09
     4     1 3.723E-04 4.910E-05   442 -8.73E+01 -8.73E+01 6.966E-12 4.019E-13
                        (NSTEP:   248  DELTAT:   4.8746E+00  TIME:   7.7942E+02)
     1     1 4.979E+00 2.470E-01   461 -9.41E+01 -9.43E+01 1.283E-07 4.658E-09
     2     1 6.952E-03 4.151E-04   442 -8.70E+01 -8.70E+01 1.270E-10 6.506E-12
     3     1 1.878E-01 1.988E-02     1 -5.02E+00 -5.00E+00 9.049E-08 4.647E-09
     4     1 4.479E-04 5.899E-05   442 -8.70E+01 -8.70E+01 7.644E-12 4.407E-13
                        (NSTEP:   249  DELTAT:   5.3621E+00  TIME:   7.8479E+02)
     1     1 5.447E+00 2.699E-01   461 -9.38E+01 -9.41E+01 1.280E-07 4.647E-09
     2     1 8.335E-03 4.961E-04   442 -8.67E+01 -8.67E+01 1.389E-10 7.116E-12
     3     1 2.061E-01 2.180E-02     1 -5.02E+00 -5.00E+00 9.027E-08 4.636E-09
     4     1 5.385E-04 7.082E-05   442 -8.67E+01 -8.67E+01 8.387E-12 4.832E-13
                        (NSTEP:   250  DELTAT:   5.8983E+00  TIME:   7.9068E+02)
     1     1 5.956E+00 2.948E-01   461 -9.35E+01 -9.38E+01 1.277E-07 4.636E-09
     2     1 9.983E-03 5.922E-04   442 -8.64E+01 -8.64E+01 1.519E-10 7.780E-12
     3     1 2.260E-01 2.389E-02     1 -5.02E+00 -5.00E+00 9.002E-08 4.623E-09
     4     1 6.471E-04 8.496E-05   442 -8.64E+01 -8.65E+01 9.200E-12 5.296E-13
                        (NSTEP:   251  DELTAT:   6.4882E+00  TIME:   7.9717E+02)
     1     1 6.508E+00 3.217E-01   461 -9.32E+01 -9.35E+01 1.273E-07 4.623E-09
     2     1 1.195E-02 7.061E-04   442 -8.61E+01 -8.61E+01 1.660E-10 8.501E-12
     3     1 2.479E-01 2.618E-02     1 -5.03E+00 -5.00E+00 8.975E-08 4.609E-09
     4     1 7.770E-04 1.018E-04   442 -8.61E+01 -8.61E+01 1.009E-11 5.803E-13
     5     1 2.479E-01 2.618E-02     1 -5.03E+00 -5.00E+00 8.975E-08 4.609E-09
     6     1 7.770E-04 1.018E-04   442 -8.61E+01 -8.61E+01 1.009E-11 5.803E-13
     7     1 2.479E-01 2.618E-02     1 -5.03E+00 -5.00E+00 8.975E-08 4.609E-09
     8     1 7.770E-04 1.018E-04   442 -8.61E+01 -8.61E+01 1.009E-11 5.803E-13
     9     1 2.479E-01 2.618E-02     1 -5.03E+00 -5.00E+00 8.975E-08 4.609E-09
    10     1 7.770E-04 1.018E-04   442 -8.61E+01 -8.61E+01 1.009E-11 5.803E-13
                        (NSTEP:   251  DELTAT:   3.2441E+00  TIME:   7.9393E+02)
     1     1 3.259E+00 1.611E-01   461 -9.34E+01 -9.35E+01 1.273E-07 4.623E-09
     2     1 3.003E-03 1.778E-04   442 -8.63E+01 -8.63E+01 8.315E-11 4.259E-12
     3     1 1.241E-01 1.312E-02     1 -5.01E+00 -5.00E+00 8.989E-08 4.616E-09
     4     1 1.953E-04 2.563E-05   442 -8.63E+01 -8.63E+01 5.053E-12 2.908E-13
                        (NSTEP:   252  DELTAT:   3.5685E+00  TIME:   7.9750E+02)
     1     1 3.572E+00 1.765E-01   461 -9.32E+01 -9.34E+01 1.271E-07 4.616E-09
     2     1 3.612E-03 2.134E-04   442 -8.61E+01 -8.61E+01 9.112E-11 4.668E-12
     3     1 1.363E-01 1.440E-02     1 -5.01E+00 -5.00E+00 8.974E-08 4.608E-09
     4     1 2.353E-04 3.085E-05   442 -8.61E+01 -8.61E+01 5.548E-12 3.191E-13
                        (NSTEP:   253  DELTAT:   3.9253E+00  TIME:   8.0142E+02)
     1     1 3.914E+00 1.932E-01   461 -9.30E+01 -9.32E+01 1.269E-07 4.608E-09
     2     1 4.341E-03 2.559E-04   442 -8.59E+01 -8.59E+01 9.983E-11 5.114E-12
     3     1 1.497E-01 1.580E-02     1 -5.02E+00 -5.00E+00 8.957E-08 4.600E-09
     4     1 2.834E-04 3.712E-05   442 -8.59E+01 -8.59E+01 6.092E-12 3.502E-13
                        (NSTEP:   254  DELTAT:   4.3179E+00  TIME:   8.0574E+02)
     1     1 4.287E+00 2.114E-01   461 -9.28E+01 -9.30E+01 1.267E-07 4.600E-09
     2     1 5.214E-03 3.067E-04   442 -8.57E+01 -8.57E+01 1.093E-10 5.600E-12
     3     1 1.643E-01 1.733E-02     1 -5.02E+00 -5.00E+00 8.940E-08 4.591E-09
     4     1 3.412E-04 4.464E-05   442 -8.57E+01 -8.57E+01 6.687E-12 3.843E-13
                        (NSTEP:   255  DELTAT:   4.7497E+00  TIME:   8.1049E+02)
     1     1 4.693E+00 2.312E-01   461 -9.25E+01 -9.28E+01 1.264E-07 4.591E-09
     2     1 6.259E-03 3.671E-04   442 -8.55E+01 -8.55E+01 1.197E-10 6.130E-12
     3     1 1.803E-01 1.901E-02     1 -5.02E+00 -5.00E+00 8.920E-08 4.581E-09
     4     1 4.106E-04 5.365E-05   442 -8.55E+01 -8.55E+01 7.340E-12 4.215E-13
                        (NSTEP:   256  DELTAT:   5.2246E+00  TIME:   8.1571E+02)
     1     1 5.135E+00 2.527E-01   461 -9.23E+01 -9.25E+01 1.261E-07 4.581E-09
     2     1 7.506E-03 4.390E-04   442 -8.52E+01 -8.52E+01 1.309E-10 6.707E-12
     3     1 1.978E-01 2.085E-02     1 -5.02E+00 -5.00E+00 8.899E-08 4.570E-09
     4     1 4.938E-04 6.443E-05   442 -8.52E+01 -8.52E+01 8.054E-12 4.622E-13
                        (NSTEP:   257  DELTAT:   5.7471E+00  TIME:   8.2146E+02)
     1     1 5.617E+00 2.761E-01   461 -9.20E+01 -9.23E+01 1.258E-07 4.570E-09
     2     1 8.995E-03 5.244E-04   442 -8.50E+01 -8.50E+01 1.432E-10 7.335E-12
     3     1 2.170E-01 2.285E-02     1 -5.02E+00 -5.00E+00 8.875E-08 4.558E-09
     4     1 5.935E-04 7.733E-05   442 -8.50E+01 -8.50E+01 8.835E-12 5.067E-13
                        (NSTEP:   258  DELTAT:   6.3218E+00  TIME:   8.2778E+02)
     1     1 6.139E+00 3.014E-01   461 -9.17E+01 -9.20E+01 1.255E-07 4.558E-09
     2     1 1.077E-02 6.257E-04   442 -8.47E+01 -8.47E+01 1.565E-10 8.017E-12
     3     1 2.380E-01 2.505E-02     1 -5.03E+00 -5.00E+00 8.850E-08 4.545E-09
     4     1 7.129E-04 9.274E-05   442 -8.47E+01 -8.47E+01 9.690E-12 5.552E-13
                        (NSTEP:   259  DELTAT:   6.9540E+00  TIME:   8.3474E+02)
     1     1 6.707E+00 3.288E-01   461 -9.14E+01 -9.17E+01 1.252E-07 4.545E-09
     2     1 1.288E-02 7.455E-04   442 -8.43E+01 -8.43E+01 1.709E-10 8.757E-12
     3     1 2.610E-01 2.744E-02     1 -5.03E+00 -5.00E+00 8.822E-08 4.531E-09
     4     1 8.558E-04 1.111E-04   442 -8.43E+01 -8.43E+01 1.062E-11 6.083E-13
     5     1 2.610E-01 2.744E-02     1 -5.03E+00 -5.00E+00 8.822E-08 4.531E-09
     6     1 8.558E-04 1.111E-04   442 -8.43E+01 -8.43E+01 1.062E-11 6.083E-13
     7     1 2.610E-01 2.744E-02     1 -5.03E+00 -5.00E+00 8.822E-08 4.531E-09
     8     1 8.558E-04 1.111E-04   442 -8.43E+01 -8.43E+01 1.062E-11 6.083E-13
     9     1 2.610E-01 2.744E-02     1 -5.03E+00 -5.00E+00 8.822E-08 4.531E-09
    10     1 8.558E-04 1.111E-04   442 -8.43E+01 -8.43E+01 1.062E-11 6.083E-13
                        (NSTEP:   259  DELTAT:   3.4770E+00  TIME:   8.3126E+02)
     1     1 3.359E+00 1.647E-01   461 -9.16E+01 -9.17E+01 1.252E-07 4.545E-09
     2     1 3.239E-03 1.878E-04   442 -8.45E+01 -8.45E+01 8.562E-11 4.387E-12
     3     1 1.307E-01 1.375E-02     1 -5.01E+00 -5.00E+00 8.836E-08 4.538E-09
     4     1 2.151E-04 2.797E-05   442 -8.45E+01 -8.45E+01 5.321E-12 3.048E-13
                        (NSTEP:   260  DELTAT:   3.8247E+00  TIME:   8.3508E+02)
     1     1 3.681E+00 1.804E-01   461 -9.14E+01 -9.16E+01 1.250E-07 4.538E-09
     2     1 3.894E-03 2.253E-04   442 -8.43E+01 -8.43E+01 9.382E-11 4.807E-12
     3     1 1.435E-01 1.509E-02     1 -5.02E+00 -5.00E+00 8.821E-08 4.530E-09
     4     1 2.592E-04 3.366E-05   442 -8.43E+01 -8.43E+01 5.843E-12 3.345E-13
                        (NSTEP:   261  DELTAT:   4.2072E+00  TIME:   8.3929E+02)
     1     1 4.032E+00 1.974E-01   461 -9.12E+01 -9.14E+01 1.247E-07 4.530E-09
     2     1 4.679E-03 2.701E-04   442 -8.41E+01 -8.41E+01 1.028E-10 5.266E-12
     3     1 1.576E-01 1.656E-02     1 -5.02E+00 -5.00E+00 8.804E-08 4.521E-09
     4     1 3.121E-04 4.049E-05   442 -8.41E+01 -8.41E+01 6.415E-12 3.671E-13
                        (NSTEP:   262  DELTAT:   4.6279E+00  TIME:   8.4392E+02)
     1     1 4.415E+00 2.160E-01   461 -9.10E+01 -9.12E+01 1.245E-07 4.521E-09
     2     1 5.618E-03 3.235E-04   442 -8.39E+01 -8.39E+01 1.125E-10 5.765E-12
     3     1 1.729E-01 1.816E-02     1 -5.02E+00 -5.00E+00 8.785E-08 4.512E-09
     4     1 3.757E-04 4.868E-05   442 -8.39E+01 -8.39E+01 7.041E-12 4.027E-13
                        (NSTEP:   263  DELTAT:   5.0907E+00  TIME:   8.4901E+02)
     1     1 4.833E+00 2.361E-01   461 -9.07E+01 -9.10E+01 1.242E-07 4.512E-09
     2     1 6.740E-03 3.871E-04   442 -8.37E+01 -8.37E+01 1.231E-10 6.310E-12
     3     1 1.898E-01 1.992E-02     1 -5.02E+00 -5.00E+00 8.765E-08 4.502E-09
     4     1 4.519E-04 5.849E-05   442 -8.37E+01 -8.37E+01 7.727E-12 4.416E-13
                        (NSTEP:   264  DELTAT:   5.5997E+00  TIME:   8.5461E+02)
     1     1 5.287E+00 2.580E-01   461 -9.05E+01 -9.07E+01 1.240E-07 4.502E-09
     2     1 8.081E-03 4.627E-04   442 -8.34E+01 -8.34E+01 1.347E-10 6.902E-12
     3     1 2.082E-01 2.184E-02     1 -5.02E+00 -5.00E+00 8.743E-08 4.490E-09
     4     1 5.434E-04 7.023E-05   442 -8.34E+01 -8.34E+01 8.478E-12 4.842E-13
                        (NSTEP:   265  DELTAT:   6.1597E+00  TIME:   8.6077E+02)
     1     1 5.781E+00 2.818E-01   461 -9.02E+01 -9.05E+01 1.236E-07 4.490E-09
     2     1 9.679E-03 5.524E-04   442 -8.32E+01 -8.32E+01 1.472E-10 7.545E-12
     3     1 2.284E-01 2.394E-02     1 -5.02E+00 -5.00E+00 8.719E-08 4.478E-09
     4     1 6.529E-04 8.426E-05   442 -8.32E+01 -8.32E+01 9.300E-12 5.308E-13
                        (NSTEP:   266  DELTAT:   6.7757E+00  TIME:   8.6755E+02)
     1     1 6.317E+00 3.075E-01   461 -8.99E+01 -9.02E+01 1.233E-07 4.478E-09
     2     1 1.158E-02 6.587E-04   442 -8.29E+01 -8.29E+01 1.608E-10 8.244E-12
     3     1 2.504E-01 2.623E-02     1 -5.03E+00 -5.00E+00 8.693E-08 4.465E-09
     4     1 7.840E-04 1.010E-04   442 -8.29E+01 -8.29E+01 1.020E-11 5.816E-13
     5     1 2.504E-01 2.623E-02     1 -5.03E+00 -5.00E+00 8.693E-08 4.465E-09
     6     1 7.840E-04 1.010E-04   442 -8.29E+01 -8.29E+01 1.020E-11 5.816E-13
     7     1 2.504E-01 2.623E-02     1 -5.03E+00 -5.00E+00 8.693E-08 4.465E-09
     8     1 7.840E-04 1.010E-04   442 -8.29E+01 -8.29E+01 1.020E-11 5.816E-13
     9     1 2.504E-01 2.623E-02     1 -5.03E+00 -5.00E+00 8.693E-08 4.465E-09
    10     1 7.840E-04 1.010E-04   442 -8.29E+01 -8.29E+01 1.020E-11 5.816E-13
                        (NSTEP:   266  DELTAT:   3.3878E+00  TIME:   8.6416E+02)
     1     1 3.163E+00 1.541E-01   461 -9.00E+01 -9.02E+01 1.233E-07 4.478E-09
     2     1 2.912E-03 1.659E-04   442 -8.30E+01 -8.30E+01 8.058E-11 4.130E-12
     3     1 1.254E-01 1.314E-02     1 -5.01E+00 -5.00E+00 8.706E-08 4.471E-09
     4     1 1.970E-04 2.542E-05   442 -8.30E+01 -8.30E+01 5.107E-12 2.914E-13
                        (NSTEP:   267  DELTAT:   3.7266E+00  TIME:   8.6788E+02)
     1     1 3.467E+00 1.687E-01   461 -8.99E+01 -9.00E+01 1.231E-07 4.471E-09
     2     1 3.502E-03 1.991E-04   442 -8.28E+01 -8.28E+01 8.831E-11 4.526E-12
     3     1 1.377E-01 1.443E-02     1 -5.01E+00 -5.00E+00 8.692E-08 4.464E-09
     4     1 2.374E-04 3.060E-05   442 -8.28E+01 -8.28E+01 5.608E-12 3.198E-13
                        (NSTEP:   268  DELTAT:   4.0993E+00  TIME:   8.7198E+02)
     1     1 3.799E+00 1.847E-01   461 -8.97E+01 -8.99E+01 1.229E-07 4.464E-09
     2     1 4.209E-03 2.388E-04   442 -8.27E+01 -8.27E+01 9.674E-11 4.959E-12
     3     1 1.512E-01 1.583E-02     1 -5.02E+00 -5.00E+00 8.676E-08 4.456E-09
     4     1 2.860E-04 3.682E-05   442 -8.27E+01 -8.27E+01 6.158E-12 3.510E-13
                        (NSTEP:   269  DELTAT:   4.5092E+00  TIME:   8.7649E+02)
     1     1 4.161E+00 2.021E-01   461 -8.95E+01 -8.97E+01 1.227E-07 4.456E-09
     2     1 5.055E-03 2.861E-04   442 -8.25E+01 -8.25E+01 1.059E-10 5.430E-12
     3     1 1.660E-01 1.737E-02     1 -5.02E+00 -5.00E+00 8.659E-08 4.447E-09
     4     1 3.443E-04 4.428E-05   442 -8.25E+01 -8.25E+01 6.760E-12 3.851E-13
                        (NSTEP:   270  DELTAT:   4.9601E+00  TIME:   8.8145E+02)
     1     1 4.555E+00 2.211E-01   461 -8.93E+01 -8.95E+01 1.225E-07 4.447E-09
     2     1 6.067E-03 3.425E-04   442 -8.22E+01 -8.22E+01 1.160E-10 5.944E-12
     3     1 1.822E-01 1.905E-02     1 -5.02E+00 -5.00E+00 8.640E-08 4.437E-09
     4     1 4.143E-04 5.322E-05   442 -8.22E+01 -8.22E+01 7.419E-12 4.224E-13
                        (NSTEP:   271  DELTAT:   5.4561E+00  TIME:   8.8691E+02)
     1     1 4.984E+00 2.416E-01   461 -8.90E+01 -8.93E+01 1.222E-07 4.437E-09
     2     1 7.277E-03 4.096E-04   442 -8.20E+01 -8.20E+01 1.269E-10 6.504E-12
     3     1 1.999E-01 2.089E-02     1 -5.02E+00 -5.00E+00 8.619E-08 4.427E-09
     4     1 4.983E-04 6.392E-05   442 -8.20E+01 -8.20E+01 8.141E-12 4.632E-13
                        (NSTEP:   272  DELTAT:   6.0017E+00  TIME:   8.9291E+02)
     1     1 5.451E+00 2.640E-01   461 -8.88E+01 -8.90E+01 1.219E-07 4.427E-09
     2     1 8.720E-03 4.893E-04   442 -8.18E+01 -8.18E+01 1.387E-10 7.112E-12
     3     1 2.193E-01 2.291E-02     1 -5.02E+00 -5.00E+00 8.597E-08 4.415E-09
     4     1 5.989E-04 7.672E-05   442 -8.18E+01 -8.18E+01 8.931E-12 5.078E-13
                        (NSTEP:   273  DELTAT:   6.6019E+00  TIME:   8.9951E+02)
     1     1 5.959E+00 2.882E-01   461 -8.85E+01 -8.88E+01 1.216E-07 4.415E-09
     2     1 1.044E-02 5.839E-04   442 -8.15E+01 -8.15E+01 1.516E-10 7.773E-12
     3     1 2.405E-01 2.510E-02     1 -5.03E+00 -5.00E+00 8.572E-08 4.402E-09
     4     1 7.194E-04 9.202E-05   442 -8.15E+01 -8.15E+01 9.795E-12 5.566E-13
                        (NSTEP:   274  DELTAT:   7.2621E+00  TIME:   9.0677E+02)
     1     1 6.510E+00 3.144E-01   461 -8.82E+01 -8.85E+01 1.212E-07 4.402E-09
     2     1 1.249E-02 6.957E-04   442 -8.12E+01 -8.12E+01 1.656E-10 8.489E-12
     3     1 2.636E-01 2.750E-02     1 -5.03E+00 -5.00E+00 8.545E-08 4.389E-09
     4     1 8.636E-04 1.103E-04   442 -8.12E+01 -8.12E+01 1.074E-11 6.097E-13
     5     1 2.636E-01 2.750E-02     1 -5.03E+00 -5.00E+00 8.545E-08 4.389E-09
     6     1 8.636E-04 1.103E-04   442 -8.12E+01 -8.12E+01 1.074E-11 6.097E-13
     7     1 2.636E-01 2.750E-02     1 -5.03E+00 -5.00E+00 8.545E-08 4.389E-09
     8     1 8.636E-04 1.103E-04   442 -8.12E+01 -8.12E+01 1.074E-11 6.097E-13
     9     1 2.636E-01 2.750E-02     1 -5.03E+00 -5.00E+00 8.545E-08 4.389E-09
    10     1 8.636E-04 1.103E-04   442 -8.12E+01 -8.12E+01 1.074E-11 6.097E-13
                        (NSTEP:   274  DELTAT:   3.6311E+00  TIME:   9.0314E+02)
     1     1 3.260E+00 1.575E-01   461 -8.83E+01 -8.85E+01 1.212E-07 4.402E-09
     2     1 3.139E-03 1.753E-04   442 -8.13E+01 -8.13E+01 8.296E-11 4.254E-12
     3     1 1.320E-01 1.378E-02     1 -5.01E+00 -5.00E+00 8.558E-08 4.396E-09
     4     1 2.171E-04 2.776E-05   442 -8.13E+01 -8.13E+01 5.379E-12 3.055E-13
                        (NSTEP:   275  DELTAT:   3.9942E+00  TIME:   9.0714E+02)
     1     1 3.573E+00 1.725E-01   461 -8.81E+01 -8.83E+01 1.210E-07 4.396E-09
     2     1 3.774E-03 2.103E-04   442 -8.11E+01 -8.11E+01 9.090E-11 4.661E-12
     3     1 1.450E-01 1.513E-02     1 -5.02E+00 -5.00E+00 8.543E-08 4.388E-09
     4     1 2.615E-04 3.341E-05   442 -8.11E+01 -8.11E+01 5.906E-12 3.353E-13
                        (NSTEP:   276  DELTAT:   4.3936E+00  TIME:   9.1153E+02)
     1     1 3.914E+00 1.888E-01   461 -8.79E+01 -8.81E+01 1.208E-07 4.388E-09
     2     1 4.535E-03 2.521E-04   442 -8.10E+01 -8.10E+01 9.956E-11 5.105E-12
     3     1 1.592E-01 1.660E-02     1 -5.02E+00 -5.00E+00 8.527E-08 4.380E-09
     4     1 3.149E-04 4.019E-05   442 -8.10E+01 -8.10E+01 6.484E-12 3.680E-13
                        (NSTEP:   277  DELTAT:   4.8329E+00  TIME:   9.1636E+02)
     1     1 4.285E+00 2.065E-01   461 -8.77E+01 -8.79E+01 1.206E-07 4.380E-09
     2     1 5.445E-03 3.019E-04   442 -8.08E+01 -8.08E+01 1.090E-10 5.589E-12
     3     1 1.747E-01 1.821E-02     1 -5.02E+00 -5.00E+00 8.509E-08 4.370E-09
     4     1 3.791E-04 4.832E-05   442 -8.08E+01 -8.08E+01 7.117E-12 4.037E-13
                        (NSTEP:   278  DELTAT:   5.3162E+00  TIME:   9.2168E+02)
     1     1 4.690E+00 2.258E-01   461 -8.75E+01 -8.77E+01 1.203E-07 4.370E-09
     2     1 6.533E-03 3.613E-04   442 -8.05E+01 -8.05E+01 1.193E-10 6.116E-12
     3     1 1.917E-01 1.997E-02     1 -5.02E+00 -5.00E+00 8.490E-08 4.361E-09
     4     1 4.560E-04 5.806E-05   442 -8.05E+01 -8.05E+01 7.811E-12 4.427E-13
                        (NSTEP:   279  DELTAT:   5.8479E+00  TIME:   9.2753E+02)
     1     1 5.131E+00 2.468E-01   461 -8.73E+01 -8.75E+01 1.201E-07 4.361E-09
     2     1 7.832E-03 4.323E-04   484 -8.72E+01 -8.72E+01 1.305E-10 6.690E-12
     3     1 2.103E-01 2.190E-02     1 -5.02E+00 -5.00E+00 8.469E-08 4.350E-09
     4     1 5.483E-04 6.971E-05   442 -8.03E+01 -8.03E+01 8.570E-12 4.855E-13
                        (NSTEP:   280  DELTAT:   6.4326E+00  TIME:   9.3396E+02)
     1     1 5.610E+00 2.695E-01   461 -8.70E+01 -8.73E+01 1.198E-07 4.350E-09
     2     1 9.381E-03 5.167E-04   484 -8.69E+01 -8.69E+01 1.426E-10 7.314E-12
     3     1 2.307E-01 2.400E-02     1 -5.02E+00 -5.00E+00 8.445E-08 4.338E-09
     4     1 6.589E-04 8.364E-05   442 -8.00E+01 -8.00E+01 9.400E-12 5.321E-13
                        (NSTEP:   281  DELTAT:   7.0759E+00  TIME:   9.4104E+02)
     1     1 6.131E+00 2.942E-01   838 -1.02E+02 -1.03E+02 1.194E-07 4.338E-09
     2     1 1.123E-02 6.169E-04   484 -8.66E+01 -8.66E+01 1.558E-10 7.991E-12
     3     1 2.530E-01 2.630E-02     1 -5.03E+00 -5.00E+00 8.420E-08 4.325E-09
     4     1 7.912E-04 1.003E-04   442 -7.97E+01 -7.97E+01 1.031E-11 5.831E-13
     5     1 2.530E-01 2.630E-02     1 -5.03E+00 -5.00E+00 8.420E-08 4.325E-09
     6     1 7.912E-04 1.003E-04   442 -7.97E+01 -7.97E+01 1.031E-11 5.831E-13
     7     1 2.530E-01 2.630E-02     1 -5.03E+00 -5.00E+00 8.420E-08 4.325E-09
     8     1 7.912E-04 1.003E-04   442 -7.97E+01 -7.97E+01 1.031E-11 5.831E-13
     9     1 2.530E-01 2.630E-02     1 -5.03E+00 -5.00E+00 8.420E-08 4.325E-09
    10     1 7.912E-04 1.003E-04   442 -7.97E+01 -7.97E+01 1.031E-11 5.831E-13
                        (NSTEP:   281  DELTAT:   3.5380E+00  TIME:   9.3750E+02)
     1     1 3.070E+00 1.473E-01   461 -8.69E+01 -8.70E+01 1.194E-07 4.338E-09
     2     1 2.822E-03 1.552E-04   484 -8.68E+01 -8.68E+01 7.806E-11 4.003E-12
     3     1 1.267E-01 1.318E-02     1 -5.01E+00 -5.00E+00 8.432E-08 4.331E-09
     4     1 1.989E-04 2.523E-05   442 -7.99E+01 -7.99E+01 5.162E-12 2.921E-13
                        (NSTEP:   282  DELTAT:   3.8917E+00  TIME:   9.4139E+02)
     1     1 3.365E+00 1.615E-01   838 -1.02E+02 -1.02E+02 1.193E-07 4.331E-09
     2     1 3.394E-03 1.865E-04   484 -8.66E+01 -8.66E+01 8.555E-11 4.387E-12
     3     1 1.391E-01 1.446E-02     1 -5.01E+00 -5.00E+00 8.418E-08 4.324E-09
     4     1 2.396E-04 3.038E-05   442 -7.97E+01 -7.97E+01 5.669E-12 3.207E-13
                        (NSTEP:   283  DELTAT:   4.2809E+00  TIME:   9.4567E+02)
     1     1 3.687E+00 1.769E-01   838 -1.02E+02 -1.02E+02 1.191E-07 4.324E-09
     2     1 4.079E-03 2.238E-04   484 -8.64E+01 -8.64E+01 9.371E-11 4.806E-12
     3     1 1.528E-01 1.587E-02     1 -5.02E+00 -5.00E+00 8.403E-08 4.316E-09
     4     1 2.886E-04 3.656E-05   442 -7.96E+01 -7.96E+01 6.224E-12 3.519E-13
                        (NSTEP:   284  DELTAT:   4.7090E+00  TIME:   9.5038E+02)
     1     1 4.038E+00 1.938E-01   838 -1.02E+02 -1.02E+02 1.188E-07 4.316E-09
     2     1 4.899E-03 2.684E-04   484 -8.62E+01 -8.62E+01 1.026E-10 5.263E-12
     3     1 1.677E-01 1.742E-02     1 -5.02E+00 -5.00E+00 8.386E-08 4.308E-09
     4     1 3.474E-04 4.396E-05   442 -7.94E+01 -7.94E+01 6.833E-12 3.861E-13
                        (NSTEP:   285  DELTAT:   5.1799E+00  TIME:   9.5556E+02)
     1     1 4.421E+00 2.121E-01   838 -1.02E+02 -1.02E+02 1.186E-07 4.308E-09
     2     1 5.880E-03 3.216E-04   484 -8.60E+01 -8.60E+01 1.123E-10 5.761E-12
     3     1 1.840E-01 1.910E-02     1 -5.02E+00 -5.00E+00 8.368E-08 4.298E-09
     4     1 4.181E-04 5.284E-05   442 -7.92E+01 -7.92E+01 7.499E-12 4.236E-13
                        (NSTEP:   286  DELTAT:   5.6979E+00  TIME:   9.6126E+02)
     1     1 4.837E+00 2.321E-01   838 -1.02E+02 -1.02E+02 1.183E-07 4.298E-09
     2     1 7.052E-03 3.850E-04   484 -8.58E+01 -8.58E+01 1.229E-10 6.303E-12
     3     1 2.019E-01 2.095E-02     1 -5.02E+00 -5.00E+00 8.348E-08 4.288E-09
     4     1 5.028E-04 6.348E-05   442 -7.89E+01 -7.89E+01 8.229E-12 4.645E-13
                        (NSTEP:   287  DELTAT:   6.2677E+00  TIME:   9.6753E+02)
     1     1 5.290E+00 2.539E-01   821 -1.01E+02 -1.02E+02 1.181E-07 4.288E-09
     2     1 8.451E-03 4.605E-04   484 -8.56E+01 -8.56E+01 1.344E-10 6.892E-12
     3     1 2.215E-01 2.297E-02     1 -5.02E+00 -5.00E+00 8.326E-08 4.277E-09
     4     1 6.044E-04 7.619E-05   442 -7.87E+01 -7.87E+01 9.028E-12 5.092E-13
                        (NSTEP:   288  DELTAT:   6.8945E+00  TIME:   9.7442E+02)
     1     1 5.783E+00 2.775E-01   821 -1.01E+02 -1.01E+02 1.177E-07 4.277E-09
     2     1 1.012E-02 5.501E-04   484 -8.53E+01 -8.53E+01 1.468E-10 7.532E-12
     3     1 2.429E-01 2.517E-02     1 -5.03E+00 -5.00E+00 8.302E-08 4.264E-09
     4     1 7.261E-04 9.139E-05   442 -7.84E+01 -7.84E+01 9.901E-12 5.581E-13
                        (NSTEP:   289  DELTAT:   7.5839E+00  TIME:   9.8200E+02)
     1     1 6.317E+00 3.031E-01   821 -1.01E+02 -1.01E+02 1.174E-07 4.264E-09
     2     1 1.210E-02 6.563E-04   484 -8.50E+01 -8.50E+01 1.604E-10 8.226E-12
     3     1 2.664E-01 2.758E-02     1 -5.03E+00 -5.00E+00 8.276E-08 4.251E-09
     4     1 8.716E-04 1.095E-04   442 -7.81E+01 -7.81E+01 1.086E-11 6.114E-13
     5     1 2.664E-01 2.758E-02     1 -5.03E+00 -5.00E+00 8.276E-08 4.251E-09
     6     1 8.716E-04 1.095E-04   442 -7.81E+01 -7.81E+01 1.086E-11 6.114E-13
     7     1 2.664E-01 2.758E-02     1 -5.03E+00 -5.00E+00 8.276E-08 4.251E-09
     8     1 8.716E-04 1.095E-04   442 -7.81E+01 -7.81E+01 1.086E-11 6.114E-13
     9     1 2.664E-01 2.758E-02     1 -5.03E+00 -5.00E+00 8.276E-08 4.251E-09
    10     1 8.716E-04 1.095E-04   442 -7.81E+01 -7.81E+01 1.086E-11 6.114E-13
                        (NSTEP:   289  DELTAT:   3.7920E+00  TIME:   9.7821E+02)
     1     1 3.164E+00 1.518E-01   821 -1.01E+02 -1.01E+02 1.174E-07 4.264E-09
     2     1 3.042E-03 1.652E-04   484 -8.51E+01 -8.51E+01 8.035E-11 4.122E-12
     3     1 1.334E-01 1.382E-02     1 -5.01E+00 -5.00E+00 8.289E-08 4.258E-09
     4     1 2.191E-04 2.757E-05   442 -7.83E+01 -7.83E+01 5.437E-12 3.064E-13
                        (NSTEP:   290  DELTAT:   4.1712E+00  TIME:   9.8238E+02)
     1     1 3.467E+00 1.664E-01   821 -1.01E+02 -1.01E+02 1.172E-07 4.258E-09
     2     1 3.658E-03 1.984E-04   484 -8.50E+01 -8.50E+01 8.804E-11 4.516E-12
     3     1 1.465E-01 1.517E-02     1 -5.02E+00 -5.00E+00 8.274E-08 4.250E-09
     4     1 2.640E-04 3.318E-05   442 -7.81E+01 -7.81E+01 5.970E-12 3.363E-13
                        (NSTEP:   291  DELTAT:   4.5883E+00  TIME:   9.8697E+02)
     1     1 3.798E+00 1.822E-01   821 -1.00E+02 -1.01E+02 1.170E-07 4.250E-09
     2     1 4.395E-03 2.380E-04   484 -8.48E+01 -8.48E+01 9.642E-11 4.947E-12
     3     1 1.608E-01 1.664E-02     1 -5.02E+00 -5.00E+00 8.259E-08 4.242E-09
     4     1 3.179E-04 3.992E-05   442 -7.79E+01 -7.79E+01 6.554E-12 3.690E-13
                        (NSTEP:   292  DELTAT:   5.0471E+00  TIME:   9.9202E+02)
     1     1 4.159E+00 1.996E-01   821 -1.00E+02 -1.00E+02 1.168E-07 4.242E-09
     2     1 5.277E-03 2.853E-04   484 -8.46E+01 -8.46E+01 1.056E-10 5.416E-12
     3     1 1.765E-01 1.826E-02     1 -5.02E+00 -5.00E+00 8.241E-08 4.233E-09
     4     1 3.826E-04 4.800E-05   442 -7.78E+01 -7.78E+01 7.194E-12 4.048E-13
                        (NSTEP:   293  DELTAT:   5.5518E+00  TIME:   9.9757E+02)
     1     1 4.552E+00 2.184E-01   821 -1.00E+02 -1.00E+02 1.165E-07 4.233E-09
     2     1 6.331E-03 3.418E-04   484 -8.44E+01 -8.44E+01 1.155E-10 5.926E-12
     3     1 1.937E-01 2.003E-02     1 -5.02E+00 -5.00E+00 8.223E-08 4.224E-09
     4     1 4.603E-04 5.768E-05   442 -7.75E+01 -7.75E+01 7.895E-12 4.440E-13
                        (NSTEP:   294  DELTAT:   6.1070E+00  TIME:   1.0037E+03)
     1     1 4.980E+00 2.389E-01   821 -9.98E+01 -1.00E+02 1.163E-07 4.224E-09
     2     1 7.589E-03 4.090E-04   484 -8.41E+01 -8.41E+01 1.263E-10 6.482E-12
     3     1 2.125E-01 2.196E-02     1 -5.02E+00 -5.00E+00 8.202E-08 4.213E-09
     4     1 5.534E-04 6.926E-05   442 -7.73E+01 -7.73E+01 8.662E-12 4.869E-13
                        (NSTEP:   295  DELTAT:   6.7177E+00  TIME:   1.0104E+03)
     1     1 5.445E+00 2.612E-01   821 -9.96E+01 -9.98E+01 1.160E-07 4.213E-09
     2     1 9.090E-03 4.888E-04   484 -8.39E+01 -8.39E+01 1.381E-10 7.086E-12
     3     1 2.331E-01 2.407E-02     1 -5.02E+00 -5.00E+00 8.179E-08 4.201E-09
     4     1 6.650E-04 8.311E-05   442 -7.71E+01 -7.71E+01 9.502E-12 5.337E-13
                        (NSTEP:   296  DELTAT:   7.3895E+00  TIME:   1.0178E+03)
     1     1 5.950E+00 2.855E-01   821 -9.93E+01 -9.96E+01 1.157E-07 4.201E-09
     2     1 1.088E-02 5.836E-04   484 -8.36E+01 -8.36E+01 1.509E-10 7.741E-12
     3     1 2.556E-01 2.638E-02     1 -5.03E+00 -5.00E+00 8.155E-08 4.189E-09
     4     1 7.986E-04 9.965E-05   442 -7.68E+01 -7.68E+01 1.042E-11 5.848E-13
                        (NSTEP:   297  DELTAT:   8.1284E+00  TIME:   1.0259E+03)
     1     1 6.498E+00 3.118E-01   821 -9.90E+01 -9.93E+01 1.153E-07 4.189E-09
     2     1 1.300E-02 6.959E-04   484 -8.33E+01 -8.33E+01 1.647E-10 8.452E-12
     3     1 2.802E-01 2.889E-02     1 -5.03E+00 -5.00E+00 8.128E-08 4.175E-09
     4     1 9.583E-04 1.194E-04   442 -7.65E+01 -7.65E+01 1.142E-11 6.406E-13
     5     1 2.802E-01 2.889E-02     1 -5.03E+00 -5.00E+00 8.128E-08 4.175E-09
     6     1 9.583E-04 1.194E-04   442 -7.65E+01 -7.65E+01 1.142E-11 6.406E-13
     7     1 2.802E-01 2.889E-02     1 -5.03E+00 -5.00E+00 8.128E-08 4.175E-09
     8     1 9.583E-04 1.194E-04   442 -7.65E+01 -7.65E+01 1.142E-11 6.406E-13
     9     1 2.802E-01 2.889E-02     1 -5.03E+00 -5.00E+00 8.128E-08 4.175E-09
    10     1 9.583E-04 1.194E-04   442 -7.65E+01 -7.65E+01 1.142E-11 6.406E-13
                        (NSTEP:   297  DELTAT:   4.0642E+00  TIME:   1.0218E+03)
     1     1 3.254E+00 1.561E-01   821 -9.91E+01 -9.93E+01 1.153E-07 4.189E-09
     2     1 3.270E-03 1.752E-04   484 -8.34E+01 -8.34E+01 8.254E-11 4.235E-12
     3     1 1.403E-01 1.448E-02     1 -5.01E+00 -5.00E+00 8.141E-08 4.182E-09
     4     1 2.410E-04 3.006E-05   442 -7.66E+01 -7.66E+01 5.722E-12 3.210E-13
                        (NSTEP:   298  DELTAT:   4.4706E+00  TIME:   1.0263E+03)
     1     1 3.566E+00 1.711E-01   821 -9.89E+01 -9.91E+01 1.151E-07 4.182E-09
     2     1 3.930E-03 2.103E-04   484 -8.33E+01 -8.33E+01 9.042E-11 4.640E-12
     3     1 1.541E-01 1.589E-02     1 -5.02E+00 -5.00E+00 8.126E-08 4.174E-09
     4     1 2.902E-04 3.617E-05   442 -7.65E+01 -7.65E+01 6.282E-12 3.523E-13
                        (NSTEP:   299  DELTAT:   4.9177E+00  TIME:   1.0312E+03)
     1     1 3.905E+00 1.874E-01   821 -9.88E+01 -9.89E+01 1.149E-07 4.174E-09
     2     1 4.721E-03 2.523E-04   484 -8.31E+01 -8.31E+01 9.901E-11 5.081E-12
     3     1 1.691E-01 1.744E-02     1 -5.02E+00 -5.00E+00 8.110E-08 4.166E-09
     4     1 3.494E-04 4.350E-05   442 -7.63E+01 -7.63E+01 6.896E-12 3.866E-13
                        (NSTEP:   300  DELTAT:   5.4094E+00  TIME:   1.0366E+03)
     1     1 4.275E+00 2.051E-01   821 -9.86E+01 -9.88E+01 1.147E-07 4.166E-09
     2     1 5.666E-03 3.023E-04   484 -8.29E+01 -8.29E+01 1.084E-10 5.561E-12
     3     1 1.856E-01 1.913E-02     1 -5.02E+00 -5.00E+00 8.092E-08 4.157E-09
     4     1 4.205E-04 5.229E-05   442 -7.61E+01 -7.61E+01 7.569E-12 4.241E-13
                        (NSTEP:   301  DELTAT:   5.9504E+00  TIME:   1.0426E+03)
     1     1 4.678E+00 2.244E-01   821 -9.83E+01 -9.86E+01 1.144E-07 4.157E-09
     2     1 6.795E-03 3.619E-04   484 -8.27E+01 -8.27E+01 1.186E-10 6.084E-12
     3     1 2.037E-01 2.098E-02     1 -5.02E+00 -5.00E+00 8.073E-08 4.147E-09
     4     1 5.057E-04 6.282E-05   442 -7.59E+01 -7.59E+01 8.305E-12 4.651E-13
                        (NSTEP:   302  DELTAT:   6.5454E+00  TIME:   1.0491E+03)
     1     1 5.117E+00 2.455E-01   821 -9.81E+01 -9.83E+01 1.142E-07 4.147E-09
     2     1 8.142E-03 4.329E-04   484 -8.24E+01 -8.24E+01 1.296E-10 6.653E-12
     3     1 2.235E-01 2.300E-02     1 -5.02E+00 -5.00E+00 8.052E-08 4.136E-09
     4     1 6.079E-04 7.541E-05   442 -7.57E+01 -7.57E+01 9.111E-12 5.099E-13
                        (NSTEP:   303  DELTAT:   7.2000E+00  TIME:   1.0563E+03)
     1     1 5.593E+00 2.683E-01   821 -9.78E+01 -9.81E+01 1.139E-07 4.136E-09
     2     1 9.748E-03 5.171E-04   484 -8.22E+01 -8.22E+01 1.417E-10 7.270E-12
     3     1 2.451E-01 2.521E-02     1 -5.03E+00 -5.00E+00 8.028E-08 4.124E-09
     4     1 7.302E-04 9.046E-05   442 -7.54E+01 -7.54E+01 9.993E-12 5.588E-13
                        (NSTEP:   304  DELTAT:   7.9200E+00  TIME:   1.0643E+03)
     1     1 6.110E+00 2.931E-01   821 -9.75E+01 -9.78E+01 1.135E-07 4.124E-09
     2     1 1.166E-02 6.170E-04   484 -8.19E+01 -8.19E+01 1.547E-10 7.940E-12
     3     1 2.687E-01 2.762E-02     1 -5.03E+00 -5.00E+00 8.003E-08 4.111E-09
     4     1 8.766E-04 1.084E-04   442 -7.51E+01 -7.51E+01 1.096E-11 6.123E-13
     5     1 2.687E-01 2.762E-02     1 -5.03E+00 -5.00E+00 8.003E-08 4.111E-09
     6     1 8.766E-04 1.084E-04   442 -7.51E+01 -7.51E+01 1.096E-11 6.123E-13
     7     1 2.687E-01 2.762E-02     1 -5.03E+00 -5.00E+00 8.003E-08 4.111E-09
     8     1 8.766E-04 1.084E-04   442 -7.51E+01 -7.51E+01 1.096E-11 6.123E-13
     9     1 2.687E-01 2.762E-02     1 -5.03E+00 -5.00E+00 8.003E-08 4.111E-09
    10     1 8.766E-04 1.084E-04   442 -7.51E+01 -7.51E+01 1.096E-11 6.123E-13
                        (NSTEP:   304  DELTAT:   3.9600E+00  TIME:   1.0603E+03)
     1     1 3.060E+00 1.468E-01   821 -9.77E+01 -9.78E+01 1.135E-07 4.124E-09
     2     1 2.931E-03 1.553E-04   484 -8.20E+01 -8.20E+01 7.751E-11 3.978E-12
     3     1 1.346E-01 1.384E-02     1 -5.01E+00 -5.00E+00 8.016E-08 4.117E-09
     4     1 2.204E-04 2.729E-05   442 -7.53E+01 -7.53E+01 5.488E-12 3.068E-13
                        (NSTEP:   305  DELTAT:   4.3560E+00  TIME:   1.0647E+03)
     1     1 3.353E+00 1.609E-01   821 -9.75E+01 -9.77E+01 1.134E-07 4.117E-09
     2     1 3.524E-03 1.865E-04   484 -8.19E+01 -8.19E+01 8.493E-11 4.359E-12
     3     1 1.478E-01 1.519E-02     1 -5.02E+00 -5.00E+00 8.002E-08 4.110E-09
     4     1 2.655E-04 3.285E-05   442 -7.51E+01 -7.51E+01 6.026E-12 3.367E-13
                        (NSTEP:   306  DELTAT:   4.7916E+00  TIME:   1.0695E+03)
     1     1 3.673E+00 1.762E-01   821 -9.73E+01 -9.75E+01 1.132E-07 4.110E-09
     2     1 4.234E-03 2.238E-04   484 -8.17E+01 -8.17E+01 9.301E-11 4.774E-12
     3     1 1.622E-01 1.667E-02     1 -5.02E+00 -5.00E+00 7.987E-08 4.103E-09
     4     1 3.197E-04 3.952E-05   442 -7.49E+01 -7.49E+01 6.615E-12 3.695E-13
                        (NSTEP:   307  DELTAT:   5.2707E+00  TIME:   1.0747E+03)
     1     1 4.022E+00 1.930E-01   821 -9.71E+01 -9.73E+01 1.129E-07 4.103E-09
     2     1 5.084E-03 2.683E-04   484 -8.15E+01 -8.15E+01 1.018E-10 5.227E-12
     3     1 1.781E-01 1.829E-02     1 -5.02E+00 -5.00E+00 7.970E-08 4.094E-09
     4     1 3.848E-04 4.752E-05   442 -7.48E+01 -7.48E+01 7.261E-12 4.054E-13
                        (NSTEP:   308  DELTAT:   5.7978E+00  TIME:   1.0805E+03)
     1     1 4.402E+00 2.112E-01   821 -9.69E+01 -9.71E+01 1.127E-07 4.094E-09
     2     1 6.100E-03 3.213E-04   484 -8.13E+01 -8.13E+01 1.114E-10 5.720E-12
     3     1 1.954E-01 2.006E-02     1 -5.02E+00 -5.00E+00 7.952E-08 4.085E-09
     4     1 4.630E-04 5.711E-05   442 -7.46E+01 -7.46E+01 7.969E-12 4.447E-13
                        (NSTEP:   309  DELTAT:   6.3776E+00  TIME:   1.0869E+03)
     1     1 4.816E+00 2.310E-01   821 -9.67E+01 -9.69E+01 1.125E-07 4.085E-09
     2     1 7.312E-03 3.845E-04   484 -8.11E+01 -8.11E+01 1.219E-10 6.256E-12
     3     1 2.144E-01 2.199E-02     1 -5.02E+00 -5.00E+00 7.932E-08 4.074E-09
     4     1 5.567E-04 6.858E-05   442 -7.43E+01 -7.43E+01 8.743E-12 4.876E-13
                        (NSTEP:   310  DELTAT:   7.0154E+00  TIME:   1.0939E+03)
     1     1 5.266E+00 2.526E-01   821 -9.64E+01 -9.67E+01 1.122E-07 4.074E-09
     2     1 8.758E-03 4.597E-04   484 -8.08E+01 -8.08E+01 1.332E-10 6.839E-12
     3     1 2.351E-01 2.411E-02     1 -5.02E+00 -5.00E+00 7.910E-08 4.063E-09
     4     1 6.689E-04 8.231E-05   442 -7.41E+01 -7.41E+01 9.590E-12 5.345E-13
                        (NSTEP:   311  DELTAT:   7.7169E+00  TIME:   1.1016E+03)
     1     1 5.754E+00 2.760E-01   821 -9.62E+01 -9.65E+01 1.119E-07 4.063E-09
     2     1 1.048E-02 5.488E-04   484 -8.06E+01 -8.06E+01 1.455E-10 7.471E-12
     3     1 2.579E-01 2.642E-02     1 -5.03E+00 -5.00E+00 7.886E-08 4.051E-09
     4     1 8.033E-04 9.870E-05   442 -7.38E+01 -7.38E+01 1.052E-11 5.857E-13
                        (NSTEP:   312  DELTAT:   8.4886E+00  TIME:   1.1101E+03)
     1     1 6.284E+00 3.014E-01   821 -9.59E+01 -9.62E+01 1.115E-07 4.051E-09
     2     1 1.253E-02 6.544E-04   484 -8.03E+01 -8.03E+01 1.589E-10 8.156E-12
     3     1 2.827E-01 2.894E-02     1 -5.03E+00 -5.00E+00 7.860E-08 4.038E-09
     4     1 9.640E-04 1.183E-04   442 -7.36E+01 -7.36E+01 1.153E-11 6.416E-13
     5     1 2.827E-01 2.894E-02     1 -5.03E+00 -5.00E+00 7.860E-08 4.038E-09
     6     1 9.640E-04 1.183E-04   442 -7.36E+01 -7.36E+01 1.153E-11 6.416E-13
     7     1 2.827E-01 2.894E-02     1 -5.03E+00 -5.00E+00 7.860E-08 4.038E-09
     8     1 9.640E-04 1.183E-04   442 -7.36E+01 -7.36E+01 1.153E-11 6.416E-13
     9     1 2.827E-01 2.894E-02     1 -5.03E+00 -5.00E+00 7.860E-08 4.038E-09
    10     1 9.640E-04 1.183E-04   442 -7.36E+01 -7.36E+01 1.153E-11 6.416E-13
                        (NSTEP:   312  DELTAT:   4.2443E+00  TIME:   1.1059E+03)
     1     1 3.148E+00 1.510E-01   821 -9.60E+01 -9.62E+01 1.115E-07 4.051E-09
     2     1 3.151E-03 1.648E-04   484 -8.04E+01 -8.04E+01 7.961E-11 4.087E-12
     3     1 1.416E-01 1.450E-02     1 -5.01E+00 -5.00E+00 7.873E-08 4.044E-09
     4     1 2.424E-04 2.977E-05   442 -7.37E+01 -7.37E+01 5.775E-12 3.215E-13
                        (NSTEP:   313  DELTAT:   4.6687E+00  TIME:   1.1105E+03)
     1     1 3.449E+00 1.654E-01   821 -9.59E+01 -9.60E+01 1.113E-07 4.044E-09
     2     1 3.787E-03 1.978E-04   484 -8.03E+01 -8.03E+01 8.721E-11 4.477E-12
     3     1 1.555E-01 1.592E-02     1 -5.02E+00 -5.00E+00 7.859E-08 4.037E-09
     4     1 2.920E-04 3.583E-05   442 -7.36E+01 -7.36E+01 6.340E-12 3.529E-13
                        (NSTEP:   314  DELTAT:   5.1356E+00  TIME:   1.1157E+03)
     1     1 3.777E+00 1.812E-01   842 -9.57E+01 -9.59E+01 1.111E-07 4.037E-09
     2     1 4.548E-03 2.372E-04   484 -8.01E+01 -8.01E+01 9.549E-11 4.903E-12
     3     1 1.706E-01 1.747E-02     1 -5.02E+00 -5.00E+00 7.843E-08 4.029E-09
     4     1 3.515E-04 4.309E-05   442 -7.34E+01 -7.34E+01 6.960E-12 3.872E-13
                        (NSTEP:   315  DELTAT:   5.6492E+00  TIME:   1.1213E+03)
     1     1 4.135E+00 1.983E-01   842 -9.55E+01 -9.57E+01 1.109E-07 4.029E-09
     2     1 5.459E-03 2.843E-04   484 -7.99E+01 -7.99E+01 1.045E-10 5.366E-12
     3     1 1.873E-01 1.916E-02     1 -5.02E+00 -5.00E+00 7.826E-08 4.020E-09
     4     1 4.230E-04 5.181E-05   442 -7.32E+01 -7.32E+01 7.639E-12 4.248E-13
                        (NSTEP:   316  DELTAT:   6.2141E+00  TIME:   1.1275E+03)
     1     1 4.525E+00 2.170E-01   842 -9.53E+01 -9.55E+01 1.107E-07 4.020E-09
     2     1 6.547E-03 3.404E-04   484 -7.97E+01 -7.97E+01 1.143E-10 5.871E-12
     3     1 2.055E-01 2.101E-02     1 -5.02E+00 -5.00E+00 7.807E-08 4.010E-09
     4     1 5.088E-04 6.224E-05   442 -7.30E+01 -7.30E+01 8.383E-12 4.658E-13
                        (NSTEP:   317  DELTAT:   6.8355E+00  TIME:   1.1344E+03)
     1     1 4.949E+00 2.373E-01   842 -9.51E+01 -9.53E+01 1.104E-07 4.010E-09
     2     1 7.845E-03 4.071E-04   484 -7.95E+01 -7.95E+01 1.250E-10 6.419E-12
     3     1 2.254E-01 2.304E-02     1 -5.02E+00 -5.00E+00 7.787E-08 4.000E-09
     4     1 6.116E-04 7.472E-05   442 -7.28E+01 -7.28E+01 9.196E-12 5.107E-13
                        (NSTEP:   318  DELTAT:   7.5190E+00  TIME:   1.1419E+03)
     1     1 5.410E+00 2.594E-01   842 -9.48E+01 -9.51E+01 1.101E-07 4.000E-09
     2     1 9.391E-03 4.864E-04   484 -7.92E+01 -7.92E+01 1.366E-10 7.015E-12
     3     1 2.472E-01 2.525E-02     1 -5.03E+00 -5.00E+00 7.764E-08 3.988E-09
     4     1 7.347E-04 8.964E-05   442 -7.25E+01 -7.25E+01 1.009E-11 5.598E-13
                        (NSTEP:   319  DELTAT:   8.2709E+00  TIME:   1.1502E+03)
     1     1 5.910E+00 2.834E-01   842 -9.45E+01 -9.48E+01 1.098E-07 3.988E-09
     2     1 1.123E-02 5.804E-04   484 -7.89E+01 -7.89E+01 1.492E-10 7.661E-12
     3     1 2.711E-01 2.767E-02     1 -5.03E+00 -5.00E+00 7.740E-08 3.976E-09
     4     1 8.820E-04 1.075E-04   442 -7.23E+01 -7.23E+01 1.106E-11 6.134E-13
     5     1 2.711E-01 2.767E-02     1 -5.03E+00 -5.00E+00 7.740E-08 3.976E-09
     6     1 8.820E-04 1.075E-04   442 -7.23E+01 -7.23E+01 1.106E-11 6.134E-13
     7     1 2.711E-01 2.767E-02     1 -5.03E+00 -5.00E+00 7.740E-08 3.976E-09
     8     1 8.820E-04 1.075E-04   442 -7.23E+01 -7.23E+01 1.106E-11 6.134E-13
     9     1 2.711E-01 2.767E-02     1 -5.03E+00 -5.00E+00 7.740E-08 3.976E-09
    10     1 8.820E-04 1.075E-04   442 -7.23E+01 -7.23E+01 1.106E-11 6.134E-13
                        (NSTEP:   319  DELTAT:   4.1355E+00  TIME:   1.1460E+03)
     1     1 2.960E+00 1.419E-01   842 -9.47E+01 -9.48E+01 1.098E-07 3.988E-09
     2     1 2.824E-03 1.461E-04   484 -7.91E+01 -7.91E+01 7.475E-11 3.839E-12
     3     1 1.358E-01 1.386E-02     1 -5.01E+00 -5.00E+00 7.752E-08 3.982E-09
     4     1 2.217E-04 2.704E-05   442 -7.24E+01 -7.24E+01 5.539E-12 3.073E-13
                        (NSTEP:   320  DELTAT:   4.5490E+00  TIME:   1.1506E+03)
     1     1 3.243E+00 1.555E-01   842 -9.45E+01 -9.47E+01 1.096E-07 3.982E-09
     2     1 3.395E-03 1.754E-04   484 -7.89E+01 -7.89E+01 8.190E-11 4.206E-12
     3     1 1.491E-01 1.522E-02     1 -5.02E+00 -5.00E+00 7.738E-08 3.975E-09
     4     1 2.671E-04 3.255E-05   442 -7.23E+01 -7.23E+01 6.082E-12 3.373E-13
                        (NSTEP:   321  DELTAT:   5.0039E+00  TIME:   1.1556E+03)
     1     1 3.553E+00 1.704E-01   842 -9.44E+01 -9.45E+01 1.094E-07 3.975E-09
     2     1 4.079E-03 2.105E-04   484 -7.88E+01 -7.88E+01 8.970E-11 4.606E-12
     3     1 1.637E-01 1.670E-02     1 -5.02E+00 -5.00E+00 7.724E-08 3.968E-09
     4     1 3.217E-04 3.917E-05   442 -7.21E+01 -7.21E+01 6.677E-12 3.702E-13
                        (NSTEP:   322  DELTAT:   5.5043E+00  TIME:   1.1611E+03)
     1     1 3.890E+00 1.866E-01   842 -9.42E+01 -9.44E+01 1.092E-07 3.968E-09
     2     1 4.898E-03 2.524E-04   484 -7.86E+01 -7.86E+01 9.820E-11 5.043E-12
     3     1 1.796E-01 1.832E-02     1 -5.02E+00 -5.00E+00 7.707E-08 3.959E-09
     4     1 3.872E-04 4.710E-05   442 -7.19E+01 -7.19E+01 7.329E-12 4.062E-13
                        (NSTEP:   323  DELTAT:   6.0547E+00  TIME:   1.1671E+03)
     1     1 4.258E+00 2.042E-01   842 -9.40E+01 -9.42E+01 1.090E-07 3.959E-09
     2     1 5.877E-03 3.023E-04   484 -7.84E+01 -7.84E+01 1.075E-10 5.518E-12
     3     1 1.971E-01 2.009E-02     1 -5.02E+00 -5.00E+00 7.690E-08 3.950E-09
     4     1 4.658E-04 5.661E-05   442 -7.17E+01 -7.17E+01 8.043E-12 4.455E-13
                        (NSTEP:   324  DELTAT:   6.6602E+00  TIME:   1.1738E+03)
     1     1 4.658E+00 2.234E-01   842 -9.37E+01 -9.40E+01 1.087E-07 3.950E-09
     2     1 7.045E-03 3.618E-04   484 -7.82E+01 -7.82E+01 1.175E-10 6.035E-12
     3     1 2.163E-01 2.203E-02     1 -5.02E+00 -5.00E+00 7.671E-08 3.940E-09
     4     1 5.601E-04 6.799E-05   442 -7.15E+01 -7.15E+01 8.825E-12 4.885E-13
                        (NSTEP:   325  DELTAT:   7.3262E+00  TIME:   1.1811E+03)
     1     1 5.094E+00 2.442E-01   842 -9.35E+01 -9.37E+01 1.085E-07 3.940E-09
     2     1 8.438E-03 4.324E-04   444 -7.80E+01 -7.80E+01 1.285E-10 6.597E-12
     3     1 2.372E-01 2.416E-02     1 -5.02E+00 -5.00E+00 7.649E-08 3.930E-09
     4     1 6.731E-04 8.160E-05   442 -7.13E+01 -7.13E+01 9.680E-12 5.355E-13
                        (NSTEP:   326  DELTAT:   8.0588E+00  TIME:   1.1892E+03)
     1     1 5.566E+00 2.669E-01   842 -9.32E+01 -9.35E+01 1.082E-07 3.930E-09
     2     1 1.010E-02 5.164E-04   444 -7.77E+01 -7.77E+01 1.403E-10 7.207E-12
     3     1 2.601E-01 2.647E-02     1 -5.03E+00 -5.00E+00 7.626E-08 3.918E-09
     4     1 8.083E-04 9.786E-05   442 -7.11E+01 -7.11E+01 1.062E-11 5.869E-13
                        (NSTEP:   327  DELTAT:   8.8647E+00  TIME:   1.1981E+03)
     1     1 6.079E+00 2.915E-01   842 -9.29E+01 -9.32E+01 1.079E-07 3.918E-09
     2     1 1.207E-02 6.158E-04   444 -7.74E+01 -7.74E+01 1.532E-10 7.868E-12
     3     1 2.852E-01 2.900E-02     1 -5.03E+00 -5.00E+00 7.601E-08 3.905E-09
     4     1 9.700E-04 1.173E-04   442 -7.08E+01 -7.08E+01 1.164E-11 6.429E-13
     5     1 2.852E-01 2.900E-02     1 -5.03E+00 -5.00E+00 7.601E-08 3.905E-09
     6     1 9.700E-04 1.173E-04   442 -7.08E+01 -7.08E+01 1.164E-11 6.429E-13
     7     1 2.852E-01 2.900E-02     1 -5.03E+00 -5.00E+00 7.601E-08 3.905E-09
     8     1 9.700E-04 1.173E-04   442 -7.08E+01 -7.08E+01 1.164E-11 6.429E-13
     9     1 2.852E-01 2.900E-02     1 -5.03E+00 -5.00E+00 7.601E-08 3.905E-09
    10     1 9.700E-04 1.173E-04   442 -7.08E+01 -7.08E+01 1.164E-11 6.429E-13
                        (NSTEP:   327  DELTAT:   4.4324E+00  TIME:   1.1936E+03)
     1     1 3.045E+00 1.460E-01   842 -9.31E+01 -9.32E+01 1.079E-07 3.918E-09
     2     1 3.035E-03 1.551E-04   444 -7.76E+01 -7.76E+01 7.676E-11 3.943E-12
     3     1 1.428E-01 1.453E-02     1 -5.01E+00 -5.00E+00 7.614E-08 3.911E-09
     4     1 2.439E-04 2.952E-05   442 -7.09E+01 -7.09E+01 5.829E-12 3.222E-13
                        (NSTEP:   328  DELTAT:   4.8756E+00  TIME:   1.1985E+03)
     1     1 3.336E+00 1.599E-01   842 -9.29E+01 -9.31E+01 1.077E-07 3.911E-09
     2     1 3.648E-03 1.861E-04   444 -7.74E+01 -7.74E+01 8.409E-11 4.319E-12
     3     1 1.568E-01 1.595E-02     1 -5.02E+00 -5.00E+00 7.600E-08 3.904E-09
     4     1 2.938E-04 3.553E-05   442 -7.08E+01 -7.08E+01 6.400E-12 3.536E-13
                        (NSTEP:   329  DELTAT:   5.3632E+00  TIME:   1.2039E+03)
     1     1 3.653E+00 1.752E-01   842 -9.28E+01 -9.29E+01 1.075E-07 3.904E-09
     2     1 4.382E-03 2.232E-04   444 -7.73E+01 -7.73E+01 9.208E-11 4.730E-12
     3     1 1.722E-01 1.750E-02     1 -5.02E+00 -5.00E+00 7.585E-08 3.896E-09
     4     1 3.537E-04 4.273E-05   442 -7.06E+01 -7.06E+01 7.026E-12 3.880E-13
                        (NSTEP:   330  DELTAT:   5.8995E+00  TIME:   1.2098E+03)
     1     1 4.000E+00 1.918E-01   842 -9.26E+01 -9.28E+01 1.073E-07 3.896E-09
     2     1 5.259E-03 2.675E-04   444 -7.71E+01 -7.71E+01 1.008E-10 5.177E-12
     3     1 1.890E-01 1.920E-02     1 -5.02E+00 -5.00E+00 7.568E-08 3.888E-09
     4     1 4.257E-04 5.138E-05   442 -7.04E+01 -7.04E+01 7.711E-12 4.257E-13
                        (NSTEP:   331  DELTAT:   6.4894E+00  TIME:   1.2162E+03)
     1     1 4.377E+00 2.098E-01   842 -9.23E+01 -9.26E+01 1.070E-07 3.888E-09
     2     1 6.307E-03 3.203E-04   444 -7.69E+01 -7.69E+01 1.102E-10 5.663E-12
     3     1 2.073E-01 2.106E-02     1 -5.02E+00 -5.00E+00 7.550E-08 3.879E-09
     4     1 5.120E-04 6.173E-05   442 -7.02E+01 -7.02E+01 8.461E-12 4.668E-13
                        (NSTEP:   332  DELTAT:   7.1384E+00  TIME:   1.2234E+03)
     1     1 4.787E+00 2.295E-01   842 -9.21E+01 -9.24E+01 1.068E-07 3.879E-09
     2     1 7.557E-03 3.831E-04   444 -7.67E+01 -7.67E+01 1.205E-10 6.192E-12
     3     1 2.274E-01 2.309E-02     1 -5.02E+00 -5.00E+00 7.530E-08 3.868E-09
     4     1 6.154E-04 7.412E-05   442 -7.00E+01 -7.00E+01 9.282E-12 5.119E-13
                        (NSTEP:   333  DELTAT:   7.8522E+00  TIME:   1.2312E+03)
     1     1 5.233E+00 2.509E-01   842 -9.19E+01 -9.21E+01 1.065E-07 3.868E-09
     2     1 9.047E-03 4.578E-04   444 -7.64E+01 -7.64E+01 1.317E-10 6.766E-12
     3     1 2.495E-01 2.531E-02     1 -5.03E+00 -5.00E+00 7.509E-08 3.857E-09
     4     1 7.393E-04 8.892E-05   442 -6.98E+01 -6.98E+01 1.018E-11 5.610E-13
                        (NSTEP:   334  DELTAT:   8.6374E+00  TIME:   1.2399E+03)
     1     1 5.716E+00 2.740E-01   842 -9.16E+01 -9.19E+01 1.062E-07 3.857E-09
     2     1 1.082E-02 5.463E-04   444 -7.62E+01 -7.62E+01 1.438E-10 7.389E-12
     3     1 2.735E-01 2.773E-02     1 -5.03E+00 -5.00E+00 7.485E-08 3.845E-09
     4     1 8.876E-04 1.066E-04   442 -6.96E+01 -6.96E+01 1.116E-11 6.147E-13
     5     1 2.735E-01 2.773E-02     1 -5.03E+00 -5.00E+00 7.485E-08 3.845E-09
     6     1 8.876E-04 1.066E-04   442 -6.96E+01 -6.96E+01 1.116E-11 6.147E-13
     7     1 2.735E-01 2.773E-02     1 -5.03E+00 -5.00E+00 7.485E-08 3.845E-09
     8     1 8.876E-04 1.066E-04   442 -6.96E+01 -6.96E+01 1.116E-11 6.147E-13
     9     1 2.735E-01 2.773E-02     1 -5.03E+00 -5.00E+00 7.485E-08 3.845E-09
    10     1 8.876E-04 1.066E-04   442 -6.96E+01 -6.96E+01 1.116E-11 6.147E-13
                        (NSTEP:   334  DELTAT:   4.3187E+00  TIME:   1.2356E+03)
     1     1 2.863E+00 1.372E-01   842 -9.17E+01 -9.19E+01 1.062E-07 3.857E-09
     2     1 2.721E-03 1.375E-04   444 -7.63E+01 -7.63E+01 7.207E-11 3.703E-12
     3     1 1.370E-01 1.389E-02     1 -5.01E+00 -5.00E+00 7.497E-08 3.851E-09
     4     1 2.231E-04 2.683E-05   442 -6.97E+01 -6.97E+01 5.591E-12 3.080E-13
                        (NSTEP:   335  DELTAT:   4.7506E+00  TIME:   1.2403E+03)
     1     1 3.137E+00 1.504E-01   842 -9.16E+01 -9.17E+01 1.060E-07 3.851E-09
     2     1 3.271E-03 1.651E-04   444 -7.62E+01 -7.62E+01 7.896E-11 4.057E-12
     3     1 1.504E-01 1.525E-02     1 -5.02E+00 -5.00E+00 7.484E-08 3.845E-09
     4     1 2.688E-04 3.230E-05   442 -6.95E+01 -6.95E+01 6.139E-12 3.381E-13
                        (NSTEP:   336  DELTAT:   5.2256E+00  TIME:   1.2455E+03)
     1     1 3.437E+00 1.647E-01   842 -9.14E+01 -9.16E+01 1.058E-07 3.845E-09
     2     1 3.930E-03 1.981E-04   444 -7.60E+01 -7.60E+01 8.648E-11 4.443E-12
     3     1 1.651E-01 1.674E-02     1 -5.02E+00 -5.00E+00 7.469E-08 3.837E-09
     4     1 3.237E-04 3.886E-05   442 -6.94E+01 -6.94E+01 6.740E-12 3.710E-13
                        (NSTEP:   337  DELTAT:   5.7482E+00  TIME:   1.2513E+03)
     1     1 3.763E+00 1.804E-01   842 -9.12E+01 -9.14E+01 1.056E-07 3.837E-09
     2     1 4.718E-03 2.375E-04   444 -7.58E+01 -7.58E+01 9.467E-11 4.864E-12
     3     1 1.813E-01 1.836E-02     1 -5.02E+00 -5.00E+00 7.454E-08 3.829E-09
     4     1 3.896E-04 4.673E-05   442 -6.92E+01 -6.92E+01 7.398E-12 4.071E-13
                        (NSTEP:   338  DELTAT:   6.3230E+00  TIME:   1.2576E+03)
     1     1 4.119E+00 1.974E-01   842 -9.10E+01 -9.12E+01 1.054E-07 3.829E-09
     2     1 5.661E-03 2.845E-04   444 -7.56E+01 -7.56E+01 1.036E-10 5.322E-12
     3     1 1.989E-01 2.014E-02     1 -5.02E+00 -5.00E+00 7.437E-08 3.821E-09
     4     1 4.688E-04 5.617E-05   442 -6.91E+01 -6.91E+01 8.119E-12 4.465E-13
                        (NSTEP:   339  DELTAT:   6.9553E+00  TIME:   1.2646E+03)
     1     1 4.506E+00 2.160E-01   842 -9.08E+01 -9.10E+01 1.052E-07 3.821E-09
     2     1 6.786E-03 3.405E-04   444 -7.54E+01 -7.54E+01 1.133E-10 5.821E-12
     3     1 2.182E-01 2.209E-02     1 -5.02E+00 -5.00E+00 7.418E-08 3.811E-09
     4     1 5.637E-04 6.747E-05   442 -6.89E+01 -6.89E+01 8.908E-12 4.897E-13
                        (NSTEP:   340  DELTAT:   7.6509E+00  TIME:   1.2722E+03)
     1     1 4.927E+00 2.362E-01   842 -9.06E+01 -9.08E+01 1.049E-07 3.811E-09
     2     1 8.128E-03 4.071E-04   444 -7.52E+01 -7.52E+01 1.238E-10 6.363E-12
     3     1 2.394E-01 2.421E-02     1 -5.02E+00 -5.00E+00 7.398E-08 3.800E-09
     4     1 6.774E-04 8.098E-05   442 -6.86E+01 -6.86E+01 9.771E-12 5.368E-13
                        (NSTEP:   341  DELTAT:   8.4160E+00  TIME:   1.2806E+03)
     1     1 5.384E+00 2.581E-01   842 -9.03E+01 -9.06E+01 1.046E-07 3.800E-09
     2     1 9.726E-03 4.861E-04   444 -7.50E+01 -7.50E+01 1.353E-10 6.951E-12
     3     1 2.625E-01 2.654E-02     1 -5.03E+00 -5.00E+00 7.375E-08 3.789E-09
     4     1 8.135E-04 9.713E-05   442 -6.84E+01 -6.84E+01 1.071E-11 5.883E-13
                        (NSTEP:   342  DELTAT:   9.2575E+00  TIME:   1.2899E+03)
     1     1 5.880E+00 2.818E-01   842 -9.01E+01 -9.03E+01 1.043E-07 3.789E-09
     2     1 1.162E-02 5.797E-04   444 -7.47E+01 -7.47E+01 1.477E-10 7.588E-12
     3     1 2.878E-01 2.907E-02     1 -5.03E+00 -5.00E+00 7.351E-08 3.777E-09
     4     1 9.763E-04 1.164E-04   442 -6.82E+01 -6.82E+01 1.175E-11 6.445E-13
     5     1 2.878E-01 2.907E-02     1 -5.03E+00 -5.00E+00 7.351E-08 3.777E-09
     6     1 9.763E-04 1.164E-04   442 -6.82E+01 -6.82E+01 1.175E-11 6.445E-13
     7     1 2.878E-01 2.907E-02     1 -5.03E+00 -5.00E+00 7.351E-08 3.777E-09
     8     1 9.763E-04 1.164E-04   442 -6.82E+01 -6.82E+01 1.175E-11 6.445E-13
     9     1 2.878E-01 2.907E-02     1 -5.03E+00 -5.00E+00 7.351E-08 3.777E-09
    10     1 9.763E-04 1.164E-04   442 -6.82E+01 -6.82E+01 1.175E-11 6.445E-13
                        (NSTEP:   342  DELTAT:   4.6288E+00  TIME:   1.2853E+03)
     1     1 2.945E+00 1.412E-01   842 -9.02E+01 -9.03E+01 1.043E-07 3.789E-09
     2     1 2.924E-03 1.460E-04   444 -7.48E+01 -7.48E+01 7.400E-11 3.802E-12
     3     1 1.441E-01 1.457E-02     1 -5.01E+00 -5.00E+00 7.363E-08 3.783E-09
     4     1 2.455E-04 2.930E-05   442 -6.83E+01 -6.83E+01 5.884E-12 3.230E-13
                        (NSTEP:   343  DELTAT:   5.0916E+00  TIME:   1.2903E+03)
     1     1 3.227E+00 1.546E-01   842 -9.00E+01 -9.02E+01 1.041E-07 3.783E-09
     2     1 3.514E-03 1.752E-04   444 -7.47E+01 -7.47E+01 8.106E-11 4.165E-12
     3     1 1.582E-01 1.599E-02     1 -5.02E+00 -5.00E+00 7.350E-08 3.776E-09
     4     1 2.957E-04 3.526E-05   442 -6.81E+01 -6.81E+01 6.460E-12 3.545E-13
                        (NSTEP:   344  DELTAT:   5.6008E+00  TIME:   1.2959E+03)
     1     1 3.534E+00 1.694E-01   842 -8.99E+01 -9.00E+01 1.039E-07 3.776E-09
     2     1 4.221E-03 2.102E-04   444 -7.45E+01 -7.45E+01 8.875E-11 4.561E-12
     3     1 1.737E-01 1.754E-02     1 -5.02E+00 -5.00E+00 7.335E-08 3.768E-09
     4     1 3.560E-04 4.242E-05   442 -6.80E+01 -6.80E+01 7.092E-12 3.890E-13
                        (NSTEP:   345  DELTAT:   6.1609E+00  TIME:   1.3021E+03)
     1     1 3.869E+00 1.854E-01   842 -8.97E+01 -8.99E+01 1.037E-07 3.768E-09
     2     1 5.066E-03 2.519E-04   444 -7.43E+01 -7.43E+01 9.714E-11 4.992E-12
     3     1 1.907E-01 1.925E-02     1 -5.02E+00 -5.00E+00 7.319E-08 3.760E-09
     4     1 4.284E-04 5.100E-05   442 -6.78E+01 -6.78E+01 7.783E-12 4.267E-13
                        (NSTEP:   346  DELTAT:   6.7770E+00  TIME:   1.3089E+03)
     1     1 4.234E+00 2.029E-01   842 -8.95E+01 -8.97E+01 1.035E-07 3.760E-09
     2     1 6.075E-03 3.016E-04   444 -7.42E+01 -7.42E+01 1.063E-10 5.461E-12
     3     1 2.092E-01 2.111E-02     1 -5.02E+00 -5.00E+00 7.302E-08 3.751E-09
     4     1 5.153E-04 6.128E-05   442 -6.76E+01 -6.76E+01 8.541E-12 4.680E-13
                        (NSTEP:   347  DELTAT:   7.4547E+00  TIME:   1.3163E+03)
     1     1 4.631E+00 2.219E-01   842 -8.93E+01 -8.95E+01 1.033E-07 3.751E-09
     2     1 7.280E-03 3.607E-04   444 -7.39E+01 -7.39E+01 1.162E-10 5.971E-12
     3     1 2.295E-01 2.315E-02     1 -5.02E+00 -5.00E+00 7.282E-08 3.741E-09
     4     1 6.195E-04 7.359E-05   442 -6.74E+01 -6.74E+01 9.370E-12 5.132E-13
                        (NSTEP:   348  DELTAT:   8.2002E+00  TIME:   1.3245E+03)
     1     1 5.062E+00 2.425E-01   842 -8.90E+01 -8.93E+01 1.030E-07 3.741E-09
     2     1 8.715E-03 4.310E-04   444 -7.37E+01 -7.37E+01 1.270E-10 6.524E-12
     3     1 2.517E-01 2.537E-02     1 -5.03E+00 -5.00E+00 7.262E-08 3.731E-09
     4     1 7.442E-04 8.830E-05   442 -6.72E+01 -6.72E+01 1.028E-11 5.625E-13
                        (NSTEP:   349  DELTAT:   9.0202E+00  TIME:   1.3336E+03)
     1     1 5.530E+00 2.650E-01   842 -8.88E+01 -8.90E+01 1.027E-07 3.731E-09
     2     1 1.042E-02 5.144E-04   444 -7.35E+01 -7.35E+01 1.386E-10 7.125E-12
     3     1 2.760E-01 2.780E-02     1 -5.03E+00 -5.00E+00 7.239E-08 3.719E-09
     4     1 8.934E-04 1.059E-04   442 -6.70E+01 -6.70E+01 1.127E-11 6.164E-13
     5     1 2.760E-01 2.780E-02     1 -5.03E+00 -5.00E+00 7.239E-08 3.719E-09
     6     1 8.934E-04 1.059E-04   442 -6.70E+01 -6.70E+01 1.127E-11 6.164E-13
     7     1 2.760E-01 2.780E-02     1 -5.03E+00 -5.00E+00 7.239E-08 3.719E-09
     8     1 8.934E-04 1.059E-04   442 -6.70E+01 -6.70E+01 1.127E-11 6.164E-13
     9     1 2.760E-01 2.780E-02     1 -5.03E+00 -5.00E+00 7.239E-08 3.719E-09
    10     1 8.934E-04 1.059E-04   442 -6.70E+01 -6.70E+01 1.127E-11 6.164E-13
                        (NSTEP:   349  DELTAT:   4.5101E+00  TIME:   1.3291E+03)
     1     1 2.770E+00 1.327E-01   842 -8.89E+01 -8.90E+01 1.027E-07 3.731E-09
     2     1 2.621E-03 1.295E-04   444 -7.36E+01 -7.36E+01 6.946E-11 3.570E-12
     3     1 1.382E-01 1.393E-02     1 -5.01E+00 -5.00E+00 7.250E-08 3.725E-09
     4     1 2.246E-04 2.664E-05   442 -6.71E+01 -6.71E+01 5.643E-12 3.088E-13
                        (NSTEP:   350  DELTAT:   4.9611E+00  TIME:   1.3340E+03)
     1     1 3.035E+00 1.454E-01   842 -8.87E+01 -8.89E+01 1.025E-07 3.725E-09
     2     1 3.151E-03 1.555E-04   444 -7.35E+01 -7.35E+01 7.611E-11 3.911E-12
     3     1 1.518E-01 1.529E-02     1 -5.02E+00 -5.00E+00 7.238E-08 3.718E-09
     4     1 2.706E-04 3.207E-05   442 -6.70E+01 -6.70E+01 6.197E-12 3.390E-13
                        (NSTEP:   351  DELTAT:   5.4572E+00  TIME:   1.3395E+03)
     1     1 3.325E+00 1.593E-01   842 -8.86E+01 -8.87E+01 1.024E-07 3.718E-09
     2     1 3.785E-03 1.866E-04   444 -7.33E+01 -7.33E+01 8.335E-11 4.284E-12
     3     1 1.666E-01 1.678E-02     1 -5.02E+00 -5.00E+00 7.224E-08 3.711E-09
     4     1 3.259E-04 3.859E-05   442 -6.68E+01 -6.68E+01 6.803E-12 3.720E-13
                        (NSTEP:   352  DELTAT:   6.0029E+00  TIME:   1.3455E+03)
     1     1 3.641E+00 1.744E-01   842 -8.84E+01 -8.86E+01 1.022E-07 3.711E-09
     2     1 4.545E-03 2.237E-04   444 -7.31E+01 -7.31E+01 9.124E-11 4.690E-12
     3     1 1.829E-01 1.841E-02     1 -5.02E+00 -5.00E+00 7.209E-08 3.703E-09
     4     1 3.922E-04 4.641E-05   442 -6.67E+01 -6.67E+01 7.468E-12 4.082E-13
                        (NSTEP:   353  DELTAT:   6.6032E+00  TIME:   1.3521E+03)
     1     1 3.985E+00 1.909E-01   842 -8.82E+01 -8.84E+01 1.019E-07 3.703E-09
     2     1 5.453E-03 2.680E-04   444 -7.30E+01 -7.30E+01 9.984E-11 5.131E-12
     3     1 2.007E-01 2.020E-02     1 -5.02E+00 -5.00E+00 7.192E-08 3.695E-09
     4     1 4.719E-04 5.579E-05   442 -6.65E+01 -6.65E+01 8.195E-12 4.478E-13
                        (NSTEP:   354  DELTAT:   7.2635E+00  TIME:   1.3593E+03)
     1     1 4.359E+00 2.088E-01   862 -8.81E+01 -8.83E+01 1.017E-07 3.695E-09
     2     1 6.537E-03 3.207E-04   444 -7.28E+01 -7.28E+01 1.092E-10 5.612E-12
     3     1 2.202E-01 2.215E-02     1 -5.02E+00 -5.00E+00 7.174E-08 3.686E-09
     4     1 5.675E-04 6.701E-05   442 -6.63E+01 -6.63E+01 8.992E-12 4.910E-13
                        (NSTEP:   355  DELTAT:   7.9899E+00  TIME:   1.3673E+03)
     1     1 4.767E+00 2.283E-01   862 -8.78E+01 -8.81E+01 1.015E-07 3.686E-09
     2     1 7.829E-03 3.834E-04   444 -7.26E+01 -7.26E+01 1.193E-10 6.134E-12
     3     1 2.415E-01 2.428E-02     1 -5.02E+00 -5.00E+00 7.154E-08 3.676E-09
     4     1 6.819E-04 8.044E-05   442 -6.61E+01 -6.61E+01 9.863E-12 5.383E-13
                        (NSTEP:   356  DELTAT:   8.7889E+00  TIME:   1.3761E+03)
     1     1 5.209E+00 2.495E-01   862 -8.76E+01 -8.78E+01 1.012E-07 3.676E-09
     2     1 9.367E-03 4.578E-04   444 -7.23E+01 -7.23E+01 1.304E-10 6.701E-12
     3     1 2.649E-01 2.661E-02     1 -5.03E+00 -5.00E+00 7.133E-08 3.665E-09
     4     1 8.190E-04 9.649E-05   442 -6.59E+01 -6.59E+01 1.082E-11 5.900E-13
                        (NSTEP:   357  DELTAT:   9.6678E+00  TIME:   1.3858E+03)
     1     1 5.689E+00 2.725E-01   862 -8.73E+01 -8.76E+01 1.009E-07 3.665E-09
     2     1 1.120E-02 5.460E-04   444 -7.21E+01 -7.21E+01 1.423E-10 7.315E-12
     3     1 2.904E-01 2.915E-02     1 -5.03E+00 -5.00E+00 7.109E-08 3.652E-09
     4     1 9.829E-04 1.156E-04   442 -6.56E+01 -6.56E+01 1.186E-11 6.464E-13
     5     1 2.904E-01 2.915E-02     1 -5.03E+00 -5.00E+00 7.109E-08 3.652E-09
     6     1 9.829E-04 1.156E-04   442 -6.56E+01 -6.56E+01 1.186E-11 6.464E-13
     7     1 2.904E-01 2.915E-02     1 -5.03E+00 -5.00E+00 7.109E-08 3.652E-09
     8     1 9.829E-04 1.156E-04   442 -6.56E+01 -6.56E+01 1.186E-11 6.464E-13
     9     1 2.904E-01 2.915E-02     1 -5.03E+00 -5.00E+00 7.109E-08 3.652E-09
    10     1 9.829E-04 1.156E-04   442 -6.56E+01 -6.56E+01 1.186E-11 6.464E-13
                        (NSTEP:   357  DELTAT:   4.8339E+00  TIME:   1.3810E+03)
     1     1 2.849E+00 1.365E-01   862 -8.74E+01 -8.76E+01 1.009E-07 3.665E-09
     2     1 2.816E-03 1.375E-04   444 -7.22E+01 -7.22E+01 7.131E-11 3.666E-12
     3     1 1.454E-01 1.461E-02     1 -5.01E+00 -5.00E+00 7.121E-08 3.658E-09
     4     1 2.471E-04 2.911E-05   442 -6.58E+01 -6.58E+01 5.939E-12 3.239E-13
                        (NSTEP:   358  DELTAT:   5.3173E+00  TIME:   1.3863E+03)
     1     1 3.122E+00 1.495E-01   862 -8.73E+01 -8.74E+01 1.007E-07 3.658E-09
     2     1 3.385E-03 1.650E-04   444 -7.21E+01 -7.21E+01 7.811E-11 4.015E-12
     3     1 1.597E-01 1.603E-02     1 -5.02E+00 -5.00E+00 7.108E-08 3.652E-09
     4     1 2.977E-04 3.504E-05   442 -6.56E+01 -6.56E+01 6.521E-12 3.555E-13
                        (NSTEP:   359  DELTAT:   5.8490E+00  TIME:   1.3921E+03)
     1     1 3.419E+00 1.638E-01   862 -8.71E+01 -8.73E+01 1.005E-07 3.652E-09
     2     1 4.065E-03 1.980E-04   444 -7.19E+01 -7.19E+01 8.553E-11 4.397E-12
     3     1 1.753E-01 1.760E-02     1 -5.02E+00 -5.00E+00 7.094E-08 3.645E-09
     4     1 3.584E-04 4.215E-05   442 -6.55E+01 -6.55E+01 7.159E-12 3.901E-13
                        (NSTEP:   360  DELTAT:   6.4339E+00  TIME:   1.3986E+03)
     1     1 3.743E+00 1.793E-01   862 -8.69E+01 -8.71E+01 1.003E-07 3.645E-09
     2     1 4.879E-03 2.372E-04   444 -7.17E+01 -7.17E+01 9.361E-11 4.812E-12
     3     1 1.924E-01 1.930E-02     1 -5.02E+00 -5.00E+00 7.079E-08 3.637E-09
     4     1 4.313E-04 5.068E-05   442 -6.53E+01 -6.53E+01 7.857E-12 4.280E-13
                        (NSTEP:   361  DELTAT:   7.0773E+00  TIME:   1.4056E+03)
     1     1 4.096E+00 1.962E-01   862 -8.67E+01 -8.69E+01 1.001E-07 3.637E-09
     2     1 5.851E-03 2.841E-04   444 -7.16E+01 -7.16E+01 1.024E-10 5.264E-12
     3     1 2.111E-01 2.117E-02     1 -5.02E+00 -5.00E+00 7.062E-08 3.628E-09
     4     1 5.188E-04 6.090E-05   442 -6.52E+01 -6.52E+01 8.622E-12 4.694E-13
                        (NSTEP:   362  DELTAT:   7.7850E+00  TIME:   1.4134E+03)
     1     1 4.480E+00 2.146E-01   862 -8.65E+01 -8.67E+01 9.986E-08 3.628E-09
     2     1 7.011E-03 3.398E-04   444 -7.14E+01 -7.14E+01 1.120E-10 5.755E-12
     3     1 2.316E-01 2.322E-02     1 -5.02E+00 -5.00E+00 7.043E-08 3.618E-09
     4     1 6.237E-04 7.313E-05   442 -6.50E+01 -6.50E+01 9.459E-12 5.147E-13
                        (NSTEP:   363  DELTAT:   8.5635E+00  TIME:   1.4220E+03)
     1     1 4.897E+00 2.345E-01   862 -8.63E+01 -8.65E+01 9.960E-08 3.618E-09
     2     1 8.393E-03 4.061E-04   486 -8.62E+01 -8.62E+01 1.223E-10 6.289E-12
     3     1 2.540E-01 2.545E-02     1 -5.03E+00 -5.00E+00 7.023E-08 3.608E-09
     4     1 7.493E-04 8.776E-05   442 -6.48E+01 -6.48E+01 1.037E-11 5.642E-13
                        (NSTEP:   364  DELTAT:   9.4199E+00  TIME:   1.4314E+03)
     1     1 5.350E+00 2.562E-01   862 -8.60E+01 -8.63E+01 9.931E-08 3.608E-09
     2     1 1.004E-02 4.857E-04   486 -8.59E+01 -8.59E+01 1.336E-10 6.868E-12
     3     1 2.785E-01 2.789E-02     1 -5.03E+00 -5.00E+00 7.001E-08 3.597E-09
     4     1 8.995E-04 1.052E-04   442 -6.45E+01 -6.45E+01 1.137E-11 6.182E-13
     5     1 2.785E-01 2.789E-02     1 -5.03E+00 -5.00E+00 7.001E-08 3.597E-09
     6     1 8.995E-04 1.052E-04   442 -6.45E+01 -6.45E+01 1.137E-11 6.182E-13
     7     1 2.785E-01 2.789E-02     1 -5.03E+00 -5.00E+00 7.001E-08 3.597E-09
     8     1 8.995E-04 1.052E-04   442 -6.45E+01 -6.45E+01 1.137E-11 6.182E-13
     9     1 2.785E-01 2.789E-02     1 -5.03E+00 -5.00E+00 7.001E-08 3.597E-09
    10     1 8.995E-04 1.052E-04   442 -6.45E+01 -6.45E+01 1.137E-11 6.182E-13
                        (NSTEP:   364  DELTAT:   4.7099E+00  TIME:   1.4267E+03)
     1     1 2.679E+00 1.283E-01   862 -8.62E+01 -8.63E+01 9.931E-08 3.608E-09
     2     1 2.524E-03 1.221E-04   486 -8.61E+01 -8.61E+01 6.693E-11 3.441E-12
     3     1 1.395E-01 1.397E-02     1 -5.01E+00 -5.00E+00 7.012E-08 3.602E-09
     4     1 2.261E-04 2.648E-05   442 -6.46E+01 -6.46E+01 5.697E-12 3.098E-13
                        (NSTEP:   365  DELTAT:   5.1809E+00  TIME:   1.4319E+03)
     1     1 2.936E+00 1.406E-01   862 -8.60E+01 -8.62E+01 9.916E-08 3.602E-09
     2     1 3.034E-03 1.468E-04   486 -8.59E+01 -8.59E+01 7.333E-11 3.770E-12
     3     1 1.532E-01 1.534E-02     1 -5.02E+00 -5.00E+00 7.000E-08 3.596E-09
     4     1 2.724E-04 3.188E-05   442 -6.45E+01 -6.45E+01 6.256E-12 3.400E-13
                        (NSTEP:   366  DELTAT:   5.6990E+00  TIME:   1.4376E+03)
     1     1 3.217E+00 1.540E-01   862 -8.59E+01 -8.60E+01 9.898E-08 3.596E-09
     2     1 3.646E-03 1.764E-04   486 -8.58E+01 -8.58E+01 8.031E-11 4.129E-12
     3     1 1.681E-01 1.683E-02     1 -5.02E+00 -5.00E+00 6.986E-08 3.589E-09
     4     1 3.281E-04 3.836E-05   442 -6.44E+01 -6.44E+01 6.868E-12 3.732E-13
                        (NSTEP:   367  DELTAT:   6.2689E+00  TIME:   1.4438E+03)
     1     1 3.522E+00 1.687E-01   862 -8.57E+01 -8.59E+01 9.880E-08 3.589E-09
     2     1 4.377E-03 2.118E-04   486 -8.56E+01 -8.56E+01 8.791E-11 4.520E-12
     3     1 1.846E-01 1.847E-02     1 -5.02E+00 -5.00E+00 6.972E-08 3.582E-09
     4     1 3.949E-04 4.614E-05   442 -6.42E+01 -6.42E+01 7.538E-12 4.095E-13
                        (NSTEP:   368  DELTAT:   6.8958E+00  TIME:   1.4507E+03)
     1     1 3.855E+00 1.846E-01   862 -8.55E+01 -8.57E+01 9.859E-08 3.582E-09
     2     1 5.251E-03 2.541E-04   486 -8.54E+01 -8.54E+01 9.619E-11 4.946E-12
     3     1 2.025E-01 2.026E-02     1 -5.02E+00 -5.00E+00 6.956E-08 3.574E-09
     4     1 4.752E-04 5.546E-05   442 -6.41E+01 -6.41E+01 8.273E-12 4.492E-13
                        (NSTEP:   369  DELTAT:   7.5854E+00  TIME:   1.4583E+03)
     1     1 4.217E+00 2.019E-01   862 -8.53E+01 -8.55E+01 9.837E-08 3.574E-09
     2     1 6.295E-03 3.046E-04   486 -8.52E+01 -8.52E+01 1.052E-10 5.409E-12
     3     1 2.222E-01 2.222E-02     1 -5.02E+00 -5.00E+00 6.938E-08 3.565E-09
     4     1 5.714E-04 6.663E-05   442 -6.39E+01 -6.39E+01 9.077E-12 4.926E-13
                        (NSTEP:   370  DELTAT:   8.3439E+00  TIME:   1.4667E+03)
     1     1 4.612E+00 2.208E-01   862 -8.51E+01 -8.53E+01 9.812E-08 3.565E-09
     2     1 7.540E-03 3.649E-04   486 -8.50E+01 -8.50E+01 1.150E-10 5.912E-12
     3     1 2.437E-01 2.436E-02     1 -5.02E+00 -5.00E+00 6.919E-08 3.555E-09
     4     1 6.867E-04 7.998E-05   442 -6.37E+01 -6.37E+01 9.957E-12 5.400E-13
                        (NSTEP:   371  DELTAT:   9.1783E+00  TIME:   1.4758E+03)
     1     1 5.039E+00 2.413E-01   862 -8.49E+01 -8.51E+01 9.785E-08 3.555E-09
     2     1 9.021E-03 4.366E-04   486 -8.48E+01 -8.48E+01 1.256E-10 6.458E-12
     3     1 2.673E-01 2.670E-02     1 -5.03E+00 -5.00E+00 6.898E-08 3.544E-09
     4     1 8.247E-04 9.594E-05   442 -6.35E+01 -6.35E+01 1.092E-11 5.919E-13
                        (NSTEP:   372  DELTAT:   1.0096E+01  TIME:   1.4859E+03)
     1     1 5.504E+00 2.638E-01   840 -1.04E+02 -1.05E+02 9.755E-08 3.544E-09
     2     1 1.078E-02 5.218E-04   486 -8.45E+01 -8.45E+01 1.371E-10 7.049E-12
     3     1 2.930E-01 2.925E-02     1 -5.03E+00 -5.00E+00 6.876E-08 3.533E-09
     4     1 9.897E-04 1.150E-04   442 -6.33E+01 -6.33E+01 1.197E-11 6.485E-13
     5     1 2.930E-01 2.925E-02     1 -5.03E+00 -5.00E+00 6.876E-08 3.533E-09
     6     1 9.897E-04 1.150E-04   442 -6.33E+01 -6.33E+01 1.197E-11 6.485E-13
     7     1 2.930E-01 2.925E-02     1 -5.03E+00 -5.00E+00 6.876E-08 3.533E-09
     8     1 9.897E-04 1.150E-04   442 -6.33E+01 -6.33E+01 1.197E-11 6.485E-13
     9     1 2.930E-01 2.925E-02     1 -5.03E+00 -5.00E+00 6.876E-08 3.533E-09
    10     1 9.897E-04 1.150E-04   442 -6.33E+01 -6.33E+01 1.197E-11 6.485E-13
                        (NSTEP:   372  DELTAT:   5.0481E+00  TIME:   1.4809E+03)
     1     1 2.757E+00 1.321E-01   840 -1.04E+02 -1.05E+02 9.755E-08 3.544E-09
     2     1 2.712E-03 1.312E-04   486 -8.46E+01 -8.46E+01 6.870E-11 3.533E-12
     3     1 1.468E-01 1.466E-02     1 -5.01E+00 -5.00E+00 6.887E-08 3.538E-09
     4     1 2.489E-04 2.894E-05   442 -6.34E+01 -6.34E+01 5.996E-12 3.250E-13
                        (NSTEP:   373  DELTAT:   5.5529E+00  TIME:   1.4864E+03)
     1     1 3.020E+00 1.448E-01   840 -1.04E+02 -1.04E+02 9.739E-08 3.538E-09
     2     1 3.259E-03 1.577E-04   486 -8.45E+01 -8.45E+01 7.525E-11 3.870E-12
     3     1 1.611E-01 1.609E-02     1 -5.02E+00 -5.00E+00 6.875E-08 3.532E-09
     4     1 2.998E-04 3.484E-05   442 -6.33E+01 -6.33E+01 6.583E-12 3.567E-13
                        (NSTEP:   374  DELTAT:   6.1082E+00  TIME:   1.4925E+03)
     1     1 3.308E+00 1.587E-01   840 -1.04E+02 -1.04E+02 9.722E-08 3.532E-09
     2     1 3.915E-03 1.895E-04   486 -8.43E+01 -8.43E+01 8.239E-11 4.237E-12
     3     1 1.769E-01 1.765E-02     1 -5.02E+00 -5.00E+00 6.861E-08 3.525E-09
     4     1 3.609E-04 4.192E-05   442 -6.31E+01 -6.31E+01 7.227E-12 3.914E-13
                        (NSTEP:   375  DELTAT:   6.7190E+00  TIME:   1.4993E+03)
     1     1 3.622E+00 1.740E-01   840 -1.04E+02 -1.04E+02 9.702E-08 3.525E-09
     2     1 4.699E-03 2.274E-04   486 -8.42E+01 -8.42E+01 9.017E-11 4.637E-12
     3     1 1.942E-01 1.937E-02     1 -5.02E+00 -5.00E+00 6.846E-08 3.517E-09
     4     1 4.344E-04 5.040E-05   442 -6.30E+01 -6.30E+01 7.932E-12 4.294E-13
                        (NSTEP:   376  DELTAT:   7.3909E+00  TIME:   1.5067E+03)
     1     1 3.963E+00 1.905E-01   840 -1.04E+02 -1.04E+02 9.681E-08 3.517E-09
     2     1 5.635E-03 2.727E-04   486 -8.40E+01 -8.40E+01 9.864E-11 5.072E-12
     3     1 2.130E-01 2.124E-02     1 -5.02E+00 -5.00E+00 6.829E-08 3.509E-09
     4     1 5.225E-04 6.057E-05   442 -6.28E+01 -6.28E+01 8.704E-12 4.710E-13
                        (NSTEP:   377  DELTAT:   8.1300E+00  TIME:   1.5148E+03)
     1     1 4.334E+00 2.086E-01   840 -1.04E+02 -1.04E+02 9.658E-08 3.509E-09
     2     1 6.752E-03 3.268E-04   486 -8.38E+01 -8.38E+01 1.078E-10 5.546E-12
     3     1 2.337E-01 2.329E-02     1 -5.02E+00 -5.00E+00 6.812E-08 3.500E-09
     4     1 6.281E-04 7.274E-05   442 -6.26E+01 -6.26E+01 9.548E-12 5.164E-13
                        (NSTEP:   378  DELTAT:   8.9430E+00  TIME:   1.5237E+03)
     1     1 4.738E+00 2.283E-01   840 -1.03E+02 -1.04E+02 9.633E-08 3.500E-09
     2     1 8.083E-03 3.912E-04   486 -8.35E+01 -8.35E+01 1.178E-10 6.060E-12
     3     1 2.563E-01 2.553E-02     1 -5.03E+00 -5.00E+00 6.792E-08 3.490E-09
     4     1 7.546E-04 8.730E-05   442 -6.24E+01 -6.24E+01 1.047E-11 5.661E-13
                        (NSTEP:   379  DELTAT:   9.8373E+00  TIME:   1.5336E+03)
     1     1 5.176E+00 2.498E-01   840 -1.03E+02 -1.03E+02 9.605E-08 3.490E-09
     2     1 9.666E-03 4.678E-04   486 -8.33E+01 -8.33E+01 1.287E-10 6.617E-12
     3     1 2.810E-01 2.798E-02     1 -5.03E+00 -5.00E+00 6.771E-08 3.479E-09
     4     1 9.059E-04 1.047E-04   442 -6.22E+01 -6.22E+01 1.148E-11 6.203E-13
     5     1 2.810E-01 2.798E-02     1 -5.03E+00 -5.00E+00 6.771E-08 3.479E-09
     6     1 9.059E-04 1.047E-04   442 -6.22E+01 -6.22E+01 1.148E-11 6.203E-13
     7     1 2.810E-01 2.798E-02     1 -5.03E+00 -5.00E+00 6.771E-08 3.479E-09
     8     1 9.059E-04 1.047E-04   442 -6.22E+01 -6.22E+01 1.148E-11 6.203E-13
     9     1 2.810E-01 2.798E-02     1 -5.03E+00 -5.00E+00 6.771E-08 3.479E-09
    10     1 9.059E-04 1.047E-04   442 -6.22E+01 -6.22E+01 1.148E-11 6.203E-13
                        (NSTEP:   379  DELTAT:   4.9186E+00  TIME:   1.5287E+03)
     1     1 2.592E+00 1.250E-01   840 -1.03E+02 -1.03E+02 9.605E-08 3.490E-09
     2     1 2.430E-03 1.176E-04   486 -8.34E+01 -8.34E+01 6.447E-11 3.316E-12
     3     1 1.408E-01 1.402E-02     1 -5.01E+00 -5.00E+00 6.781E-08 3.484E-09
     4     1 2.277E-04 2.634E-05   442 -6.23E+01 -6.23E+01 5.751E-12 3.108E-13
                        (NSTEP:   380  DELTAT:   5.4105E+00  TIME:   1.5341E+03)
     1     1 2.841E+00 1.371E-01   840 -1.03E+02 -1.03E+02 9.590E-08 3.484E-09
     2     1 2.922E-03 1.414E-04   486 -8.33E+01 -8.33E+01 7.063E-11 3.633E-12
     3     1 1.546E-01 1.539E-02     1 -5.02E+00 -5.00E+00 6.770E-08 3.478E-09
     4     1 2.744E-04 3.171E-05   442 -6.22E+01 -6.22E+01 6.315E-12 3.412E-13
                        (NSTEP:   381  DELTAT:   5.9516E+00  TIME:   1.5400E+03)
     1     1 3.112E+00 1.503E-01   840 -1.03E+02 -1.03E+02 9.573E-08 3.478E-09
     2     1 3.511E-03 1.699E-04   486 -8.31E+01 -8.31E+01 7.735E-11 3.978E-12
     3     1 1.697E-01 1.689E-02     1 -5.02E+00 -5.00E+00 6.757E-08 3.471E-09
     4     1 3.304E-04 3.816E-05   442 -6.21E+01 -6.21E+01 6.933E-12 3.745E-13
                        (NSTEP:   382  DELTAT:   6.5467E+00  TIME:   1.5466E+03)
     1     1 3.408E+00 1.648E-01   840 -1.03E+02 -1.03E+02 9.555E-08 3.471E-09
     2     1 4.215E-03 2.040E-04   486 -8.30E+01 -8.30E+01 8.468E-11 4.355E-12
     3     1 1.863E-01 1.853E-02     1 -5.02E+00 -5.00E+00 6.743E-08 3.464E-09
     4     1 3.977E-04 4.591E-05   442 -6.19E+01 -6.19E+01 7.610E-12 4.109E-13
                        (NSTEP:   383  DELTAT:   7.2014E+00  TIME:   1.5538E+03)
     1     1 3.730E+00 1.805E-01   840 -1.03E+02 -1.03E+02 9.535E-08 3.464E-09
     2     1 5.057E-03 2.448E-04   486 -8.28E+01 -8.28E+01 9.265E-11 4.765E-12
     3     1 2.044E-01 2.033E-02     1 -5.02E+00 -5.00E+00 6.727E-08 3.456E-09
     4     1 4.785E-04 5.518E-05   442 -6.18E+01 -6.18E+01 8.352E-12 4.507E-13
                        (NSTEP:   384  DELTAT:   7.9215E+00  TIME:   1.5617E+03)
     1     1 4.081E+00 1.977E-01   840 -1.02E+02 -1.03E+02 9.513E-08 3.456E-09
     2     1 6.062E-03 2.934E-04   486 -8.26E+01 -8.26E+01 1.013E-10 5.211E-12
     3     1 2.243E-01 2.229E-02     1 -5.02E+00 -5.00E+00 6.710E-08 3.448E-09
     4     1 5.755E-04 6.630E-05   442 -6.16E+01 -6.16E+01 9.164E-12 4.943E-13
                        (NSTEP:   385  DELTAT:   8.7137E+00  TIME:   1.5704E+03)
     1     1 4.462E+00 2.164E-01   840 -1.02E+02 -1.02E+02 9.489E-08 3.448E-09
     2     1 7.260E-03 3.514E-04   486 -8.24E+01 -8.24E+01 1.107E-10 5.696E-12
     3     1 2.460E-01 2.444E-02     1 -5.02E+00 -5.00E+00 6.692E-08 3.438E-09
     4     1 6.916E-04 7.959E-05   442 -6.14E+01 -6.14E+01 1.005E-11 5.419E-13
                        (NSTEP:   386  DELTAT:   9.5850E+00  TIME:   1.5800E+03)
     1     1 4.876E+00 2.368E-01   840 -1.02E+02 -1.02E+02 9.463E-08 3.438E-09
     2     1 8.687E-03 4.205E-04   486 -8.21E+01 -8.21E+01 1.210E-10 6.221E-12
     3     1 2.697E-01 2.679E-02     1 -5.03E+00 -5.00E+00 6.672E-08 3.428E-09
     4     1 8.306E-04 9.549E-05   442 -6.12E+01 -6.12E+01 1.102E-11 5.940E-13
                        (NSTEP:   387  DELTAT:   1.0544E+01  TIME:   1.5905E+03)
     1     1 5.325E+00 2.589E-01   840 -1.02E+02 -1.02E+02 9.435E-08 3.428E-09
     2     1 1.038E-02 5.026E-04   486 -8.19E+01 -8.19E+01 1.320E-10 6.791E-12
     3     1 2.957E-01 2.935E-02     1 -5.03E+00 -5.00E+00 6.650E-08 3.417E-09
     4     1 9.968E-04 1.145E-04   442 -6.10E+01 -6.10E+01 1.208E-11 6.508E-13
     5     1 2.957E-01 2.935E-02     1 -5.03E+00 -5.00E+00 6.650E-08 3.417E-09
     6     1 9.968E-04 1.145E-04   442 -6.10E+01 -6.10E+01 1.208E-11 6.508E-13
     7     1 2.957E-01 2.935E-02     1 -5.03E+00 -5.00E+00 6.650E-08 3.417E-09
     8     1 9.968E-04 1.145E-04   442 -6.10E+01 -6.10E+01 1.208E-11 6.508E-13
     9     1 2.957E-01 2.935E-02     1 -5.03E+00 -5.00E+00 6.650E-08 3.417E-09
    10     1 9.968E-04 1.145E-04   442 -6.10E+01 -6.10E+01 1.208E-11 6.508E-13
                        (NSTEP:   387  DELTAT:   5.2718E+00  TIME:   1.5853E+03)
     1     1 2.667E+00 1.296E-01   840 -1.02E+02 -1.02E+02 9.435E-08 3.428E-09
     2     1 2.611E-03 1.264E-04   486 -8.20E+01 -8.20E+01 6.616E-11 3.403E-12
     3     1 1.481E-01 1.471E-02     1 -5.01E+00 -5.00E+00 6.661E-08 3.422E-09
     4     1 2.506E-04 2.881E-05   442 -6.11E+01 -6.11E+01 6.053E-12 3.261E-13
                        (NSTEP:   388  DELTAT:   5.7990E+00  TIME:   1.5911E+03)
     1     1 2.922E+00 1.422E-01   840 -1.02E+02 -1.02E+02 9.419E-08 3.422E-09
     2     1 3.139E-03 1.519E-04   486 -8.19E+01 -8.19E+01 7.247E-11 3.728E-12
     3     1 1.626E-01 1.614E-02     1 -5.02E+00 -5.00E+00 6.649E-08 3.416E-09
     4     1 3.019E-04 3.468E-05   442 -6.10E+01 -6.10E+01 6.646E-12 3.579E-13
                        (NSTEP:   389  DELTAT:   6.3788E+00  TIME:   1.5974E+03)
     1     1 3.201E+00 1.558E-01   840 -1.01E+02 -1.02E+02 9.402E-08 3.416E-09
     2     1 3.770E-03 1.825E-04   486 -8.17E+01 -8.17E+01 7.935E-11 4.082E-12
     3     1 1.785E-01 1.772E-02     1 -5.02E+00 -5.00E+00 6.635E-08 3.409E-09
     4     1 3.635E-04 4.172E-05   442 -6.08E+01 -6.08E+01 7.296E-12 3.928E-13
                        (NSTEP:   390  DELTAT:   7.0167E+00  TIME:   1.6044E+03)
     1     1 3.504E+00 1.707E-01   840 -1.01E+02 -1.01E+02 9.383E-08 3.409E-09
     2     1 4.524E-03 2.190E-04   486 -8.16E+01 -8.16E+01 8.684E-11 4.467E-12
     3     1 1.959E-01 1.944E-02     1 -5.02E+00 -5.00E+00 6.621E-08 3.402E-09
     4     1 4.375E-04 5.017E-05   442 -6.07E+01 -6.07E+01 8.008E-12 4.310E-13
                        (NSTEP:   391  DELTAT:   7.7184E+00  TIME:   1.6122E+03)
     1     1 3.835E+00 1.870E-01   840 -1.01E+02 -1.01E+02 9.363E-08 3.402E-09
     2     1 5.426E-03 2.626E-04   486 -8.14E+01 -8.14E+01 9.499E-11 4.886E-12
     3     1 2.150E-01 2.132E-02     1 -5.02E+00 -5.00E+00 6.605E-08 3.394E-09
     4     1 5.262E-04 6.030E-05   442 -6.05E+01 -6.05E+01 8.787E-12 4.727E-13
                        (NSTEP:   392  DELTAT:   8.4902E+00  TIME:   1.6207E+03)
     1     1 4.194E+00 2.048E-01   840 -1.01E+02 -1.01E+02 9.341E-08 3.394E-09
     2     1 6.501E-03 3.147E-04   486 -8.12E+01 -8.12E+01 1.038E-10 5.342E-12
     3     1 2.359E-01 2.338E-02     1 -5.02E+00 -5.00E+00 6.588E-08 3.385E-09
     4     1 6.326E-04 7.242E-05   442 -6.04E+01 -6.04E+01 9.640E-12 5.183E-13
                        (NSTEP:   393  DELTAT:   9.3393E+00  TIME:   1.6300E+03)
     1     1 4.585E+00 2.241E-01   840 -1.01E+02 -1.01E+02 9.316E-08 3.385E-09
     2     1 7.782E-03 3.767E-04   486 -8.10E+01 -8.10E+01 1.135E-10 5.837E-12
     3     1 2.587E-01 2.563E-02     1 -5.03E+00 -5.00E+00 6.569E-08 3.375E-09
     4     1 7.600E-04 8.691E-05   442 -6.02E+01 -6.02E+01 1.057E-11 5.682E-13
                        (NSTEP:   394  DELTAT:   1.0273E+01  TIME:   1.6403E+03)
     1     1 5.009E+00 2.451E-01   840 -1.00E+02 -1.01E+02 9.289E-08 3.375E-09
     2     1 9.307E-03 4.505E-04   486 -8.07E+01 -8.07E+01 1.239E-10 6.374E-12
     3     1 2.836E-01 2.808E-02     1 -5.03E+00 -5.00E+00 6.548E-08 3.364E-09
     4     1 9.125E-04 1.042E-04   442 -6.00E+01 -6.00E+01 1.159E-11 6.227E-13
     5     1 2.836E-01 2.808E-02     1 -5.03E+00 -5.00E+00 6.548E-08 3.364E-09
     6     1 9.125E-04 1.042E-04   442 -6.00E+01 -6.00E+01 1.159E-11 6.227E-13
     7     1 2.836E-01 2.808E-02     1 -5.03E+00 -5.00E+00 6.548E-08 3.364E-09
     8     1 9.125E-04 1.042E-04   442 -6.00E+01 -6.00E+01 1.159E-11 6.227E-13
     9     1 2.836E-01 2.808E-02     1 -5.03E+00 -5.00E+00 6.548E-08 3.364E-09
    10     1 9.125E-04 1.042E-04   442 -6.00E+01 -6.00E+01 1.159E-11 6.227E-13
                        (NSTEP:   394  DELTAT:   5.1366E+00  TIME:   1.6351E+03)
     1     1 2.508E+00 1.227E-01   840 -1.01E+02 -1.01E+02 9.289E-08 3.375E-09
     2     1 2.340E-03 1.133E-04   486 -8.08E+01 -8.08E+01 6.208E-11 3.194E-12
     3     1 1.421E-01 1.407E-02     1 -5.01E+00 -5.00E+00 6.559E-08 3.370E-09
     4     1 2.294E-04 2.622E-05   442 -6.01E+01 -6.01E+01 5.806E-12 3.120E-13
                        (NSTEP:   395  DELTAT:   5.6503E+00  TIME:   1.6408E+03)
     1     1 2.749E+00 1.346E-01   840 -1.00E+02 -1.01E+02 9.275E-08 3.370E-09
     2     1 2.813E-03 1.362E-04   486 -8.07E+01 -8.07E+01 6.801E-11 3.499E-12
     3     1 1.560E-01 1.545E-02     1 -5.02E+00 -5.00E+00 6.547E-08 3.364E-09
     4     1 2.764E-04 3.158E-05   442 -6.00E+01 -6.00E+01 6.375E-12 3.425E-13
                        (NSTEP:   396  DELTAT:   6.2153E+00  TIME:   1.6470E+03)
     1     1 3.011E+00 1.475E-01   840 -1.00E+02 -1.00E+02 9.259E-08 3.364E-09
     2     1 3.380E-03 1.636E-04   486 -8.06E+01 -8.06E+01 7.448E-11 3.832E-12
     3     1 1.713E-01 1.695E-02     1 -5.02E+00 -5.00E+00 6.535E-08 3.357E-09
     4     1 3.328E-04 3.800E-05   442 -5.98E+01 -5.98E+01 6.999E-12 3.759E-13
                        (NSTEP:   397  DELTAT:   6.8368E+00  TIME:   1.6538E+03)
     1     1 3.297E+00 1.617E-01   840 -1.00E+02 -1.00E+02 9.241E-08 3.357E-09
     2     1 4.058E-03 1.964E-04   486 -8.04E+01 -8.04E+01 8.153E-11 4.195E-12
     3     1 1.880E-01 1.860E-02     1 -5.02E+00 -5.00E+00 6.521E-08 3.350E-09
     4     1 4.007E-04 4.571E-05   442 -5.97E+01 -5.97E+01 7.683E-12 4.124E-13
                        (NSTEP:   398  DELTAT:   7.5205E+00  TIME:   1.6614E+03)
     1     1 3.609E+00 1.771E-01   840 -1.00E+02 -1.00E+02 9.222E-08 3.350E-09
     2     1 4.869E-03 2.357E-04   486 -8.02E+01 -8.02E+01 8.921E-11 4.590E-12
     3     1 2.063E-01 2.041E-02     1 -5.02E+00 -5.00E+00 6.506E-08 3.343E-09
     4     1 4.821E-04 5.495E-05   442 -5.96E+01 -5.96E+01 8.432E-12 4.524E-13
                        (NSTEP:   399  DELTAT:   8.2725E+00  TIME:   1.6696E+03)
     1     1 3.948E+00 1.940E-01   840 -9.98E+01 -1.00E+02 9.201E-08 3.343E-09
     2     1 5.836E-03 2.825E-04   486 -8.00E+01 -8.00E+01 9.755E-11 5.019E-12
     3     1 2.263E-01 2.238E-02     1 -5.02E+00 -5.00E+00 6.490E-08 3.334E-09
     4     1 5.797E-04 6.602E-05   442 -5.94E+01 -5.94E+01 9.251E-12 4.962E-13
                        (NSTEP:   400  DELTAT:   9.0998E+00  TIME:   1.6787E+03)
     1     1 4.317E+00 2.123E-01   840 -9.96E+01 -9.98E+01 9.178E-08 3.334E-09
     2     1 6.990E-03 3.384E-04   486 -7.98E+01 -7.98E+01 1.066E-10 5.486E-12
     3     1 2.483E-01 2.454E-02     1 -5.02E+00 -5.00E+00 6.472E-08 3.325E-09
     4     1 6.967E-04 7.927E-05   442 -5.92E+01 -5.92E+01 1.015E-11 5.440E-13
                        (NSTEP:   401  DELTAT:   1.0010E+01  TIME:   1.6887E+03)
     1     1 4.718E+00 2.323E-01   840 -9.93E+01 -9.96E+01 9.152E-08 3.325E-09
     2     1 8.363E-03 4.048E-04   486 -7.96E+01 -7.96E+01 1.165E-10 5.992E-12
     3     1 2.722E-01 2.689E-02     1 -5.03E+00 -5.00E+00 6.453E-08 3.315E-09
     4     1 8.367E-04 9.511E-05   442 -5.90E+01 -5.90E+01 1.113E-11 5.963E-13
                        (NSTEP:   402  DELTAT:   1.1011E+01  TIME:   1.6997E+03)
     1     1 5.153E+00 2.540E-01   840 -9.91E+01 -9.93E+01 9.125E-08 3.315E-09
     2     1 9.996E-03 4.838E-04   486 -7.94E+01 -7.94E+01 1.271E-10 6.540E-12
     3     1 2.985E-01 2.947E-02     1 -5.03E+00 -5.00E+00 6.431E-08 3.304E-09
     4     1 1.004E-03 1.140E-04   442 -5.88E+01 -5.88E+01 1.220E-11 6.533E-13
     5     1 2.985E-01 2.947E-02     1 -5.03E+00 -5.00E+00 6.431E-08 3.304E-09
     6     1 1.004E-03 1.140E-04   442 -5.88E+01 -5.88E+01 1.220E-11 6.533E-13
     7     1 2.985E-01 2.947E-02     1 -5.03E+00 -5.00E+00 6.431E-08 3.304E-09
     8     1 1.004E-03 1.140E-04   442 -5.88E+01 -5.88E+01 1.220E-11 6.533E-13
     9     1 2.985E-01 2.947E-02     1 -5.03E+00 -5.00E+00 6.431E-08 3.304E-09
    10     1 1.004E-03 1.140E-04   442 -5.88E+01 -5.88E+01 1.220E-11 6.533E-13
                        (NSTEP:   402  DELTAT:   5.5054E+00  TIME:   1.6942E+03)
     1     1 2.581E+00 1.272E-01   840 -9.92E+01 -9.93E+01 9.125E-08 3.315E-09
     2     1 2.514E-03 1.217E-04   486 -7.95E+01 -7.95E+01 6.370E-11 3.278E-12
     3     1 1.495E-01 1.477E-02     1 -5.01E+00 -5.00E+00 6.442E-08 3.310E-09
     4     1 2.525E-04 2.869E-05   442 -5.89E+01 -5.89E+01 6.111E-12 3.274E-13
                        (NSTEP:   403  DELTAT:   6.0559E+00  TIME:   1.7003E+03)
     1     1 2.828E+00 1.395E-01   840 -9.91E+01 -9.92E+01 9.110E-08 3.310E-09
     2     1 3.022E-03 1.463E-04   486 -7.93E+01 -7.93E+01 6.977E-11 3.590E-12
     3     1 1.641E-01 1.621E-02     1 -5.02E+00 -5.00E+00 6.430E-08 3.304E-09
     4     1 3.042E-04 3.454E-05   442 -5.88E+01 -5.88E+01 6.710E-12 3.593E-13
                        (NSTEP:   404  DELTAT:   6.6615E+00  TIME:   1.7070E+03)
     1     1 3.097E+00 1.529E-01   840 -9.89E+01 -9.91E+01 9.093E-08 3.304E-09
     2     1 3.629E-03 1.757E-04   486 -7.92E+01 -7.92E+01 7.639E-11 3.931E-12
     3     1 1.802E-01 1.779E-02     1 -5.02E+00 -5.00E+00 6.418E-08 3.297E-09
     4     1 3.662E-04 4.156E-05   442 -5.87E+01 -5.87E+01 7.366E-12 3.943E-13
                        (NSTEP:   405  DELTAT:   7.3277E+00  TIME:   1.7143E+03)
     1     1 3.391E+00 1.675E-01   483 -9.88E+01 -9.89E+01 9.075E-08 3.297E-09
     2     1 4.356E-03 2.108E-04   486 -7.90E+01 -7.90E+01 8.360E-11 4.302E-12
     3     1 1.978E-01 1.951E-02     1 -5.02E+00 -5.00E+00 6.404E-08 3.290E-09
     4     1 4.407E-04 4.998E-05   442 -5.85E+01 -5.85E+01 8.084E-12 4.327E-13
                        (NSTEP:   406  DELTAT:   8.0604E+00  TIME:   1.7223E+03)
     1     1 3.710E+00 1.835E-01   483 -9.86E+01 -9.88E+01 9.056E-08 3.290E-09
     2     1 5.223E-03 2.528E-04   486 -7.89E+01 -7.89E+01 9.145E-11 4.706E-12
     3     1 2.170E-01 2.140E-02     1 -5.02E+00 -5.00E+00 6.388E-08 3.282E-09
     4     1 5.302E-04 6.007E-05   442 -5.84E+01 -5.84E+01 8.871E-12 4.746E-13
                        (NSTEP:   407  DELTAT:   8.8665E+00  TIME:   1.7312E+03)
     1     1 4.058E+00 2.009E-01   483 -9.84E+01 -9.86E+01 9.034E-08 3.282E-09
     2     1 6.259E-03 3.029E-04   486 -7.87E+01 -7.87E+01 9.998E-11 5.144E-12
     3     1 2.381E-01 2.347E-02     1 -5.02E+00 -5.00E+00 6.372E-08 3.274E-09
     4     1 6.373E-04 7.215E-05   442 -5.82E+01 -5.82E+01 9.732E-12 5.204E-13
                        (NSTEP:   408  DELTAT:   9.7531E+00  TIME:   1.7410E+03)
     1     1 4.436E+00 2.198E-01   483 -9.82E+01 -9.84E+01 9.010E-08 3.274E-09
     2     1 7.492E-03 3.626E-04   486 -7.85E+01 -7.85E+01 1.092E-10 5.621E-12
     3     1 2.611E-01 2.573E-02     1 -5.03E+00 -5.00E+00 6.353E-08 3.264E-09
     4     1 7.657E-04 8.660E-05   442 -5.81E+01 -5.81E+01 1.067E-11 5.705E-13
                        (NSTEP:   409  DELTAT:   1.0728E+01  TIME:   1.7517E+03)
     1     1 4.847E+00 2.404E-01   483 -9.79E+01 -9.82E+01 8.984E-08 3.264E-09
     2     1 8.959E-03 4.337E-04   486 -7.82E+01 -7.82E+01 1.193E-10 6.137E-12
     3     1 2.863E-01 2.820E-02     1 -5.03E+00 -5.00E+00 6.333E-08 3.254E-09
     4     1 9.194E-04 1.039E-04   442 -5.79E+01 -5.79E+01 1.170E-11 6.252E-13
     5     1 2.863E-01 2.820E-02     1 -5.03E+00 -5.00E+00 6.333E-08 3.254E-09
     6     1 9.194E-04 1.039E-04   442 -5.79E+01 -5.79E+01 1.170E-11 6.252E-13
     7     1 2.863E-01 2.820E-02     1 -5.03E+00 -5.00E+00 6.333E-08 3.254E-09
     8     1 9.194E-04 1.039E-04   442 -5.79E+01 -5.79E+01 1.170E-11 6.252E-13
     9     1 2.863E-01 2.820E-02     1 -5.03E+00 -5.00E+00 6.333E-08 3.254E-09
    10     1 9.194E-04 1.039E-04   442 -5.79E+01 -5.79E+01 1.170E-11 6.252E-13
                        (NSTEP:   409  DELTAT:   5.3642E+00  TIME:   1.7463E+03)
     1     1 2.427E+00 1.204E-01   483 -9.81E+01 -9.82E+01 8.984E-08 3.264E-09
     2     1 2.253E-03 1.090E-04   486 -7.83E+01 -7.83E+01 5.976E-11 3.075E-12
     3     1 1.434E-01 1.413E-02     1 -5.01E+00 -5.00E+00 6.343E-08 3.259E-09
     4     1 2.311E-04 2.613E-05   442 -5.80E+01 -5.80E+01 5.862E-12 3.133E-13
                        (NSTEP:   410  DELTAT:   5.9006E+00  TIME:   1.7522E+03)
     1     1 2.660E+00 1.320E-01   483 -9.79E+01 -9.81E+01 8.970E-08 3.259E-09
     2     1 2.708E-03 1.311E-04   486 -7.82E+01 -7.82E+01 6.547E-11 3.369E-12
     3     1 1.574E-01 1.551E-02     1 -5.02E+00 -5.00E+00 6.332E-08 3.253E-09
     4     1 2.784E-04 3.146E-05   442 -5.78E+01 -5.78E+01 6.437E-12 3.439E-13
                        (NSTEP:   411  DELTAT:   6.4907E+00  TIME:   1.7587E+03)
     1     1 2.914E+00 1.447E-01   483 -9.78E+01 -9.79E+01 8.955E-08 3.253E-09
     2     1 3.254E-03 1.575E-04   486 -7.81E+01 -7.81E+01 7.170E-11 3.690E-12
     3     1 1.728E-01 1.702E-02     1 -5.02E+00 -5.00E+00 6.320E-08 3.247E-09
     4     1 3.353E-04 3.787E-05   442 -5.77E+01 -5.77E+01 7.067E-12 3.774E-13
                        (NSTEP:   412  DELTAT:   7.1398E+00  TIME:   1.7659E+03)
     1     1 3.191E+00 1.586E-01   483 -9.76E+01 -9.78E+01 8.938E-08 3.247E-09
     2     1 3.907E-03 1.891E-04   486 -7.79E+01 -7.79E+01 7.848E-11 4.039E-12
     3     1 1.897E-01 1.868E-02     1 -5.02E+00 -5.00E+00 6.307E-08 3.241E-09
     4     1 4.037E-04 4.555E-05   442 -5.76E+01 -5.76E+01 7.757E-12 4.141E-13
                        (NSTEP:   413  DELTAT:   7.8537E+00  TIME:   1.7737E+03)
     1     1 3.493E+00 1.737E-01   483 -9.74E+01 -9.76E+01 8.919E-08 3.241E-09
     2     1 4.687E-03 2.269E-04   486 -7.78E+01 -7.78E+01 8.587E-11 4.419E-12
     3     1 2.082E-01 2.049E-02     1 -5.02E+00 -5.00E+00 6.293E-08 3.233E-09
     4     1 4.857E-04 5.477E-05   442 -5.75E+01 -5.75E+01 8.513E-12 4.543E-13
                        (NSTEP:   414  DELTAT:   8.6391E+00  TIME:   1.7824E+03)
     1     1 3.821E+00 1.902E-01   483 -9.73E+01 -9.74E+01 8.899E-08 3.233E-09
     2     1 5.618E-03 2.719E-04   486 -7.76E+01 -7.76E+01 9.390E-11 4.832E-12
     3     1 2.284E-01 2.247E-02     1 -5.02E+00 -5.00E+00 6.277E-08 3.225E-09
     4     1 5.841E-04 6.581E-05   442 -5.73E+01 -5.73E+01 9.340E-12 4.982E-13
                        (NSTEP:   415  DELTAT:   9.5030E+00  TIME:   1.7919E+03)
     1     1 4.178E+00 2.082E-01   483 -9.70E+01 -9.73E+01 8.876E-08 3.225E-09
     2     1 6.729E-03 3.257E-04   486 -7.74E+01 -7.74E+01 1.026E-10 5.281E-12
     3     1 2.506E-01 2.464E-02     1 -5.02E+00 -5.00E+00 6.260E-08 3.216E-09
     4     1 7.019E-04 7.901E-05   442 -5.71E+01 -5.71E+01 1.025E-11 5.463E-13
                        (NSTEP:   416  DELTAT:   1.0453E+01  TIME:   1.8023E+03)
     1     1 4.566E+00 2.278E-01   483 -9.68E+01 -9.70E+01 8.852E-08 3.216E-09
     2     1 8.051E-03 3.896E-04   486 -7.72E+01 -7.72E+01 1.121E-10 5.769E-12
     3     1 2.748E-01 2.701E-02     1 -5.03E+00 -5.00E+00 6.241E-08 3.207E-09
     4     1 8.431E-04 9.480E-05   442 -5.70E+01 -5.70E+01 1.124E-11 5.988E-13
                        (NSTEP:   417  DELTAT:   1.1499E+01  TIME:   1.8138E+03)
     1     1 4.986E+00 2.491E-01   483 -9.66E+01 -9.68E+01 8.825E-08 3.207E-09
     2     1 9.622E-03 4.657E-04   486 -7.69E+01 -7.69E+01 1.223E-10 6.297E-12
     3     1 3.012E-01 2.959E-02     1 -5.03E+00 -5.00E+00 6.220E-08 3.196E-09
     4     1 1.012E-03 1.137E-04   442 -5.68E+01 -5.68E+01 1.232E-11 6.561E-13
     5     1 3.012E-01 2.959E-02     1 -5.03E+00 -5.00E+00 6.220E-08 3.196E-09
     6     1 1.012E-03 1.137E-04   442 -5.68E+01 -5.68E+01 1.232E-11 6.561E-13
     7     1 3.012E-01 2.959E-02     1 -5.03E+00 -5.00E+00 6.220E-08 3.196E-09
     8     1 1.012E-03 1.137E-04   442 -5.68E+01 -5.68E+01 1.232E-11 6.561E-13
     9     1 3.012E-01 2.959E-02     1 -5.03E+00 -5.00E+00 6.220E-08 3.196E-09
    10     1 1.012E-03 1.137E-04   442 -5.68E+01 -5.68E+01 1.232E-11 6.561E-13
                        (NSTEP:   417  DELTAT:   5.7493E+00  TIME:   1.8081E+03)
     1     1 2.498E+00 1.247E-01   483 -9.67E+01 -9.68E+01 8.825E-08 3.207E-09
     2     1 2.420E-03 1.171E-04   486 -7.70E+01 -7.70E+01 6.131E-11 3.155E-12
     3     1 1.509E-01 1.483E-02     1 -5.01E+00 -5.00E+00 6.231E-08 3.201E-09
     4     1 2.544E-04 2.860E-05   442 -5.69E+01 -5.69E+01 6.170E-12 3.288E-13
                        (NSTEP:   418  DELTAT:   6.3243E+00  TIME:   1.8144E+03)
     1     1 2.737E+00 1.368E-01   483 -9.66E+01 -9.67E+01 8.811E-08 3.201E-09
     2     1 2.909E-03 1.408E-04   486 -7.69E+01 -7.69E+01 6.716E-11 3.456E-12
     3     1 1.657E-01 1.628E-02     1 -5.02E+00 -5.00E+00 6.219E-08 3.195E-09
     4     1 3.065E-04 3.443E-05   442 -5.67E+01 -5.67E+01 6.774E-12 3.609E-13
                        (NSTEP:   419  DELTAT:   6.9567E+00  TIME:   1.8213E+03)
     1     1 2.997E+00 1.499E-01   483 -9.64E+01 -9.66E+01 8.795E-08 3.195E-09
     2     1 3.493E-03 1.691E-04   486 -7.68E+01 -7.68E+01 7.353E-11 3.784E-12
     3     1 1.819E-01 1.786E-02     1 -5.02E+00 -5.00E+00 6.207E-08 3.189E-09
     4     1 3.690E-04 4.143E-05   442 -5.66E+01 -5.66E+01 7.437E-12 3.960E-13
                        (NSTEP:   420  DELTAT:   7.6524E+00  TIME:   1.8290E+03)
     1     1 3.281E+00 1.642E-01   483 -9.62E+01 -9.64E+01 8.777E-08 3.189E-09
     2     1 4.193E-03 2.029E-04   486 -7.66E+01 -7.66E+01 8.046E-11 4.141E-12
     3     1 1.996E-01 1.960E-02     1 -5.02E+00 -5.00E+00 6.193E-08 3.182E-09
     4     1 4.441E-04 4.983E-05   442 -5.65E+01 -5.65E+01 8.162E-12 4.345E-13
                        (NSTEP:   421  DELTAT:   8.4176E+00  TIME:   1.8374E+03)
     1     1 3.591E+00 1.799E-01   483 -9.61E+01 -9.62E+01 8.758E-08 3.182E-09
     2     1 5.028E-03 2.433E-04   486 -7.64E+01 -7.64E+01 8.801E-11 4.530E-12
     3     1 2.190E-01 2.149E-02     1 -5.02E+00 -5.00E+00 6.179E-08 3.175E-09
     4     1 5.342E-04 5.989E-05   442 -5.63E+01 -5.63E+01 8.957E-12 4.766E-13
                        (NSTEP:   422  DELTAT:   9.2594E+00  TIME:   1.8467E+03)
     1     1 3.927E+00 1.969E-01   483 -9.59E+01 -9.61E+01 8.737E-08 3.175E-09
     2     1 6.024E-03 2.915E-04   486 -7.63E+01 -7.62E+01 9.622E-11 4.952E-12
     3     1 2.403E-01 2.357E-02     1 -5.02E+00 -5.00E+00 6.162E-08 3.166E-09
     4     1 6.422E-04 7.194E-05   442 -5.62E+01 -5.62E+01 9.826E-12 5.226E-13
                        (NSTEP:   423  DELTAT:   1.0185E+01  TIME:   1.8569E+03)
     1     1 4.293E+00 2.155E-01   483 -9.57E+01 -9.59E+01 8.714E-08 3.166E-09
     2     1 7.211E-03 3.490E-04   486 -7.60E+01 -7.60E+01 1.051E-10 5.411E-12
     3     1 2.635E-01 2.584E-02     1 -5.03E+00 -5.00E+00 6.145E-08 3.157E-09
     4     1 7.716E-04 8.636E-05   442 -5.60E+01 -5.60E+01 1.078E-11 5.729E-13
                        (NSTEP:   424  DELTAT:   1.1204E+01  TIME:   1.8681E+03)
     1     1 4.690E+00 2.357E-01   483 -9.54E+01 -9.57E+01 8.689E-08 3.157E-09
     2     1 8.624E-03 4.173E-04   486 -7.58E+01 -7.58E+01 1.148E-10 5.908E-12
     3     1 2.890E-01 2.832E-02     1 -5.03E+00 -5.00E+00 6.125E-08 3.147E-09
     4     1 9.265E-04 1.036E-04   442 -5.58E+01 -5.58E+01 1.182E-11 6.279E-13
     5     1 2.890E-01 2.832E-02     1 -5.03E+00 -5.00E+00 6.125E-08 3.147E-09
     6     1 9.265E-04 1.036E-04   442 -5.58E+01 -5.58E+01 1.182E-11 6.279E-13
     7     1 2.890E-01 2.832E-02     1 -5.03E+00 -5.00E+00 6.125E-08 3.147E-09
     8     1 9.265E-04 1.036E-04   442 -5.58E+01 -5.58E+01 1.182E-11 6.279E-13
     9     1 2.890E-01 2.832E-02     1 -5.03E+00 -5.00E+00 6.125E-08 3.147E-09
    10     1 9.265E-04 1.036E-04   442 -5.58E+01 -5.58E+01 1.182E-11 6.279E-13
                        (NSTEP:   424  DELTAT:   5.6019E+00  TIME:   1.8625E+03)
     1     1 2.349E+00 1.180E-01   483 -9.55E+01 -9.57E+01 8.689E-08 3.157E-09
     2     1 2.168E-03 1.049E-04   486 -7.59E+01 -7.59E+01 5.751E-11 2.960E-12
     3     1 1.447E-01 1.419E-02     1 -5.01E+00 -5.00E+00 6.135E-08 3.152E-09
     4     1 2.329E-04 2.606E-05   442 -5.59E+01 -5.59E+01 5.918E-12 3.146E-13
                        (NSTEP:   425  DELTAT:   6.1621E+00  TIME:   1.8686E+03)
     1     1 2.574E+00 1.294E-01   483 -9.54E+01 -9.55E+01 8.676E-08 3.152E-09
     2     1 2.607E-03 1.262E-04   486 -7.58E+01 -7.58E+01 6.301E-11 3.243E-12
     3     1 1.589E-01 1.558E-02     1 -5.02E+00 -5.00E+00 6.124E-08 3.147E-09
     4     1 2.806E-04 3.138E-05   442 -5.58E+01 -5.58E+01 6.499E-12 3.454E-13
                        (NSTEP:   426  DELTAT:   6.7783E+00  TIME:   1.8754E+03)
     1     1 2.820E+00 1.419E-01   483 -9.53E+01 -9.54E+01 8.661E-08 3.147E-09
     2     1 3.132E-03 1.516E-04   486 -7.57E+01 -7.57E+01 6.900E-11 3.551E-12
     3     1 1.745E-01 1.710E-02     1 -5.02E+00 -5.00E+00 6.113E-08 3.141E-09
     4     1 3.379E-04 3.777E-05   442 -5.57E+01 -5.57E+01 7.135E-12 3.791E-13
                        (NSTEP:   427  DELTAT:   7.4561E+00  TIME:   1.8829E+03)
     1     1 3.088E+00 1.555E-01   483 -9.51E+01 -9.53E+01 8.644E-08 3.141E-09
     2     1 3.760E-03 1.820E-04   486 -7.55E+01 -7.55E+01 7.552E-11 3.888E-12
     3     1 1.915E-01 1.876E-02     1 -5.02E+00 -5.00E+00 6.100E-08 3.134E-09
     4     1 4.068E-04 4.543E-05   442 -5.56E+01 -5.56E+01 7.832E-12 4.159E-13
                        (NSTEP:   428  DELTAT:   8.2018E+00  TIME:   1.8911E+03)
     1     1 3.380E+00 1.703E-01   483 -9.49E+01 -9.51E+01 8.626E-08 3.134E-09
     2     1 4.511E-03 2.183E-04   486 -7.54E+01 -7.54E+01 8.263E-11 4.253E-12
     3     1 2.102E-01 2.058E-02     1 -5.02E+00 -5.00E+00 6.086E-08 3.127E-09
     4     1 4.895E-04 5.462E-05   442 -5.55E+01 -5.55E+01 8.595E-12 4.563E-13
                        (NSTEP:   429  DELTAT:   9.0219E+00  TIME:   1.9001E+03)
     1     1 3.698E+00 1.865E-01   483 -9.48E+01 -9.49E+01 8.607E-08 3.127E-09
     2     1 5.407E-03 2.617E-04   486 -7.52E+01 -7.52E+01 9.036E-11 4.651E-12
     3     1 2.306E-01 2.257E-02     1 -5.02E+00 -5.00E+00 6.071E-08 3.119E-09
     4     1 5.886E-04 6.564E-05   442 -5.53E+01 -5.53E+01 9.430E-12 5.004E-13
                        (NSTEP:   430  DELTAT:   9.9241E+00  TIME:   1.9100E+03)
     1     1 4.043E+00 2.041E-01   483 -9.45E+01 -9.48E+01 8.585E-08 3.119E-09
     2     1 6.476E-03 3.134E-04   486 -7.50E+01 -7.50E+01 9.875E-11 5.083E-12
     3     1 2.529E-01 2.475E-02     1 -5.02E+00 -5.00E+00 6.054E-08 3.111E-09
     4     1 7.074E-04 7.882E-05   442 -5.51E+01 -5.51E+01 1.034E-11 5.487E-13
                        (NSTEP:   431  DELTAT:   1.0917E+01  TIME:   1.9209E+03)
     1     1 4.419E+00 2.233E-01   483 -9.43E+01 -9.45E+01 8.561E-08 3.111E-09
     2     1 7.748E-03 3.749E-04   486 -7.48E+01 -7.48E+01 1.079E-10 5.552E-12
     3     1 2.774E-01 2.713E-02     1 -5.03E+00 -5.00E+00 6.036E-08 3.101E-09
     4     1 8.496E-04 9.457E-05   442 -5.50E+01 -5.50E+01 1.134E-11 6.014E-13
                        (NSTEP:   432  DELTAT:   1.2008E+01  TIME:   1.9329E+03)
     1     1 4.826E+00 2.441E-01   483 -9.41E+01 -9.43E+01 8.536E-08 3.101E-09
     2     1 9.260E-03 4.481E-04   486 -7.46E+01 -7.46E+01 1.177E-10 6.060E-12
     3     1 3.041E-01 2.972E-02     1 -5.03E+00 -5.00E+00 6.016E-08 3.091E-09
     4     1 1.020E-03 1.134E-04   442 -5.48E+01 -5.48E+01 1.244E-11 6.590E-13
     5     1 3.041E-01 2.972E-02     1 -5.03E+00 -5.00E+00 6.016E-08 3.091E-09
     6     1 1.020E-03 1.134E-04   442 -5.48E+01 -5.48E+01 1.244E-11 6.590E-13
     7     1 3.041E-01 2.972E-02     1 -5.03E+00 -5.00E+00 6.016E-08 3.091E-09
     8     1 1.020E-03 1.134E-04   442 -5.48E+01 -5.48E+01 1.244E-11 6.590E-13
     9     1 3.041E-01 2.972E-02     1 -5.03E+00 -5.00E+00 6.016E-08 3.091E-09
    10     1 1.020E-03 1.134E-04   442 -5.48E+01 -5.48E+01 1.244E-11 6.590E-13
                        (NSTEP:   432  DELTAT:   6.0041E+00  TIME:   1.9269E+03)
     1     1 2.417E+00 1.222E-01   483 -9.42E+01 -9.43E+01 8.536E-08 3.101E-09
     2     1 2.329E-03 1.127E-04   486 -7.47E+01 -7.47E+01 5.899E-11 3.037E-12
     3     1 1.523E-01 1.489E-02     1 -5.01E+00 -5.00E+00 6.026E-08 3.096E-09
     4     1 2.564E-04 2.853E-05   442 -5.49E+01 -5.49E+01 6.229E-12 3.302E-13
                        (NSTEP:   433  DELTAT:   6.6045E+00  TIME:   1.9335E+03)
     1     1 2.648E+00 1.340E-01   863 -9.41E+01 -9.42E+01 8.522E-08 3.096E-09
     2     1 2.799E-03 1.354E-04   486 -7.45E+01 -7.45E+01 6.461E-11 3.326E-12
     3     1 1.672E-01 1.635E-02     1 -5.02E+00 -5.00E+00 6.015E-08 3.091E-09
     4     1 3.089E-04 3.435E-05   442 -5.48E+01 -5.48E+01 6.840E-12 3.625E-13
                        (NSTEP:   434  DELTAT:   7.2650E+00  TIME:   1.9408E+03)
     1     1 2.901E+00 1.469E-01   863 -9.40E+01 -9.41E+01 8.506E-08 3.091E-09
     2     1 3.362E-03 1.627E-04   486 -7.44E+01 -7.44E+01 7.074E-11 3.642E-12
     3     1 1.836E-01 1.794E-02     1 -5.02E+00 -5.00E+00 6.003E-08 3.084E-09
     4     1 3.719E-04 4.134E-05   442 -5.47E+01 -5.47E+01 7.508E-12 3.978E-13
                        (NSTEP:   435  DELTAT:   7.9915E+00  TIME:   1.9488E+03)
     1     1 3.176E+00 1.610E-01   863 -9.38E+01 -9.40E+01 8.489E-08 3.084E-09
     2     1 4.035E-03 1.952E-04   486 -7.43E+01 -7.43E+01 7.742E-11 3.985E-12
     3     1 2.015E-01 1.968E-02     1 -5.02E+00 -5.00E+00 5.990E-08 3.078E-09
     4     1 4.476E-04 4.972E-05   442 -5.45E+01 -5.45E+01 8.241E-12 4.365E-13
                        (NSTEP:   436  DELTAT:   8.7906E+00  TIME:   1.9576E+03)
     1     1 3.475E+00 1.763E-01   863 -9.36E+01 -9.38E+01 8.471E-08 3.078E-09
     2     1 4.839E-03 2.341E-04   486 -7.41E+01 -7.41E+01 8.468E-11 4.359E-12
     3     1 2.211E-01 2.159E-02     1 -5.02E+00 -5.00E+00 5.976E-08 3.070E-09
     4     1 5.384E-04 5.976E-05   442 -5.44E+01 -5.44E+01 9.043E-12 4.788E-13
                        (NSTEP:   437  DELTAT:   9.6697E+00  TIME:   1.9672E+03)
     1     1 3.801E+00 1.930E-01   863 -9.34E+01 -9.36E+01 8.451E-08 3.070E-09
     2     1 5.798E-03 2.805E-04   486 -7.39E+01 -7.39E+01 9.257E-11 4.765E-12
     3     1 2.425E-01 2.368E-02     1 -5.02E+00 -5.00E+00 5.960E-08 3.062E-09
     4     1 6.473E-04 7.179E-05   442 -5.42E+01 -5.42E+01 9.921E-12 5.250E-13
                        (NSTEP:   438  DELTAT:   1.0637E+01  TIME:   1.9779E+03)
     1     1 4.155E+00 2.112E-01   863 -9.32E+01 -9.34E+01 8.428E-08 3.062E-09
     2     1 6.940E-03 3.357E-04   486 -7.37E+01 -7.37E+01 1.011E-10 5.207E-12
     3     1 2.660E-01 2.596E-02     1 -5.03E+00 -5.00E+00 5.943E-08 3.054E-09
     4     1 7.777E-04 8.617E-05   442 -5.41E+01 -5.41E+01 1.088E-11 5.756E-13
                        (NSTEP:   439  DELTAT:   1.1700E+01  TIME:   1.9896E+03)
     1     1 4.539E+00 2.310E-01   863 -9.30E+01 -9.32E+01 8.404E-08 3.054E-09
     2     1 8.299E-03 4.015E-04   486 -7.35E+01 -7.35E+01 1.104E-10 5.685E-12
     3     1 2.917E-01 2.845E-02     1 -5.03E+00 -5.00E+00 5.924E-08 3.044E-09
     4     1 9.338E-04 1.034E-04   442 -5.39E+01 -5.39E+01 1.193E-11 6.308E-13
     5     1 2.917E-01 2.845E-02     1 -5.03E+00 -5.00E+00 5.924E-08 3.044E-09
     6     1 9.338E-04 1.034E-04   442 -5.39E+01 -5.39E+01 1.193E-11 6.308E-13
     7     1 2.917E-01 2.845E-02     1 -5.03E+00 -5.00E+00 5.924E-08 3.044E-09
     8     1 9.338E-04 1.034E-04   442 -5.39E+01 -5.39E+01 1.193E-11 6.308E-13
     9     1 2.917E-01 2.845E-02     1 -5.03E+00 -5.00E+00 5.924E-08 3.044E-09
    10     1 9.338E-04 1.034E-04   442 -5.39E+01 -5.39E+01 1.193E-11 6.308E-13
                        (NSTEP:   439  DELTAT:   5.8501E+00  TIME:   1.9837E+03)
     1     1 2.273E+00 1.156E-01   863 -9.31E+01 -9.32E+01 8.404E-08 3.054E-09
     2     1 2.087E-03 1.010E-04   486 -7.36E+01 -7.36E+01 5.533E-11 2.849E-12
     3     1 1.461E-01 1.425E-02     1 -5.01E+00 -5.00E+00 5.934E-08 3.049E-09
     4     1 2.347E-04 2.600E-05   442 -5.40E+01 -5.40E+01 5.976E-12 3.161E-13
                        (NSTEP:   440  DELTAT:   6.4352E+00  TIME:   1.9902E+03)
     1     1 2.491E+00 1.268E-01   863 -9.30E+01 -9.31E+01 8.391E-08 3.049E-09
     2     1 2.509E-03 1.214E-04   491 -7.35E+01 -7.35E+01 6.061E-11 3.121E-12
     3     1 1.604E-01 1.565E-02     1 -5.02E+00 -5.00E+00 5.924E-08 3.044E-09
     4     1 2.828E-04 3.131E-05   442 -5.39E+01 -5.39E+01 6.562E-12 3.470E-13
                        (NSTEP:   441  DELTAT:   7.0787E+00  TIME:   1.9972E+03)
     1     1 2.729E+00 1.390E-01   863 -9.28E+01 -9.30E+01 8.376E-08 3.044E-09
     2     1 3.014E-03 1.458E-04   486 -7.34E+01 -7.34E+01 6.638E-11 3.417E-12
     3     1 1.761E-01 1.717E-02     1 -5.02E+00 -5.00E+00 5.912E-08 3.038E-09
     4     1 3.406E-04 3.769E-05   442 -5.38E+01 -5.38E+01 7.204E-12 3.808E-13
                        (NSTEP:   442  DELTAT:   7.7865E+00  TIME:   2.0050E+03)
     1     1 2.989E+00 1.523E-01   863 -9.27E+01 -9.28E+01 8.361E-08 3.038E-09
     2     1 3.619E-03 1.750E-04   501 -7.32E+01 -7.32E+01 7.265E-11 3.741E-12
     3     1 1.933E-01 1.885E-02     1 -5.02E+00 -5.00E+00 5.900E-08 3.031E-09
     4     1 4.100E-04 4.534E-05   442 -5.37E+01 -5.37E+01 7.907E-12 4.179E-13
                        (NSTEP:   443  DELTAT:   8.5652E+00  TIME:   2.0136E+03)
     1     1 3.271E+00 1.669E-01   863 -9.25E+01 -9.27E+01 8.343E-08 3.031E-09
     2     1 4.341E-03 2.100E-04   486 -7.31E+01 -7.31E+01 7.949E-11 4.092E-12
     3     1 2.121E-01 2.067E-02     1 -5.02E+00 -5.00E+00 5.887E-08 3.025E-09
     4     1 4.933E-04 5.452E-05   442 -5.35E+01 -5.35E+01 8.678E-12 4.584E-13
                        (NSTEP:   444  DELTAT:   9.4217E+00  TIME:   2.0230E+03)
     1     1 3.579E+00 1.827E-01   863 -9.23E+01 -9.25E+01 8.324E-08 3.025E-09
     2     1 5.204E-03 2.517E-04   486 -7.29E+01 -7.29E+01 8.692E-11 4.475E-12
     3     1 2.328E-01 2.268E-02     1 -5.02E+00 -5.00E+00 5.872E-08 3.017E-09
     4     1 5.933E-04 6.551E-05   442 -5.34E+01 -5.34E+01 9.522E-12 5.028E-13
                        (NSTEP:   445  DELTAT:   1.0364E+01  TIME:   2.0334E+03)
     1     1 3.913E+00 2.000E-01   863 -9.21E+01 -9.23E+01 8.303E-08 3.017E-09
     2     1 6.232E-03 3.014E-04   486 -7.27E+01 -7.27E+01 9.499E-11 4.891E-12
     3     1 2.553E-01 2.486E-02     1 -5.02E+00 -5.00E+00 5.856E-08 3.009E-09
     4     1 7.130E-04 7.867E-05   442 -5.32E+01 -5.32E+01 1.044E-11 5.513E-13
                        (NSTEP:   446  DELTAT:   1.1400E+01  TIME:   2.0448E+03)
     1     1 4.277E+00 2.188E-01   863 -9.19E+01 -9.21E+01 8.281E-08 3.009E-09
     2     1 7.456E-03 3.606E-04   486 -7.25E+01 -7.25E+01 1.037E-10 5.341E-12
     3     1 2.800E-01 2.725E-02     1 -5.03E+00 -5.00E+00 5.838E-08 3.000E-09
     4     1 8.564E-04 9.441E-05   442 -5.31E+01 -5.31E+01 1.145E-11 6.043E-13
                        (NSTEP:   447  DELTAT:   1.2540E+01  TIME:   2.0573E+03)
     1     1 4.671E+00 2.392E-01   863 -9.17E+01 -9.19E+01 8.256E-08 3.000E-09
     2     1 8.911E-03 4.310E-04   486 -7.23E+01 -7.23E+01 1.132E-10 5.830E-12
     3     1 3.069E-01 2.986E-02     1 -5.03E+00 -5.00E+00 5.819E-08 2.990E-09
     4     1 1.028E-03 1.132E-04   442 -5.29E+01 -5.29E+01 1.256E-11 6.622E-13
     5     1 3.069E-01 2.986E-02     1 -5.03E+00 -5.00E+00 5.819E-08 2.990E-09
     6     1 1.028E-03 1.132E-04   442 -5.29E+01 -5.29E+01 1.256E-11 6.622E-13
     7     1 3.069E-01 2.986E-02     1 -5.03E+00 -5.00E+00 5.819E-08 2.990E-09
     8     1 1.028E-03 1.132E-04   442 -5.29E+01 -5.29E+01 1.256E-11 6.622E-13
     9     1 3.069E-01 2.986E-02     1 -5.03E+00 -5.00E+00 5.819E-08 2.990E-09
    10     1 1.028E-03 1.132E-04   442 -5.29E+01 -5.29E+01 1.256E-11 6.622E-13
                        (NSTEP:   447  DELTAT:   6.2701E+00  TIME:   2.0511E+03)
     1     1 2.339E+00 1.198E-01   863 -9.18E+01 -9.19E+01 8.256E-08 3.000E-09
     2     1 2.241E-03 1.084E-04   486 -7.24E+01 -7.24E+01 5.674E-11 2.922E-12
     3     1 1.537E-01 1.496E-02     1 -5.01E+00 -5.00E+00 5.829E-08 2.995E-09
     4     1 2.584E-04 2.849E-05   442 -5.30E+01 -5.30E+01 6.290E-12 3.318E-13
                        (NSTEP:   448  DELTAT:   6.8972E+00  TIME:   2.0580E+03)
     1     1 2.563E+00 1.313E-01   863 -9.17E+01 -9.18E+01 8.242E-08 2.995E-09
     2     1 2.694E-03 1.303E-04   486 -7.23E+01 -7.23E+01 6.215E-11 3.200E-12
     3     1 1.688E-01 1.643E-02     1 -5.02E+00 -5.00E+00 5.818E-08 2.989E-09
     4     1 3.113E-04 3.430E-05   442 -5.29E+01 -5.29E+01 6.906E-12 3.642E-13
                        (NSTEP:   449  DELTAT:   7.5869E+00  TIME:   2.0655E+03)
     1     1 2.807E+00 1.439E-01   863 -9.15E+01 -9.17E+01 8.227E-08 2.989E-09
     2     1 3.235E-03 1.565E-04   497 -7.21E+01 -7.21E+01 6.804E-11 3.503E-12
     3     1 1.853E-01 1.803E-02     1 -5.02E+00 -5.00E+00 5.806E-08 2.983E-09
     4     1 3.749E-04 4.127E-05   442 -5.28E+01 -5.28E+01 7.581E-12 3.997E-13
                        (NSTEP:   450  DELTAT:   8.3456E+00  TIME:   2.0739E+03)
     1     1 3.074E+00 1.577E-01   863 -9.14E+01 -9.15E+01 8.211E-08 2.983E-09
     2     1 3.882E-03 1.878E-04   496 -7.20E+01 -7.20E+01 7.446E-11 3.834E-12
     3     1 2.034E-01 1.978E-02     1 -5.02E+00 -5.00E+00 5.794E-08 2.977E-09
     4     1 4.512E-04 4.964E-05   442 -5.27E+01 -5.27E+01 8.321E-12 4.386E-13
                        (NSTEP:   451  DELTAT:   9.1801E+00  TIME:   2.0831E+03)
     1     1 3.363E+00 1.727E-01   863 -9.12E+01 -9.14E+01 8.193E-08 2.977E-09
     2     1 4.656E-03 2.252E-04   491 -7.18E+01 -7.18E+01 8.144E-11 4.194E-12
     3     1 2.232E-01 2.170E-02     1 -5.02E+00 -5.00E+00 5.780E-08 2.970E-09
     4     1 5.427E-04 5.967E-05   442 -5.25E+01 -5.25E+01 9.131E-12 4.811E-13
                        (NSTEP:   452  DELTAT:   1.0098E+01  TIME:   2.0932E+03)
     1     1 3.679E+00 1.890E-01   863 -9.10E+01 -9.12E+01 8.173E-08 2.970E-09
     2     1 5.578E-03 2.698E-04   495 -7.17E+01 -7.17E+01 8.903E-11 4.584E-12
     3     1 2.448E-01 2.379E-02     1 -5.02E+00 -5.00E+00 5.765E-08 2.962E-09
     4     1 6.525E-04 7.168E-05   442 -5.24E+01 -5.24E+01 1.002E-11 5.276E-13
                        (NSTEP:   453  DELTAT:   1.1108E+01  TIME:   2.1043E+03)
     1     1 4.022E+00 2.068E-01   863 -9.08E+01 -9.10E+01 8.152E-08 2.962E-09
     2     1 6.677E-03 3.229E-04   489 -7.15E+01 -7.15E+01 9.726E-11 5.008E-12
     3     1 2.685E-01 2.608E-02     1 -5.03E+00 -5.00E+00 5.748E-08 2.953E-09
     4     1 7.840E-04 8.605E-05   442 -5.22E+01 -5.22E+01 1.099E-11 5.784E-13
                        (NSTEP:   454  DELTAT:   1.2219E+01  TIME:   2.1165E+03)
     1     1 4.394E+00 2.262E-01   863 -9.06E+01 -9.08E+01 8.129E-08 2.953E-09
     2     1 7.985E-03 3.861E-04   492 -7.13E+01 -7.12E+01 1.062E-10 5.468E-12
     3     1 2.944E-01 2.859E-02     1 -5.03E+00 -5.00E+00 5.730E-08 2.944E-09
     4     1 9.413E-04 1.032E-04   442 -5.21E+01 -5.21E+01 1.205E-11 6.339E-13
     5     1 2.944E-01 2.859E-02     1 -5.03E+00 -5.00E+00 5.730E-08 2.944E-09
     6     1 9.413E-04 1.032E-04   442 -5.21E+01 -5.21E+01 1.205E-11 6.339E-13
     7     1 2.944E-01 2.859E-02     1 -5.03E+00 -5.00E+00 5.730E-08 2.944E-09
     8     1 9.413E-04 1.032E-04   442 -5.21E+01 -5.21E+01 1.205E-11 6.339E-13
     9     1 2.944E-01 2.859E-02     1 -5.03E+00 -5.00E+00 5.730E-08 2.944E-09
    10     1 9.413E-04 1.032E-04   442 -5.21E+01 -5.21E+01 1.205E-11 6.339E-13
                        (NSTEP:   454  DELTAT:   6.1094E+00  TIME:   2.1104E+03)
     1     1 2.200E+00 1.133E-01   863 -9.07E+01 -9.08E+01 8.129E-08 2.953E-09
     2     1 2.008E-03 9.709E-05   495 -7.14E+01 -7.14E+01 5.321E-11 2.740E-12
                        (NSTEP:   455  DELTAT:   6.7203E+00  TIME:   2.1171E+03)
     1     1 2.411E+00 1.242E-01   863 -9.06E+01 -9.07E+01 8.116E-08 2.949E-09
     2     1 2.414E-03 1.167E-04   490 -7.12E+01 -7.12E+01 5.829E-11 3.002E-12
     3     1 1.619E-01 1.572E-02     1 -5.02E+00 -5.00E+00 5.729E-08 2.944E-09
     4     1 2.851E-04 3.127E-05   442 -5.20E+01 -5.20E+01 6.625E-12 3.487E-13
                        (NSTEP:   456  DELTAT:   7.3923E+00  TIME:   2.1245E+03)
     1     1 2.642E+00 1.361E-01   863 -9.04E+01 -9.06E+01 8.102E-08 2.944E-09
     2     1 2.900E-03 1.402E-04   489 -7.11E+01 -7.11E+01 6.383E-11 3.287E-12
     3     1 1.778E-01 1.726E-02     1 -5.02E+00 -5.00E+00 5.718E-08 2.938E-09
     4     1 3.433E-04 3.764E-05   442 -5.19E+01 -5.19E+01 7.274E-12 3.827E-13
                        (NSTEP:   457  DELTAT:   8.1316E+00  TIME:   2.1326E+03)
     1     1 2.893E+00 1.492E-01   863 -9.03E+01 -9.04E+01 8.086E-08 2.938E-09
     2     1 3.481E-03 1.683E-04   496 -7.10E+01 -7.10E+01 6.987E-11 3.598E-12
     3     1 1.951E-01 1.894E-02     1 -5.02E+00 -5.00E+00 5.707E-08 2.932E-09
     4     1 4.133E-04 4.529E-05   442 -5.18E+01 -5.18E+01 7.984E-12 4.199E-13
                        (NSTEP:   458  DELTAT:   8.9447E+00  TIME:   2.1416E+03)
     1     1 3.166E+00 1.634E-01   863 -9.01E+01 -9.03E+01 8.070E-08 2.932E-09
     2     1 4.177E-03 2.019E-04   493 -7.08E+01 -7.08E+01 7.644E-11 3.936E-12
     3     1 2.141E-01 2.078E-02     1 -5.02E+00 -5.00E+00 5.694E-08 2.925E-09
     4     1 4.973E-04 5.445E-05   442 -5.17E+01 -5.17E+01 8.762E-12 4.607E-13
                        (NSTEP:   459  DELTAT:   9.8392E+00  TIME:   2.1514E+03)
     1     1 3.464E+00 1.789E-01   863 -8.99E+01 -9.01E+01 8.051E-08 2.925E-09
     2     1 5.006E-03 2.420E-04   490 -7.07E+01 -7.07E+01 8.358E-11 4.304E-12
     3     1 2.350E-01 2.279E-02     1 -5.02E+00 -5.00E+00 5.679E-08 2.918E-09
     4     1 5.981E-04 6.544E-05   442 -5.16E+01 -5.16E+01 9.614E-12 5.053E-13
                        (NSTEP:   460  DELTAT:   1.0823E+01  TIME:   2.1622E+03)
     1     1 3.788E+00 1.958E-01   863 -8.97E+01 -8.99E+01 8.031E-08 2.918E-09
     2     1 5.995E-03 2.899E-04   500 -7.05E+01 -7.05E+01 9.134E-11 4.704E-12
     3     1 2.577E-01 2.499E-02     1 -5.02E+00 -5.00E+00 5.664E-08 2.910E-09
     4     1 7.188E-04 7.859E-05   442 -5.14E+01 -5.14E+01 1.055E-11 5.540E-13
                        (NSTEP:   461  DELTAT:   1.1905E+01  TIME:   2.1741E+03)
     1     1 4.139E+00 2.142E-01   863 -8.95E+01 -8.97E+01 8.009E-08 2.910E-09
     2     1 7.173E-03 3.468E-04   493 -7.03E+01 -7.03E+01 9.975E-11 5.137E-12
     3     1 2.826E-01 2.739E-02     1 -5.03E+00 -5.00E+00 5.647E-08 2.901E-09
     4     1 8.634E-04 9.431E-05   442 -5.13E+01 -5.13E+01 1.157E-11 6.073E-13
                        (NSTEP:   462  DELTAT:   1.3096E+01  TIME:   2.1872E+03)
     1     1 4.521E+00 2.342E-01   863 -8.93E+01 -8.95E+01 7.985E-08 2.901E-09
     2     1 8.572E-03 4.144E-04   487 -7.01E+01 -7.01E+01 1.089E-10 5.607E-12
     3     1 3.098E-01 3.001E-02     1 -5.03E+00 -5.00E+00 5.628E-08 2.892E-09
     4     1 1.036E-03 1.131E-04   442 -5.11E+01 -5.11E+01 1.268E-11 6.655E-13
     5     1 3.098E-01 3.001E-02     1 -5.03E+00 -5.00E+00 5.628E-08 2.892E-09
     6     1 1.036E-03 1.131E-04   442 -5.11E+01 -5.11E+01 1.268E-11 6.655E-13
     7     1 3.098E-01 3.001E-02     1 -5.03E+00 -5.00E+00 5.628E-08 2.892E-09
     8     1 1.036E-03 1.131E-04   442 -5.11E+01 -5.11E+01 1.268E-11 6.655E-13
     9     1 3.098E-01 3.001E-02     1 -5.03E+00 -5.00E+00 5.628E-08 2.892E-09
    10     1 1.036E-03 1.131E-04   442 -5.11E+01 -5.11E+01 1.268E-11 6.655E-13
                        (NSTEP:   462  DELTAT:   6.5480E+00  TIME:   2.1807E+03)
     1     1 2.264E+00 1.173E-01   863 -8.94E+01 -8.95E+01 7.985E-08 2.901E-09
     2     1 2.156E-03 1.042E-04   496 -7.02E+01 -7.02E+01 5.456E-11 2.810E-12
     3     1 1.552E-01 1.504E-02     1 -5.02E+00 -5.00E+00 5.637E-08 2.897E-09
     4     1 2.606E-04 2.846E-05   442 -5.12E+01 -5.12E+01 6.351E-12 3.335E-13
                        (NSTEP:   463  DELTAT:   7.2028E+00  TIME:   2.1879E+03)
     1     1 2.481E+00 1.286E-01   863 -8.93E+01 -8.94E+01 7.972E-08 2.897E-09
     2     1 2.591E-03 1.253E-04   491 -7.01E+01 -7.01E+01 5.976E-11 3.078E-12
     3     1 1.704E-01 1.651E-02     1 -5.02E+00 -5.00E+00 5.627E-08 2.891E-09
     4     1 3.139E-04 3.426E-05   442 -5.11E+01 -5.11E+01 6.973E-12 3.660E-13
                        (NSTEP:   464  DELTAT:   7.9231E+00  TIME:   2.1958E+03)
     1     1 2.717E+00 1.409E-01   863 -8.91E+01 -8.93E+01 7.957E-08 2.891E-09
     2     1 3.112E-03 1.504E-04   497 -6.99E+01 -6.99E+01 6.542E-11 3.369E-12
     3     1 1.871E-01 1.812E-02     1 -5.02E+00 -5.00E+00 5.616E-08 2.886E-09
     4     1 3.779E-04 4.123E-05   442 -5.10E+01 -5.10E+01 7.655E-12 4.017E-13
                        (NSTEP:   465  DELTAT:   8.7154E+00  TIME:   2.2045E+03)
     1     1 2.975E+00 1.544E-01   863 -8.90E+01 -8.91E+01 7.941E-08 2.886E-09
     2     1 3.735E-03 1.805E-04   501 -6.98E+01 -6.98E+01 7.159E-11 3.687E-12
     3     1 2.053E-01 1.988E-02     1 -5.02E+00 -5.00E+00 5.604E-08 2.879E-09
     4     1 4.549E-04 4.959E-05   442 -5.09E+01 -5.09E+01 8.402E-12 4.408E-13
                        (NSTEP:   466  DELTAT:   9.5869E+00  TIME:   2.2141E+03)
     1     1 3.256E+00 1.691E-01   863 -8.88E+01 -8.90E+01 7.924E-08 2.879E-09
     2     1 4.479E-03 2.165E-04   495 -6.96E+01 -6.96E+01 7.830E-11 4.033E-12
     3     1 2.253E-01 2.180E-02     1 -5.02E+00 -5.00E+00 5.590E-08 2.872E-09
     4     1 5.472E-04 5.962E-05   442 -5.07E+01 -5.07E+01 9.220E-12 4.835E-13
                        (NSTEP:   467  DELTAT:   1.0546E+01  TIME:   2.2247E+03)
     1     1 3.561E+00 1.851E-01   863 -8.86E+01 -8.88E+01 7.905E-08 2.872E-09
     2     1 5.366E-03 2.594E-04   498 -6.95E+01 -6.95E+01 8.559E-11 4.408E-12
     3     1 2.472E-01 2.391E-02     1 -5.02E+00 -5.00E+00 5.576E-08 2.865E-09
     4     1 6.579E-04 7.162E-05   442 -5.06E+01 -5.06E+01 1.011E-11 5.302E-13
                        (NSTEP:   468  DELTAT:   1.1600E+01  TIME:   2.2363E+03)
     1     1 3.893E+00 2.025E-01   863 -8.84E+01 -8.86E+01 7.885E-08 2.865E-09
     2     1 6.423E-03 3.104E-04   489 -6.93E+01 -6.93E+01 9.351E-11 4.816E-12
     3     1 2.711E-01 2.622E-02     1 -5.03E+00 -5.00E+00 5.560E-08 2.857E-09
     4     1 7.904E-04 8.598E-05   442 -5.04E+01 -5.04E+01 1.109E-11 5.813E-13
                        (NSTEP:   469  DELTAT:   1.2760E+01  TIME:   2.2490E+03)
     1     1 4.253E+00 2.215E-01   863 -8.82E+01 -8.84E+01 7.862E-08 2.857E-09
     2     1 7.681E-03 3.712E-04   498 -6.91E+01 -6.91E+01 1.021E-10 5.258E-12
     3     1 2.972E-01 2.873E-02     1 -5.03E+00 -5.00E+00 5.542E-08 2.848E-09
     4     1 9.491E-04 1.032E-04   442 -5.03E+01 -5.03E+01 1.216E-11 6.371E-13
     5     1 2.972E-01 2.873E-02     1 -5.03E+00 -5.00E+00 5.542E-08 2.848E-09
     6     1 9.491E-04 1.032E-04   442 -5.03E+01 -5.03E+01 1.216E-11 6.371E-13
     7     1 2.972E-01 2.873E-02     1 -5.03E+00 -5.00E+00 5.542E-08 2.848E-09
     8     1 9.491E-04 1.032E-04   442 -5.03E+01 -5.03E+01 1.216E-11 6.371E-13
     9     1 2.972E-01 2.873E-02     1 -5.03E+00 -5.00E+00 5.542E-08 2.848E-09
    10     1 9.491E-04 1.032E-04   442 -5.03E+01 -5.03E+01 1.216E-11 6.371E-13
                        (NSTEP:   469  DELTAT:   6.3801E+00  TIME:   2.2426E+03)
     1     1 2.130E+00 1.109E-01   863 -8.83E+01 -8.84E+01 7.862E-08 2.857E-09
     2     1 1.931E-03 9.334E-05   498 -6.92E+01 -6.92E+01 5.116E-11 2.635E-12
                        (NSTEP:   470  DELTAT:   7.0181E+00  TIME:   2.2497E+03)
     1     1 2.334E+00 1.216E-01   882 -1.01E+02 -1.01E+02 7.850E-08 2.852E-09
     2     1 2.322E-03 1.122E-04   492 -6.91E+01 -6.91E+01 5.604E-11 2.886E-12
     3     1 1.635E-01 1.580E-02     1 -5.02E+00 -5.00E+00 5.542E-08 2.847E-09
     4     1 2.874E-04 3.125E-05   442 -5.03E+01 -5.03E+01 6.690E-12 3.504E-13
                        (NSTEP:   471  DELTAT:   7.7199E+00  TIME:   2.2574E+03)
     1     1 2.557E+00 1.334E-01   882 -1.01E+02 -1.01E+02 7.836E-08 2.847E-09
     2     1 2.789E-03 1.348E-04   487 -6.89E+01 -6.89E+01 6.137E-11 3.161E-12
     3     1 1.795E-01 1.735E-02     1 -5.02E+00 -5.00E+00 5.531E-08 2.842E-09
     4     1 3.462E-04 3.762E-05   442 -5.02E+01 -5.02E+01 7.345E-12 3.846E-13
                        (NSTEP:   472  DELTAT:   8.4919E+00  TIME:   2.2659E+03)
     1     1 2.800E+00 1.462E-01   882 -1.01E+02 -1.01E+02 7.821E-08 2.842E-09
     2     1 3.349E-03 1.618E-04   499 -6.88E+01 -6.88E+01 6.717E-11 3.459E-12
     3     1 1.970E-01 1.903E-02     1 -5.02E+00 -5.00E+00 5.520E-08 2.836E-09
     4     1 4.168E-04 4.526E-05   442 -5.01E+01 -5.01E+01 8.062E-12 4.221E-13
                        (NSTEP:   473  DELTAT:   9.3411E+00  TIME:   2.2752E+03)
     1     1 3.065E+00 1.602E-01   882 -1.01E+02 -1.01E+02 7.805E-08 2.836E-09
     2     1 4.017E-03 1.941E-04   501 -6.87E+01 -6.87E+01 7.348E-11 3.785E-12
     3     1 2.162E-01 2.088E-02     1 -5.02E+00 -5.00E+00 5.507E-08 2.829E-09
     4     1 5.015E-04 5.442E-05   442 -5.00E+01 -5.00E+01 8.848E-12 4.631E-13
                        (NSTEP:   474  DELTAT:   1.0275E+01  TIME:   2.2855E+03)
     1     1 3.353E+00 1.756E-01   882 -1.01E+02 -1.01E+02 7.787E-08 2.829E-09
     2     1 4.816E-03 2.327E-04   491 -6.85E+01 -6.85E+01 8.035E-11 4.138E-12
     3     1 2.372E-01 2.290E-02     1 -5.02E+00 -5.00E+00 5.493E-08 2.822E-09
     4     1 6.031E-04 6.540E-05   442 -4.98E+01 -4.98E+01 9.708E-12 5.079E-13
                        (NSTEP:   475  DELTAT:   1.1303E+01  TIME:   2.2968E+03)
     1     1 3.667E+00 1.923E-01   882 -1.00E+02 -1.01E+02 7.768E-08 2.822E-09
     2     1 5.767E-03 2.786E-04   499 -6.83E+01 -6.83E+01 8.780E-11 4.522E-12
     3     1 2.602E-01 2.511E-02     1 -5.03E+00 -5.00E+00 5.478E-08 2.815E-09
     4     1 7.248E-04 7.855E-05   442 -4.97E+01 -4.97E+01 1.065E-11 5.569E-13
                        (NSTEP:   476  DELTAT:   1.2433E+01  TIME:   2.3092E+03)
     1     1 4.007E+00 2.105E-01   882 -1.00E+02 -1.00E+02 7.746E-08 2.815E-09
     2     1 6.899E-03 3.333E-04   494 -6.81E+01 -6.81E+01 9.589E-11 4.939E-12
     3     1 2.853E-01 2.753E-02     1 -5.03E+00 -5.00E+00 5.462E-08 2.806E-09
     4     1 8.706E-04 9.427E-05   442 -4.95E+01 -4.95E+01 1.168E-11 6.105E-13
                        (NSTEP:   477  DELTAT:   1.3676E+01  TIME:   2.3229E+03)
     1     1 4.376E+00 2.303E-01   882 -1.00E+02 -1.00E+02 7.723E-08 2.806E-09
     2     1 8.245E-03 3.983E-04   498 -6.79E+01 -6.79E+01 1.046E-10 5.390E-12
     3     1 3.128E-01 3.017E-02     1 -5.03E+00 -5.00E+00 5.444E-08 2.797E-09
     4     1 1.045E-03 1.130E-04   442 -4.94E+01 -4.94E+01 1.280E-11 6.689E-13
     5     1 3.128E-01 3.017E-02     1 -5.03E+00 -5.00E+00 5.444E-08 2.797E-09
     6     1 1.045E-03 1.130E-04   442 -4.94E+01 -4.94E+01 1.280E-11 6.689E-13
     7     1 3.128E-01 3.017E-02     1 -5.03E+00 -5.00E+00 5.444E-08 2.797E-09
     8     1 1.045E-03 1.130E-04   442 -4.94E+01 -4.94E+01 1.280E-11 6.689E-13
     9     1 3.128E-01 3.017E-02     1 -5.03E+00 -5.00E+00 5.444E-08 2.797E-09
    10     1 1.045E-03 1.130E-04   442 -4.94E+01 -4.94E+01 1.280E-11 6.689E-13
                        (NSTEP:   477  DELTAT:   6.8381E+00  TIME:   2.3161E+03)
     1     1 2.192E+00 1.153E-01   882 -1.00E+02 -1.00E+02 7.723E-08 2.806E-09
     2     1 2.074E-03 1.002E-04   490 -6.80E+01 -6.80E+01 5.244E-11 2.701E-12
     3     1 1.567E-01 1.512E-02     1 -5.02E+00 -5.00E+00 5.453E-08 2.802E-09
     4     1 2.627E-04 2.845E-05   442 -4.94E+01 -4.94E+01 6.413E-12 3.352E-13
                        (NSTEP:   478  DELTAT:   7.5220E+00  TIME:   2.3236E+03)
     1     1 2.402E+00 1.265E-01   882 -1.00E+02 -1.00E+02 7.710E-08 2.802E-09
     2     1 2.492E-03 1.204E-04   500 -6.79E+01 -6.79E+01 5.744E-11 2.959E-12
     3     1 1.720E-01 1.659E-02     1 -5.02E+00 -5.00E+00 5.443E-08 2.797E-09
     4     1 3.165E-04 3.425E-05   442 -4.94E+01 -4.94E+01 7.041E-12 3.680E-13
                        (NSTEP:   479  DELTAT:   8.2742E+00  TIME:   2.3319E+03)
     1     1 2.631E+00 1.387E-01   882 -9.99E+01 -1.00E+02 7.696E-08 2.797E-09
     2     1 2.993E-03 1.446E-04   493 -6.78E+01 -6.78E+01 6.288E-11 3.239E-12
     3     1 1.888E-01 1.821E-02     1 -5.02E+00 -5.00E+00 5.432E-08 2.791E-09
     4     1 3.811E-04 4.122E-05   442 -4.93E+01 -4.93E+01 7.730E-12 4.038E-13
                        (NSTEP:   480  DELTAT:   9.1016E+00  TIME:   2.3410E+03)
     1     1 2.880E+00 1.520E-01   882 -9.97E+01 -9.99E+01 7.681E-08 2.791E-09
     2     1 3.592E-03 1.735E-04   501 -6.77E+01 -6.77E+01 6.881E-11 3.544E-12
     3     1 2.073E-01 1.998E-02     1 -5.02E+00 -5.00E+00 5.420E-08 2.785E-09
     4     1 4.587E-04 4.958E-05   442 -4.91E+01 -4.91E+01 8.484E-12 4.431E-13
                        (NSTEP:   481  DELTAT:   1.0012E+01  TIME:   2.3510E+03)
     1     1 3.152E+00 1.665E-01   882 -9.96E+01 -9.97E+01 7.664E-08 2.785E-09
     2     1 4.308E-03 2.081E-04   493 -6.75E+01 -6.75E+01 7.526E-11 3.877E-12
     3     1 2.274E-01 2.192E-02     1 -5.02E+00 -5.00E+00 5.407E-08 2.778E-09
     4     1 5.518E-04 5.960E-05   442 -4.90E+01 -4.90E+01 9.310E-12 4.861E-13
                        (NSTEP:   482  DELTAT:   1.1013E+01  TIME:   2.3620E+03)
     1     1 3.447E+00 1.824E-01   882 -9.94E+01 -9.96E+01 7.646E-08 2.778E-09
     2     1 5.161E-03 2.493E-04   498 -6.73E+01 -6.73E+01 8.226E-11 4.238E-12
     3     1 2.495E-01 2.404E-02     1 -5.02E+00 -5.00E+00 5.393E-08 2.771E-09
     4     1 6.634E-04 7.161E-05   442 -4.89E+01 -4.89E+01 1.021E-11 5.330E-13
                        (NSTEP:   483  DELTAT:   1.2114E+01  TIME:   2.3741E+03)
     1     1 3.768E+00 1.997E-01   882 -9.92E+01 -9.94E+01 7.626E-08 2.771E-09
     2     1 6.178E-03 2.984E-04   491 -6.72E+01 -6.72E+01 8.987E-11 4.629E-12
     3     1 2.737E-01 2.635E-02     1 -5.03E+00 -5.00E+00 5.378E-08 2.763E-09
     4     1 7.971E-04 8.597E-05   442 -4.87E+01 -4.87E+01 1.120E-11 5.844E-13
                        (NSTEP:   484  DELTAT:   1.3326E+01  TIME:   2.3874E+03)
     1     1 4.117E+00 2.186E-01   882 -9.90E+01 -9.92E+01 7.604E-08 2.763E-09
     2     1 7.387E-03 3.568E-04   490 -6.70E+01 -6.70E+01 9.811E-11 5.054E-12
     3     1 3.001E-01 2.888E-02     1 -5.03E+00 -5.00E+00 5.361E-08 2.754E-09
     4     1 9.571E-04 1.031E-04   442 -4.86E+01 -4.86E+01 1.228E-11 6.405E-13
     5     1 3.001E-01 2.888E-02     1 -5.03E+00 -5.00E+00 5.361E-08 2.754E-09
     6     1 9.571E-04 1.031E-04   442 -4.86E+01 -4.86E+01 1.228E-11 6.405E-13
     7     1 3.001E-01 2.888E-02     1 -5.03E+00 -5.00E+00 5.361E-08 2.754E-09
     8     1 9.571E-04 1.031E-04   442 -4.86E+01 -4.86E+01 1.228E-11 6.405E-13
     9     1 3.001E-01 2.888E-02     1 -5.03E+00 -5.00E+00 5.361E-08 2.754E-09
    10     1 9.571E-04 1.031E-04   442 -4.86E+01 -4.86E+01 1.228E-11 6.405E-13
                        (NSTEP:   484  DELTAT:   6.6628E+00  TIME:   2.3808E+03)
     1     1 2.062E+00 1.094E-01   882 -9.91E+01 -9.92E+01 7.604E-08 2.763E-09
     2     1 1.858E-03 8.971E-05   490 -6.71E+01 -6.71E+01 4.917E-11 2.533E-12
                        (NSTEP:   485  DELTAT:   7.3291E+00  TIME:   2.3881E+03)
     1     1 2.260E+00 1.200E-01   882 -9.90E+01 -9.91E+01 7.592E-08 2.759E-09
     2     1 2.233E-03 1.078E-04   497 -6.70E+01 -6.70E+01 5.386E-11 2.774E-12
     3     1 1.650E-01 1.589E-02     1 -5.02E+00 -5.00E+00 5.360E-08 2.754E-09
     4     1 2.899E-04 3.125E-05   442 -4.86E+01 -4.86E+01 6.755E-12 3.523E-13
                        (NSTEP:   486  DELTAT:   8.0620E+00  TIME:   2.3961E+03)
     1     1 2.475E+00 1.316E-01   882 -9.88E+01 -9.90E+01 7.579E-08 2.754E-09
     2     1 2.683E-03 1.296E-04   490 -6.68E+01 -6.68E+01 5.897E-11 3.038E-12
     3     1 1.812E-01 1.744E-02     1 -5.02E+00 -5.00E+00 5.350E-08 2.749E-09
     4     1 3.491E-04 3.761E-05   442 -4.85E+01 -4.85E+01 7.416E-12 3.867E-13
                        (NSTEP:   487  DELTAT:   8.8682E+00  TIME:   2.4050E+03)
     1     1 2.711E+00 1.443E-01   882 -9.87E+01 -9.88E+01 7.565E-08 2.749E-09
     2     1 3.221E-03 1.555E-04   498 -6.67E+01 -6.67E+01 6.455E-11 3.325E-12
     3     1 1.989E-01 1.914E-02     1 -5.02E+00 -5.00E+00 5.339E-08 2.743E-09
     4     1 4.203E-04 4.526E-05   442 -4.84E+01 -4.84E+01 8.141E-12 4.243E-13
                        (NSTEP:   488  DELTAT:   9.7550E+00  TIME:   2.4148E+03)
     1     1 2.967E+00 1.582E-01   882 -9.85E+01 -9.87E+01 7.549E-08 2.743E-09
     2     1 3.864E-03 1.866E-04   501 -6.66E+01 -6.66E+01 7.061E-11 3.638E-12
     3     1 2.182E-01 2.099E-02     1 -5.02E+00 -5.00E+00 5.326E-08 2.737E-09
     4     1 5.057E-04 5.442E-05   442 -4.83E+01 -4.83E+01 8.934E-12 4.656E-13
                        (NSTEP:   489  DELTAT:   1.0731E+01  TIME:   2.4255E+03)
     1     1 3.246E+00 1.733E-01   882 -9.83E+01 -9.85E+01 7.532E-08 2.737E-09
     2     1 4.631E-03 2.236E-04   494 -6.64E+01 -6.64E+01 7.721E-11 3.977E-12
     3     1 2.395E-01 2.303E-02     1 -5.02E+00 -5.00E+00 5.313E-08 2.730E-09
     4     1 6.082E-04 6.541E-05   442 -4.82E+01 -4.82E+01 9.803E-12 5.106E-13
                        (NSTEP:   490  DELTAT:   1.1804E+01  TIME:   2.4373E+03)
     1     1 3.549E+00 1.897E-01   882 -9.82E+01 -9.83E+01 7.513E-08 2.730E-09
     2     1 5.546E-03 2.678E-04   501 -6.63E+01 -6.63E+01 8.437E-11 4.346E-12
     3     1 2.627E-01 2.525E-02     1 -5.03E+00 -5.00E+00 5.299E-08 2.722E-09
     4     1 7.310E-04 7.856E-05   442 -4.80E+01 -4.80E+01 1.075E-11 5.599E-13
                        (NSTEP:   491  DELTAT:   1.2984E+01  TIME:   2.4503E+03)
     1     1 3.879E+00 2.077E-01   882 -9.79E+01 -9.82E+01 7.492E-08 2.722E-09
     2     1 6.635E-03 3.203E-04   843 -6.61E+01 -6.61E+01 9.214E-11 4.747E-12
     3     1 2.880E-01 2.768E-02     1 -5.03E+00 -5.00E+00 5.283E-08 2.714E-09
     4     1 8.780E-04 9.428E-05   442 -4.79E+01 -4.79E+01 1.179E-11 6.138E-13
                        (NSTEP:   492  DELTAT:   1.4282E+01  TIME:   2.4646E+03)
     1     1 4.236E+00 2.273E-01   882 -9.77E+01 -9.79E+01 7.470E-08 2.714E-09
     2     1 7.929E-03 3.830E-04   504 -8.46E+01 -8.46E+01 1.005E-10 5.180E-12
     3     1 3.158E-01 3.033E-02     1 -5.03E+00 -5.00E+00 5.265E-08 2.705E-09
     4     1 1.054E-03 1.131E-04   442 -4.77E+01 -4.77E+01 1.293E-11 6.726E-13
     5     1 3.158E-01 3.033E-02     1 -5.03E+00 -5.00E+00 5.265E-08 2.705E-09
     6     1 1.054E-03 1.131E-04   442 -4.77E+01 -4.77E+01 1.293E-11 6.726E-13
     7     1 3.158E-01 3.033E-02     1 -5.03E+00 -5.00E+00 5.265E-08 2.705E-09
     8     1 1.054E-03 1.131E-04   442 -4.77E+01 -4.77E+01 1.293E-11 6.726E-13
     9     1 3.158E-01 3.033E-02     1 -5.03E+00 -5.00E+00 5.265E-08 2.705E-09
    10     1 1.054E-03 1.131E-04   442 -4.77E+01 -4.77E+01 1.293E-11 6.726E-13
                        (NSTEP:   492  DELTAT:   7.1412E+00  TIME:   2.4574E+03)
     1     1 2.122E+00 1.138E-01   882 -9.78E+01 -9.79E+01 7.470E-08 2.714E-09
     2     1 1.994E-03 9.628E-05   843 -6.60E+01 -6.60E+01 5.039E-11 2.596E-12
                        (NSTEP:   493  DELTAT:   7.8553E+00  TIME:   2.4653E+03)
     1     1 2.325E+00 1.248E-01   882 -9.77E+01 -9.78E+01 7.458E-08 2.710E-09
     2     1 2.397E-03 1.158E-04   504 -8.46E+01 -8.46E+01 5.519E-11 2.843E-12
     3     1 1.737E-01 1.668E-02     1 -5.02E+00 -5.00E+00 5.264E-08 2.705E-09
     4     1 3.192E-04 3.426E-05   442 -4.77E+01 -4.77E+01 7.110E-12 3.700E-13
                        (NSTEP:   494  DELTAT:   8.6408E+00  TIME:   2.4739E+03)
     1     1 2.547E+00 1.368E-01   882 -9.76E+01 -9.77E+01 7.444E-08 2.705E-09
     2     1 2.878E-03 1.392E-04   504 -8.44E+01 -8.44E+01 6.042E-11 3.113E-12
     3     1 1.907E-01 1.831E-02     1 -5.02E+00 -5.00E+00 5.254E-08 2.700E-09
     4     1 3.844E-04 4.123E-05   442 -4.76E+01 -4.76E+01 7.805E-12 4.060E-13
                        (NSTEP:   495  DELTAT:   9.5049E+00  TIME:   2.4834E+03)
     1     1 2.788E+00 1.500E-01   882 -9.74E+01 -9.76E+01 7.429E-08 2.700E-09
     2     1 3.454E-03 1.673E-04   504 -8.43E+01 -8.43E+01 6.611E-11 3.406E-12
     3     1 2.093E-01 2.009E-02     1 -5.02E+00 -5.00E+00 5.243E-08 2.694E-09
     4     1 4.626E-04 4.960E-05   442 -4.75E+01 -4.75E+01 8.567E-12 4.455E-13
                        (NSTEP:   496  DELTAT:   1.0455E+01  TIME:   2.4939E+03)
     1     1 3.051E+00 1.643E-01   882 -9.73E+01 -9.74E+01 7.413E-08 2.694E-09
     2     1 4.142E-03 2.009E-04   504 -8.41E+01 -8.41E+01 7.231E-11 3.725E-12
     3     1 2.296E-01 2.204E-02     1 -5.02E+00 -5.00E+00 5.230E-08 2.687E-09
     4     1 5.565E-04 5.962E-05   442 -4.74E+01 -4.74E+01 9.401E-12 4.888E-13
                        (NSTEP:   497  DELTAT:   1.1501E+01  TIME:   2.5054E+03)
     1     1 3.337E+00 1.800E-01   882 -9.71E+01 -9.73E+01 7.395E-08 2.687E-09
     2     1 4.963E-03 2.411E-04   504 -8.40E+01 -8.40E+01 7.904E-11 4.072E-12
     3     1 2.519E-01 2.417E-02     1 -5.02E+00 -5.00E+00 5.216E-08 2.680E-09
     4     1 6.691E-04 7.164E-05   442 -4.73E+01 -4.73E+01 1.031E-11 5.361E-13
                        (NSTEP:   498  DELTAT:   1.2651E+01  TIME:   2.5180E+03)
     1     1 3.648E+00 1.971E-01   882 -9.69E+01 -9.71E+01 7.376E-08 2.680E-09
     2     1 5.940E-03 2.891E-04   504 -8.38E+01 -8.38E+01 8.634E-11 4.448E-12
     3     1 2.763E-01 2.650E-02     1 -5.03E+00 -5.00E+00 5.201E-08 2.673E-09
     4     1 8.039E-04 8.601E-05   442 -4.71E+01 -4.71E+01 1.131E-11 5.879E-13
                        (NSTEP:   499  DELTAT:   1.3916E+01  TIME:   2.5320E+03)
     1     1 3.986E+00 2.156E-01   882 -9.67E+01 -9.69E+01 7.355E-08 2.673E-09
     2     1 7.103E-03 3.464E-04   504 -8.36E+01 -8.36E+01 9.425E-11 4.856E-12
     3     1 3.029E-01 2.904E-02     1 -5.03E+00 -5.00E+00 5.185E-08 2.664E-09
     4     1 9.653E-04 1.032E-04   442 -4.70E+01 -4.70E+01 1.240E-11 6.444E-13
     5     1 3.029E-01 2.904E-02     1 -5.03E+00 -5.00E+00 5.185E-08 2.664E-09
     6     1 9.653E-04 1.032E-04   442 -4.70E+01 -4.70E+01 1.240E-11 6.444E-13
     7     1 3.029E-01 2.904E-02     1 -5.03E+00 -5.00E+00 5.185E-08 2.664E-09
     8     1 9.653E-04 1.032E-04   442 -4.70E+01 -4.70E+01 1.240E-11 6.444E-13
     9     1 3.029E-01 2.904E-02     1 -5.03E+00 -5.00E+00 5.185E-08 2.664E-09
    10     1 9.653E-04 1.032E-04   442 -4.70E+01 -4.70E+01 1.240E-11 6.444E-13
                        (NSTEP:   499  DELTAT:   6.9580E+00  TIME:   2.5250E+03)
     1     1 1.996E+00 1.080E-01   882 -9.68E+01 -9.69E+01 7.355E-08 2.673E-09
     2     1 1.786E-03 8.702E-05   504 -8.37E+01 -8.37E+01 4.723E-11 2.434E-12
                        (NSTEP:   500  DELTAT:   7.6539E+00  TIME:   2.5326E+03)
     1     1 2.188E+00 1.184E-01   882 -9.67E+01 -9.68E+01 7.343E-08 2.668E-09
     2     1 2.147E-03 1.047E-04   504 -8.35E+01 -8.35E+01 5.174E-11 2.666E-12
     3     1 1.666E-01 1.598E-02     1 -5.02E+00 -5.00E+00 5.184E-08 2.664E-09
     4     1 2.924E-04 3.126E-05   442 -4.70E+01 -4.70E+01 6.821E-12 3.544E-13
                        (NSTEP:   501  DELTAT:   8.4192E+00  TIME:   2.5411E+03)
     1     1 2.396E+00 1.299E-01   882 -9.65E+01 -9.67E+01 7.331E-08 2.664E-09
     2     1 2.579E-03 1.260E-04   504 -8.34E+01 -8.34E+01 5.665E-11 2.919E-12
     3     1 1.829E-01 1.754E-02     1 -5.02E+00 -5.00E+00 5.175E-08 2.659E-09
     4     1 3.521E-04 3.764E-05   442 -4.69E+01 -4.69E+01 7.489E-12 3.891E-13
                        (NSTEP:   502  DELTAT:   9.2612E+00  TIME:   2.5503E+03)
     1     1 2.624E+00 1.424E-01   882 -9.64E+01 -9.65E+01 7.317E-08 2.659E-09
     2     1 3.097E-03 1.514E-04   504 -8.33E+01 -8.33E+01 6.201E-11 3.195E-12
     3     1 2.008E-01 1.924E-02     1 -5.02E+00 -5.00E+00 5.164E-08 2.653E-09
     4     1 4.239E-04 4.528E-05   442 -4.68E+01 -4.68E+01 8.221E-12 4.270E-13
                        (NSTEP:   503  DELTAT:   1.0187E+01  TIME:   2.5605E+03)
     1     1 2.872E+00 1.560E-01   882 -9.62E+01 -9.64E+01 7.302E-08 2.653E-09
     2     1 3.715E-03 1.819E-04   504 -8.31E+01 -8.31E+01 6.783E-11 3.495E-12
     3     1 2.203E-01 2.111E-02     1 -5.02E+00 -5.00E+00 5.152E-08 2.647E-09
     4     1 5.101E-04 5.446E-05   442 -4.67E+01 -4.67E+01 9.022E-12 4.685E-13
                        (NSTEP:   504  DELTAT:   1.1206E+01  TIME:   2.5717E+03)
     1     1 3.143E+00 1.709E-01   882 -9.61E+01 -9.62E+01 7.285E-08 2.647E-09
     2     1 4.452E-03 2.183E-04   504 -8.30E+01 -8.30E+01 7.417E-11 3.821E-12
     3     1 2.418E-01 2.316E-02     1 -5.02E+00 -5.00E+00 5.139E-08 2.640E-09
     4     1 6.134E-04 6.545E-05   442 -4.66E+01 -4.66E+01 9.899E-12 5.139E-13
                        (NSTEP:   505  DELTAT:   1.2327E+01  TIME:   2.5841E+03)
     1     1 3.436E+00 1.871E-01   882 -9.59E+01 -9.61E+01 7.267E-08 2.640E-09
     2     1 5.332E-03 2.619E-04   504 -8.28E+01 -8.28E+01 8.104E-11 4.176E-12
     3     1 2.652E-01 2.539E-02     1 -5.03E+00 -5.00E+00 5.125E-08 2.633E-09
     4     1 7.373E-04 7.861E-05   442 -4.64E+01 -4.64E+01 1.086E-11 5.636E-13
                        (NSTEP:   506  DELTAT:   1.3559E+01  TIME:   2.5976E+03)
     1     1 3.755E+00 2.048E-01   882 -9.57E+01 -9.59E+01 7.247E-08 2.633E-09
     2     1 6.379E-03 3.139E-04   504 -8.26E+01 -8.26E+01 8.850E-11 4.560E-12
     3     1 2.908E-01 2.783E-02     1 -5.03E+00 -5.00E+00 5.110E-08 2.625E-09
     4     1 8.856E-04 9.436E-05   442 -4.63E+01 -4.63E+01 1.191E-11 6.179E-13
                        (NSTEP:   507  DELTAT:   1.4915E+01  TIME:   2.6125E+03)
     1     1 4.102E+00 2.241E-01   882 -9.54E+01 -9.57E+01 7.225E-08 2.625E-09
     2     1 7.623E-03 3.758E-04   504 -8.24E+01 -8.24E+01 9.658E-11 4.976E-12
     3     1 3.188E-01 3.050E-02     1 -5.03E+00 -5.00E+00 5.093E-08 2.617E-09
     4     1 1.063E-03 1.132E-04   442 -4.61E+01 -4.61E+01 1.305E-11 6.772E-13
     5     1 3.188E-01 3.050E-02     1 -5.03E+00 -5.00E+00 5.093E-08 2.617E-09
     6     1 1.063E-03 1.132E-04   442 -4.61E+01 -4.61E+01 1.305E-11 6.772E-13
     7     1 3.188E-01 3.050E-02     1 -5.03E+00 -5.00E+00 5.093E-08 2.617E-09
     8     1 1.063E-03 1.132E-04   442 -4.61E+01 -4.61E+01 1.305E-11 6.772E-13
     9     1 3.188E-01 3.050E-02     1 -5.03E+00 -5.00E+00 5.093E-08 2.617E-09
    10     1 1.063E-03 1.132E-04   442 -4.61E+01 -4.61E+01 1.305E-11 6.772E-13
                        (NSTEP:   507  DELTAT:   7.4576E+00  TIME:   2.6051E+03)
     1     1 2.054E+00 1.122E-01   882 -9.56E+01 -9.57E+01 7.225E-08 2.625E-09
     2     1 1.917E-03 9.444E-05   504 -8.25E+01 -8.25E+01 4.840E-11 2.494E-12
                        (NSTEP:   508  DELTAT:   8.2034E+00  TIME:   2.6133E+03)
     1     1 2.251E+00 1.231E-01   882 -9.54E+01 -9.56E+01 7.213E-08 2.621E-09
     2     1 2.304E-03 1.136E-04   504 -8.23E+01 -8.23E+01 5.301E-11 2.731E-12
     3     1 1.753E-01 1.678E-02     1 -5.02E+00 -5.00E+00 5.092E-08 2.616E-09
     4     1 3.220E-04 3.429E-05   442 -4.61E+01 -4.61E+01 7.180E-12 3.725E-13
                        (NSTEP:   509  DELTAT:   9.0237E+00  TIME:   2.6223E+03)
     1     1 2.465E+00 1.349E-01   882 -9.53E+01 -9.54E+01 7.200E-08 2.616E-09
     2     1 2.767E-03 1.366E-04   504 -8.22E+01 -8.22E+01 5.803E-11 2.990E-12
     3     1 1.925E-01 1.841E-02     1 -5.02E+00 -5.00E+00 5.082E-08 2.611E-09
     4     1 3.877E-04 4.127E-05   442 -4.60E+01 -4.60E+01 7.882E-12 4.088E-13
                        (NSTEP:   510  DELTAT:   9.9261E+00  TIME:   2.6322E+03)
     1     1 2.699E+00 1.479E-01   882 -9.51E+01 -9.53E+01 7.186E-08 2.611E-09
     2     1 3.321E-03 1.642E-04   504 -8.21E+01 -8.21E+01 6.350E-11 3.272E-12
     3     1 2.113E-01 2.020E-02     1 -5.02E+00 -5.00E+00 5.071E-08 2.605E-09
     4     1 4.666E-04 4.964E-05   442 -4.59E+01 -4.59E+01 8.651E-12 4.486E-13
                        (NSTEP:   511  DELTAT:   1.0919E+01  TIME:   2.6431E+03)
     1     1 2.954E+00 1.620E-01   882 -9.50E+01 -9.51E+01 7.170E-08 2.605E-09
     2     1 3.982E-03 1.971E-04   504 -8.19E+01 -8.19E+01 6.945E-11 3.578E-12
     3     1 2.318E-01 2.216E-02     1 -5.02E+00 -5.00E+00 5.059E-08 2.599E-09
     4     1 5.614E-04 5.968E-05   442 -4.58E+01 -4.58E+01 9.493E-12 4.922E-13
                        (NSTEP:   512  DELTAT:   1.2011E+01  TIME:   2.6551E+03)
     1     1 3.231E+00 1.775E-01   882 -9.48E+01 -9.50E+01 7.153E-08 2.599E-09
     2     1 4.771E-03 2.365E-04   504 -8.17E+01 -8.17E+01 7.591E-11 3.911E-12
     3     1 2.543E-01 2.431E-02     1 -5.02E+00 -5.00E+00 5.046E-08 2.592E-09
     4     1 6.749E-04 7.171E-05   442 -4.57E+01 -4.57E+01 1.041E-11 5.398E-13
                        (NSTEP:   513  DELTAT:   1.3212E+01  TIME:   2.6684E+03)
     1     1 3.532E+00 1.943E-01   882 -9.46E+01 -9.48E+01 7.134E-08 2.592E-09
     2     1 5.710E-03 2.836E-04   504 -8.15E+01 -8.15E+01 8.292E-11 4.273E-12
     3     1 2.789E-01 2.665E-02     1 -5.03E+00 -5.00E+00 5.031E-08 2.585E-09
     4     1 8.110E-04 8.610E-05   442 -4.56E+01 -4.56E+01 1.142E-11 5.920E-13
                        (NSTEP:   514  DELTAT:   1.4533E+01  TIME:   2.6829E+03)
     1     1 3.859E+00 2.126E-01   882 -9.44E+01 -9.46E+01 7.114E-08 2.585E-09
     2     1 6.828E-03 3.397E-04   504 -8.13E+01 -8.13E+01 9.052E-11 4.664E-12
     3     1 3.058E-01 2.921E-02     1 -5.03E+00 -5.00E+00 5.015E-08 2.577E-09
     4     1 9.738E-04 1.033E-04   442 -4.54E+01 -4.54E+01 1.252E-11 6.489E-13
     5     1 3.058E-01 2.921E-02     1 -5.03E+00 -5.00E+00 5.015E-08 2.577E-09
     6     1 9.738E-04 1.033E-04   442 -4.54E+01 -4.54E+01 1.252E-11 6.489E-13
     7     1 3.058E-01 2.921E-02     1 -5.03E+00 -5.00E+00 5.015E-08 2.577E-09
     8     1 9.738E-04 1.033E-04   442 -4.54E+01 -4.54E+01 1.252E-11 6.489E-13
     9     1 3.058E-01 2.921E-02     1 -5.03E+00 -5.00E+00 5.015E-08 2.577E-09
    10     1 9.738E-04 1.033E-04   442 -4.54E+01 -4.54E+01 1.252E-11 6.489E-13
                        (NSTEP:   514  DELTAT:   7.2664E+00  TIME:   2.6756E+03)
     1     1 1.933E+00 1.064E-01   882 -9.45E+01 -9.46E+01 7.114E-08 2.585E-09
     2     1 1.717E-03 8.535E-05   504 -8.14E+01 -8.14E+01 4.536E-11 2.337E-12
                        (NSTEP:   515  DELTAT:   7.9930E+00  TIME:   2.6836E+03)
     1     1 2.118E+00 1.167E-01   882 -9.44E+01 -9.45E+01 7.103E-08 2.581E-09
     2     1 2.064E-03 1.027E-04   504 -8.13E+01 -8.13E+01 4.969E-11 2.560E-12
     3     1 1.682E-01 1.607E-02     1 -5.02E+00 -5.00E+00 5.015E-08 2.576E-09
     4     1 2.949E-04 3.130E-05   442 -4.54E+01 -4.54E+01 6.888E-12 3.569E-13
                        (NSTEP:   516  DELTAT:   8.7923E+00  TIME:   2.6924E+03)
     1     1 2.320E+00 1.280E-01   882 -9.43E+01 -9.44E+01 7.090E-08 2.576E-09
     2     1 2.479E-03 1.235E-04   504 -8.12E+01 -8.12E+01 5.441E-11 2.804E-12
     3     1 1.847E-01 1.764E-02     1 -5.02E+00 -5.00E+00 5.005E-08 2.572E-09
     4     1 3.552E-04 3.768E-05   442 -4.53E+01 -4.53E+01 7.563E-12 3.918E-13
                        (NSTEP:   517  DELTAT:   9.6715E+00  TIME:   2.7021E+03)
     1     1 2.541E+00 1.403E-01   882 -9.41E+01 -9.43E+01 7.077E-08 2.572E-09
     2     1 2.977E-03 1.485E-04   504 -8.11E+01 -8.11E+01 5.955E-11 3.068E-12
     3     1 2.027E-01 1.935E-02     1 -5.02E+00 -5.00E+00 4.995E-08 2.566E-09
     4     1 4.276E-04 4.534E-05   442 -4.52E+01 -4.52E+01 8.301E-12 4.300E-13
                        (NSTEP:   518  DELTAT:   1.0639E+01  TIME:   2.7127E+03)
     1     1 2.781E+00 1.538E-01   882 -9.40E+01 -9.41E+01 7.062E-08 2.566E-09
     2     1 3.571E-03 1.784E-04   504 -8.09E+01 -8.09E+01 6.514E-11 3.357E-12
     3     1 2.225E-01 2.123E-02     1 -5.02E+00 -5.00E+00 4.983E-08 2.560E-09
     4     1 5.146E-04 5.452E-05   442 -4.51E+01 -4.51E+01 9.110E-12 4.718E-13
                        (NSTEP:   519  DELTAT:   1.1703E+01  TIME:   2.7244E+03)
     1     1 3.043E+00 1.685E-01   882 -9.38E+01 -9.40E+01 7.046E-08 2.560E-09
     2     1 4.280E-03 2.141E-04   504 -8.08E+01 -8.08E+01 7.122E-11 3.670E-12
     3     1 2.441E-01 2.329E-02     1 -5.02E+00 -5.00E+00 4.971E-08 2.554E-09
     4     1 6.188E-04 6.553E-05   442 -4.50E+01 -4.50E+01 9.996E-12 5.175E-13
                        (NSTEP:   520  DELTAT:   1.2873E+01  TIME:   2.7373E+03)
     1     1 3.327E+00 1.845E-01   882 -9.36E+01 -9.38E+01 7.029E-08 2.554E-09
     2     1 5.125E-03 2.568E-04   504 -8.06E+01 -8.06E+01 7.782E-11 4.010E-12
     3     1 2.677E-01 2.554E-02     1 -5.03E+00 -5.00E+00 4.957E-08 2.547E-09
     4     1 7.438E-04 7.871E-05   442 -4.49E+01 -4.49E+01 1.096E-11 5.675E-13
                        (NSTEP:   521  DELTAT:   1.4160E+01  TIME:   2.7515E+03)
     1     1 3.636E+00 2.019E-01   882 -9.34E+01 -9.36E+01 7.009E-08 2.547E-09
     2     1 6.131E-03 3.077E-04   504 -8.04E+01 -8.04E+01 8.498E-11 4.379E-12
     3     1 2.936E-01 2.799E-02     1 -5.03E+00 -5.00E+00 4.942E-08 2.539E-09
     4     1 8.934E-04 9.448E-05   442 -4.48E+01 -4.48E+01 1.202E-11 6.222E-13
                        (NSTEP:   522  DELTAT:   1.5576E+01  TIME:   2.7670E+03)
     1     1 3.971E+00 2.209E-01   882 -9.32E+01 -9.34E+01 6.988E-08 2.539E-09
     2     1 7.326E-03 3.684E-04   504 -8.02E+01 -8.02E+01 9.273E-11 4.779E-12
     3     1 3.219E-01 3.068E-02     1 -5.03E+00 -5.00E+00 4.926E-08 2.531E-09
     4     1 1.072E-03 1.133E-04   442 -4.46E+01 -4.46E+01 1.318E-11 6.820E-13
     5     1 3.219E-01 3.068E-02     1 -5.03E+00 -5.00E+00 4.926E-08 2.531E-09
     6     1 1.072E-03 1.133E-04   442 -4.46E+01 -4.46E+01 1.318E-11 6.820E-13
     7     1 3.219E-01 3.068E-02     1 -5.03E+00 -5.00E+00 4.926E-08 2.531E-09
     8     1 1.072E-03 1.133E-04   442 -4.46E+01 -4.46E+01 1.318E-11 6.820E-13
     9     1 3.219E-01 3.068E-02     1 -5.03E+00 -5.00E+00 4.926E-08 2.531E-09
    10     1 1.072E-03 1.133E-04   442 -4.46E+01 -4.46E+01 1.318E-11 6.820E-13
                        (NSTEP:   522  DELTAT:   7.7881E+00  TIME:   2.7592E+03)
     1     1 1.989E+00 1.106E-01   882 -9.33E+01 -9.34E+01 6.988E-08 2.539E-09
     2     1 1.843E-03 9.259E-05   504 -8.03E+01 -8.03E+01 4.647E-11 2.395E-12
                        (NSTEP:   523  DELTAT:   8.5669E+00  TIME:   2.7678E+03)
     1     1 2.179E+00 1.213E-01   882 -9.32E+01 -9.33E+01 6.977E-08 2.535E-09
     2     1 2.215E-03 1.114E-04   504 -8.02E+01 -8.02E+01 5.090E-11 2.623E-12
     3     1 1.770E-01 1.688E-02     1 -5.02E+00 -5.00E+00 4.925E-08 2.531E-09
     4     1 3.248E-04 3.433E-05   442 -4.46E+01 -4.46E+01 7.250E-12 3.751E-13
                        (NSTEP:   524  DELTAT:   9.4236E+00  TIME:   2.7772E+03)
     1     1 2.387E+00 1.330E-01   882 -9.31E+01 -9.32E+01 6.964E-08 2.531E-09
     2     1 2.660E-03 1.339E-04   504 -8.00E+01 -8.00E+01 5.572E-11 2.871E-12
     3     1 1.943E-01 1.852E-02     1 -5.02E+00 -5.00E+00 4.915E-08 2.526E-09
     4     1 3.911E-04 4.132E-05   442 -4.45E+01 -4.45E+01 7.959E-12 4.117E-13
                        (NSTEP:   525  DELTAT:   1.0366E+01  TIME:   2.7876E+03)
     1     1 2.613E+00 1.457E-01   882 -9.29E+01 -9.31E+01 6.950E-08 2.526E-09
     2     1 3.192E-03 1.609E-04   504 -7.99E+01 -7.99E+01 6.096E-11 3.142E-12
     3     1 2.133E-01 2.032E-02     1 -5.02E+00 -5.00E+00 4.905E-08 2.520E-09
     4     1 4.708E-04 4.971E-05   442 -4.44E+01 -4.44E+01 8.736E-12 4.518E-13
                        (NSTEP:   526  DELTAT:   1.1402E+01  TIME:   2.7990E+03)
     1     1 2.860E+00 1.597E-01   882 -9.27E+01 -9.29E+01 6.935E-08 2.520E-09
     2     1 3.827E-03 1.932E-04   504 -7.97E+01 -7.97E+01 6.667E-11 3.436E-12
     3     1 2.341E-01 2.229E-02     1 -5.02E+00 -5.00E+00 4.893E-08 2.514E-09
     4     1 5.663E-04 5.977E-05   442 -4.43E+01 -4.43E+01 9.586E-12 4.957E-13
                        (NSTEP:   527  DELTAT:   1.2543E+01  TIME:   2.8115E+03)
     1     1 3.128E+00 1.749E-01   882 -9.26E+01 -9.27E+01 6.919E-08 2.514E-09
     2     1 4.585E-03 2.318E-04   504 -7.96E+01 -7.96E+01 7.287E-11 3.756E-12
     3     1 2.568E-01 2.445E-02     1 -5.02E+00 -5.00E+00 4.880E-08 2.507E-09
     4     1 6.809E-04 7.182E-05   442 -4.42E+01 -4.42E+01 1.052E-11 5.437E-13
                        (NSTEP:   528  DELTAT:   1.3797E+01  TIME:   2.8253E+03)
     1     1 3.420E+00 1.914E-01   882 -9.24E+01 -9.26E+01 6.900E-08 2.507E-09
     2     1 5.488E-03 2.779E-04   504 -7.94E+01 -7.94E+01 7.960E-11 4.102E-12
     3     1 2.816E-01 2.681E-02     1 -5.03E+00 -5.00E+00 4.866E-08 2.500E-09
     4     1 8.182E-04 8.624E-05   442 -4.41E+01 -4.41E+01 1.153E-11 5.962E-13
                        (NSTEP:   529  DELTAT:   1.5177E+01  TIME:   2.8405E+03)
     1     1 3.736E+00 2.095E-01   882 -9.22E+01 -9.24E+01 6.881E-08 2.500E-09
     2     1 6.561E-03 3.329E-04   504 -7.92E+01 -7.92E+01 8.689E-11 4.478E-12
     3     1 3.088E-01 2.938E-02     1 -5.03E+00 -5.00E+00 4.851E-08 2.492E-09
     4     1 9.824E-04 1.035E-04   442 -4.39E+01 -4.39E+01 1.265E-11 6.535E-13
     5     1 3.088E-01 2.938E-02     1 -5.03E+00 -5.00E+00 4.851E-08 2.492E-09
     6     1 9.824E-04 1.035E-04   442 -4.39E+01 -4.39E+01 1.265E-11 6.535E-13
     7     1 3.088E-01 2.938E-02     1 -5.03E+00 -5.00E+00 4.851E-08 2.492E-09
     8     1 9.824E-04 1.035E-04   442 -4.39E+01 -4.39E+01 1.265E-11 6.535E-13
     9     1 3.088E-01 2.938E-02     1 -5.03E+00 -5.00E+00 4.851E-08 2.492E-09
    10     1 9.824E-04 1.035E-04   442 -4.39E+01 -4.39E+01 1.265E-11 6.535E-13
                        (NSTEP:   529  DELTAT:   7.5884E+00  TIME:   2.8329E+03)
     1     1 1.871E+00 1.049E-01   882 -9.23E+01 -9.24E+01 6.881E-08 2.500E-09
     2     1 1.650E-03 8.365E-05   504 -7.93E+01 -7.93E+01 4.355E-11 2.244E-12
                        (NSTEP:   530  DELTAT:   8.3472E+00  TIME:   2.8413E+03)
     1     1 2.051E+00 1.150E-01   882 -9.22E+01 -9.23E+01 6.870E-08 2.496E-09
     2     1 1.983E-03 1.006E-04   504 -7.92E+01 -7.92E+01 4.770E-11 2.458E-12
     3     1 1.698E-01 1.616E-02     1 -5.02E+00 -5.00E+00 4.850E-08 2.492E-09
     4     1 2.975E-04 3.135E-05   442 -4.39E+01 -4.39E+01 6.956E-12 3.594E-13
                        (NSTEP:   531  DELTAT:   9.1819E+00  TIME:   2.8505E+03)
     1     1 2.247E+00 1.261E-01   882 -9.20E+01 -9.22E+01 6.858E-08 2.492E-09
     2     1 2.383E-03 1.210E-04   504 -7.90E+01 -7.90E+01 5.223E-11 2.692E-12
     3     1 1.864E-01 1.774E-02     1 -5.02E+00 -5.00E+00 4.841E-08 2.487E-09
     4     1 3.584E-04 3.774E-05   442 -4.38E+01 -4.38E+01 7.637E-12 3.946E-13
                        (NSTEP:   532  DELTAT:   1.0100E+01  TIME:   2.8606E+03)
     1     1 2.460E+00 1.383E-01   882 -9.19E+01 -9.20E+01 6.845E-08 2.487E-09
     2     1 2.860E-03 1.455E-04   504 -7.89E+01 -7.89E+01 5.716E-11 2.946E-12
     3     1 2.047E-01 1.947E-02     1 -5.02E+00 -5.00E+00 4.831E-08 2.482E-09
     4     1 4.314E-04 4.541E-05   442 -4.38E+01 -4.38E+01 8.383E-12 4.330E-13
                        (NSTEP:   533  DELTAT:   1.1110E+01  TIME:   2.8717E+03)
     1     1 2.693E+00 1.515E-01   882 -9.17E+01 -9.19E+01 6.831E-08 2.482E-09
     2     1 3.431E-03 1.747E-04   504 -7.88E+01 -7.88E+01 6.252E-11 3.223E-12
     3     1 2.246E-01 2.136E-02     1 -5.02E+00 -5.00E+00 4.820E-08 2.476E-09
     4     1 5.192E-04 5.462E-05   442 -4.37E+01 -4.37E+01 9.200E-12 4.751E-13
                        (NSTEP:   534  DELTAT:   1.2221E+01  TIME:   2.8839E+03)
     1     1 2.946E+00 1.660E-01   882 -9.16E+01 -9.17E+01 6.815E-08 2.476E-09
     2     1 4.113E-03 2.097E-04   504 -7.86E+01 -7.86E+01 6.836E-11 3.523E-12
     3     1 2.464E-01 2.343E-02     1 -5.02E+00 -5.00E+00 4.808E-08 2.470E-09
     4     1 6.244E-04 6.565E-05   442 -4.35E+01 -4.35E+01 1.009E-11 5.212E-13
                        (NSTEP:   535  DELTAT:   1.3443E+01  TIME:   2.8973E+03)
     1     1 3.221E+00 1.817E-01   882 -9.14E+01 -9.16E+01 6.798E-08 2.470E-09
     2     1 4.925E-03 2.516E-04   504 -7.84E+01 -7.84E+01 7.469E-11 3.850E-12
     3     1 2.703E-01 2.569E-02     1 -5.03E+00 -5.00E+00 4.795E-08 2.464E-09
     4     1 7.505E-04 7.886E-05   442 -4.34E+01 -4.34E+01 1.107E-11 5.716E-13
                        (NSTEP:   536  DELTAT:   1.4788E+01  TIME:   2.9121E+03)
     1     1 3.521E+00 1.989E-01   882 -9.12E+01 -9.14E+01 6.780E-08 2.464E-09
     2     1 5.891E-03 3.014E-04   504 -7.82E+01 -7.82E+01 8.156E-11 4.204E-12
     3     1 2.964E-01 2.816E-02     1 -5.03E+00 -5.00E+00 4.780E-08 2.456E-09
     4     1 9.015E-04 9.466E-05   442 -4.33E+01 -4.33E+01 1.214E-11 6.267E-13
                        (NSTEP:   537  DELTAT:   1.6266E+01  TIME:   2.9284E+03)
     1     1 3.845E+00 2.176E-01   882 -9.10E+01 -9.12E+01 6.759E-08 2.456E-09
     2     1 7.040E-03 3.609E-04   504 -7.80E+01 -7.80E+01 8.900E-11 4.587E-12
     3     1 3.250E-01 3.086E-02     1 -5.03E+00 -5.00E+00 4.765E-08 2.448E-09
     4     1 1.082E-03 1.135E-04   442 -4.32E+01 -4.32E+01 1.331E-11 6.869E-13
     5     1 3.250E-01 3.086E-02     1 -5.03E+00 -5.00E+00 4.765E-08 2.448E-09
     6     1 1.082E-03 1.135E-04   442 -4.32E+01 -4.32E+01 1.331E-11 6.869E-13
     7     1 3.250E-01 3.086E-02     1 -5.03E+00 -5.00E+00 4.765E-08 2.448E-09
     8     1 1.082E-03 1.135E-04   442 -4.32E+01 -4.32E+01 1.331E-11 6.869E-13
     9     1 3.250E-01 3.086E-02     1 -5.03E+00 -5.00E+00 4.765E-08 2.448E-09
    10     1 1.082E-03 1.135E-04   442 -4.32E+01 -4.32E+01 1.331E-11 6.869E-13
                        (NSTEP:   537  DELTAT:   8.1332E+00  TIME:   2.9203E+03)
     1     1 1.926E+00 1.089E-01   882 -9.11E+01 -9.12E+01 6.759E-08 2.456E-09
     2     1 1.771E-03 9.069E-05   504 -7.81E+01 -7.81E+01 4.461E-11 2.299E-12
                        (NSTEP:   538  DELTAT:   8.9465E+00  TIME:   2.9292E+03)
     1     1 2.110E+00 1.194E-01   882 -9.10E+01 -9.11E+01 6.748E-08 2.452E-09
     2     1 2.128E-03 1.091E-04   504 -7.80E+01 -7.80E+01 4.885E-11 2.518E-12
     3     1 1.787E-01 1.698E-02     1 -5.02E+00 -5.00E+00 4.764E-08 2.448E-09
     4     1 3.277E-04 3.440E-05   442 -4.31E+01 -4.31E+01 7.322E-12 3.778E-13
                        (NSTEP:   539  DELTAT:   9.8411E+00  TIME:   2.9390E+03)
     1     1 2.311E+00 1.310E-01   882 -9.08E+01 -9.10E+01 6.736E-08 2.448E-09
     2     1 2.555E-03 1.312E-04   504 -7.79E+01 -7.79E+01 5.347E-11 2.756E-12
     3     1 1.962E-01 1.863E-02     1 -5.02E+00 -5.00E+00 4.755E-08 2.443E-09
     4     1 3.947E-04 4.141E-05   442 -4.31E+01 -4.31E+01 8.038E-12 4.147E-13
                        (NSTEP:   540  DELTAT:   1.0825E+01  TIME:   2.9499E+03)
     1     1 2.531E+00 1.435E-01   882 -9.07E+01 -9.08E+01 6.722E-08 2.443E-09
     2     1 3.067E-03 1.576E-04   504 -7.78E+01 -7.78E+01 5.851E-11 3.016E-12
     3     1 2.154E-01 2.044E-02     1 -5.02E+00 -5.00E+00 4.744E-08 2.437E-09
     4     1 4.750E-04 4.981E-05   442 -4.30E+01 -4.30E+01 8.822E-12 4.551E-13
                        (NSTEP:   541  DELTAT:   1.1908E+01  TIME:   2.9618E+03)
     1     1 2.769E+00 1.572E-01   882 -9.05E+01 -9.07E+01 6.708E-08 2.437E-09
     2     1 3.677E-03 1.892E-04   504 -7.76E+01 -7.76E+01 6.398E-11 3.298E-12
     3     1 2.363E-01 2.243E-02     1 -5.02E+00 -5.00E+00 4.733E-08 2.432E-09
     4     1 5.714E-04 5.989E-05   442 -4.29E+01 -4.29E+01 9.681E-12 4.992E-13
                        (NSTEP:   542  DELTAT:   1.3099E+01  TIME:   2.9749E+03)
     1     1 3.029E+00 1.722E-01   882 -9.04E+01 -9.05E+01 6.692E-08 2.432E-09
     2     1 4.405E-03 2.270E-04   504 -7.74E+01 -7.74E+01 6.993E-11 3.605E-12
     3     1 2.592E-01 2.460E-02     1 -5.02E+00 -5.00E+00 4.721E-08 2.425E-09
     4     1 6.871E-04 7.197E-05   442 -4.28E+01 -4.28E+01 1.062E-11 5.476E-13
                        (NSTEP:   543  DELTAT:   1.4408E+01  TIME:   2.9893E+03)
     1     1 3.311E+00 1.885E-01   882 -9.02E+01 -9.04E+01 6.674E-08 2.425E-09
     2     1 5.272E-03 2.722E-04   504 -7.73E+01 -7.73E+01 7.639E-11 3.937E-12
     3     1 2.843E-01 2.697E-02     1 -5.03E+00 -5.00E+00 4.707E-08 2.418E-09
     4     1 8.256E-04 8.642E-05   442 -4.26E+01 -4.26E+01 1.165E-11 6.005E-13
                        (NSTEP:   544  DELTAT:   1.5849E+01  TIME:   3.0051E+03)
     1     1 3.618E+00 2.063E-01   882 -9.00E+01 -9.02E+01 6.655E-08 2.418E-09
     2     1 6.304E-03 3.260E-04   504 -7.71E+01 -7.71E+01 8.338E-11 4.298E-12
     3     1 3.118E-01 2.956E-02     1 -5.03E+00 -5.00E+00 4.692E-08 2.411E-09
     4     1 9.914E-04 1.037E-04   442 -4.25E+01 -4.25E+01 1.277E-11 6.582E-13
     5     1 3.118E-01 2.956E-02     1 -5.03E+00 -5.00E+00 4.692E-08 2.411E-09
     6     1 9.914E-04 1.037E-04   442 -4.25E+01 -4.25E+01 1.277E-11 6.582E-13
     7     1 3.118E-01 2.956E-02     1 -5.03E+00 -5.00E+00 4.692E-08 2.411E-09
     8     1 9.914E-04 1.037E-04   442 -4.25E+01 -4.25E+01 1.277E-11 6.582E-13
     9     1 3.118E-01 2.956E-02     1 -5.03E+00 -5.00E+00 4.692E-08 2.411E-09
    10     1 9.914E-04 1.037E-04   442 -4.25E+01 -4.25E+01 1.277E-11 6.582E-13
                        (NSTEP:   544  DELTAT:   7.9246E+00  TIME:   2.9972E+03)
     1     1 1.812E+00 1.033E-01   882 -9.01E+01 -9.02E+01 6.655E-08 2.418E-09
     2     1 1.585E-03 8.190E-05   504 -7.72E+01 -7.72E+01 4.179E-11 2.154E-12
                        (NSTEP:   545  DELTAT:   8.7171E+00  TIME:   3.0059E+03)
     1     1 1.986E+00 1.133E-01   882 -9.00E+01 -9.01E+01 6.645E-08 2.415E-09
     2     1 1.906E-03 9.855E-05   504 -7.71E+01 -7.71E+01 4.577E-11 2.359E-12
                        (NSTEP:   546  DELTAT:   9.5888E+00  TIME:   3.0155E+03)
     1     1 2.175E+00 1.242E-01   882 -8.98E+01 -9.00E+01 6.633E-08 2.410E-09
     2     1 2.289E-03 1.185E-04   504 -7.69E+01 -7.69E+01 5.011E-11 2.583E-12
     3     1 1.883E-01 1.785E-02     1 -5.02E+00 -5.00E+00 4.683E-08 2.406E-09
     4     1 3.616E-04 3.782E-05   442 -4.24E+01 -4.24E+01 7.712E-12 3.974E-13
                        (NSTEP:   547  DELTAT:   1.0548E+01  TIME:   3.0261E+03)
     1     1 2.382E+00 1.361E-01   882 -8.97E+01 -8.98E+01 6.621E-08 2.406E-09
     2     1 2.748E-03 1.424E-04   504 -7.68E+01 -7.68E+01 5.484E-11 2.827E-12
     3     1 2.066E-01 1.959E-02     1 -5.02E+00 -5.00E+00 4.673E-08 2.401E-09
     4     1 4.354E-04 4.552E-05   442 -4.23E+01 -4.23E+01 8.466E-12 4.362E-13
                        (NSTEP:   548  DELTAT:   1.1602E+01  TIME:   3.0377E+03)
     1     1 2.607E+00 1.492E-01   882 -8.96E+01 -8.97E+01 6.607E-08 2.401E-09
     2     1 3.296E-03 1.711E-04   504 -7.67E+01 -7.67E+01 5.999E-11 3.092E-12
     3     1 2.268E-01 2.149E-02     1 -5.02E+00 -5.00E+00 4.662E-08 2.395E-09
     4     1 5.239E-04 5.474E-05   442 -4.22E+01 -4.22E+01 9.291E-12 4.786E-13
                        (NSTEP:   549  DELTAT:   1.2763E+01  TIME:   3.0504E+03)
     1     1 2.853E+00 1.634E-01   882 -8.94E+01 -8.96E+01 6.592E-08 2.395E-09
     2     1 3.951E-03 2.053E-04   504 -7.65E+01 -7.65E+01 6.559E-11 3.381E-12
     3     1 2.488E-01 2.357E-02     1 -5.02E+00 -5.00E+00 4.651E-08 2.389E-09
     4     1 6.301E-04 6.580E-05   442 -4.21E+01 -4.21E+01 1.019E-11 5.250E-13
                        (NSTEP:   550  DELTAT:   1.4039E+01  TIME:   3.0645E+03)
     1     1 3.120E+00 1.789E-01   882 -8.92E+01 -8.94E+01 6.575E-08 2.389E-09
     2     1 4.731E-03 2.462E-04   504 -7.63E+01 -7.63E+01 7.166E-11 3.694E-12
     3     1 2.729E-01 2.585E-02     1 -5.03E+00 -5.00E+00 4.638E-08 2.383E-09
     4     1 7.573E-04 7.904E-05   442 -4.20E+01 -4.20E+01 1.118E-11 5.758E-13
                        (NSTEP:   551  DELTAT:   1.5443E+01  TIME:   3.0799E+03)
     1     1 3.409E+00 1.958E-01   882 -8.90E+01 -8.92E+01 6.557E-08 2.383E-09
     2     1 5.659E-03 2.950E-04   504 -7.61E+01 -7.61E+01 7.825E-11 4.034E-12
     3     1 2.993E-01 2.833E-02     1 -5.03E+00 -5.00E+00 4.624E-08 2.376E-09
     4     1 9.097E-04 9.488E-05   442 -4.19E+01 -4.19E+01 1.226E-11 6.313E-13
                        (NSTEP:   552  DELTAT:   1.6987E+01  TIME:   3.0969E+03)
     1     1 3.724E+00 2.141E-01   882 -8.88E+01 -8.90E+01 6.538E-08 2.376E-09
     2     1 6.762E-03 3.532E-04   504 -7.59E+01 -7.59E+01 8.538E-11 4.401E-12
     3     1 3.281E-01 3.105E-02     1 -5.03E+00 -5.00E+00 4.609E-08 2.368E-09
     4     1 1.092E-03 1.138E-04   442 -4.18E+01 -4.18E+01 1.344E-11 6.919E-13
     5     1 3.281E-01 3.105E-02     1 -5.03E+00 -5.00E+00 4.609E-08 2.368E-09
     6     1 1.092E-03 1.138E-04   442 -4.18E+01 -4.18E+01 1.344E-11 6.919E-13
     7     1 3.281E-01 3.105E-02     1 -5.03E+00 -5.00E+00 4.609E-08 2.368E-09
     8     1 1.092E-03 1.138E-04   442 -4.18E+01 -4.18E+01 1.344E-11 6.919E-13
     9     1 3.281E-01 3.105E-02     1 -5.03E+00 -5.00E+00 4.609E-08 2.368E-09
    10     1 1.092E-03 1.138E-04   442 -4.18E+01 -4.18E+01 1.344E-11 6.919E-13
                        (NSTEP:   552  DELTAT:   8.4936E+00  TIME:   3.0884E+03)
     1     1 1.865E+00 1.072E-01   882 -8.89E+01 -8.90E+01 6.538E-08 2.376E-09
     2     1 1.701E-03 8.876E-05   504 -7.60E+01 -7.60E+01 4.279E-11 2.206E-12
                        (NSTEP:   553  DELTAT:   9.3429E+00  TIME:   3.0977E+03)
     1     1 2.044E+00 1.176E-01   882 -8.88E+01 -8.89E+01 6.527E-08 2.372E-09
     2     1 2.044E-03 1.068E-04   504 -7.59E+01 -7.59E+01 4.686E-11 2.416E-12
     3     1 1.805E-01 1.708E-02     1 -5.02E+00 -5.00E+00 4.608E-08 2.367E-09
     4     1 3.307E-04 3.448E-05   442 -4.18E+01 -4.18E+01 7.394E-12 3.806E-13
                        (NSTEP:   554  DELTAT:   1.0277E+01  TIME:   3.1080E+03)
     1     1 2.238E+00 1.289E-01   882 -8.87E+01 -8.88E+01 6.515E-08 2.367E-09
     2     1 2.455E-03 1.284E-04   504 -7.58E+01 -7.58E+01 5.130E-11 2.644E-12
     3     1 1.981E-01 1.875E-02     1 -5.02E+00 -5.00E+00 4.599E-08 2.363E-09
     4     1 3.983E-04 4.151E-05   442 -4.17E+01 -4.17E+01 8.117E-12 4.177E-13
                        (NSTEP:   555  DELTAT:   1.1305E+01  TIME:   3.1193E+03)
     1     1 2.451E+00 1.413E-01   882 -8.85E+01 -8.87E+01 6.502E-08 2.363E-09
     2     1 2.946E-03 1.542E-04   504 -7.57E+01 -7.57E+01 5.613E-11 2.893E-12
     3     1 2.174E-01 2.057E-02     1 -5.02E+00 -5.00E+00 4.589E-08 2.358E-09
     4     1 4.794E-04 4.994E-05   442 -4.16E+01 -4.16E+01 8.909E-12 4.584E-13
                        (NSTEP:   556  DELTAT:   1.2435E+01  TIME:   3.1318E+03)
     1     1 2.682E+00 1.548E-01   882 -8.84E+01 -8.85E+01 6.488E-08 2.358E-09
     2     1 3.532E-03 1.852E-04   504 -7.55E+01 -7.55E+01 6.138E-11 3.164E-12
     3     1 2.386E-01 2.257E-02     1 -5.02E+00 -5.00E+00 4.578E-08 2.352E-09
     4     1 5.767E-04 6.004E-05   442 -4.15E+01 -4.15E+01 9.776E-12 5.029E-13
                        (NSTEP:   557  DELTAT:   1.3679E+01  TIME:   3.1454E+03)
     1     1 2.933E+00 1.695E-01   882 -8.82E+01 -8.84E+01 6.473E-08 2.352E-09
     2     1 4.231E-03 2.221E-04   504 -7.54E+01 -7.54E+01 6.708E-11 3.458E-12
     3     1 2.618E-01 2.475E-02     1 -5.02E+00 -5.00E+00 4.566E-08 2.346E-09
     4     1 6.934E-04 7.215E-05   442 -4.14E+01 -4.14E+01 1.073E-11 5.516E-13
                        (NSTEP:   558  DELTAT:   1.5047E+01  TIME:   3.1605E+03)
     1     1 3.207E+00 1.855E-01   882 -8.80E+01 -8.82E+01 6.456E-08 2.346E-09
     2     1 5.064E-03 2.663E-04   504 -7.52E+01 -7.52E+01 7.327E-11 3.777E-12
     3     1 2.871E-01 2.713E-02     1 -5.03E+00 -5.00E+00 4.553E-08 2.339E-09
     4     1 8.332E-04 8.664E-05   442 -4.13E+01 -4.13E+01 1.176E-11 6.049E-13
                        (NSTEP:   559  DELTAT:   1.6552E+01  TIME:   3.1770E+03)
     1     1 3.503E+00 2.030E-01   882 -8.78E+01 -8.80E+01 6.437E-08 2.339E-09
     2     1 6.055E-03 3.189E-04   504 -7.50E+01 -7.50E+01 7.998E-11 4.123E-12
     3     1 3.148E-01 2.974E-02     1 -5.03E+00 -5.00E+00 4.539E-08 2.332E-09
     4     1 1.000E-03 1.040E-04   442 -4.11E+01 -4.11E+01 1.290E-11 6.631E-13
     5     1 3.148E-01 2.974E-02     1 -5.03E+00 -5.00E+00 4.539E-08 2.332E-09
     6     1 1.000E-03 1.040E-04   442 -4.11E+01 -4.11E+01 1.290E-11 6.631E-13
     7     1 3.148E-01 2.974E-02     1 -5.03E+00 -5.00E+00 4.539E-08 2.332E-09
     8     1 1.000E-03 1.040E-04   442 -4.11E+01 -4.11E+01 1.290E-11 6.631E-13
     9     1 3.148E-01 2.974E-02     1 -5.03E+00 -5.00E+00 4.539E-08 2.332E-09
    10     1 1.000E-03 1.040E-04   442 -4.11E+01 -4.11E+01 1.290E-11 6.631E-13
                        (NSTEP:   559  DELTAT:   8.2758E+00  TIME:   3.1688E+03)
     1     1 1.755E+00 1.016E-01   882 -8.79E+01 -8.80E+01 6.437E-08 2.339E-09
     2     1 1.523E-03 8.013E-05   504 -7.51E+01 -7.51E+01 4.008E-11 2.066E-12
                        (NSTEP:   560  DELTAT:   9.1034E+00  TIME:   3.1779E+03)
     1     1 1.923E+00 1.115E-01   882 -8.78E+01 -8.79E+01 6.427E-08 2.335E-09
     2     1 1.830E-03 9.641E-05   504 -7.50E+01 -7.50E+01 4.390E-11 2.263E-12
                        (NSTEP:   561  DELTAT:   1.0014E+01  TIME:   3.1879E+03)
     1     1 2.107E+00 1.222E-01   882 -8.77E+01 -8.78E+01 6.416E-08 2.331E-09
     2     1 2.199E-03 1.159E-04   504 -7.49E+01 -7.49E+01 4.807E-11 2.478E-12
     3     1 1.901E-01 1.796E-02     1 -5.02E+00 -5.00E+00 4.529E-08 2.327E-09
     4     1 3.650E-04 3.793E-05   442 -4.11E+01 -4.11E+01 7.788E-12 4.003E-13
                        (NSTEP:   562  DELTAT:   1.1015E+01  TIME:   3.1989E+03)
     1     1 2.307E+00 1.339E-01   882 -8.75E+01 -8.77E+01 6.404E-08 2.327E-09
     2     1 2.639E-03 1.393E-04   504 -7.47E+01 -7.47E+01 5.260E-11 2.712E-12
     3     1 2.086E-01 1.971E-02     1 -5.02E+00 -5.00E+00 4.520E-08 2.322E-09
     4     1 4.394E-04 4.564E-05   442 -4.10E+01 -4.10E+01 8.549E-12 4.394E-13
                        (NSTEP:   563  DELTAT:   1.2117E+01  TIME:   3.2110E+03)
     1     1 2.525E+00 1.468E-01   882 -8.74E+01 -8.75E+01 6.390E-08 2.322E-09
     2     1 3.166E-03 1.673E-04   504 -7.46E+01 -7.46E+01 5.754E-11 2.966E-12
     3     1 2.290E-01 2.162E-02     1 -5.02E+00 -5.00E+00 4.510E-08 2.317E-09
     4     1 5.287E-04 5.489E-05   442 -4.09E+01 -4.09E+01 9.382E-12 4.821E-13
                        (NSTEP:   564  DELTAT:   1.3328E+01  TIME:   3.2243E+03)
     1     1 2.763E+00 1.608E-01   882 -8.72E+01 -8.74E+01 6.376E-08 2.317E-09
     2     1 3.794E-03 2.008E-04   504 -7.45E+01 -7.45E+01 6.290E-11 3.243E-12
     3     1 2.512E-01 2.372E-02     1 -5.02E+00 -5.00E+00 4.498E-08 2.311E-09
     4     1 6.359E-04 6.598E-05   442 -4.08E+01 -4.08E+01 1.029E-11 5.289E-13
                        (NSTEP:   565  DELTAT:   1.4661E+01  TIME:   3.2390E+03)
     1     1 3.021E+00 1.760E-01   882 -8.71E+01 -8.72E+01 6.360E-08 2.311E-09
     2     1 4.543E-03 2.408E-04   504 -7.43E+01 -7.43E+01 6.873E-11 3.543E-12
     3     1 2.756E-01 2.601E-02     1 -5.03E+00 -5.00E+00 4.486E-08 2.305E-09
     4     1 7.643E-04 7.927E-05   442 -4.07E+01 -4.07E+01 1.129E-11 5.800E-13
                        (NSTEP:   566  DELTAT:   1.6127E+01  TIME:   3.2551E+03)
     1     1 3.302E+00 1.926E-01   882 -8.69E+01 -8.71E+01 6.342E-08 2.305E-09
     2     1 5.435E-03 2.885E-04   504 -7.41E+01 -7.41E+01 7.504E-11 3.869E-12
     3     1 3.022E-01 2.851E-02     1 -5.03E+00 -5.00E+00 4.473E-08 2.298E-09
     4     1 9.181E-04 9.516E-05   442 -4.05E+01 -4.06E+01 1.238E-11 6.359E-13
                        (NSTEP:   567  DELTAT:   1.7740E+01  TIME:   3.2729E+03)
     1     1 3.606E+00 2.107E-01   882 -8.67E+01 -8.69E+01 6.323E-08 2.298E-09
     2     1 6.494E-03 3.454E-04   504 -7.39E+01 -7.39E+01 8.187E-11 4.221E-12
     3     1 3.313E-01 3.124E-02     1 -5.03E+00 -5.00E+00 4.458E-08 2.290E-09
     4     1 1.102E-03 1.141E-04   442 -4.04E+01 -4.04E+01 1.358E-11 6.970E-13
     5     1 3.313E-01 3.124E-02     1 -5.03E+00 -5.00E+00 4.458E-08 2.290E-09
     6     1 1.102E-03 1.141E-04   442 -4.04E+01 -4.04E+01 1.358E-11 6.970E-13
     7     1 3.313E-01 3.124E-02     1 -5.03E+00 -5.00E+00 4.458E-08 2.290E-09
     8     1 1.102E-03 1.141E-04   442 -4.04E+01 -4.04E+01 1.358E-11 6.970E-13
     9     1 3.313E-01 3.124E-02     1 -5.03E+00 -5.00E+00 4.458E-08 2.290E-09
    10     1 1.102E-03 1.141E-04   442 -4.04E+01 -4.04E+01 1.358E-11 6.970E-13
                        (NSTEP:   567  DELTAT:   8.8699E+00  TIME:   3.2640E+03)
     1     1 1.806E+00 1.055E-01   882 -8.68E+01 -8.69E+01 6.323E-08 2.298E-09
     2     1 1.633E-03 8.680E-05   504 -7.40E+01 -7.40E+01 4.104E-11 2.116E-12
                        (NSTEP:   568  DELTAT:   9.7569E+00  TIME:   3.2738E+03)
     1     1 1.979E+00 1.157E-01   882 -8.66E+01 -8.68E+01 6.313E-08 2.294E-09
     2     1 1.963E-03 1.044E-04   504 -7.39E+01 -7.39E+01 4.494E-11 2.317E-12
     3     1 1.822E-01 1.719E-02     1 -5.02E+00 -5.00E+00 4.457E-08 2.290E-09
     4     1 3.338E-04 3.459E-05   442 -4.04E+01 -4.04E+01 7.467E-12 3.834E-13
                        (NSTEP:   569  DELTAT:   1.0733E+01  TIME:   3.2845E+03)
     1     1 2.168E+00 1.268E-01   882 -8.65E+01 -8.66E+01 6.302E-08 2.290E-09
     2     1 2.357E-03 1.255E-04   504 -7.38E+01 -7.38E+01 4.919E-11 2.536E-12
     3     1 2.000E-01 1.886E-02     1 -5.02E+00 -5.00E+00 4.448E-08 2.285E-09
     4     1 4.020E-04 4.163E-05   442 -4.03E+01 -4.03E+01 8.197E-12 4.208E-13
                        (NSTEP:   570  DELTAT:   1.1806E+01  TIME:   3.2963E+03)
     1     1 2.373E+00 1.390E-01   882 -8.64E+01 -8.65E+01 6.289E-08 2.285E-09
     2     1 2.829E-03 1.508E-04   504 -7.36E+01 -7.36E+01 5.382E-11 2.775E-12
     3     1 2.195E-01 2.070E-02     1 -5.02E+00 -5.00E+00 4.439E-08 2.280E-09
     4     1 4.838E-04 5.009E-05   442 -4.02E+01 -4.02E+01 8.997E-12 4.618E-13
                        (NSTEP:   571  DELTAT:   1.2986E+01  TIME:   3.3093E+03)
     1     1 2.597E+00 1.522E-01   882 -8.62E+01 -8.64E+01 6.275E-08 2.280E-09
     2     1 3.391E-03 1.810E-04   504 -7.35E+01 -7.35E+01 5.885E-11 3.034E-12
     3     1 2.409E-01 2.271E-02     1 -5.02E+00 -5.00E+00 4.428E-08 2.275E-09
     4     1 5.821E-04 6.022E-05   442 -4.02E+01 -4.02E+01 9.873E-12 5.066E-13
                        (NSTEP:   572  DELTAT:   1.4285E+01  TIME:   3.3236E+03)
     1     1 2.841E+00 1.667E-01   882 -8.61E+01 -8.62E+01 6.260E-08 2.275E-09
     2     1 4.063E-03 2.172E-04   504 -7.33E+01 -7.33E+01 6.432E-11 3.316E-12
     3     1 2.643E-01 2.490E-02     1 -5.02E+00 -5.00E+00 4.416E-08 2.269E-09
     4     1 6.998E-04 7.237E-05   442 -4.01E+01 -4.01E+01 1.083E-11 5.557E-13
                        (NSTEP:   573  DELTAT:   1.5714E+01  TIME:   3.3393E+03)
     1     1 3.106E+00 1.825E-01   882 -8.59E+01 -8.61E+01 6.244E-08 2.269E-09
     2     1 4.862E-03 2.603E-04   504 -7.32E+01 -7.32E+01 7.025E-11 3.622E-12
     3     1 2.899E-01 2.731E-02     1 -5.03E+00 -5.00E+00 4.404E-08 2.263E-09
     4     1 8.410E-04 8.691E-05   442 -3.99E+01 -3.99E+01 1.188E-11 6.094E-13
                        (NSTEP:   574  DELTAT:   1.7285E+01  TIME:   3.3566E+03)
     1     1 3.393E+00 1.996E-01   882 -8.57E+01 -8.59E+01 6.226E-08 2.263E-09
     2     1 5.813E-03 3.117E-04   504 -7.30E+01 -7.30E+01 7.668E-11 3.953E-12
     3     1 3.178E-01 2.993E-02     1 -5.03E+00 -5.00E+00 4.390E-08 2.255E-09
     4     1 1.010E-03 1.043E-04   442 -3.98E+01 -3.98E+01 1.303E-11 6.680E-13
     5     1 3.178E-01 2.993E-02     1 -5.03E+00 -5.00E+00 4.390E-08 2.255E-09
     6     1 1.010E-03 1.043E-04   442 -3.98E+01 -3.98E+01 1.303E-11 6.680E-13
     7     1 3.178E-01 2.993E-02     1 -5.03E+00 -5.00E+00 4.390E-08 2.255E-09
     8     1 1.010E-03 1.043E-04   442 -3.98E+01 -3.98E+01 1.303E-11 6.680E-13
     9     1 3.178E-01 2.993E-02     1 -5.03E+00 -5.00E+00 4.390E-08 2.255E-09
    10     1 1.010E-03 1.043E-04   442 -3.98E+01 -3.98E+01 1.303E-11 6.680E-13
                        (NSTEP:   574  DELTAT:   8.6425E+00  TIME:   3.3479E+03)
     1     1 1.699E+00 9.994E-02   882 -8.58E+01 -8.59E+01 6.226E-08 2.263E-09
     2     1 1.462E-03 7.833E-05   504 -7.31E+01 -7.31E+01 3.843E-11 1.981E-12
                        (NSTEP:   575  DELTAT:   9.5067E+00  TIME:   3.3574E+03)
     1     1 1.862E+00 1.096E-01   882 -8.57E+01 -8.58E+01 6.216E-08 2.259E-09
     2     1 1.757E-03 9.424E-05   504 -7.30E+01 -7.30E+01 4.209E-11 2.170E-12
                        (NSTEP:   576  DELTAT:   1.0457E+01  TIME:   3.3679E+03)
     1     1 2.040E+00 1.202E-01   882 -8.56E+01 -8.57E+01 6.206E-08 2.255E-09
     2     1 2.111E-03 1.133E-04   504 -7.29E+01 -7.29E+01 4.608E-11 2.376E-12
     3     1 1.919E-01 1.807E-02     1 -5.02E+00 -5.00E+00 4.381E-08 2.251E-09
     4     1 3.684E-04 3.805E-05   442 -3.97E+01 -3.97E+01 7.865E-12 4.033E-13
                        (NSTEP:   577  DELTAT:   1.1503E+01  TIME:   3.3794E+03)
     1     1 2.234E+00 1.317E-01   882 -8.54E+01 -8.56E+01 6.194E-08 2.251E-09
     2     1 2.534E-03 1.362E-04   504 -7.27E+01 -7.27E+01 5.043E-11 2.600E-12
     3     1 2.107E-01 1.983E-02     1 -5.02E+00 -5.00E+00 4.372E-08 2.246E-09
     4     1 4.435E-04 4.579E-05   442 -3.97E+01 -3.97E+01 8.634E-12 4.427E-13
                        (NSTEP:   578  DELTAT:   1.2653E+01  TIME:   3.3920E+03)
     1     1 2.446E+00 1.443E-01   882 -8.53E+01 -8.54E+01 6.181E-08 2.246E-09
     2     1 3.039E-03 1.635E-04   504 -7.26E+01 -7.26E+01 5.516E-11 2.844E-12
     3     1 2.312E-01 2.176E-02     1 -5.02E+00 -5.00E+00 4.362E-08 2.241E-09
     4     1 5.337E-04 5.507E-05   442 -3.96E+01 -3.96E+01 9.475E-12 4.857E-13
                        (NSTEP:   579  DELTAT:   1.3919E+01  TIME:   3.4060E+03)
     1     1 2.676E+00 1.581E-01   882 -8.51E+01 -8.53E+01 6.167E-08 2.241E-09
     2     1 3.643E-03 1.963E-04   504 -7.24E+01 -7.24E+01 6.030E-11 3.109E-12
     3     1 2.537E-01 2.387E-02     1 -5.02E+00 -5.00E+00 4.351E-08 2.235E-09
     4     1 6.419E-04 6.620E-05   442 -3.95E+01 -3.95E+01 1.040E-11 5.328E-13
                        (NSTEP:   580  DELTAT:   1.5311E+01  TIME:   3.4213E+03)
     1     1 2.926E+00 1.731E-01   882 -8.49E+01 -8.51E+01 6.151E-08 2.235E-09
     2     1 4.362E-03 2.353E-04   504 -7.23E+01 -7.23E+01 6.588E-11 3.397E-12
     3     1 2.782E-01 2.617E-02     1 -5.03E+00 -5.00E+00 4.339E-08 2.229E-09
     4     1 7.715E-04 7.953E-05   442 -3.94E+01 -3.94E+01 1.140E-11 5.844E-13
                        (NSTEP:   581  DELTAT:   1.6842E+01  TIME:   3.4381E+03)
     1     1 3.198E+00 1.894E-01   882 -8.48E+01 -8.49E+01 6.134E-08 2.229E-09
     2     1 5.217E-03 2.819E-04   504 -7.21E+01 -7.21E+01 7.193E-11 3.709E-12
     3     1 3.051E-01 2.869E-02     1 -5.03E+00 -5.00E+00 4.326E-08 2.223E-09
     4     1 9.268E-04 9.547E-05   442 -3.93E+01 -3.93E+01 1.251E-11 6.407E-13
                        (NSTEP:   582  DELTAT:   1.8526E+01  TIME:   3.4566E+03)
     1     1 3.492E+00 2.071E-01   882 -8.46E+01 -8.48E+01 6.116E-08 2.223E-09
     2     1 6.234E-03 3.375E-04   504 -7.19E+01 -7.19E+01 7.848E-11 4.046E-12
     3     1 3.345E-01 3.144E-02     1 -5.03E+00 -5.00E+00 4.312E-08 2.215E-09
     4     1 1.113E-03 1.145E-04   442 -3.91E+01 -3.91E+01 1.371E-11 7.022E-13
     5     1 3.345E-01 3.144E-02     1 -5.03E+00 -5.00E+00 4.312E-08 2.215E-09
     6     1 1.113E-03 1.145E-04   442 -3.91E+01 -3.91E+01 1.371E-11 7.022E-13
     7     1 3.345E-01 3.144E-02     1 -5.03E+00 -5.00E+00 4.312E-08 2.215E-09
     8     1 1.113E-03 1.145E-04   442 -3.91E+01 -3.91E+01 1.371E-11 7.022E-13
     9     1 3.345E-01 3.144E-02     1 -5.03E+00 -5.00E+00 4.312E-08 2.215E-09
    10     1 1.113E-03 1.145E-04   442 -3.91E+01 -3.91E+01 1.371E-11 7.022E-13
                        (NSTEP:   582  DELTAT:   9.2630E+00  TIME:   3.4474E+03)
     1     1 1.749E+00 1.037E-01   882 -8.47E+01 -8.48E+01 6.116E-08 2.223E-09
     2     1 1.568E-03 8.482E-05   504 -7.20E+01 -7.20E+01 3.934E-11 2.028E-12
                        (NSTEP:   583  DELTAT:   1.0189E+01  TIME:   3.4576E+03)
     1     1 1.917E+00 1.137E-01   882 -8.45E+01 -8.47E+01 6.106E-08 2.219E-09
     2     1 1.884E-03 1.020E-04   504 -7.19E+01 -7.19E+01 4.308E-11 2.221E-12
     3     1 1.840E-01 1.730E-02     1 -5.02E+00 -5.00E+00 4.311E-08 2.215E-09
     4     1 3.370E-04 3.470E-05   442 -3.91E+01 -3.91E+01 7.541E-12 3.863E-13
                        (NSTEP:   584  DELTAT:   1.1208E+01  TIME:   3.4688E+03)
     1     1 2.099E+00 1.247E-01   882 -8.44E+01 -8.45E+01 6.095E-08 2.215E-09
     2     1 2.263E-03 1.226E-04   504 -7.18E+01 -7.18E+01 4.715E-11 2.431E-12
     3     1 2.020E-01 1.898E-02     1 -5.02E+00 -5.00E+00 4.303E-08 2.211E-09
     4     1 4.058E-04 4.177E-05   442 -3.91E+01 -3.91E+01 8.278E-12 4.240E-13
                        (NSTEP:   585  DELTAT:   1.2329E+01  TIME:   3.4811E+03)
     1     1 2.299E+00 1.366E-01   882 -8.43E+01 -8.44E+01 6.083E-08 2.211E-09
     2     1 2.715E-03 1.473E-04   504 -7.17E+01 -7.17E+01 5.158E-11 2.660E-12
     3     1 2.217E-01 2.083E-02     1 -5.02E+00 -5.00E+00 4.293E-08 2.206E-09
     4     1 4.884E-04 5.026E-05   442 -3.90E+01 -3.90E+01 9.086E-12 4.653E-13
                        (NSTEP:   586  DELTAT:   1.3562E+01  TIME:   3.4947E+03)
     1     1 2.515E+00 1.497E-01   882 -8.41E+01 -8.43E+01 6.070E-08 2.206E-09
     2     1 3.256E-03 1.769E-04   504 -7.15E+01 -7.15E+01 5.641E-11 2.909E-12
     3     1 2.433E-01 2.285E-02     1 -5.02E+00 -5.00E+00 4.283E-08 2.200E-09
     4     1 5.876E-04 6.043E-05   442 -3.89E+01 -3.89E+01 9.970E-12 5.104E-13
                        (NSTEP:   587  DELTAT:   1.4918E+01  TIME:   3.5096E+03)
     1     1 2.751E+00 1.639E-01   882 -8.40E+01 -8.41E+01 6.055E-08 2.200E-09
     2     1 3.900E-03 2.121E-04   504 -7.14E+01 -7.14E+01 6.164E-11 3.179E-12
     3     1 2.669E-01 2.506E-02     1 -5.03E+00 -5.00E+00 4.272E-08 2.195E-09
     4     1 7.065E-04 7.263E-05   442 -3.88E+01 -3.88E+01 1.094E-11 5.599E-13
                        (NSTEP:   588  DELTAT:   1.6410E+01  TIME:   3.5260E+03)
     1     1 3.008E+00 1.794E-01   882 -8.38E+01 -8.40E+01 6.039E-08 2.195E-09
     2     1 4.667E-03 2.543E-04   504 -7.12E+01 -7.12E+01 6.733E-11 3.472E-12
     3     1 2.927E-01 2.748E-02     1 -5.03E+00 -5.00E+00 4.260E-08 2.188E-09
     4     1 8.489E-04 8.722E-05   442 -3.87E+01 -3.87E+01 1.200E-11 6.139E-13
                        (NSTEP:   589  DELTAT:   1.8051E+01  TIME:   3.5440E+03)
     1     1 3.286E+00 1.962E-01   882 -8.36E+01 -8.38E+01 6.022E-08 2.188E-09
     2     1 5.580E-03 3.045E-04   504 -7.10E+01 -7.10E+01 7.348E-11 3.789E-12
     3     1 3.209E-01 3.012E-02     1 -5.03E+00 -5.00E+00 4.246E-08 2.182E-09
     4     1 1.019E-03 1.047E-04   442 -3.86E+01 -3.86E+01 1.315E-11 6.730E-13
     5     1 3.209E-01 3.012E-02     1 -5.03E+00 -5.00E+00 4.246E-08 2.182E-09
     6     1 1.019E-03 1.047E-04   442 -3.86E+01 -3.86E+01 1.315E-11 6.730E-13
     7     1 3.209E-01 3.012E-02     1 -5.03E+00 -5.00E+00 4.246E-08 2.182E-09
     8     1 1.019E-03 1.047E-04   442 -3.86E+01 -3.86E+01 1.315E-11 6.730E-13
     9     1 3.209E-01 3.012E-02     1 -5.03E+00 -5.00E+00 4.246E-08 2.182E-09
    10     1 1.019E-03 1.047E-04   442 -3.86E+01 -3.86E+01 1.315E-11 6.730E-13
                        (NSTEP:   589  DELTAT:   9.0255E+00  TIME:   3.5350E+03)
     1     1 1.646E+00 9.824E-02   882 -8.37E+01 -8.38E+01 6.022E-08 2.188E-09
     2     1 1.403E-03 7.651E-05   504 -7.11E+01 -7.11E+01 3.683E-11 1.899E-12
                        (NSTEP:   590  DELTAT:   9.9280E+00  TIME:   3.5449E+03)
     1     1 1.804E+00 1.077E-01   882 -8.36E+01 -8.37E+01 6.012E-08 2.185E-09
     2     1 1.687E-03 9.205E-05   504 -7.10E+01 -7.10E+01 4.034E-11 2.080E-12
                        (NSTEP:   591  DELTAT:   1.0921E+01  TIME:   3.5559E+03)
     1     1 1.976E+00 1.181E-01   882 -8.35E+01 -8.36E+01 6.002E-08 2.181E-09
     2     1 2.026E-03 1.107E-04   504 -7.09E+01 -7.09E+01 4.416E-11 2.277E-12
     3     1 1.938E-01 1.819E-02     1 -5.02E+00 -5.00E+00 4.238E-08 2.177E-09
     4     1 3.719E-04 3.818E-05   442 -3.85E+01 -3.85E+01 7.943E-12 4.064E-13
                        (NSTEP:   592  DELTAT:   1.2013E+01  TIME:   3.5679E+03)
     1     1 2.164E+00 1.295E-01   882 -8.33E+01 -8.35E+01 5.991E-08 2.177E-09
     2     1 2.432E-03 1.330E-04   504 -7.08E+01 -7.08E+01 4.832E-11 2.492E-12
     3     1 2.127E-01 1.996E-02     1 -5.02E+00 -5.00E+00 4.229E-08 2.173E-09
     4     1 4.477E-04 4.595E-05   442 -3.84E+01 -3.84E+01 8.719E-12 4.460E-13
                        (NSTEP:   593  DELTAT:   1.3214E+01  TIME:   3.5811E+03)
     1     1 2.369E+00 1.419E-01   882 -8.32E+01 -8.33E+01 5.978E-08 2.173E-09
     2     1 2.917E-03 1.597E-04   875 -7.07E+01 -7.07E+01 5.286E-11 2.726E-12
     3     1 2.334E-01 2.190E-02     1 -5.02E+00 -5.00E+00 4.219E-08 2.168E-09
     4     1 5.388E-04 5.527E-05   442 -3.83E+01 -3.83E+01 9.569E-12 4.894E-13
                        (NSTEP:   594  DELTAT:   1.4536E+01  TIME:   3.5956E+03)
     1     1 2.592E+00 1.554E-01   882 -8.30E+01 -8.32E+01 5.965E-08 2.168E-09
     2     1 3.496E-03 1.917E-04   865 -7.06E+01 -7.06E+01 5.778E-11 2.979E-12
     3     1 2.561E-01 2.402E-02     1 -5.02E+00 -5.00E+00 4.209E-08 2.162E-09
     4     1 6.480E-04 6.645E-05   442 -3.82E+01 -3.82E+01 1.050E-11 5.369E-13
                        (NSTEP:   595  DELTAT:   1.5989E+01  TIME:   3.6116E+03)
     1     1 2.834E+00 1.701E-01   882 -8.29E+01 -8.30E+01 5.950E-08 2.162E-09
     2     1 4.186E-03 2.298E-04   876 -7.04E+01 -7.04E+01 6.312E-11 3.255E-12
     3     1 2.809E-01 2.634E-02     1 -5.03E+00 -5.00E+00 4.197E-08 2.156E-09
     4     1 7.789E-04 7.983E-05   442 -3.81E+01 -3.81E+01 1.152E-11 5.888E-13
                        (NSTEP:   596  DELTAT:   1.7588E+01  TIME:   3.6292E+03)
     1     1 3.097E+00 1.861E-01   882 -8.27E+01 -8.29E+01 5.933E-08 2.156E-09
     2     1 5.007E-03 2.753E-04   879 -7.02E+01 -7.02E+01 6.892E-11 3.554E-12
     3     1 3.081E-01 2.888E-02     1 -5.03E+00 -5.00E+00 4.184E-08 2.150E-09
     4     1 9.356E-04 9.584E-05   442 -3.80E+01 -3.80E+01 1.263E-11 6.455E-13
                        (NSTEP:   597  DELTAT:   1.9347E+01  TIME:   3.6486E+03)
     1     1 3.383E+00 2.035E-01   882 -8.25E+01 -8.27E+01 5.915E-08 2.150E-09
     2     1 5.982E-03 3.295E-04   865 -7.00E+01 -7.00E+01 7.519E-11 3.877E-12
     3     1 3.378E-01 3.165E-02     1 -5.03E+00 -5.00E+00 4.171E-08 2.143E-09
     4     1 1.123E-03 1.150E-04   442 -3.79E+01 -3.79E+01 1.385E-11 7.075E-13
     5     1 3.378E-01 3.165E-02     1 -5.03E+00 -5.00E+00 4.171E-08 2.143E-09
     6     1 1.123E-03 1.150E-04   442 -3.79E+01 -3.79E+01 1.385E-11 7.075E-13
     7     1 3.378E-01 3.165E-02     1 -5.03E+00 -5.00E+00 4.171E-08 2.143E-09
     8     1 1.123E-03 1.150E-04   442 -3.79E+01 -3.79E+01 1.385E-11 7.075E-13
     9     1 3.378E-01 3.165E-02     1 -5.03E+00 -5.00E+00 4.171E-08 2.143E-09
    10     1 1.123E-03 1.150E-04   442 -3.79E+01 -3.79E+01 1.385E-11 7.075E-13
                        (NSTEP:   597  DELTAT:   9.6734E+00  TIME:   3.6389E+03)
     1     1 1.694E+00 1.019E-01   882 -8.26E+01 -8.27E+01 5.915E-08 2.150E-09
     2     1 1.505E-03 8.281E-05   876 -7.01E+01 -7.01E+01 3.769E-11 1.943E-12
                        (NSTEP:   598  DELTAT:   1.0641E+01  TIME:   3.6495E+03)
     1     1 1.857E+00 1.118E-01   882 -8.25E+01 -8.26E+01 5.906E-08 2.146E-09
     2     1 1.808E-03 9.960E-05   879 -7.00E+01 -7.00E+01 4.127E-11 2.128E-12
                        (NSTEP:   599  DELTAT:   1.1705E+01  TIME:   3.6612E+03)
     1     1 2.034E+00 1.225E-01   882 -8.23E+01 -8.25E+01 5.895E-08 2.142E-09
     2     1 2.171E-03 1.197E-04   879 -6.99E+01 -6.99E+01 4.517E-11 2.329E-12
     3     1 2.039E-01 1.911E-02     1 -5.02E+00 -5.00E+00 4.162E-08 2.138E-09
     4     1 4.097E-04 4.193E-05   442 -3.78E+01 -3.78E+01 8.360E-12 4.272E-13
                        (NSTEP:   600  DELTAT:   1.2875E+01  TIME:   3.6741E+03)
     1     1 2.226E+00 1.342E-01   882 -8.22E+01 -8.23E+01 5.883E-08 2.138E-09
     2     1 2.606E-03 1.438E-04   879 -6.98E+01 -6.98E+01 4.942E-11 2.548E-12
     3     1 2.238E-01 2.097E-02     1 -5.02E+00 -5.00E+00 4.153E-08 2.133E-09
     4     1 4.931E-04 5.045E-05   442 -3.77E+01 -3.77E+01 9.176E-12 4.688E-13
                        (NSTEP:   601  DELTAT:   1.4163E+01  TIME:   3.6883E+03)
     1     1 2.436E+00 1.470E-01   882 -8.21E+01 -8.22E+01 5.871E-08 2.133E-09
     2     1 3.124E-03 1.726E-04   865 -6.97E+01 -6.97E+01 5.404E-11 2.787E-12
     3     1 2.456E-01 2.300E-02     1 -5.02E+00 -5.00E+00 4.143E-08 2.128E-09
     4     1 5.932E-04 6.067E-05   442 -3.77E+01 -3.77E+01 1.007E-11 5.143E-13
                        (NSTEP:   602  DELTAT:   1.5579E+01  TIME:   3.7038E+03)
     1     1 2.665E+00 1.610E-01   882 -8.19E+01 -8.21E+01 5.857E-08 2.128E-09
     2     1 3.742E-03 2.071E-04   872 -6.95E+01 -6.95E+01 5.905E-11 3.045E-12
     3     1 2.695E-01 2.523E-02     1 -5.03E+00 -5.00E+00 4.132E-08 2.123E-09
     4     1 7.133E-04 7.291E-05   442 -3.76E+01 -3.76E+01 1.105E-11 5.642E-13
                        (NSTEP:   603  DELTAT:   1.7137E+01  TIME:   3.7210E+03)
     1     1 2.913E+00 1.762E-01   882 -8.17E+01 -8.19E+01 5.841E-08 2.123E-09
     2     1 4.478E-03 2.482E-04   874 -6.93E+01 -6.93E+01 6.449E-11 3.326E-12
     3     1 2.955E-01 2.766E-02     1 -5.03E+00 -5.00E+00 4.120E-08 2.117E-09
     4     1 8.571E-04 8.757E-05   442 -3.75E+01 -3.75E+01 1.212E-11 6.186E-13
                        (NSTEP:   604  DELTAT:   1.8851E+01  TIME:   3.7398E+03)
     1     1 3.183E+00 1.928E-01   882 -8.15E+01 -8.17E+01 5.824E-08 2.117E-09
     2     1 5.354E-03 2.972E-04   879 -6.92E+01 -6.92E+01 7.038E-11 3.630E-12
     3     1 3.240E-01 3.032E-02     1 -5.03E+00 -5.00E+00 4.107E-08 2.110E-09
     4     1 1.029E-03 1.051E-04   442 -3.73E+01 -3.73E+01 1.329E-11 6.782E-13
     5     1 3.240E-01 3.032E-02     1 -5.03E+00 -5.00E+00 4.107E-08 2.110E-09
     6     1 1.029E-03 1.051E-04   442 -3.73E+01 -3.73E+01 1.329E-11 6.782E-13
     7     1 3.240E-01 3.032E-02     1 -5.03E+00 -5.00E+00 4.107E-08 2.110E-09
     8     1 1.029E-03 1.051E-04   442 -3.73E+01 -3.73E+01 1.329E-11 6.782E-13
     9     1 3.240E-01 3.032E-02     1 -5.03E+00 -5.00E+00 4.107E-08 2.110E-09
    10     1 1.029E-03 1.051E-04   442 -3.73E+01 -3.73E+01 1.329E-11 6.782E-13
                        (NSTEP:   604  DELTAT:   9.4254E+00  TIME:   3.7304E+03)
     1     1 1.594E+00 9.652E-02   882 -8.16E+01 -8.17E+01 5.824E-08 2.117E-09
     2     1 1.346E-03 7.468E-05   879 -6.92E+01 -6.92E+01 3.528E-11 1.819E-12
                        (NSTEP:   605  DELTAT:   1.0368E+01  TIME:   3.7408E+03)
     1     1 1.747E+00 1.058E-01   882 -8.15E+01 -8.16E+01 5.815E-08 2.113E-09
     2     1 1.618E-03 8.984E-05   865 -6.92E+01 -6.92E+01 3.864E-11 1.992E-12
                        (NSTEP:   606  DELTAT:   1.1405E+01  TIME:   3.7522E+03)
     1     1 1.914E+00 1.160E-01   882 -8.14E+01 -8.15E+01 5.805E-08 2.110E-09
     2     1 1.944E-03 1.080E-04   877 -6.90E+01 -6.90E+01 4.230E-11 2.181E-12
     3     1 1.957E-01 1.831E-02     1 -5.02E+00 -5.00E+00 4.099E-08 2.106E-09
     4     1 3.755E-04 3.834E-05   442 -3.73E+01 -3.73E+01 8.022E-12 4.095E-13
                        (NSTEP:   607  DELTAT:   1.2545E+01  TIME:   3.7647E+03)
     1     1 2.096E+00 1.272E-01   882 -8.13E+01 -8.14E+01 5.794E-08 2.106E-09
     2     1 2.334E-03 1.298E-04   869 -6.89E+01 -6.89E+01 4.629E-11 2.387E-12
     3     1 2.148E-01 2.009E-02     1 -5.02E+00 -5.00E+00 4.090E-08 2.101E-09
     4     1 4.521E-04 4.614E-05   442 -3.72E+01 -3.72E+01 8.806E-12 4.494E-13
                        (NSTEP:   608  DELTAT:   1.3800E+01  TIME:   3.7785E+03)
     1     1 2.294E+00 1.393E-01   882 -8.11E+01 -8.13E+01 5.782E-08 2.101E-09
     2     1 2.799E-03 1.559E-04   879 -6.88E+01 -6.88E+01 5.062E-11 2.611E-12
     3     1 2.357E-01 2.204E-02     1 -5.02E+00 -5.00E+00 4.081E-08 2.097E-09
     4     1 5.440E-04 5.550E-05   442 -3.71E+01 -3.71E+01 9.664E-12 4.931E-13
                        (NSTEP:   609  DELTAT:   1.5180E+01  TIME:   3.7937E+03)
     1     1 2.510E+00 1.526E-01   882 -8.10E+01 -8.11E+01 5.769E-08 2.097E-09
     2     1 3.354E-03 1.870E-04   879 -6.87E+01 -6.87E+01 5.534E-11 2.854E-12
     3     1 2.586E-01 2.418E-02     1 -5.02E+00 -5.00E+00 4.071E-08 2.091E-09
     4     1 6.543E-04 6.672E-05   442 -3.70E+01 -3.70E+01 1.060E-11 5.410E-13
                        (NSTEP:   610  DELTAT:   1.6698E+01  TIME:   3.8104E+03)
     1     1 2.745E+00 1.671E-01   882 -8.08E+01 -8.10E+01 5.754E-08 2.091E-09
     2     1 4.016E-03 2.242E-04   879 -6.85E+01 -6.85E+01 6.045E-11 3.118E-12
     3     1 2.837E-01 2.652E-02     1 -5.03E+00 -5.00E+00 4.060E-08 2.086E-09
     4     1 7.864E-04 8.016E-05   442 -3.69E+01 -3.69E+01 1.163E-11 5.933E-13
                        (NSTEP:   611  DELTAT:   1.8367E+01  TIME:   3.8288E+03)
     1     1 3.000E+00 1.828E-01   882 -8.06E+01 -8.08E+01 5.739E-08 2.086E-09
     2     1 4.804E-03 2.686E-04   879 -6.83E+01 -6.83E+01 6.600E-11 3.404E-12
     3     1 3.111E-01 2.907E-02     1 -5.03E+00 -5.00E+00 4.047E-08 2.079E-09
     4     1 9.447E-04 9.624E-05   442 -3.68E+01 -3.68E+01 1.276E-11 6.505E-13
                        (NSTEP:   612  DELTAT:   2.0204E+01  TIME:   3.8490E+03)
     1     1 3.277E+00 1.999E-01   882 -8.04E+01 -8.06E+01 5.721E-08 2.079E-09
     2     1 5.739E-03 3.214E-04   879 -6.81E+01 -6.81E+01 7.200E-11 3.713E-12
     3     1 3.411E-01 3.186E-02     1 -5.03E+00 -5.00E+00 4.034E-08 2.073E-09
     4     1 1.134E-03 1.155E-04   442 -3.67E+01 -3.67E+01 1.398E-11 7.130E-13
     5     1 3.411E-01 3.186E-02     1 -5.03E+00 -5.00E+00 4.034E-08 2.073E-09
     6     1 1.134E-03 1.155E-04   442 -3.67E+01 -3.67E+01 1.398E-11 7.130E-13
     7     1 3.411E-01 3.186E-02     1 -5.03E+00 -5.00E+00 4.034E-08 2.073E-09
     8     1 1.134E-03 1.155E-04   442 -3.67E+01 -3.67E+01 1.398E-11 7.130E-13
     9     1 3.411E-01 3.186E-02     1 -5.03E+00 -5.00E+00 4.034E-08 2.073E-09
    10     1 1.134E-03 1.155E-04   442 -3.67E+01 -3.67E+01 1.398E-11 7.130E-13
                        (NSTEP:   612  DELTAT:   1.0102E+01  TIME:   3.8389E+03)
     1     1 1.641E+00 1.001E-01   882 -8.05E+01 -8.06E+01 5.721E-08 2.079E-09
     2     1 1.444E-03 8.080E-05   876 -6.82E+01 -6.82E+01 3.609E-11 1.861E-12
                        (NSTEP:   613  DELTAT:   1.1112E+01  TIME:   3.8500E+03)
     1     1 1.798E+00 1.098E-01   882 -8.04E+01 -8.05E+01 5.712E-08 2.076E-09
     2     1 1.735E-03 9.717E-05   879 -6.81E+01 -6.81E+01 3.952E-11 2.038E-12
                        (NSTEP:   614  DELTAT:   1.2224E+01  TIME:   3.8622E+03)
     1     1 1.970E+00 1.203E-01   882 -8.03E+01 -8.04E+01 5.702E-08 2.072E-09
     2     1 2.083E-03 1.168E-04   878 -6.80E+01 -6.80E+01 4.325E-11 2.231E-12
     3     1 2.059E-01 1.924E-02     1 -5.02E+00 -5.00E+00 4.025E-08 2.068E-09
     4     1 4.137E-04 4.212E-05   442 -3.66E+01 -3.66E+01 8.443E-12 4.305E-13
                        (NSTEP:   615  DELTAT:   1.3446E+01  TIME:   3.8757E+03)
     1     1 2.157E+00 1.318E-01   882 -8.02E+01 -8.03E+01 5.690E-08 2.068E-09
     2     1 2.499E-03 1.403E-04   876 -6.79E+01 -6.79E+01 4.732E-11 2.440E-12
     3     1 2.260E-01 2.111E-02     1 -5.02E+00 -5.00E+00 4.017E-08 2.064E-09
     4     1 4.979E-04 5.067E-05   442 -3.66E+01 -3.66E+01 9.267E-12 4.724E-13
                        (NSTEP:   616  DELTAT:   1.4790E+01  TIME:   3.8904E+03)
     1     1 2.360E+00 1.444E-01   882 -8.00E+01 -8.02E+01 5.678E-08 2.064E-09
     2     1 2.997E-03 1.684E-04   878 -6.78E+01 -6.78E+01 5.174E-11 2.668E-12
     3     1 2.480E-01 2.316E-02     1 -5.02E+00 -5.00E+00 4.007E-08 2.059E-09
     4     1 5.990E-04 6.094E-05   442 -3.65E+01 -3.65E+01 1.017E-11 5.183E-13
                        (NSTEP:   617  DELTAT:   1.6270E+01  TIME:   3.9067E+03)
     1     1 2.582E+00 1.581E-01   882 -7.99E+01 -8.00E+01 5.664E-08 2.059E-09
     2     1 3.590E-03 2.020E-04   882 -7.99E+01 -7.99E+01 5.654E-11 2.916E-12
     3     1 2.721E-01 2.540E-02     1 -5.03E+00 -5.00E+00 3.997E-08 2.053E-09
     4     1 7.202E-04 7.323E-05   442 -3.64E+01 -3.64E+01 1.116E-11 5.685E-13
                        (NSTEP:   618  DELTAT:   1.7896E+01  TIME:   3.9246E+03)
     1     1 2.822E+00 1.730E-01   882 -7.97E+01 -7.99E+01 5.650E-08 2.053E-09
     2     1 4.296E-03 2.424E-04   882 -7.97E+01 -7.97E+01 6.174E-11 3.185E-12
     3     1 2.984E-01 2.785E-02     1 -5.03E+00 -5.00E+00 3.985E-08 2.047E-09
     4     1 8.655E-04 8.796E-05   442 -3.63E+01 -3.63E+01 1.224E-11 6.234E-13
                        (NSTEP:   619  DELTAT:   1.9686E+01  TIME:   3.9443E+03)
     1     1 3.083E+00 1.893E-01   882 -7.95E+01 -7.97E+01 5.633E-08 2.047E-09
     2     1 5.135E-03 2.905E-04   882 -7.95E+01 -7.95E+01 6.738E-11 3.475E-12
     3     1 3.272E-01 3.052E-02     1 -5.03E+00 -5.00E+00 3.973E-08 2.041E-09
     4     1 1.039E-03 1.056E-04   442 -3.62E+01 -3.62E+01 1.342E-11 6.834E-13
     5     1 3.272E-01 3.052E-02     1 -5.03E+00 -5.00E+00 3.973E-08 2.041E-09
     6     1 1.039E-03 1.056E-04   442 -3.62E+01 -3.62E+01 1.342E-11 6.834E-13
     7     1 3.272E-01 3.052E-02     1 -5.03E+00 -5.00E+00 3.973E-08 2.041E-09
     8     1 1.039E-03 1.056E-04   442 -3.62E+01 -3.62E+01 1.342E-11 6.834E-13
     9     1 3.272E-01 3.052E-02     1 -5.03E+00 -5.00E+00 3.973E-08 2.041E-09
    10     1 1.039E-03 1.056E-04   442 -3.62E+01 -3.62E+01 1.342E-11 6.834E-13
                        (NSTEP:   619  DELTAT:   9.8431E+00  TIME:   3.9345E+03)
     1     1 1.544E+00 9.477E-02   882 -7.96E+01 -7.97E+01 5.633E-08 2.047E-09
     2     1 1.291E-03 7.297E-05   882 -7.96E+01 -7.96E+01 3.377E-11 1.742E-12
                        (NSTEP:   620  DELTAT:   1.0827E+01  TIME:   3.9453E+03)
     1     1 1.693E+00 1.039E-01   882 -7.95E+01 -7.96E+01 5.624E-08 2.044E-09
     2     1 1.552E-03 8.784E-05   882 -7.95E+01 -7.95E+01 3.699E-11 1.908E-12
                        (NSTEP:   621  DELTAT:   1.1910E+01  TIME:   3.9572E+03)
     1     1 1.854E+00 1.139E-01   882 -7.94E+01 -7.95E+01 5.615E-08 2.041E-09
     2     1 1.865E-03 1.057E-04   882 -7.94E+01 -7.94E+01 4.049E-11 2.088E-12
     3     1 1.976E-01 1.843E-02     1 -5.02E+00 -5.00E+00 3.965E-08 2.037E-09
     4     1 3.792E-04 3.851E-05   442 -3.61E+01 -3.61E+01 8.102E-12 4.127E-13
                        (NSTEP:   622  DELTAT:   1.3101E+01  TIME:   3.9703E+03)
     1     1 2.031E+00 1.249E-01   882 -7.93E+01 -7.94E+01 5.604E-08 2.037E-09
     2     1 2.238E-03 1.271E-04   882 -7.93E+01 -7.93E+01 4.431E-11 2.285E-12
     3     1 2.169E-01 2.023E-02     1 -5.02E+00 -5.00E+00 3.956E-08 2.033E-09
     4     1 4.565E-04 4.635E-05   442 -3.60E+01 -3.60E+01 8.893E-12 4.529E-13
                        (NSTEP:   623  DELTAT:   1.4411E+01  TIME:   3.9847E+03)
     1     1 2.223E+00 1.368E-01   882 -7.91E+01 -7.93E+01 5.592E-08 2.033E-09
     2     1 2.684E-03 1.527E-04   882 -7.91E+01 -7.91E+01 4.846E-11 2.499E-12
     3     1 2.380E-01 2.219E-02     1 -5.02E+00 -5.00E+00 3.947E-08 2.028E-09
     4     1 5.493E-04 5.575E-05   442 -3.60E+01 -3.60E+01 9.760E-12 4.969E-13
                        (NSTEP:   624  DELTAT:   1.5852E+01  TIME:   4.0006E+03)
     1     1 2.432E+00 1.498E-01   882 -7.90E+01 -7.91E+01 5.580E-08 2.028E-09
     2     1 3.217E-03 1.834E-04   882 -7.90E+01 -7.90E+01 5.297E-11 2.732E-12
     3     1 2.611E-01 2.434E-02     1 -5.02E+00 -5.00E+00 3.937E-08 2.023E-09
     4     1 6.607E-04 6.703E-05   442 -3.59E+01 -3.59E+01 1.071E-11 5.452E-13
                        (NSTEP:   625  DELTAT:   1.7438E+01  TIME:   4.0180E+03)
     1     1 2.659E+00 1.640E-01   882 -7.88E+01 -7.90E+01 5.566E-08 2.023E-09
     2     1 3.851E-03 2.201E-04   882 -7.88E+01 -7.88E+01 5.786E-11 2.985E-12
     3     1 2.864E-01 2.669E-02     1 -5.03E+00 -5.00E+00 3.927E-08 2.017E-09
     4     1 7.942E-04 8.053E-05   442 -3.58E+01 -3.58E+01 1.175E-11 5.979E-13
                        (NSTEP:   626  DELTAT:   1.9181E+01  TIME:   4.0372E+03)
     1     1 2.906E+00 1.795E-01   882 -7.86E+01 -7.88E+01 5.550E-08 2.017E-09
     2     1 4.607E-03 2.639E-04   882 -7.86E+01 -7.86E+01 6.317E-11 3.258E-12
     3     1 3.141E-01 2.926E-02     1 -5.03E+00 -5.00E+00 3.915E-08 2.011E-09
     4     1 9.540E-04 9.669E-05   442 -3.57E+01 -3.57E+01 1.288E-11 6.555E-13
                        (NSTEP:   627  DELTAT:   2.1099E+01  TIME:   4.0583E+03)
     1     1 3.174E+00 1.962E-01   882 -7.84E+01 -7.86E+01 5.534E-08 2.011E-09
     2     1 5.504E-03 3.162E-04   882 -7.84E+01 -7.84E+01 6.891E-11 3.554E-12
     3     1 3.444E-01 3.207E-02     1 -5.03E+00 -5.00E+00 3.902E-08 2.005E-09
     4     1 1.145E-03 1.160E-04   442 -3.56E+01 -3.56E+01 1.412E-11 7.185E-13
     5     1 3.444E-01 3.207E-02     1 -5.03E+00 -5.00E+00 3.902E-08 2.005E-09
     6     1 1.145E-03 1.160E-04   442 -3.56E+01 -3.56E+01 1.412E-11 7.185E-13
     7     1 3.444E-01 3.207E-02     1 -5.03E+00 -5.00E+00 3.902E-08 2.005E-09
     8     1 1.145E-03 1.160E-04   442 -3.56E+01 -3.56E+01 1.412E-11 7.185E-13
     9     1 3.444E-01 3.207E-02     1 -5.03E+00 -5.00E+00 3.902E-08 2.005E-09
    10     1 1.145E-03 1.160E-04   442 -3.56E+01 -3.56E+01 1.412E-11 7.185E-13
                        (NSTEP:   627  DELTAT:   1.0550E+01  TIME:   4.0477E+03)
     1     1 1.590E+00 9.826E-02   882 -7.85E+01 -7.86E+01 5.534E-08 2.011E-09
     2     1 1.384E-03 7.943E-05   882 -7.85E+01 -7.85E+01 3.454E-11 1.782E-12
                        (NSTEP:   628  DELTAT:   1.1605E+01  TIME:   4.0593E+03)
     1     1 1.742E+00 1.077E-01   882 -7.84E+01 -7.85E+01 5.525E-08 2.008E-09
     2     1 1.664E-03 9.559E-05   882 -7.84E+01 -7.84E+01 3.782E-11 1.951E-12
                        (NSTEP:   629  DELTAT:   1.2765E+01  TIME:   4.0721E+03)
     1     1 1.908E+00 1.181E-01   882 -7.83E+01 -7.84E+01 5.515E-08 2.004E-09
     2     1 1.998E-03 1.150E-04   882 -7.83E+01 -7.83E+01 4.140E-11 2.135E-12
     3     1 2.079E-01 1.937E-02     1 -5.02E+00 -5.00E+00 3.894E-08 2.000E-09
     4     1 4.177E-04 4.231E-05   442 -3.55E+01 -3.55E+01 8.527E-12 4.338E-13
                        (NSTEP:   630  DELTAT:   1.4042E+01  TIME:   4.0861E+03)
     1     1 2.089E+00 1.294E-01   882 -7.82E+01 -7.83E+01 5.504E-08 2.000E-09
     2     1 2.397E-03 1.382E-04   882 -7.82E+01 -7.82E+01 4.529E-11 2.336E-12
     3     1 2.282E-01 2.125E-02     1 -5.02E+00 -5.00E+00 3.885E-08 1.996E-09
     4     1 5.028E-04 5.091E-05   442 -3.54E+01 -3.54E+01 9.359E-12 4.761E-13
                        (NSTEP:   631  DELTAT:   1.5446E+01  TIME:   4.1016E+03)
     1     1 2.286E+00 1.417E-01   882 -7.80E+01 -7.82E+01 5.492E-08 1.996E-09
     2     1 2.873E-03 1.660E-04   882 -7.80E+01 -7.80E+01 4.951E-11 2.554E-12
     3     1 2.504E-01 2.331E-02     1 -5.02E+00 -5.00E+00 3.876E-08 1.991E-09
     4     1 6.049E-04 6.123E-05   442 -3.53E+01 -3.53E+01 1.027E-11 5.223E-13
                        (NSTEP:   632  DELTAT:   1.6990E+01  TIME:   4.1186E+03)
     1     1 2.501E+00 1.552E-01   882 -7.79E+01 -7.80E+01 5.478E-08 1.991E-09
     2     1 3.442E-03 1.993E-04   882 -7.79E+01 -7.79E+01 5.410E-11 2.791E-12
     3     1 2.747E-01 2.557E-02     1 -5.03E+00 -5.00E+00 3.866E-08 1.986E-09
     4     1 7.273E-04 7.359E-05   442 -3.53E+01 -3.53E+01 1.127E-11 5.729E-13
                        (NSTEP:   633  DELTAT:   1.8689E+01  TIME:   4.1373E+03)
     1     1 2.734E+00 1.698E-01   882 -7.77E+01 -7.79E+01 5.464E-08 1.986E-09
     2     1 4.119E-03 2.391E-04   882 -7.77E+01 -7.77E+01 5.908E-11 3.048E-12
     3     1 3.013E-01 2.803E-02     1 -5.03E+00 -5.00E+00 3.855E-08 1.980E-09
     4     1 8.740E-04 8.838E-05   442 -3.52E+01 -3.52E+01 1.236E-11 6.283E-13
                        (NSTEP:   634  DELTAT:   2.0558E+01  TIME:   4.1578E+03)
     1     1 2.987E+00 1.858E-01   882 -7.75E+01 -7.77E+01 5.448E-08 1.980E-09
     2     1 4.923E-03 2.866E-04   882 -7.75E+01 -7.75E+01 6.447E-11 3.326E-12
     3     1 3.304E-01 3.073E-02     1 -5.03E+00 -5.00E+00 3.843E-08 1.974E-09
     4     1 1.050E-03 1.061E-04   442 -3.51E+01 -3.51E+01 1.355E-11 6.887E-13
     5     1 3.304E-01 3.073E-02     1 -5.03E+00 -5.00E+00 3.843E-08 1.974E-09
     6     1 1.050E-03 1.061E-04   442 -3.51E+01 -3.51E+01 1.355E-11 6.887E-13
     7     1 3.304E-01 3.073E-02     1 -5.03E+00 -5.00E+00 3.843E-08 1.974E-09
     8     1 1.050E-03 1.061E-04   442 -3.51E+01 -3.51E+01 1.355E-11 6.887E-13
     9     1 3.304E-01 3.073E-02     1 -5.03E+00 -5.00E+00 3.843E-08 1.974E-09
    10     1 1.050E-03 1.061E-04   442 -3.51E+01 -3.51E+01 1.355E-11 6.887E-13
                        (NSTEP:   634  DELTAT:   1.0279E+01  TIME:   4.1475E+03)
     1     1 1.496E+00 9.301E-02   882 -7.76E+01 -7.77E+01 5.448E-08 1.980E-09
     2     1 1.238E-03 7.198E-05   882 -7.76E+01 -7.76E+01 3.232E-11 1.667E-12
                        (NSTEP:   635  DELTAT:   1.1307E+01  TIME:   4.1588E+03)
     1     1 1.640E+00 1.020E-01   882 -7.75E+01 -7.76E+01 5.440E-08 1.977E-09
     2     1 1.488E-03 8.664E-05   882 -7.75E+01 -7.75E+01 3.539E-11 1.826E-12
                        (NSTEP:   636  DELTAT:   1.2438E+01  TIME:   4.1713E+03)
     1     1 1.796E+00 1.118E-01   882 -7.74E+01 -7.75E+01 5.430E-08 1.974E-09
     2     1 1.788E-03 1.042E-04   882 -7.74E+01 -7.74E+01 3.874E-11 1.999E-12
     3     1 1.995E-01 1.856E-02     1 -5.02E+00 -5.00E+00 3.835E-08 1.970E-09
     4     1 3.829E-04 3.870E-05   442 -3.50E+01 -3.50E+01 8.182E-12 4.159E-13
                        (NSTEP:   637  DELTAT:   1.3682E+01  TIME:   4.1850E+03)
     1     1 1.967E+00 1.225E-01   882 -7.73E+01 -7.74E+01 5.420E-08 1.970E-09
     2     1 2.146E-03 1.253E-04   882 -7.73E+01 -7.73E+01 4.239E-11 2.187E-12
     3     1 2.190E-01 2.036E-02     1 -5.02E+00 -5.00E+00 3.827E-08 1.966E-09
     4     1 4.610E-04 4.658E-05   442 -3.49E+01 -3.49E+01 8.981E-12 4.564E-13
                        (NSTEP:   638  DELTAT:   1.5050E+01  TIME:   4.2000E+03)
     1     1 2.153E+00 1.343E-01   882 -7.72E+01 -7.73E+01 5.409E-08 1.966E-09
     2     1 2.574E-03 1.506E-04   882 -7.72E+01 -7.72E+01 4.636E-11 2.392E-12
     3     1 2.403E-01 2.234E-02     1 -5.02E+00 -5.00E+00 3.818E-08 1.961E-09
     4     1 5.548E-04 5.603E-05   442 -3.48E+01 -3.48E+01 9.857E-12 5.008E-13
                        (NSTEP:   639  DELTAT:   1.6555E+01  TIME:   4.2166E+03)
     1     1 2.356E+00 1.470E-01   882 -7.70E+01 -7.72E+01 5.396E-08 1.961E-09
     2     1 3.084E-03 1.808E-04   882 -7.70E+01 -7.70E+01 5.068E-11 2.614E-12
     3     1 2.637E-01 2.451E-02     1 -5.02E+00 -5.00E+00 3.808E-08 1.956E-09
     4     1 6.672E-04 6.736E-05   442 -3.48E+01 -3.48E+01 1.081E-11 5.494E-13
                        (NSTEP:   640  DELTAT:   1.8210E+01  TIME:   4.2348E+03)
     1     1 2.576E+00 1.609E-01   882 -7.68E+01 -7.70E+01 5.383E-08 1.956E-09
     2     1 3.692E-03 2.170E-04   882 -7.68E+01 -7.68E+01 5.536E-11 2.856E-12
     3     1 2.892E-01 2.688E-02     1 -5.03E+00 -5.00E+00 3.798E-08 1.951E-09
     4     1 8.021E-04 8.094E-05   442 -3.47E+01 -3.47E+01 1.186E-11 6.026E-13
                        (NSTEP:   641  DELTAT:   2.0031E+01  TIME:   4.2548E+03)
     1     1 2.816E+00 1.761E-01   882 -7.67E+01 -7.68E+01 5.368E-08 1.951E-09
     2     1 4.416E-03 2.602E-04   882 -7.67E+01 -7.67E+01 6.043E-11 3.117E-12
     3     1 3.172E-01 2.946E-02     1 -5.03E+00 -5.00E+00 3.787E-08 1.945E-09
     4     1 9.635E-04 9.718E-05   442 -3.46E+01 -3.46E+01 1.301E-11 6.607E-13
                        (NSTEP:   642  DELTAT:   2.2034E+01  TIME:   4.2768E+03)
     1     1 3.075E+00 1.925E-01   882 -7.65E+01 -7.67E+01 5.352E-08 1.945E-09
     2     1 5.276E-03 3.117E-04   882 -7.65E+01 -7.65E+01 6.592E-11 3.400E-12
     3     1 3.477E-01 3.229E-02     1 -5.03E+00 -5.00E+00 3.774E-08 1.939E-09
     4     1 1.157E-03 1.166E-04   442 -3.45E+01 -3.45E+01 1.426E-11 7.241E-13
     5     1 3.477E-01 3.229E-02     1 -5.03E+00 -5.00E+00 3.774E-08 1.939E-09
     6     1 1.157E-03 1.166E-04   442 -3.45E+01 -3.45E+01 1.426E-11 7.241E-13
     7     1 3.477E-01 3.229E-02     1 -5.03E+00 -5.00E+00 3.774E-08 1.939E-09
     8     1 1.157E-03 1.166E-04   442 -3.45E+01 -3.45E+01 1.426E-11 7.241E-13
     9     1 3.477E-01 3.229E-02     1 -5.03E+00 -5.00E+00 3.774E-08 1.939E-09
    10     1 1.157E-03 1.166E-04   442 -3.45E+01 -3.45E+01 1.426E-11 7.241E-13
                        (NSTEP:   642  DELTAT:   1.1017E+01  TIME:   4.2658E+03)
     1     1 1.540E+00 9.641E-02   882 -7.66E+01 -7.67E+01 5.352E-08 1.945E-09
     2     1 1.327E-03 7.831E-05   882 -7.66E+01 -7.66E+01 3.304E-11 1.705E-12
                        (NSTEP:   643  DELTAT:   1.2119E+01  TIME:   4.2780E+03)
     1     1 1.688E+00 1.057E-01   882 -7.65E+01 -7.66E+01 5.343E-08 1.942E-09
     2     1 1.595E-03 9.423E-05   882 -7.65E+01 -7.65E+01 3.618E-11 1.866E-12
                        (NSTEP:   644  DELTAT:   1.3331E+01  TIME:   4.2913E+03)
     1     1 1.849E+00 1.159E-01   882 -7.64E+01 -7.65E+01 5.334E-08 1.939E-09
     2     1 1.915E-03 1.133E-04   882 -7.64E+01 -7.64E+01 3.960E-11 2.043E-12
     3     1 2.100E-01 1.950E-02     1 -5.02E+00 -5.00E+00 3.766E-08 1.935E-09
     4     1 4.219E-04 4.253E-05   442 -3.44E+01 -3.44E+01 8.612E-12 4.372E-13
                        (NSTEP:   645  DELTAT:   1.4664E+01  TIME:   4.3059E+03)
     1     1 2.024E+00 1.270E-01   882 -7.62E+01 -7.64E+01 5.323E-08 1.935E-09
     2     1 2.297E-03 1.362E-04   882 -7.62E+01 -7.62E+01 4.332E-11 2.234E-12
     3     1 2.304E-01 2.139E-02     1 -5.02E+00 -5.00E+00 3.758E-08 1.930E-09
     4     1 5.078E-04 5.118E-05   442 -3.43E+01 -3.43E+01 9.452E-12 4.798E-13
                        (NSTEP:   646  DELTAT:   1.6130E+01  TIME:   4.3221E+03)
     1     1 2.215E+00 1.391E-01   882 -7.61E+01 -7.62E+01 5.311E-08 1.930E-09
     2     1 2.754E-03 1.636E-04   882 -7.61E+01 -7.61E+01 4.736E-11 2.443E-12
     3     1 2.529E-01 2.347E-02     1 -5.02E+00 -5.00E+00 3.749E-08 1.926E-09
     4     1 6.110E-04 6.154E-05   442 -3.43E+01 -3.43E+01 1.037E-11 5.264E-13
                        (NSTEP:   647  DELTAT:   1.7743E+01  TIME:   4.3398E+03)
     1     1 2.423E+00 1.522E-01   882 -7.59E+01 -7.61E+01 5.299E-08 1.926E-09
     2     1 3.299E-03 1.964E-04   882 -7.59E+01 -7.59E+01 5.175E-11 2.669E-12
     3     1 2.774E-01 2.574E-02     1 -5.03E+00 -5.00E+00 3.739E-08 1.921E-09
     4     1 7.346E-04 7.397E-05   442 -3.42E+01 -3.42E+01 1.138E-11 5.774E-13
                        (NSTEP:   648  DELTAT:   1.9518E+01  TIME:   4.3593E+03)
     1     1 2.649E+00 1.666E-01   882 -7.58E+01 -7.59E+01 5.285E-08 1.921E-09
     2     1 3.948E-03 2.356E-04   882 -7.58E+01 -7.58E+01 5.651E-11 2.915E-12
     3     1 3.043E-01 2.823E-02     1 -5.03E+00 -5.00E+00 3.728E-08 1.915E-09
     4     1 8.828E-04 8.885E-05   442 -3.41E+01 -3.41E+01 1.248E-11 6.332E-13
                        (NSTEP:   649  DELTAT:   2.1469E+01  TIME:   4.3808E+03)
     1     1 2.894E+00 1.822E-01   882 -7.56E+01 -7.58E+01 5.270E-08 1.915E-09
     2     1 4.719E-03 2.824E-04   882 -7.56E+01 -7.56E+01 6.166E-11 3.181E-12
     3     1 3.336E-01 3.094E-02     1 -5.03E+00 -5.00E+00 3.717E-08 1.909E-09
     4     1 1.060E-03 1.066E-04   442 -3.40E+01 -3.40E+01 1.368E-11 6.941E-13
     5     1 3.336E-01 3.094E-02     1 -5.03E+00 -5.00E+00 3.717E-08 1.909E-09
     6     1 1.060E-03 1.066E-04   442 -3.40E+01 -3.40E+01 1.368E-11 6.941E-13
     7     1 3.336E-01 3.094E-02     1 -5.03E+00 -5.00E+00 3.717E-08 1.909E-09
     8     1 1.060E-03 1.066E-04   442 -3.40E+01 -3.40E+01 1.368E-11 6.941E-13
     9     1 3.336E-01 3.094E-02     1 -5.03E+00 -5.00E+00 3.717E-08 1.909E-09
    10     1 1.060E-03 1.066E-04   442 -3.40E+01 -3.40E+01 1.368E-11 6.941E-13
                        (NSTEP:   649  DELTAT:   1.0735E+01  TIME:   4.3701E+03)
     1     1 1.450E+00 9.124E-02   882 -7.57E+01 -7.58E+01 5.270E-08 1.915E-09
     2     1 1.187E-03 7.092E-05   882 -7.57E+01 -7.57E+01 3.091E-11 1.594E-12
                        (NSTEP:   650  DELTAT:   1.1808E+01  TIME:   4.3819E+03)
     1     1 1.589E+00 1.001E-01   882 -7.56E+01 -7.57E+01 5.261E-08 1.912E-09
     2     1 1.426E-03 8.536E-05   882 -7.56E+01 -7.56E+01 3.385E-11 1.746E-12
                        (NSTEP:   651  DELTAT:   1.2989E+01  TIME:   4.3949E+03)
     1     1 1.740E+00 1.097E-01   882 -7.55E+01 -7.56E+01 5.252E-08 1.909E-09
     2     1 1.713E-03 1.027E-04   882 -7.55E+01 -7.55E+01 3.705E-11 1.911E-12
     3     1 2.014E-01 1.868E-02     1 -5.02E+00 -5.00E+00 3.709E-08 1.905E-09
     4     1 3.868E-04 3.891E-05   442 -3.39E+01 -3.39E+01 8.263E-12 4.191E-13
                        (NSTEP:   652  DELTAT:   1.4288E+01  TIME:   4.4092E+03)
     1     1 1.906E+00 1.202E-01   882 -7.54E+01 -7.55E+01 5.242E-08 1.905E-09
     2     1 2.056E-03 1.235E-04   882 -7.54E+01 -7.54E+01 4.054E-11 2.091E-12
     3     1 2.211E-01 2.050E-02     1 -5.02E+00 -5.00E+00 3.701E-08 1.901E-09
     4     1 4.656E-04 4.683E-05   442 -3.38E+01 -3.38E+01 9.070E-12 4.600E-13
                        (NSTEP:   653  DELTAT:   1.5717E+01  TIME:   4.4249E+03)
     1     1 2.086E+00 1.317E-01   882 -7.52E+01 -7.54E+01 5.231E-08 1.901E-09
     2     1 2.466E-03 1.484E-04   882 -7.52E+01 -7.52E+01 4.433E-11 2.287E-12
     3     1 2.427E-01 2.250E-02     1 -5.02E+00 -5.00E+00 3.693E-08 1.897E-09
     4     1 5.604E-04 5.633E-05   442 -3.38E+01 -3.38E+01 9.954E-12 5.048E-13
                        (NSTEP:   654  DELTAT:   1.7288E+01  TIME:   4.4422E+03)
     1     1 2.283E+00 1.442E-01   882 -7.51E+01 -7.52E+01 5.219E-08 1.897E-09
     2     1 2.955E-03 1.781E-04   882 -7.51E+01 -7.51E+01 4.846E-11 2.500E-12
     3     1 2.663E-01 2.468E-02     1 -5.02E+00 -5.00E+00 3.684E-08 1.892E-09
     4     1 6.740E-04 6.773E-05   442 -3.37E+01 -3.37E+01 1.092E-11 5.537E-13
                        (NSTEP:   655  DELTAT:   1.9017E+01  TIME:   4.4612E+03)
     1     1 2.496E+00 1.578E-01   882 -7.49E+01 -7.51E+01 5.206E-08 1.892E-09
     2     1 3.538E-03 2.137E-04   882 -7.49E+01 -7.49E+01 5.293E-11 2.731E-12
     3     1 2.921E-01 2.706E-02     1 -5.03E+00 -5.00E+00 3.674E-08 1.887E-09
     4     1 8.101E-04 8.137E-05   442 -3.36E+01 -3.36E+01 1.198E-11 6.073E-13
                        (NSTEP:   656  DELTAT:   2.0919E+01  TIME:   4.4821E+03)
     1     1 2.728E+00 1.727E-01   882 -7.47E+01 -7.49E+01 5.192E-08 1.887E-09
     2     1 4.231E-03 2.563E-04   882 -7.47E+01 -7.47E+01 5.777E-11 2.981E-12
     3     1 3.203E-01 2.967E-02     1 -5.03E+00 -5.00E+00 3.662E-08 1.881E-09
     4     1 9.732E-04 9.771E-05   442 -3.35E+01 -3.35E+01 1.314E-11 6.659E-13
                        (NSTEP:   657  DELTAT:   2.3011E+01  TIME:   4.5051E+03)
     1     1 2.980E+00 1.888E-01   882 -7.46E+01 -7.47E+01 5.176E-08 1.881E-09
     2     1 5.055E-03 3.070E-04   882 -7.46E+01 -7.46E+01 6.302E-11 3.251E-12
     3     1 3.511E-01 3.251E-02     1 -5.03E+00 -5.00E+00 3.650E-08 1.875E-09
     4     1 1.168E-03 1.172E-04   442 -3.34E+01 -3.34E+01 1.440E-11 7.298E-13
     5     1 3.511E-01 3.251E-02     1 -5.03E+00 -5.00E+00 3.650E-08 1.875E-09
     6     1 1.168E-03 1.172E-04   442 -3.34E+01 -3.34E+01 1.440E-11 7.298E-13
     7     1 3.511E-01 3.251E-02     1 -5.03E+00 -5.00E+00 3.650E-08 1.875E-09
     8     1 1.168E-03 1.172E-04   442 -3.34E+01 -3.34E+01 1.440E-11 7.298E-13
     9     1 3.511E-01 3.251E-02     1 -5.03E+00 -5.00E+00 3.650E-08 1.875E-09
    10     1 1.168E-03 1.172E-04   442 -3.34E+01 -3.34E+01 1.440E-11 7.298E-13
                        (NSTEP:   657  DELTAT:   1.1505E+01  TIME:   4.4936E+03)
     1     1 1.493E+00 9.455E-02   882 -7.47E+01 -7.47E+01 5.176E-08 1.881E-09
     2     1 1.272E-03 7.712E-05   882 -7.47E+01 -7.47E+01 3.159E-11 1.630E-12
                        (NSTEP:   658  DELTAT:   1.2656E+01  TIME:   4.5063E+03)
     1     1 1.635E+00 1.037E-01   882 -7.45E+01 -7.47E+01 5.168E-08 1.878E-09
     2     1 1.528E-03 9.280E-05   882 -7.45E+01 -7.45E+01 3.459E-11 1.784E-12
                        (NSTEP:   659  DELTAT:   1.3922E+01  TIME:   4.5202E+03)
     1     1 1.791E+00 1.136E-01   882 -7.44E+01 -7.45E+01 5.158E-08 1.875E-09
     2     1 1.835E-03 1.116E-04   882 -7.44E+01 -7.44E+01 3.785E-11 1.953E-12
     3     1 2.120E-01 1.963E-02     1 -5.02E+00 -5.00E+00 3.643E-08 1.871E-09
     4     1 4.262E-04 4.277E-05   442 -3.33E+01 -3.33E+01 8.697E-12 4.407E-13
                        (NSTEP:   660  DELTAT:   1.5314E+01  TIME:   4.5355E+03)
     1     1 1.961E+00 1.245E-01   882 -7.43E+01 -7.44E+01 5.148E-08 1.871E-09
     2     1 2.201E-03 1.341E-04   882 -7.43E+01 -7.43E+01 4.141E-11 2.136E-12
     3     1 2.327E-01 2.154E-02     1 -5.02E+00 -5.00E+00 3.635E-08 1.867E-09
     4     1 5.130E-04 5.146E-05   442 -3.33E+01 -3.33E+01 9.546E-12 4.836E-13
                        (NSTEP:   661  DELTAT:   1.6845E+01  TIME:   4.5523E+03)
     1     1 2.146E+00 1.364E-01   882 -7.42E+01 -7.43E+01 5.137E-08 1.867E-09
     2     1 2.639E-03 1.611E-04   882 -7.42E+01 -7.42E+01 4.527E-11 2.336E-12
     3     1 2.553E-01 2.363E-02     1 -5.02E+00 -5.00E+00 3.626E-08 1.863E-09
     4     1 6.172E-04 6.189E-05   442 -3.32E+01 -3.32E+01 1.047E-11 5.306E-13
                        (NSTEP:   662  DELTAT:   1.8530E+01  TIME:   4.5709E+03)
     1     1 2.348E+00 1.493E-01   882 -7.40E+01 -7.42E+01 5.124E-08 1.863E-09
     2     1 3.161E-03 1.934E-04   882 -7.40E+01 -7.40E+01 4.946E-11 2.552E-12
     3     1 2.801E-01 2.592E-02     1 -5.03E+00 -5.00E+00 3.616E-08 1.858E-09
     4     1 7.421E-04 7.438E-05   442 -3.31E+01 -3.31E+01 1.149E-11 5.820E-13
                        (NSTEP:   663  DELTAT:   2.0383E+01  TIME:   4.5913E+03)
     1     1 2.567E+00 1.634E-01   882 -7.39E+01 -7.40E+01 5.111E-08 1.858E-09
     2     1 3.782E-03 2.319E-04   882 -7.39E+01 -7.39E+01 5.401E-11 2.786E-12
     3     1 3.072E-01 2.842E-02     1 -5.03E+00 -5.00E+00 3.606E-08 1.853E-09
     4     1 8.918E-04 8.935E-05   442 -3.30E+01 -3.30E+01 1.260E-11 6.382E-13
                        (NSTEP:   664  DELTAT:   2.2421E+01  TIME:   4.6137E+03)
     1     1 2.804E+00 1.787E-01   882 -7.37E+01 -7.39E+01 5.096E-08 1.853E-09
     2     1 4.521E-03 2.779E-04   882 -7.37E+01 -7.37E+01 5.893E-11 3.040E-12
     3     1 3.369E-01 3.115E-02     1 -5.03E+00 -5.00E+00 3.595E-08 1.847E-09
     4     1 1.071E-03 1.072E-04   442 -3.29E+01 -3.29E+01 1.382E-11 6.996E-13
     5     1 3.369E-01 3.115E-02     1 -5.03E+00 -5.00E+00 3.595E-08 1.847E-09
     6     1 1.071E-03 1.072E-04   442 -3.29E+01 -3.29E+01 1.382E-11 6.996E-13
     7     1 3.369E-01 3.115E-02     1 -5.03E+00 -5.00E+00 3.595E-08 1.847E-09
     8     1 1.071E-03 1.072E-04   442 -3.29E+01 -3.29E+01 1.382E-11 6.996E-13
     9     1 3.369E-01 3.115E-02     1 -5.03E+00 -5.00E+00 3.595E-08 1.847E-09
    10     1 1.071E-03 1.072E-04   442 -3.29E+01 -3.29E+01 1.382E-11 6.996E-13
                        (NSTEP:   664  DELTAT:   1.1210E+01  TIME:   4.6025E+03)
     1     1 1.405E+00 8.946E-02   882 -7.38E+01 -7.39E+01 5.096E-08 1.853E-09
     2     1 1.137E-03 6.981E-05   882 -7.38E+01 -7.38E+01 2.954E-11 1.524E-12
                        (NSTEP:   665  DELTAT:   1.2331E+01  TIME:   4.6148E+03)
     1     1 1.539E+00 9.810E-02   882 -7.37E+01 -7.38E+01 5.088E-08 1.850E-09
     2     1 1.367E-03 8.402E-05   882 -7.37E+01 -7.37E+01 3.235E-11 1.669E-12
                        (NSTEP:   666  DELTAT:   1.3565E+01  TIME:   4.6284E+03)
     1     1 1.686E+00 1.075E-01   882 -7.36E+01 -7.37E+01 5.079E-08 1.846E-09
     2     1 1.641E-03 1.011E-04   882 -7.36E+01 -7.36E+01 3.541E-11 1.827E-12
     3     1 2.034E-01 1.881E-02     1 -5.02E+00 -5.00E+00 3.587E-08 1.843E-09
     4     1 3.907E-04 3.913E-05   442 -3.29E+01 -3.29E+01 8.345E-12 4.225E-13
                        (NSTEP:   667  DELTAT:   1.4921E+01  TIME:   4.6433E+03)
     1     1 1.847E+00 1.179E-01   882 -7.34E+01 -7.36E+01 5.070E-08 1.843E-09
     2     1 1.970E-03 1.215E-04   882 -7.34E+01 -7.34E+01 3.874E-11 1.999E-12
     3     1 2.233E-01 2.065E-02     1 -5.02E+00 -5.00E+00 3.580E-08 1.839E-09
     4     1 4.704E-04 4.710E-05   442 -3.28E+01 -3.28E+01 9.161E-12 4.637E-13
                        (NSTEP:   668  DELTAT:   1.6413E+01  TIME:   4.6597E+03)
     1     1 2.022E+00 1.291E-01   882 -7.33E+01 -7.34E+01 5.059E-08 1.839E-09
     2     1 2.363E-03 1.460E-04   882 -7.33E+01 -7.33E+01 4.237E-11 2.186E-12
     3     1 2.450E-01 2.265E-02     1 -5.02E+00 -5.00E+00 3.572E-08 1.835E-09
     4     1 5.661E-04 5.666E-05   442 -3.27E+01 -3.27E+01 1.005E-11 5.088E-13
                        (NSTEP:   669  DELTAT:   1.8054E+01  TIME:   4.6777E+03)
     1     1 2.212E+00 1.414E-01   882 -7.32E+01 -7.33E+01 5.048E-08 1.835E-09
     2     1 2.831E-03 1.753E-04   882 -7.32E+01 -7.32E+01 4.631E-11 2.389E-12
     3     1 2.688E-01 2.485E-02     1 -5.02E+00 -5.00E+00 3.563E-08 1.830E-09
     4     1 6.808E-04 6.812E-05   442 -3.27E+01 -3.27E+01 1.103E-11 5.581E-13
                        (NSTEP:   670  DELTAT:   1.9860E+01  TIME:   4.6976E+03)
     1     1 2.419E+00 1.547E-01   882 -7.30E+01 -7.32E+01 5.035E-08 1.830E-09
     2     1 3.389E-03 2.103E-04   882 -7.30E+01 -7.30E+01 5.058E-11 2.609E-12
     3     1 2.949E-01 2.725E-02     1 -5.03E+00 -5.00E+00 3.553E-08 1.825E-09
     4     1 8.184E-04 8.185E-05   442 -3.26E+01 -3.26E+01 1.210E-11 6.121E-13
                        (NSTEP:   671  DELTAT:   2.1846E+01  TIME:   4.7195E+03)
     1     1 2.643E+00 1.693E-01   882 -7.29E+01 -7.30E+01 5.021E-08 1.825E-09
     2     1 4.053E-03 2.521E-04   882 -7.29E+01 -7.29E+01 5.520E-11 2.848E-12
     3     1 3.234E-01 2.987E-02     1 -5.03E+00 -5.00E+00 3.542E-08 1.820E-09
     4     1 9.832E-04 9.828E-05   442 -3.25E+01 -3.25E+01 1.327E-11 6.712E-13
                        (NSTEP:   672  DELTAT:   2.4030E+01  TIME:   4.7435E+03)
     1     1 2.887E+00 1.851E-01   882 -7.27E+01 -7.29E+01 5.006E-08 1.820E-09
     2     1 4.842E-03 3.020E-04   882 -7.27E+01 -7.27E+01 6.021E-11 3.107E-12
     3     1 3.545E-01 3.274E-02     1 -5.03E+00 -5.00E+00 3.531E-08 1.814E-09
     4     1 1.180E-03 1.179E-04   442 -3.24E+01 -3.24E+01 1.455E-11 7.357E-13
     5     1 3.545E-01 3.274E-02     1 -5.03E+00 -5.00E+00 3.531E-08 1.814E-09
     6     1 1.180E-03 1.179E-04   442 -3.24E+01 -3.24E+01 1.455E-11 7.357E-13
     7     1 3.545E-01 3.274E-02     1 -5.03E+00 -5.00E+00 3.531E-08 1.814E-09
     8     1 1.180E-03 1.179E-04   442 -3.24E+01 -3.24E+01 1.455E-11 7.357E-13
     9     1 3.545E-01 3.274E-02     1 -5.03E+00 -5.00E+00 3.531E-08 1.814E-09
    10     1 1.180E-03 1.179E-04   442 -3.24E+01 -3.24E+01 1.455E-11 7.357E-13
                        (NSTEP:   672  DELTAT:   1.2015E+01  TIME:   4.7315E+03)
     1     1 1.446E+00 9.268E-02   882 -7.28E+01 -7.29E+01 5.006E-08 1.820E-09
     2     1 1.218E-03 7.587E-05   882 -7.28E+01 -7.28E+01 3.018E-11 1.557E-12
                        (NSTEP:   673  DELTAT:   1.3217E+01  TIME:   4.7447E+03)
     1     1 1.585E+00 1.016E-01   882 -7.27E+01 -7.28E+01 4.998E-08 1.817E-09
     2     1 1.464E-03 9.129E-05   882 -7.27E+01 -7.27E+01 3.305E-11 1.705E-12
                        (NSTEP:   674  DELTAT:   1.4538E+01  TIME:   4.7592E+03)
     1     1 1.736E+00 1.114E-01   882 -7.25E+01 -7.27E+01 4.989E-08 1.813E-09
     2     1 1.757E-03 1.098E-04   882 -7.25E+01 -7.25E+01 3.617E-11 1.866E-12
     3     1 2.141E-01 1.977E-02     1 -5.02E+00 -5.00E+00 3.523E-08 1.810E-09
     4     1 4.305E-04 4.302E-05   442 -3.23E+01 -3.23E+01 8.784E-12 4.442E-13
                        (NSTEP:   675  DELTAT:   1.5992E+01  TIME:   4.7752E+03)
     1     1 1.900E+00 1.220E-01   882 -7.24E+01 -7.25E+01 4.979E-08 1.810E-09
     2     1 2.108E-03 1.319E-04   882 -7.24E+01 -7.24E+01 3.956E-11 2.041E-12
     3     1 2.350E-01 2.169E-02     1 -5.02E+00 -5.00E+00 3.515E-08 1.806E-09
     4     1 5.182E-04 5.177E-05   442 -3.23E+01 -3.23E+01 9.641E-12 4.875E-13
                        (NSTEP:   676  DELTAT:   1.7592E+01  TIME:   4.7928E+03)
     1     1 2.080E+00 1.337E-01   882 -7.23E+01 -7.24E+01 4.968E-08 1.806E-09
     2     1 2.527E-03 1.585E-04   882 -7.23E+01 -7.23E+01 4.325E-11 2.231E-12
     3     1 2.578E-01 2.380E-02     1 -5.02E+00 -5.00E+00 3.507E-08 1.802E-09
     4     1 6.235E-04 6.226E-05   442 -3.22E+01 -3.22E+01 1.058E-11 5.348E-13
                        (NSTEP:   677  DELTAT:   1.9351E+01  TIME:   4.8122E+03)
     1     1 2.275E+00 1.463E-01   882 -7.21E+01 -7.23E+01 4.956E-08 1.802E-09
     2     1 3.027E-03 1.902E-04   882 -7.21E+01 -7.21E+01 4.725E-11 2.438E-12
     3     1 2.828E-01 2.610E-02     1 -5.03E+00 -5.00E+00 3.498E-08 1.797E-09
     4     1 7.497E-04 7.483E-05   442 -3.21E+01 -3.21E+01 1.161E-11 5.866E-13
                        (NSTEP:   678  DELTAT:   2.1286E+01  TIME:   4.8334E+03)
     1     1 2.487E+00 1.601E-01   882 -7.20E+01 -7.21E+01 4.943E-08 1.797E-09
     2     1 3.622E-03 2.281E-04   882 -7.20E+01 -7.20E+01 5.159E-11 2.662E-12
     3     1 3.102E-01 2.862E-02     1 -5.03E+00 -5.00E+00 3.488E-08 1.792E-09
     4     1 9.009E-04 8.989E-05   442 -3.20E+01 -3.20E+01 1.273E-11 6.433E-13
                        (NSTEP:   679  DELTAT:   2.3414E+01  TIME:   4.8569E+03)
     1     1 2.717E+00 1.751E-01   882 -7.18E+01 -7.20E+01 4.929E-08 1.792E-09
     2     1 4.329E-03 2.733E-04   882 -7.18E+01 -7.18E+01 5.629E-11 2.904E-12
     3     1 3.401E-01 3.137E-02     1 -5.03E+00 -5.00E+00 3.477E-08 1.786E-09
     4     1 1.082E-03 1.079E-04   442 -3.19E+01 -3.19E+01 1.396E-11 7.052E-13
     5     1 3.401E-01 3.137E-02     1 -5.03E+00 -5.00E+00 3.477E-08 1.786E-09
     6     1 1.082E-03 1.079E-04   442 -3.19E+01 -3.19E+01 1.396E-11 7.052E-13
     7     1 3.401E-01 3.137E-02     1 -5.03E+00 -5.00E+00 3.477E-08 1.786E-09
     8     1 1.082E-03 1.079E-04   442 -3.19E+01 -3.19E+01 1.396E-11 7.052E-13
     9     1 3.401E-01 3.137E-02     1 -5.03E+00 -5.00E+00 3.477E-08 1.786E-09
    10     1 1.082E-03 1.079E-04   442 -3.19E+01 -3.19E+01 1.396E-11 7.052E-13
                        (NSTEP:   679  DELTAT:   1.1707E+01  TIME:   4.8451E+03)
     1     1 1.361E+00 8.768E-02   882 -7.19E+01 -7.20E+01 4.929E-08 1.792E-09
     2     1 1.089E-03 6.865E-05   882 -7.19E+01 -7.19E+01 2.822E-11 1.456E-12
                        (NSTEP:   680  DELTAT:   1.2878E+01  TIME:   4.8580E+03)
     1     1 1.492E+00 9.614E-02   882 -7.18E+01 -7.19E+01 4.921E-08 1.789E-09
     2     1 1.309E-03 8.262E-05   882 -7.18E+01 -7.18E+01 3.090E-11 1.594E-12
                        (NSTEP:   681  DELTAT:   1.4166E+01  TIME:   4.8722E+03)
     1     1 1.634E+00 1.054E-01   882 -7.17E+01 -7.18E+01 4.912E-08 1.786E-09
     2     1 1.572E-03 9.939E-05   882 -7.17E+01 -7.17E+01 3.382E-11 1.745E-12
                        (NSTEP:   682  DELTAT:   1.5582E+01  TIME:   4.8878E+03)
     1     1 1.790E+00 1.155E-01   882 -7.16E+01 -7.17E+01 4.903E-08 1.782E-09
     2     1 1.886E-03 1.195E-04   882 -7.16E+01 -7.16E+01 3.700E-11 1.909E-12
     3     1 2.255E-01 2.079E-02     1 -5.02E+00 -5.00E+00 3.463E-08 1.779E-09
     4     1 4.752E-04 4.738E-05   442 -3.18E+01 -3.18E+01 9.252E-12 4.674E-13
                        (NSTEP:   683  DELTAT:   1.7140E+01  TIME:   4.9049E+03)
     1     1 1.959E+00 1.265E-01   882 -7.15E+01 -7.16E+01 4.893E-08 1.779E-09
     2     1 2.262E-03 1.435E-04   882 -7.15E+01 -7.15E+01 4.046E-11 2.088E-12
     3     1 2.474E-01 2.281E-02     1 -5.02E+00 -5.00E+00 3.455E-08 1.775E-09
     4     1 5.719E-04 5.700E-05   442 -3.17E+01 -3.17E+01 1.015E-11 5.129E-13
                        (NSTEP:   684  DELTAT:   1.8854E+01  TIME:   4.9238E+03)
     1     1 2.143E+00 1.385E-01   882 -7.13E+01 -7.15E+01 4.882E-08 1.775E-09
     2     1 2.711E-03 1.723E-04   882 -7.13E+01 -7.13E+01 4.422E-11 2.282E-12
     3     1 2.715E-01 2.502E-02     1 -5.03E+00 -5.00E+00 3.446E-08 1.770E-09
     4     1 6.879E-04 6.854E-05   442 -3.17E+01 -3.17E+01 1.114E-11 5.626E-13
                        (NSTEP:   685  DELTAT:   2.0740E+01  TIME:   4.9445E+03)
     1     1 2.344E+00 1.516E-01   882 -7.12E+01 -7.13E+01 4.869E-08 1.770E-09
     2     1 3.245E-03 2.067E-04   882 -7.12E+01 -7.12E+01 4.830E-11 2.492E-12
     3     1 2.978E-01 2.744E-02     1 -5.03E+00 -5.00E+00 3.437E-08 1.765E-09
     4     1 8.269E-04 8.235E-05   442 -3.16E+01 -3.16E+01 1.222E-11 6.170E-13
                        (NSTEP:   686  DELTAT:   2.2814E+01  TIME:   4.9673E+03)
     1     1 2.562E+00 1.659E-01   882 -7.10E+01 -7.12E+01 4.856E-08 1.765E-09
     2     1 3.881E-03 2.478E-04   882 -7.10E+01 -7.10E+01 5.272E-11 2.720E-12
     3     1 3.265E-01 3.008E-02     1 -5.03E+00 -5.00E+00 3.426E-08 1.760E-09
     4     1 9.934E-04 9.889E-05   442 -3.15E+01 -3.15E+01 1.340E-11 6.765E-13
                        (NSTEP:   687  DELTAT:   2.5095E+01  TIME:   4.9924E+03)
     1     1 2.798E+00 1.814E-01   882 -7.08E+01 -7.10E+01 4.841E-08 1.760E-09
     2     1 4.636E-03 2.968E-04   882 -7.08E+01 -7.08E+01 5.749E-11 2.967E-12
     3     1 3.580E-01 3.297E-02     1 -5.03E+00 -5.00E+00 3.415E-08 1.754E-09
     4     1 1.193E-03 1.187E-04   442 -3.14E+01 -3.14E+01 1.469E-11 7.415E-13
     5     1 3.580E-01 3.297E-02     1 -5.03E+00 -5.00E+00 3.415E-08 1.754E-09
     6     1 1.193E-03 1.187E-04   442 -3.14E+01 -3.14E+01 1.469E-11 7.415E-13
     7     1 3.580E-01 3.297E-02     1 -5.03E+00 -5.00E+00 3.415E-08 1.754E-09
     8     1 1.193E-03 1.187E-04   442 -3.14E+01 -3.14E+01 1.469E-11 7.415E-13
     9     1 3.580E-01 3.297E-02     1 -5.03E+00 -5.00E+00 3.415E-08 1.754E-09
    10     1 1.193E-03 1.187E-04   442 -3.14E+01 -3.14E+01 1.469E-11 7.415E-13
                        (NSTEP:   687  DELTAT:   1.2548E+01  TIME:   4.9799E+03)
     1     1 1.402E+00 9.081E-02   882 -7.09E+01 -7.10E+01 4.841E-08 1.760E-09
     2     1 1.166E-03 7.457E-05   882 -7.09E+01 -7.09E+01 2.882E-11 1.487E-12
                        (NSTEP:   688  DELTAT:   1.3802E+01  TIME:   4.9937E+03)
     1     1 1.536E+00 9.956E-02   882 -7.08E+01 -7.09E+01 4.833E-08 1.757E-09
     2     1 1.401E-03 8.972E-05   882 -7.08E+01 -7.08E+01 3.156E-11 1.628E-12
                        (NSTEP:   689  DELTAT:   1.5183E+01  TIME:   5.0089E+03)
     1     1 1.682E+00 1.091E-01   882 -7.07E+01 -7.08E+01 4.825E-08 1.754E-09
     2     1 1.682E-03 1.079E-04   882 -7.07E+01 -7.07E+01 3.453E-11 1.782E-12
     3     1 2.162E-01 1.991E-02     1 -5.02E+00 -5.00E+00 3.408E-08 1.751E-09
     4     1 4.350E-04 4.329E-05   442 -3.14E+01 -3.14E+01 8.871E-12 4.478E-13
                        (NSTEP:   690  DELTAT:   1.6701E+01  TIME:   5.0256E+03)
     1     1 1.842E+00 1.196E-01   882 -7.06E+01 -7.07E+01 4.815E-08 1.751E-09
     2     1 2.018E-03 1.297E-04   882 -7.06E+01 -7.06E+01 3.777E-11 1.949E-12
     3     1 2.372E-01 2.185E-02     1 -5.02E+00 -5.00E+00 3.400E-08 1.747E-09
     4     1 5.236E-04 5.209E-05   442 -3.13E+01 -3.13E+01 9.737E-12 4.914E-13
                        (NSTEP:   691  DELTAT:   1.8371E+01  TIME:   5.0439E+03)
     1     1 2.016E+00 1.309E-01   882 -7.05E+01 -7.06E+01 4.804E-08 1.747E-09
     2     1 2.420E-03 1.557E-04   882 -7.05E+01 -7.05E+01 4.129E-11 2.131E-12
     3     1 2.603E-01 2.397E-02     1 -5.02E+00 -5.00E+00 3.392E-08 1.743E-09
     4     1 6.300E-04 6.265E-05   442 -3.12E+01 -3.12E+01 1.068E-11 5.391E-13
                        (NSTEP:   692  DELTAT:   2.0208E+01  TIME:   5.0641E+03)
     1     1 2.205E+00 1.433E-01   882 -7.03E+01 -7.05E+01 4.793E-08 1.743E-09
     2     1 2.898E-03 1.869E-04   882 -7.03E+01 -7.03E+01 4.511E-11 2.328E-12
     3     1 2.856E-01 2.629E-02     1 -5.03E+00 -5.00E+00 3.383E-08 1.738E-09
     4     1 7.575E-04 7.531E-05   442 -3.11E+01 -3.11E+01 1.172E-11 5.913E-13
                        (NSTEP:   693  DELTAT:   2.2229E+01  TIME:   5.0864E+03)
     1     1 2.410E+00 1.568E-01   882 -7.02E+01 -7.03E+01 4.780E-08 1.738E-09
     2     1 3.467E-03 2.241E-04   882 -7.02E+01 -7.02E+01 4.925E-11 2.541E-12
     3     1 3.132E-01 2.882E-02     1 -5.03E+00 -5.00E+00 3.373E-08 1.733E-09
     4     1 9.103E-04 9.046E-05   442 -3.11E+01 -3.11E+01 1.286E-11 6.485E-13
                        (NSTEP:   694  DELTAT:   2.4452E+01  TIME:   5.1108E+03)
     1     1 2.633E+00 1.715E-01   882 -7.00E+01 -7.02E+01 4.767E-08 1.733E-09
     2     1 4.144E-03 2.685E-04   882 -7.00E+01 -7.00E+01 5.373E-11 2.773E-12
     3     1 3.435E-01 3.159E-02     1 -5.03E+00 -5.00E+00 3.363E-08 1.728E-09
     4     1 1.093E-03 1.086E-04   442 -3.10E+01 -3.10E+01 1.410E-11 7.109E-13
     5     1 3.435E-01 3.159E-02     1 -5.03E+00 -5.00E+00 3.363E-08 1.728E-09
     6     1 1.093E-03 1.086E-04   442 -3.10E+01 -3.10E+01 1.410E-11 7.109E-13
     7     1 3.435E-01 3.159E-02     1 -5.03E+00 -5.00E+00 3.363E-08 1.728E-09
     8     1 1.093E-03 1.086E-04   442 -3.10E+01 -3.10E+01 1.410E-11 7.109E-13
     9     1 3.435E-01 3.159E-02     1 -5.03E+00 -5.00E+00 3.363E-08 1.728E-09
    10     1 1.093E-03 1.086E-04   442 -3.10E+01 -3.10E+01 1.410E-11 7.109E-13
                        (NSTEP:   694  DELTAT:   1.2226E+01  TIME:   5.0986E+03)
     1     1 1.319E+00 8.589E-02   882 -7.01E+01 -7.02E+01 4.767E-08 1.733E-09
     2     1 1.042E-03 6.745E-05   882 -7.01E+01 -7.01E+01 2.694E-11 1.390E-12
                        (NSTEP:   695  DELTAT:   1.3449E+01  TIME:   5.1120E+03)
     1     1 1.446E+00 9.418E-02   882 -7.00E+01 -7.01E+01 4.759E-08 1.730E-09
     2     1 1.253E-03 8.117E-05   882 -7.00E+01 -7.00E+01 2.950E-11 1.522E-12
                        (NSTEP:   696  DELTAT:   1.4793E+01  TIME:   5.1268E+03)
     1     1 1.584E+00 1.032E-01   882 -6.99E+01 -7.00E+01 4.751E-08 1.727E-09
     2     1 1.504E-03 9.763E-05   882 -6.99E+01 -6.99E+01 3.228E-11 1.666E-12
                        (NSTEP:   697  DELTAT:   1.6273E+01  TIME:   5.1431E+03)
     1     1 1.734E+00 1.131E-01   882 -6.98E+01 -6.99E+01 4.742E-08 1.724E-09
     2     1 1.806E-03 1.174E-04   882 -6.98E+01 -6.98E+01 3.532E-11 1.823E-12
     3     1 2.276E-01 2.094E-02     1 -5.02E+00 -5.00E+00 3.349E-08 1.720E-09
     4     1 4.802E-04 4.769E-05   442 -3.09E+01 -3.09E+01 9.344E-12 4.711E-13
                        (NSTEP:   698  DELTAT:   1.7900E+01  TIME:   5.1610E+03)
     1     1 1.898E+00 1.239E-01   882 -6.96E+01 -6.98E+01 4.732E-08 1.720E-09
     2     1 2.165E-03 1.410E-04   882 -6.96E+01 -6.96E+01 3.862E-11 1.993E-12
     3     1 2.498E-01 2.297E-02     1 -5.02E+00 -5.00E+00 3.341E-08 1.716E-09
     4     1 5.779E-04 5.737E-05   442 -3.08E+01 -3.08E+01 1.025E-11 5.170E-13
                        (NSTEP:   699  DELTAT:   1.9690E+01  TIME:   5.1807E+03)
     1     1 2.077E+00 1.357E-01   882 -6.95E+01 -6.96E+01 4.721E-08 1.716E-09
     2     1 2.595E-03 1.693E-04   882 -6.95E+01 -6.95E+01 4.221E-11 2.178E-12
     3     1 2.741E-01 2.520E-02     1 -5.03E+00 -5.00E+00 3.333E-08 1.712E-09
     4     1 6.951E-04 6.898E-05   442 -3.07E+01 -3.07E+01 1.125E-11 5.671E-13
                        (NSTEP:   700  DELTAT:   2.1659E+01  TIME:   5.2024E+03)
     1     1 2.271E+00 1.485E-01   882 -6.93E+01 -6.95E+01 4.709E-08 1.712E-09
     2     1 3.106E-03 2.030E-04   882 -6.93E+01 -6.93E+01 4.609E-11 2.379E-12
     3     1 3.007E-01 2.763E-02     1 -5.03E+00 -5.00E+00 3.324E-08 1.708E-09
     4     1 8.355E-04 8.289E-05   442 -3.06E+01 -3.06E+01 1.234E-11 6.220E-13
                        (NSTEP:   701  DELTAT:   2.3825E+01  TIME:   5.2262E+03)
     1     1 2.483E+00 1.625E-01   882 -6.92E+01 -6.93E+01 4.696E-08 1.708E-09
     2     1 3.714E-03 2.433E-04   882 -6.92E+01 -6.92E+01 5.030E-11 2.596E-12
     3     1 3.297E-01 3.030E-02     1 -5.03E+00 -5.00E+00 3.314E-08 1.702E-09
     4     1 1.004E-03 9.954E-05   442 -3.06E+01 -3.06E+01 1.353E-11 6.820E-13
                        (NSTEP:   702  DELTAT:   2.6207E+01  TIME:   5.2524E+03)
     1     1 2.712E+00 1.776E-01   882 -6.90E+01 -6.92E+01 4.682E-08 1.702E-09
     2     1 4.436E-03 2.914E-04   882 -6.90E+01 -6.90E+01 5.486E-11 2.831E-12
     3     1 3.615E-01 3.320E-02     1 -5.03E+00 -5.00E+00 3.303E-08 1.697E-09
     4     1 1.205E-03 1.194E-04   442 -3.05E+01 -3.05E+01 1.484E-11 7.475E-13
     5     1 3.615E-01 3.320E-02     1 -5.03E+00 -5.00E+00 3.303E-08 1.697E-09
     6     1 1.205E-03 1.194E-04   442 -3.05E+01 -3.05E+01 1.484E-11 7.475E-13
     7     1 3.615E-01 3.320E-02     1 -5.03E+00 -5.00E+00 3.303E-08 1.697E-09
     8     1 1.205E-03 1.194E-04   442 -3.05E+01 -3.05E+01 1.484E-11 7.475E-13
     9     1 3.615E-01 3.320E-02     1 -5.03E+00 -5.00E+00 3.303E-08 1.697E-09
    10     1 1.205E-03 1.194E-04   442 -3.05E+01 -3.05E+01 1.484E-11 7.475E-13
                        (NSTEP:   702  DELTAT:   1.3104E+01  TIME:   5.2393E+03)
     1     1 1.358E+00 8.894E-02   882 -6.91E+01 -6.92E+01 4.682E-08 1.702E-09
     2     1 1.116E-03 7.322E-05   882 -6.91E+01 -6.91E+01 2.750E-11 1.419E-12
                        (NSTEP:   703  DELTAT:   1.4414E+01  TIME:   5.2537E+03)
     1     1 1.488E+00 9.751E-02   882 -6.90E+01 -6.91E+01 4.674E-08 1.700E-09
     2     1 1.341E-03 8.810E-05   882 -6.90E+01 -6.90E+01 3.011E-11 1.554E-12
                        (NSTEP:   704  DELTAT:   1.5855E+01  TIME:   5.2696E+03)
     1     1 1.630E+00 1.069E-01   882 -6.89E+01 -6.90E+01 4.666E-08 1.696E-09
     2     1 1.610E-03 1.059E-04   882 -6.89E+01 -6.89E+01 3.295E-11 1.700E-12
     3     1 2.183E-01 2.005E-02     1 -5.02E+00 -5.00E+00 3.296E-08 1.693E-09
     4     1 4.396E-04 4.358E-05   442 -3.04E+01 -3.04E+01 8.959E-12 4.514E-13
                        (NSTEP:   705  DELTAT:   1.7441E+01  TIME:   5.2870E+03)
     1     1 1.785E+00 1.171E-01   882 -6.88E+01 -6.89E+01 4.656E-08 1.693E-09
     2     1 1.932E-03 1.273E-04   882 -6.88E+01 -6.88E+01 3.604E-11 1.860E-12
     3     1 2.396E-01 2.200E-02     1 -5.02E+00 -5.00E+00 3.289E-08 1.689E-09
     4     1 5.291E-04 5.244E-05   442 -3.04E+01 -3.04E+01 9.833E-12 4.953E-13
                        (NSTEP:   706  DELTAT:   1.9185E+01  TIME:   5.3062E+03)
     1     1 1.953E+00 1.282E-01   882 -6.86E+01 -6.88E+01 4.646E-08 1.689E-09
     2     1 2.315E-03 1.529E-04   882 -6.86E+01 -6.86E+01 3.939E-11 2.033E-12
     3     1 2.629E-01 2.414E-02     1 -5.02E+00 -5.00E+00 3.281E-08 1.685E-09
     4     1 6.366E-04 6.307E-05   442 -3.03E+01 -3.03E+01 1.079E-11 5.435E-13
                        (NSTEP:   707  DELTAT:   2.1104E+01  TIME:   5.3273E+03)
     1     1 2.137E+00 1.404E-01   882 -6.85E+01 -6.86E+01 4.635E-08 1.685E-09
     2     1 2.773E-03 1.834E-04   882 -6.85E+01 -6.85E+01 4.304E-11 2.221E-12
     3     1 2.884E-01 2.647E-02     1 -5.03E+00 -5.00E+00 3.272E-08 1.681E-09
     4     1 7.655E-04 7.581E-05   442 -3.02E+01 -3.02E+01 1.184E-11 5.961E-13
                        (NSTEP:   708  DELTAT:   2.3214E+01  TIME:   5.3505E+03)
     1     1 2.336E+00 1.536E-01   882 -6.84E+01 -6.85E+01 4.623E-08 1.681E-09
     2     1 3.318E-03 2.199E-04   882 -6.84E+01 -6.84E+01 4.698E-11 2.425E-12
     3     1 3.163E-01 2.903E-02     1 -5.03E+00 -5.00E+00 3.263E-08 1.676E-09
     4     1 9.199E-04 9.107E-05   442 -3.01E+01 -3.01E+01 1.298E-11 6.537E-13
                        (NSTEP:   709  DELTAT:   2.5535E+01  TIME:   5.3760E+03)
     1     1 2.552E+00 1.680E-01   882 -6.82E+01 -6.84E+01 4.610E-08 1.676E-09
     2     1 3.965E-03 2.635E-04   882 -6.82E+01 -6.82E+01 5.126E-11 2.645E-12
     3     1 3.468E-01 3.182E-02     1 -5.03E+00 -5.00E+00 3.253E-08 1.671E-09
     4     1 1.105E-03 1.093E-04   442 -3.00E+01 -3.00E+01 1.424E-11 7.166E-13
     5     1 3.468E-01 3.182E-02     1 -5.03E+00 -5.00E+00 3.253E-08 1.671E-09
     6     1 1.105E-03 1.093E-04   442 -3.00E+01 -3.00E+01 1.424E-11 7.166E-13
     7     1 3.468E-01 3.182E-02     1 -5.03E+00 -5.00E+00 3.253E-08 1.671E-09
     8     1 1.105E-03 1.093E-04   442 -3.00E+01 -3.00E+01 1.424E-11 7.166E-13
     9     1 3.468E-01 3.182E-02     1 -5.03E+00 -5.00E+00 3.253E-08 1.671E-09
    10     1 1.105E-03 1.093E-04   442 -3.00E+01 -3.00E+01 1.424E-11 7.166E-13
                        (NSTEP:   709  DELTAT:   1.2768E+01  TIME:   5.3633E+03)
     1     1 1.278E+00 8.410E-02   882 -6.83E+01 -6.84E+01 4.610E-08 1.676E-09
     2     1 9.973E-04 6.620E-05   882 -6.83E+01 -6.83E+01 2.569E-11 1.326E-12
                        (NSTEP:   710  DELTAT:   1.4044E+01  TIME:   5.3773E+03)
     1     1 1.401E+00 9.222E-02   882 -6.82E+01 -6.83E+01 4.602E-08 1.674E-09
     2     1 1.199E-03 7.966E-05   882 -6.82E+01 -6.82E+01 2.814E-11 1.452E-12
                        (NSTEP:   711  DELTAT:   1.5449E+01  TIME:   5.3928E+03)
     1     1 1.535E+00 1.011E-01   882 -6.81E+01 -6.82E+01 4.594E-08 1.671E-09
     2     1 1.440E-03 9.581E-05   882 -6.81E+01 -6.81E+01 3.079E-11 1.589E-12
                        (NSTEP:   712  DELTAT:   1.6994E+01  TIME:   5.4098E+03)
     1     1 1.681E+00 1.108E-01   882 -6.80E+01 -6.81E+01 4.585E-08 1.667E-09
     2     1 1.728E-03 1.152E-04   882 -6.80E+01 -6.80E+01 3.369E-11 1.739E-12
     3     1 2.299E-01 2.109E-02     1 -5.02E+00 -5.00E+00 3.239E-08 1.664E-09
     4     1 4.853E-04 4.802E-05   442 -2.99E+01 -2.99E+01 9.436E-12 4.750E-13
                        (NSTEP:   713  DELTAT:   1.8693E+01  TIME:   5.4284E+03)
     1     1 1.840E+00 1.213E-01   882 -6.78E+01 -6.80E+01 4.576E-08 1.664E-09
     2     1 2.072E-03 1.383E-04   882 -6.78E+01 -6.78E+01 3.684E-11 1.901E-12
     3     1 2.523E-01 2.314E-02     1 -5.02E+00 -5.00E+00 3.232E-08 1.660E-09
     4     1 5.840E-04 5.777E-05   442 -2.99E+01 -2.99E+01 1.036E-11 5.212E-13
                        (NSTEP:   714  DELTAT:   2.0562E+01  TIME:   5.4490E+03)
     1     1 2.013E+00 1.328E-01   882 -6.77E+01 -6.78E+01 4.565E-08 1.660E-09
     2     1 2.482E-03 1.661E-04   882 -6.77E+01 -6.77E+01 4.025E-11 2.077E-12
     3     1 2.768E-01 2.538E-02     1 -5.03E+00 -5.00E+00 3.224E-08 1.656E-09
     4     1 7.024E-04 6.946E-05   442 -2.98E+01 -2.98E+01 1.136E-11 5.717E-13
                        (NSTEP:   715  DELTAT:   2.2619E+01  TIME:   5.4716E+03)
     1     1 2.202E+00 1.454E-01   882 -6.76E+01 -6.77E+01 4.554E-08 1.656E-09
     2     1 2.971E-03 1.992E-04   882 -6.76E+01 -6.76E+01 4.396E-11 2.269E-12
     3     1 3.036E-01 2.783E-02     1 -5.03E+00 -5.00E+00 3.215E-08 1.651E-09
     4     1 8.444E-04 8.346E-05   442 -2.97E+01 -2.97E+01 1.246E-11 6.270E-13
                        (NSTEP:   716  DELTAT:   2.4881E+01  TIME:   5.4965E+03)
     1     1 2.406E+00 1.590E-01   882 -6.74E+01 -6.76E+01 4.541E-08 1.651E-09
     2     1 3.553E-03 2.387E-04   882 -6.74E+01 -6.74E+01 4.797E-11 2.476E-12
     3     1 3.329E-01 3.051E-02     1 -5.03E+00 -5.00E+00 3.205E-08 1.647E-09
     4     1 1.014E-03 1.002E-04   442 -2.97E+01 -2.97E+01 1.367E-11 6.875E-13
     5     1 3.329E-01 3.051E-02     1 -5.03E+00 -5.00E+00 3.205E-08 1.647E-09
     6     1 1.014E-03 1.002E-04   442 -2.97E+01 -2.97E+01 1.367E-11 6.875E-13
     7     1 3.329E-01 3.051E-02     1 -5.03E+00 -5.00E+00 3.205E-08 1.647E-09
     8     1 1.014E-03 1.002E-04   442 -2.97E+01 -2.97E+01 1.367E-11 6.875E-13
     9     1 3.329E-01 3.051E-02     1 -5.03E+00 -5.00E+00 3.205E-08 1.647E-09
    10     1 1.014E-03 1.002E-04   442 -2.97E+01 -2.97E+01 1.367E-11 6.875E-13
                        (NSTEP:   716  DELTAT:   1.2440E+01  TIME:   5.4841E+03)
     1     1 1.205E+00 7.963E-02   882 -6.75E+01 -6.76E+01 4.541E-08 1.651E-09
     2     1 8.935E-04 5.996E-05   882 -6.75E+01 -6.75E+01 2.405E-11 1.241E-12
                        (NSTEP:   717  DELTAT:   1.3684E+01  TIME:   5.4978E+03)
     1     1 1.321E+00 8.733E-02   882 -6.74E+01 -6.75E+01 4.534E-08 1.649E-09
     2     1 1.074E-03 7.217E-05   882 -6.74E+01 -6.74E+01 2.633E-11 1.359E-12
                        (NSTEP:   718  DELTAT:   1.5053E+01  TIME:   5.5128E+03)
     1     1 1.447E+00 9.574E-02   882 -6.73E+01 -6.74E+01 4.527E-08 1.646E-09
     2     1 1.290E-03 8.683E-05   882 -6.73E+01 -6.73E+01 2.883E-11 1.488E-12
                        (NSTEP:   719  DELTAT:   1.6558E+01  TIME:   5.5294E+03)
     1     1 1.585E+00 1.049E-01   882 -6.72E+01 -6.73E+01 4.519E-08 1.643E-09
     2     1 1.549E-03 1.044E-04   882 -6.72E+01 -6.72E+01 3.155E-11 1.628E-12
     3     1 2.207E-01 2.023E-02     1 -5.02E+00 -5.00E+00 3.192E-08 1.640E-09
     4     1 4.458E-04 4.404E-05   442 -2.95E+01 -2.95E+01 9.062E-12 4.558E-13
                        (NSTEP:   720  DELTAT:   1.8214E+01  TIME:   5.5476E+03)
     1     1 1.736E+00 1.149E-01   882 -6.71E+01 -6.72E+01 4.510E-08 1.640E-09
     2     1 1.859E-03 1.254E-04   882 -6.71E+01 -6.71E+01 3.450E-11 1.781E-12
     3     1 2.422E-01 2.220E-02     1 -5.02E+00 -5.00E+00 3.185E-08 1.636E-09
     4     1 5.366E-04 5.299E-05   442 -2.95E+01 -2.95E+01 9.946E-12 5.001E-13
                        (NSTEP:   721  DELTAT:   2.0035E+01  TIME:   5.5676E+03)
     1     1 1.900E+00 1.259E-01   882 -6.70E+01 -6.71E+01 4.500E-08 1.636E-09
     2     1 2.228E-03 1.506E-04   882 -6.70E+01 -6.70E+01 3.771E-11 1.946E-12
     3     1 2.658E-01 2.435E-02     1 -5.02E+00 -5.00E+00 3.178E-08 1.633E-09
     4     1 6.456E-04 6.374E-05   442 -2.94E+01 -2.94E+01 1.091E-11 5.487E-13
                        (NSTEP:   722  DELTAT:   2.2039E+01  TIME:   5.5896E+03)
     1     1 2.078E+00 1.378E-01   882 -6.68E+01 -6.70E+01 4.489E-08 1.633E-09
     2     1 2.668E-03 1.807E-04   882 -6.68E+01 -6.68E+01 4.120E-11 2.126E-12
     3     1 2.916E-01 2.671E-02     1 -5.03E+00 -5.00E+00 3.169E-08 1.628E-09
     4     1 7.763E-04 7.662E-05   442 -2.94E+01 -2.94E+01 1.197E-11 6.019E-13
                        (NSTEP:   723  DELTAT:   2.4243E+01  TIME:   5.6139E+03)
     1     1 2.272E+00 1.508E-01   882 -6.67E+01 -6.68E+01 4.477E-08 1.628E-09
     2     1 3.192E-03 2.167E-04   882 -6.67E+01 -6.67E+01 4.497E-11 2.321E-12
     3     1 3.198E-01 2.928E-02     1 -5.03E+00 -5.00E+00 3.160E-08 1.624E-09
     4     1 9.329E-04 9.204E-05   442 -2.93E+01 -2.93E+01 1.313E-11 6.600E-13
                        (NSTEP:   724  DELTAT:   2.6667E+01  TIME:   5.6406E+03)
     1     1 2.482E+00 1.649E-01   882 -6.65E+01 -6.67E+01 4.464E-08 1.624E-09
     2     1 3.815E-03 2.596E-04   882 -6.65E+01 -6.65E+01 4.906E-11 2.532E-12
     3     1 3.507E-01 3.210E-02     1 -5.03E+00 -5.00E+00 3.150E-08 1.618E-09
     4     1 1.120E-03 1.105E-04   442 -2.92E+01 -2.92E+01 1.440E-11 7.236E-13
     5     1 3.507E-01 3.210E-02     1 -5.03E+00 -5.00E+00 3.150E-08 1.618E-09
     6     1 1.120E-03 1.105E-04   442 -2.92E+01 -2.92E+01 1.440E-11 7.236E-13
     7     1 3.507E-01 3.210E-02     1 -5.03E+00 -5.00E+00 3.150E-08 1.618E-09
     8     1 1.120E-03 1.105E-04   442 -2.92E+01 -2.92E+01 1.440E-11 7.236E-13
     9     1 3.507E-01 3.210E-02     1 -5.03E+00 -5.00E+00 3.150E-08 1.618E-09
    10     1 1.120E-03 1.105E-04   442 -2.92E+01 -2.92E+01 1.440E-11 7.236E-13
                        (NSTEP:   724  DELTAT:   1.3333E+01  TIME:   5.6272E+03)
     1     1 1.243E+00 8.256E-02   882 -6.66E+01 -6.67E+01 4.464E-08 1.624E-09
     2     1 9.595E-04 6.521E-05   882 -6.66E+01 -6.66E+01 2.459E-11 1.269E-12
                        (NSTEP:   725  DELTAT:   1.4667E+01  TIME:   5.6419E+03)
     1     1 1.363E+00 9.052E-02   882 -6.65E+01 -6.66E+01 4.457E-08 1.621E-09
     2     1 1.153E-03 7.847E-05   882 -6.65E+01 -6.65E+01 2.693E-11 1.390E-12
                        (NSTEP:   726  DELTAT:   1.6133E+01  TIME:   5.6580E+03)
     1     1 1.493E+00 9.922E-02   882 -6.64E+01 -6.65E+01 4.449E-08 1.618E-09
     2     1 1.385E-03 9.438E-05   882 -6.64E+01 -6.64E+01 2.947E-11 1.521E-12
                        (NSTEP:   727  DELTAT:   1.7747E+01  TIME:   5.6758E+03)
     1     1 1.635E+00 1.087E-01   882 -6.63E+01 -6.64E+01 4.441E-08 1.615E-09
     2     1 1.662E-03 1.134E-04   882 -6.63E+01 -6.63E+01 3.224E-11 1.664E-12
     3     1 2.324E-01 2.127E-02     1 -5.02E+00 -5.00E+00 3.137E-08 1.612E-09
     4     1 4.921E-04 4.853E-05   442 -2.91E+01 -2.91E+01 9.544E-12 4.796E-13
                        (NSTEP:   728  DELTAT:   1.9521E+01  TIME:   5.6953E+03)
     1     1 1.789E+00 1.191E-01   882 -6.62E+01 -6.63E+01 4.431E-08 1.612E-09
     2     1 1.993E-03 1.363E-04   882 -6.62E+01 -6.62E+01 3.525E-11 1.819E-12
     3     1 2.551E-01 2.334E-02     1 -5.02E+00 -5.00E+00 3.130E-08 1.608E-09
     4     1 5.922E-04 5.838E-05   442 -2.90E+01 -2.90E+01 1.047E-11 5.262E-13
                        (NSTEP:   729  DELTAT:   2.1474E+01  TIME:   5.7168E+03)
     1     1 1.958E+00 1.304E-01   882 -6.60E+01 -6.62E+01 4.421E-08 1.608E-09
     2     1 2.388E-03 1.635E-04   882 -6.60E+01 -6.60E+01 3.852E-11 1.988E-12
     3     1 2.799E-01 2.560E-02     1 -5.03E+00 -5.00E+00 3.122E-08 1.604E-09
     4     1 7.123E-04 7.020E-05   442 -2.90E+01 -2.90E+01 1.149E-11 5.773E-13
                        (NSTEP:   730  DELTAT:   2.3621E+01  TIME:   5.7404E+03)
     1     1 2.141E+00 1.427E-01   882 -6.59E+01 -6.60E+01 4.410E-08 1.604E-09
     2     1 2.858E-03 1.962E-04   882 -6.59E+01 -6.59E+01 4.206E-11 2.171E-12
     3     1 3.070E-01 2.808E-02     1 -5.03E+00 -5.00E+00 3.114E-08 1.600E-09
     4     1 8.563E-04 8.436E-05   442 -2.89E+01 -2.89E+01 1.261E-11 6.331E-13
                        (NSTEP:   731  DELTAT:   2.5983E+01  TIME:   5.7664E+03)
     1     1 2.340E+00 1.561E-01   882 -6.57E+01 -6.59E+01 4.398E-08 1.600E-09
     2     1 3.418E-03 2.351E-04   882 -6.57E+01 -6.57E+01 4.589E-11 2.369E-12
     3     1 3.367E-01 3.078E-02     1 -5.03E+00 -5.00E+00 3.104E-08 1.595E-09
     4     1 1.029E-03 1.013E-04   442 -2.88E+01 -2.88E+01 1.382E-11 6.942E-13
     5     1 3.367E-01 3.078E-02     1 -5.03E+00 -5.00E+00 3.104E-08 1.595E-09
     6     1 1.029E-03 1.013E-04   442 -2.88E+01 -2.88E+01 1.382E-11 6.942E-13
     7     1 3.367E-01 3.078E-02     1 -5.03E+00 -5.00E+00 3.104E-08 1.595E-09
     8     1 1.029E-03 1.013E-04   442 -2.88E+01 -2.88E+01 1.382E-11 6.942E-13
     9     1 3.367E-01 3.078E-02     1 -5.03E+00 -5.00E+00 3.104E-08 1.595E-09
    10     1 1.029E-03 1.013E-04   442 -2.88E+01 -2.88E+01 1.382E-11 6.942E-13
                        (NSTEP:   731  DELTAT:   1.2992E+01  TIME:   5.7534E+03)
     1     1 1.172E+00 7.815E-02   882 -6.58E+01 -6.59E+01 4.398E-08 1.600E-09
     2     1 8.594E-04 5.904E-05   882 -6.58E+01 -6.58E+01 2.301E-11 1.187E-12
                        (NSTEP:   732  DELTAT:   1.4291E+01  TIME:   5.7677E+03)
     1     1 1.285E+00 8.570E-02   882 -6.57E+01 -6.58E+01 4.391E-08 1.597E-09
     2     1 1.033E-03 7.106E-05   882 -6.57E+01 -6.57E+01 2.519E-11 1.300E-12
                        (NSTEP:   733  DELTAT:   1.5720E+01  TIME:   5.7834E+03)
     1     1 1.408E+00 9.395E-02   882 -6.56E+01 -6.57E+01 4.384E-08 1.595E-09
     2     1 1.241E-03 8.549E-05   882 -6.56E+01 -6.56E+01 2.758E-11 1.423E-12
                        (NSTEP:   734  DELTAT:   1.7292E+01  TIME:   5.8007E+03)
     1     1 1.542E+00 1.030E-01   882 -6.55E+01 -6.56E+01 4.376E-08 1.592E-09
     2     1 1.490E-03 1.028E-04   882 -6.55E+01 -6.55E+01 3.018E-11 1.558E-12
     3     1 2.232E-01 2.040E-02     1 -5.02E+00 -5.00E+00 3.092E-08 1.588E-09
     4     1 4.520E-04 4.451E-05   442 -2.87E+01 -2.87E+01 9.165E-12 4.602E-13
                        (NSTEP:   735  DELTAT:   1.9021E+01  TIME:   5.8197E+03)
     1     1 1.688E+00 1.128E-01   882 -6.54E+01 -6.55E+01 4.367E-08 1.588E-09
     2     1 1.787E-03 1.235E-04   882 -6.54E+01 -6.54E+01 3.300E-11 1.703E-12
     3     1 2.450E-01 2.239E-02     1 -5.02E+00 -5.00E+00 3.085E-08 1.585E-09
     4     1 5.441E-04 5.357E-05   442 -2.87E+01 -2.87E+01 1.006E-11 5.050E-13
                        (NSTEP:   736  DELTAT:   2.0923E+01  TIME:   5.8406E+03)
     1     1 1.847E+00 1.235E-01   882 -6.53E+01 -6.54E+01 4.358E-08 1.585E-09
     2     1 2.142E-03 1.483E-04   882 -6.53E+01 -6.53E+01 3.607E-11 1.862E-12
     3     1 2.688E-01 2.456E-02     1 -5.02E+00 -5.00E+00 3.078E-08 1.581E-09
     4     1 6.546E-04 6.443E-05   442 -2.86E+01 -2.86E+01 1.104E-11 5.540E-13
                        (NSTEP:   737  DELTAT:   2.3015E+01  TIME:   5.8636E+03)
     1     1 2.021E+00 1.352E-01   882 -6.52E+01 -6.53E+01 4.347E-08 1.581E-09
     2     1 2.566E-03 1.779E-04   882 -6.52E+01 -6.52E+01 3.940E-11 2.034E-12
     3     1 2.949E-01 2.694E-02     1 -5.03E+00 -5.00E+00 3.070E-08 1.577E-09
     4     1 7.872E-04 7.744E-05   442 -2.85E+01 -2.85E+01 1.211E-11 6.077E-13
                        (NSTEP:   738  DELTAT:   2.5317E+01  TIME:   5.8890E+03)
     1     1 2.209E+00 1.479E-01   882 -6.50E+01 -6.52E+01 4.335E-08 1.577E-09
     2     1 3.069E-03 2.133E-04   882 -6.50E+01 -6.50E+01 4.301E-11 2.220E-12
     3     1 3.234E-01 2.954E-02     1 -5.03E+00 -5.00E+00 3.061E-08 1.572E-09
     4     1 9.460E-04 9.303E-05   442 -2.84E+01 -2.84E+01 1.328E-11 6.664E-13
                        (NSTEP:   739  DELTAT:   2.7849E+01  TIME:   5.9168E+03)
     1     1 2.414E+00 1.618E-01   882 -6.49E+01 -6.50E+01 4.323E-08 1.572E-09
     2     1 3.668E-03 2.554E-04   882 -6.49E+01 -6.49E+01 4.691E-11 2.421E-12
     3     1 3.546E-01 3.238E-02     1 -5.03E+00 -5.00E+00 3.051E-08 1.567E-09
     4     1 1.136E-03 1.117E-04   442 -2.84E+01 -2.84E+01 1.456E-11 7.306E-13
     5     1 3.546E-01 3.238E-02     1 -5.03E+00 -5.00E+00 3.051E-08 1.567E-09
     6     1 1.136E-03 1.117E-04   442 -2.84E+01 -2.84E+01 1.456E-11 7.306E-13
     7     1 3.546E-01 3.238E-02     1 -5.03E+00 -5.00E+00 3.051E-08 1.567E-09
     8     1 1.136E-03 1.117E-04   442 -2.84E+01 -2.84E+01 1.456E-11 7.306E-13
     9     1 3.546E-01 3.238E-02     1 -5.03E+00 -5.00E+00 3.051E-08 1.567E-09
    10     1 1.136E-03 1.117E-04   442 -2.84E+01 -2.84E+01 1.456E-11 7.306E-13
                        (NSTEP:   739  DELTAT:   1.3924E+01  TIME:   5.9029E+03)
     1     1 1.209E+00 8.100E-02   882 -6.49E+01 -6.50E+01 4.323E-08 1.572E-09
     2     1 9.226E-04 6.418E-05   882 -6.49E+01 -6.49E+01 2.352E-11 1.214E-12
                        (NSTEP:   740  DELTAT:   1.5317E+01  TIME:   5.9182E+03)
     1     1 1.325E+00 8.881E-02   882 -6.49E+01 -6.49E+01 4.316E-08 1.570E-09
     2     1 1.109E-03 7.722E-05   882 -6.49E+01 -6.49E+01 2.575E-11 1.329E-12
                        (NSTEP:   741  DELTAT:   1.6848E+01  TIME:   5.9350E+03)
     1     1 1.452E+00 9.735E-02   882 -6.48E+01 -6.49E+01 4.308E-08 1.567E-09
     2     1 1.332E-03 9.287E-05   882 -6.48E+01 -6.48E+01 2.818E-11 1.455E-12
                        (NSTEP:   742  DELTAT:   1.8533E+01  TIME:   5.9536E+03)
     1     1 1.590E+00 1.067E-01   882 -6.46E+01 -6.48E+01 4.300E-08 1.564E-09
     2     1 1.598E-03 1.116E-04   882 -6.46E+01 -6.46E+01 3.083E-11 1.591E-12
     3     1 2.350E-01 2.146E-02     1 -5.02E+00 -5.00E+00 3.038E-08 1.561E-09
     4     1 4.990E-04 4.906E-05   442 -2.83E+01 -2.83E+01 9.652E-12 4.842E-13
                        (NSTEP:   743  DELTAT:   2.0387E+01  TIME:   5.9740E+03)
     1     1 1.740E+00 1.168E-01   882 -6.45E+01 -6.46E+01 4.291E-08 1.561E-09
     2     1 1.916E-03 1.341E-04   882 -6.45E+01 -6.45E+01 3.370E-11 1.739E-12
     3     1 2.579E-01 2.354E-02     1 -5.02E+00 -5.00E+00 3.031E-08 1.557E-09
     4     1 6.005E-04 5.902E-05   442 -2.82E+01 -2.82E+01 1.059E-11 5.313E-13
                        (NSTEP:   744  DELTAT:   2.2425E+01  TIME:   5.9964E+03)
     1     1 1.904E+00 1.279E-01   882 -6.44E+01 -6.45E+01 4.281E-08 1.557E-09
     2     1 2.296E-03 1.609E-04   882 -6.44E+01 -6.44E+01 3.682E-11 1.901E-12
     3     1 2.830E-01 2.583E-02     1 -5.03E+00 -5.00E+00 3.024E-08 1.553E-09
     4     1 7.223E-04 7.096E-05   442 -2.81E+01 -2.81E+01 1.162E-11 5.828E-13
                        (NSTEP:   745  DELTAT:   2.4668E+01  TIME:   6.0211E+03)
     1     1 2.082E+00 1.400E-01   882 -6.43E+01 -6.44E+01 4.270E-08 1.553E-09
     2     1 2.748E-03 1.930E-04   882 -6.43E+01 -6.43E+01 4.020E-11 2.075E-12
     3     1 3.104E-01 2.832E-02     1 -5.03E+00 -5.00E+00 3.016E-08 1.549E-09
     4     1 8.683E-04 8.527E-05   442 -2.81E+01 -2.81E+01 1.275E-11 6.392E-13
                        (NSTEP:   746  DELTAT:   2.7134E+01  TIME:   6.0482E+03)
     1     1 2.275E+00 1.531E-01   882 -6.41E+01 -6.43E+01 4.259E-08 1.549E-09
     2     1 3.285E-03 2.312E-04   882 -6.41E+01 -6.41E+01 4.387E-11 2.264E-12
     3     1 3.404E-01 3.105E-02     1 -5.03E+00 -5.00E+00 3.006E-08 1.545E-09
     4     1 1.043E-03 1.024E-04   442 -2.80E+01 -2.80E+01 1.398E-11 7.009E-13
     5     1 3.404E-01 3.105E-02     1 -5.03E+00 -5.00E+00 3.006E-08 1.545E-09
     6     1 1.043E-03 1.024E-04   442 -2.80E+01 -2.80E+01 1.398E-11 7.009E-13
     7     1 3.404E-01 3.105E-02     1 -5.03E+00 -5.00E+00 3.006E-08 1.545E-09
     8     1 1.043E-03 1.024E-04   442 -2.80E+01 -2.80E+01 1.398E-11 7.009E-13
     9     1 3.404E-01 3.105E-02     1 -5.03E+00 -5.00E+00 3.006E-08 1.545E-09
    10     1 1.043E-03 1.024E-04   442 -2.80E+01 -2.80E+01 1.398E-11 7.009E-13
                        (NSTEP:   746  DELTAT:   1.3567E+01  TIME:   6.0346E+03)
     1     1 1.140E+00 7.666E-02   882 -6.42E+01 -6.43E+01 4.259E-08 1.549E-09
     2     1 8.262E-04 5.808E-05   882 -6.42E+01 -6.42E+01 2.199E-11 1.135E-12
                        (NSTEP:   747  DELTAT:   1.4924E+01  TIME:   6.0496E+03)
     1     1 1.249E+00 8.406E-02   882 -6.41E+01 -6.42E+01 4.252E-08 1.547E-09
     2     1 9.932E-04 6.990E-05   882 -6.41E+01 -6.41E+01 2.408E-11 1.243E-12
                        (NSTEP:   748  DELTAT:   1.6416E+01  TIME:   6.0660E+03)
     1     1 1.369E+00 9.215E-02   882 -6.40E+01 -6.41E+01 4.245E-08 1.544E-09
     2     1 1.193E-03 8.408E-05   882 -6.40E+01 -6.40E+01 2.636E-11 1.361E-12
                        (NSTEP:   749  DELTAT:   1.8058E+01  TIME:   6.0840E+03)
     1     1 1.499E+00 1.010E-01   882 -6.39E+01 -6.40E+01 4.237E-08 1.541E-09
     2     1 1.432E-03 1.011E-04   882 -6.39E+01 -6.39E+01 2.884E-11 1.489E-12
     3     1 2.257E-01 2.058E-02     1 -5.02E+00 -5.00E+00 2.994E-08 1.538E-09
     4     1 4.584E-04 4.500E-05   442 -2.79E+01 -2.79E+01 9.269E-12 4.646E-13
                        (NSTEP:   750  DELTAT:   1.9864E+01  TIME:   6.1039E+03)
     1     1 1.641E+00 1.106E-01   882 -6.38E+01 -6.39E+01 4.229E-08 1.538E-09
     2     1 1.718E-03 1.214E-04   882 -6.38E+01 -6.38E+01 3.154E-11 1.628E-12
     3     1 2.477E-01 2.259E-02     1 -5.02E+00 -5.00E+00 2.988E-08 1.535E-09
     4     1 5.518E-04 5.415E-05   442 -2.78E+01 -2.78E+01 1.017E-11 5.099E-13
                        (NSTEP:   751  DELTAT:   2.1850E+01  TIME:   6.1257E+03)
     1     1 1.796E+00 1.212E-01   882 -6.37E+01 -6.38E+01 4.219E-08 1.535E-09
     2     1 2.059E-03 1.458E-04   882 -6.37E+01 -6.37E+01 3.447E-11 1.779E-12
     3     1 2.718E-01 2.478E-02     1 -5.02E+00 -5.00E+00 2.981E-08 1.531E-09
     4     1 6.638E-04 6.513E-05   442 -2.78E+01 -2.78E+01 1.116E-11 5.594E-13
                        (NSTEP:   752  DELTAT:   2.4035E+01  TIME:   6.1498E+03)
     1     1 1.965E+00 1.326E-01   882 -6.35E+01 -6.37E+01 4.209E-08 1.531E-09
     2     1 2.466E-03 1.749E-04   882 -6.35E+01 -6.35E+01 3.765E-11 1.943E-12
     3     1 2.981E-01 2.717E-02     1 -5.03E+00 -5.00E+00 2.973E-08 1.527E-09
     4     1 7.982E-04 7.829E-05   442 -2.77E+01 -2.77E+01 1.225E-11 6.136E-13
                        (NSTEP:   753  DELTAT:   2.6439E+01  TIME:   6.1762E+03)
     1     1 2.148E+00 1.451E-01   882 -6.34E+01 -6.35E+01 4.198E-08 1.527E-09
     2     1 2.950E-03 2.097E-04   882 -6.34E+01 -6.34E+01 4.109E-11 2.121E-12
     3     1 3.270E-01 2.980E-02     1 -5.03E+00 -5.00E+00 2.964E-08 1.523E-09
     4     1 9.592E-04 9.405E-05   442 -2.76E+01 -2.76E+01 1.343E-11 6.728E-13
                        (NSTEP:   754  DELTAT:   2.9083E+01  TIME:   6.2053E+03)
     1     1 2.347E+00 1.586E-01   882 -6.32E+01 -6.34E+01 4.186E-08 1.523E-09
     2     1 3.526E-03 2.511E-04   882 -6.32E+01 -6.32E+01 4.482E-11 2.313E-12
     3     1 3.585E-01 3.266E-02     1 -5.03E+00 -5.00E+00 2.955E-08 1.518E-09
     4     1 1.152E-03 1.129E-04   442 -2.76E+01 -2.76E+01 1.473E-11 7.376E-13
     5     1 3.585E-01 3.266E-02     1 -5.03E+00 -5.00E+00 2.955E-08 1.518E-09
     6     1 1.152E-03 1.129E-04   442 -2.76E+01 -2.76E+01 1.473E-11 7.376E-13
     7     1 3.585E-01 3.266E-02     1 -5.03E+00 -5.00E+00 2.955E-08 1.518E-09
     8     1 1.152E-03 1.129E-04   442 -2.76E+01 -2.76E+01 1.473E-11 7.376E-13
     9     1 3.585E-01 3.266E-02     1 -5.03E+00 -5.00E+00 2.955E-08 1.518E-09
    10     1 1.152E-03 1.129E-04   442 -2.76E+01 -2.76E+01 1.473E-11 7.376E-13
                        (NSTEP:   754  DELTAT:   1.4541E+01  TIME:   6.1908E+03)
     1     1 1.176E+00 7.944E-02   882 -6.33E+01 -6.34E+01 4.186E-08 1.523E-09
     2     1 8.868E-04 6.309E-05   882 -6.33E+01 -6.33E+01 2.247E-11 1.160E-12
                        (NSTEP:   755  DELTAT:   1.5995E+01  TIME:   6.2067E+03)
     1     1 1.288E+00 8.710E-02   882 -6.32E+01 -6.33E+01 4.179E-08 1.520E-09
     2     1 1.066E-03 7.591E-05   882 -6.32E+01 -6.32E+01 2.460E-11 1.270E-12
                        (NSTEP:   756  DELTAT:   1.7595E+01  TIME:   6.2243E+03)
     1     1 1.412E+00 9.546E-02   882 -6.31E+01 -6.32E+01 4.172E-08 1.518E-09
     2     1 1.280E-03 9.128E-05   882 -6.31E+01 -6.31E+01 2.692E-11 1.390E-12
                        (NSTEP:   757  DELTAT:   1.9354E+01  TIME:   6.2437E+03)
     1     1 1.546E+00 1.046E-01   882 -6.30E+01 -6.31E+01 4.164E-08 1.515E-09
     2     1 1.536E-03 1.097E-04   882 -6.30E+01 -6.30E+01 2.945E-11 1.520E-12
     3     1 2.376E-01 2.165E-02     1 -5.02E+00 -5.00E+00 2.943E-08 1.512E-09
     4     1 5.060E-04 4.960E-05   442 -2.75E+01 -2.75E+01 9.761E-12 4.889E-13
                        (NSTEP:   758  DELTAT:   2.1290E+01  TIME:   6.2650E+03)
     1     1 1.692E+00 1.146E-01   882 -6.29E+01 -6.30E+01 4.155E-08 1.512E-09
     2     1 1.842E-03 1.318E-04   882 -6.29E+01 -6.29E+01 3.219E-11 1.662E-12
     3     1 2.608E-01 2.375E-02     1 -5.02E+00 -5.00E+00 2.936E-08 1.508E-09
     4     1 6.090E-04 5.967E-05   442 -2.74E+01 -2.74E+01 1.071E-11 5.364E-13
                        (NSTEP:   759  DELTAT:   2.3419E+01  TIME:   6.2884E+03)
     1     1 1.851E+00 1.254E-01   882 -6.28E+01 -6.29E+01 4.145E-08 1.508E-09
     2     1 2.206E-03 1.581E-04   882 -6.28E+01 -6.28E+01 3.517E-11 1.815E-12
     3     1 2.861E-01 2.605E-02     1 -5.03E+00 -5.00E+00 2.928E-08 1.504E-09
     4     1 7.325E-04 7.175E-05   442 -2.74E+01 -2.74E+01 1.175E-11 5.885E-13
                        (NSTEP:   760  DELTAT:   2.5761E+01  TIME:   6.3142E+03)
     1     1 2.024E+00 1.373E-01   882 -6.27E+01 -6.28E+01 4.135E-08 1.504E-09
     2     1 2.641E-03 1.896E-04   882 -6.27E+01 -6.27E+01 3.840E-11 1.982E-12
     3     1 3.138E-01 2.857E-02     1 -5.03E+00 -5.00E+00 2.920E-08 1.500E-09
     4     1 8.805E-04 8.622E-05   442 -2.73E+01 -2.73E+01 1.289E-11 6.454E-13
                        (NSTEP:   761  DELTAT:   2.8337E+01  TIME:   6.3425E+03)
     1     1 2.213E+00 1.501E-01   882 -6.25E+01 -6.27E+01 4.123E-08 1.500E-09
     2     1 3.157E-03 2.272E-04   882 -6.25E+01 -6.25E+01 4.189E-11 2.163E-12
     3     1 3.442E-01 3.132E-02     1 -5.03E+00 -5.00E+00 2.911E-08 1.496E-09
     4     1 1.058E-03 1.035E-04   442 -2.72E+01 -2.72E+01 1.414E-11 7.076E-13
     5     1 3.442E-01 3.132E-02     1 -5.03E+00 -5.00E+00 2.911E-08 1.496E-09
     6     1 1.058E-03 1.035E-04   442 -2.72E+01 -2.72E+01 1.414E-11 7.076E-13
     7     1 3.442E-01 3.132E-02     1 -5.03E+00 -5.00E+00 2.911E-08 1.496E-09
     8     1 1.058E-03 1.035E-04   442 -2.72E+01 -2.72E+01 1.414E-11 7.076E-13
     9     1 3.442E-01 3.132E-02     1 -5.03E+00 -5.00E+00 2.911E-08 1.496E-09
    10     1 1.058E-03 1.035E-04   442 -2.72E+01 -2.72E+01 1.414E-11 7.076E-13
                        (NSTEP:   761  DELTAT:   1.4168E+01  TIME:   6.3283E+03)
     1     1 1.108E+00 7.516E-02   882 -6.26E+01 -6.27E+01 4.123E-08 1.500E-09
     2     1 7.940E-04 5.707E-05   882 -6.26E+01 -6.26E+01 2.100E-11 1.084E-12
                        (NSTEP:   762  DELTAT:   1.5585E+01  TIME:   6.3439E+03)
     1     1 1.215E+00 8.242E-02   882 -6.25E+01 -6.26E+01 4.117E-08 1.498E-09
     2     1 9.545E-04 6.868E-05   882 -6.25E+01 -6.25E+01 2.300E-11 1.187E-12
                        (NSTEP:   763  DELTAT:   1.7144E+01  TIME:   6.3611E+03)
     1     1 1.331E+00 9.035E-02   882 -6.24E+01 -6.25E+01 4.110E-08 1.496E-09
     2     1 1.147E-03 8.261E-05   882 -6.24E+01 -6.24E+01 2.517E-11 1.299E-12
                        (NSTEP:   764  DELTAT:   1.8858E+01  TIME:   6.3799E+03)
     1     1 1.458E+00 9.901E-02   882 -6.23E+01 -6.24E+01 4.103E-08 1.493E-09
     2     1 1.376E-03 9.930E-05   882 -6.23E+01 -6.23E+01 2.754E-11 1.422E-12
                        (NSTEP:   765  DELTAT:   2.0744E+01  TIME:   6.4007E+03)
     1     1 1.596E+00 1.085E-01   882 -6.22E+01 -6.23E+01 4.094E-08 1.490E-09
     2     1 1.651E-03 1.193E-04   882 -6.22E+01 -6.22E+01 3.011E-11 1.555E-12
     3     1 2.504E-01 2.278E-02     1 -5.02E+00 -5.00E+00 2.893E-08 1.487E-09
     4     1 5.595E-04 5.476E-05   442 -2.71E+01 -2.71E+01 1.029E-11 5.148E-13
                        (NSTEP:   766  DELTAT:   2.2818E+01  TIME:   6.4235E+03)
     1     1 1.747E+00 1.188E-01   882 -6.21E+01 -6.22E+01 4.085E-08 1.487E-09
     2     1 1.979E-03 1.432E-04   882 -6.21E+01 -6.21E+01 3.291E-11 1.699E-12
     3     1 2.748E-01 2.499E-02     1 -5.02E+00 -5.00E+00 2.886E-08 1.483E-09
     4     1 6.731E-04 6.586E-05   442 -2.70E+01 -2.70E+01 1.129E-11 5.648E-13
                        (NSTEP:   767  DELTAT:   2.5100E+01  TIME:   6.4486E+03)
     1     1 1.911E+00 1.300E-01   882 -6.20E+01 -6.21E+01 4.075E-08 1.483E-09
     2     1 2.370E-03 1.718E-04   882 -6.20E+01 -6.20E+01 3.594E-11 1.855E-12
     3     1 3.014E-01 2.741E-02     1 -5.03E+00 -5.00E+00 2.879E-08 1.479E-09
     4     1 8.094E-04 7.917E-05   442 -2.69E+01 -2.69E+01 1.238E-11 6.195E-13
                        (NSTEP:   768  DELTAT:   2.7610E+01  TIME:   6.4762E+03)
     1     1 2.089E+00 1.422E-01   882 -6.18E+01 -6.20E+01 4.064E-08 1.479E-09
     2     1 2.835E-03 2.059E-04   882 -6.18E+01 -6.18E+01 3.923E-11 2.025E-12
     3     1 3.306E-01 3.005E-02     1 -5.03E+00 -5.00E+00 2.870E-08 1.475E-09
     4     1 9.727E-04 9.510E-05   442 -2.69E+01 -2.69E+01 1.358E-11 6.793E-13
                        (NSTEP:   769  DELTAT:   3.0371E+01  TIME:   6.5066E+03)
     1     1 2.282E+00 1.555E-01   882 -6.17E+01 -6.18E+01 4.053E-08 1.475E-09
     2     1 3.388E-03 2.466E-04   882 -6.17E+01 -6.17E+01 4.278E-11 2.208E-12
     3     1 3.625E-01 3.294E-02     1 -5.03E+00 -5.00E+00 2.861E-08 1.470E-09
     4     1 1.168E-03 1.142E-04   442 -2.68E+01 -2.68E+01 1.489E-11 7.447E-13
     5     1 3.625E-01 3.294E-02     1 -5.03E+00 -5.00E+00 2.861E-08 1.470E-09
     6     1 1.168E-03 1.142E-04   442 -2.68E+01 -2.68E+01 1.489E-11 7.447E-13
     7     1 3.625E-01 3.294E-02     1 -5.03E+00 -5.00E+00 2.861E-08 1.470E-09
     8     1 1.168E-03 1.142E-04   442 -2.68E+01 -2.68E+01 1.489E-11 7.447E-13
     9     1 3.625E-01 3.294E-02     1 -5.03E+00 -5.00E+00 2.861E-08 1.470E-09
    10     1 1.168E-03 1.142E-04   442 -2.68E+01 -2.68E+01 1.489E-11 7.447E-13
                        (NSTEP:   769  DELTAT:   1.5186E+01  TIME:   6.4914E+03)
     1     1 1.143E+00 7.787E-02   882 -6.17E+01 -6.18E+01 4.053E-08 1.475E-09
     2     1 8.522E-04 6.196E-05   882 -6.17E+01 -6.17E+01 2.145E-11 1.107E-12
                        (NSTEP:   770  DELTAT:   1.6704E+01  TIME:   6.5081E+03)
     1     1 1.253E+00 8.538E-02   882 -6.16E+01 -6.17E+01 4.046E-08 1.472E-09
     2     1 1.024E-03 7.455E-05   882 -6.16E+01 -6.16E+01 2.348E-11 1.212E-12
                        (NSTEP:   771  DELTAT:   1.8375E+01  TIME:   6.5265E+03)
     1     1 1.373E+00 9.358E-02   882 -6.16E+01 -6.16E+01 4.039E-08 1.470E-09
     2     1 1.230E-03 8.964E-05   882 -6.16E+01 -6.16E+01 2.570E-11 1.326E-12
                        (NSTEP:   772  DELTAT:   2.0212E+01  TIME:   6.5467E+03)
     1     1 1.503E+00 1.025E-01   882 -6.15E+01 -6.16E+01 4.031E-08 1.467E-09
     2     1 1.476E-03 1.077E-04   882 -6.15E+01 -6.15E+01 2.810E-11 1.451E-12
     3     1 2.402E-01 2.184E-02     1 -5.02E+00 -5.00E+00 2.849E-08 1.464E-09
     4     1 5.131E-04 5.015E-05   442 -2.67E+01 -2.67E+01 9.871E-12 4.936E-13
                        (NSTEP:   773  DELTAT:   2.2233E+01  TIME:   6.5689E+03)
     1     1 1.645E+00 1.123E-01   882 -6.13E+01 -6.15E+01 4.023E-08 1.464E-09
     2     1 1.770E-03 1.294E-04   882 -6.13E+01 -6.13E+01 3.072E-11 1.586E-12
     3     1 2.636E-01 2.396E-02     1 -5.02E+00 -5.00E+00 2.843E-08 1.461E-09
     4     1 6.175E-04 6.034E-05   442 -2.66E+01 -2.66E+01 1.083E-11 5.416E-13
                        (NSTEP:   774  DELTAT:   2.4457E+01  TIME:   6.5934E+03)
     1     1 1.800E+00 1.229E-01   882 -6.12E+01 -6.13E+01 4.013E-08 1.461E-09
     2     1 2.120E-03 1.552E-04   882 -6.12E+01 -6.12E+01 3.356E-11 1.732E-12
     3     1 2.893E-01 2.628E-02     1 -5.03E+00 -5.00E+00 2.836E-08 1.457E-09
     4     1 7.427E-04 7.255E-05   442 -2.66E+01 -2.66E+01 1.189E-11 5.941E-13
                        (NSTEP:   775  DELTAT:   2.6902E+01  TIME:   6.6203E+03)
     1     1 1.969E+00 1.345E-01   882 -6.11E+01 -6.12E+01 4.003E-08 1.457E-09
     2     1 2.537E-03 1.861E-04   882 -6.11E+01 -6.11E+01 3.664E-11 1.891E-12
     3     1 3.173E-01 2.882E-02     1 -5.03E+00 -5.00E+00 2.828E-08 1.453E-09
     4     1 8.928E-04 8.719E-05   442 -2.65E+01 -2.65E+01 1.304E-11 6.516E-13
                        (NSTEP:   776  DELTAT:   2.9592E+01  TIME:   6.6499E+03)
     1     1 2.151E+00 1.471E-01   882 -6.09E+01 -6.11E+01 3.992E-08 1.453E-09
     2     1 3.034E-03 2.230E-04   882 -6.09E+01 -6.09E+01 3.997E-11 2.063E-12
     3     1 3.479E-01 3.159E-02     1 -5.03E+00 -5.00E+00 2.819E-08 1.448E-09
     4     1 1.073E-03 1.047E-04   442 -2.65E+01 -2.65E+01 1.430E-11 7.144E-13
     5     1 3.479E-01 3.159E-02     1 -5.03E+00 -5.00E+00 2.819E-08 1.448E-09
     6     1 1.073E-03 1.047E-04   442 -2.65E+01 -2.65E+01 1.430E-11 7.144E-13
     7     1 3.479E-01 3.159E-02     1 -5.03E+00 -5.00E+00 2.819E-08 1.448E-09
     8     1 1.073E-03 1.047E-04   442 -2.65E+01 -2.65E+01 1.430E-11 7.144E-13
     9     1 3.479E-01 3.159E-02     1 -5.03E+00 -5.00E+00 2.819E-08 1.448E-09
    10     1 1.073E-03 1.047E-04   442 -2.65E+01 -2.65E+01 1.430E-11 7.144E-13
                        (NSTEP:   776  DELTAT:   1.4796E+01  TIME:   6.6351E+03)
     1     1 1.078E+00 7.367E-02   882 -6.10E+01 -6.11E+01 3.992E-08 1.453E-09
     2     1 7.629E-04 5.602E-05   882 -6.10E+01 -6.10E+01 2.004E-11 1.034E-12
                        (NSTEP:   777  DELTAT:   1.6276E+01  TIME:   6.6513E+03)
     1     1 1.181E+00 8.078E-02   882 -6.09E+01 -6.10E+01 3.986E-08 1.451E-09
     2     1 9.171E-04 6.741E-05   882 -6.09E+01 -6.09E+01 2.194E-11 1.133E-12
                        (NSTEP:   778  DELTAT:   1.7903E+01  TIME:   6.6692E+03)
     1     1 1.294E+00 8.855E-02   882 -6.08E+01 -6.09E+01 3.979E-08 1.448E-09
     2     1 1.102E-03 8.108E-05   882 -6.08E+01 -6.08E+01 2.402E-11 1.240E-12
                        (NSTEP:   779  DELTAT:   1.9694E+01  TIME:   6.6889E+03)
     1     1 1.418E+00 9.703E-02   882 -6.07E+01 -6.08E+01 3.972E-08 1.446E-09
     2     1 1.323E-03 9.746E-05   882 -6.07E+01 -6.07E+01 2.627E-11 1.356E-12
                        (NSTEP:   780  DELTAT:   2.1663E+01  TIME:   6.7106E+03)
     1     1 1.552E+00 1.063E-01   882 -6.06E+01 -6.07E+01 3.964E-08 1.443E-09
     2     1 1.586E-03 1.171E-04   882 -6.06E+01 -6.06E+01 2.873E-11 1.483E-12
     3     1 2.532E-01 2.298E-02     1 -5.02E+00 -5.00E+00 2.802E-08 1.439E-09
     4     1 5.674E-04 5.538E-05   442 -2.63E+01 -2.63E+01 1.040E-11 5.197E-13
                        (NSTEP:   781  DELTAT:   2.3829E+01  TIME:   6.7344E+03)
     1     1 1.699E+00 1.164E-01   882 -6.05E+01 -6.06E+01 3.955E-08 1.439E-09
     2     1 1.902E-03 1.405E-04   882 -6.05E+01 -6.05E+01 3.139E-11 1.620E-12
     3     1 2.778E-01 2.521E-02     1 -5.03E+00 -5.00E+00 2.795E-08 1.436E-09
     4     1 6.826E-04 6.660E-05   442 -2.63E+01 -2.63E+01 1.141E-11 5.702E-13
                        (NSTEP:   782  DELTAT:   2.6212E+01  TIME:   6.7606E+03)
     1     1 1.858E+00 1.274E-01   882 -6.04E+01 -6.05E+01 3.945E-08 1.436E-09
     2     1 2.277E-03 1.686E-04   882 -6.04E+01 -6.04E+01 3.428E-11 1.770E-12
     3     1 3.047E-01 2.765E-02     1 -5.03E+00 -5.00E+00 2.788E-08 1.432E-09
     4     1 8.208E-04 8.006E-05   442 -2.62E+01 -2.62E+01 1.252E-11 6.254E-13
                        (NSTEP:   783  DELTAT:   2.8834E+01  TIME:   6.7895E+03)
     1     1 2.031E+00 1.394E-01   882 -6.03E+01 -6.04E+01 3.935E-08 1.432E-09
     2     1 2.724E-03 2.020E-04   882 -6.03E+01 -6.03E+01 3.741E-11 1.931E-12
     3     1 3.342E-01 3.032E-02     1 -5.03E+00 -5.00E+00 2.780E-08 1.428E-09
     4     1 9.863E-04 9.618E-05   442 -2.61E+01 -2.61E+01 1.373E-11 6.858E-13
                        (NSTEP:   784  DELTAT:   3.1717E+01  TIME:   6.8212E+03)
     1     1 2.219E+00 1.524E-01   882 -6.01E+01 -6.03E+01 3.923E-08 1.428E-09
     2     1 3.255E-03 2.419E-04   882 -6.01E+01 -6.01E+01 4.079E-11 2.106E-12
     3     1 3.664E-01 3.323E-02     1 -5.03E+00 -5.00E+00 2.771E-08 1.423E-09
     4     1 1.185E-03 1.155E-04   442 -2.61E+01 -2.61E+01 1.506E-11 7.518E-13
     5     1 3.664E-01 3.323E-02     1 -5.03E+00 -5.00E+00 2.771E-08 1.423E-09
     6     1 1.185E-03 1.155E-04   442 -2.61E+01 -2.61E+01 1.506E-11 7.518E-13
     7     1 3.664E-01 3.323E-02     1 -5.03E+00 -5.00E+00 2.771E-08 1.423E-09
     8     1 1.185E-03 1.155E-04   442 -2.61E+01 -2.61E+01 1.506E-11 7.518E-13
     9     1 3.664E-01 3.323E-02     1 -5.03E+00 -5.00E+00 2.771E-08 1.423E-09
    10     1 1.185E-03 1.155E-04   442 -2.61E+01 -2.61E+01 1.506E-11 7.518E-13
                        (NSTEP:   784  DELTAT:   1.5859E+01  TIME:   6.8053E+03)
     1     1 1.112E+00 7.630E-02   882 -6.02E+01 -6.03E+01 3.923E-08 1.428E-09
     2     1 8.188E-04 6.079E-05   882 -6.02E+01 -6.02E+01 2.045E-11 1.056E-12
                        (NSTEP:   785  DELTAT:   1.7444E+01  TIME:   6.8228E+03)
     1     1 1.218E+00 8.365E-02   882 -6.01E+01 -6.02E+01 3.917E-08 1.426E-09
     2     1 9.839E-04 7.313E-05   882 -6.01E+01 -6.01E+01 2.239E-11 1.156E-12
                        (NSTEP:   786  DELTAT:   1.9189E+01  TIME:   6.8420E+03)
     1     1 1.335E+00 9.169E-02   882 -6.00E+01 -6.01E+01 3.910E-08 1.423E-09
     2     1 1.182E-03 8.793E-05   882 -6.00E+01 -6.00E+01 2.450E-11 1.265E-12
                        (NSTEP:   787  DELTAT:   2.1108E+01  TIME:   6.8631E+03)
     1     1 1.462E+00 1.005E-01   882 -5.99E+01 -6.00E+01 3.902E-08 1.421E-09
     2     1 1.418E-03 1.057E-04   882 -5.99E+01 -5.99E+01 2.680E-11 1.383E-12
     3     1 2.429E-01 2.203E-02     1 -5.02E+00 -5.00E+00 2.759E-08 1.418E-09
     4     1 5.203E-04 5.073E-05   442 -2.60E+01 -2.60E+01 9.981E-12 4.983E-13
                        (NSTEP:   788  DELTAT:   2.3218E+01  TIME:   6.8863E+03)
     1     1 1.600E+00 1.100E-01   882 -5.98E+01 -5.99E+01 3.894E-08 1.418E-09
     2     1 1.700E-03 1.269E-04   882 -5.98E+01 -5.98E+01 2.929E-11 1.512E-12
     3     1 2.665E-01 2.416E-02     1 -5.02E+00 -5.00E+00 2.753E-08 1.414E-09
     4     1 6.262E-04 6.103E-05   442 -2.59E+01 -2.59E+01 1.095E-11 5.469E-13
                        (NSTEP:   789  DELTAT:   2.5540E+01  TIME:   6.9118E+03)
     1     1 1.750E+00 1.204E-01   882 -5.97E+01 -5.98E+01 3.885E-08 1.414E-09
     2     1 2.037E-03 1.522E-04   882 -5.97E+01 -5.97E+01 3.200E-11 1.652E-12
     3     1 2.924E-01 2.651E-02     1 -5.03E+00 -5.00E+00 2.746E-08 1.411E-09
     4     1 7.532E-04 7.339E-05   442 -2.58E+01 -2.58E+01 1.202E-11 6.000E-13
                        (NSTEP:   790  DELTAT:   2.8094E+01  TIME:   6.9399E+03)
     1     1 1.914E+00 1.318E-01   882 -5.95E+01 -5.97E+01 3.875E-08 1.411E-09
     2     1 2.438E-03 1.825E-04   882 -5.95E+01 -5.95E+01 3.493E-11 1.803E-12
     3     1 3.207E-01 2.907E-02     1 -5.03E+00 -5.00E+00 2.738E-08 1.407E-09
     4     1 9.054E-04 8.819E-05   442 -2.58E+01 -2.58E+01 1.318E-11 6.582E-13
                        (NSTEP:   791  DELTAT:   3.0904E+01  TIME:   6.9708E+03)
     1     1 2.092E+00 1.441E-01   882 -5.94E+01 -5.95E+01 3.864E-08 1.407E-09
     2     1 2.915E-03 2.186E-04   882 -5.94E+01 -5.94E+01 3.810E-11 1.967E-12
     3     1 3.517E-01 3.186E-02     1 -5.03E+00 -5.00E+00 2.730E-08 1.403E-09
     4     1 1.088E-03 1.059E-04   442 -2.57E+01 -2.57E+01 1.446E-11 7.218E-13
     5     1 3.517E-01 3.186E-02     1 -5.03E+00 -5.00E+00 2.730E-08 1.403E-09
     6     1 1.088E-03 1.059E-04   442 -2.57E+01 -2.57E+01 1.446E-11 7.218E-13
     7     1 3.517E-01 3.186E-02     1 -5.03E+00 -5.00E+00 2.730E-08 1.403E-09
     8     1 1.088E-03 1.059E-04   442 -2.57E+01 -2.57E+01 1.446E-11 7.218E-13
     9     1 3.517E-01 3.186E-02     1 -5.03E+00 -5.00E+00 2.730E-08 1.403E-09
    10     1 1.088E-03 1.059E-04   442 -2.57E+01 -2.57E+01 1.446E-11 7.218E-13
                        (NSTEP:   791  DELTAT:   1.5452E+01  TIME:   6.9554E+03)
     1     1 1.048E+00 7.217E-02   882 -5.95E+01 -5.95E+01 3.864E-08 1.407E-09
     2     1 7.331E-04 5.493E-05   882 -5.95E+01 -5.95E+01 1.910E-11 9.860E-13
                        (NSTEP:   792  DELTAT:   1.6997E+01  TIME:   6.9724E+03)
     1     1 1.149E+00 7.913E-02   882 -5.94E+01 -5.95E+01 3.858E-08 1.405E-09
     2     1 8.812E-04 6.610E-05   882 -5.94E+01 -5.94E+01 2.091E-11 1.080E-12
                        (NSTEP:   793  DELTAT:   1.8697E+01  TIME:   6.9911E+03)
     1     1 1.259E+00 8.674E-02   882 -5.93E+01 -5.94E+01 3.852E-08 1.402E-09
     2     1 1.059E-03 7.950E-05   882 -5.93E+01 -5.93E+01 2.289E-11 1.182E-12
                        (NSTEP:   794  DELTAT:   2.0566E+01  TIME:   7.0116E+03)
     1     1 1.378E+00 9.505E-02   882 -5.92E+01 -5.93E+01 3.845E-08 1.400E-09
     2     1 1.271E-03 9.555E-05   882 -5.92E+01 -5.92E+01 2.504E-11 1.293E-12
                        (NSTEP:   795  DELTAT:   2.2623E+01  TIME:   7.0343E+03)
     1     1 1.509E+00 1.041E-01   882 -5.91E+01 -5.92E+01 3.837E-08 1.397E-09
     2     1 1.525E-03 1.148E-04   882 -5.91E+01 -5.91E+01 2.738E-11 1.413E-12
     3     1 2.559E-01 2.318E-02     1 -5.02E+00 -5.00E+00 2.713E-08 1.394E-09
     4     1 5.753E-04 5.601E-05   442 -2.56E+01 -2.56E+01 1.052E-11 5.252E-13
                        (NSTEP:   796  DELTAT:   2.4885E+01  TIME:   7.0591E+03)
     1     1 1.652E+00 1.140E-01   882 -5.90E+01 -5.91E+01 3.828E-08 1.394E-09
     2     1 1.827E-03 1.378E-04   882 -5.90E+01 -5.90E+01 2.991E-11 1.544E-12
     3     1 2.808E-01 2.543E-02     1 -5.03E+00 -5.00E+00 2.706E-08 1.390E-09
     4     1 6.922E-04 6.737E-05   442 -2.55E+01 -2.55E+01 1.154E-11 5.763E-13
                        (NSTEP:   797  DELTAT:   2.7374E+01  TIME:   7.0865E+03)
     1     1 1.807E+00 1.248E-01   882 -5.89E+01 -5.90E+01 3.819E-08 1.390E-09
     2     1 2.188E-03 1.652E-04   882 -5.89E+01 -5.89E+01 3.266E-11 1.686E-12
     3     1 3.080E-01 2.789E-02     1 -5.03E+00 -5.00E+00 2.699E-08 1.387E-09
     4     1 8.323E-04 8.099E-05   442 -2.55E+01 -2.55E+01 1.266E-11 6.323E-13
                        (NSTEP:   798  DELTAT:   3.0111E+01  TIME:   7.1166E+03)
     1     1 1.975E+00 1.365E-01   882 -5.87E+01 -5.89E+01 3.809E-08 1.387E-09
     2     1 2.618E-03 1.980E-04   882 -5.87E+01 -5.87E+01 3.564E-11 1.840E-12
     3     1 3.378E-01 3.058E-02     1 -5.03E+00 -5.00E+00 2.691E-08 1.383E-09
     4     1 1.000E-03 9.730E-05   442 -2.54E+01 -2.54E+01 1.389E-11 6.935E-13
                        (NSTEP:   799  DELTAT:   3.3123E+01  TIME:   7.1498E+03)
     1     1 2.158E+00 1.492E-01   882 -5.86E+01 -5.87E+01 3.798E-08 1.383E-09
     2     1 3.128E-03 2.371E-04   882 -5.86E+01 -5.86E+01 3.886E-11 2.006E-12
     3     1 3.704E-01 3.351E-02     1 -5.03E+00 -5.00E+00 2.683E-08 1.378E-09
     4     1 1.201E-03 1.168E-04   442 -2.53E+01 -2.53E+01 1.523E-11 7.604E-13
     5     1 3.704E-01 3.351E-02     1 -5.03E+00 -5.00E+00 2.683E-08 1.378E-09
     6     1 1.201E-03 1.168E-04   442 -2.53E+01 -2.53E+01 1.523E-11 7.604E-13
     7     1 3.704E-01 3.351E-02     1 -5.03E+00 -5.00E+00 2.683E-08 1.378E-09
     8     1 1.201E-03 1.168E-04   442 -2.53E+01 -2.53E+01 1.523E-11 7.604E-13
     9     1 3.704E-01 3.351E-02     1 -5.03E+00 -5.00E+00 2.683E-08 1.378E-09
    10     1 1.201E-03 1.168E-04   442 -2.53E+01 -2.53E+01 1.523E-11 7.604E-13
                        (NSTEP:   799  DELTAT:   1.6561E+01  TIME:   7.1332E+03)
     1     1 1.081E+00 7.473E-02   882 -5.87E+01 -5.87E+01 3.798E-08 1.383E-09
     2     1 7.869E-04 5.958E-05   882 -5.87E+01 -5.87E+01 1.949E-11 1.006E-12
                        (NSTEP:   800  DELTAT:   1.8217E+01  TIME:   7.1514E+03)
     1     1 1.185E+00 8.193E-02   882 -5.86E+01 -5.87E+01 3.791E-08 1.381E-09
     2     1 9.456E-04 7.167E-05   882 -5.86E+01 -5.86E+01 2.133E-11 1.101E-12
                        (NSTEP:   801  DELTAT:   2.0039E+01  TIME:   7.1714E+03)
     1     1 1.298E+00 8.980E-02   882 -5.85E+01 -5.86E+01 3.785E-08 1.378E-09
     2     1 1.136E-03 8.617E-05   882 -5.85E+01 -5.85E+01 2.334E-11 1.205E-12
                        (NSTEP:   802  DELTAT:   1.4275E+01  TIME:   7.1857E+03)
     1     1 9.212E-01 6.376E-02   882 -5.84E+01 -5.85E+01 3.777E-08 1.375E-09
     2     1 5.732E-04 4.353E-05   882 -5.84E+01 -5.84E+01 1.655E-11 8.544E-13
                        (NSTEP:   803  DELTAT:   1.4275E+01  TIME:   7.2000E+03)
     1     1 9.184E-01 6.358E-02   882 -5.84E+01 -5.84E+01 3.772E-08 1.374E-09
     2     1 5.701E-04 4.333E-05   882 -5.84E+01 -5.84E+01 1.649E-11 8.511E-13
