#INITIAL VOLUME OF WATER IN THE SUBSURFACE =   4.72647E+01
#NSTEP       DELTAT         TIME  NLIN   AVG.LIN       STORE1       STORE2       DSTORE   CUM.DSTORE       VIN  CUM.VIN       VOUT    CUM.VOUT   VIN+VOUT   CUM. VIN  M.BAL.ERR   REL. MBE   CUM. MBE      CUM.
#                                 ITER.    ITER.                             (>0 x inc)                                                                      + VOUT  (Vi+Vo-Ds)        (%)             ABS(MBE)
     1 5.000000E+00 5.000000E+00     1 1.000E+00 4.727407E+01 4.726472E+01  9.65620E-19  9.65620E-19 0.000E+00 0.000E+00  0.000E+00  0.000E+00  0.000E+00  0.000E+00 -9.656E-19  0.000E+00 -9.656E-19 9.656E-19
     2 2.750000E+00 7.750000E+00     3 1.000E+00 4.727408E+01 4.726473E+01  8.25593E-06  8.25593E-06 4.143E-06 4.143E-06  0.000E+00  0.000E+00  4.143E-06  4.143E-06 -4.113E-06 -9.928E+01 -4.113E-06 4.113E-06
     3 1.512500E+00 9.262500E+00     4 1.000E+00 4.727409E+01 4.726473E+01  4.53486E-06  1.27908E-05 4.554E-06 8.697E-06  0.000E+00  0.000E+00  4.554E-06  8.697E-06  1.921E-08  4.218E-01 -4.094E-06 4.132E-06
     4 1.663750E+00 1.092625E+01     4 1.000E+00 4.727409E+01 4.726474E+01  4.98110E-06  1.77719E-05 5.002E-06 1.370E-05  0.000E+00  0.000E+00  5.002E-06  1.370E-05  2.140E-08  4.277E-01 -4.073E-06 4.154E-06
     5 1.830125E+00 1.275638E+01     4 1.000E+00 4.727409E+01 4.726474E+01  5.47047E-06  2.32424E-05 5.494E-06 1.919E-05  0.000E+00  0.000E+00  5.494E-06  1.919E-05  2.386E-08  4.342E-01 -4.049E-06 4.178E-06
     6 2.013138E+00 1.476951E+01     4 1.000E+00 4.727410E+01 4.726475E+01  6.00698E-06  2.92493E-05 6.034E-06 2.523E-05  0.000E+00  0.000E+00  6.034E-06  2.523E-05  2.663E-08  4.413E-01 -4.022E-06 4.204E-06
     7 2.214451E+00 1.698396E+01     4 1.000E+00 4.727411E+01 4.726475E+01  6.59499E-06  3.58443E-05 6.625E-06 3.185E-05  0.000E+00  0.000E+00  6.625E-06  3.185E-05  2.975E-08  4.491E-01 -3.992E-06 4.234E-06
     8 2.435896E+00 1.941986E+01     4 1.000E+00 4.727411E+01 4.726476E+01  7.23920E-06  4.30835E-05 7.272E-06 3.912E-05  0.000E+00  0.000E+00  7.272E-06  3.912E-05  3.328E-08  4.577E-01 -3.959E-06 4.267E-06
     9 2.679486E+00 2.209935E+01     4 1.000E+00 4.727412E+01 4.726477E+01  7.94472E-06  5.10283E-05 7.982E-06 4.711E-05  0.000E+00  0.000E+00  7.982E-06  4.711E-05  3.728E-08  4.670E-01 -3.922E-06 4.305E-06
    10 1.473717E+00 2.357306E+01     4 1.000E+00 4.727412E+01 4.726477E+01  4.36416E-06  5.53924E-05 4.382E-06 5.149E-05  0.000E+00  0.000E+00  4.382E-06  5.149E-05  1.805E-08  4.119E-01 -3.904E-06 4.323E-06
    11 1.621089E+00 2.519415E+01     4 1.000E+00 4.727413E+01 4.726478E+01  4.79388E-06  6.01863E-05 4.814E-06 5.630E-05  0.000E+00  0.000E+00  4.814E-06  5.630E-05  2.010E-08  4.176E-01 -3.884E-06 4.343E-06
    12 1.783198E+00 2.697735E+01     4 1.000E+00 4.727413E+01 4.726478E+01  5.26520E-06  6.54515E-05 5.288E-06 6.159E-05  0.000E+00  0.000E+00  5.288E-06  6.159E-05  2.241E-08  4.239E-01 -3.861E-06 4.365E-06
    13 1.961518E+00 2.893887E+01     4 1.000E+00 4.727414E+01 4.726479E+01  5.78199E-06  7.12335E-05 5.807E-06 6.740E-05  0.000E+00  0.000E+00  5.807E-06  6.740E-05  2.501E-08  4.308E-01 -3.836E-06 4.390E-06
    14 2.157670E+00 3.109654E+01     4 1.000E+00 4.727414E+01 4.726480E+01  6.34847E-06  7.75820E-05 6.376E-06 7.377E-05  0.000E+00  0.000E+00  6.376E-06  7.377E-05  2.795E-08  4.383E-01 -3.808E-06 4.418E-06
    15 2.373436E+00 3.346997E+01     4 1.000E+00 4.727415E+01 4.726480E+01  6.96920E-06  8.45512E-05 7.000E-06 8.077E-05  0.000E+00  0.000E+00  7.000E-06  8.077E-05  3.126E-08  4.465E-01 -3.777E-06 4.449E-06
    16 2.610780E+00 3.608075E+01     4 1.000E+00 4.727415E+01 4.726481E+01  7.64912E-06  9.22003E-05 7.684E-06 8.846E-05  0.000E+00  0.000E+00  7.684E-06  8.846E-05  3.500E-08  4.555E-01 -3.742E-06 4.484E-06
    17 2.871858E+00 3.895261E+01     4 1.000E+00 4.727416E+01 4.726482E+01  8.39357E-06  1.00594E-04 8.433E-06 9.689E-05  0.000E+00  0.000E+00  8.433E-06  9.689E-05  3.924E-08  4.653E-01 -3.703E-06 4.524E-06
    18 1.579522E+00 4.053213E+01     4 1.000E+00 4.727417E+01 4.726482E+01  4.61042E-06  1.05204E-04 4.629E-06 1.015E-04  0.000E+00  0.000E+00  4.629E-06  1.015E-04  1.886E-08  4.074E-01 -3.684E-06 4.542E-06
    19 1.737474E+00 4.226961E+01     4 1.000E+00 4.727417E+01 4.726483E+01  5.06402E-06  1.10268E-04 5.085E-06 1.066E-04  0.000E+00  0.000E+00  5.085E-06  1.066E-04  2.102E-08  4.134E-01 -3.663E-06 4.563E-06
    20 1.911222E+00 4.418083E+01     4 1.000E+00 4.727418E+01 4.726483E+01  5.56146E-06  1.15830E-04 5.585E-06 1.122E-04  0.000E+00  0.000E+00  5.585E-06  1.122E-04  2.346E-08  4.200E-01 -3.639E-06 4.587E-06
    21 2.102344E+00 4.628317E+01     4 1.000E+00 4.727418E+01 4.726484E+01  6.10680E-06  1.21937E-04 6.133E-06 1.183E-04  0.000E+00  0.000E+00  6.133E-06  1.183E-04  2.620E-08  4.272E-01 -3.613E-06 4.613E-06
    22 2.312578E+00 4.859575E+01     4 1.000E+00 4.727419E+01 4.726485E+01  6.70446E-06  1.28641E-04 6.734E-06 1.251E-04  0.000E+00  0.000E+00  6.734E-06  1.251E-04  2.930E-08  4.351E-01 -3.584E-06 4.642E-06
    23 2.543836E+00 5.113959E+01     4 1.000E+00 4.727419E+01 4.726485E+01  7.35923E-06  1.36000E-04 7.392E-06 1.324E-04  0.000E+00  0.000E+00  7.392E-06  1.324E-04  3.281E-08  4.438E-01 -3.551E-06 4.675E-06
    24 2.798220E+00 5.393781E+01     4 1.000E+00 4.727420E+01 4.726486E+01  8.07628E-06  1.44077E-04 8.113E-06 1.406E-04  0.000E+00  0.000E+00  8.113E-06  1.406E-04  3.678E-08  4.533E-01 -3.514E-06 4.712E-06
    25 1.539021E+00 5.547683E+01     4 1.000E+00 4.727420E+01 4.726487E+01  4.43638E-06  1.48513E-04 4.454E-06 1.450E-04  0.000E+00  0.000E+00  4.454E-06  1.450E-04  1.771E-08  3.977E-01 -3.497E-06 4.730E-06
    26 1.692923E+00 5.716975E+01     4 1.000E+00 4.727421E+01 4.726487E+01  4.87315E-06  1.53386E-04 4.893E-06 1.499E-04  0.000E+00  0.000E+00  4.893E-06  1.499E-04  1.974E-08  4.035E-01 -3.477E-06 4.749E-06
    27 1.862215E+00 5.903197E+01     4 1.000E+00 4.727421E+01 4.726488E+01  5.35219E-06  1.58738E-04 5.374E-06 1.553E-04  0.000E+00  0.000E+00  5.374E-06  1.553E-04  2.203E-08  4.098E-01 -3.455E-06 4.771E-06
    28 2.048437E+00 6.108040E+01     4 1.000E+00 4.727422E+01 4.726488E+01  5.87744E-06  1.64616E-04 5.902E-06 1.612E-04  0.000E+00  0.000E+00  5.902E-06  1.612E-04  2.460E-08  4.168E-01 -3.430E-06 4.796E-06
    29 2.253280E+00 6.333368E+01     4 1.000E+00 4.727422E+01 4.726489E+01  6.45316E-06  1.71069E-04 6.481E-06 1.677E-04  0.000E+00  0.000E+00  6.481E-06  1.677E-04  2.751E-08  4.244E-01 -3.403E-06 4.824E-06
    30 2.478608E+00 6.581229E+01     4 1.000E+00 4.727423E+01 4.726490E+01  7.08400E-06  1.78153E-04 7.115E-06 1.748E-04  0.000E+00  0.000E+00  7.115E-06  1.748E-04  3.079E-08  4.328E-01 -3.372E-06 4.854E-06
    31 2.726469E+00 6.853876E+01     4 1.000E+00 4.727424E+01 4.726490E+01  7.77497E-06  1.85928E-04 7.809E-06 1.826E-04  0.000E+00  0.000E+00  7.809E-06  1.826E-04  3.451E-08  4.419E-01 -3.337E-06 4.889E-06
    32 2.999116E+00 7.153788E+01     4 1.000E+00 4.727424E+01 4.726491E+01  8.53149E-06  1.94459E-04 8.570E-06 1.912E-04  0.000E+00  0.000E+00  8.570E-06  1.912E-04  3.873E-08  4.519E-01 -3.299E-06 4.928E-06
    33 1.649514E+00 7.318739E+01     4 1.000E+00 4.727425E+01 4.726492E+01  4.68612E-06  1.99145E-04 4.705E-06 1.959E-04  0.000E+00  0.000E+00  4.705E-06  1.959E-04  1.851E-08  3.934E-01 -3.280E-06 4.946E-06
    34 1.814465E+00 7.500186E+01     4 1.000E+00 4.727425E+01 4.726492E+01  5.14711E-06  2.04293E-04 5.168E-06 2.010E-04  0.000E+00  0.000E+00  5.168E-06  2.010E-04  2.065E-08  3.995E-01 -3.259E-06 4.967E-06
    35 1.995912E+00 7.699777E+01     4 1.000E+00 4.727426E+01 4.726493E+01  5.65263E-06  2.09945E-04 5.676E-06 2.067E-04  0.000E+00  0.000E+00  5.676E-06  2.067E-04  2.306E-08  4.062E-01 -3.236E-06 4.990E-06
    36 2.195503E+00 7.919327E+01     4 1.000E+00 4.727426E+01 4.726493E+01  6.20682E-06  2.16152E-04 6.233E-06 2.129E-04  0.000E+00  0.000E+00  6.233E-06  2.129E-04  2.578E-08  4.136E-01 -3.211E-06 5.016E-06
    37 2.415053E+00 8.160832E+01     4 1.000E+00 4.727427E+01 4.726494E+01  6.81415E-06  2.22966E-04 6.843E-06 2.198E-04  0.000E+00  0.000E+00  6.843E-06  2.198E-04  2.885E-08  4.216E-01 -3.182E-06 5.044E-06
    38 2.656558E+00 8.426488E+01     4 1.000E+00 4.727428E+01 4.726495E+01  7.47949E-06  2.30446E-04 7.512E-06 2.273E-04  0.000E+00  0.000E+00  7.512E-06  2.273E-04  3.233E-08  4.304E-01 -3.149E-06 5.077E-06
    39 2.922214E+00 8.718710E+01     4 1.000E+00 4.727428E+01 4.726496E+01  8.20810E-06  2.38654E-04 8.244E-06 2.355E-04  0.000E+00  0.000E+00  8.244E-06  2.355E-04  3.628E-08  4.400E-01 -3.113E-06 5.113E-06
    40 1.607218E+00 8.879431E+01     4 1.000E+00 4.727429E+01 4.726496E+01  4.50874E-06  2.43162E-04 4.526E-06 2.401E-04  0.000E+00  0.000E+00  4.526E-06  2.401E-04  1.738E-08  3.839E-01 -3.096E-06 5.130E-06
    41 1.767940E+00 9.056225E+01     4 1.000E+00 4.727429E+01 4.726497E+01  4.95258E-06  2.48115E-04 4.972E-06 2.450E-04  0.000E+00  0.000E+00  4.972E-06  2.450E-04  1.938E-08  3.898E-01 -3.076E-06 5.150E-06
    42 1.944734E+00 9.250699E+01     4 1.000E+00 4.727430E+01 4.726497E+01  5.43936E-06  2.53554E-04 5.461E-06 2.505E-04  0.000E+00  0.000E+00  5.461E-06  2.505E-04  2.164E-08  3.962E-01 -3.055E-06 5.171E-06
    43 2.139207E+00 9.464619E+01     4 1.000E+00 4.727430E+01 4.726498E+01  5.97307E-06  2.59527E-04 5.997E-06 2.565E-04  0.000E+00  0.000E+00  5.997E-06  2.565E-04  2.419E-08  4.033E-01 -3.031E-06 5.196E-06
    44 2.353128E+00 9.699932E+01     4 1.000E+00 4.727431E+01 4.726498E+01  6.55806E-06  2.66086E-04 6.585E-06 2.631E-04  0.000E+00  0.000E+00  6.585E-06  2.631E-04  2.707E-08  4.110E-01 -3.004E-06 5.223E-06
    45 2.588440E+00 9.958776E+01     4 1.000E+00 4.727431E+01 4.726499E+01  7.19903E-06  2.73285E-04 7.229E-06 2.703E-04  0.000E+00  0.000E+00  7.229E-06  2.703E-04  3.033E-08  4.195E-01 -2.973E-06 5.253E-06
    46 2.847285E+00 1.024350E+02     4 1.000E+00 4.727432E+01 4.726500E+01  7.90107E-06  2.81186E-04 7.935E-06 2.782E-04  0.000E+00  0.000E+00  7.935E-06  2.782E-04  3.402E-08  4.288E-01 -2.939E-06 5.287E-06
    47 3.132013E+00 1.055671E+02     4 1.000E+00 4.727433E+01 4.726501E+01  8.66968E-06  2.89855E-04 8.708E-06 2.870E-04  0.000E+00  0.000E+00  8.708E-06  2.870E-04  3.822E-08  4.389E-01 -2.901E-06 5.325E-06
    48 1.722607E+00 1.072897E+02     4 1.000E+00 4.727433E+01 4.726501E+01  4.76198E-06  2.94617E-04 4.780E-06 2.917E-04  0.000E+00  0.000E+00  4.780E-06  2.917E-04  1.816E-08  3.799E-01 -2.883E-06 5.343E-06
    49 1.894868E+00 1.091845E+02     4 1.000E+00 4.727434E+01 4.726502E+01  5.23036E-06  2.99848E-04 5.251E-06 2.970E-04  0.000E+00  0.000E+00  5.251E-06  2.970E-04  2.027E-08  3.861E-01 -2.863E-06 5.364E-06
    50 2.084355E+00 1.112689E+02     4 1.000E+00 4.727434E+01 4.726502E+01  5.74398E-06  3.05592E-04 5.767E-06 3.028E-04  0.000E+00  0.000E+00  5.767E-06  3.028E-04  2.266E-08  3.929E-01 -2.840E-06 5.386E-06
    51 2.292790E+00 1.135617E+02     4 1.000E+00 4.727435E+01 4.726503E+01  6.30703E-06  3.11899E-04 6.332E-06 3.091E-04  0.000E+00  0.000E+00  6.332E-06  3.091E-04  2.535E-08  4.003E-01 -2.815E-06 5.412E-06
    52 2.522069E+00 1.160837E+02     4 1.000E+00 4.727435E+01 4.726504E+01  6.92406E-06  3.18823E-04 6.952E-06 3.160E-04  0.000E+00  0.000E+00  6.952E-06  3.160E-04  2.840E-08  4.085E-01 -2.786E-06 5.440E-06
    53 2.774276E+00 1.188580E+02     4 1.000E+00 4.727436E+01 4.726505E+01  7.60000E-06  3.26423E-04 7.632E-06 3.237E-04  0.000E+00  0.000E+00  7.632E-06  3.237E-04  3.186E-08  4.174E-01 -2.754E-06 5.472E-06
    54 3.051704E+00 1.219097E+02     4 1.000E+00 4.727437E+01 4.726505E+01  8.34018E-06  3.34763E-04 8.376E-06 3.320E-04  0.000E+00  0.000E+00  8.376E-06  3.320E-04  3.578E-08  4.272E-01 -2.719E-06 5.508E-06
    55 1.678437E+00 1.235882E+02     4 1.000E+00 4.727437E+01 4.726506E+01  4.58125E-06  3.39344E-04 4.598E-06 3.366E-04  0.000E+00  0.000E+00  4.598E-06  3.366E-04  1.704E-08  3.706E-01 -2.701E-06 5.525E-06
    56 1.846281E+00 1.254344E+02     4 1.000E+00 4.727438E+01 4.726506E+01  5.03217E-06  3.44376E-04 5.051E-06 3.417E-04  0.000E+00  0.000E+00  5.051E-06  3.417E-04  1.902E-08  3.765E-01 -2.682E-06 5.544E-06
    57 2.030909E+00 1.274654E+02     4 1.000E+00 4.727438E+01 4.726507E+01  5.52670E-06  3.49903E-04 5.548E-06 3.472E-04  0.000E+00  0.000E+00  5.548E-06  3.472E-04  2.125E-08  3.831E-01 -2.661E-06 5.565E-06
    58 2.234000E+00 1.296994E+02     4 1.000E+00 4.727439E+01 4.726507E+01  6.06890E-06  3.55972E-04 6.093E-06 3.533E-04  0.000E+00  0.000E+00  6.093E-06  3.533E-04  2.378E-08  3.902E-01 -2.637E-06 5.589E-06
    59 2.457400E+00 1.321568E+02     4 1.000E+00 4.727439E+01 4.726508E+01  6.66317E-06  3.62635E-04 6.690E-06 3.600E-04  0.000E+00  0.000E+00  6.690E-06  3.600E-04  2.663E-08  3.981E-01 -2.611E-06 5.615E-06
    60 2.703140E+00 1.348599E+02     4 1.000E+00 4.727440E+01 4.726509E+01  7.31429E-06  3.69949E-04 7.344E-06 3.674E-04  0.000E+00  0.000E+00  7.344E-06  3.674E-04  2.987E-08  4.067E-01 -2.581E-06 5.645E-06
    61 2.973454E+00 1.378333E+02     4 1.000E+00 4.727441E+01 4.726510E+01  8.02742E-06  3.77977E-04 8.061E-06 3.754E-04  0.000E+00  0.000E+00  8.061E-06  3.754E-04  3.354E-08  4.161E-01 -2.547E-06 5.679E-06
    62 3.270799E+00 1.411041E+02     4 1.000E+00 4.727442E+01 4.726511E+01  8.80815E-06  3.86785E-04 8.846E-06 3.843E-04  0.000E+00  0.000E+00  8.846E-06  3.843E-04  3.771E-08  4.264E-01 -2.510E-06 5.717E-06
    63 1.798939E+00 1.429031E+02     4 1.000E+00 4.727442E+01 4.726511E+01  4.83799E-06  3.91623E-04 4.856E-06 3.891E-04  0.000E+00  0.000E+00  4.856E-06  3.891E-04  1.781E-08  3.668E-01 -2.492E-06 5.734E-06
    64 1.978833E+00 1.448819E+02     4 1.000E+00 4.727442E+01 4.726512E+01  5.31379E-06  3.96937E-04 5.334E-06 3.945E-04  0.000E+00  0.000E+00  5.334E-06  3.945E-04  1.990E-08  3.731E-01 -2.472E-06 5.754E-06
    65 2.176717E+00 1.470586E+02     4 1.000E+00 4.727443E+01 4.726512E+01  5.83552E-06  4.02772E-04 5.858E-06 4.003E-04  0.000E+00  0.000E+00  5.858E-06  4.003E-04  2.226E-08  3.800E-01 -2.450E-06 5.777E-06
    66 2.394388E+00 1.494530E+02     4 1.000E+00 4.727444E+01 4.726513E+01  6.40745E-06  4.09180E-04 6.432E-06 4.068E-04  0.000E+00  0.000E+00  6.432E-06  4.068E-04  2.493E-08  3.875E-01 -2.425E-06 5.801E-06
    67 2.633827E+00 1.520869E+02     4 1.000E+00 4.727444E+01 4.726514E+01  7.03419E-06  4.16214E-04 7.062E-06 4.138E-04  0.000E+00  0.000E+00  7.062E-06  4.138E-04  2.795E-08  3.958E-01 -2.397E-06 5.829E-06
    68 2.897210E+00 1.549841E+02     4 1.000E+00 4.727445E+01 4.726514E+01  7.72075E-06  4.23935E-04 7.752E-06 4.216E-04  0.000E+00  0.000E+00  7.752E-06  4.216E-04  3.138E-08  4.048E-01 -2.365E-06 5.861E-06
    69 3.186931E+00 1.581710E+02     4 1.000E+00 4.727446E+01 4.726515E+01  8.47253E-06  4.32407E-04 8.508E-06 4.301E-04  0.000E+00  0.000E+00  8.508E-06  4.301E-04  3.529E-08  4.147E-01 -2.330E-06 5.896E-06
    70 3.505624E+00 1.616766E+02     4 1.000E+00 4.727446E+01 4.726516E+01  9.29537E-06  4.41702E-04 9.335E-06 4.394E-04  0.000E+00  0.000E+00  9.335E-06  4.394E-04  3.973E-08  4.256E-01 -2.290E-06 5.936E-06
    71 1.928093E+00 1.636047E+02     4 1.000E+00 4.727447E+01 4.726517E+01  5.10526E-06  4.46808E-04 5.124E-06 4.445E-04  0.000E+00  0.000E+00  5.124E-06  4.445E-04  1.860E-08  3.629E-01 -2.272E-06 5.954E-06
    72 2.120902E+00 1.657256E+02     4 1.000E+00 4.727447E+01 4.726517E+01  5.60692E-06  4.52415E-04 5.628E-06 4.502E-04  0.000E+00  0.000E+00  5.628E-06  4.502E-04  2.080E-08  3.696E-01 -2.251E-06 5.975E-06
    73 2.332993E+00 1.680586E+02     4 1.000E+00 4.727448E+01 4.726518E+01  6.15692E-06  4.58572E-04 6.180E-06 4.563E-04  0.000E+00  0.000E+00  6.180E-06  4.563E-04  2.329E-08  3.768E-01 -2.228E-06 5.998E-06
    74 2.566292E+00 1.706249E+02     4 1.000E+00 4.727449E+01 4.726518E+01  6.75973E-06  4.65331E-04 6.786E-06 4.631E-04  0.000E+00  0.000E+00  6.786E-06  4.631E-04  2.611E-08  3.848E-01 -2.202E-06 6.025E-06
    75 2.822921E+00 1.734478E+02     4 1.000E+00 4.727449E+01 4.726519E+01  7.42019E-06  4.72752E-04 7.450E-06 4.706E-04  0.000E+00  0.000E+00  7.450E-06  4.706E-04  2.931E-08  3.935E-01 -2.172E-06 6.054E-06
    76 3.105213E+00 1.765530E+02     4 1.000E+00 4.727450E+01 4.726520E+01  8.14354E-06  4.80895E-04 8.176E-06 4.788E-04  0.000E+00  0.000E+00  8.176E-06  4.788E-04  3.295E-08  4.030E-01 -2.139E-06 6.087E-06
    77 3.415735E+00 1.799688E+02     4 1.000E+00 4.727451E+01 4.726521E+01  8.93543E-06  4.89830E-04 8.973E-06 4.877E-04  0.000E+00  0.000E+00  8.973E-06  4.877E-04  3.709E-08  4.134E-01 -2.102E-06 6.124E-06
    78 1.878654E+00 1.818474E+02     4 1.000E+00 4.727451E+01 4.726521E+01  4.90786E-06  4.94738E-04 4.925E-06 4.927E-04  0.000E+00  0.000E+00  4.925E-06  4.927E-04  1.741E-08  3.534E-01 -2.085E-06 6.141E-06
    79 2.066519E+00 1.839139E+02     4 1.000E+00 4.727452E+01 4.726522E+01  5.39048E-06  5.00129E-04 5.410E-06 4.981E-04  0.000E+00  0.000E+00  5.410E-06  4.981E-04  1.946E-08  3.598E-01 -2.065E-06 6.161E-06
    80 2.273171E+00 1.861871E+02     4 1.000E+00 4.727452E+01 4.726522E+01  5.91969E-06  5.06049E-04 5.941E-06 5.040E-04  0.000E+00  0.000E+00  5.941E-06  5.040E-04  2.179E-08  3.668E-01 -2.044E-06 6.183E-06
    81 2.500489E+00 1.886876E+02     4 1.000E+00 4.727453E+01 4.726523E+01  6.49979E-06  5.12548E-04 6.524E-06 5.105E-04  0.000E+00  0.000E+00  6.524E-06  5.105E-04  2.443E-08  3.744E-01 -2.019E-06 6.207E-06
    82 2.750537E+00 1.914381E+02     4 1.000E+00 4.727453E+01 4.726524E+01  7.13549E-06  5.19684E-04 7.163E-06 5.177E-04  0.000E+00  0.000E+00  7.163E-06  5.177E-04  2.742E-08  3.828E-01 -1.992E-06 6.234E-06
    83 3.025591E+00 1.944637E+02     4 1.000E+00 4.727454E+01 4.726525E+01  7.83183E-06  5.27516E-04 7.863E-06 5.256E-04  0.000E+00  0.000E+00  7.863E-06  5.256E-04  3.082E-08  3.919E-01 -1.961E-06 6.265E-06
    84 3.328150E+00 1.977919E+02     4 1.000E+00 4.727455E+01 4.726525E+01  8.59430E-06  5.36110E-04 8.629E-06 5.342E-04  0.000E+00  0.000E+00  8.629E-06  5.342E-04  3.468E-08  4.020E-01 -1.926E-06 6.300E-06
    85 3.660965E+00 2.014528E+02     4 1.000E+00 4.727456E+01 4.726526E+01  9.42883E-06  5.45539E-04 9.468E-06 5.437E-04  0.000E+00  0.000E+00  9.468E-06  5.437E-04  3.909E-08  4.129E-01 -1.887E-06 6.339E-06
    86 2.013531E+00 2.034664E+02     4 1.000E+00 4.727456E+01 4.726527E+01  5.17852E-06  5.50717E-04 5.197E-06 5.488E-04  0.000E+00  0.000E+00  5.197E-06  5.488E-04  1.818E-08  3.499E-01 -1.869E-06 6.357E-06
    87 2.214884E+00 2.056813E+02     4 1.000E+00 4.727457E+01 4.726528E+01  5.68732E-06  5.56405E-04 5.708E-06 5.546E-04  0.000E+00  0.000E+00  5.708E-06  5.546E-04  2.035E-08  3.566E-01 -1.849E-06 6.378E-06
    88 2.436372E+00 2.081176E+02     4 1.000E+00 4.727457E+01 4.726528E+01  6.24515E-06  5.62650E-04 6.268E-06 5.608E-04  0.000E+00  0.000E+00  6.268E-06  5.608E-04  2.281E-08  3.639E-01 -1.826E-06 6.400E-06
    89 2.680010E+00 2.107976E+02     4 1.000E+00 4.727458E+01 4.726529E+01  6.85652E-06  5.69506E-04 6.882E-06 5.677E-04  0.000E+00  0.000E+00  6.882E-06  5.677E-04  2.560E-08  3.720E-01 -1.800E-06 6.426E-06
    90 2.948011E+00 2.137456E+02     4 1.000E+00 4.727459E+01 4.726530E+01  7.52635E-06  5.77033E-04 7.555E-06 5.753E-04  0.000E+00  0.000E+00  7.555E-06  5.753E-04  2.877E-08  3.808E-01 -1.771E-06 6.455E-06
    91 3.242812E+00 2.169885E+02     4 1.000E+00 4.727459E+01 4.726530E+01  8.25993E-06  5.85293E-04 8.292E-06 5.836E-04  0.000E+00  0.000E+00  8.292E-06  5.836E-04  3.237E-08  3.904E-01 -1.739E-06 6.487E-06
    92 3.567093E+00 2.205556E+02     4 1.000E+00 4.727460E+01 4.726531E+01  9.06301E-06  5.94356E-04 9.099E-06 5.927E-04  0.000E+00  0.000E+00  9.099E-06  5.927E-04  3.648E-08  4.009E-01 -1.703E-06 6.524E-06
    93 1.961901E+00 2.225175E+02     4 1.000E+00 4.727461E+01 4.726532E+01  4.97790E-06  5.99333E-04 4.995E-06 5.976E-04  0.000E+00  0.000E+00  4.995E-06  5.976E-04  1.701E-08  3.405E-01 -1.686E-06 6.541E-06
    94 2.158091E+00 2.246755E+02     4 1.000E+00 4.727461E+01 4.726532E+01  5.46736E-06  6.04801E-04 5.486E-06 6.031E-04  0.000E+00  0.000E+00  5.486E-06  6.031E-04  1.904E-08  3.470E-01 -1.667E-06 6.560E-06
    95 2.373900E+00 2.270494E+02     4 1.000E+00 4.727462E+01 4.726533E+01  6.00406E-06  6.10805E-04 6.025E-06 6.092E-04  0.000E+00  0.000E+00  6.025E-06  6.092E-04  2.133E-08  3.541E-01 -1.645E-06 6.581E-06
    96 2.611290E+00 2.296607E+02     4 1.000E+00 4.727462E+01 4.726534E+01  6.59237E-06  6.17397E-04 6.616E-06 6.158E-04  0.000E+00  0.000E+00  6.616E-06  6.158E-04  2.394E-08  3.618E-01 -1.621E-06 6.605E-06
    97 2.872419E+00 2.325332E+02     4 1.000E+00 4.727463E+01 4.726534E+01  7.23703E-06  6.24634E-04 7.264E-06 6.230E-04  0.000E+00  0.000E+00  7.264E-06  6.230E-04  2.689E-08  3.702E-01 -1.594E-06 6.632E-06
    98 3.159661E+00 2.356928E+02     4 1.000E+00 4.727464E+01 4.726535E+01  7.94318E-06  6.32577E-04 7.973E-06 6.310E-04  0.000E+00  0.000E+00  7.973E-06  6.310E-04  3.026E-08  3.795E-01 -1.564E-06 6.662E-06
    99 3.475627E+00 2.391684E+02     4 1.000E+00 4.727464E+01 4.726536E+01  8.71638E-06  6.41294E-04 8.750E-06 6.398E-04  0.000E+00  0.000E+00  8.750E-06  6.398E-04  3.410E-08  3.897E-01 -1.530E-06 6.696E-06
   100 3.823190E+00 2.429916E+02     4 1.000E+00 4.727465E+01 4.726537E+01  9.56261E-06  6.50856E-04 9.601E-06 6.494E-04  0.000E+00  0.000E+00  9.601E-06  6.494E-04  3.847E-08  4.007E-01 -1.492E-06 6.735E-06
   101 2.102755E+00 2.450944E+02     4 1.000E+00 4.727466E+01 4.726537E+01  5.25196E-06  6.56108E-04 5.270E-06 6.546E-04  0.000E+00  0.000E+00  5.270E-06  6.546E-04  1.777E-08  3.373E-01 -1.474E-06 6.752E-06
   102 2.313030E+00 2.474074E+02     4 1.000E+00 4.727466E+01 4.726538E+01  5.76793E-06  6.61876E-04 5.788E-06 6.604E-04  0.000E+00  0.000E+00  5.788E-06  6.604E-04  1.991E-08  3.441E-01 -1.454E-06 6.772E-06
   103 2.544333E+00 2.499518E+02     4 1.000E+00 4.727467E+01 4.726539E+01  6.33360E-06  6.68210E-04 6.356E-06 6.668E-04  0.000E+00  0.000E+00  6.356E-06  6.668E-04  2.234E-08  3.515E-01 -1.432E-06 6.795E-06
   104 2.798766E+00 2.527505E+02     4 1.000E+00 4.727467E+01 4.726539E+01  6.95356E-06  6.75163E-04 6.979E-06 6.738E-04  0.000E+00  0.000E+00  6.979E-06  6.738E-04  2.510E-08  3.596E-01 -1.406E-06 6.820E-06
   105 3.078643E+00 2.558292E+02     4 1.000E+00 4.727468E+01 4.726540E+01  7.63277E-06  6.82796E-04 7.661E-06 6.814E-04  0.000E+00  0.000E+00  7.661E-06  6.814E-04  2.823E-08  3.685E-01 -1.378E-06 6.848E-06
   106 3.386507E+00 2.592157E+02     4 1.000E+00 4.727469E+01 4.726541E+01  8.37663E-06  6.91173E-04 8.408E-06 6.898E-04  0.000E+00  0.000E+00  8.408E-06  6.898E-04  3.181E-08  3.783E-01 -1.346E-06 6.880E-06
   107 3.725158E+00 2.629408E+02     4 1.000E+00 4.727470E+01 4.726542E+01  9.19091E-06  7.00364E-04 9.227E-06 6.991E-04  0.000E+00  0.000E+00  9.227E-06  6.991E-04  3.589E-08  3.889E-01 -1.311E-06 6.916E-06
   108 2.048837E+00 2.649897E+02     4 1.000E+00 4.727470E+01 4.726542E+01  5.04812E-06  7.05412E-04 5.065E-06 7.041E-04  0.000E+00  0.000E+00  5.065E-06  7.041E-04  1.662E-08  3.282E-01 -1.294E-06 6.932E-06
   109 2.253721E+00 2.672434E+02     4 1.000E+00 4.727471E+01 4.726543E+01  5.54444E-06  7.10956E-04 5.563E-06 7.097E-04  0.000E+00  0.000E+00  5.563E-06  7.097E-04  1.862E-08  3.347E-01 -1.275E-06 6.951E-06
   110 2.479093E+00 2.697225E+02     4 1.000E+00 4.727471E+01 4.726544E+01  6.08865E-06  7.17045E-04 6.110E-06 7.158E-04  0.000E+00  0.000E+00  6.110E-06  7.158E-04  2.088E-08  3.418E-01 -1.254E-06 6.972E-06
   111 2.727002E+00 2.724495E+02     4 1.000E+00 4.727472E+01 4.726544E+01  6.68518E-06  7.23730E-04 6.709E-06 7.225E-04  0.000E+00  0.000E+00  6.709E-06  7.225E-04  2.346E-08  3.496E-01 -1.231E-06 6.995E-06
   112 2.999702E+00 2.754492E+02     4 1.000E+00 4.727472E+01 4.726545E+01  7.33884E-06  7.31069E-04 7.365E-06 7.299E-04  0.000E+00  0.000E+00  7.365E-06  7.299E-04  2.638E-08  3.582E-01 -1.205E-06 7.022E-06
   113 3.299672E+00 2.787489E+02     4 1.000E+00 4.727473E+01 4.726546E+01  8.05483E-06  7.39124E-04 8.085E-06 7.379E-04  0.000E+00  0.000E+00  8.085E-06  7.379E-04  2.972E-08  3.676E-01 -1.175E-06 7.051E-06
   114 3.629640E+00 2.823785E+02     4 1.000E+00 4.727474E+01 4.726547E+01  8.83878E-06  7.47963E-04 8.872E-06 7.468E-04  0.000E+00  0.000E+00  8.872E-06  7.468E-04  3.352E-08  3.778E-01 -1.141E-06 7.085E-06
   115 3.992603E+00 2.863711E+02     4 1.000E+00 4.727475E+01 4.726548E+01  9.69676E-06  7.57659E-04 9.735E-06 7.566E-04  0.000E+00  0.000E+00  9.735E-06  7.566E-04  3.787E-08  3.890E-01 -1.103E-06 7.123E-06
   116 2.195932E+00 2.885670E+02     4 1.000E+00 4.727475E+01 4.726548E+01  5.32560E-06  7.62985E-04 5.343E-06 7.619E-04  0.000E+00  0.000E+00  5.343E-06  7.619E-04  1.737E-08  3.252E-01 -1.086E-06 7.140E-06
   117 2.415525E+00 2.909826E+02     4 1.000E+00 4.727476E+01 4.726549E+01  5.84875E-06  7.68834E-04 5.868E-06 7.678E-04  0.000E+00  0.000E+00  5.868E-06  7.678E-04  1.948E-08  3.320E-01 -1.067E-06 7.160E-06
   118 2.657078E+00 2.936396E+02     4 1.000E+00 4.727476E+01 4.726549E+01  6.42229E-06  7.75256E-04 6.444E-06 7.742E-04  0.000E+00  0.000E+00  6.444E-06  7.742E-04  2.188E-08  3.395E-01 -1.045E-06 7.182E-06
   119 2.922785E+00 2.965624E+02     4 1.000E+00 4.727477E+01 4.726550E+01  7.05086E-06  7.82307E-04 7.075E-06 7.813E-04  0.000E+00  0.000E+00  7.075E-06  7.813E-04  2.461E-08  3.478E-01 -1.020E-06 7.206E-06
   120 3.215064E+00 2.997775E+02     4 1.000E+00 4.727478E+01 4.726551E+01  7.73949E-06  7.90046E-04 7.767E-06 7.891E-04  0.000E+00  0.000E+00  7.767E-06  7.891E-04  2.771E-08  3.568E-01 -9.924E-07 7.234E-06
   121 3.536570E+00 3.033141E+02     4 1.000E+00 4.727478E+01 4.726552E+01  8.49364E-06  7.98540E-04 8.525E-06 7.976E-04  0.000E+00  0.000E+00  8.525E-06  7.976E-04  3.125E-08  3.666E-01 -9.611E-07 7.265E-06
   122 3.890227E+00 3.072043E+02     4 1.000E+00 4.727479E+01 4.726553E+01  9.31918E-06  8.07859E-04 9.354E-06 8.069E-04  0.000E+00  0.000E+00  9.354E-06  8.069E-04  3.530E-08  3.774E-01 -9.258E-07 7.300E-06
   123 2.139625E+00 3.093439E+02     4 1.000E+00 4.727480E+01 4.726553E+01  5.11854E-06  8.12978E-04 5.135E-06 8.121E-04  0.000E+00  0.000E+00  5.135E-06  8.121E-04  1.624E-08  3.162E-01 -9.096E-07 7.317E-06
   124 2.353588E+00 3.116975E+02     4 1.000E+00 4.727480E+01 4.726554E+01  5.62174E-06  8.18599E-04 5.640E-06 8.177E-04  0.000E+00  0.000E+00  5.640E-06  8.177E-04  1.821E-08  3.228E-01 -8.914E-07 7.335E-06
   125 2.588946E+00 3.142864E+02     4 1.000E+00 4.727481E+01 4.726554E+01  6.17348E-06  8.24773E-04 6.194E-06 8.239E-04  0.000E+00  0.000E+00  6.194E-06  8.239E-04  2.044E-08  3.301E-01 -8.710E-07 7.355E-06
   126 2.847841E+00 3.171343E+02     4 1.000E+00 4.727481E+01 4.726555E+01  6.77825E-06  8.31551E-04 6.801E-06 8.307E-04  0.000E+00  0.000E+00  6.801E-06  8.307E-04  2.299E-08  3.380E-01 -8.480E-07 7.378E-06
   127 3.132625E+00 3.202669E+02     4 1.000E+00 4.727482E+01 4.726556E+01  7.44093E-06  8.38992E-04 7.467E-06 8.382E-04  0.000E+00  0.000E+00  7.467E-06  8.382E-04  2.588E-08  3.466E-01 -8.221E-07 7.404E-06
   128 3.445888E+00 3.237128E+02     4 1.000E+00 4.727483E+01 4.726557E+01  8.16679E-06  8.47159E-04 8.196E-06 8.464E-04  0.000E+00  0.000E+00  8.196E-06  8.464E-04  2.919E-08  3.561E-01 -7.929E-07 7.433E-06
   129 3.790476E+00 3.275033E+02     4 1.000E+00 4.727484E+01 4.726557E+01  8.96153E-06  8.56120E-04 8.994E-06 8.554E-04  0.000E+00  0.000E+00  8.994E-06  8.554E-04  3.296E-08  3.665E-01 -7.599E-07 7.466E-06
   130 4.169524E+00 3.316728E+02     4 1.000E+00 4.727485E+01 4.726558E+01  9.83128E-06  8.65952E-04 9.869E-06 8.652E-04  0.000E+00  0.000E+00  9.869E-06  8.652E-04  3.728E-08  3.778E-01 -7.227E-07 7.504E-06
   131 2.293238E+00 3.339660E+02     4 1.000E+00 4.727485E+01 4.726559E+01  5.39945E-06  8.71351E-04 5.416E-06 8.706E-04  0.000E+00  0.000E+00  5.416E-06  8.706E-04  1.698E-08  3.135E-01 -7.057E-07 7.521E-06
   132 2.522562E+00 3.364886E+02     4 1.000E+00 4.727486E+01 4.726560E+01  5.92981E-06  8.77281E-04 5.949E-06 8.766E-04  0.000E+00  0.000E+00  5.949E-06  8.766E-04  1.906E-08  3.205E-01 -6.866E-07 7.540E-06
   133 2.774818E+00 3.392634E+02     4 1.000E+00 4.727486E+01 4.726560E+01  6.51124E-06  8.83792E-04 6.533E-06 8.831E-04  0.000E+00  0.000E+00  6.533E-06  8.831E-04  2.143E-08  3.281E-01 -6.652E-07 7.561E-06
   134 3.052300E+00 3.423157E+02     4 1.000E+00 4.727487E+01 4.726561E+01  7.14844E-06  8.90941E-04 7.173E-06 8.903E-04  0.000E+00  0.000E+00  7.173E-06  8.903E-04  2.413E-08  3.364E-01 -6.410E-07 7.585E-06
   135 3.357530E+00 3.456732E+02     4 1.000E+00 4.727488E+01 4.726562E+01  7.84652E-06  8.98787E-04 7.874E-06 8.982E-04  0.000E+00  0.000E+00  7.874E-06  8.982E-04  2.720E-08  3.455E-01 -6.138E-07 7.612E-06
   136 3.693283E+00 3.493665E+02     4 1.000E+00 4.727488E+01 4.726563E+01  8.61100E-06  9.07398E-04 8.642E-06 9.068E-04  0.000E+00  0.000E+00  8.642E-06  9.068E-04  3.072E-08  3.554E-01 -5.831E-07 7.643E-06
   137 4.062611E+00 3.534291E+02     4 1.000E+00 4.727489E+01 4.726564E+01  9.44782E-06  9.16846E-04 9.483E-06 9.163E-04  0.000E+00  0.000E+00  9.483E-06  9.163E-04  3.474E-08  3.663E-01 -5.484E-07 7.678E-06
   138 2.234436E+00 3.556636E+02     4 1.000E+00 4.727490E+01 4.726564E+01  5.18917E-06  9.22035E-04 5.205E-06 9.215E-04  0.000E+00  0.000E+00  5.205E-06  9.215E-04  1.587E-08  3.048E-01 -5.325E-07 7.694E-06
   139 2.457880E+00 3.581214E+02     4 1.000E+00 4.727490E+01 4.726565E+01  5.69927E-06  9.27734E-04 5.717E-06 9.272E-04  0.000E+00  0.000E+00  5.717E-06  9.272E-04  1.781E-08  3.115E-01 -5.147E-07 7.712E-06
   140 2.703668E+00 3.608251E+02     4 1.000E+00 4.727491E+01 4.726565E+01  6.25856E-06  9.33993E-04 6.279E-06 9.335E-04  0.000E+00  0.000E+00  6.279E-06  9.335E-04  2.001E-08  3.188E-01 -4.947E-07 7.732E-06
   141 2.974035E+00 3.637992E+02     4 1.000E+00 4.727491E+01 4.726566E+01  6.87161E-06  9.40865E-04 6.894E-06 9.404E-04  0.000E+00  0.000E+00  6.894E-06  9.404E-04  2.253E-08  3.268E-01 -4.722E-07 7.754E-06
   142 3.271438E+00 3.670706E+02     4 1.000E+00 4.727492E+01 4.726567E+01  7.54334E-06  9.48408E-04 7.569E-06 9.480E-04  0.000E+00  0.000E+00  7.569E-06  9.480E-04  2.539E-08  3.355E-01 -4.468E-07 7.779E-06
   143 3.598582E+00 3.706692E+02     4 1.000E+00 4.727493E+01 4.726568E+01  8.27910E-06  9.56687E-04 8.308E-06 9.563E-04  0.000E+00  0.000E+00  8.308E-06  9.563E-04  2.867E-08  3.451E-01 -4.181E-07 7.808E-06
   144 3.958440E+00 3.746276E+02     4 1.000E+00 4.727494E+01 4.726568E+01  9.08465E-06  9.65772E-04 9.117E-06 9.654E-04  0.000E+00  0.000E+00  9.117E-06  9.654E-04  3.242E-08  3.556E-01 -3.857E-07 7.841E-06
   145 4.354284E+00 3.789819E+02     4 1.000E+00 4.727495E+01 4.726569E+01  9.96623E-06  9.75738E-04 1.000E-05 9.754E-04  0.000E+00  0.000E+00  1.000E-05  9.754E-04  3.671E-08  3.670E-01 -3.490E-07 7.877E-06
   146 2.394856E+00 3.813768E+02     4 1.000E+00 4.727495E+01 4.726570E+01  5.47353E-06  9.81211E-04 5.490E-06 9.809E-04  0.000E+00  0.000E+00  5.490E-06  9.809E-04  1.660E-08  3.024E-01 -3.324E-07 7.894E-06
   147 2.634342E+00 3.840111E+02     4 1.000E+00 4.727496E+01 4.726571E+01  6.01112E-06  9.87223E-04 6.030E-06 9.869E-04  0.000E+00  0.000E+00  6.030E-06  9.869E-04  1.865E-08  3.094E-01 -3.137E-07 7.912E-06
   148 2.897776E+00 3.869089E+02     4 1.000E+00 4.727496E+01 4.726571E+01  6.60046E-06  9.93823E-04 6.621E-06 9.935E-04  0.000E+00  0.000E+00  6.621E-06  9.935E-04  2.099E-08  3.170E-01 -2.927E-07 7.933E-06
   149 3.187554E+00 3.900964E+02     4 1.000E+00 4.727497E+01 4.726572E+01  7.24633E-06  1.00107E-03 7.270E-06 1.001E-03  0.000E+00  0.000E+00  7.270E-06  1.001E-03  2.366E-08  3.254E-01 -2.691E-07 7.957E-06
   150 3.506309E+00 3.936027E+02     4 1.000E+00 4.727498E+01 4.726573E+01  7.95389E-06  1.00902E-03 7.981E-06 1.009E-03  0.000E+00  0.000E+00  7.981E-06  1.009E-03  2.671E-08  3.346E-01 -2.424E-07 7.984E-06
   151 3.856940E+00 3.974597E+02     4 1.000E+00 4.727498E+01 4.726574E+01  8.72873E-06  1.01775E-03 8.759E-06 1.018E-03  0.000E+00  0.000E+00  8.759E-06  1.018E-03  3.019E-08  3.447E-01 -2.122E-07 8.014E-06
   152 4.242634E+00 4.017023E+02     4 1.000E+00 4.727499E+01 4.726575E+01  9.57688E-06  1.02733E-03 9.611E-06 1.027E-03  0.000E+00  0.000E+00  9.611E-06  1.027E-03  3.419E-08  3.557E-01 -1.780E-07 8.048E-06
   153 2.333449E+00 4.040358E+02     4 1.000E+00 4.727500E+01 4.726575E+01  5.26003E-06  1.03259E-03 5.276E-06 1.032E-03  0.000E+00  0.000E+00  5.276E-06  1.032E-03  1.550E-08  2.938E-01 -1.625E-07 8.064E-06
   154 2.566793E+00 4.066025E+02     4 1.000E+00 4.727500E+01 4.726576E+01  5.77705E-06  1.03837E-03 5.794E-06 1.038E-03  0.000E+00  0.000E+00  5.794E-06  1.038E-03  1.742E-08  3.005E-01 -1.451E-07 8.081E-06
   155 2.823473E+00 4.094260E+02     4 1.000E+00 4.727501E+01 4.726576E+01  6.34392E-06  1.04471E-03 6.364E-06 1.045E-03  0.000E+00  0.000E+00  6.364E-06  1.045E-03  1.959E-08  3.079E-01 -1.255E-07 8.101E-06
   156 3.105820E+00 4.125318E+02     4 1.000E+00 4.727501E+01 4.726577E+01  6.96527E-06  1.05168E-03 6.987E-06 1.052E-03  0.000E+00  0.000E+00  6.987E-06  1.052E-03  2.208E-08  3.160E-01 -1.034E-07 8.123E-06
   157 3.416402E+00 4.159482E+02     4 1.000E+00 4.727502E+01 4.726578E+01  7.64608E-06  1.05932E-03 7.671E-06 1.059E-03  0.000E+00  0.000E+00  7.671E-06  1.059E-03  2.492E-08  3.248E-01 -7.848E-08 8.148E-06
   158 3.758042E+00 4.197063E+02     4 1.000E+00 4.727503E+01 4.726579E+01  8.39177E-06  1.06771E-03 8.420E-06 1.068E-03  0.000E+00  0.000E+00  8.420E-06  1.068E-03  2.817E-08  3.345E-01 -5.032E-08 8.176E-06
   159 4.133847E+00 4.238401E+02     4 1.000E+00 4.727504E+01 4.726580E+01  9.20818E-06  1.07692E-03 9.240E-06 1.077E-03  0.000E+00  0.000E+00  9.240E-06  1.077E-03  3.189E-08  3.451E-01 -1.843E-08 8.208E-06
   160 4.547231E+00 4.283874E+02     4 1.000E+00 4.727505E+01 4.726581E+01  1.01016E-05  1.08702E-03 1.014E-05 1.087E-03  0.000E+00  0.000E+00  1.014E-05  1.087E-03  3.616E-08  3.567E-01  1.773E-08 8.244E-06
   161 2.500977E+00 4.308883E+02     4 1.000E+00 4.727505E+01 4.726581E+01  5.54786E-06  1.09257E-03 5.564E-06 1.093E-03  0.000E+00  0.000E+00  5.564E-06  1.093E-03  1.623E-08  2.916E-01  3.396E-08 8.260E-06
   162 2.751075E+00 4.336394E+02     4 1.000E+00 4.727506E+01 4.726582E+01  6.09270E-06  1.09866E-03 6.111E-06 1.099E-03  0.000E+00  0.000E+00  6.111E-06  1.099E-03  1.825E-08  2.987E-01  5.221E-08 8.278E-06
   163 3.026182E+00 4.366656E+02     4 1.000E+00 4.727506E+01 4.726582E+01  6.68999E-06  1.10535E-03 6.711E-06 1.105E-03  0.000E+00  0.000E+00  6.711E-06  1.105E-03  2.057E-08  3.065E-01  7.278E-08 8.299E-06
   164 3.328801E+00 4.399944E+02     4 1.000E+00 4.727507E+01 4.726583E+01  7.34455E-06  1.11270E-03 7.368E-06 1.113E-03  0.000E+00  0.000E+00  7.368E-06  1.113E-03  2.321E-08  3.150E-01  9.598E-08 8.322E-06
   165 3.661681E+00 4.436561E+02     4 1.000E+00 4.727508E+01 4.726584E+01  8.06162E-06  1.12076E-03 8.088E-06 1.121E-03  0.000E+00  0.000E+00  8.088E-06  1.121E-03  2.623E-08  3.243E-01  1.222E-07 8.348E-06
   166 4.027849E+00 4.476839E+02     4 1.000E+00 4.727509E+01 4.726585E+01  8.84686E-06  1.12961E-03 8.877E-06 1.130E-03  0.000E+00  0.000E+00  8.877E-06  1.130E-03  2.969E-08  3.344E-01  1.519E-07 8.378E-06
   167 4.430634E+00 4.521146E+02     4 1.000E+00 4.727509E+01 4.726586E+01  9.70637E-06  1.13931E-03 9.740E-06 1.139E-03  0.000E+00  0.000E+00  9.740E-06  1.139E-03  3.366E-08  3.455E-01  1.855E-07 8.412E-06
   168 4.873697E+00 4.569883E+02     4 1.000E+00 4.727510E+01 4.726587E+01  1.06467E-05  1.14996E-03 1.068E-05 1.150E-03  0.000E+00  0.000E+00  1.068E-05  1.150E-03  3.822E-08  3.577E-01  2.238E-07 8.450E-06
   169 2.680533E+00 4.596688E+02     4 1.000E+00 4.727511E+01 4.726587E+01  5.84684E-06  1.15581E-03 5.864E-06 1.156E-03  0.000E+00  0.000E+00  5.864E-06  1.156E-03  1.697E-08  2.894E-01  2.407E-07 8.467E-06
   170 2.948587E+00 4.626174E+02     4 1.000E+00 4.727512E+01 4.726588E+01  6.42054E-06  1.16223E-03 6.440E-06 1.162E-03  0.000E+00  0.000E+00  6.440E-06  1.162E-03  1.912E-08  2.969E-01  2.599E-07 8.486E-06
   171 3.243445E+00 4.658608E+02     4 1.000E+00 4.727512E+01 4.726589E+01  7.04935E-06  1.16928E-03 7.071E-06 1.170E-03  0.000E+00  0.000E+00  7.071E-06  1.170E-03  2.157E-08  3.050E-01  2.814E-07 8.508E-06
   172 3.567790E+00 4.694286E+02     4 1.000E+00 4.727513E+01 4.726590E+01  7.73834E-06  1.17701E-03 7.763E-06 1.177E-03  0.000E+00  0.000E+00  7.763E-06  1.177E-03  2.437E-08  3.139E-01  3.058E-07 8.532E-06
   173 3.924569E+00 4.733532E+02     4 1.000E+00 4.727514E+01 4.726590E+01  8.49298E-06  1.18551E-03 8.521E-06 1.186E-03  0.000E+00  0.000E+00  8.521E-06  1.186E-03  2.758E-08  3.237E-01  3.334E-07 8.560E-06
   174 4.317026E+00 4.776702E+02     4 1.000E+00 4.727515E+01 4.726591E+01  9.31917E-06  1.19483E-03 9.350E-06 1.195E-03  0.000E+00  0.000E+00  9.350E-06  1.195E-03  3.126E-08  3.344E-01  3.646E-07 8.591E-06
   175 4.748728E+00 4.824189E+02     4 1.000E+00 4.727516E+01 4.726592E+01  1.02233E-05  1.20505E-03 1.026E-05 1.205E-03  0.000E+00  0.000E+00  1.026E-05  1.205E-03  3.550E-08  3.460E-01  4.001E-07 8.626E-06
   176 2.611801E+00 4.850307E+02     4 1.000E+00 4.727516E+01 4.726593E+01  5.61468E-06  1.21066E-03 5.630E-06 1.211E-03  0.000E+00  0.000E+00  5.630E-06  1.211E-03  1.581E-08  2.807E-01  4.159E-07 8.642E-06
   177 2.872981E+00 4.879037E+02     4 1.000E+00 4.727517E+01 4.726594E+01  6.16606E-06  1.21683E-03 6.184E-06 1.217E-03  0.000E+00  0.000E+00  6.184E-06  1.217E-03  1.780E-08  2.879E-01  4.337E-07 8.660E-06
   178 3.160279E+00 4.910640E+02     4 1.000E+00 4.727517E+01 4.726594E+01  6.77050E-06  1.22360E-03 6.791E-06 1.224E-03  0.000E+00  0.000E+00  6.791E-06  1.224E-03  2.008E-08  2.957E-01  4.538E-07 8.680E-06
   179 3.476307E+00 4.945403E+02     4 1.000E+00 4.727518E+01 4.726595E+01  7.43290E-06  1.23103E-03 7.456E-06 1.232E-03  0.000E+00  0.000E+00  7.456E-06  1.232E-03  2.268E-08  3.043E-01  4.765E-07 8.703E-06
   180 3.823937E+00 4.983642E+02     4 1.000E+00 4.727519E+01 4.726596E+01  8.15856E-06  1.23919E-03 8.184E-06 1.240E-03  0.000E+00  0.000E+00  8.184E-06  1.240E-03  2.567E-08  3.136E-01  5.022E-07 8.728E-06
   181 4.206331E+00 5.025706E+02     4 1.000E+00 4.727519E+01 4.726597E+01  8.95318E-06  1.24815E-03 8.982E-06 1.249E-03  0.000E+00  0.000E+00  8.982E-06  1.249E-03  2.909E-08  3.239E-01  5.313E-07 8.757E-06
   182 4.626964E+00 5.071975E+02     4 1.000E+00 4.727520E+01 4.726598E+01  9.82296E-06  1.25797E-03 9.856E-06 1.259E-03  0.000E+00  0.000E+00  9.856E-06  1.259E-03  3.303E-08  3.351E-01  5.643E-07 8.791E-06
   183 5.089660E+00 5.122872E+02     4 1.000E+00 4.727521E+01 4.726599E+01  1.07745E-05  1.26874E-03 1.081E-05 1.269E-03  0.000E+00  0.000E+00  1.081E-05  1.269E-03  3.756E-08  3.474E-01  6.019E-07 8.828E-06
   184 2.799313E+00 5.150865E+02     4 1.000E+00 4.727522E+01 4.726599E+01  5.91701E-06  1.27466E-03 5.934E-06 1.275E-03  0.000E+00  0.000E+00  5.934E-06  1.275E-03  1.654E-08  2.788E-01  6.184E-07 8.845E-06
   185 3.079245E+00 5.181658E+02     4 1.000E+00 4.727523E+01 4.726600E+01  6.49756E-06  1.28116E-03 6.516E-06 1.282E-03  0.000E+00  0.000E+00  6.516E-06  1.282E-03  1.866E-08  2.863E-01  6.371E-07 8.863E-06
   186 3.387169E+00 5.215529E+02     4 1.000E+00 4.727523E+01 4.726601E+01  7.13389E-06  1.28829E-03 7.155E-06 1.289E-03  0.000E+00  0.000E+00  7.155E-06  1.289E-03  2.107E-08  2.945E-01  6.581E-07 8.884E-06
   187 3.725886E+00 5.252788E+02     4 1.000E+00 4.727524E+01 4.726601E+01  7.83110E-06  1.29612E-03 7.855E-06 1.297E-03  0.000E+00  0.000E+00  7.855E-06  1.297E-03  2.384E-08  3.035E-01  6.820E-07 8.908E-06
   188 4.098475E+00 5.293773E+02     4 1.000E+00 4.727525E+01 4.726602E+01  8.59473E-06  1.30472E-03 8.622E-06 1.305E-03  0.000E+00  0.000E+00  8.622E-06  1.305E-03  2.702E-08  3.134E-01  7.090E-07 8.935E-06
   189 4.508322E+00 5.338856E+02     4 1.000E+00 4.727526E+01 4.726603E+01  9.43077E-06  1.31415E-03 9.461E-06 1.315E-03  0.000E+00  0.000E+00  9.461E-06  1.315E-03  3.067E-08  3.241E-01  7.397E-07 8.966E-06
   190 4.959154E+00 5.388448E+02     4 1.000E+00 4.727526E+01 4.726604E+01  1.03457E-05  1.32449E-03 1.038E-05 1.325E-03  0.000E+00  0.000E+00  1.038E-05  1.325E-03  3.487E-08  3.359E-01  7.745E-07 9.001E-06
   191 2.727535E+00 5.415723E+02     4 1.000E+00 4.727527E+01 4.726605E+01  5.68186E-06  1.33018E-03 5.697E-06 1.331E-03  0.000E+00  0.000E+00  5.697E-06  1.331E-03  1.540E-08  2.703E-01  7.899E-07 9.016E-06
   192 3.000288E+00 5.445726E+02     4 1.000E+00 4.727528E+01 4.726606E+01  6.23982E-06  1.33642E-03 6.257E-06 1.337E-03  0.000E+00  0.000E+00  6.257E-06  1.337E-03  1.736E-08  2.775E-01  8.073E-07 9.034E-06
   193 3.300317E+00 5.478729E+02     4 1.000E+00 4.727528E+01 4.726606E+01  6.85146E-06  1.34327E-03 6.871E-06 1.344E-03  0.000E+00  0.000E+00  6.871E-06  1.344E-03  1.961E-08  2.854E-01  8.269E-07 9.053E-06
   194 3.630349E+00 5.515032E+02     4 1.000E+00 4.727529E+01 4.726607E+01  7.52175E-06  1.35079E-03 7.544E-06 1.352E-03  0.000E+00  0.000E+00  7.544E-06  1.352E-03  2.218E-08  2.940E-01  8.491E-07 9.075E-06
   195 3.993384E+00 5.554966E+02     4 1.000E+00 4.727530E+01 4.726608E+01  8.25603E-06  1.35905E-03 8.281E-06 1.360E-03  0.000E+00  0.000E+00  8.281E-06  1.360E-03  2.513E-08  3.035E-01  8.742E-07 9.100E-06
   196 4.392722E+00 5.598894E+02     4 1.000E+00 4.727531E+01 4.726609E+01  9.06010E-06  1.36811E-03 9.089E-06 1.369E-03  0.000E+00  0.000E+00  9.089E-06  1.369E-03  2.852E-08  3.138E-01  9.027E-07 9.129E-06
   197 4.831994E+00 5.647213E+02     4 1.000E+00 4.727531E+01 4.726610E+01  9.94020E-06  1.37805E-03 9.973E-06 1.379E-03  0.000E+00  0.000E+00  9.973E-06  1.379E-03  3.243E-08  3.251E-01  9.352E-07 9.161E-06
   198 5.315194E+00 5.700365E+02     4 1.000E+00 4.727532E+01 4.726611E+01  1.09031E-05  1.38895E-03 1.094E-05 1.390E-03  0.000E+00  0.000E+00  1.094E-05  1.390E-03  3.692E-08  3.375E-01  9.721E-07 9.198E-06
   199 2.923357E+00 5.729599E+02     4 1.000E+00 4.727533E+01 4.726611E+01  5.98758E-06  1.39494E-03 6.004E-06 1.396E-03  0.000E+00  0.000E+00  6.004E-06  1.396E-03  1.613E-08  2.687E-01  9.882E-07 9.214E-06
   200 3.215692E+00 5.761756E+02     4 1.000E+00 4.727534E+01 4.726612E+01  6.57503E-06  1.40151E-03 6.593E-06 1.403E-03  0.000E+00  0.000E+00  6.593E-06  1.403E-03  1.821E-08  2.762E-01  1.006E-06 9.233E-06
   201 3.537261E+00 5.797129E+02     4 1.000E+00 4.727534E+01 4.726613E+01  7.21891E-06  1.40873E-03 7.240E-06 1.410E-03  0.000E+00  0.000E+00  7.240E-06  1.410E-03  2.060E-08  2.845E-01  1.027E-06 9.253E-06
   202 3.890988E+00 5.836038E+02     4 1.000E+00 4.727535E+01 4.726614E+01  7.92439E-06  1.41665E-03 7.948E-06 1.418E-03  0.000E+00  0.000E+00  7.948E-06  1.418E-03  2.333E-08  2.936E-01  1.050E-06 9.277E-06
   203 4.280086E+00 5.878839E+02     4 1.000E+00 4.727536E+01 4.726614E+01  8.69707E-06  1.42535E-03 8.724E-06 1.426E-03  0.000E+00  0.000E+00  8.724E-06  1.426E-03  2.648E-08  3.035E-01  1.077E-06 9.303E-06
   204 4.708095E+00 5.925920E+02     4 1.000E+00 4.727537E+01 4.726615E+01  9.54301E-06  1.43489E-03 9.573E-06 1.436E-03  0.000E+00  0.000E+00  9.573E-06  1.436E-03  3.009E-08  3.144E-01  1.107E-06 9.333E-06
   205 5.178904E+00 5.977709E+02     4 1.000E+00 4.727538E+01 4.726616E+01  1.04687E-05  1.44536E-03 1.050E-05 1.447E-03  0.000E+00  0.000E+00  1.050E-05  1.447E-03  3.426E-08  3.262E-01  1.141E-06 9.367E-06
   206 2.848397E+00 6.006193E+02     4 1.000E+00 4.727538E+01 4.726617E+01  5.74944E-06  1.45111E-03 5.764E-06 1.452E-03  0.000E+00  0.000E+00  5.764E-06  1.452E-03  1.501E-08  2.604E-01  1.156E-06 9.382E-06
   207 3.133237E+00 6.037526E+02     4 1.000E+00 4.727539E+01 4.726618E+01  6.31400E-06  1.45743E-03 6.331E-06 1.459E-03  0.000E+00  0.000E+00  6.331E-06  1.459E-03  1.694E-08  2.676E-01  1.173E-06 9.399E-06
   208 3.446561E+00 6.071991E+02     4 1.000E+00 4.727539E+01 4.726618E+01  6.93289E-06  1.46436E-03 6.952E-06 1.466E-03  0.000E+00  0.000E+00  6.952E-06  1.466E-03  1.916E-08  2.756E-01  1.192E-06 9.419E-06
   209 3.791217E+00 6.109903E+02     4 1.000E+00 4.727540E+01 4.726619E+01  7.61111E-06  1.47197E-03 7.633E-06 1.473E-03  0.000E+00  0.000E+00  7.633E-06  1.473E-03  2.170E-08  2.843E-01  1.214E-06 9.440E-06
   210 4.170339E+00 6.151607E+02     4 1.000E+00 4.727541E+01 4.726620E+01  8.35407E-06  1.48032E-03 8.379E-06 1.482E-03  0.000E+00  0.000E+00  8.379E-06  1.482E-03  2.462E-08  2.938E-01  1.239E-06 9.465E-06
   211 4.587373E+00 6.197480E+02     4 1.000E+00 4.727542E+01 4.726621E+01  9.16764E-06  1.48949E-03 9.196E-06 1.491E-03  0.000E+00  0.000E+00  9.196E-06  1.491E-03  2.798E-08  3.043E-01  1.267E-06 9.493E-06
   212 5.046110E+00 6.247942E+02     4 1.000E+00 4.727543E+01 4.726622E+01  1.00581E-05  1.49955E-03 1.009E-05 1.501E-03  0.000E+00  0.000E+00  1.009E-05  1.501E-03  3.185E-08  3.157E-01  1.298E-06 9.525E-06
   213 5.550721E+00 6.303449E+02     4 1.000E+00 4.727544E+01 4.726623E+01  1.10324E-05  1.51058E-03 1.107E-05 1.512E-03  0.000E+00  0.000E+00  1.107E-05  1.512E-03  3.632E-08  3.281E-01  1.335E-06 9.561E-06
   214 3.052896E+00 6.333978E+02     4 1.000E+00 4.727544E+01 4.726624E+01  6.05857E-06  1.51664E-03 6.074E-06 1.518E-03  0.000E+00  0.000E+00  6.074E-06  1.518E-03  1.573E-08  2.590E-01  1.351E-06 9.577E-06
   215 3.358186E+00 6.367560E+02     4 1.000E+00 4.727545E+01 4.726624E+01  6.65295E-06  1.52329E-03 6.671E-06 1.525E-03  0.000E+00  0.000E+00  6.671E-06  1.525E-03  1.779E-08  2.666E-01  1.368E-06 9.595E-06
   216 3.694005E+00 6.404500E+02     4 1.000E+00 4.727546E+01 4.726625E+01  7.30443E-06  1.53060E-03 7.325E-06 1.532E-03  0.000E+00  0.000E+00  7.325E-06  1.532E-03  2.014E-08  2.750E-01  1.388E-06 9.615E-06
   217 4.063405E+00 6.445134E+02     4 1.000E+00 4.727546E+01 4.726626E+01  8.01824E-06  1.53862E-03 8.041E-06 1.540E-03  0.000E+00  0.000E+00  8.041E-06  1.540E-03  2.285E-08  2.841E-01  1.411E-06 9.638E-06
   218 4.469746E+00 6.489831E+02     4 1.000E+00 4.727547E+01 4.726627E+01  8.80003E-06  1.54742E-03 8.826E-06 1.549E-03  0.000E+00  0.000E+00  8.826E-06  1.549E-03  2.596E-08  2.941E-01  1.437E-06 9.663E-06
   219 4.916720E+00 6.538998E+02     4 1.000E+00 4.727548E+01 4.726628E+01  9.65592E-06  1.55707E-03 9.685E-06 1.559E-03  0.000E+00  0.000E+00  9.685E-06  1.559E-03  2.955E-08  3.051E-01  1.467E-06 9.693E-06
   220 5.408392E+00 6.593082E+02     4 1.000E+00 4.727549E+01 4.726629E+01  1.05925E-05  1.56767E-03 1.063E-05 1.569E-03  0.000E+00  0.000E+00  1.063E-05  1.569E-03  3.369E-08  3.170E-01  1.500E-06 9.727E-06
   221 2.974616E+00 6.622828E+02     4 1.000E+00 4.727549E+01 4.726629E+01  5.81742E-06  1.57348E-03 5.832E-06 1.575E-03  0.000E+00  0.000E+00  5.832E-06  1.575E-03  1.463E-08  2.509E-01  1.515E-06 9.741E-06
   222 3.272077E+00 6.655549E+02     4 1.000E+00 4.727550E+01 4.726630E+01  6.38864E-06  1.57987E-03 6.405E-06 1.581E-03  0.000E+00  0.000E+00  6.405E-06  1.581E-03  1.654E-08  2.582E-01  1.532E-06 9.758E-06
   223 3.599285E+00 6.691542E+02     4 1.000E+00 4.727551E+01 4.726631E+01  7.01482E-06  1.58689E-03 7.034E-06 1.588E-03  0.000E+00  0.000E+00  7.034E-06  1.588E-03  1.873E-08  2.662E-01  1.550E-06 9.777E-06
   224 3.959214E+00 6.731134E+02     4 1.000E+00 4.727551E+01 4.726631E+01  7.70102E-06  1.59459E-03 7.722E-06 1.596E-03  0.000E+00  0.000E+00  7.722E-06  1.596E-03  2.124E-08  2.750E-01  1.572E-06 9.798E-06
   225 4.355135E+00 6.774686E+02     4 1.000E+00 4.727552E+01 4.726632E+01  8.45272E-06  1.60304E-03 8.477E-06 1.605E-03  0.000E+00  0.000E+00  8.477E-06  1.605E-03  2.413E-08  2.846E-01  1.596E-06 9.822E-06
   226 4.790648E+00 6.822592E+02     4 1.000E+00 4.727553E+01 4.726633E+01  9.27584E-06  1.61232E-03 9.303E-06 1.614E-03  0.000E+00  0.000E+00  9.303E-06  1.614E-03  2.746E-08  2.951E-01  1.623E-06 9.849E-06
   227 5.269713E+00 6.875289E+02     4 1.000E+00 4.727554E+01 4.726634E+01  1.01768E-05  1.62249E-03 1.021E-05 1.624E-03  0.000E+00  0.000E+00  1.021E-05  1.624E-03  3.130E-08  3.066E-01  1.655E-06 9.881E-06
   228 5.796685E+00 6.933256E+02     4 1.000E+00 4.727555E+01 4.726635E+01  1.11624E-05  1.63366E-03 1.120E-05 1.635E-03  0.000E+00  0.000E+00  1.120E-05  1.635E-03  3.574E-08  3.192E-01  1.690E-06 9.916E-06
   229 3.188177E+00 6.965138E+02     4 1.000E+00 4.727556E+01 4.726636E+01  6.12999E-06  1.63979E-03 6.145E-06 1.641E-03  0.000E+00  0.000E+00  6.145E-06  1.641E-03  1.535E-08  2.498E-01  1.706E-06 9.932E-06
   230 3.506994E+00 7.000208E+02     4 1.000E+00 4.727556E+01 4.726637E+01  6.73136E-06  1.64652E-03 6.749E-06 1.648E-03  0.000E+00  0.000E+00  6.749E-06  1.648E-03  1.738E-08  2.575E-01  1.723E-06 9.949E-06
   231 3.857694E+00 7.038785E+02     4 1.000E+00 4.727557E+01 4.726637E+01  7.39049E-06  1.65391E-03 7.410E-06 1.656E-03  0.000E+00  0.000E+00  7.410E-06  1.656E-03  1.970E-08  2.659E-01  1.743E-06 9.969E-06
   232 4.243463E+00 7.081219E+02     4 1.000E+00 4.727558E+01 4.726638E+01  8.11267E-06  1.66202E-03 8.135E-06 1.664E-03  0.000E+00  0.000E+00  8.135E-06  1.664E-03  2.238E-08  2.751E-01  1.765E-06 9.991E-06
   233 4.667809E+00 7.127897E+02     4 1.000E+00 4.727559E+01 4.726639E+01  8.90362E-06  1.67092E-03 8.929E-06 1.673E-03  0.000E+00  0.000E+00  8.929E-06  1.673E-03  2.547E-08  2.852E-01  1.791E-06 1.002E-05
   234 5.134590E+00 7.179243E+02     4 1.000E+00 4.727559E+01 4.726640E+01  9.76954E-06  1.68069E-03 9.799E-06 1.683E-03  0.000E+00  0.000E+00  9.799E-06  1.683E-03  2.903E-08  2.962E-01  1.820E-06 1.005E-05
   235 5.648049E+00 7.235724E+02     4 1.000E+00 4.727560E+01 4.726641E+01  1.07171E-05  1.69141E-03 1.075E-05 1.693E-03  0.000E+00  0.000E+00  1.075E-05  1.693E-03  3.314E-08  3.083E-01  1.853E-06 1.008E-05
   236 3.106427E+00 7.266788E+02     4 1.000E+00 4.727561E+01 4.726642E+01  5.88584E-06  1.69730E-03 5.900E-06 1.699E-03  0.000E+00  0.000E+00  5.900E-06  1.699E-03  1.427E-08  2.419E-01  1.867E-06 1.009E-05
   237 3.417070E+00 7.300959E+02     4 1.000E+00 4.727562E+01 4.726642E+01  6.46375E-06  1.70376E-03 6.480E-06 1.706E-03  0.000E+00  0.000E+00  6.480E-06  1.706E-03  1.615E-08  2.493E-01  1.883E-06 1.011E-05
   238 3.758777E+00 7.338547E+02     4 1.000E+00 4.727562E+01 4.726643E+01  7.09726E-06  1.71086E-03 7.116E-06 1.713E-03  0.000E+00  0.000E+00  7.116E-06  1.713E-03  1.831E-08  2.573E-01  1.901E-06 1.013E-05
   239 4.134654E+00 7.379893E+02     4 1.000E+00 4.727563E+01 4.726644E+01  7.79149E-06  1.71865E-03 7.812E-06 1.721E-03  0.000E+00  0.000E+00  7.812E-06  1.721E-03  2.080E-08  2.662E-01  1.922E-06 1.015E-05
   240 4.548120E+00 7.425374E+02     4 1.000E+00 4.727564E+01 4.726645E+01  8.55198E-06  1.72720E-03 8.576E-06 1.729E-03  0.000E+00  0.000E+00  8.576E-06  1.729E-03  2.366E-08  2.759E-01  1.946E-06 1.017E-05
   241 5.002932E+00 7.475404E+02     4 1.000E+00 4.727565E+01 4.726646E+01  9.38473E-06  1.73658E-03 9.412E-06 1.739E-03  0.000E+00  0.000E+00  9.412E-06  1.739E-03  2.696E-08  2.865E-01  1.973E-06 1.020E-05
   242 5.503225E+00 7.530436E+02     4 1.000E+00 4.727566E+01 4.726647E+01  1.02962E-05  1.74688E-03 1.033E-05 1.749E-03  0.000E+00  0.000E+00  1.033E-05  1.749E-03  3.078E-08  2.980E-01  2.004E-06 1.023E-05
   243 6.053548E+00 7.590971E+02     4 1.000E+00 4.727567E+01 4.726648E+01  1.12933E-05  1.75817E-03 1.133E-05 1.760E-03  0.000E+00  0.000E+00  1.133E-05  1.760E-03  3.520E-08  3.107E-01  2.039E-06 1.027E-05
   244 3.329451E+00 7.624266E+02     4 1.000E+00 4.727567E+01 4.726648E+01  6.20188E-06  1.76438E-03 6.217E-06 1.766E-03  0.000E+00  0.000E+00  6.217E-06  1.766E-03  1.498E-08  2.410E-01  2.054E-06 1.028E-05
   245 3.662396E+00 7.660890E+02     4 1.000E+00 4.727568E+01 4.726649E+01  6.81028E-06  1.77119E-03 6.827E-06 1.773E-03  0.000E+00  0.000E+00  6.827E-06  1.773E-03  1.698E-08  2.488E-01  2.071E-06 1.030E-05
   246 4.028636E+00 7.701176E+02     4 1.000E+00 4.727569E+01 4.726650E+01  7.47710E-06  1.77866E-03 7.496E-06 1.781E-03  0.000E+00  0.000E+00  7.496E-06  1.781E-03  1.928E-08  2.573E-01  2.090E-06 1.032E-05
   247 4.431499E+00 7.745491E+02     4 1.000E+00 4.727569E+01 4.726651E+01  8.20771E-06  1.78687E-03 8.230E-06 1.789E-03  0.000E+00  0.000E+00  8.230E-06  1.789E-03  2.194E-08  2.665E-01  2.112E-06 1.034E-05
   248 4.874649E+00 7.794238E+02     4 1.000E+00 4.727570E+01 4.726651E+01  9.00789E-06  1.79588E-03 9.033E-06 1.798E-03  0.000E+00  0.000E+00  9.033E-06  1.798E-03  2.499E-08  2.767E-01  2.137E-06 1.036E-05
   249 5.362114E+00 7.847859E+02     4 1.000E+00 4.727571E+01 4.726652E+01  9.88390E-06  1.80576E-03 9.912E-06 1.808E-03  0.000E+00  0.000E+00  9.912E-06  1.808E-03  2.853E-08  2.878E-01  2.166E-06 1.039E-05
   250 5.898326E+00 7.906842E+02     4 1.000E+00 4.727572E+01 4.726654E+01  1.08425E-05  1.81661E-03 1.088E-05 1.819E-03  0.000E+00  0.000E+00  1.088E-05  1.819E-03  3.262E-08  3.000E-01  2.198E-06 1.042E-05
   251 3.244079E+00 7.939283E+02     4 1.000E+00 4.727573E+01 4.726654E+01  5.95470E-06  1.82256E-03 5.969E-06 1.825E-03  0.000E+00  0.000E+00  5.969E-06  1.825E-03  1.393E-08  2.333E-01  2.212E-06 1.044E-05
   252 3.568487E+00 7.974968E+02     4 1.000E+00 4.727573E+01 4.726655E+01  6.53935E-06  1.82910E-03 6.555E-06 1.831E-03  0.000E+00  0.000E+00  6.555E-06  1.831E-03  1.578E-08  2.407E-01  2.228E-06 1.045E-05
   253 3.925336E+00 8.014221E+02     4 1.000E+00 4.727574E+01 4.726656E+01  7.18024E-06  1.83628E-03 7.198E-06 1.839E-03  0.000E+00  0.000E+00  7.198E-06  1.839E-03  1.791E-08  2.489E-01  2.246E-06 1.047E-05
   254 4.317869E+00 8.057400E+02     4 1.000E+00 4.727575E+01 4.726656E+01  7.88256E-06  1.84416E-03 7.903E-06 1.846E-03  0.000E+00  0.000E+00  7.903E-06  1.846E-03  2.037E-08  2.578E-01  2.266E-06 1.049E-05
   255 4.749656E+00 8.104896E+02     4 1.000E+00 4.727575E+01 4.726657E+01  8.65191E-06  1.85281E-03 8.675E-06 1.855E-03  0.000E+00  0.000E+00  8.675E-06  1.855E-03  2.321E-08  2.675E-01  2.289E-06 1.052E-05
   256 5.224622E+00 8.157143E+02     4 1.000E+00 4.727576E+01 4.726658E+01  9.49434E-06  1.86231E-03 9.521E-06 1.865E-03  0.000E+00  0.000E+00  9.521E-06  1.865E-03  2.649E-08  2.782E-01  2.316E-06 1.054E-05
   257 5.747084E+00 8.214613E+02     4 1.000E+00 4.727577E+01 4.726659E+01  1.04164E-05  1.87273E-03 1.045E-05 1.875E-03  0.000E+00  0.000E+00  1.045E-05  1.875E-03  3.028E-08  2.899E-01  2.346E-06 1.057E-05
   258 6.321793E+00 8.277831E+02     4 1.000E+00 4.727578E+01 4.726660E+01  1.14251E-05  1.88415E-03 1.146E-05 1.887E-03  0.000E+00  0.000E+00  1.146E-05  1.887E-03  3.468E-08  3.026E-01  2.381E-06 1.061E-05
   259 3.476986E+00 8.312601E+02     4 1.000E+00 4.727579E+01 4.726661E+01  6.27424E-06  1.89042E-03 6.289E-06 1.893E-03  0.000E+00  0.000E+00  6.289E-06  1.893E-03  1.463E-08  2.327E-01  2.395E-06 1.062E-05
   260 3.824685E+00 8.350848E+02     4 1.000E+00 4.727580E+01 4.726662E+01  6.88971E-06  1.89731E-03 6.906E-06 1.900E-03  0.000E+00  0.000E+00  6.906E-06  1.900E-03  1.661E-08  2.405E-01  2.412E-06 1.064E-05
   261 4.207153E+00 8.392920E+02     4 1.000E+00 4.727580E+01 4.726662E+01  7.56429E-06  1.90488E-03 7.583E-06 1.907E-03  0.000E+00  0.000E+00  7.583E-06  1.907E-03  1.888E-08  2.490E-01  2.431E-06 1.066E-05
   262 4.627868E+00 8.439198E+02     4 1.000E+00 4.727581E+01 4.726663E+01  8.30338E-06  1.91318E-03 8.325E-06 1.916E-03  0.000E+00  0.000E+00  8.325E-06  1.916E-03  2.151E-08  2.584E-01  2.452E-06 1.068E-05
   263 5.090655E+00 8.490105E+02     4 1.000E+00 4.727582E+01 4.726664E+01  9.11285E-06  1.92229E-03 9.137E-06 1.925E-03  0.000E+00  0.000E+00  9.137E-06  1.925E-03  2.455E-08  2.686E-01  2.477E-06 1.070E-05
   264 5.599721E+00 8.546102E+02     4 1.000E+00 4.727583E+01 4.726665E+01  9.99902E-06  1.93229E-03 1.003E-05 1.935E-03  0.000E+00  0.000E+00  1.003E-05  1.935E-03  2.806E-08  2.798E-01  2.505E-06 1.073E-05
   265 6.159693E+00 8.607699E+02     4 1.000E+00 4.727584E+01 4.726666E+01  1.09687E-05  1.94326E-03 1.100E-05 1.946E-03  0.000E+00  0.000E+00  1.100E-05  1.946E-03  3.213E-08  2.921E-01  2.537E-06 1.076E-05
   266 3.387831E+00 8.641577E+02     4 1.000E+00 4.727584E+01 4.726667E+01  6.02402E-06  1.94929E-03 6.038E-06 1.952E-03  0.000E+00  0.000E+00  6.038E-06  1.952E-03  1.359E-08  2.251E-01  2.551E-06 1.078E-05
   267 3.726614E+00 8.678843E+02     4 1.000E+00 4.727585E+01 4.726667E+01  6.61545E-06  1.95590E-03 6.631E-06 1.958E-03  0.000E+00  0.000E+00  6.631E-06  1.958E-03  1.543E-08  2.326E-01  2.566E-06 1.079E-05
   268 4.099275E+00 8.719836E+02     4 1.000E+00 4.727586E+01 4.726668E+01  7.26379E-06  1.96317E-03 7.281E-06 1.966E-03  0.000E+00  0.000E+00  7.281E-06  1.966E-03  1.754E-08  2.408E-01  2.584E-06 1.081E-05
   269 4.509203E+00 8.764928E+02     4 1.000E+00 4.727586E+01 4.726669E+01  7.97425E-06  1.97114E-03 7.994E-06 1.974E-03  0.000E+00  0.000E+00  7.994E-06  1.974E-03  1.997E-08  2.498E-01  2.604E-06 1.083E-05
   270 4.960123E+00 8.814529E+02     4 1.000E+00 4.727587E+01 4.726670E+01  8.75250E-06  1.97989E-03 8.775E-06 1.983E-03  0.000E+00  0.000E+00  8.775E-06  1.983E-03  2.278E-08  2.596E-01  2.626E-06 1.085E-05
   271 5.456136E+00 8.869091E+02     4 1.000E+00 4.727588E+01 4.726671E+01  9.60469E-06  1.98950E-03 9.631E-06 1.992E-03  0.000E+00  0.000E+00  9.631E-06  1.992E-03  2.604E-08  2.704E-01  2.653E-06 1.088E-05
   272 6.001749E+00 8.929108E+02     4 1.000E+00 4.727589E+01 4.726672E+01  1.05374E-05  2.00003E-03 1.057E-05 2.003E-03  0.000E+00  0.000E+00  1.057E-05  2.003E-03  2.982E-08  2.821E-01  2.682E-06 1.091E-05
   273 6.601924E+00 8.995127E+02     4 1.000E+00 4.727590E+01 4.726673E+01  1.15578E-05  2.01159E-03 1.159E-05 2.014E-03  0.000E+00  0.000E+00  1.159E-05  2.014E-03  3.420E-08  2.950E-01  2.717E-06 1.094E-05
   274 3.631058E+00 9.031438E+02     4 1.000E+00 4.727591E+01 4.726674E+01  6.34709E-06  2.01794E-03 6.361E-06 2.021E-03  0.000E+00  0.000E+00  6.361E-06  2.021E-03  1.430E-08  2.247E-01  2.731E-06 1.096E-05
   275 3.994164E+00 9.071380E+02     4 1.000E+00 4.727592E+01 4.726674E+01  6.96970E-06  2.02491E-03 6.986E-06 2.028E-03  0.000E+00  0.000E+00  6.986E-06  2.028E-03  1.625E-08  2.326E-01  2.747E-06 1.097E-05
   276 4.393580E+00 9.115315E+02     4 1.000E+00 4.727592E+01 4.726675E+01  7.65208E-06  2.03256E-03 7.671E-06 2.035E-03  0.000E+00  0.000E+00  7.671E-06  2.035E-03  1.850E-08  2.412E-01  2.766E-06 1.099E-05
   277 4.832939E+00 9.163645E+02     4 1.000E+00 4.727593E+01 4.726676E+01  8.39972E-06  2.04096E-03 8.421E-06 2.044E-03  0.000E+00  0.000E+00  8.421E-06  2.044E-03  2.111E-08  2.506E-01  2.787E-06 1.101E-05
   278 5.316232E+00 9.216807E+02     4 1.000E+00 4.727594E+01 4.726677E+01  9.21854E-06  2.05018E-03 9.243E-06 2.053E-03  0.000E+00  0.000E+00  9.243E-06  2.053E-03  2.412E-08  2.610E-01  2.811E-06 1.104E-05
   279 5.847856E+00 9.275286E+02     4 1.000E+00 4.727595E+01 4.726678E+01  1.01149E-05  2.06029E-03 1.014E-05 2.063E-03  0.000E+00  0.000E+00  1.014E-05  2.063E-03  2.761E-08  2.722E-01  2.838E-06 1.106E-05
   280 6.432641E+00 9.339612E+02     4 1.000E+00 4.727596E+01 4.726679E+01  1.10958E-05  2.07139E-03 1.113E-05 2.074E-03  0.000E+00  0.000E+00  1.113E-05  2.074E-03  3.167E-08  2.846E-01  2.870E-06 1.110E-05
   281 3.537953E+00 9.374992E+02     4 1.000E+00 4.727596E+01 4.726680E+01  6.09382E-06  2.07748E-03 6.107E-06 2.080E-03  0.000E+00  0.000E+00  6.107E-06  2.080E-03  1.328E-08  2.174E-01  2.883E-06 1.111E-05
   282 3.891748E+00 9.413909E+02     4 1.000E+00 4.727597E+01 4.726680E+01  6.69209E-06  2.08418E-03 6.707E-06 2.087E-03  0.000E+00  0.000E+00  6.707E-06  2.087E-03  1.509E-08  2.249E-01  2.898E-06 1.112E-05
   283 4.280923E+00 9.456718E+02     4 1.000E+00 4.727598E+01 4.726681E+01  7.34791E-06  2.09152E-03 7.365E-06 2.094E-03  0.000E+00  0.000E+00  7.365E-06  2.094E-03  1.717E-08  2.332E-01  2.916E-06 1.114E-05
   284 4.709015E+00 9.503809E+02     4 1.000E+00 4.727599E+01 4.726682E+01  8.06657E-06  2.09959E-03 8.086E-06 2.103E-03  0.000E+00  0.000E+00  8.086E-06  2.103E-03  1.959E-08  2.422E-01  2.935E-06 1.116E-05
   285 5.179916E+00 9.555608E+02     4 1.000E+00 4.727599E+01 4.726683E+01  8.85381E-06  2.10844E-03 8.876E-06 2.111E-03  0.000E+00  0.000E+00  8.876E-06  2.111E-03  2.238E-08  2.521E-01  2.958E-06 1.118E-05
   286 5.697908E+00 9.612587E+02     4 1.000E+00 4.727600E+01 4.726684E+01  9.71581E-06  2.11816E-03 9.741E-06 2.121E-03  0.000E+00  0.000E+00  9.741E-06  2.121E-03  2.562E-08  2.630E-01  2.983E-06 1.121E-05
   287 6.267699E+00 9.675264E+02     4 1.000E+00 4.727601E+01 4.726685E+01  1.06593E-05  2.12882E-03 1.069E-05 2.132E-03  0.000E+00  0.000E+00  1.069E-05  2.132E-03  2.937E-08  2.748E-01  3.013E-06 1.124E-05
   288 6.894469E+00 9.744208E+02     4 1.000E+00 4.727602E+01 4.726686E+01  1.16914E-05  2.14051E-03 1.173E-05 2.144E-03  0.000E+00  0.000E+00  1.173E-05  2.144E-03  3.374E-08  2.878E-01  3.046E-06 1.127E-05
   289 3.791958E+00 9.782128E+02     4 1.000E+00 4.727603E+01 4.726687E+01  6.42047E-06  2.14693E-03 6.434E-06 2.150E-03  0.000E+00  0.000E+00  6.434E-06  2.150E-03  1.398E-08  2.172E-01  3.060E-06 1.129E-05
   290 4.171154E+00 9.823840E+02     4 1.000E+00 4.727604E+01 4.726687E+01  7.05024E-06  2.15398E-03 7.066E-06 2.157E-03  0.000E+00  0.000E+00  7.066E-06  2.157E-03  1.591E-08  2.251E-01  3.076E-06 1.130E-05
   291 4.588269E+00 9.869722E+02     4 1.000E+00 4.727604E+01 4.726688E+01  7.74048E-06  2.16172E-03 7.759E-06 2.165E-03  0.000E+00  0.000E+00  7.759E-06  2.165E-03  1.814E-08  2.338E-01  3.094E-06 1.132E-05
   292 5.047096E+00 9.920193E+02     4 1.000E+00 4.727605E+01 4.726689E+01  8.49673E-06  2.17022E-03 8.517E-06 2.173E-03  0.000E+00  0.000E+00  8.517E-06  2.173E-03  2.072E-08  2.433E-01  3.115E-06 1.134E-05
   293 5.551806E+00 9.975711E+02     4 1.000E+00 4.727606E+01 4.726690E+01  9.32497E-06  2.17954E-03 9.349E-06 2.183E-03  0.000E+00  0.000E+00  9.349E-06  2.183E-03  2.372E-08  2.537E-01  3.139E-06 1.137E-05
   294 6.106986E+00 1.003678E+03     4 1.000E+00 4.727607E+01 4.726691E+01  1.02317E-05  2.18978E-03 1.026E-05 2.193E-03  0.000E+00  0.000E+00  1.026E-05  2.193E-03  2.719E-08  2.651E-01  3.166E-06 1.139E-05
   295 6.717685E+00 1.010396E+03     4 1.000E+00 4.727608E+01 4.726692E+01  1.12238E-05  2.20100E-03 1.126E-05 2.204E-03  0.000E+00  0.000E+00  1.126E-05  2.204E-03  3.123E-08  2.775E-01  3.197E-06 1.142E-05
   296 7.389453E+00 1.017785E+03     4 1.000E+00 4.727609E+01 4.726693E+01  1.23090E-05  2.21331E-03 1.234E-05 2.217E-03  0.000E+00  0.000E+00  1.234E-05  2.217E-03  3.593E-08  2.911E-01  3.233E-06 1.146E-05
   297 4.064199E+00 1.021849E+03     4 1.000E+00 4.727610E+01 4.726694E+01  6.75913E-06  2.22007E-03 6.774E-06 2.223E-03  0.000E+00  0.000E+00  6.774E-06  2.223E-03  1.470E-08  2.171E-01  3.248E-06 1.147E-05
   298 4.470619E+00 1.026320E+03     4 1.000E+00 4.727611E+01 4.726695E+01  7.42152E-06  2.22749E-03 7.438E-06 2.231E-03  0.000E+00  0.000E+00  7.438E-06  2.231E-03  1.676E-08  2.254E-01  3.265E-06 1.149E-05
   299 4.917681E+00 1.031238E+03     4 1.000E+00 4.727611E+01 4.726695E+01  8.14739E-06  2.23564E-03 8.167E-06 2.239E-03  0.000E+00  0.000E+00  8.167E-06  2.239E-03  1.915E-08  2.345E-01  3.284E-06 1.151E-05
   300 5.409449E+00 1.036647E+03     4 1.000E+00 4.727612E+01 4.726696E+01  8.94252E-06  2.24458E-03 8.964E-06 2.248E-03  0.000E+00  0.000E+00  8.964E-06  2.248E-03  2.191E-08  2.444E-01  3.306E-06 1.153E-05
   301 5.950394E+00 1.042598E+03     4 1.000E+00 4.727613E+01 4.726697E+01  9.81317E-06  2.25439E-03 9.838E-06 2.258E-03  0.000E+00  0.000E+00  9.838E-06  2.258E-03  2.512E-08  2.553E-01  3.331E-06 1.156E-05
   302 6.545433E+00 1.049143E+03     4 1.000E+00 4.727614E+01 4.726698E+01  1.07661E-05  2.26516E-03 1.079E-05 2.269E-03  0.000E+00  0.000E+00  1.079E-05  2.269E-03  2.885E-08  2.673E-01  3.360E-06 1.159E-05
   303 7.199977E+00 1.056343E+03     4 1.000E+00 4.727615E+01 4.726700E+01  1.18086E-05  2.27697E-03 1.184E-05 2.280E-03  0.000E+00  0.000E+00  1.184E-05  2.280E-03  3.319E-08  2.803E-01  3.393E-06 1.162E-05
   304 3.959987E+00 1.060303E+03     4 1.000E+00 4.727616E+01 4.726700E+01  6.48483E-06  2.28345E-03 6.498E-06 2.287E-03  0.000E+00  0.000E+00  6.498E-06  2.287E-03  1.362E-08  2.096E-01  3.406E-06 1.163E-05
   305 4.355986E+00 1.064659E+03     4 1.000E+00 4.727616E+01 4.726701E+01  7.12092E-06  2.29057E-03 7.136E-06 2.294E-03  0.000E+00  0.000E+00  7.136E-06  2.294E-03  1.552E-08  2.175E-01  3.422E-06 1.165E-05
   306 4.791585E+00 1.069451E+03     4 1.000E+00 4.727617E+01 4.726702E+01  7.81809E-06  2.29839E-03 7.836E-06 2.302E-03  0.000E+00  0.000E+00  7.836E-06  2.302E-03  1.773E-08  2.262E-01  3.440E-06 1.167E-05
   307 5.270743E+00 1.074721E+03     4 1.000E+00 4.727618E+01 4.726703E+01  8.58192E-06  2.30697E-03 8.602E-06 2.310E-03  0.000E+00  0.000E+00  8.602E-06  2.310E-03  2.028E-08  2.358E-01  3.460E-06 1.169E-05
   308 5.797817E+00 1.080519E+03     4 1.000E+00 4.727619E+01 4.726704E+01  9.41847E-06  2.31639E-03 9.442E-06 2.320E-03  0.000E+00  0.000E+00  9.442E-06  2.320E-03  2.325E-08  2.463E-01  3.483E-06 1.171E-05
   309 6.377599E+00 1.086897E+03     4 1.000E+00 4.727620E+01 4.726705E+01  1.03343E-05  2.32673E-03 1.036E-05 2.330E-03  0.000E+00  0.000E+00  1.036E-05  2.330E-03  2.670E-08  2.577E-01  3.510E-06 1.174E-05
   310 7.015359E+00 1.093912E+03     4 1.000E+00 4.727621E+01 4.726706E+01  1.13364E-05  2.33806E-03 1.137E-05 2.342E-03  0.000E+00  0.000E+00  1.137E-05  2.342E-03  3.071E-08  2.702E-01  3.541E-06 1.177E-05
   311 7.716895E+00 1.101629E+03     4 1.000E+00 4.727622E+01 4.726707E+01  1.24324E-05  2.35049E-03 1.247E-05 2.354E-03  0.000E+00  0.000E+00  1.247E-05  2.354E-03  3.539E-08  2.838E-01  3.576E-06 1.180E-05
   312 4.244292E+00 1.105873E+03     4 1.000E+00 4.727623E+01 4.726708E+01  6.82694E-06  2.35732E-03 6.841E-06 2.361E-03  0.000E+00  0.000E+00  6.841E-06  2.361E-03  1.434E-08  2.097E-01  3.590E-06 1.182E-05
   313 4.668721E+00 1.110542E+03     4 1.000E+00 4.727623E+01 4.726708E+01  7.49598E-06  2.36482E-03 7.512E-06 2.368E-03  0.000E+00  0.000E+00  7.512E-06  2.368E-03  1.638E-08  2.180E-01  3.607E-06 1.183E-05
   314 5.135594E+00 1.115678E+03     4 1.000E+00 4.727624E+01 4.726709E+01  8.22913E-06  2.37305E-03 8.248E-06 2.377E-03  0.000E+00  0.000E+00  8.248E-06  2.377E-03  1.874E-08  2.272E-01  3.625E-06 1.185E-05
   315 5.649153E+00 1.121327E+03     4 1.000E+00 4.727625E+01 4.726710E+01  9.03225E-06  2.38208E-03 9.054E-06 2.386E-03  0.000E+00  0.000E+00  9.054E-06  2.386E-03  2.147E-08  2.372E-01  3.647E-06 1.187E-05
   316 6.214068E+00 1.127541E+03     4 1.000E+00 4.727626E+01 4.726711E+01  9.91164E-06  2.39199E-03 9.936E-06 2.396E-03  0.000E+00  0.000E+00  9.936E-06  2.396E-03  2.466E-08  2.482E-01  3.672E-06 1.190E-05
   317 6.835475E+00 1.134376E+03     4 1.000E+00 4.727627E+01 4.726712E+01  1.08741E-05  2.40286E-03 1.090E-05 2.407E-03  0.000E+00  0.000E+00  1.090E-05  2.407E-03  2.836E-08  2.601E-01  3.700E-06 1.193E-05
   318 7.519023E+00 1.141895E+03     4 1.000E+00 4.727628E+01 4.726713E+01  1.19271E-05  2.41479E-03 1.196E-05 2.419E-03  0.000E+00  0.000E+00  1.196E-05  2.419E-03  3.268E-08  2.732E-01  3.733E-06 1.196E-05
   319 4.135462E+00 1.146031E+03     4 1.000E+00 4.727629E+01 4.726714E+01  6.54993E-06  2.42134E-03 6.563E-06 2.425E-03  0.000E+00  0.000E+00  6.563E-06  2.425E-03  1.328E-08  2.023E-01  3.746E-06 1.197E-05
   320 4.549009E+00 1.150580E+03     4 1.000E+00 4.727629E+01 4.726715E+01  7.19242E-06  2.42853E-03 7.208E-06 2.432E-03  0.000E+00  0.000E+00  7.208E-06  2.432E-03  1.516E-08  2.103E-01  3.761E-06 1.199E-05
   321 5.003909E+00 1.155584E+03     4 1.000E+00 4.727630E+01 4.726716E+01  7.89658E-06  2.43643E-03 7.914E-06 2.440E-03  0.000E+00  0.000E+00  7.914E-06  2.440E-03  1.734E-08  2.191E-01  3.778E-06 1.200E-05
   322 5.504300E+00 1.161088E+03     4 1.000E+00 4.727631E+01 4.726716E+01  8.66809E-06  2.44510E-03 8.688E-06 2.449E-03  0.000E+00  0.000E+00  8.688E-06  2.449E-03  1.987E-08  2.287E-01  3.798E-06 1.202E-05
   323 6.054730E+00 1.167143E+03     4 1.000E+00 4.727632E+01 4.726717E+01  9.51305E-06  2.45461E-03 9.536E-06 2.458E-03  0.000E+00  0.000E+00  9.536E-06  2.458E-03  2.281E-08  2.392E-01  3.821E-06 1.205E-05
   324 6.660204E+00 1.173803E+03     4 1.000E+00 4.727633E+01 4.726718E+01  1.04381E-05  2.46505E-03 1.046E-05 2.469E-03  0.000E+00  0.000E+00  1.046E-05  2.469E-03  2.624E-08  2.507E-01  3.847E-06 1.207E-05
   325 7.326224E+00 1.181129E+03     4 1.000E+00 4.727634E+01 4.726720E+01  1.14503E-05  2.47650E-03 1.148E-05 2.480E-03  0.000E+00  0.000E+00  1.148E-05  2.480E-03  3.023E-08  2.633E-01  3.878E-06 1.210E-05
   326 8.058846E+00 1.189188E+03     4 1.000E+00 4.727635E+01 4.726721E+01  1.25573E-05  2.48906E-03 1.259E-05 2.493E-03  0.000E+00  0.000E+00  1.259E-05  2.493E-03  3.489E-08  2.770E-01  3.912E-06 1.214E-05
   327 4.432365E+00 1.193620E+03     4 1.000E+00 4.727636E+01 4.726721E+01  6.89553E-06  2.49595E-03 6.910E-06 2.500E-03  0.000E+00  0.000E+00  6.910E-06  2.500E-03  1.400E-08  2.027E-01  3.926E-06 1.215E-05
   328 4.875602E+00 1.198496E+03     4 1.000E+00 4.727637E+01 4.726722E+01  7.57130E-06  2.50352E-03 7.587E-06 2.507E-03  0.000E+00  0.000E+00  7.587E-06  2.507E-03  1.602E-08  2.111E-01  3.943E-06 1.217E-05
   329 5.363162E+00 1.203859E+03     4 1.000E+00 4.727637E+01 4.726723E+01  8.31182E-06  2.51184E-03 8.330E-06 2.516E-03  0.000E+00  0.000E+00  8.330E-06  2.516E-03  1.835E-08  2.203E-01  3.961E-06 1.219E-05
   330 5.899478E+00 1.209759E+03     4 1.000E+00 4.727638E+01 4.726724E+01  9.12301E-06  2.52096E-03 9.144E-06 2.525E-03  0.000E+00  0.000E+00  9.144E-06  2.525E-03  2.106E-08  2.304E-01  3.982E-06 1.221E-05
   331 6.489426E+00 1.216248E+03     4 1.000E+00 4.727639E+01 4.726725E+01  1.00112E-05  2.53097E-03 1.004E-05 2.535E-03  0.000E+00  0.000E+00  1.004E-05  2.535E-03  2.422E-08  2.414E-01  4.006E-06 1.223E-05
   332 7.138369E+00 1.223386E+03     4 1.000E+00 4.727640E+01 4.726726E+01  1.09834E-05  2.54195E-03 1.101E-05 2.546E-03  0.000E+00  0.000E+00  1.101E-05  2.546E-03  2.791E-08  2.534E-01  4.034E-06 1.226E-05
   333 7.852206E+00 1.231239E+03     4 1.000E+00 4.727641E+01 4.726727E+01  1.20470E-05  2.55400E-03 1.208E-05 2.558E-03  0.000E+00  0.000E+00  1.208E-05  2.558E-03  3.220E-08  2.666E-01  4.066E-06 1.229E-05
   334 4.318713E+00 1.235557E+03     4 1.000E+00 4.727642E+01 4.726728E+01  6.61579E-06  2.56062E-03 6.629E-06 2.565E-03  0.000E+00  0.000E+00  6.629E-06  2.565E-03  1.296E-08  1.955E-01  4.079E-06 1.231E-05
   335 4.750584E+00 1.240308E+03     4 1.000E+00 4.727643E+01 4.726729E+01  7.26473E-06  2.56788E-03 7.280E-06 2.572E-03  0.000E+00  0.000E+00  7.280E-06  2.572E-03  1.482E-08  2.036E-01  4.094E-06 1.232E-05
   336 5.225643E+00 1.245534E+03     4 1.000E+00 4.727643E+01 4.726729E+01  7.97599E-06  2.57586E-03 7.993E-06 2.580E-03  0.000E+00  0.000E+00  7.993E-06  2.580E-03  1.698E-08  2.124E-01  4.111E-06 1.234E-05
   337 5.748207E+00 1.251282E+03     4 1.000E+00 4.727644E+01 4.726730E+01  8.75525E-06  2.58461E-03 8.775E-06 2.589E-03  0.000E+00  0.000E+00  8.775E-06  2.589E-03  1.948E-08  2.221E-01  4.130E-06 1.236E-05
   338 6.323028E+00 1.257605E+03     4 1.000E+00 4.727645E+01 4.726731E+01  9.60872E-06  2.59422E-03 9.631E-06 2.598E-03  0.000E+00  0.000E+00  9.631E-06  2.598E-03  2.240E-08  2.326E-01  4.153E-06 1.238E-05
   339 6.955331E+00 1.264560E+03     4 1.000E+00 4.727646E+01 4.726732E+01  1.05430E-05  2.60476E-03 1.057E-05 2.609E-03  0.000E+00  0.000E+00  1.057E-05  2.609E-03  2.581E-08  2.442E-01  4.179E-06 1.240E-05
   340 7.650864E+00 1.272211E+03     4 1.000E+00 4.727647E+01 4.726734E+01  1.15654E-05  2.61633E-03 1.160E-05 2.621E-03  0.000E+00  0.000E+00  1.160E-05  2.621E-03  2.978E-08  2.568E-01  4.208E-06 1.243E-05
   341 8.415950E+00 1.280627E+03     4 1.000E+00 4.727648E+01 4.726735E+01  1.26836E-05  2.62901E-03 1.272E-05 2.633E-03  0.000E+00  0.000E+00  1.272E-05  2.633E-03  3.442E-08  2.706E-01  4.243E-06 1.247E-05
   342 4.628773E+00 1.285256E+03     4 1.000E+00 4.727649E+01 4.726735E+01  6.96491E-06  2.63598E-03 6.979E-06 2.640E-03  0.000E+00  0.000E+00  6.979E-06  2.640E-03  1.368E-08  1.961E-01  4.257E-06 1.248E-05
   343 5.091650E+00 1.290347E+03     4 1.000E+00 4.727650E+01 4.726736E+01  7.64748E-06  2.64363E-03 7.663E-06 2.648E-03  0.000E+00  0.000E+00  7.663E-06  2.648E-03  1.567E-08  2.045E-01  4.272E-06 1.250E-05
   344 5.600815E+00 1.295948E+03     4 1.000E+00 4.727651E+01 4.726737E+01  8.39546E-06  2.65202E-03 8.413E-06 2.656E-03  0.000E+00  0.000E+00  8.413E-06  2.656E-03  1.799E-08  2.138E-01  4.290E-06 1.252E-05
   345 6.160896E+00 1.302109E+03     4 1.000E+00 4.727651E+01 4.726738E+01  9.21482E-06  2.66124E-03 9.235E-06 2.666E-03  0.000E+00  0.000E+00  9.235E-06  2.666E-03  2.068E-08  2.239E-01  4.311E-06 1.254E-05
   346 6.776986E+00 1.308886E+03     4 1.000E+00 4.727652E+01 4.726739E+01  1.01120E-05  2.67135E-03 1.014E-05 2.676E-03  0.000E+00  0.000E+00  1.014E-05  2.676E-03  2.382E-08  2.350E-01  4.335E-06 1.256E-05
   347 7.454685E+00 1.316341E+03     4 1.000E+00 4.727653E+01 4.726740E+01  1.10940E-05  2.68244E-03 1.112E-05 2.687E-03  0.000E+00  0.000E+00  1.112E-05  2.687E-03  2.748E-08  2.471E-01  4.362E-06 1.259E-05
   348 8.200153E+00 1.324541E+03     4 1.000E+00 4.727655E+01 4.726741E+01  1.21682E-05  2.69461E-03 1.220E-05 2.699E-03  0.000E+00  0.000E+00  1.220E-05  2.699E-03  3.177E-08  2.604E-01  4.394E-06 1.262E-05
   349 4.510084E+00 1.329051E+03     4 1.000E+00 4.727655E+01 4.726742E+01  6.68240E-06  2.70129E-03 6.695E-06 2.706E-03  0.000E+00  0.000E+00  6.695E-06  2.706E-03  1.266E-08  1.891E-01  4.407E-06 1.263E-05
   350 4.961093E+00 1.334012E+03     4 1.000E+00 4.727656E+01 4.726743E+01  7.33788E-06  2.70863E-03 7.352E-06 2.713E-03  0.000E+00  0.000E+00  7.352E-06  2.713E-03  1.450E-08  1.972E-01  4.421E-06 1.265E-05
   351 5.457202E+00 1.339469E+03     4 1.000E+00 4.727657E+01 4.726744E+01  8.05630E-06  2.71669E-03 8.073E-06 2.721E-03  0.000E+00  0.000E+00  8.073E-06  2.721E-03  1.663E-08  2.061E-01  4.438E-06 1.266E-05
   352 6.002922E+00 1.345472E+03     4 1.000E+00 4.727658E+01 4.726744E+01  8.84342E-06  2.72553E-03 8.863E-06 2.730E-03  0.000E+00  0.000E+00  8.863E-06  2.730E-03  1.912E-08  2.158E-01  4.457E-06 1.268E-05
   353 6.603214E+00 1.352075E+03     4 1.000E+00 4.727658E+01 4.726745E+01  9.70548E-06  2.73524E-03 9.728E-06 2.740E-03  0.000E+00  0.000E+00  9.728E-06  2.740E-03  2.202E-08  2.264E-01  4.479E-06 1.271E-05
   354 7.263536E+00 1.359339E+03     4 1.000E+00 4.727660E+01 4.726746E+01  1.06492E-05  2.74588E-03 1.067E-05 2.750E-03  0.000E+00  0.000E+00  1.067E-05  2.750E-03  2.541E-08  2.380E-01  4.504E-06 1.273E-05
   355 7.989889E+00 1.367329E+03     4 1.000E+00 4.727661E+01 4.726748E+01  1.16819E-05  2.75757E-03 1.171E-05 2.762E-03  0.000E+00  0.000E+00  1.171E-05  2.762E-03  2.937E-08  2.508E-01  4.534E-06 1.276E-05
   356 8.788878E+00 1.376118E+03     4 1.000E+00 4.727662E+01 4.726749E+01  1.28114E-05  2.77038E-03 1.285E-05 2.775E-03  0.000E+00  0.000E+00  1.285E-05  2.775E-03  3.400E-08  2.647E-01  4.568E-06 1.279E-05
   357 4.833883E+00 1.380952E+03     4 1.000E+00 4.727663E+01 4.726750E+01  7.03509E-06  2.77741E-03 7.048E-06 2.782E-03  0.000E+00  0.000E+00  7.048E-06  2.782E-03  1.338E-08  1.899E-01  4.581E-06 1.281E-05
   358 5.317271E+00 1.386269E+03     4 1.000E+00 4.727663E+01 4.726750E+01  7.72455E-06  2.78514E-03 7.740E-06 2.790E-03  0.000E+00  0.000E+00  7.740E-06  2.790E-03  1.535E-08  1.984E-01  4.596E-06 1.282E-05
   359 5.848998E+00 1.392118E+03     4 1.000E+00 4.727664E+01 4.726751E+01  8.48007E-06  2.79362E-03 8.498E-06 2.798E-03  0.000E+00  0.000E+00  8.498E-06  2.798E-03  1.765E-08  2.077E-01  4.614E-06 1.284E-05
   360 6.433898E+00 1.398552E+03     4 1.000E+00 4.727665E+01 4.726752E+01  9.30768E-06  2.80293E-03 9.328E-06 2.808E-03  0.000E+00  0.000E+00  9.328E-06  2.808E-03  2.032E-08  2.179E-01  4.634E-06 1.286E-05
   361 7.077288E+00 1.405629E+03     4 1.000E+00 4.727666E+01 4.726753E+01  1.02139E-05  2.81314E-03 1.024E-05 2.818E-03  0.000E+00  0.000E+00  1.024E-05  2.818E-03  2.344E-08  2.290E-01  4.658E-06 1.288E-05
   362 7.785017E+00 1.413414E+03     4 1.000E+00 4.727667E+01 4.726754E+01  1.12058E-05  2.82434E-03 1.123E-05 2.829E-03  0.000E+00  0.000E+00  1.123E-05  2.829E-03  2.709E-08  2.412E-01  4.685E-06 1.291E-05
   363 8.563519E+00 1.421978E+03     4 1.000E+00 4.727668E+01 4.726756E+01  1.22909E-05  2.83664E-03 1.232E-05 2.841E-03  0.000E+00  0.000E+00  1.232E-05  2.841E-03  3.136E-08  2.545E-01  4.716E-06 1.294E-05
   364 4.709935E+00 1.426688E+03     4 1.000E+00 4.727669E+01 4.726756E+01  6.74978E-06  2.84339E-03 6.762E-06 2.848E-03  0.000E+00  0.000E+00  6.762E-06  2.848E-03  1.238E-08  1.830E-01  4.729E-06 1.295E-05
   365 5.180929E+00 1.431868E+03     4 1.000E+00 4.727669E+01 4.726757E+01  7.41187E-06  2.85080E-03 7.426E-06 2.856E-03  0.000E+00  0.000E+00  7.426E-06  2.856E-03  1.420E-08  1.912E-01  4.743E-06 1.297E-05
   366 5.699022E+00 1.437567E+03     4 1.000E+00 4.727670E+01 4.726758E+01  8.13754E-06  2.85893E-03 8.154E-06 2.864E-03  0.000E+00  0.000E+00  8.154E-06  2.864E-03  1.631E-08  2.001E-01  4.759E-06 1.299E-05
   367 6.268924E+00 1.443836E+03     4 1.000E+00 4.727671E+01 4.726759E+01  8.93260E-06  2.86787E-03 8.951E-06 2.873E-03  0.000E+00  0.000E+00  8.951E-06  2.873E-03  1.879E-08  2.099E-01  4.778E-06 1.300E-05
   368 6.895816E+00 1.450732E+03     4 1.000E+00 4.727672E+01 4.726760E+01  9.80336E-06  2.87767E-03 9.825E-06 2.882E-03  0.000E+00  0.000E+00  9.825E-06  2.882E-03  2.167E-08  2.206E-01  4.800E-06 1.303E-05
   369 7.585398E+00 1.458318E+03     4 1.000E+00 4.727673E+01 4.726761E+01  1.07566E-05  2.88843E-03 1.078E-05 2.893E-03  0.000E+00  0.000E+00  1.078E-05  2.893E-03  2.504E-08  2.323E-01  4.825E-06 1.305E-05
   370 8.343938E+00 1.466662E+03     4 1.000E+00 4.727674E+01 4.726762E+01  1.17997E-05  2.90023E-03 1.183E-05 2.905E-03  0.000E+00  0.000E+00  1.183E-05  2.905E-03  2.899E-08  2.451E-01  4.854E-06 1.308E-05
   371 9.178331E+00 1.475840E+03     4 1.000E+00 4.727675E+01 4.726763E+01  1.29406E-05  2.91317E-03 1.297E-05 2.918E-03  0.000E+00  0.000E+00  1.297E-05  2.918E-03  3.361E-08  2.590E-01  4.887E-06 1.311E-05
   372 5.048082E+00 1.480888E+03     4 1.000E+00 4.727676E+01 4.726764E+01  7.10608E-06  2.92027E-03 7.119E-06 2.925E-03  0.000E+00  0.000E+00  7.119E-06  2.925E-03  1.310E-08  1.840E-01  4.900E-06 1.313E-05
   373 5.552890E+00 1.486441E+03     4 1.000E+00 4.727677E+01 4.726765E+01  7.80249E-06  2.92808E-03 7.818E-06 2.933E-03  0.000E+00  0.000E+00  7.818E-06  2.933E-03  1.505E-08  1.925E-01  4.915E-06 1.314E-05
   374 6.108179E+00 1.492549E+03     4 1.000E+00 4.727678E+01 4.726766E+01  8.56564E-06  2.93664E-03 8.583E-06 2.942E-03  0.000E+00  0.000E+00  8.583E-06  2.942E-03  1.733E-08  2.019E-01  4.933E-06 1.316E-05
   375 6.718997E+00 1.499268E+03     4 1.000E+00 4.727679E+01 4.726766E+01  9.40161E-06  2.94604E-03 9.422E-06 2.951E-03  0.000E+00  0.000E+00  9.422E-06  2.951E-03  1.999E-08  2.122E-01  4.953E-06 1.318E-05
   376 7.390897E+00 1.506659E+03     4 1.000E+00 4.727680E+01 4.726768E+01  1.03170E-05  2.95636E-03 1.034E-05 2.961E-03  0.000E+00  0.000E+00  1.034E-05  2.961E-03  2.310E-08  2.234E-01  4.976E-06 1.320E-05
   377 8.129987E+00 1.514789E+03     4 1.000E+00 4.727681E+01 4.726769E+01  1.13189E-05  2.96768E-03 1.135E-05 2.973E-03  0.000E+00  0.000E+00  1.135E-05  2.973E-03  2.674E-08  2.357E-01  5.003E-06 1.323E-05
   378 8.942986E+00 1.523732E+03     4 1.000E+00 4.727682E+01 4.726770E+01  1.24149E-05  2.98009E-03 1.245E-05 2.985E-03  0.000E+00  0.000E+00  1.245E-05  2.985E-03  3.100E-08  2.491E-01  5.034E-06 1.326E-05
   379 4.918642E+00 1.528651E+03     4 1.000E+00 4.727682E+01 4.726771E+01  6.81793E-06  2.98691E-03 6.830E-06 2.992E-03  0.000E+00  0.000E+00  6.830E-06  2.992E-03  1.211E-08  1.773E-01  5.046E-06 1.327E-05
   380 5.410506E+00 1.534061E+03     4 1.000E+00 4.727683E+01 4.726771E+01  7.48671E-06  2.99440E-03 7.501E-06 2.999E-03  0.000E+00  0.000E+00  7.501E-06  2.999E-03  1.391E-08  1.855E-01  5.060E-06 1.329E-05
   381 5.951557E+00 1.540013E+03     4 1.000E+00 4.727684E+01 4.726772E+01  8.21971E-06  3.00262E-03 8.236E-06 3.008E-03  0.000E+00  0.000E+00  8.236E-06  3.008E-03  1.602E-08  1.945E-01  5.076E-06 1.330E-05
   382 6.546713E+00 1.546559E+03     4 1.000E+00 4.727685E+01 4.726773E+01  9.02280E-06  3.01164E-03 9.041E-06 3.017E-03  0.000E+00  0.000E+00  9.041E-06  3.017E-03  1.847E-08  2.043E-01  5.094E-06 1.332E-05
   383 7.201384E+00 1.553761E+03     4 1.000E+00 4.727686E+01 4.726774E+01  9.90236E-06  3.02154E-03 9.924E-06 3.027E-03  0.000E+00  0.000E+00  9.924E-06  3.027E-03  2.134E-08  2.151E-01  5.115E-06 1.334E-05
   384 7.921522E+00 1.561682E+03     4 1.000E+00 4.727687E+01 4.726775E+01  1.08653E-05  3.03241E-03 1.089E-05 3.038E-03  0.000E+00  0.000E+00  1.089E-05  3.038E-03  2.470E-08  2.268E-01  5.140E-06 1.337E-05
   385 8.713674E+00 1.570396E+03     4 1.000E+00 4.727688E+01 4.726776E+01  1.19189E-05  3.04433E-03 1.195E-05 3.049E-03  0.000E+00  0.000E+00  1.195E-05  3.049E-03  2.864E-08  2.397E-01  5.169E-06 1.340E-05
   386 9.585042E+00 1.579981E+03     4 1.000E+00 4.727689E+01 4.726778E+01  1.30713E-05  3.05740E-03 1.310E-05 3.063E-03  0.000E+00  0.000E+00  1.310E-05  3.063E-03  3.326E-08  2.538E-01  5.202E-06 1.343E-05
   387 5.271773E+00 1.585253E+03     4 1.000E+00 4.727690E+01 4.726778E+01  7.17788E-06  3.06458E-03 7.191E-06 3.070E-03  0.000E+00  0.000E+00  7.191E-06  3.070E-03  1.283E-08  1.785E-01  5.215E-06 1.344E-05
   388 5.798950E+00 1.591052E+03     4 1.000E+00 4.727691E+01 4.726779E+01  7.88133E-06  3.07246E-03 7.896E-06 3.078E-03  0.000E+00  0.000E+00  7.896E-06  3.078E-03  1.477E-08  1.871E-01  5.230E-06 1.346E-05
   389 6.378845E+00 1.597430E+03     4 1.000E+00 4.727691E+01 4.726780E+01  8.65219E-06  3.08111E-03 8.669E-06 3.086E-03  0.000E+00  0.000E+00  8.669E-06  3.086E-03  1.704E-08  1.965E-01  5.247E-06 1.347E-05
   390 7.016730E+00 1.604447E+03     4 1.000E+00 4.727692E+01 4.726781E+01  9.49661E-06  3.09061E-03 9.516E-06 3.096E-03  0.000E+00  0.000E+00  9.516E-06  3.096E-03  1.968E-08  2.068E-01  5.266E-06 1.349E-05
   391 7.718403E+00 1.612166E+03     4 1.000E+00 4.727693E+01 4.726782E+01  1.04212E-05  3.10103E-03 1.044E-05 3.106E-03  0.000E+00  0.000E+00  1.044E-05  3.106E-03  2.278E-08  2.181E-01  5.289E-06 1.352E-05
   392 8.490243E+00 1.620656E+03     4 1.000E+00 4.727694E+01 4.726783E+01  1.14333E-05  3.11246E-03 1.146E-05 3.118E-03  0.000E+00  0.000E+00  1.146E-05  3.118E-03  2.641E-08  2.304E-01  5.316E-06 1.354E-05
   393 9.339268E+00 1.629995E+03     4 1.000E+00 4.727696E+01 4.726784E+01  1.25404E-05  3.12500E-03 1.257E-05 3.130E-03  0.000E+00  0.000E+00  1.257E-05  3.130E-03  3.067E-08  2.439E-01  5.346E-06 1.357E-05
   394 5.136597E+00 1.635132E+03     4 1.000E+00 4.727696E+01 4.726785E+01  6.88685E-06  3.13189E-03 6.899E-06 3.137E-03  0.000E+00  0.000E+00  6.899E-06  3.137E-03  1.186E-08  1.719E-01  5.358E-06 1.358E-05
   395 5.650257E+00 1.640782E+03     4 1.000E+00 4.727697E+01 4.726786E+01  7.56240E-06  3.13945E-03 7.576E-06 3.145E-03  0.000E+00  0.000E+00  7.576E-06  3.145E-03  1.365E-08  1.802E-01  5.372E-06 1.360E-05
   396 6.215283E+00 1.646997E+03     4 1.000E+00 4.727698E+01 4.726787E+01  8.30281E-06  3.14775E-03 8.319E-06 3.153E-03  0.000E+00  0.000E+00  8.319E-06  3.153E-03  1.574E-08  1.892E-01  5.387E-06 1.361E-05
   397 6.836811E+00 1.653834E+03     4 1.000E+00 4.727699E+01 4.726788E+01  9.11403E-06  3.15687E-03 9.132E-06 3.162E-03  0.000E+00  0.000E+00  9.132E-06  3.162E-03  1.818E-08  1.991E-01  5.406E-06 1.363E-05
   398 7.520492E+00 1.661355E+03     4 1.000E+00 4.727700E+01 4.726789E+01  1.00025E-05  3.16687E-03 1.002E-05 3.172E-03  0.000E+00  0.000E+00  1.002E-05  3.172E-03  2.104E-08  2.099E-01  5.427E-06 1.365E-05
   399 8.272541E+00 1.669627E+03     4 1.000E+00 4.727701E+01 4.726790E+01  1.09751E-05  3.17785E-03 1.100E-05 3.183E-03  0.000E+00  0.000E+00  1.100E-05  3.183E-03  2.439E-08  2.218E-01  5.451E-06 1.368E-05
   400 9.099795E+00 1.678727E+03     4 1.000E+00 4.727702E+01 4.726791E+01  1.20394E-05  3.18989E-03 1.207E-05 3.195E-03  0.000E+00  0.000E+00  1.207E-05  3.195E-03  2.833E-08  2.347E-01  5.479E-06 1.371E-05
   401 1.000977E+01 1.688737E+03     4 1.000E+00 4.727703E+01 4.726792E+01  1.32035E-05  3.20309E-03 1.324E-05 3.209E-03  0.000E+00  0.000E+00  1.324E-05  3.209E-03  3.294E-08  2.489E-01  5.512E-06 1.374E-05
   402 5.505376E+00 1.694242E+03     4 1.000E+00 4.727704E+01 4.726793E+01  7.25049E-06  3.21034E-03 7.263E-06 3.216E-03  0.000E+00  0.000E+00  7.263E-06  3.216E-03  1.259E-08  1.733E-01  5.525E-06 1.375E-05
   403 6.055914E+00 1.700298E+03     4 1.000E+00 4.727705E+01 4.726794E+01  7.96106E-06  3.21830E-03 7.976E-06 3.224E-03  0.000E+00  0.000E+00  7.976E-06  3.224E-03  1.451E-08  1.820E-01  5.539E-06 1.377E-05
   404 6.661505E+00 1.706959E+03     4 1.000E+00 4.727705E+01 4.726795E+01  8.73972E-06  3.22704E-03 8.756E-06 3.233E-03  0.000E+00  0.000E+00  8.756E-06  3.233E-03  1.676E-08  1.914E-01  5.556E-06 1.378E-05
   405 7.327656E+00 1.714287E+03     4 1.000E+00 4.727706E+01 4.726796E+01  9.59269E-06  3.23663E-03 9.612E-06 3.242E-03  0.000E+00  0.000E+00  9.612E-06  3.242E-03  1.940E-08  2.018E-01  5.576E-06 1.380E-05
   406 8.060421E+00 1.722348E+03     4 1.000E+00 4.727707E+01 4.726797E+01  1.05267E-05  3.24716E-03 1.055E-05 3.253E-03  0.000E+00  0.000E+00  1.055E-05  3.253E-03  2.249E-08  2.132E-01  5.598E-06 1.382E-05
   407 8.866463E+00 1.731214E+03     4 1.000E+00 4.727708E+01 4.726798E+01  1.15489E-05  3.25871E-03 1.158E-05 3.264E-03  0.000E+00  0.000E+00  1.158E-05  3.264E-03  2.611E-08  2.256E-01  5.624E-06 1.385E-05
   408 9.753110E+00 1.740967E+03     4 1.000E+00 4.727710E+01 4.726799E+01  1.26673E-05  3.27138E-03 1.270E-05 3.277E-03  0.000E+00  0.000E+00  1.270E-05  3.277E-03  3.037E-08  2.392E-01  5.655E-06 1.388E-05
   409 5.364210E+00 1.746331E+03     4 1.000E+00 4.727710E+01 4.726800E+01  6.95656E-06  3.27833E-03 6.968E-06 3.284E-03  0.000E+00  0.000E+00  6.968E-06  3.284E-03  1.163E-08  1.669E-01  5.666E-06 1.389E-05
   410 5.900631E+00 1.752232E+03     4 1.000E+00 4.727711E+01 4.726800E+01  7.63895E-06  3.28597E-03 7.652E-06 3.292E-03  0.000E+00  0.000E+00  7.652E-06  3.292E-03  1.340E-08  1.752E-01  5.680E-06 1.391E-05
   411 6.490694E+00 1.758723E+03     4 1.000E+00 4.727712E+01 4.726801E+01  8.38686E-06  3.29436E-03 8.402E-06 3.300E-03  0.000E+00  0.000E+00  8.402E-06  3.300E-03  1.548E-08  1.843E-01  5.695E-06 1.392E-05
   412 7.139764E+00 1.765862E+03     4 1.000E+00 4.727713E+01 4.726802E+01  9.20629E-06  3.30356E-03 9.224E-06 3.309E-03  0.000E+00  0.000E+00  9.224E-06  3.309E-03  1.791E-08  1.942E-01  5.713E-06 1.394E-05
   413 7.853740E+00 1.773716E+03     4 1.000E+00 4.727714E+01 4.726803E+01  1.01037E-05  3.31367E-03 1.012E-05 3.319E-03  0.000E+00  0.000E+00  1.012E-05  3.319E-03  2.077E-08  2.051E-01  5.734E-06 1.396E-05
   414 8.639114E+00 1.782355E+03     4 1.000E+00 4.727715E+01 4.726804E+01  1.10862E-05  3.32475E-03 1.111E-05 3.331E-03  0.000E+00  0.000E+00  1.111E-05  3.331E-03  2.411E-08  2.170E-01  5.758E-06 1.398E-05
   415 9.503026E+00 1.791858E+03     4 1.000E+00 4.727716E+01 4.726806E+01  1.21613E-05  3.33692E-03 1.219E-05 3.343E-03  0.000E+00  0.000E+00  1.219E-05  3.343E-03  2.804E-08  2.301E-01  5.786E-06 1.401E-05
   416 1.045333E+01 1.802312E+03     4 1.000E+00 4.727717E+01 4.726807E+01  1.33371E-05  3.35025E-03 1.337E-05 3.356E-03  0.000E+00  0.000E+00  1.337E-05  3.356E-03  3.266E-08  2.443E-01  5.819E-06 1.404E-05
   417 5.749331E+00 1.808061E+03     4 1.000E+00 4.727718E+01 4.726808E+01  7.32392E-06  3.35758E-03 7.336E-06 3.363E-03  0.000E+00  0.000E+00  7.336E-06  3.363E-03  1.236E-08  1.684E-01  5.831E-06 1.406E-05
   418 6.324264E+00 1.814385E+03     4 1.000E+00 4.727719E+01 4.726808E+01  8.04169E-06  3.36562E-03 8.056E-06 3.371E-03  0.000E+00  0.000E+00  8.056E-06  3.371E-03  1.427E-08  1.771E-01  5.845E-06 1.407E-05
   419 6.956690E+00 1.821342E+03     4 1.000E+00 4.727719E+01 4.726809E+01  8.82824E-06  3.37445E-03 8.845E-06 3.380E-03  0.000E+00  0.000E+00  8.845E-06  3.380E-03  1.651E-08  1.867E-01  5.862E-06 1.409E-05
   420 7.652359E+00 1.828994E+03     4 1.000E+00 4.727720E+01 4.726810E+01  9.68985E-06  3.38414E-03 9.709E-06 3.390E-03  0.000E+00  0.000E+00  9.709E-06  3.390E-03  1.914E-08  1.971E-01  5.881E-06 1.411E-05
   421 8.417595E+00 1.837412E+03     4 1.000E+00 4.727721E+01 4.726811E+01  1.06333E-05  3.39477E-03 1.066E-05 3.401E-03  0.000E+00  0.000E+00  1.066E-05  3.401E-03  2.222E-08  2.085E-01  5.903E-06 1.413E-05
   422 9.259354E+00 1.846671E+03     4 1.000E+00 4.727723E+01 4.726813E+01  1.16659E-05  3.40644E-03 1.169E-05 3.412E-03  0.000E+00  0.000E+00  1.169E-05  3.412E-03  2.584E-08  2.210E-01  5.929E-06 1.416E-05
   423 1.018529E+01 1.856857E+03     4 1.000E+00 4.727724E+01 4.726814E+01  1.27956E-05  3.41923E-03 1.283E-05 3.425E-03  0.000E+00  0.000E+00  1.283E-05  3.425E-03  3.010E-08  2.347E-01  5.959E-06 1.419E-05
   424 5.601909E+00 1.862458E+03     4 1.000E+00 4.727724E+01 4.726815E+01  7.02706E-06  3.42626E-03 7.038E-06 3.432E-03  0.000E+00  0.000E+00  7.038E-06  3.432E-03  1.141E-08  1.621E-01  5.970E-06 1.420E-05
   425 6.162100E+00 1.868621E+03     4 1.000E+00 4.727725E+01 4.726815E+01  7.71636E-06  3.43397E-03 7.730E-06 3.440E-03  0.000E+00  0.000E+00  7.730E-06  3.440E-03  1.318E-08  1.705E-01  5.984E-06 1.421E-05
   426 6.778310E+00 1.875399E+03     4 1.000E+00 4.727726E+01 4.726816E+01  8.47185E-06  3.44245E-03 8.487E-06 3.448E-03  0.000E+00  0.000E+00  8.487E-06  3.448E-03  1.525E-08  1.796E-01  5.999E-06 1.423E-05
   427 7.456141E+00 1.882855E+03     4 1.000E+00 4.727727E+01 4.726817E+01  9.29958E-06  3.45175E-03 9.317E-06 3.458E-03  0.000E+00  0.000E+00  9.317E-06  3.458E-03  1.767E-08  1.896E-01  6.017E-06 1.424E-05
   428 8.201755E+00 1.891057E+03     4 1.000E+00 4.727728E+01 4.726818E+01  1.02061E-05  3.46195E-03 1.023E-05 3.468E-03  0.000E+00  0.000E+00  1.023E-05  3.468E-03  2.052E-08  2.006E-01  6.037E-06 1.426E-05
   429 9.021931E+00 1.900079E+03     4 1.000E+00 4.727729E+01 4.726819E+01  1.11986E-05  3.47315E-03 1.122E-05 3.479E-03  0.000E+00  0.000E+00  1.122E-05  3.479E-03  2.386E-08  2.126E-01  6.061E-06 1.429E-05
   430 9.924124E+00 1.910003E+03     4 1.000E+00 4.727730E+01 4.726820E+01  1.22846E-05  3.48544E-03 1.231E-05 3.492E-03  0.000E+00  0.000E+00  1.231E-05  3.492E-03  2.779E-08  2.257E-01  6.089E-06 1.431E-05
   431 1.091654E+01 1.920919E+03     4 1.000E+00 4.727731E+01 4.726822E+01  1.34723E-05  3.49891E-03 1.350E-05 3.505E-03  0.000E+00  0.000E+00  1.350E-05  3.505E-03  3.242E-08  2.400E-01  6.121E-06 1.435E-05
   432 6.004095E+00 1.926923E+03     4 1.000E+00 4.727732E+01 4.726823E+01  7.39818E-06  3.50631E-03 7.410E-06 3.512E-03  0.000E+00  0.000E+00  7.410E-06  3.512E-03  1.214E-08  1.639E-01  6.133E-06 1.436E-05
   433 6.604505E+00 1.933528E+03     4 1.000E+00 4.727733E+01 4.726823E+01  8.12323E-06  3.51443E-03 8.137E-06 3.521E-03  0.000E+00  0.000E+00  8.137E-06  3.521E-03  1.405E-08  1.726E-01  6.147E-06 1.437E-05
   434 7.264955E+00 1.940793E+03     4 1.000E+00 4.727734E+01 4.726824E+01  8.91775E-06  3.52335E-03 8.934E-06 3.530E-03  0.000E+00  0.000E+00  8.934E-06  3.530E-03  1.628E-08  1.822E-01  6.164E-06 1.439E-05
   435 7.991451E+00 1.948784E+03     4 1.000E+00 4.727735E+01 4.726825E+01  9.78810E-06  3.53313E-03 9.807E-06 3.539E-03  0.000E+00  0.000E+00  9.807E-06  3.539E-03  1.890E-08  1.927E-01  6.183E-06 1.441E-05
   436 8.790596E+00 1.957575E+03     4 1.000E+00 4.727736E+01 4.726826E+01  1.07411E-05  3.54388E-03 1.076E-05 3.550E-03  0.000E+00  0.000E+00  1.076E-05  3.550E-03  2.198E-08  2.042E-01  6.204E-06 1.443E-05
   437 9.669655E+00 1.967245E+03     4 1.000E+00 4.727737E+01 4.726827E+01  1.17842E-05  3.55566E-03 1.181E-05 3.562E-03  0.000E+00  0.000E+00  1.181E-05  3.562E-03  2.561E-08  2.168E-01  6.230E-06 1.446E-05
   438 1.063662E+01 1.977881E+03     4 1.000E+00 4.727738E+01 4.726829E+01  1.29253E-05  3.56859E-03 1.296E-05 3.575E-03  0.000E+00  0.000E+00  1.296E-05  3.575E-03  2.987E-08  2.306E-01  6.260E-06 1.449E-05
   439 5.850141E+00 1.983731E+03     4 1.000E+00 4.727739E+01 4.726829E+01  7.09834E-06  3.57568E-03 7.110E-06 3.582E-03  0.000E+00  0.000E+00  7.110E-06  3.582E-03  1.121E-08  1.577E-01  6.271E-06 1.450E-05
   440 6.435156E+00 1.990166E+03     4 1.000E+00 4.727739E+01 4.726830E+01  7.79463E-06  3.58348E-03 7.808E-06 3.590E-03  0.000E+00  0.000E+00  7.808E-06  3.590E-03  1.297E-08  1.661E-01  6.284E-06 1.451E-05
   441 7.078671E+00 1.997245E+03     4 1.000E+00 4.727740E+01 4.726831E+01  8.55779E-06  3.59204E-03 8.573E-06 3.598E-03  0.000E+00  0.000E+00  8.573E-06  3.598E-03  1.503E-08  1.753E-01  6.299E-06 1.453E-05
   442 7.786538E+00 2.005032E+03     4 1.000E+00 4.727741E+01 4.726832E+01  9.39392E-06  3.60143E-03 9.411E-06 3.608E-03  0.000E+00  0.000E+00  9.411E-06  3.608E-03  1.745E-08  1.854E-01  6.317E-06 1.454E-05
   443 8.565192E+00 2.013597E+03     4 1.000E+00 4.727742E+01 4.726833E+01  1.03097E-05  3.61174E-03 1.033E-05 3.618E-03  0.000E+00  0.000E+00  1.033E-05  3.618E-03  2.029E-08  1.964E-01  6.337E-06 1.456E-05
   444 9.421711E+00 2.023019E+03     4 1.000E+00 4.727743E+01 4.726834E+01  1.13122E-05  3.62305E-03 1.134E-05 3.629E-03  0.000E+00  0.000E+00  1.134E-05  3.629E-03  2.363E-08  2.085E-01  6.361E-06 1.459E-05
   445 1.036388E+01 2.033382E+03     4 1.000E+00 4.727744E+01 4.726835E+01  1.24092E-05  3.63546E-03 1.244E-05 3.642E-03  0.000E+00  0.000E+00  1.244E-05  3.642E-03  2.757E-08  2.217E-01  6.388E-06 1.461E-05
   446 1.140027E+01 2.044783E+03     4 1.000E+00 4.727746E+01 4.726837E+01  1.36090E-05  3.64907E-03 1.364E-05 3.655E-03  0.000E+00  0.000E+00  1.364E-05  3.655E-03  3.221E-08  2.361E-01  6.420E-06 1.465E-05
   447 6.270149E+00 2.051053E+03     4 1.000E+00 4.727747E+01 4.726838E+01  7.47327E-06  3.65654E-03 7.485E-06 3.663E-03  0.000E+00  0.000E+00  7.485E-06  3.663E-03  1.195E-08  1.596E-01  6.432E-06 1.466E-05
   448 6.897164E+00 2.057950E+03     4 1.000E+00 4.727747E+01 4.726838E+01  8.20567E-06  3.66475E-03 8.220E-06 3.671E-03  0.000E+00  0.000E+00  8.220E-06  3.671E-03  1.384E-08  1.684E-01  6.446E-06 1.467E-05
   449 7.586880E+00 2.065537E+03     4 1.000E+00 4.727748E+01 4.726839E+01  9.00826E-06  3.67376E-03 9.024E-06 3.680E-03  0.000E+00  0.000E+00  9.024E-06  3.680E-03  1.607E-08  1.781E-01  6.462E-06 1.469E-05
   450 8.345568E+00 2.073883E+03     4 1.000E+00 4.727749E+01 4.726840E+01  9.88744E-06  3.68364E-03 9.906E-06 3.690E-03  0.000E+00  0.000E+00  9.906E-06  3.690E-03  1.869E-08  1.887E-01  6.481E-06 1.471E-05
   451 9.180125E+00 2.083063E+03     4 1.000E+00 4.727750E+01 4.726841E+01  1.08501E-05  3.69449E-03 1.087E-05 3.701E-03  0.000E+00  0.000E+00  1.087E-05  3.701E-03  2.177E-08  2.002E-01  6.503E-06 1.473E-05
   452 1.009814E+01 2.093161E+03     4 1.000E+00 4.727751E+01 4.726843E+01  1.19038E-05  3.70640E-03 1.193E-05 3.713E-03  0.000E+00  0.000E+00  1.193E-05  3.713E-03  2.540E-08  2.129E-01  6.528E-06 1.475E-05
   453 1.110795E+01 2.104269E+03     4 1.000E+00 4.727753E+01 4.726844E+01  1.30565E-05  3.71946E-03 1.309E-05 3.726E-03  0.000E+00  0.000E+00  1.309E-05  3.726E-03  2.967E-08  2.267E-01  6.558E-06 1.478E-05
   454 6.109373E+00 2.110378E+03     2 1.000E+00 4.727753E+01 4.726845E+01  7.17749E-06  3.72663E-03 7.181E-06 3.733E-03  0.000E+00  0.000E+00  7.181E-06  3.733E-03  3.946E-09  5.495E-02  6.562E-06 1.479E-05
   455 6.720310E+00 2.117098E+03     4 1.000E+00 4.727754E+01 4.726845E+01  7.87378E-06  3.73451E-03 7.887E-06 3.741E-03  0.000E+00  0.000E+00  7.887E-06  3.741E-03  1.278E-08  1.620E-01  6.574E-06 1.480E-05
   456 7.392341E+00 2.124491E+03     4 1.000E+00 4.727755E+01 4.726846E+01  8.64468E-06  3.74315E-03 8.660E-06 3.750E-03  0.000E+00  0.000E+00  8.660E-06  3.750E-03  1.483E-08  1.713E-01  6.589E-06 1.482E-05
   457 8.131576E+00 2.132622E+03     4 1.000E+00 4.727756E+01 4.726847E+01  9.48930E-06  3.75264E-03 9.507E-06 3.759E-03  0.000E+00  0.000E+00  9.507E-06  3.759E-03  1.724E-08  1.814E-01  6.606E-06 1.483E-05
   458 8.944733E+00 2.141567E+03     4 1.000E+00 4.727757E+01 4.726848E+01  1.04143E-05  3.76305E-03 1.043E-05 3.770E-03  0.000E+00  0.000E+00  1.043E-05  3.770E-03  2.009E-08  1.925E-01  6.627E-06 1.485E-05
   459 9.839207E+00 2.151406E+03     4 1.000E+00 4.727758E+01 4.726849E+01  1.14270E-05  3.77448E-03 1.145E-05 3.781E-03  0.000E+00  0.000E+00  1.145E-05  3.781E-03  2.343E-08  2.046E-01  6.650E-06 1.488E-05
   460 1.082313E+01 2.162229E+03     4 1.000E+00 4.727759E+01 4.726851E+01  1.25352E-05  3.78702E-03 1.256E-05 3.794E-03  0.000E+00  0.000E+00  1.256E-05  3.794E-03  2.738E-08  2.179E-01  6.677E-06 1.490E-05
   461 1.190544E+01 2.174135E+03     4 1.000E+00 4.727760E+01 4.726852E+01  1.37472E-05  3.80076E-03 1.378E-05 3.807E-03  0.000E+00  0.000E+00  1.378E-05  3.807E-03  3.203E-08  2.324E-01  6.709E-06 1.494E-05
   462 6.547992E+00 2.180683E+03     4 1.000E+00 4.727761E+01 4.726853E+01  7.54918E-06  3.80831E-03 7.561E-06 3.815E-03  0.000E+00  0.000E+00  7.561E-06  3.815E-03  1.177E-08  1.556E-01  6.721E-06 1.495E-05
   463 7.202791E+00 2.187886E+03     4 1.000E+00 4.727762E+01 4.726854E+01  8.28902E-06  3.81660E-03 8.303E-06 3.823E-03  0.000E+00  0.000E+00  8.303E-06  3.823E-03  1.366E-08  1.645E-01  6.735E-06 1.496E-05
   464 7.923070E+00 2.195809E+03     4 1.000E+00 4.727763E+01 4.726854E+01  9.09976E-06  3.82570E-03 9.116E-06 3.832E-03  0.000E+00  0.000E+00  9.116E-06  3.832E-03  1.588E-08  1.742E-01  6.751E-06 1.498E-05
   465 8.715377E+00 2.204524E+03     4 1.000E+00 4.727764E+01 4.726855E+01  9.98787E-06  3.83569E-03 1.001E-05 3.842E-03  0.000E+00  0.000E+00  1.001E-05  3.842E-03  1.850E-08  1.849E-01  6.769E-06 1.500E-05
   466 9.586915E+00 2.214111E+03     4 1.000E+00 4.727765E+01 4.726857E+01  1.09603E-05  3.84665E-03 1.098E-05 3.853E-03  0.000E+00  0.000E+00  1.098E-05  3.853E-03  2.158E-08  1.965E-01  6.791E-06 1.502E-05
   467 1.054561E+01 2.224657E+03     4 1.000E+00 4.727766E+01 4.726858E+01  1.20247E-05  3.85868E-03 1.205E-05 3.865E-03  0.000E+00  0.000E+00  1.205E-05  3.865E-03  2.521E-08  2.092E-01  6.816E-06 1.504E-05
   468 1.160017E+01 2.236257E+03     4 1.000E+00 4.727767E+01 4.726859E+01  1.31891E-05  3.87186E-03 1.322E-05 3.879E-03  0.000E+00  0.000E+00  1.322E-05  3.879E-03  2.950E-08  2.232E-01  6.846E-06 1.507E-05
   469 6.380092E+00 2.242637E+03     2 1.000E+00 4.727768E+01 4.726860E+01  7.25043E-06  3.87911E-03 7.254E-06 3.886E-03  0.000E+00  0.000E+00  7.254E-06  3.886E-03  3.700E-09  5.100E-02  6.849E-06 1.508E-05
   470 7.018101E+00 2.249655E+03     4 1.000E+00 4.727769E+01 4.726861E+01  7.95378E-06  3.88707E-03 7.966E-06 3.894E-03  0.000E+00  0.000E+00  7.966E-06  3.894E-03  1.260E-08  1.582E-01  6.862E-06 1.509E-05
   471 7.719911E+00 2.257375E+03     4 1.000E+00 4.727770E+01 4.726861E+01  8.73252E-06  3.89580E-03 8.747E-06 3.903E-03  0.000E+00  0.000E+00  8.747E-06  3.903E-03  1.465E-08  1.675E-01  6.876E-06 1.510E-05
   472 8.491902E+00 2.265867E+03     4 1.000E+00 4.727770E+01 4.726862E+01  9.58572E-06  3.90539E-03 9.603E-06 3.912E-03  0.000E+00  0.000E+00  9.603E-06  3.912E-03  1.706E-08  1.777E-01  6.894E-06 1.512E-05
   473 9.341093E+00 2.275208E+03     4 1.000E+00 4.727771E+01 4.726863E+01  1.05202E-05  3.91591E-03 1.054E-05 3.923E-03  0.000E+00  0.000E+00  1.054E-05  3.923E-03  1.991E-08  1.889E-01  6.913E-06 1.514E-05
   474 1.027520E+01 2.285483E+03     4 1.000E+00 4.727773E+01 4.726865E+01  1.15431E-05  3.92745E-03 1.157E-05 3.934E-03  0.000E+00  0.000E+00  1.157E-05  3.934E-03  2.326E-08  2.011E-01  6.937E-06 1.516E-05
   475 1.130272E+01 2.296786E+03     4 1.000E+00 4.727774E+01 4.726866E+01  1.26625E-05  3.94011E-03 1.269E-05 3.947E-03  0.000E+00  0.000E+00  1.269E-05  3.947E-03  2.722E-08  2.145E-01  6.964E-06 1.519E-05
   476 1.243299E+01 2.309219E+03     4 1.000E+00 4.727775E+01 4.726867E+01  1.38868E-05  3.95400E-03 1.392E-05 3.961E-03  0.000E+00  0.000E+00  1.392E-05  3.961E-03  3.189E-08  2.291E-01  6.996E-06 1.522E-05
   477 6.838147E+00 2.316057E+03     4 1.000E+00 4.727776E+01 4.726868E+01  7.62591E-06  3.96163E-03 7.638E-06 3.969E-03  0.000E+00  0.000E+00  7.638E-06  3.969E-03  1.160E-08  1.519E-01  7.007E-06 1.523E-05
   478 7.521962E+00 2.323579E+03     4 1.000E+00 4.727777E+01 4.726869E+01  8.37328E-06  3.97000E-03 8.387E-06 3.977E-03  0.000E+00  0.000E+00  8.387E-06  3.977E-03  1.349E-08  1.608E-01  7.021E-06 1.525E-05
   479 8.274158E+00 2.331853E+03     4 1.000E+00 4.727778E+01 4.726870E+01  9.19226E-06  3.97919E-03 9.208E-06 3.986E-03  0.000E+00  0.000E+00  9.208E-06  3.986E-03  1.571E-08  1.706E-01  7.037E-06 1.526E-05
   480 9.101573E+00 2.340955E+03     4 1.000E+00 4.727779E+01 4.726871E+01  1.00894E-05  3.98928E-03 1.011E-05 3.996E-03  0.000E+00  0.000E+00  1.011E-05  3.996E-03  1.833E-08  1.813E-01  7.055E-06 1.528E-05
   481 1.001173E+01 2.350966E+03     4 1.000E+00 4.727780E+01 4.726872E+01  1.10718E-05  4.00035E-03 1.109E-05 4.007E-03  0.000E+00  0.000E+00  1.109E-05  4.007E-03  2.142E-08  1.931E-01  7.076E-06 1.530E-05
   482 1.101290E+01 2.361979E+03     4 1.000E+00 4.727781E+01 4.726873E+01  1.21470E-05  4.01250E-03 1.217E-05 4.020E-03  0.000E+00  0.000E+00  1.217E-05  4.020E-03  2.506E-08  2.059E-01  7.101E-06 1.533E-05
   483 1.211419E+01 2.374093E+03     4 1.000E+00 4.727782E+01 4.726874E+01  1.33232E-05  4.02582E-03 1.335E-05 4.033E-03  0.000E+00  0.000E+00  1.335E-05  4.033E-03  2.936E-08  2.199E-01  7.131E-06 1.536E-05
   484 6.662807E+00 2.380756E+03     2 1.000E+00 4.727783E+01 4.726875E+01  7.32415E-06  4.03315E-03 7.328E-06 4.040E-03  0.000E+00  0.000E+00  7.328E-06  4.040E-03  3.469E-09  4.734E-02  7.134E-06 1.536E-05
   485 7.329088E+00 2.388085E+03     4 1.000E+00 4.727784E+01 4.726876E+01  8.03466E-06  4.04118E-03 8.047E-06 4.048E-03  0.000E+00  0.000E+00  8.047E-06  4.048E-03  1.244E-08  1.546E-01  7.147E-06 1.537E-05
   486 8.061996E+00 2.396147E+03     4 1.000E+00 4.727784E+01 4.726877E+01  8.82131E-06  4.05000E-03 8.836E-06 4.057E-03  0.000E+00  0.000E+00  8.836E-06  4.057E-03  1.449E-08  1.640E-01  7.161E-06 1.539E-05
   487 8.868196E+00 2.405016E+03     4 1.000E+00 4.727785E+01 4.726878E+01  9.68319E-06  4.05969E-03 9.700E-06 4.067E-03  0.000E+00  0.000E+00  9.700E-06  4.067E-03  1.690E-08  1.743E-01  7.178E-06 1.540E-05
   488 9.755015E+00 2.414771E+03     4 1.000E+00 4.727786E+01 4.726879E+01  1.06271E-05  4.07031E-03 1.065E-05 4.078E-03  0.000E+00  0.000E+00  1.065E-05  4.078E-03  1.975E-08  1.855E-01  7.198E-06 1.542E-05
   489 1.073052E+01 2.425501E+03     4 1.000E+00 4.727787E+01 4.726880E+01  1.16605E-05  4.08197E-03 1.168E-05 4.089E-03  0.000E+00  0.000E+00  1.168E-05  4.089E-03  2.311E-08  1.978E-01  7.221E-06 1.545E-05
   490 1.180357E+01 2.437305E+03     4 1.000E+00 4.727789E+01 4.726881E+01  1.27913E-05  4.09476E-03 1.282E-05 4.102E-03  0.000E+00  0.000E+00  1.282E-05  4.102E-03  2.708E-08  2.113E-01  7.248E-06 1.547E-05
   491 1.298393E+01 2.450289E+03     4 1.000E+00 4.727790E+01 4.726883E+01  1.40280E-05  4.10879E-03 1.406E-05 4.116E-03  0.000E+00  0.000E+00  1.406E-05  4.116E-03  3.178E-08  2.260E-01  7.280E-06 1.551E-05
   492 7.141159E+00 2.457430E+03     2 1.000E+00 4.727791E+01 4.726884E+01  7.71145E-06  4.11650E-03 7.715E-06 4.124E-03  0.000E+00  0.000E+00  7.715E-06  4.124E-03  3.477E-09  4.507E-02  7.283E-06 1.551E-05
   493 7.855275E+00 2.465285E+03     4 1.000E+00 4.727792E+01 4.726884E+01  8.45844E-06  4.12496E-03 8.472E-06 4.132E-03  0.000E+00  0.000E+00  8.472E-06  4.132E-03  1.334E-08  1.574E-01  7.297E-06 1.552E-05
   494 8.640802E+00 2.473926E+03     4 1.000E+00 4.727793E+01 4.726885E+01  9.28575E-06  4.13425E-03 9.301E-06 4.142E-03  0.000E+00  0.000E+00  9.301E-06  4.142E-03  1.556E-08  1.673E-01  7.312E-06 1.554E-05
   495 9.504883E+00 2.483431E+03     4 1.000E+00 4.727794E+01 4.726886E+01  1.01920E-05  4.14444E-03 1.021E-05 4.152E-03  0.000E+00  0.000E+00  1.021E-05  4.152E-03  1.818E-08  1.781E-01  7.330E-06 1.556E-05
   496 1.045537E+01 2.493886E+03     4 1.000E+00 4.727795E+01 4.726887E+01  1.11844E-05  4.15562E-03 1.121E-05 4.163E-03  0.000E+00  0.000E+00  1.121E-05  4.163E-03  2.128E-08  1.899E-01  7.352E-06 1.558E-05
   497 1.150091E+01 2.505387E+03     4 1.000E+00 4.727796E+01 4.726889E+01  1.22705E-05  4.16789E-03 1.230E-05 4.175E-03  0.000E+00  0.000E+00  1.230E-05  4.175E-03  2.493E-08  2.028E-01  7.377E-06 1.560E-05
   498 1.265100E+01 2.518038E+03     4 1.000E+00 4.727797E+01 4.726890E+01  1.34587E-05  4.18135E-03 1.349E-05 4.189E-03  0.000E+00  0.000E+00  1.349E-05  4.189E-03  2.926E-08  2.169E-01  7.406E-06 1.563E-05
   499 6.958049E+00 2.524996E+03     2 1.000E+00 4.727798E+01 4.726891E+01  7.39867E-06  4.18875E-03 7.402E-06 4.196E-03  0.000E+00  0.000E+00  7.402E-06  4.196E-03  3.252E-09  4.394E-02  7.409E-06 1.564E-05
   500 7.653854E+00 2.532650E+03     4 1.000E+00 4.727799E+01 4.726892E+01  8.11640E-06  4.19687E-03 8.129E-06 4.204E-03  0.000E+00  0.000E+00  8.129E-06  4.204E-03  1.230E-08  1.513E-01  7.421E-06 1.565E-05
   501 8.419240E+00 2.541069E+03     4 1.000E+00 4.727799E+01 4.726892E+01  8.91105E-06  4.20578E-03 8.925E-06 4.213E-03  0.000E+00  0.000E+00  8.925E-06  4.213E-03  1.435E-08  1.607E-01  7.436E-06 1.566E-05
   502 9.261164E+00 2.550330E+03     4 1.000E+00 4.727800E+01 4.726893E+01  9.78169E-06  4.21556E-03 9.798E-06 4.223E-03  0.000E+00  0.000E+00  9.798E-06  4.223E-03  1.676E-08  1.711E-01  7.452E-06 1.568E-05
   503 1.018728E+01 2.560518E+03     4 1.000E+00 4.727801E+01 4.726895E+01  1.07352E-05  4.22630E-03 1.075E-05 4.234E-03  0.000E+00  0.000E+00  1.075E-05  4.234E-03  1.962E-08  1.824E-01  7.472E-06 1.570E-05
   504 1.120601E+01 2.571724E+03     4 1.000E+00 4.727803E+01 4.726896E+01  1.17791E-05  4.23808E-03 1.180E-05 4.246E-03  0.000E+00  0.000E+00  1.180E-05  4.246E-03  2.299E-08  1.948E-01  7.495E-06 1.572E-05
   505 1.232661E+01 2.584050E+03     4 1.000E+00 4.727804E+01 4.726897E+01  1.29214E-05  4.25100E-03 1.295E-05 4.259E-03  0.000E+00  0.000E+00  1.295E-05  4.259E-03  2.698E-08  2.084E-01  7.522E-06 1.575E-05
   506 1.355927E+01 2.597609E+03     4 1.000E+00 4.727805E+01 4.726898E+01  1.41707E-05  4.26517E-03 1.420E-05 4.273E-03  0.000E+00  0.000E+00  1.420E-05  4.273E-03  3.170E-08  2.232E-01  7.554E-06 1.578E-05
   507 7.457598E+00 2.605067E+03     2 1.000E+00 4.727806E+01 4.726899E+01  7.78992E-06  4.27296E-03 7.793E-06 4.281E-03  0.000E+00  0.000E+00  7.793E-06  4.281E-03  3.260E-09  4.183E-02  7.557E-06 1.578E-05
   508 8.203358E+00 2.613270E+03     4 1.000E+00 4.727807E+01 4.726900E+01  8.54451E-06  4.28150E-03 8.558E-06 4.289E-03  0.000E+00  0.000E+00  8.558E-06  4.289E-03  1.320E-08  1.543E-01  7.570E-06 1.580E-05
   509 9.023694E+00 2.622294E+03     4 1.000E+00 4.727808E+01 4.726901E+01  9.38023E-06  4.29088E-03 9.396E-06 4.298E-03  0.000E+00  0.000E+00  9.396E-06  4.298E-03  1.543E-08  1.642E-01  7.586E-06 1.581E-05
   510 9.926063E+00 2.632220E+03     4 1.000E+00 4.727809E+01 4.726902E+01  1.02957E-05  4.30118E-03 1.031E-05 4.309E-03  0.000E+00  0.000E+00  1.031E-05  4.309E-03  1.805E-08  1.750E-01  7.604E-06 1.583E-05
   511 1.091867E+01 2.643139E+03     4 1.000E+00 4.727810E+01 4.726903E+01  1.12981E-05  4.31248E-03 1.132E-05 4.320E-03  0.000E+00  0.000E+00  1.132E-05  4.320E-03  2.116E-08  1.869E-01  7.625E-06 1.585E-05
   512 1.201054E+01 2.655149E+03     4 1.000E+00 4.727811E+01 4.726904E+01  1.23953E-05  4.32487E-03 1.242E-05 4.333E-03  0.000E+00  0.000E+00  1.242E-05  4.333E-03  2.483E-08  2.000E-01  7.650E-06 1.588E-05
   513 1.321159E+01 2.668361E+03     4 1.000E+00 4.727812E+01 4.726906E+01  1.35956E-05  4.33847E-03 1.362E-05 4.346E-03  0.000E+00  0.000E+00  1.362E-05  4.346E-03  2.918E-08  2.142E-01  7.679E-06 1.591E-05
   514 7.266375E+00 2.675627E+03     2 1.000E+00 4.727813E+01 4.726906E+01  7.47397E-06  4.34594E-03 7.477E-06 4.354E-03  0.000E+00  0.000E+00  7.477E-06  4.354E-03  3.050E-09  4.079E-02  7.682E-06 1.591E-05
   515 7.993012E+00 2.683620E+03     4 1.000E+00 4.727814E+01 4.726907E+01  8.19900E-06  4.35414E-03 8.211E-06 4.362E-03  0.000E+00  0.000E+00  8.211E-06  4.362E-03  1.217E-08  1.482E-01  7.694E-06 1.592E-05
   516 8.792313E+00 2.692413E+03     4 1.000E+00 4.727815E+01 4.726908E+01  9.00173E-06  4.36314E-03 9.016E-06 4.371E-03  0.000E+00  0.000E+00  9.016E-06  4.371E-03  1.422E-08  1.577E-01  7.708E-06 1.593E-05
   517 9.671545E+00 2.702084E+03     4 1.000E+00 4.727816E+01 4.726909E+01  9.88123E-06  4.37302E-03 9.898E-06 4.381E-03  0.000E+00  0.000E+00  9.898E-06  4.381E-03  1.664E-08  1.681E-01  7.725E-06 1.595E-05
   518 1.063870E+01 2.712723E+03     4 1.000E+00 4.727817E+01 4.726910E+01  1.08445E-05  4.38387E-03 1.086E-05 4.392E-03  0.000E+00  0.000E+00  1.086E-05  4.392E-03  1.951E-08  1.796E-01  7.744E-06 1.597E-05
   519 1.170257E+01 2.724425E+03     4 1.000E+00 4.727818E+01 4.726911E+01  1.18990E-05  4.39577E-03 1.192E-05 4.404E-03  0.000E+00  0.000E+00  1.192E-05  4.404E-03  2.290E-08  1.921E-01  7.767E-06 1.599E-05
   520 1.287283E+01 2.737298E+03     4 1.000E+00 4.727819E+01 4.726913E+01  1.30529E-05  4.40882E-03 1.308E-05 4.417E-03  0.000E+00  0.000E+00  1.308E-05  4.417E-03  2.691E-08  2.057E-01  7.794E-06 1.602E-05
   521 1.416011E+01 2.751458E+03     4 1.000E+00 4.727820E+01 4.726914E+01  1.43149E-05  4.42313E-03 1.435E-05 4.431E-03  0.000E+00  0.000E+00  1.435E-05  4.431E-03  3.165E-08  2.206E-01  7.826E-06 1.605E-05
   522 7.788060E+00 2.759246E+03     2 1.000E+00 4.727821E+01 4.726915E+01  7.86921E-06  4.43100E-03 7.872E-06 4.439E-03  0.000E+00  0.000E+00  7.872E-06  4.439E-03  3.058E-09  3.885E-02  7.829E-06 1.606E-05
   523 8.566866E+00 2.767813E+03     4 1.000E+00 4.727822E+01 4.726916E+01  8.63147E-06  4.43964E-03 8.645E-06 4.447E-03  0.000E+00  0.000E+00  8.645E-06  4.447E-03  1.308E-08  1.513E-01  7.842E-06 1.607E-05
   524 9.423552E+00 2.777237E+03     4 1.000E+00 4.727823E+01 4.726917E+01  9.47570E-06  4.44911E-03 9.491E-06 4.457E-03  0.000E+00  0.000E+00  9.491E-06  4.457E-03  1.531E-08  1.613E-01  7.857E-06 1.608E-05
   525 1.036591E+01 2.787603E+03     4 1.000E+00 4.727824E+01 4.726918E+01  1.04005E-05  4.45951E-03 1.042E-05 4.467E-03  0.000E+00  0.000E+00  1.042E-05  4.467E-03  1.795E-08  1.723E-01  7.875E-06 1.610E-05
   526 1.140250E+01 2.799005E+03     4 1.000E+00 4.727825E+01 4.726919E+01  1.14131E-05  4.47092E-03 1.143E-05 4.479E-03  0.000E+00  0.000E+00  1.143E-05  4.479E-03  2.107E-08  1.843E-01  7.896E-06 1.612E-05
   527 1.254275E+01 2.811548E+03     4 1.000E+00 4.727826E+01 4.726920E+01  1.25215E-05  4.48345E-03 1.255E-05 4.491E-03  0.000E+00  0.000E+00  1.255E-05  4.491E-03  2.476E-08  1.974E-01  7.921E-06 1.615E-05
   528 1.379702E+01 2.825345E+03     4 1.000E+00 4.727828E+01 4.726922E+01  1.37339E-05  4.49718E-03 1.376E-05 4.505E-03  0.000E+00  0.000E+00  1.376E-05  4.505E-03  2.914E-08  2.117E-01  7.950E-06 1.618E-05
   529 7.588363E+00 2.832933E+03     2 1.000E+00 4.727828E+01 4.726922E+01  7.55005E-06  4.50473E-03 7.553E-06 4.513E-03  0.000E+00  0.000E+00  7.553E-06  4.513E-03  2.862E-09  3.790E-02  7.953E-06 1.618E-05
   530 8.347199E+00 2.841281E+03     4 1.000E+00 4.727829E+01 4.726923E+01  8.28246E-06  4.51301E-03 8.295E-06 4.521E-03  0.000E+00  0.000E+00  8.295E-06  4.521E-03  1.206E-08  1.454E-01  7.965E-06 1.619E-05
   531 9.181919E+00 2.850463E+03     4 1.000E+00 4.727830E+01 4.726924E+01  9.09336E-06  4.52211E-03 9.107E-06 4.530E-03  0.000E+00  0.000E+00  9.107E-06  4.530E-03  1.411E-08  1.549E-01  7.979E-06 1.621E-05
   532 1.010011E+01 2.860563E+03     4 1.000E+00 4.727831E+01 4.726925E+01  9.98181E-06  4.53209E-03 9.998E-06 4.540E-03  0.000E+00  0.000E+00  9.998E-06  4.540E-03  1.654E-08  1.655E-01  7.996E-06 1.622E-05
   533 1.111012E+01 2.871673E+03     4 1.000E+00 4.727832E+01 4.726926E+01  1.09548E-05  4.54304E-03 1.097E-05 4.551E-03  0.000E+00  0.000E+00  1.097E-05  4.551E-03  1.942E-08  1.770E-01  8.015E-06 1.624E-05
   534 1.222113E+01 2.883894E+03     4 1.000E+00 4.727833E+01 4.726927E+01  1.20201E-05  4.55506E-03 1.204E-05 4.563E-03  0.000E+00  0.000E+00  1.204E-05  4.563E-03  2.283E-08  1.895E-01  8.038E-06 1.626E-05
   535 1.344325E+01 2.897337E+03     4 1.000E+00 4.727835E+01 4.726929E+01  1.31857E-05  4.56825E-03 1.321E-05 4.576E-03  0.000E+00  0.000E+00  1.321E-05  4.576E-03  2.686E-08  2.033E-01  8.065E-06 1.629E-05
   536 1.478757E+01 2.912125E+03     4 1.000E+00 4.727836E+01 4.726930E+01  1.44605E-05  4.58271E-03 1.449E-05 4.591E-03  0.000E+00  0.000E+00  1.449E-05  4.591E-03  3.164E-08  2.183E-01  8.097E-06 1.632E-05
   537 8.133165E+00 2.920258E+03     2 1.000E+00 4.727837E+01 4.726931E+01  7.94932E-06  4.59066E-03 7.952E-06 4.599E-03  0.000E+00  0.000E+00  7.952E-06  4.599E-03  2.872E-09  3.611E-02  8.099E-06 1.633E-05
   538 8.946481E+00 2.929204E+03     4 1.000E+00 4.727838E+01 4.726932E+01  8.71934E-06  4.59938E-03 8.732E-06 4.607E-03  0.000E+00  0.000E+00  8.732E-06  4.607E-03  1.298E-08  1.486E-01  8.112E-06 1.634E-05
   539 9.841129E+00 2.939045E+03     4 1.000E+00 4.727838E+01 4.726933E+01  9.57216E-06  4.60895E-03 9.587E-06 4.617E-03  0.000E+00  0.000E+00  9.587E-06  4.617E-03  1.522E-08  1.587E-01  8.128E-06 1.635E-05
   540 1.082524E+01 2.949871E+03     4 1.000E+00 4.727839E+01 4.726934E+01  1.05064E-05  4.61946E-03 1.052E-05 4.628E-03  0.000E+00  0.000E+00  1.052E-05  4.628E-03  1.786E-08  1.697E-01  8.146E-06 1.637E-05
   541 1.190777E+01 2.961779E+03     4 1.000E+00 4.727841E+01 4.726935E+01  1.15293E-05  4.63099E-03 1.155E-05 4.639E-03  0.000E+00  0.000E+00  1.155E-05  4.639E-03  2.100E-08  1.818E-01  8.167E-06 1.639E-05
   542 1.309854E+01 2.974877E+03     4 1.000E+00 4.727842E+01 4.726936E+01  1.26489E-05  4.64363E-03 1.267E-05 4.652E-03  0.000E+00  0.000E+00  1.267E-05  4.652E-03  2.472E-08  1.950E-01  8.191E-06 1.642E-05
   543 1.440840E+01 2.989285E+03     4 1.000E+00 4.727843E+01 4.726938E+01  1.38737E-05  4.65751E-03 1.390E-05 4.666E-03  0.000E+00  0.000E+00  1.390E-05  4.666E-03  2.912E-08  2.095E-01  8.220E-06 1.645E-05
   544 7.924619E+00 2.997210E+03     2 1.000E+00 4.727844E+01 4.726938E+01  7.62691E-06  4.66513E-03 7.630E-06 4.673E-03  0.000E+00  0.000E+00  7.630E-06  4.673E-03  2.689E-09  3.524E-02  8.223E-06 1.645E-05
   545 8.717080E+00 3.005927E+03     2 1.000E+00 4.727845E+01 4.726939E+01  8.37585E-06  4.67351E-03 8.379E-06 4.682E-03  0.000E+00  0.000E+00  8.379E-06  4.682E-03  2.887E-09  3.445E-02  8.226E-06 1.645E-05
   546 9.588788E+00 3.015516E+03     4 1.000E+00 4.727846E+01 4.726940E+01  9.18593E-06  4.68270E-03 9.200E-06 4.691E-03  0.000E+00  0.000E+00  9.200E-06  4.691E-03  1.402E-08  1.524E-01  8.240E-06 1.647E-05
   547 1.054767E+01 3.026064E+03     4 1.000E+00 4.727847E+01 4.726941E+01  1.00834E-05  4.69278E-03 1.010E-05 4.701E-03  0.000E+00  0.000E+00  1.010E-05  4.701E-03  1.646E-08  1.630E-01  8.256E-06 1.648E-05
   548 1.160243E+01 3.037666E+03     4 1.000E+00 4.727848E+01 4.726942E+01  1.10663E-05  4.70385E-03 1.109E-05 4.712E-03  0.000E+00  0.000E+00  1.109E-05  4.712E-03  1.935E-08  1.746E-01  8.276E-06 1.650E-05
   549 1.276268E+01 3.050429E+03     4 1.000E+00 4.727849E+01 4.726943E+01  1.21424E-05  4.71599E-03 1.217E-05 4.724E-03  0.000E+00  0.000E+00  1.217E-05  4.724E-03  2.278E-08  1.873E-01  8.299E-06 1.652E-05
   550 1.403895E+01 3.064468E+03     4 1.000E+00 4.727850E+01 4.726945E+01  1.33199E-05  4.72931E-03 1.335E-05 4.738E-03  0.000E+00  0.000E+00  1.335E-05  4.738E-03  2.684E-08  2.011E-01  8.325E-06 1.655E-05
   551 1.544284E+01 3.079910E+03     4 1.000E+00 4.727852E+01 4.726946E+01  1.46077E-05  4.74392E-03 1.464E-05 4.752E-03  0.000E+00  0.000E+00  1.464E-05  4.752E-03  3.166E-08  2.163E-01  8.357E-06 1.658E-05
   552 8.493562E+00 3.088404E+03     2 1.000E+00 4.727852E+01 4.726947E+01  8.03024E-06  4.75195E-03 8.033E-06 4.760E-03  0.000E+00  0.000E+00  8.033E-06  4.760E-03  2.699E-09  3.361E-02  8.360E-06 1.659E-05
   553 9.342918E+00 3.097747E+03     4 1.000E+00 4.727853E+01 4.726948E+01  8.80810E-06  4.76075E-03 8.821E-06 4.769E-03  0.000E+00  0.000E+00  8.821E-06  4.769E-03  1.289E-08  1.462E-01  8.373E-06 1.660E-05
   554 1.027721E+01 3.108024E+03     4 1.000E+00 4.727854E+01 4.726949E+01  9.66959E-06  4.77042E-03 9.685E-06 4.779E-03  0.000E+00  0.000E+00  9.685E-06  4.779E-03  1.514E-08  1.563E-01  8.388E-06 1.661E-05
   555 1.130493E+01 3.119329E+03     4 1.000E+00 4.727855E+01 4.726950E+01  1.06133E-05  4.78104E-03 1.063E-05 4.789E-03  0.000E+00  0.000E+00  1.063E-05  4.789E-03  1.780E-08  1.674E-01  8.406E-06 1.663E-05
   556 1.243542E+01 3.131765E+03     4 1.000E+00 4.727856E+01 4.726951E+01  1.16466E-05  4.79268E-03 1.167E-05 4.801E-03  0.000E+00  0.000E+00  1.167E-05  4.801E-03  2.095E-08  1.796E-01  8.427E-06 1.665E-05
   557 1.367897E+01 3.145444E+03     4 1.000E+00 4.727858E+01 4.726952E+01  1.27776E-05  4.80546E-03 1.280E-05 4.814E-03  0.000E+00  0.000E+00  1.280E-05  4.814E-03  2.470E-08  1.929E-01  8.451E-06 1.668E-05
   558 1.504686E+01 3.160490E+03     4 1.000E+00 4.727859E+01 4.726954E+01  1.40149E-05  4.81948E-03 1.404E-05 4.828E-03  0.000E+00  0.000E+00  1.404E-05  4.828E-03  2.914E-08  2.075E-01  8.480E-06 1.671E-05
   559 8.275775E+00 3.168766E+03     2 1.000E+00 4.727860E+01 4.726955E+01  7.70455E-06  4.82718E-03 7.707E-06 4.836E-03  0.000E+00  0.000E+00  7.707E-06  4.836E-03  2.529E-09  3.281E-02  8.483E-06 1.671E-05
   560 9.103352E+00 3.177869E+03     2 1.000E+00 4.727860E+01 4.726955E+01  8.46110E-06  4.83564E-03 8.464E-06 4.844E-03  0.000E+00  0.000E+00  8.464E-06  4.844E-03  2.717E-09  3.210E-02  8.486E-06 1.671E-05
   561 1.001369E+01 3.187883E+03     4 1.000E+00 4.727861E+01 4.726956E+01  9.27942E-06  4.84492E-03 9.293E-06 4.853E-03  0.000E+00  0.000E+00  9.293E-06  4.853E-03  1.395E-08  1.501E-01  8.500E-06 1.673E-05
   562 1.101506E+01 3.198898E+03     4 1.000E+00 4.727862E+01 4.726957E+01  1.01860E-05  4.85511E-03 1.020E-05 4.864E-03  0.000E+00  0.000E+00  1.020E-05  4.864E-03  1.640E-08  1.607E-01  8.516E-06 1.674E-05
   563 1.211656E+01 3.211015E+03     4 1.000E+00 4.727863E+01 4.726959E+01  1.11790E-05  4.86629E-03 1.120E-05 4.875E-03  0.000E+00  0.000E+00  1.120E-05  4.875E-03  1.931E-08  1.724E-01  8.535E-06 1.676E-05
   564 1.332822E+01 3.224343E+03     4 1.000E+00 4.727865E+01 4.726960E+01  1.22660E-05  4.87855E-03 1.229E-05 4.887E-03  0.000E+00  0.000E+00  1.229E-05  4.887E-03  2.276E-08  1.852E-01  8.558E-06 1.678E-05
   565 1.466104E+01 3.239004E+03     4 1.000E+00 4.727866E+01 4.726961E+01  1.34554E-05  4.89201E-03 1.348E-05 4.901E-03  0.000E+00  0.000E+00  1.348E-05  4.901E-03  2.685E-08  1.992E-01  8.585E-06 1.681E-05
   566 1.612714E+01 3.255131E+03     4 1.000E+00 4.727867E+01 4.726963E+01  1.47563E-05  4.90676E-03 1.479E-05 4.915E-03  0.000E+00  0.000E+00  1.479E-05  4.915E-03  3.171E-08  2.145E-01  8.617E-06 1.684E-05
   567 8.869929E+00 3.264001E+03     2 1.000E+00 4.727868E+01 4.726963E+01  8.11197E-06  4.91488E-03 8.115E-06 4.923E-03  0.000E+00  0.000E+00  8.115E-06  4.923E-03  2.542E-09  3.133E-02  8.619E-06 1.685E-05
   568 9.756922E+00 3.273758E+03     4 1.000E+00 4.727869E+01 4.726964E+01  8.89774E-06  4.92377E-03 8.911E-06 4.932E-03  0.000E+00  0.000E+00  8.911E-06  4.932E-03  1.282E-08  1.439E-01  8.632E-06 1.686E-05
   569 1.073261E+01 3.284491E+03     4 1.000E+00 4.727870E+01 4.726965E+01  9.76799E-06  4.93354E-03 9.783E-06 4.942E-03  0.000E+00  0.000E+00  9.783E-06  4.942E-03  1.508E-08  1.541E-01  8.647E-06 1.687E-05
   570 1.180588E+01 3.296297E+03     4 1.000E+00 4.727871E+01 4.726966E+01  1.07213E-05  4.94426E-03 1.074E-05 4.953E-03  0.000E+00  0.000E+00  1.074E-05  4.953E-03  1.776E-08  1.653E-01  8.665E-06 1.689E-05
   571 1.298646E+01 3.309283E+03     4 1.000E+00 4.727872E+01 4.726967E+01  1.17651E-05  4.95603E-03 1.179E-05 4.965E-03  0.000E+00  0.000E+00  1.179E-05  4.965E-03  2.093E-08  1.776E-01  8.686E-06 1.691E-05
   572 1.428511E+01 3.323568E+03     4 1.000E+00 4.727873E+01 4.726969E+01  1.29076E-05  4.96894E-03 1.293E-05 4.978E-03  0.000E+00  0.000E+00  1.293E-05  4.978E-03  2.470E-08  1.910E-01  8.710E-06 1.694E-05
   573 1.571362E+01 3.339282E+03     4 1.000E+00 4.727875E+01 4.726970E+01  1.41574E-05  4.98309E-03 1.419E-05 4.992E-03  0.000E+00  0.000E+00  1.419E-05  4.992E-03  2.918E-08  2.057E-01  8.740E-06 1.697E-05
   574 8.642491E+00 3.347924E+03     2 1.000E+00 4.727876E+01 4.726971E+01  7.78295E-06  4.99088E-03 7.785E-06 5.000E-03  0.000E+00  0.000E+00  7.785E-06  5.000E-03  2.383E-09  3.060E-02  8.742E-06 1.697E-05
   575 9.506740E+00 3.357431E+03     2 1.000E+00 4.727876E+01 4.726972E+01  8.54720E-06  4.99942E-03 8.550E-06 5.008E-03  0.000E+00  0.000E+00  8.550E-06  5.008E-03  2.562E-09  2.997E-02  8.745E-06 1.697E-05
   576 1.045741E+01 3.367888E+03     4 1.000E+00 4.727877E+01 4.726973E+01  9.37385E-06  5.00880E-03 9.388E-06 5.018E-03  0.000E+00  0.000E+00  9.388E-06  5.018E-03  1.389E-08  1.480E-01  8.758E-06 1.698E-05
   577 1.150316E+01 3.379392E+03     4 1.000E+00 4.727878E+01 4.726974E+01  1.02897E-05  5.01909E-03 1.031E-05 5.028E-03  0.000E+00  0.000E+00  1.031E-05  5.028E-03  1.636E-08  1.587E-01  8.775E-06 1.700E-05
   578 1.265347E+01 3.392045E+03     4 1.000E+00 4.727879E+01 4.726975E+01  1.12927E-05  5.03038E-03 1.131E-05 5.039E-03  0.000E+00  0.000E+00  1.131E-05  5.039E-03  1.929E-08  1.705E-01  8.794E-06 1.702E-05
   579 1.391882E+01 3.405964E+03     4 1.000E+00 4.727881E+01 4.726976E+01  1.23907E-05  5.04277E-03 1.241E-05 5.052E-03  0.000E+00  0.000E+00  1.241E-05  5.052E-03  2.276E-08  1.834E-01  8.817E-06 1.704E-05
   580 1.531070E+01 3.421275E+03     4 1.000E+00 4.727882E+01 4.726978E+01  1.35922E-05  5.05636E-03 1.362E-05 5.065E-03  0.000E+00  0.000E+00  1.362E-05  5.065E-03  2.689E-08  1.975E-01  8.844E-06 1.707E-05
   581 1.684177E+01 3.438116E+03     4 1.000E+00 4.727883E+01 4.726979E+01  1.49063E-05  5.07127E-03 1.494E-05 5.080E-03  0.000E+00  0.000E+00  1.494E-05  5.080E-03  3.180E-08  2.129E-01  8.876E-06 1.710E-05
   582 9.262974E+00 3.447379E+03     2 1.000E+00 4.727884E+01 4.726980E+01  8.19450E-06  5.07946E-03 8.197E-06 5.088E-03  0.000E+00  0.000E+00  8.197E-06  5.088E-03  2.399E-09  2.927E-02  8.878E-06 1.710E-05
   583 1.018927E+01 3.457569E+03     4 1.000E+00 4.727885E+01 4.726981E+01  8.98827E-06  5.08845E-03 9.001E-06 5.097E-03  0.000E+00  0.000E+00  9.001E-06  5.097E-03  1.277E-08  1.419E-01  8.891E-06 1.712E-05
   584 1.120820E+01 3.468777E+03     4 1.000E+00 4.727886E+01 4.726982E+01  9.86736E-06  5.09832E-03 9.882E-06 5.107E-03  0.000E+00  0.000E+00  9.882E-06  5.107E-03  1.504E-08  1.522E-01  8.906E-06 1.713E-05
   585 1.232902E+01 3.481106E+03     4 1.000E+00 4.727887E+01 4.726983E+01  1.08303E-05  5.10915E-03 1.085E-05 5.118E-03  0.000E+00  0.000E+00  1.085E-05  5.118E-03  1.773E-08  1.635E-01  8.923E-06 1.715E-05
   586 1.356192E+01 3.494668E+03     4 1.000E+00 4.727888E+01 4.726984E+01  1.18848E-05  5.12103E-03 1.191E-05 5.130E-03  0.000E+00  0.000E+00  1.191E-05  5.130E-03  2.093E-08  1.758E-01  8.944E-06 1.717E-05
   587 1.491811E+01 3.509586E+03     4 1.000E+00 4.727889E+01 4.726985E+01  1.30389E-05  5.13407E-03 1.306E-05 5.143E-03  0.000E+00  0.000E+00  1.306E-05  5.143E-03  2.474E-08  1.894E-01  8.969E-06 1.720E-05
   588 1.640992E+01 3.525996E+03     4 1.000E+00 4.727891E+01 4.726987E+01  1.43014E-05  5.14837E-03 1.433E-05 5.157E-03  0.000E+00  0.000E+00  1.433E-05  5.157E-03  2.926E-08  2.041E-01  8.998E-06 1.722E-05
   589 9.025457E+00 3.535021E+03     2 1.000E+00 4.727892E+01 4.726988E+01  7.86212E-06  5.15624E-03 7.864E-06 5.165E-03  0.000E+00  0.000E+00  7.864E-06  5.165E-03  2.250E-09  2.861E-02  9.001E-06 1.723E-05
   590 9.928003E+00 3.544949E+03     2 1.000E+00 4.727892E+01 4.726988E+01  8.63414E-06  5.16487E-03 8.637E-06 5.174E-03  0.000E+00  0.000E+00  8.637E-06  5.174E-03  2.423E-09  2.805E-02  9.003E-06 1.723E-05
   591 1.092080E+01 3.555870E+03     4 1.000E+00 4.727893E+01 4.726989E+01  9.46919E-06  5.17434E-03 9.483E-06 5.183E-03  0.000E+00  0.000E+00  9.483E-06  5.183E-03  1.385E-08  1.460E-01  9.017E-06 1.724E-05
   592 1.201288E+01 3.567883E+03     4 1.000E+00 4.727894E+01 4.726990E+01  1.03943E-05  5.18473E-03 1.041E-05 5.194E-03  0.000E+00  0.000E+00  1.041E-05  5.194E-03  1.633E-08  1.569E-01  9.033E-06 1.726E-05
   593 1.321417E+01 3.581097E+03     4 1.000E+00 4.727896E+01 4.726991E+01  1.14075E-05  5.19614E-03 1.143E-05 5.205E-03  0.000E+00  0.000E+00  1.143E-05  5.205E-03  1.928E-08  1.688E-01  9.053E-06 1.728E-05
   594 1.453559E+01 3.595633E+03     4 1.000E+00 4.727897E+01 4.726993E+01  1.25167E-05  5.20866E-03 1.254E-05 5.218E-03  0.000E+00  0.000E+00  1.254E-05  5.218E-03  2.279E-08  1.817E-01  9.075E-06 1.730E-05
   595 1.598915E+01 3.611622E+03     4 1.000E+00 4.727898E+01 4.726994E+01  1.37304E-05  5.22239E-03 1.376E-05 5.231E-03  0.000E+00  0.000E+00  1.376E-05  5.231E-03  2.696E-08  1.960E-01  9.102E-06 1.733E-05
   596 1.758806E+01 3.629210E+03     4 1.000E+00 4.727900E+01 4.726996E+01  1.50578E-05  5.23745E-03 1.509E-05 5.247E-03  0.000E+00  0.000E+00  1.509E-05  5.247E-03  3.191E-08  2.115E-01  9.134E-06 1.736E-05
   597 9.673435E+00 3.638883E+03     2 1.000E+00 4.727900E+01 4.726996E+01  8.27783E-06  5.24572E-03 8.280E-06 5.255E-03  0.000E+00  0.000E+00  8.280E-06  5.255E-03  2.270E-09  2.742E-02  9.136E-06 1.736E-05
   598 1.064078E+01 3.649524E+03     2 1.000E+00 4.727901E+01 4.726997E+01  9.08995E-06  5.25481E-03 9.092E-06 5.264E-03  0.000E+00  0.000E+00  9.092E-06  5.264E-03  2.445E-09  2.689E-02  9.139E-06 1.737E-05
   599 1.170486E+01 3.661229E+03     4 1.000E+00 4.727902E+01 4.726998E+01  9.96769E-06  5.26478E-03 9.983E-06 5.274E-03  0.000E+00  0.000E+00  9.983E-06  5.274E-03  1.501E-08  1.504E-01  9.154E-06 1.738E-05
   600 1.287534E+01 3.674104E+03     4 1.000E+00 4.727903E+01 4.726999E+01  1.09404E-05  5.27572E-03 1.096E-05 5.285E-03  0.000E+00  0.000E+00  1.096E-05  5.285E-03  1.773E-08  1.618E-01  9.172E-06 1.740E-05
   601 1.416288E+01 3.688267E+03     4 1.000E+00 4.727904E+01 4.727001E+01  1.20056E-05  5.28773E-03 1.203E-05 5.297E-03  0.000E+00  0.000E+00  1.203E-05  5.297E-03  2.096E-08  1.743E-01  9.193E-06 1.742E-05
   602 1.557916E+01 3.703846E+03     4 1.000E+00 4.727906E+01 4.727002E+01  1.31714E-05  5.30090E-03 1.320E-05 5.310E-03  0.000E+00  0.000E+00  1.320E-05  5.310E-03  2.480E-08  1.879E-01  9.217E-06 1.744E-05
   603 1.713708E+01 3.720983E+03     4 1.000E+00 4.727907E+01 4.727003E+01  1.44467E-05  5.31535E-03 1.448E-05 5.325E-03  0.000E+00  0.000E+00  1.448E-05  5.325E-03  2.936E-08  2.028E-01  9.247E-06 1.747E-05
   604 9.425394E+00 3.730409E+03     2 1.000E+00 4.727908E+01 4.727004E+01  7.94205E-06  5.32329E-03 7.944E-06 5.333E-03  0.000E+00  0.000E+00  7.944E-06  5.333E-03  2.131E-09  2.682E-02  9.249E-06 1.748E-05
   605 1.036793E+01 3.740777E+03     2 1.000E+00 4.727909E+01 4.727005E+01  8.72190E-06  5.33201E-03 8.724E-06 5.341E-03  0.000E+00  0.000E+00  8.724E-06  5.341E-03  2.299E-09  2.635E-02  9.251E-06 1.748E-05
   606 1.140473E+01 3.752181E+03     4 1.000E+00 4.727910E+01 4.727006E+01  9.56544E-06  5.34158E-03 9.579E-06 5.351E-03  0.000E+00  0.000E+00  9.579E-06  5.351E-03  1.383E-08  1.443E-01  9.265E-06 1.749E-05
   607 1.254520E+01 3.764727E+03     4 1.000E+00 4.727911E+01 4.727007E+01  1.05000E-05  5.35208E-03 1.052E-05 5.361E-03  0.000E+00  0.000E+00  1.052E-05  5.361E-03  1.633E-08  1.553E-01  9.281E-06 1.751E-05
   608 1.379972E+01 3.778526E+03     4 1.000E+00 4.727912E+01 4.727008E+01  1.15234E-05  5.36360E-03 1.154E-05 5.373E-03  0.000E+00  0.000E+00  1.154E-05  5.373E-03  1.930E-08  1.672E-01  9.301E-06 1.753E-05
   609 1.517969E+01 3.793706E+03     4 1.000E+00 4.727913E+01 4.727010E+01  1.26439E-05  5.37624E-03 1.267E-05 5.386E-03  0.000E+00  0.000E+00  1.267E-05  5.386E-03  2.284E-08  1.803E-01  9.324E-06 1.755E-05
   610 1.669766E+01 3.810404E+03     4 1.000E+00 4.727914E+01 4.727011E+01  1.38699E-05  5.39011E-03 1.390E-05 5.399E-03  0.000E+00  0.000E+00  1.390E-05  5.399E-03  2.705E-08  1.947E-01  9.351E-06 1.758E-05
   611 1.836743E+01 3.828771E+03     4 1.000E+00 4.727916E+01 4.727012E+01  1.52108E-05  5.40532E-03 1.524E-05 5.415E-03  0.000E+00  0.000E+00  1.524E-05  5.415E-03  3.206E-08  2.103E-01  9.383E-06 1.761E-05
   612 1.010208E+01 3.838873E+03     2 1.000E+00 4.727917E+01 4.727013E+01  8.36194E-06  5.41369E-03 8.364E-06 5.423E-03  0.000E+00  0.000E+00  8.364E-06  5.423E-03  2.156E-09  2.578E-02  9.385E-06 1.761E-05
   613 1.111229E+01 3.849985E+03     2 1.000E+00 4.727918E+01 4.727014E+01  9.18231E-06  5.42287E-03 9.185E-06 5.432E-03  0.000E+00  0.000E+00  9.185E-06  5.432E-03  2.327E-09  2.534E-02  9.387E-06 1.761E-05
   614 1.222352E+01 3.862209E+03     4 1.000E+00 4.727919E+01 4.727015E+01  1.00690E-05  5.43294E-03 1.008E-05 5.442E-03  0.000E+00  0.000E+00  1.008E-05  5.442E-03  1.501E-08  1.488E-01  9.402E-06 1.763E-05
   615 1.344587E+01 3.875655E+03     4 1.000E+00 4.727920E+01 4.727016E+01  1.10516E-05  5.44399E-03 1.107E-05 5.453E-03  0.000E+00  0.000E+00  1.107E-05  5.453E-03  1.775E-08  1.603E-01  9.420E-06 1.765E-05
   616 1.479046E+01 3.890445E+03     4 1.000E+00 4.727921E+01 4.727017E+01  1.21275E-05  5.45612E-03 1.215E-05 5.466E-03  0.000E+00  0.000E+00  1.215E-05  5.466E-03  2.100E-08  1.729E-01  9.441E-06 1.767E-05
   617 1.626951E+01 3.906715E+03     4 1.000E+00 4.727922E+01 4.727019E+01  1.33051E-05  5.46942E-03 1.333E-05 5.479E-03  0.000E+00  0.000E+00  1.333E-05  5.479E-03  2.488E-08  1.867E-01  9.466E-06 1.769E-05
   618 1.789646E+01 3.924611E+03     4 1.000E+00 4.727924E+01 4.727020E+01  1.45934E-05  5.48401E-03 1.462E-05 5.494E-03  0.000E+00  0.000E+00  1.462E-05  5.494E-03  2.949E-08  2.017E-01  9.495E-06 1.772E-05
   619 9.843052E+00 3.934454E+03     2 1.000E+00 4.727924E+01 4.727021E+01  8.02272E-06  5.49204E-03 8.025E-06 5.502E-03  0.000E+00  0.000E+00  8.025E-06  5.502E-03  2.025E-09  2.523E-02  9.497E-06 1.772E-05
   620 1.082736E+01 3.945282E+03     2 1.000E+00 4.727925E+01 4.727022E+01  8.81049E-06  5.50085E-03 8.813E-06 5.510E-03  0.000E+00  0.000E+00  8.813E-06  5.510E-03  2.190E-09  2.485E-02  9.499E-06 1.773E-05
   621 1.191009E+01 3.957192E+03     4 1.000E+00 4.727926E+01 4.727023E+01  9.66259E-06  5.51051E-03 9.676E-06 5.520E-03  0.000E+00  0.000E+00  9.676E-06  5.520E-03  1.382E-08  1.428E-01  9.513E-06 1.774E-05
   622 1.310110E+01 3.970293E+03     4 1.000E+00 4.727927E+01 4.727024E+01  1.06066E-05  5.52112E-03 1.062E-05 5.531E-03  0.000E+00  0.000E+00  1.062E-05  5.531E-03  1.634E-08  1.538E-01  9.530E-06 1.776E-05
   623 1.441121E+01 3.984704E+03     4 1.000E+00 4.727928E+01 4.727025E+01  1.16404E-05  5.53276E-03 1.166E-05 5.542E-03  0.000E+00  0.000E+00  1.166E-05  5.542E-03  1.934E-08  1.659E-01  9.549E-06 1.778E-05
   624 1.585233E+01 4.000556E+03     4 1.000E+00 4.727930E+01 4.727026E+01  1.27722E-05  5.54553E-03 1.280E-05 5.555E-03  0.000E+00  0.000E+00  1.280E-05  5.555E-03  2.292E-08  1.791E-01  9.572E-06 1.780E-05
   625 1.743757E+01 4.017994E+03     4 1.000E+00 4.727931E+01 4.727028E+01  1.40107E-05  5.55954E-03 1.404E-05 5.569E-03  0.000E+00  0.000E+00  1.404E-05  5.569E-03  2.718E-08  1.936E-01  9.599E-06 1.783E-05
   626 1.918132E+01 4.037175E+03     4 1.000E+00 4.727932E+01 4.727029E+01  1.53651E-05  5.57491E-03 1.540E-05 5.585E-03  0.000E+00  0.000E+00  1.540E-05  5.585E-03  3.224E-08  2.094E-01  9.631E-06 1.786E-05
   627 1.054973E+01 4.047725E+03     2 1.000E+00 4.727933E+01 4.727030E+01  8.44684E-06  5.58335E-03 8.449E-06 5.593E-03  0.000E+00  0.000E+00  8.449E-06  5.593E-03  2.056E-09  2.433E-02  9.633E-06 1.786E-05
   628 1.160470E+01 4.059330E+03     2 1.000E+00 4.727934E+01 4.727031E+01  9.27552E-06  5.59263E-03 9.278E-06 5.602E-03  0.000E+00  0.000E+00  9.278E-06  5.602E-03  2.226E-09  2.399E-02  9.636E-06 1.786E-05
   629 1.276517E+01 4.072095E+03     4 1.000E+00 4.727935E+01 4.727032E+01  1.01712E-05  5.60280E-03 1.019E-05 5.612E-03  0.000E+00  0.000E+00  1.019E-05  5.612E-03  1.502E-08  1.474E-01  9.651E-06 1.788E-05
   630 1.404169E+01 4.086137E+03     4 1.000E+00 4.727936E+01 4.727033E+01  1.11637E-05  5.61396E-03 1.118E-05 5.624E-03  0.000E+00  0.000E+00  1.118E-05  5.624E-03  1.778E-08  1.590E-01  9.668E-06 1.789E-05
   631 1.544586E+01 4.101583E+03     4 1.000E+00 4.727937E+01 4.727035E+01  1.22506E-05  5.62621E-03 1.227E-05 5.636E-03  0.000E+00  0.000E+00  1.227E-05  5.636E-03  2.107E-08  1.717E-01  9.689E-06 1.792E-05
   632 1.699044E+01 4.118573E+03     4 1.000E+00 4.727939E+01 4.727036E+01  1.34401E-05  5.63965E-03 1.347E-05 5.649E-03  0.000E+00  0.000E+00  1.347E-05  5.649E-03  2.499E-08  1.856E-01  9.714E-06 1.794E-05
   633 1.868949E+01 4.137262E+03     4 1.000E+00 4.727940E+01 4.727037E+01  1.47414E-05  5.65439E-03 1.477E-05 5.664E-03  0.000E+00  0.000E+00  1.477E-05  5.664E-03  2.966E-08  2.008E-01  9.744E-06 1.797E-05
   634 1.027922E+01 4.147542E+03     2 1.000E+00 4.727941E+01 4.727038E+01  8.10414E-06  5.66250E-03 8.106E-06 5.672E-03  0.000E+00  0.000E+00  8.106E-06  5.672E-03  1.932E-09  2.383E-02  9.746E-06 1.797E-05
   635 1.130714E+01 4.158849E+03     2 1.000E+00 4.727942E+01 4.727039E+01  8.89988E-06  5.67140E-03 8.902E-06 5.681E-03  0.000E+00  0.000E+00  8.902E-06  5.681E-03  2.097E-09  2.355E-02  9.748E-06 1.797E-05
   636 1.243785E+01 4.171287E+03     4 1.000E+00 4.727943E+01 4.727040E+01  9.76064E-06  5.68116E-03 9.774E-06 5.691E-03  0.000E+00  0.000E+00  9.774E-06  5.691E-03  1.383E-08  1.415E-01  9.762E-06 1.799E-05
   637 1.368164E+01 4.184968E+03     4 1.000E+00 4.727944E+01 4.727041E+01  1.07142E-05  5.69187E-03 1.073E-05 5.702E-03  0.000E+00  0.000E+00  1.073E-05  5.702E-03  1.637E-08  1.526E-01  9.778E-06 1.800E-05
   638 1.504980E+01 4.200018E+03     4 1.000E+00 4.727945E+01 4.727042E+01  1.17585E-05  5.70363E-03 1.178E-05 5.713E-03  0.000E+00  0.000E+00  1.178E-05  5.713E-03  1.941E-08  1.648E-01  9.798E-06 1.802E-05
   639 1.655478E+01 4.216573E+03     4 1.000E+00 4.727946E+01 4.727044E+01  1.29018E-05  5.71653E-03 1.292E-05 5.726E-03  0.000E+00  0.000E+00  1.292E-05  5.726E-03  2.302E-08  1.781E-01  9.821E-06 1.805E-05
   640 1.821026E+01 4.234783E+03     4 1.000E+00 4.727948E+01 4.727045E+01  1.41527E-05  5.73069E-03 1.418E-05 5.741E-03  0.000E+00  0.000E+00  1.418E-05  5.741E-03  2.733E-08  1.927E-01  9.848E-06 1.807E-05
   641 2.003129E+01 4.254814E+03     4 1.000E+00 4.727949E+01 4.727047E+01  1.55209E-05  5.74621E-03 1.555E-05 5.756E-03  0.000E+00  0.000E+00  1.555E-05  5.756E-03  3.246E-08  2.087E-01  9.881E-06 1.811E-05
   642 1.101721E+01 4.265832E+03     2 1.000E+00 4.727950E+01 4.727047E+01  8.53250E-06  5.75474E-03 8.534E-06 5.765E-03  0.000E+00  0.000E+00  8.534E-06  5.765E-03  1.970E-09  2.308E-02  9.883E-06 1.811E-05
   643 1.211893E+01 4.277951E+03     2 1.000E+00 4.727951E+01 4.727048E+01  9.36957E-06  5.76411E-03 9.372E-06 5.774E-03  0.000E+00  0.000E+00  9.372E-06  5.774E-03  2.141E-09  2.284E-02  9.885E-06 1.811E-05
   644 1.333082E+01 4.291281E+03     4 1.000E+00 4.727952E+01 4.727049E+01  1.02743E-05  5.77438E-03 1.029E-05 5.784E-03  0.000E+00  0.000E+00  1.029E-05  5.784E-03  1.505E-08  1.462E-01  9.900E-06 1.813E-05
   645 1.466390E+01 4.305945E+03     4 1.000E+00 4.727953E+01 4.727050E+01  1.12769E-05  5.78566E-03 1.129E-05 5.796E-03  0.000E+00  0.000E+00  1.129E-05  5.796E-03  1.784E-08  1.579E-01  9.918E-06 1.814E-05
   646 1.613029E+01 4.322076E+03     4 1.000E+00 4.727954E+01 4.727052E+01  1.23748E-05  5.79804E-03 1.240E-05 5.808E-03  0.000E+00  0.000E+00  1.240E-05  5.808E-03  2.117E-08  1.707E-01  9.939E-06 1.816E-05
   647 1.774332E+01 4.339819E+03     4 1.000E+00 4.727956E+01 4.727053E+01  1.35763E-05  5.81161E-03 1.360E-05 5.822E-03  0.000E+00  0.000E+00  1.360E-05  5.822E-03  2.513E-08  1.848E-01  9.964E-06 1.819E-05
   648 1.951766E+01 4.359337E+03     4 1.000E+00 4.727957E+01 4.727055E+01  1.48908E-05  5.82650E-03 1.492E-05 5.836E-03  0.000E+00  0.000E+00  1.492E-05  5.836E-03  2.986E-08  2.001E-01  9.994E-06 1.822E-05
   649 1.073471E+01 4.370071E+03     2 1.000E+00 4.727958E+01 4.727055E+01  8.18629E-06  5.83469E-03 8.188E-06 5.845E-03  0.000E+00  0.000E+00  8.188E-06  5.845E-03  1.852E-09  2.262E-02  9.996E-06 1.822E-05
   650 1.180818E+01 4.381879E+03     2 1.000E+00 4.727959E+01 4.727056E+01  8.99008E-06  5.84368E-03 8.992E-06 5.854E-03  0.000E+00  0.000E+00  8.992E-06  5.854E-03  2.018E-09  2.244E-02  9.998E-06 1.822E-05
   651 1.298900E+01 4.394868E+03     4 1.000E+00 4.727960E+01 4.727057E+01  9.85956E-06  5.85354E-03 9.873E-06 5.864E-03  0.000E+00  0.000E+00  9.873E-06  5.864E-03  1.385E-08  1.403E-01  1.001E-05 1.824E-05
   652 1.428790E+01 4.409156E+03     4 1.000E+00 4.727961E+01 4.727058E+01  1.08228E-05  5.86436E-03 1.084E-05 5.874E-03  0.000E+00  0.000E+00  1.084E-05  5.874E-03  1.642E-08  1.515E-01  1.003E-05 1.825E-05
   653 1.571669E+01 4.424873E+03     4 1.000E+00 4.727962E+01 4.727060E+01  1.18777E-05  5.87624E-03 1.190E-05 5.886E-03  0.000E+00  0.000E+00  1.190E-05  5.886E-03  1.949E-08  1.638E-01  1.005E-05 1.827E-05
   654 1.728836E+01 4.442161E+03     4 1.000E+00 4.727963E+01 4.727061E+01  1.30325E-05  5.88927E-03 1.306E-05 5.899E-03  0.000E+00  0.000E+00  1.306E-05  5.899E-03  2.315E-08  1.773E-01  1.007E-05 1.830E-05
   655 1.901720E+01 4.461179E+03     4 1.000E+00 4.727965E+01 4.727062E+01  1.42961E-05  5.90357E-03 1.432E-05 5.914E-03  0.000E+00  0.000E+00  1.432E-05  5.914E-03  2.751E-08  1.920E-01  1.010E-05 1.832E-05
   656 2.091892E+01 4.482098E+03     4 1.000E+00 4.727966E+01 4.727064E+01  1.56780E-05  5.91925E-03 1.571E-05 5.929E-03  0.000E+00  0.000E+00  1.571E-05  5.929E-03  3.270E-08  2.081E-01  1.013E-05 1.836E-05
   657 1.150540E+01 4.493603E+03     2 1.000E+00 4.727967E+01 4.727065E+01  8.61893E-06  5.92786E-03 8.621E-06 5.938E-03  0.000E+00  0.000E+00  8.621E-06  5.938E-03  1.898E-09  2.201E-02  1.013E-05 1.836E-05
   658 1.265594E+01 4.506259E+03     2 1.000E+00 4.727968E+01 4.727066E+01  9.46446E-06  5.93733E-03 9.467E-06 5.947E-03  0.000E+00  0.000E+00  9.467E-06  5.947E-03  2.072E-09  2.189E-02  1.013E-05 1.836E-05
   659 1.392154E+01 4.520180E+03     4 1.000E+00 4.727969E+01 4.727067E+01  1.03784E-05  5.94771E-03 1.039E-05 5.958E-03  0.000E+00  0.000E+00  1.039E-05  5.958E-03  1.509E-08  1.452E-01  1.015E-05 1.838E-05
   660 1.531369E+01 4.535494E+03     4 1.000E+00 4.727970E+01 4.727068E+01  1.13911E-05  5.95910E-03 1.141E-05 5.969E-03  0.000E+00  0.000E+00  1.141E-05  5.969E-03  1.792E-08  1.570E-01  1.017E-05 1.839E-05
   661 1.684506E+01 4.552339E+03     4 1.000E+00 4.727971E+01 4.727069E+01  1.25000E-05  5.97160E-03 1.252E-05 5.982E-03  0.000E+00  0.000E+00  1.252E-05  5.982E-03  2.128E-08  1.700E-01  1.019E-05 1.842E-05
   662 1.852957E+01 4.570869E+03     4 1.000E+00 4.727973E+01 4.727070E+01  1.37137E-05  5.98531E-03 1.374E-05 5.996E-03  0.000E+00  0.000E+00  1.374E-05  5.996E-03  2.530E-08  1.841E-01  1.021E-05 1.844E-05
   663 2.038252E+01 4.591251E+03     4 1.000E+00 4.727974E+01 4.727072E+01  1.50415E-05  6.00035E-03 1.507E-05 6.011E-03  0.000E+00  0.000E+00  1.507E-05  6.011E-03  3.008E-08  1.996E-01  1.024E-05 1.847E-05
   664 1.121039E+01 4.602462E+03     2 1.000E+00 4.727975E+01 4.727073E+01  8.26916E-06  6.00862E-03 8.271E-06 6.019E-03  0.000E+00  0.000E+00  8.271E-06  6.019E-03  1.786E-09  2.160E-02  1.025E-05 1.847E-05
   665 1.233143E+01 4.614793E+03     2 1.000E+00 4.727976E+01 4.727074E+01  9.08108E-06  6.01770E-03 9.083E-06 6.028E-03  0.000E+00  0.000E+00  9.083E-06  6.028E-03  1.955E-09  2.152E-02  1.025E-05 1.847E-05
   666 1.356457E+01 4.628358E+03     4 1.000E+00 4.727977E+01 4.727075E+01  9.95936E-06  6.02766E-03 9.973E-06 6.038E-03  0.000E+00  0.000E+00  9.973E-06  6.038E-03  1.389E-08  1.393E-01  1.026E-05 1.849E-05
   667 1.492103E+01 4.643279E+03     4 1.000E+00 4.727978E+01 4.727076E+01  1.09323E-05  6.03860E-03 1.095E-05 6.049E-03  0.000E+00  0.000E+00  1.095E-05  6.049E-03  1.649E-08  1.506E-01  1.028E-05 1.850E-05
   668 1.641313E+01 4.659692E+03     4 1.000E+00 4.727979E+01 4.727077E+01  1.19978E-05  6.05059E-03 1.202E-05 6.061E-03  0.000E+00  0.000E+00  1.202E-05  6.061E-03  1.960E-08  1.631E-01  1.030E-05 1.852E-05
   669 1.805444E+01 4.677746E+03     4 1.000E+00 4.727980E+01 4.727078E+01  1.31643E-05  6.06376E-03 1.319E-05 6.074E-03  0.000E+00  0.000E+00  1.319E-05  6.074E-03  2.330E-08  1.767E-01  1.032E-05 1.855E-05
   670 1.985989E+01 4.697606E+03     4 1.000E+00 4.727982E+01 4.727080E+01  1.44407E-05  6.07820E-03 1.447E-05 6.089E-03  0.000E+00  0.000E+00  1.447E-05  6.089E-03  2.771E-08  1.915E-01  1.035E-05 1.858E-05
   671 2.184588E+01 4.719452E+03     4 1.000E+00 4.727983E+01 4.727081E+01  1.58366E-05  6.09403E-03 1.587E-05 6.104E-03  0.000E+00  0.000E+00  1.587E-05  6.104E-03  3.298E-08  2.078E-01  1.038E-05 1.861E-05
   672 1.201523E+01 4.731467E+03     2 1.000E+00 4.727984E+01 4.727082E+01  8.70611E-06  6.10274E-03 8.708E-06 6.113E-03  0.000E+00  0.000E+00  8.708E-06  6.113E-03  1.840E-09  2.113E-02  1.038E-05 1.861E-05
   673 1.321675E+01 4.744684E+03     2 1.000E+00 4.727985E+01 4.727083E+01  9.56018E-06  6.11230E-03 9.562E-06 6.123E-03  0.000E+00  0.000E+00  9.562E-06  6.123E-03  2.019E-09  2.112E-02  1.039E-05 1.861E-05
   674 1.453843E+01 4.759222E+03     4 1.000E+00 4.727986E+01 4.727084E+01  1.04833E-05  6.12278E-03 1.050E-05 6.133E-03  0.000E+00  0.000E+00  1.050E-05  6.133E-03  1.516E-08  1.444E-01  1.040E-05 1.863E-05
   675 1.599227E+01 4.775215E+03     4 1.000E+00 4.727987E+01 4.727085E+01  1.15063E-05  6.13429E-03 1.152E-05 6.145E-03  0.000E+00  0.000E+00  1.152E-05  6.145E-03  1.801E-08  1.563E-01  1.042E-05 1.865E-05
   676 1.759150E+01 4.792806E+03     4 1.000E+00 4.727988E+01 4.727087E+01  1.26264E-05  6.14692E-03 1.265E-05 6.157E-03  0.000E+00  0.000E+00  1.265E-05  6.157E-03  2.142E-08  1.694E-01  1.044E-05 1.867E-05
   677 1.935065E+01 4.812157E+03     4 1.000E+00 4.727990E+01 4.727088E+01  1.38523E-05  6.16077E-03 1.388E-05 6.171E-03  0.000E+00  0.000E+00  1.388E-05  6.171E-03  2.549E-08  1.836E-01  1.047E-05 1.869E-05
   678 2.128572E+01 4.833443E+03     4 1.000E+00 4.727991E+01 4.727089E+01  1.51934E-05  6.17596E-03 1.522E-05 6.186E-03  0.000E+00  0.000E+00  1.522E-05  6.186E-03  3.034E-08  1.993E-01  1.050E-05 1.872E-05
   679 1.170714E+01 4.845150E+03     2 1.000E+00 4.727992E+01 4.727090E+01  8.35275E-06  6.18432E-03 8.354E-06 6.195E-03  0.000E+00  0.000E+00  8.354E-06  6.195E-03  1.734E-09  2.075E-02  1.050E-05 1.872E-05
   680 1.287786E+01 4.858028E+03     2 1.000E+00 4.727993E+01 4.727091E+01  9.17286E-06  6.19349E-03 9.175E-06 6.204E-03  0.000E+00  0.000E+00  9.175E-06  6.204E-03  1.907E-09  2.079E-02  1.050E-05 1.873E-05
   681 1.416564E+01 4.872193E+03     2 1.000E+00 4.727994E+01 4.727092E+01  1.00719E-05  6.20356E-03 1.007E-05 6.214E-03  0.000E+00  0.000E+00  1.007E-05  6.214E-03  2.099E-09  2.084E-02  1.050E-05 1.873E-05
   682 1.558221E+01 4.887775E+03     4 1.000E+00 4.727995E+01 4.727093E+01  1.10428E-05  6.21460E-03 1.106E-05 6.225E-03  0.000E+00  0.000E+00  1.106E-05  6.225E-03  1.658E-08  1.499E-01  1.052E-05 1.874E-05
   683 1.714043E+01 4.904916E+03     4 1.000E+00 4.727996E+01 4.727095E+01  1.21190E-05  6.22672E-03 1.214E-05 6.237E-03  0.000E+00  0.000E+00  1.214E-05  6.237E-03  1.972E-08  1.625E-01  1.054E-05 1.876E-05
   684 1.885447E+01 4.923770E+03     4 1.000E+00 4.727997E+01 4.727096E+01  1.32973E-05  6.24002E-03 1.332E-05 6.251E-03  0.000E+00  0.000E+00  1.332E-05  6.251E-03  2.347E-08  1.762E-01  1.056E-05 1.879E-05
   685 2.073992E+01 4.944510E+03     4 1.000E+00 4.727999E+01 4.727097E+01  1.45865E-05  6.25461E-03 1.461E-05 6.265E-03  0.000E+00  0.000E+00  1.461E-05  6.265E-03  2.795E-08  1.913E-01  1.059E-05 1.882E-05
   686 2.281391E+01 4.967324E+03     4 1.000E+00 4.728000E+01 4.727099E+01  1.59964E-05  6.27060E-03 1.603E-05 6.281E-03  0.000E+00  0.000E+00  1.603E-05  6.281E-03  3.329E-08  2.077E-01  1.062E-05 1.885E-05
   687 1.254765E+01 4.979872E+03     2 1.000E+00 4.728001E+01 4.727100E+01  8.79404E-06  6.27940E-03 8.796E-06 6.290E-03  0.000E+00  0.000E+00  8.796E-06  6.290E-03  1.797E-09  2.043E-02  1.062E-05 1.885E-05
   688 1.380242E+01 4.993674E+03     2 1.000E+00 4.728002E+01 4.727101E+01  9.65671E-06  6.28905E-03 9.659E-06 6.300E-03  0.000E+00  0.000E+00  9.659E-06  6.300E-03  1.983E-09  2.053E-02  1.063E-05 1.885E-05
   689 1.518266E+01 5.008857E+03     4 1.000E+00 4.728003E+01 4.727102E+01  1.05892E-05  6.29964E-03 1.060E-05 6.310E-03  0.000E+00  0.000E+00  1.060E-05  6.310E-03  1.524E-08  1.437E-01  1.064E-05 1.887E-05
   690 1.670092E+01 5.025558E+03     4 1.000E+00 4.728004E+01 4.727103E+01  1.16225E-05  6.31126E-03 1.164E-05 6.322E-03  0.000E+00  0.000E+00  1.164E-05  6.322E-03  1.813E-08  1.557E-01  1.066E-05 1.889E-05
   691 1.837102E+01 5.043929E+03     4 1.000E+00 4.728006E+01 4.727104E+01  1.27538E-05  6.32402E-03 1.278E-05 6.335E-03  0.000E+00  0.000E+00  1.278E-05  6.335E-03  2.158E-08  1.689E-01  1.068E-05 1.891E-05
   692 2.020812E+01 5.064137E+03     4 1.000E+00 4.728007E+01 4.727106E+01  1.39921E-05  6.33801E-03 1.402E-05 6.349E-03  0.000E+00  0.000E+00  1.402E-05  6.349E-03  2.570E-08  1.834E-01  1.071E-05 1.893E-05
   693 2.222893E+01 5.086366E+03     4 1.000E+00 4.728009E+01 4.727107E+01  1.53467E-05  6.35336E-03 1.538E-05 6.364E-03  0.000E+00  0.000E+00  1.538E-05  6.364E-03  3.063E-08  1.992E-01  1.074E-05 1.896E-05
   694 1.222591E+01 5.098592E+03     2 1.000E+00 4.728009E+01 4.727108E+01  8.43704E-06  6.36179E-03 8.439E-06 6.373E-03  0.000E+00  0.000E+00  8.439E-06  6.373E-03  1.694E-09  2.008E-02  1.074E-05 1.897E-05
   695 1.344850E+01 5.112040E+03     2 1.000E+00 4.728010E+01 4.727109E+01  9.26541E-06  6.37106E-03 9.267E-06 6.382E-03  0.000E+00  0.000E+00  9.267E-06  6.382E-03  1.875E-09  2.023E-02  1.074E-05 1.897E-05
   696 1.479335E+01 5.126834E+03     2 1.000E+00 4.728011E+01 4.727110E+01  1.01735E-05  6.38123E-03 1.018E-05 6.392E-03  0.000E+00  0.000E+00  1.018E-05  6.392E-03  2.077E-09  2.041E-02  1.074E-05 1.897E-05
   697 1.627269E+01 5.143106E+03     4 1.000E+00 4.728012E+01 4.727111E+01  1.11542E-05  6.39239E-03 1.117E-05 6.403E-03  0.000E+00  0.000E+00  1.117E-05  6.403E-03  1.669E-08  1.494E-01  1.076E-05 1.899E-05
   698 1.789996E+01 5.161006E+03     4 1.000E+00 4.728014E+01 4.727112E+01  1.22413E-05  6.40463E-03 1.226E-05 6.415E-03  0.000E+00  0.000E+00  1.226E-05  6.415E-03  1.987E-08  1.621E-01  1.078E-05 1.901E-05
   699 1.968995E+01 5.180696E+03     4 1.000E+00 4.728015E+01 4.727114E+01  1.34313E-05  6.41806E-03 1.345E-05 6.429E-03  0.000E+00  0.000E+00  1.345E-05  6.429E-03  2.368E-08  1.760E-01  1.080E-05 1.903E-05
   700 2.165895E+01 5.202355E+03     4 1.000E+00 4.728016E+01 4.727115E+01  1.47335E-05  6.43279E-03 1.476E-05 6.444E-03  0.000E+00  0.000E+00  1.476E-05  6.444E-03  2.822E-08  1.911E-01  1.083E-05 1.906E-05
   701 2.382484E+01 5.226180E+03     4 1.000E+00 4.728018E+01 4.727117E+01  1.61576E-05  6.44895E-03 1.619E-05 6.460E-03  0.000E+00  0.000E+00  1.619E-05  6.460E-03  3.364E-08  2.078E-01  1.087E-05 1.909E-05
   702 1.310366E+01 5.239284E+03     2 1.000E+00 4.728019E+01 4.727118E+01  8.88269E-06  6.45783E-03 8.884E-06 6.469E-03  0.000E+00  0.000E+00  8.884E-06  6.469E-03  1.768E-09  1.990E-02  1.087E-05 1.909E-05
   703 1.441403E+01 5.253698E+03     2 1.000E+00 4.728020E+01 4.727119E+01  9.75404E-06  6.46759E-03 9.756E-06 6.478E-03  0.000E+00  0.000E+00  9.756E-06  6.478E-03  1.964E-09  2.013E-02  1.087E-05 1.910E-05
   704 1.585543E+01 5.269553E+03     4 1.000E+00 4.728021E+01 4.727120E+01  1.06959E-05  6.47828E-03 1.071E-05 6.489E-03  0.000E+00  0.000E+00  1.071E-05  6.489E-03  1.534E-08  1.432E-01  1.088E-05 1.911E-05
   705 1.744098E+01 5.286994E+03     4 1.000E+00 4.728022E+01 4.727121E+01  1.17396E-05  6.49002E-03 1.176E-05 6.501E-03  0.000E+00  0.000E+00  1.176E-05  6.501E-03  1.827E-08  1.554E-01  1.090E-05 1.913E-05
   706 1.918507E+01 5.306179E+03     4 1.000E+00 4.728023E+01 4.727122E+01  1.28823E-05  6.50291E-03 1.290E-05 6.514E-03  0.000E+00  0.000E+00  1.290E-05  6.514E-03  2.177E-08  1.687E-01  1.092E-05 1.915E-05
   707 2.110358E+01 5.327283E+03     4 1.000E+00 4.728025E+01 4.727124E+01  1.41330E-05  6.51704E-03 1.416E-05 6.528E-03  0.000E+00  0.000E+00  1.416E-05  6.528E-03  2.595E-08  1.833E-01  1.095E-05 1.918E-05
   708 2.321394E+01 5.350497E+03     4 1.000E+00 4.728026E+01 4.727125E+01  1.55012E-05  6.53254E-03 1.553E-05 6.544E-03  0.000E+00  0.000E+00  1.553E-05  6.544E-03  3.095E-08  1.992E-01  1.098E-05 1.921E-05
   709 1.276767E+01 5.363264E+03     2 1.000E+00 4.728027E+01 4.727126E+01  8.52203E-06  6.54106E-03 8.524E-06 6.552E-03  0.000E+00  0.000E+00  8.524E-06  6.552E-03  1.669E-09  1.958E-02  1.098E-05 1.921E-05
   710 1.404443E+01 5.377309E+03     2 1.000E+00 4.728028E+01 4.727127E+01  9.35872E-06  6.55042E-03 9.361E-06 6.561E-03  0.000E+00  0.000E+00  9.361E-06  6.561E-03  1.858E-09  1.985E-02  1.099E-05 1.921E-05
   711 1.544888E+01 5.392758E+03     2 1.000E+00 4.728029E+01 4.727128E+01  1.02759E-05  6.56070E-03 1.028E-05 6.572E-03  0.000E+00  0.000E+00  1.028E-05  6.572E-03  2.073E-09  2.017E-02  1.099E-05 1.921E-05
   712 1.699376E+01 5.409751E+03     4 1.000E+00 4.728030E+01 4.727129E+01  1.12665E-05  6.57196E-03 1.128E-05 6.583E-03  0.000E+00  0.000E+00  1.128E-05  6.583E-03  1.682E-08  1.490E-01  1.100E-05 1.923E-05
   713 1.869314E+01 5.428445E+03     4 1.000E+00 4.728031E+01 4.727130E+01  1.23645E-05  6.58433E-03 1.238E-05 6.595E-03  0.000E+00  0.000E+00  1.238E-05  6.595E-03  2.004E-08  1.619E-01  1.102E-05 1.925E-05
   714 2.056245E+01 5.449007E+03     4 1.000E+00 4.728033E+01 4.727132E+01  1.35665E-05  6.59789E-03 1.359E-05 6.609E-03  0.000E+00  0.000E+00  1.359E-05  6.609E-03  2.390E-08  1.759E-01  1.105E-05 1.927E-05
   715 2.261870E+01 5.471626E+03     4 1.000E+00 4.728034E+01 4.727133E+01  1.48817E-05  6.61278E-03 1.491E-05 6.624E-03  0.000E+00  0.000E+00  1.491E-05  6.624E-03  2.851E-08  1.912E-01  1.108E-05 1.930E-05
   716 1.244028E+01 5.484066E+03     2 1.000E+00 4.728035E+01 4.727134E+01  8.18162E-06  6.62096E-03 8.183E-06 6.632E-03  0.000E+00  0.000E+00  8.183E-06  6.632E-03  1.575E-09  1.925E-02  1.108E-05 1.930E-05
   717 1.368431E+01 5.497750E+03     2 1.000E+00 4.728036E+01 4.727135E+01  8.98554E-06  6.62994E-03 8.987E-06 6.641E-03  0.000E+00  0.000E+00  8.987E-06  6.641E-03  1.758E-09  1.957E-02  1.108E-05 1.931E-05
   718 1.505274E+01 5.512803E+03     2 1.000E+00 4.728037E+01 4.727136E+01  9.86692E-06  6.63981E-03 9.869E-06 6.651E-03  0.000E+00  0.000E+00  9.869E-06  6.651E-03  1.966E-09  1.992E-02  1.108E-05 1.931E-05
   719 1.655802E+01 5.529361E+03     4 1.000E+00 4.728038E+01 4.727137E+01  1.08196E-05  6.65063E-03 1.084E-05 6.662E-03  0.000E+00  0.000E+00  1.084E-05  6.662E-03  1.550E-08  1.431E-01  1.110E-05 1.932E-05
   720 1.821382E+01 5.547575E+03     4 1.000E+00 4.728039E+01 4.727138E+01  1.18753E-05  6.66250E-03 1.189E-05 6.674E-03  0.000E+00  0.000E+00  1.189E-05  6.674E-03  1.848E-08  1.554E-01  1.112E-05 1.934E-05
   721 2.003520E+01 5.567610E+03     4 1.000E+00 4.728040E+01 4.727139E+01  1.30312E-05  6.67554E-03 1.305E-05 6.687E-03  0.000E+00  0.000E+00  1.305E-05  6.687E-03  2.205E-08  1.689E-01  1.114E-05 1.936E-05
   722 2.203872E+01 5.589649E+03     4 1.000E+00 4.728042E+01 4.727141E+01  1.42962E-05  6.68983E-03 1.432E-05 6.701E-03  0.000E+00  0.000E+00  1.432E-05  6.701E-03  2.631E-08  1.837E-01  1.116E-05 1.939E-05
   723 2.424260E+01 5.613891E+03     4 1.000E+00 4.728043E+01 4.727142E+01  1.56800E-05  6.70551E-03 1.571E-05 6.717E-03  0.000E+00  0.000E+00  1.571E-05  6.717E-03  3.140E-08  1.998E-01  1.120E-05 1.942E-05
   724 1.333343E+01 5.627225E+03     2 1.000E+00 4.728044E+01 4.727143E+01  8.62037E-06  6.71413E-03 8.622E-06 6.725E-03  0.000E+00  0.000E+00  8.622E-06  6.725E-03  1.661E-09  1.926E-02  1.120E-05 1.942E-05
   725 1.466677E+01 5.641892E+03     2 1.000E+00 4.728045E+01 4.727144E+01  9.46667E-06  6.72360E-03 9.469E-06 6.735E-03  0.000E+00  0.000E+00  9.469E-06  6.735E-03  1.861E-09  1.966E-02  1.120E-05 1.943E-05
   726 1.613345E+01 5.658025E+03     2 1.000E+00 4.728046E+01 4.727145E+01  1.03944E-05  6.73399E-03 1.040E-05 6.745E-03  0.000E+00  0.000E+00  1.040E-05  6.745E-03  2.091E-09  2.011E-02  1.120E-05 1.943E-05
   727 1.774679E+01 5.675772E+03     4 1.000E+00 4.728047E+01 4.727146E+01  1.13963E-05  6.74539E-03 1.141E-05 6.757E-03  0.000E+00  0.000E+00  1.141E-05  6.757E-03  1.702E-08  1.491E-01  1.122E-05 1.944E-05
   728 1.952147E+01 5.695293E+03     4 1.000E+00 4.728048E+01 4.727148E+01  1.25069E-05  6.75790E-03 1.253E-05 6.769E-03  0.000E+00  0.000E+00  1.253E-05  6.769E-03  2.030E-08  1.621E-01  1.124E-05 1.946E-05
   729 2.147362E+01 5.716767E+03     4 1.000E+00 4.728050E+01 4.727149E+01  1.37226E-05  6.77162E-03 1.375E-05 6.783E-03  0.000E+00  0.000E+00  1.375E-05  6.783E-03  2.423E-08  1.763E-01  1.126E-05 1.949E-05
   730 2.362098E+01 5.740388E+03     4 1.000E+00 4.728051E+01 4.727151E+01  1.50529E-05  6.78667E-03 1.508E-05 6.798E-03  0.000E+00  0.000E+00  1.508E-05  6.798E-03  2.893E-08  1.918E-01  1.129E-05 1.952E-05
   731 1.299154E+01 5.753379E+03     2 1.000E+00 4.728052E+01 4.727151E+01  8.27574E-06  6.79495E-03 8.277E-06 6.806E-03  0.000E+00  0.000E+00  8.277E-06  6.806E-03  1.569E-09  1.896E-02  1.129E-05 1.952E-05
   732 1.429069E+01 5.767670E+03     2 1.000E+00 4.728053E+01 4.727152E+01  9.08886E-06  6.80404E-03 9.091E-06 6.815E-03  0.000E+00  0.000E+00  9.091E-06  6.815E-03  1.763E-09  1.939E-02  1.130E-05 1.952E-05
   733 1.571976E+01 5.783390E+03     2 1.000E+00 4.728054E+01 4.727153E+01  9.98032E-06  6.81402E-03 9.982E-06 6.825E-03  0.000E+00  0.000E+00  9.982E-06  6.825E-03  1.985E-09  1.988E-02  1.130E-05 1.952E-05
   734 1.729174E+01 5.800682E+03     4 1.000E+00 4.728055E+01 4.727154E+01  1.09439E-05  6.82496E-03 1.096E-05 6.836E-03  0.000E+00  0.000E+00  1.096E-05  6.836E-03  1.569E-08  1.431E-01  1.131E-05 1.954E-05
   735 1.902091E+01 5.819703E+03     4 1.000E+00 4.728056E+01 4.727156E+01  1.20116E-05  6.83697E-03 1.203E-05 6.848E-03  0.000E+00  0.000E+00  1.203E-05  6.848E-03  1.872E-08  1.556E-01  1.133E-05 1.956E-05
   736 2.092300E+01 5.840626E+03     4 1.000E+00 4.728057E+01 4.727157E+01  1.31807E-05  6.85015E-03 1.320E-05 6.862E-03  0.000E+00  0.000E+00  1.320E-05  6.862E-03  2.235E-08  1.693E-01  1.135E-05 1.958E-05
   737 2.301530E+01 5.863641E+03     4 1.000E+00 4.728059E+01 4.727158E+01  1.44601E-05  6.86461E-03 1.449E-05 6.876E-03  0.000E+00  0.000E+00  1.449E-05  6.876E-03  2.669E-08  1.842E-01  1.138E-05 1.961E-05
   738 2.531683E+01 5.888958E+03     4 1.000E+00 4.728060E+01 4.727160E+01  1.58597E-05  6.88047E-03 1.589E-05 6.892E-03  0.000E+00  0.000E+00  1.589E-05  6.892E-03  3.188E-08  2.006E-01  1.141E-05 1.964E-05
   739 1.392426E+01 5.902882E+03     2 1.000E+00 4.728061E+01 4.727161E+01  8.71916E-06  6.88919E-03 8.721E-06 6.901E-03  0.000E+00  0.000E+00  8.721E-06  6.901E-03  1.666E-09  1.910E-02  1.141E-05 1.964E-05
   740 1.531668E+01 5.918199E+03     2 1.000E+00 4.728062E+01 4.727162E+01  9.57510E-06  6.89877E-03 9.577E-06 6.910E-03  0.000E+00  0.000E+00  9.577E-06  6.910E-03  1.880E-09  1.963E-02  1.142E-05 1.964E-05
   741 1.684835E+01 5.935047E+03     2 1.000E+00 4.728063E+01 4.727163E+01  1.05134E-05  6.90928E-03 1.052E-05 6.921E-03  0.000E+00  0.000E+00  1.052E-05  6.921E-03  2.127E-09  2.023E-02  1.142E-05 1.964E-05
   742 1.853319E+01 5.953580E+03     4 1.000E+00 4.728064E+01 4.727164E+01  1.15267E-05  6.92081E-03 1.154E-05 6.932E-03  0.000E+00  0.000E+00  1.154E-05  6.932E-03  1.723E-08  1.493E-01  1.144E-05 1.966E-05
   743 2.038651E+01 5.973967E+03     4 1.000E+00 4.728066E+01 4.727165E+01  1.26499E-05  6.93346E-03 1.267E-05 6.945E-03  0.000E+00  0.000E+00  1.267E-05  6.945E-03  2.058E-08  1.624E-01  1.146E-05 1.968E-05
   744 2.242516E+01 5.996392E+03     4 1.000E+00 4.728067E+01 4.727167E+01  1.38794E-05  6.94734E-03 1.390E-05 6.959E-03  0.000E+00  0.000E+00  1.390E-05  6.959E-03  2.458E-08  1.768E-01  1.148E-05 1.971E-05
   745 2.466767E+01 6.021060E+03     4 1.000E+00 4.728068E+01 4.727168E+01  1.52248E-05  6.96256E-03 1.525E-05 6.974E-03  0.000E+00  0.000E+00  1.525E-05  6.974E-03  2.937E-08  1.925E-01  1.151E-05 1.974E-05
   746 1.356722E+01 6.034627E+03     2 1.000E+00 4.728069E+01 4.727169E+01  8.37028E-06  6.97093E-03 8.372E-06 6.982E-03  0.000E+00  0.000E+00  8.372E-06  6.982E-03  1.575E-09  1.881E-02  1.151E-05 1.974E-05
   747 1.492394E+01 6.049551E+03     2 1.000E+00 4.728070E+01 4.727170E+01  9.19264E-06  6.98012E-03 9.194E-06 6.992E-03  0.000E+00  0.000E+00  9.194E-06  6.992E-03  1.781E-09  1.937E-02  1.151E-05 1.974E-05
   748 1.641634E+01 6.065967E+03     2 1.000E+00 4.728071E+01 4.727171E+01  1.00942E-05  6.99022E-03 1.010E-05 7.002E-03  0.000E+00  0.000E+00  1.010E-05  7.002E-03  2.020E-09  2.000E-02  1.152E-05 1.974E-05
   749 1.805797E+01 6.084025E+03     4 1.000E+00 4.728072E+01 4.727172E+01  1.10687E-05  7.00129E-03 1.108E-05 7.013E-03  0.000E+00  0.000E+00  1.108E-05  7.013E-03  1.589E-08  1.433E-01  1.153E-05 1.976E-05
   750 1.986377E+01 6.103889E+03     4 1.000E+00 4.728073E+01 4.727173E+01  1.21486E-05  7.01344E-03 1.217E-05 7.025E-03  0.000E+00  0.000E+00  1.217E-05  7.025E-03  1.898E-08  1.560E-01  1.155E-05 1.978E-05
   751 2.185014E+01 6.125739E+03     4 1.000E+00 4.728075E+01 4.727175E+01  1.33308E-05  7.02677E-03 1.335E-05 7.038E-03  0.000E+00  0.000E+00  1.335E-05  7.038E-03  2.268E-08  1.698E-01  1.157E-05 1.980E-05
   752 2.403516E+01 6.149774E+03     4 1.000E+00 4.728076E+01 4.727176E+01  1.46247E-05  7.04139E-03 1.465E-05 7.053E-03  0.000E+00  0.000E+00  1.465E-05  7.053E-03  2.710E-08  1.850E-01  1.160E-05 1.983E-05
   753 2.643867E+01 6.176213E+03     4 1.000E+00 4.728078E+01 4.727178E+01  1.60401E-05  7.05743E-03 1.607E-05 7.069E-03  0.000E+00  0.000E+00  1.607E-05  7.069E-03  3.239E-08  2.015E-01  1.163E-05 1.986E-05
   754 1.454127E+01 6.190754E+03     2 1.000E+00 4.728079E+01 4.727179E+01  8.81839E-06  7.06625E-03 8.820E-06 7.078E-03  0.000E+00  0.000E+00  8.820E-06  7.078E-03  1.685E-09  1.910E-02  1.163E-05 1.986E-05
   755 1.599540E+01 6.206749E+03     2 1.000E+00 4.728080E+01 4.727179E+01  9.68402E-06  7.07593E-03 9.686E-06 7.088E-03  0.000E+00  0.000E+00  9.686E-06  7.088E-03  1.914E-09  1.977E-02  1.164E-05 1.986E-05
   756 1.759494E+01 6.224344E+03     2 1.000E+00 4.728081E+01 4.727181E+01  1.06329E-05  7.08657E-03 1.064E-05 7.098E-03  0.000E+00  0.000E+00  1.064E-05  7.098E-03  2.181E-09  2.051E-02  1.164E-05 1.986E-05
   757 1.935443E+01 6.243699E+03     4 1.000E+00 4.728082E+01 4.727182E+01  1.16577E-05  7.09822E-03 1.168E-05 7.110E-03  0.000E+00  0.000E+00  1.168E-05  7.110E-03  1.747E-08  1.496E-01  1.166E-05 1.988E-05
   758 2.128987E+01 6.264989E+03     4 1.000E+00 4.728083E+01 4.727183E+01  1.27936E-05  7.11102E-03 1.281E-05 7.123E-03  0.000E+00  0.000E+00  1.281E-05  7.123E-03  2.088E-08  1.629E-01  1.168E-05 1.990E-05
   759 2.341886E+01 6.288408E+03     4 1.000E+00 4.728084E+01 4.727184E+01  1.40370E-05  7.12505E-03 1.406E-05 7.137E-03  0.000E+00  0.000E+00  1.406E-05  7.137E-03  2.496E-08  1.775E-01  1.170E-05 1.993E-05
   760 2.576075E+01 6.314168E+03     4 1.000E+00 4.728086E+01 4.727186E+01  1.53974E-05  7.14045E-03 1.543E-05 7.152E-03  0.000E+00  0.000E+00  1.543E-05  7.152E-03  2.984E-08  1.934E-01  1.173E-05 1.996E-05
   761 1.416841E+01 6.328337E+03     2 1.000E+00 4.728087E+01 4.727187E+01  8.46524E-06  7.14892E-03 8.467E-06 7.161E-03  0.000E+00  0.000E+00  8.467E-06  7.161E-03  1.594E-09  1.882E-02  1.173E-05 1.996E-05
   762 1.558525E+01 6.343922E+03     2 1.000E+00 4.728088E+01 4.727188E+01  9.29688E-06  7.15821E-03 9.299E-06 7.170E-03  0.000E+00  0.000E+00  9.299E-06  7.170E-03  1.815E-09  1.952E-02  1.173E-05 1.996E-05
   763 1.714378E+01 6.361066E+03     2 1.000E+00 4.728089E+01 4.727189E+01  1.02086E-05  7.16842E-03 1.021E-05 7.180E-03  0.000E+00  0.000E+00  1.021E-05  7.180E-03  2.072E-09  2.029E-02  1.174E-05 1.996E-05
   764 1.885816E+01 6.379924E+03     2 1.000E+00 4.728090E+01 4.727190E+01  1.12079E-05  7.17963E-03 1.121E-05 7.191E-03  0.000E+00  0.000E+00  1.121E-05  7.191E-03  2.372E-09  2.116E-02  1.174E-05 1.997E-05
   765 2.074397E+01 6.400668E+03     4 1.000E+00 4.728091E+01 4.727191E+01  1.22861E-05  7.19192E-03 1.231E-05 7.204E-03  0.000E+00  0.000E+00  1.231E-05  7.204E-03  1.926E-08  1.565E-01  1.176E-05 1.998E-05
   766 2.281837E+01 6.423486E+03     4 1.000E+00 4.728092E+01 4.727192E+01  1.34817E-05  7.20540E-03 1.350E-05 7.217E-03  0.000E+00  0.000E+00  1.350E-05  7.217E-03  2.302E-08  1.705E-01  1.178E-05 2.001E-05
   767 2.510021E+01 6.448586E+03     4 1.000E+00 4.728094E+01 4.727194E+01  1.47901E-05  7.22019E-03 1.482E-05 7.232E-03  0.000E+00  0.000E+00  1.482E-05  7.232E-03  2.754E-08  1.858E-01  1.181E-05 2.004E-05
   768 2.761023E+01 6.476197E+03     4 1.000E+00 4.728095E+01 4.727196E+01  1.62213E-05  7.23641E-03 1.625E-05 7.248E-03  0.000E+00  0.000E+00  1.625E-05  7.248E-03  3.293E-08  2.026E-01  1.184E-05 2.007E-05
   769 1.518562E+01 6.491382E+03     2 1.000E+00 4.728096E+01 4.727196E+01  8.91806E-06  7.24533E-03 8.920E-06 7.257E-03  0.000E+00  0.000E+00  8.920E-06  7.257E-03  1.717E-09  1.925E-02  1.184E-05 2.007E-05
   770 1.670419E+01 6.508086E+03     2 1.000E+00 4.728097E+01 4.727197E+01  9.79343E-06  7.25512E-03 9.795E-06 7.267E-03  0.000E+00  0.000E+00  9.795E-06  7.267E-03  1.965E-09  2.006E-02  1.185E-05 2.007E-05
   771 1.837461E+01 6.526461E+03     2 1.000E+00 4.728098E+01 4.727198E+01  1.07530E-05  7.26587E-03 1.076E-05 7.278E-03  0.000E+00  0.000E+00  1.076E-05  7.278E-03  2.255E-09  2.096E-02  1.185E-05 2.007E-05
   772 2.021207E+01 6.546673E+03     4 1.000E+00 4.728099E+01 4.727200E+01  1.17892E-05  7.27766E-03 1.181E-05 7.290E-03  0.000E+00  0.000E+00  1.181E-05  7.290E-03  1.773E-08  1.501E-01  1.187E-05 2.009E-05
   773 2.223327E+01 6.568906E+03     4 1.000E+00 4.728101E+01 4.727201E+01  1.29379E-05  7.29060E-03 1.296E-05 7.302E-03  0.000E+00  0.000E+00  1.296E-05  7.302E-03  2.120E-08  1.636E-01  1.189E-05 2.011E-05
   774 2.445660E+01 6.593363E+03     4 1.000E+00 4.728102E+01 4.727202E+01  1.41952E-05  7.30480E-03 1.422E-05 7.317E-03  0.000E+00  0.000E+00  1.422E-05  7.317E-03  2.536E-08  1.784E-01  1.191E-05 2.014E-05
   775 2.690226E+01 6.620265E+03     4 1.000E+00 4.728104E+01 4.727204E+01  1.55708E-05  7.32037E-03 1.560E-05 7.332E-03  0.000E+00  0.000E+00  1.560E-05  7.332E-03  3.035E-08  1.945E-01  1.194E-05 2.017E-05
   776 1.479624E+01 6.635062E+03     2 1.000E+00 4.728104E+01 4.727205E+01  8.56062E-06  7.32893E-03 8.562E-06 7.341E-03  0.000E+00  0.000E+00  8.562E-06  7.341E-03  1.625E-09  1.898E-02  1.194E-05 2.017E-05
   777 1.627587E+01 6.651337E+03     2 1.000E+00 4.728105E+01 4.727206E+01  9.40159E-06  7.33833E-03 9.403E-06 7.350E-03  0.000E+00  0.000E+00  9.403E-06  7.350E-03  1.864E-09  1.982E-02  1.195E-05 2.017E-05
   778 1.790345E+01 6.669241E+03     2 1.000E+00 4.728106E+01 4.727207E+01  1.03235E-05  7.34865E-03 1.033E-05 7.361E-03  0.000E+00  0.000E+00  1.033E-05  7.361E-03  2.142E-09  2.075E-02  1.195E-05 2.017E-05
   779 1.969380E+01 6.688935E+03     2 1.000E+00 4.728107E+01 4.727208E+01  1.13340E-05  7.35999E-03 1.134E-05 7.372E-03  0.000E+00  0.000E+00  1.134E-05  7.372E-03  2.470E-09  2.179E-02  1.195E-05 2.018E-05
   780 2.166318E+01 6.710598E+03     4 1.000E+00 4.728109E+01 4.727209E+01  1.24243E-05  7.37241E-03 1.244E-05 7.384E-03  0.000E+00  0.000E+00  1.244E-05  7.384E-03  1.955E-08  1.571E-01  1.197E-05 2.020E-05
   781 2.382950E+01 6.734427E+03     4 1.000E+00 4.728110E+01 4.727210E+01  1.36332E-05  7.38605E-03 1.366E-05 7.398E-03  0.000E+00  0.000E+00  1.366E-05  7.398E-03  2.340E-08  1.713E-01  1.199E-05 2.022E-05
   782 2.621245E+01 6.760640E+03     4 1.000E+00 4.728111E+01 4.727212E+01  1.49562E-05  7.40100E-03 1.498E-05 7.413E-03  0.000E+00  0.000E+00  1.498E-05  7.413E-03  2.800E-08  1.869E-01  1.202E-05 2.025E-05
   783 2.883369E+01 6.789473E+03     4 1.000E+00 4.728113E+01 4.727214E+01  1.64034E-05  7.41740E-03 1.644E-05 7.429E-03  0.000E+00  0.000E+00  1.644E-05  7.429E-03  3.351E-08  2.039E-01  1.206E-05 2.028E-05
   784 1.585853E+01 6.805332E+03     2 1.000E+00 4.728114E+01 4.727215E+01  9.01818E-06  7.42642E-03 9.020E-06 7.438E-03  0.000E+00  0.000E+00  9.020E-06  7.438E-03  1.764E-09  1.956E-02  1.206E-05 2.028E-05
   785 1.744438E+01 6.822776E+03     2 1.000E+00 4.728115E+01 4.727216E+01  9.90331E-06  7.43633E-03 9.905E-06 7.448E-03  0.000E+00  0.000E+00  9.905E-06  7.448E-03  2.033E-09  2.052E-02  1.206E-05 2.029E-05
   786 1.918882E+01 6.841965E+03     2 1.000E+00 4.728116E+01 4.727217E+01  1.08735E-05  7.44720E-03 1.088E-05 7.459E-03  0.000E+00  0.000E+00  1.088E-05  7.459E-03  2.348E-09  2.159E-02  1.206E-05 2.029E-05
   787 2.110770E+01 6.863073E+03     4 1.000E+00 4.728117E+01 4.727218E+01  1.19214E-05  7.45912E-03 1.194E-05 7.471E-03  0.000E+00  0.000E+00  1.194E-05  7.471E-03  1.800E-08  1.508E-01  1.208E-05 2.031E-05
   788 2.321847E+01 6.886291E+03     4 1.000E+00 4.728118E+01 4.727219E+01  1.30828E-05  7.47220E-03 1.310E-05 7.484E-03  0.000E+00  0.000E+00  1.310E-05  7.484E-03  2.155E-08  1.644E-01  1.210E-05 2.033E-05
   789 2.554032E+01 6.911832E+03     4 1.000E+00 4.728120E+01 4.727221E+01  1.43541E-05  7.48656E-03 1.438E-05 7.499E-03  0.000E+00  0.000E+00  1.438E-05  7.499E-03  2.579E-08  1.794E-01  1.213E-05 2.035E-05
   790 2.809435E+01 6.939926E+03     4 1.000E+00 4.728121E+01 4.727222E+01  1.57450E-05  7.50230E-03 1.578E-05 7.514E-03  0.000E+00  0.000E+00  1.578E-05  7.514E-03  3.088E-08  1.957E-01  1.216E-05 2.038E-05
   791 1.545189E+01 6.955378E+03     2 1.000E+00 4.728122E+01 4.727223E+01  8.65642E-06  7.51096E-03 8.658E-06 7.523E-03  0.000E+00  0.000E+00  8.658E-06  7.523E-03  1.671E-09  1.930E-02  1.216E-05 2.039E-05
   792 1.699708E+01 6.972375E+03     2 1.000E+00 4.728123E+01 4.727224E+01  9.50675E-06  7.52047E-03 9.509E-06 7.533E-03  0.000E+00  0.000E+00  9.509E-06  7.533E-03  1.928E-09  2.028E-02  1.216E-05 2.039E-05
   793 1.869679E+01 6.991072E+03     2 1.000E+00 4.728124E+01 4.727225E+01  1.04390E-05  7.53091E-03 1.044E-05 7.543E-03  0.000E+00  0.000E+00  1.044E-05  7.543E-03  2.231E-09  2.137E-02  1.216E-05 2.039E-05
   794 2.056647E+01 7.011638E+03     2 1.000E+00 4.728125E+01 4.727226E+01  1.14606E-05  7.54237E-03 1.146E-05 7.555E-03  0.000E+00  0.000E+00  1.146E-05  7.555E-03  2.589E-09  2.259E-02  1.217E-05 2.039E-05
   795 2.262312E+01 7.034261E+03     4 1.000E+00 4.728127E+01 4.727227E+01  1.25630E-05  7.55493E-03 1.258E-05 7.567E-03  0.000E+00  0.000E+00  1.258E-05  7.567E-03  1.987E-08  1.579E-01  1.219E-05 2.041E-05
   796 2.488543E+01 7.059147E+03     4 1.000E+00 4.728128E+01 4.727229E+01  1.37854E-05  7.56871E-03 1.381E-05 7.581E-03  0.000E+00  0.000E+00  1.381E-05  7.581E-03  2.379E-08  1.723E-01  1.221E-05 2.044E-05
   797 2.737397E+01 7.086521E+03     4 1.000E+00 4.728129E+01 4.727230E+01  1.51230E-05  7.58384E-03 1.515E-05 7.596E-03  0.000E+00  0.000E+00  1.515E-05  7.596E-03  2.849E-08  1.881E-01  1.224E-05 2.046E-05
   798 3.011137E+01 7.116632E+03     4 1.000E+00 4.728131E+01 4.727232E+01  1.65862E-05  7.60042E-03 1.662E-05 7.613E-03  0.000E+00  0.000E+00  1.662E-05  7.613E-03  3.412E-08  2.053E-01  1.227E-05 2.050E-05
   799 1.656125E+01 7.133193E+03     2 1.000E+00 4.728132E+01 4.727233E+01  9.11873E-06  7.60954E-03 9.121E-06 7.622E-03  0.000E+00  0.000E+00  9.121E-06  7.622E-03  1.827E-09  2.003E-02  1.227E-05 2.050E-05
   800 1.821738E+01 7.151411E+03     2 1.000E+00 4.728133E+01 4.727234E+01  1.00137E-05  7.61956E-03 1.002E-05 7.632E-03  0.000E+00  0.000E+00  1.002E-05  7.632E-03  2.118E-09  2.114E-02  1.228E-05 2.050E-05
   801 2.003912E+01 7.171450E+03     2 1.000E+00 4.728134E+01 4.727235E+01  1.09947E-05  7.63055E-03 1.100E-05 7.643E-03  0.000E+00  0.000E+00  1.100E-05  7.643E-03  2.462E-09  2.238E-02  1.228E-05 2.050E-05
   802 1.427504E+01 7.185725E+03     2 1.000E+00 4.728135E+01 4.727236E+01  7.81955E-06  7.63837E-03 7.821E-06 7.651E-03  0.000E+00  0.000E+00  7.821E-06  7.651E-03  1.446E-09  1.849E-02  1.228E-05 2.051E-05
   803 1.427504E+01 7.200000E+03     2 1.000E+00 4.728136E+01 4.727237E+01  7.80886E-06  7.64618E-03 7.810E-06 7.658E-03  0.000E+00  0.000E+00  7.810E-06  7.658E-03  1.444E-09  1.849E-02  1.228E-05 2.051E-05
