      0  0.00000000E+00     NSTEP   TIME
 SURFACE NODE              X              Y  PRESSURE HEAD
            1   0.000000E+00   1.000000E+01  -1.750000E+02
            2   5.000000E-01   1.000000E+01  -1.750000E+02
            3   1.000000E+00   1.000000E+01  -1.750000E+02
            4   1.500000E+00   1.000000E+01  -1.750000E+02
            5   2.000000E+00   1.000000E+01  -1.750000E+02
            6   2.500000E+00   1.000000E+01  -1.750000E+02
            7   3.000000E+00   1.000000E+01  -1.750000E+02
            8   3.500000E+00   1.000000E+01  -1.750000E+02
            9   4.000000E+00   1.000000E+01  -1.750000E+02
           10   4.500000E+00   1.000000E+01  -1.750000E+02
           11   5.000000E+00   1.000000E+01  -1.750000E+02
           12   5.500000E+00   1.000000E+01  -1.750000E+02
           13   6.000000E+00   1.000000E+01  -1.750000E+02
           14   6.500000E+00   1.000000E+01  -1.750000E+02
           15   7.000000E+00   1.000000E+01  -1.750000E+02
           16   7.500000E+00   1.000000E+01  -1.750000E+02
           17   8.000000E+00   1.000000E+01  -1.750000E+02
           18   8.500000E+00   1.000000E+01  -1.750000E+02
           19   9.000000E+00   1.000000E+01  -1.750000E+02
           20   9.500000E+00   1.000000E+01  -1.750000E+02
           21   1.000000E+01   1.000000E+01  -1.750000E+02
           22   0.000000E+00   9.500000E+00  -1.750000E+02
           23   5.000000E-01   9.500000E+00  -1.750000E+02
           24   1.000000E+00   9.500000E+00  -1.750000E+02
           25   1.500000E+00   9.500000E+00  -1.750000E+02
           26   2.000000E+00   9.500000E+00  -1.750000E+02
           27   2.500000E+00   9.500000E+00  -1.750000E+02
           28   3.000000E+00   9.500000E+00  -1.750000E+02
           29   3.500000E+00   9.500000E+00  -1.750000E+02
           30   4.000000E+00   9.500000E+00  -1.750000E+02
           31   4.500000E+00   9.500000E+00  -1.750000E+02
           32   5.000000E+00   9.500000E+00  -1.750000E+02
           33   5.500000E+00   9.500000E+00  -1.750000E+02
           34   6.000000E+00   9.500000E+00  -1.750000E+02
           35   6.500000E+00   9.500000E+00  -1.750000E+02
           36   7.000000E+00   9.500000E+00  -1.750000E+02
           37   7.500000E+00   9.500000E+00  -1.750000E+02
           38   8.000000E+00   9.500000E+00  -1.750000E+02
           39   8.500000E+00   9.500000E+00  -1.750000E+02
           40   9.000000E+00   9.500000E+00  -1.750000E+02
           41   9.500000E+00   9.500000E+00  -1.750000E+02
           42   1.000000E+01   9.500000E+00  -1.750000E+02
           43   0.000000E+00   9.000000E+00  -1.750000E+02
           44   5.000000E-01   9.000000E+00  -1.750000E+02
           45   1.000000E+00   9.000000E+00  -1.750000E+02
           46   1.500000E+00   9.000000E+00  -1.750000E+02
           47   2.000000E+00   9.000000E+00  -1.750000E+02
           48   2.500000E+00   9.000000E+00  -1.750000E+02
           49   3.000000E+00   9.000000E+00  -1.750000E+02
           50   3.500000E+00   9.000000E+00  -1.750000E+02
           51   4.000000E+00   9.000000E+00  -1.750000E+02
           52   4.500000E+00   9.000000E+00  -1.750000E+02
           53   5.000000E+00   9.000000E+00  -1.750000E+02
           54   5.500000E+00   9.000000E+00  -1.750000E+02
           55   6.000000E+00   9.000000E+00  -1.750000E+02
           56   6.500000E+00   9.000000E+00  -1.750000E+02
           57   7.000000E+00   9.000000E+00  -1.750000E+02
           58   7.500000E+00   9.000000E+00  -1.750000E+02
           59   8.000000E+00   9.000000E+00  -1.750000E+02
           60   8.500000E+00   9.000000E+00  -1.750000E+02
           61   9.000000E+00   9.000000E+00  -1.750000E+02
           62   9.500000E+00   9.000000E+00  -1.750000E+02
           63   1.000000E+01   9.000000E+00  -1.750000E+02
           64   0.000000E+00   8.500000E+00  -1.750000E+02
           65   5.000000E-01   8.500000E+00  -1.750000E+02
           66   1.000000E+00   8.500000E+00  -1.750000E+02
           67   1.500000E+00   8.500000E+00  -1.750000E+02
           68   2.000000E+00   8.500000E+00  -1.750000E+02
           69   2.500000E+00   8.500000E+00  -1.750000E+02
           70   3.000000E+00   8.500000E+00  -1.750000E+02
           71   3.500000E+00   8.500000E+00  -1.750000E+02
           72   4.000000E+00   8.500000E+00  -1.750000E+02
           73   4.500000E+00   8.500000E+00  -1.750000E+02
           74   5.000000E+00   8.500000E+00  -1.750000E+02
           75   5.500000E+00   8.500000E+00  -1.750000E+02
           76   6.000000E+00   8.500000E+00  -1.750000E+02
           77   6.500000E+00   8.500000E+00  -1.750000E+02
           78   7.000000E+00   8.500000E+00  -1.750000E+02
           79   7.500000E+00   8.500000E+00  -1.750000E+02
           80   8.000000E+00   8.500000E+00  -1.750000E+02
           81   8.500000E+00   8.500000E+00  -1.750000E+02
           82   9.000000E+00   8.500000E+00  -1.750000E+02
           83   9.500000E+00   8.500000E+00  -1.750000E+02
           84   1.000000E+01   8.500000E+00  -1.750000E+02
           85   0.000000E+00   8.000000E+00  -1.750000E+02
           86   5.000000E-01   8.000000E+00  -1.750000E+02
           87   1.000000E+00   8.000000E+00  -1.750000E+02
           88   1.500000E+00   8.000000E+00  -1.750000E+02
           89   2.000000E+00   8.000000E+00  -1.750000E+02
           90   2.500000E+00   8.000000E+00  -1.750000E+02
           91   3.000000E+00   8.000000E+00  -1.750000E+02
           92   3.500000E+00   8.000000E+00  -1.750000E+02
           93   4.000000E+00   8.000000E+00  -1.750000E+02
           94   4.500000E+00   8.000000E+00  -1.750000E+02
           95   5.000000E+00   8.000000E+00  -1.750000E+02
           96   5.500000E+00   8.000000E+00  -1.750000E+02
           97   6.000000E+00   8.000000E+00  -1.750000E+02
           98   6.500000E+00   8.000000E+00  -1.750000E+02
           99   7.000000E+00   8.000000E+00  -1.750000E+02
          100   7.500000E+00   8.000000E+00  -1.750000E+02
          101   8.000000E+00   8.000000E+00  -1.750000E+02
          102   8.500000E+00   8.000000E+00  -1.750000E+02
          103   9.000000E+00   8.000000E+00  -1.750000E+02
          104   9.500000E+00   8.000000E+00  -1.750000E+02
          105   1.000000E+01   8.000000E+00  -1.750000E+02
          106   0.000000E+00   7.500000E+00  -1.750000E+02
          107   5.000000E-01   7.500000E+00  -1.750000E+02
          108   1.000000E+00   7.500000E+00  -1.750000E+02
          109   1.500000E+00   7.500000E+00  -1.750000E+02
          110   2.000000E+00   7.500000E+00  -1.750000E+02
          111   2.500000E+00   7.500000E+00  -1.750000E+02
          112   3.000000E+00   7.500000E+00  -1.750000E+02
          113   3.500000E+00   7.500000E+00  -1.750000E+02
          114   4.000000E+00   7.500000E+00  -1.750000E+02
          115   4.500000E+00   7.500000E+00  -1.750000E+02
          116   5.000000E+00   7.500000E+00  -1.750000E+02
          117   5.500000E+00   7.500000E+00  -1.750000E+02
          118   6.000000E+00   7.500000E+00  -1.750000E+02
          119   6.500000E+00   7.500000E+00  -1.750000E+02
          120   7.000000E+00   7.500000E+00  -1.750000E+02
          121   7.500000E+00   7.500000E+00  -1.750000E+02
          122   8.000000E+00   7.500000E+00  -1.750000E+02
          123   8.500000E+00   7.500000E+00  -1.750000E+02
          124   9.000000E+00   7.500000E+00  -1.750000E+02
          125   9.500000E+00   7.500000E+00  -1.750000E+02
          126   1.000000E+01   7.500000E+00  -1.750000E+02
          127   0.000000E+00   7.000000E+00  -1.750000E+02
          128   5.000000E-01   7.000000E+00  -1.750000E+02
          129   1.000000E+00   7.000000E+00  -1.750000E+02
          130   1.500000E+00   7.000000E+00  -1.750000E+02
          131   2.000000E+00   7.000000E+00  -1.750000E+02
          132   2.500000E+00   7.000000E+00  -1.750000E+02
          133   3.000000E+00   7.000000E+00  -1.750000E+02
          134   3.500000E+00   7.000000E+00  -1.750000E+02
          135   4.000000E+00   7.000000E+00  -1.750000E+02
          136   4.500000E+00   7.000000E+00  -1.750000E+02
          137   5.000000E+00   7.000000E+00  -1.750000E+02
          138   5.500000E+00   7.000000E+00  -1.750000E+02
          139   6.000000E+00   7.000000E+00  -1.750000E+02
          140   6.500000E+00   7.000000E+00  -1.750000E+02
          141   7.000000E+00   7.000000E+00  -1.750000E+02
          142   7.500000E+00   7.000000E+00  -1.750000E+02
          143   8.000000E+00   7.000000E+00  -1.750000E+02
          144   8.500000E+00   7.000000E+00  -1.750000E+02
          145   9.000000E+00   7.000000E+00  -1.750000E+02
          146   9.500000E+00   7.000000E+00  -1.750000E+02
          147   1.000000E+01   7.000000E+00  -1.750000E+02
          148   0.000000E+00   6.500000E+00  -1.750000E+02
          149   5.000000E-01   6.500000E+00  -1.750000E+02
          150   1.000000E+00   6.500000E+00  -1.750000E+02
          151   1.500000E+00   6.500000E+00  -1.750000E+02
          152   2.000000E+00   6.500000E+00  -1.750000E+02
          153   2.500000E+00   6.500000E+00  -1.750000E+02
          154   3.000000E+00   6.500000E+00  -1.750000E+02
          155   3.500000E+00   6.500000E+00  -1.750000E+02
          156   4.000000E+00   6.500000E+00  -1.750000E+02
          157   4.500000E+00   6.500000E+00  -1.750000E+02
          158   5.000000E+00   6.500000E+00  -1.750000E+02
          159   5.500000E+00   6.500000E+00  -1.750000E+02
          160   6.000000E+00   6.500000E+00  -1.750000E+02
          161   6.500000E+00   6.500000E+00  -1.750000E+02
          162   7.000000E+00   6.500000E+00  -1.750000E+02
          163   7.500000E+00   6.500000E+00  -1.750000E+02
          164   8.000000E+00   6.500000E+00  -1.750000E+02
          165   8.500000E+00   6.500000E+00  -1.750000E+02
          166   9.000000E+00   6.500000E+00  -1.750000E+02
          167   9.500000E+00   6.500000E+00  -1.750000E+02
          168   1.000000E+01   6.500000E+00  -1.750000E+02
          169   0.000000E+00   6.000000E+00  -1.750000E+02
          170   5.000000E-01   6.000000E+00  -1.750000E+02
          171   1.000000E+00   6.000000E+00  -1.750000E+02
          172   1.500000E+00   6.000000E+00  -1.750000E+02
          173   2.000000E+00   6.000000E+00  -1.750000E+02
          174   2.500000E+00   6.000000E+00  -1.750000E+02
          175   3.000000E+00   6.000000E+00  -1.750000E+02
          176   3.500000E+00   6.000000E+00  -1.750000E+02
          177   4.000000E+00   6.000000E+00  -1.750000E+02
          178   4.500000E+00   6.000000E+00  -1.750000E+02
          179   5.000000E+00   6.000000E+00  -1.750000E+02
          180   5.500000E+00   6.000000E+00  -1.750000E+02
          181   6.000000E+00   6.000000E+00  -1.750000E+02
          182   6.500000E+00   6.000000E+00  -1.750000E+02
          183   7.000000E+00   6.000000E+00  -1.750000E+02
          184   7.500000E+00   6.000000E+00  -1.750000E+02
          185   8.000000E+00   6.000000E+00  -1.750000E+02
          186   8.500000E+00   6.000000E+00  -1.750000E+02
          187   9.000000E+00   6.000000E+00  -1.750000E+02
          188   9.500000E+00   6.000000E+00  -1.750000E+02
          189   1.000000E+01   6.000000E+00  -1.750000E+02
          190   0.000000E+00   5.500000E+00  -1.750000E+02
          191   5.000000E-01   5.500000E+00  -1.750000E+02
          192   1.000000E+00   5.500000E+00  -1.750000E+02
          193   1.500000E+00   5.500000E+00  -1.750000E+02
          194   2.000000E+00   5.500000E+00  -1.750000E+02
          195   2.500000E+00   5.500000E+00  -1.750000E+02
          196   3.000000E+00   5.500000E+00  -1.750000E+02
          197   3.500000E+00   5.500000E+00  -1.750000E+02
          198   4.000000E+00   5.500000E+00  -1.750000E+02
          199   4.500000E+00   5.500000E+00  -1.750000E+02
          200   5.000000E+00   5.500000E+00  -1.750000E+02
          201   5.500000E+00   5.500000E+00  -1.750000E+02
          202   6.000000E+00   5.500000E+00  -1.750000E+02
          203   6.500000E+00   5.500000E+00  -1.750000E+02
          204   7.000000E+00   5.500000E+00  -1.750000E+02
          205   7.500000E+00   5.500000E+00  -1.750000E+02
          206   8.000000E+00   5.500000E+00  -1.750000E+02
          207   8.500000E+00   5.500000E+00  -1.750000E+02
          208   9.000000E+00   5.500000E+00  -1.750000E+02
          209   9.500000E+00   5.500000E+00  -1.750000E+02
          210   1.000000E+01   5.500000E+00  -1.750000E+02
          211   0.000000E+00   5.000000E+00  -1.750000E+02
          212   5.000000E-01   5.000000E+00  -1.750000E+02
          213   1.000000E+00   5.000000E+00  -1.750000E+02
          214   1.500000E+00   5.000000E+00  -1.750000E+02
          215   2.000000E+00   5.000000E+00  -1.750000E+02
          216   2.500000E+00   5.000000E+00  -1.750000E+02
          217   3.000000E+00   5.000000E+00  -1.750000E+02
          218   3.500000E+00   5.000000E+00  -1.750000E+02
          219   4.000000E+00   5.000000E+00  -1.750000E+02
          220   4.500000E+00   5.000000E+00  -1.750000E+02
          221   5.000000E+00   5.000000E+00  -1.750000E+02
          222   5.500000E+00   5.000000E+00  -1.750000E+02
          223   6.000000E+00   5.000000E+00  -1.750000E+02
          224   6.500000E+00   5.000000E+00  -1.750000E+02
          225   7.000000E+00   5.000000E+00  -1.750000E+02
          226   7.500000E+00   5.000000E+00  -1.750000E+02
          227   8.000000E+00   5.000000E+00  -1.750000E+02
          228   8.500000E+00   5.000000E+00  -1.750000E+02
          229   9.000000E+00   5.000000E+00  -1.750000E+02
          230   9.500000E+00   5.000000E+00  -1.750000E+02
          231   1.000000E+01   5.000000E+00  -1.750000E+02
          232   0.000000E+00   4.500000E+00  -1.750000E+02
          233   5.000000E-01   4.500000E+00  -1.750000E+02
          234   1.000000E+00   4.500000E+00  -1.750000E+02
          235   1.500000E+00   4.500000E+00  -1.750000E+02
          236   2.000000E+00   4.500000E+00  -1.750000E+02
          237   2.500000E+00   4.500000E+00  -1.750000E+02
          238   3.000000E+00   4.500000E+00  -1.750000E+02
          239   3.500000E+00   4.500000E+00  -1.750000E+02
          240   4.000000E+00   4.500000E+00  -1.750000E+02
          241   4.500000E+00   4.500000E+00  -1.750000E+02
          242   5.000000E+00   4.500000E+00  -1.750000E+02
          243   5.500000E+00   4.500000E+00  -1.750000E+02
          244   6.000000E+00   4.500000E+00  -1.750000E+02
          245   6.500000E+00   4.500000E+00  -1.750000E+02
          246   7.000000E+00   4.500000E+00  -1.750000E+02
          247   7.500000E+00   4.500000E+00  -1.750000E+02
          248   8.000000E+00   4.500000E+00  -1.750000E+02
          249   8.500000E+00   4.500000E+00  -1.750000E+02
          250   9.000000E+00   4.500000E+00  -1.750000E+02
          251   9.500000E+00   4.500000E+00  -1.750000E+02
          252   1.000000E+01   4.500000E+00  -1.750000E+02
          253   0.000000E+00   4.000000E+00  -1.750000E+02
          254   5.000000E-01   4.000000E+00  -1.750000E+02
          255   1.000000E+00   4.000000E+00  -1.750000E+02
          256   1.500000E+00   4.000000E+00  -1.750000E+02
          257   2.000000E+00   4.000000E+00  -1.750000E+02
          258   2.500000E+00   4.000000E+00  -1.750000E+02
          259   3.000000E+00   4.000000E+00  -1.750000E+02
          260   3.500000E+00   4.000000E+00  -1.750000E+02
          261   4.000000E+00   4.000000E+00  -1.750000E+02
          262   4.500000E+00   4.000000E+00  -1.750000E+02
          263   5.000000E+00   4.000000E+00  -1.750000E+02
          264   5.500000E+00   4.000000E+00  -1.750000E+02
          265   6.000000E+00   4.000000E+00  -1.750000E+02
          266   6.500000E+00   4.000000E+00  -1.750000E+02
          267   7.000000E+00   4.000000E+00  -1.750000E+02
          268   7.500000E+00   4.000000E+00  -1.750000E+02
          269   8.000000E+00   4.000000E+00  -1.750000E+02
          270   8.500000E+00   4.000000E+00  -1.750000E+02
          271   9.000000E+00   4.000000E+00  -1.750000E+02
          272   9.500000E+00   4.000000E+00  -1.750000E+02
          273   1.000000E+01   4.000000E+00  -1.750000E+02
          274   0.000000E+00   3.500000E+00  -1.750000E+02
          275   5.000000E-01   3.500000E+00  -1.750000E+02
          276   1.000000E+00   3.500000E+00  -1.750000E+02
          277   1.500000E+00   3.500000E+00  -1.750000E+02
          278   2.000000E+00   3.500000E+00  -1.750000E+02
          279   2.500000E+00   3.500000E+00  -1.750000E+02
          280   3.000000E+00   3.500000E+00  -1.750000E+02
          281   3.500000E+00   3.500000E+00  -1.750000E+02
          282   4.000000E+00   3.500000E+00  -1.750000E+02
          283   4.500000E+00   3.500000E+00  -1.750000E+02
          284   5.000000E+00   3.500000E+00  -1.750000E+02
          285   5.500000E+00   3.500000E+00  -1.750000E+02
          286   6.000000E+00   3.500000E+00  -1.750000E+02
          287   6.500000E+00   3.500000E+00  -1.750000E+02
          288   7.000000E+00   3.500000E+00  -1.750000E+02
          289   7.500000E+00   3.500000E+00  -1.750000E+02
          290   8.000000E+00   3.500000E+00  -1.750000E+02
          291   8.500000E+00   3.500000E+00  -1.750000E+02
          292   9.000000E+00   3.500000E+00  -1.750000E+02
          293   9.500000E+00   3.500000E+00  -1.750000E+02
          294   1.000000E+01   3.500000E+00  -1.750000E+02
          295   0.000000E+00   3.000000E+00  -1.750000E+02
          296   5.000000E-01   3.000000E+00  -1.750000E+02
          297   1.000000E+00   3.000000E+00  -1.750000E+02
          298   1.500000E+00   3.000000E+00  -1.750000E+02
          299   2.000000E+00   3.000000E+00  -1.750000E+02
          300   2.500000E+00   3.000000E+00  -1.750000E+02
          301   3.000000E+00   3.000000E+00  -1.750000E+02
          302   3.500000E+00   3.000000E+00  -1.750000E+02
          303   4.000000E+00   3.000000E+00  -1.750000E+02
          304   4.500000E+00   3.000000E+00  -1.750000E+02
          305   5.000000E+00   3.000000E+00  -1.750000E+02
          306   5.500000E+00   3.000000E+00  -1.750000E+02
          307   6.000000E+00   3.000000E+00  -1.750000E+02
          308   6.500000E+00   3.000000E+00  -1.750000E+02
          309   7.000000E+00   3.000000E+00  -1.750000E+02
          310   7.500000E+00   3.000000E+00  -1.750000E+02
          311   8.000000E+00   3.000000E+00  -1.750000E+02
          312   8.500000E+00   3.000000E+00  -1.750000E+02
          313   9.000000E+00   3.000000E+00  -1.750000E+02
          314   9.500000E+00   3.000000E+00  -1.750000E+02
          315   1.000000E+01   3.000000E+00  -1.750000E+02
          316   0.000000E+00   2.500000E+00  -1.750000E+02
          317   5.000000E-01   2.500000E+00  -1.750000E+02
          318   1.000000E+00   2.500000E+00  -1.750000E+02
          319   1.500000E+00   2.500000E+00  -1.750000E+02
          320   2.000000E+00   2.500000E+00  -1.750000E+02
          321   2.500000E+00   2.500000E+00  -1.750000E+02
          322   3.000000E+00   2.500000E+00  -1.750000E+02
          323   3.500000E+00   2.500000E+00  -1.750000E+02
          324   4.000000E+00   2.500000E+00  -1.750000E+02
          325   4.500000E+00   2.500000E+00  -1.750000E+02
          326   5.000000E+00   2.500000E+00  -1.750000E+02
          327   5.500000E+00   2.500000E+00  -1.750000E+02
          328   6.000000E+00   2.500000E+00  -1.750000E+02
          329   6.500000E+00   2.500000E+00  -1.750000E+02
          330   7.000000E+00   2.500000E+00  -1.750000E+02
          331   7.500000E+00   2.500000E+00  -1.750000E+02
          332   8.000000E+00   2.500000E+00  -1.750000E+02
          333   8.500000E+00   2.500000E+00  -1.750000E+02
          334   9.000000E+00   2.500000E+00  -1.750000E+02
          335   9.500000E+00   2.500000E+00  -1.750000E+02
          336   1.000000E+01   2.500000E+00  -1.750000E+02
          337   0.000000E+00   2.000000E+00  -1.750000E+02
          338   5.000000E-01   2.000000E+00  -1.750000E+02
          339   1.000000E+00   2.000000E+00  -1.750000E+02
          340   1.500000E+00   2.000000E+00  -1.750000E+02
          341   2.000000E+00   2.000000E+00  -1.750000E+02
          342   2.500000E+00   2.000000E+00  -1.750000E+02
          343   3.000000E+00   2.000000E+00  -1.750000E+02
          344   3.500000E+00   2.000000E+00  -1.750000E+02
          345   4.000000E+00   2.000000E+00  -1.750000E+02
          346   4.500000E+00   2.000000E+00  -1.750000E+02
          347   5.000000E+00   2.000000E+00  -1.750000E+02
          348   5.500000E+00   2.000000E+00  -1.750000E+02
          349   6.000000E+00   2.000000E+00  -1.750000E+02
          350   6.500000E+00   2.000000E+00  -1.750000E+02
          351   7.000000E+00   2.000000E+00  -1.750000E+02
          352   7.500000E+00   2.000000E+00  -1.750000E+02
          353   8.000000E+00   2.000000E+00  -1.750000E+02
          354   8.500000E+00   2.000000E+00  -1.750000E+02
          355   9.000000E+00   2.000000E+00  -1.750000E+02
          356   9.500000E+00   2.000000E+00  -1.750000E+02
          357   1.000000E+01   2.000000E+00  -1.750000E+02
          358   0.000000E+00   1.500000E+00  -1.750000E+02
          359   5.000000E-01   1.500000E+00  -1.750000E+02
          360   1.000000E+00   1.500000E+00  -1.750000E+02
          361   1.500000E+00   1.500000E+00  -1.750000E+02
          362   2.000000E+00   1.500000E+00  -1.750000E+02
          363   2.500000E+00   1.500000E+00  -1.750000E+02
          364   3.000000E+00   1.500000E+00  -1.750000E+02
          365   3.500000E+00   1.500000E+00  -1.750000E+02
          366   4.000000E+00   1.500000E+00  -1.750000E+02
          367   4.500000E+00   1.500000E+00  -1.750000E+02
          368   5.000000E+00   1.500000E+00  -1.750000E+02
          369   5.500000E+00   1.500000E+00  -1.750000E+02
          370   6.000000E+00   1.500000E+00  -1.750000E+02
          371   6.500000E+00   1.500000E+00  -1.750000E+02
          372   7.000000E+00   1.500000E+00  -1.750000E+02
          373   7.500000E+00   1.500000E+00  -1.750000E+02
          374   8.000000E+00   1.500000E+00  -1.750000E+02
          375   8.500000E+00   1.500000E+00  -1.750000E+02
          376   9.000000E+00   1.500000E+00  -1.750000E+02
          377   9.500000E+00   1.500000E+00  -1.750000E+02
          378   1.000000E+01   1.500000E+00  -1.750000E+02
          379   0.000000E+00   1.000000E+00  -1.750000E+02
          380   5.000000E-01   1.000000E+00  -1.750000E+02
          381   1.000000E+00   1.000000E+00  -1.750000E+02
          382   1.500000E+00   1.000000E+00  -1.750000E+02
          383   2.000000E+00   1.000000E+00  -1.750000E+02
          384   2.500000E+00   1.000000E+00  -1.750000E+02
          385   3.000000E+00   1.000000E+00  -1.750000E+02
          386   3.500000E+00   1.000000E+00  -1.750000E+02
          387   4.000000E+00   1.000000E+00  -1.750000E+02
          388   4.500000E+00   1.000000E+00  -1.750000E+02
          389   5.000000E+00   1.000000E+00  -1.750000E+02
          390   5.500000E+00   1.000000E+00  -1.750000E+02
          391   6.000000E+00   1.000000E+00  -1.750000E+02
          392   6.500000E+00   1.000000E+00  -1.750000E+02
          393   7.000000E+00   1.000000E+00  -1.750000E+02
          394   7.500000E+00   1.000000E+00  -1.750000E+02
          395   8.000000E+00   1.000000E+00  -1.750000E+02
          396   8.500000E+00   1.000000E+00  -1.750000E+02
          397   9.000000E+00   1.000000E+00  -1.750000E+02
          398   9.500000E+00   1.000000E+00  -1.750000E+02
          399   1.000000E+01   1.000000E+00  -1.750000E+02
          400   0.000000E+00   5.000000E-01  -1.750000E+02
          401   5.000000E-01   5.000000E-01  -1.750000E+02
          402   1.000000E+00   5.000000E-01  -1.750000E+02
          403   1.500000E+00   5.000000E-01  -1.750000E+02
          404   2.000000E+00   5.000000E-01  -1.750000E+02
          405   2.500000E+00   5.000000E-01  -1.750000E+02
          406   3.000000E+00   5.000000E-01  -1.750000E+02
          407   3.500000E+00   5.000000E-01  -1.750000E+02
          408   4.000000E+00   5.000000E-01  -1.750000E+02
          409   4.500000E+00   5.000000E-01  -1.750000E+02
          410   5.000000E+00   5.000000E-01  -1.750000E+02
          411   5.500000E+00   5.000000E-01  -1.750000E+02
          412   6.000000E+00   5.000000E-01  -1.750000E+02
          413   6.500000E+00   5.000000E-01  -1.750000E+02
          414   7.000000E+00   5.000000E-01  -1.750000E+02
          415   7.500000E+00   5.000000E-01  -1.750000E+02
          416   8.000000E+00   5.000000E-01  -1.750000E+02
          417   8.500000E+00   5.000000E-01  -1.750000E+02
          418   9.000000E+00   5.000000E-01  -1.750000E+02
          419   9.500000E+00   5.000000E-01  -1.750000E+02
          420   1.000000E+01   5.000000E-01  -1.750000E+02
          421   0.000000E+00   0.000000E+00  -1.750000E+02
          422   5.000000E-01   0.000000E+00  -1.750000E+02
          423   1.000000E+00   0.000000E+00  -1.750000E+02
          424   1.500000E+00   0.000000E+00  -1.750000E+02
          425   2.000000E+00   0.000000E+00  -1.750000E+02
          426   2.500000E+00   0.000000E+00  -1.750000E+02
          427   3.000000E+00   0.000000E+00  -1.750000E+02
          428   3.500000E+00   0.000000E+00  -1.750000E+02
          429   4.000000E+00   0.000000E+00  -1.750000E+02
          430   4.500000E+00   0.000000E+00  -1.750000E+02
          431   5.000000E+00   0.000000E+00  -1.750000E+02
          432   5.500000E+00   0.000000E+00  -1.750000E+02
          433   6.000000E+00   0.000000E+00  -1.750000E+02
          434   6.500000E+00   0.000000E+00  -1.750000E+02
          435   7.000000E+00   0.000000E+00  -1.750000E+02
          436   7.500000E+00   0.000000E+00  -1.750000E+02
          437   8.000000E+00   0.000000E+00  -1.750000E+02
          438   8.500000E+00   0.000000E+00  -1.750000E+02
          439   9.000000E+00   0.000000E+00  -1.750000E+02
          440   9.500000E+00   0.000000E+00  -1.750000E+02
          441   1.000000E+01   0.000000E+00  -1.750000E+02
    416  1.80231163E+03     NSTEP   TIME
 SURFACE NODE              X              Y  PRESSURE HEAD
            1   0.000000E+00   1.000000E+01  -5.000000E+00
            2   5.000000E-01   1.000000E+01  -5.000000E+00
            3   1.000000E+00   1.000000E+01  -5.000000E+00
            4   1.500000E+00   1.000000E+01  -5.000000E+00
            5   2.000000E+00   1.000000E+01  -5.000000E+00
            6   2.500000E+00   1.000000E+01  -5.000000E+00
            7   3.000000E+00   1.000000E+01  -5.000000E+00
            8   3.500000E+00   1.000000E+01  -5.000000E+00
            9   4.000000E+00   1.000000E+01  -5.000000E+00
           10   4.500000E+00   1.000000E+01  -5.000000E+00
           11   5.000000E+00   1.000000E+01  -5.000000E+00
           12   5.500000E+00   1.000000E+01  -5.000000E+00
           13   6.000000E+00   1.000000E+01  -5.000000E+00
           14   6.500000E+00   1.000000E+01  -5.000000E+00
           15   7.000000E+00   1.000000E+01  -5.000000E+00
           16   7.500000E+00   1.000000E+01  -5.000000E+00
           17   8.000000E+00   1.000000E+01  -5.000000E+00
           18   8.500000E+00   1.000000E+01  -5.000000E+00
           19   9.000000E+00   1.000000E+01  -5.000000E+00
           20   9.500000E+00   1.000000E+01  -5.000000E+00
           21   1.000000E+01   1.000000E+01  -5.000000E+00
           22   0.000000E+00   9.500000E+00  -5.000000E+00
           23   5.000000E-01   9.500000E+00  -5.000000E+00
           24   1.000000E+00   9.500000E+00  -5.000000E+00
           25   1.500000E+00   9.500000E+00  -5.000000E+00
           26   2.000000E+00   9.500000E+00  -5.000000E+00
           27   2.500000E+00   9.500000E+00  -5.000000E+00
           28   3.000000E+00   9.500000E+00  -5.000000E+00
           29   3.500000E+00   9.500000E+00  -5.000000E+00
           30   4.000000E+00   9.500000E+00  -5.000000E+00
           31   4.500000E+00   9.500000E+00  -5.000000E+00
           32   5.000000E+00   9.500000E+00  -5.000000E+00
           33   5.500000E+00   9.500000E+00  -5.000000E+00
           34   6.000000E+00   9.500000E+00  -5.000000E+00
           35   6.500000E+00   9.500000E+00  -5.000000E+00
           36   7.000000E+00   9.500000E+00  -5.000000E+00
           37   7.500000E+00   9.500000E+00  -5.000000E+00
           38   8.000000E+00   9.500000E+00  -5.000000E+00
           39   8.500000E+00   9.500000E+00  -5.000000E+00
           40   9.000000E+00   9.500000E+00  -5.000000E+00
           41   9.500000E+00   9.500000E+00  -5.000000E+00
           42   1.000000E+01   9.500000E+00  -5.000000E+00
           43   0.000000E+00   9.000000E+00  -5.000000E+00
           44   5.000000E-01   9.000000E+00  -5.000000E+00
           45   1.000000E+00   9.000000E+00  -5.000000E+00
           46   1.500000E+00   9.000000E+00  -5.000000E+00
           47   2.000000E+00   9.000000E+00  -5.000000E+00
           48   2.500000E+00   9.000000E+00  -5.000000E+00
           49   3.000000E+00   9.000000E+00  -5.000000E+00
           50   3.500000E+00   9.000000E+00  -5.000000E+00
           51   4.000000E+00   9.000000E+00  -5.000000E+00
           52   4.500000E+00   9.000000E+00  -5.000000E+00
           53   5.000000E+00   9.000000E+00  -5.000000E+00
           54   5.500000E+00   9.000000E+00  -5.000000E+00
           55   6.000000E+00   9.000000E+00  -5.000000E+00
           56   6.500000E+00   9.000000E+00  -5.000000E+00
           57   7.000000E+00   9.000000E+00  -5.000000E+00
           58   7.500000E+00   9.000000E+00  -5.000000E+00
           59   8.000000E+00   9.000000E+00  -5.000000E+00
           60   8.500000E+00   9.000000E+00  -5.000000E+00
           61   9.000000E+00   9.000000E+00  -5.000000E+00
           62   9.500000E+00   9.000000E+00  -5.000000E+00
           63   1.000000E+01   9.000000E+00  -5.000000E+00
           64   0.000000E+00   8.500000E+00  -5.000000E+00
           65   5.000000E-01   8.500000E+00  -5.000000E+00
           66   1.000000E+00   8.500000E+00  -5.000000E+00
           67   1.500000E+00   8.500000E+00  -5.000000E+00
           68   2.000000E+00   8.500000E+00  -5.000000E+00
           69   2.500000E+00   8.500000E+00  -5.000000E+00
           70   3.000000E+00   8.500000E+00  -5.000000E+00
           71   3.500000E+00   8.500000E+00  -5.000000E+00
           72   4.000000E+00   8.500000E+00  -5.000000E+00
           73   4.500000E+00   8.500000E+00  -5.000000E+00
           74   5.000000E+00   8.500000E+00  -5.000000E+00
           75   5.500000E+00   8.500000E+00  -5.000000E+00
           76   6.000000E+00   8.500000E+00  -5.000000E+00
           77   6.500000E+00   8.500000E+00  -5.000000E+00
           78   7.000000E+00   8.500000E+00  -5.000000E+00
           79   7.500000E+00   8.500000E+00  -5.000000E+00
           80   8.000000E+00   8.500000E+00  -5.000000E+00
           81   8.500000E+00   8.500000E+00  -5.000000E+00
           82   9.000000E+00   8.500000E+00  -5.000000E+00
           83   9.500000E+00   8.500000E+00  -5.000000E+00
           84   1.000000E+01   8.500000E+00  -5.000000E+00
           85   0.000000E+00   8.000000E+00  -5.000000E+00
           86   5.000000E-01   8.000000E+00  -5.000000E+00
           87   1.000000E+00   8.000000E+00  -5.000000E+00
           88   1.500000E+00   8.000000E+00  -5.000000E+00
           89   2.000000E+00   8.000000E+00  -5.000000E+00
           90   2.500000E+00   8.000000E+00  -5.000000E+00
           91   3.000000E+00   8.000000E+00  -5.000000E+00
           92   3.500000E+00   8.000000E+00  -5.000000E+00
           93   4.000000E+00   8.000000E+00  -5.000000E+00
           94   4.500000E+00   8.000000E+00  -5.000000E+00
           95   5.000000E+00   8.000000E+00  -5.000000E+00
           96   5.500000E+00   8.000000E+00  -5.000000E+00
           97   6.000000E+00   8.000000E+00  -5.000000E+00
           98   6.500000E+00   8.000000E+00  -5.000000E+00
           99   7.000000E+00   8.000000E+00  -5.000000E+00
          100   7.500000E+00   8.000000E+00  -5.000000E+00
          101   8.000000E+00   8.000000E+00  -5.000000E+00
          102   8.500000E+00   8.000000E+00  -5.000000E+00
          103   9.000000E+00   8.000000E+00  -5.000000E+00
          104   9.500000E+00   8.000000E+00  -5.000000E+00
          105   1.000000E+01   8.000000E+00  -5.000000E+00
          106   0.000000E+00   7.500000E+00  -5.000000E+00
          107   5.000000E-01   7.500000E+00  -5.000000E+00
          108   1.000000E+00   7.500000E+00  -5.000000E+00
          109   1.500000E+00   7.500000E+00  -5.000000E+00
          110   2.000000E+00   7.500000E+00  -5.000000E+00
          111   2.500000E+00   7.500000E+00  -5.000000E+00
          112   3.000000E+00   7.500000E+00  -5.000000E+00
          113   3.500000E+00   7.500000E+00  -5.000000E+00
          114   4.000000E+00   7.500000E+00  -5.000000E+00
          115   4.500000E+00   7.500000E+00  -5.000000E+00
          116   5.000000E+00   7.500000E+00  -5.000000E+00
          117   5.500000E+00   7.500000E+00  -5.000000E+00
          118   6.000000E+00   7.500000E+00  -5.000000E+00
          119   6.500000E+00   7.500000E+00  -5.000000E+00
          120   7.000000E+00   7.500000E+00  -5.000000E+00
          121   7.500000E+00   7.500000E+00  -5.000000E+00
          122   8.000000E+00   7.500000E+00  -5.000000E+00
          123   8.500000E+00   7.500000E+00  -5.000000E+00
          124   9.000000E+00   7.500000E+00  -5.000000E+00
          125   9.500000E+00   7.500000E+00  -5.000000E+00
          126   1.000000E+01   7.500000E+00  -5.000000E+00
          127   0.000000E+00   7.000000E+00  -5.000000E+00
          128   5.000000E-01   7.000000E+00  -5.000000E+00
          129   1.000000E+00   7.000000E+00  -5.000000E+00
          130   1.500000E+00   7.000000E+00  -5.000000E+00
          131   2.000000E+00   7.000000E+00  -5.000000E+00
          132   2.500000E+00   7.000000E+00  -5.000000E+00
          133   3.000000E+00   7.000000E+00  -5.000000E+00
          134   3.500000E+00   7.000000E+00  -5.000000E+00
          135   4.000000E+00   7.000000E+00  -5.000000E+00
          136   4.500000E+00   7.000000E+00  -5.000000E+00
          137   5.000000E+00   7.000000E+00  -5.000000E+00
          138   5.500000E+00   7.000000E+00  -5.000000E+00
          139   6.000000E+00   7.000000E+00  -5.000000E+00
          140   6.500000E+00   7.000000E+00  -5.000000E+00
          141   7.000000E+00   7.000000E+00  -5.000000E+00
          142   7.500000E+00   7.000000E+00  -5.000000E+00
          143   8.000000E+00   7.000000E+00  -5.000000E+00
          144   8.500000E+00   7.000000E+00  -5.000000E+00
          145   9.000000E+00   7.000000E+00  -5.000000E+00
          146   9.500000E+00   7.000000E+00  -5.000000E+00
          147   1.000000E+01   7.000000E+00  -5.000000E+00
          148   0.000000E+00   6.500000E+00  -5.000000E+00
          149   5.000000E-01   6.500000E+00  -5.000000E+00
          150   1.000000E+00   6.500000E+00  -5.000000E+00
          151   1.500000E+00   6.500000E+00  -5.000000E+00
          152   2.000000E+00   6.500000E+00  -5.000000E+00
          153   2.500000E+00   6.500000E+00  -5.000000E+00
          154   3.000000E+00   6.500000E+00  -5.000000E+00
          155   3.500000E+00   6.500000E+00  -5.000000E+00
          156   4.000000E+00   6.500000E+00  -5.000000E+00
          157   4.500000E+00   6.500000E+00  -5.000000E+00
          158   5.000000E+00   6.500000E+00  -5.000000E+00
          159   5.500000E+00   6.500000E+00  -5.000000E+00
          160   6.000000E+00   6.500000E+00  -5.000000E+00
          161   6.500000E+00   6.500000E+00  -5.000000E+00
          162   7.000000E+00   6.500000E+00  -5.000000E+00
          163   7.500000E+00   6.500000E+00  -5.000000E+00
          164   8.000000E+00   6.500000E+00  -5.000000E+00
          165   8.500000E+00   6.500000E+00  -5.000000E+00
          166   9.000000E+00   6.500000E+00  -5.000000E+00
          167   9.500000E+00   6.500000E+00  -5.000000E+00
          168   1.000000E+01   6.500000E+00  -5.000000E+00
          169   0.000000E+00   6.000000E+00  -5.000000E+00
          170   5.000000E-01   6.000000E+00  -5.000000E+00
          171   1.000000E+00   6.000000E+00  -5.000000E+00
          172   1.500000E+00   6.000000E+00  -5.000000E+00
          173   2.000000E+00   6.000000E+00  -5.000000E+00
          174   2.500000E+00   6.000000E+00  -5.000000E+00
          175   3.000000E+00   6.000000E+00  -5.000000E+00
          176   3.500000E+00   6.000000E+00  -5.000000E+00
          177   4.000000E+00   6.000000E+00  -5.000000E+00
          178   4.500000E+00   6.000000E+00  -5.000000E+00
          179   5.000000E+00   6.000000E+00  -5.000000E+00
          180   5.500000E+00   6.000000E+00  -5.000000E+00
          181   6.000000E+00   6.000000E+00  -5.000000E+00
          182   6.500000E+00   6.000000E+00  -5.000000E+00
          183   7.000000E+00   6.000000E+00  -5.000000E+00
          184   7.500000E+00   6.000000E+00  -5.000000E+00
          185   8.000000E+00   6.000000E+00  -5.000000E+00
          186   8.500000E+00   6.000000E+00  -5.000000E+00
          187   9.000000E+00   6.000000E+00  -5.000000E+00
          188   9.500000E+00   6.000000E+00  -5.000000E+00
          189   1.000000E+01   6.000000E+00  -5.000000E+00
          190   0.000000E+00   5.500000E+00  -5.000000E+00
          191   5.000000E-01   5.500000E+00  -5.000000E+00
          192   1.000000E+00   5.500000E+00  -5.000000E+00
          193   1.500000E+00   5.500000E+00  -5.000000E+00
          194   2.000000E+00   5.500000E+00  -5.000000E+00
          195   2.500000E+00   5.500000E+00  -5.000000E+00
          196   3.000000E+00   5.500000E+00  -5.000000E+00
          197   3.500000E+00   5.500000E+00  -5.000000E+00
          198   4.000000E+00   5.500000E+00  -5.000000E+00
          199   4.500000E+00   5.500000E+00  -5.000000E+00
          200   5.000000E+00   5.500000E+00  -5.000000E+00
          201   5.500000E+00   5.500000E+00  -5.000000E+00
          202   6.000000E+00   5.500000E+00  -5.000000E+00
          203   6.500000E+00   5.500000E+00  -5.000000E+00
          204   7.000000E+00   5.500000E+00  -5.000000E+00
          205   7.500000E+00   5.500000E+00  -5.000000E+00
          206   8.000000E+00   5.500000E+00  -5.000000E+00
          207   8.500000E+00   5.500000E+00  -5.000000E+00
          208   9.000000E+00   5.500000E+00  -5.000000E+00
          209   9.500000E+00   5.500000E+00  -5.000000E+00
          210   1.000000E+01   5.500000E+00  -5.000000E+00
          211   0.000000E+00   5.000000E+00  -5.000000E+00
          212   5.000000E-01   5.000000E+00  -5.000000E+00
          213   1.000000E+00   5.000000E+00  -5.000000E+00
          214   1.500000E+00   5.000000E+00  -5.000000E+00
          215   2.000000E+00   5.000000E+00  -5.000000E+00
          216   2.500000E+00   5.000000E+00  -5.000000E+00
          217   3.000000E+00   5.000000E+00  -5.000000E+00
          218   3.500000E+00   5.000000E+00  -5.000000E+00
          219   4.000000E+00   5.000000E+00  -5.000000E+00
          220   4.500000E+00   5.000000E+00  -5.000000E+00
          221   5.000000E+00   5.000000E+00  -5.000000E+00
          222   5.500000E+00   5.000000E+00  -5.000000E+00
          223   6.000000E+00   5.000000E+00  -5.000000E+00
          224   6.500000E+00   5.000000E+00  -5.000000E+00
          225   7.000000E+00   5.000000E+00  -5.000000E+00
          226   7.500000E+00   5.000000E+00  -5.000000E+00
          227   8.000000E+00   5.000000E+00  -5.000000E+00
          228   8.500000E+00   5.000000E+00  -5.000000E+00
          229   9.000000E+00   5.000000E+00  -5.000000E+00
          230   9.500000E+00   5.000000E+00  -5.000000E+00
          231   1.000000E+01   5.000000E+00  -5.000000E+00
          232   0.000000E+00   4.500000E+00  -5.000000E+00
          233   5.000000E-01   4.500000E+00  -5.000000E+00
          234   1.000000E+00   4.500000E+00  -5.000000E+00
          235   1.500000E+00   4.500000E+00  -5.000000E+00
          236   2.000000E+00   4.500000E+00  -5.000000E+00
          237   2.500000E+00   4.500000E+00  -5.000000E+00
          238   3.000000E+00   4.500000E+00  -5.000000E+00
          239   3.500000E+00   4.500000E+00  -5.000000E+00
          240   4.000000E+00   4.500000E+00  -5.000000E+00
          241   4.500000E+00   4.500000E+00  -5.000000E+00
          242   5.000000E+00   4.500000E+00  -5.000000E+00
          243   5.500000E+00   4.500000E+00  -5.000000E+00
          244   6.000000E+00   4.500000E+00  -5.000000E+00
          245   6.500000E+00   4.500000E+00  -5.000000E+00
          246   7.000000E+00   4.500000E+00  -5.000000E+00
          247   7.500000E+00   4.500000E+00  -5.000000E+00
          248   8.000000E+00   4.500000E+00  -5.000000E+00
          249   8.500000E+00   4.500000E+00  -5.000000E+00
          250   9.000000E+00   4.500000E+00  -5.000000E+00
          251   9.500000E+00   4.500000E+00  -5.000000E+00
          252   1.000000E+01   4.500000E+00  -5.000000E+00
          253   0.000000E+00   4.000000E+00  -5.000000E+00
          254   5.000000E-01   4.000000E+00  -5.000000E+00
          255   1.000000E+00   4.000000E+00  -5.000000E+00
          256   1.500000E+00   4.000000E+00  -5.000000E+00
          257   2.000000E+00   4.000000E+00  -5.000000E+00
          258   2.500000E+00   4.000000E+00  -5.000000E+00
          259   3.000000E+00   4.000000E+00  -5.000000E+00
          260   3.500000E+00   4.000000E+00  -5.000000E+00
          261   4.000000E+00   4.000000E+00  -5.000000E+00
          262   4.500000E+00   4.000000E+00  -5.000000E+00
          263   5.000000E+00   4.000000E+00  -5.000000E+00
          264   5.500000E+00   4.000000E+00  -5.000000E+00
          265   6.000000E+00   4.000000E+00  -5.000000E+00
          266   6.500000E+00   4.000000E+00  -5.000000E+00
          267   7.000000E+00   4.000000E+00  -5.000000E+00
          268   7.500000E+00   4.000000E+00  -5.000000E+00
          269   8.000000E+00   4.000000E+00  -5.000000E+00
          270   8.500000E+00   4.000000E+00  -5.000000E+00
          271   9.000000E+00   4.000000E+00  -5.000000E+00
          272   9.500000E+00   4.000000E+00  -5.000000E+00
          273   1.000000E+01   4.000000E+00  -5.000000E+00
          274   0.000000E+00   3.500000E+00  -5.000000E+00
          275   5.000000E-01   3.500000E+00  -5.000000E+00
          276   1.000000E+00   3.500000E+00  -5.000000E+00
          277   1.500000E+00   3.500000E+00  -5.000000E+00
          278   2.000000E+00   3.500000E+00  -5.000000E+00
          279   2.500000E+00   3.500000E+00  -5.000000E+00
          280   3.000000E+00   3.500000E+00  -5.000000E+00
          281   3.500000E+00   3.500000E+00  -5.000000E+00
          282   4.000000E+00   3.500000E+00  -5.000000E+00
          283   4.500000E+00   3.500000E+00  -5.000000E+00
          284   5.000000E+00   3.500000E+00  -5.000000E+00
          285   5.500000E+00   3.500000E+00  -5.000000E+00
          286   6.000000E+00   3.500000E+00  -5.000000E+00
          287   6.500000E+00   3.500000E+00  -5.000000E+00
          288   7.000000E+00   3.500000E+00  -5.000000E+00
          289   7.500000E+00   3.500000E+00  -5.000000E+00
          290   8.000000E+00   3.500000E+00  -5.000000E+00
          291   8.500000E+00   3.500000E+00  -5.000000E+00
          292   9.000000E+00   3.500000E+00  -5.000000E+00
          293   9.500000E+00   3.500000E+00  -5.000000E+00
          294   1.000000E+01   3.500000E+00  -5.000000E+00
          295   0.000000E+00   3.000000E+00  -5.000000E+00
          296   5.000000E-01   3.000000E+00  -5.000000E+00
          297   1.000000E+00   3.000000E+00  -5.000000E+00
          298   1.500000E+00   3.000000E+00  -5.000000E+00
          299   2.000000E+00   3.000000E+00  -5.000000E+00
          300   2.500000E+00   3.000000E+00  -5.000000E+00
          301   3.000000E+00   3.000000E+00  -5.000000E+00
          302   3.500000E+00   3.000000E+00  -5.000000E+00
          303   4.000000E+00   3.000000E+00  -5.000000E+00
          304   4.500000E+00   3.000000E+00  -5.000000E+00
          305   5.000000E+00   3.000000E+00  -5.000000E+00
          306   5.500000E+00   3.000000E+00  -5.000000E+00
          307   6.000000E+00   3.000000E+00  -5.000000E+00
          308   6.500000E+00   3.000000E+00  -5.000000E+00
          309   7.000000E+00   3.000000E+00  -5.000000E+00
          310   7.500000E+00   3.000000E+00  -5.000000E+00
          311   8.000000E+00   3.000000E+00  -5.000000E+00
          312   8.500000E+00   3.000000E+00  -5.000000E+00
          313   9.000000E+00   3.000000E+00  -5.000000E+00
          314   9.500000E+00   3.000000E+00  -5.000000E+00
          315   1.000000E+01   3.000000E+00  -5.000000E+00
          316   0.000000E+00   2.500000E+00  -5.000000E+00
          317   5.000000E-01   2.500000E+00  -5.000000E+00
          318   1.000000E+00   2.500000E+00  -5.000000E+00
          319   1.500000E+00   2.500000E+00  -5.000000E+00
          320   2.000000E+00   2.500000E+00  -5.000000E+00
          321   2.500000E+00   2.500000E+00  -5.000000E+00
          322   3.000000E+00   2.500000E+00  -5.000000E+00
          323   3.500000E+00   2.500000E+00  -5.000000E+00
          324   4.000000E+00   2.500000E+00  -5.000000E+00
          325   4.500000E+00   2.500000E+00  -5.000000E+00
          326   5.000000E+00   2.500000E+00  -5.000000E+00
          327   5.500000E+00   2.500000E+00  -5.000000E+00
          328   6.000000E+00   2.500000E+00  -5.000000E+00
          329   6.500000E+00   2.500000E+00  -5.000000E+00
          330   7.000000E+00   2.500000E+00  -5.000000E+00
          331   7.500000E+00   2.500000E+00  -5.000000E+00
          332   8.000000E+00   2.500000E+00  -5.000000E+00
          333   8.500000E+00   2.500000E+00  -5.000000E+00
          334   9.000000E+00   2.500000E+00  -5.000000E+00
          335   9.500000E+00   2.500000E+00  -5.000000E+00
          336   1.000000E+01   2.500000E+00  -5.000000E+00
          337   0.000000E+00   2.000000E+00  -5.000000E+00
          338   5.000000E-01   2.000000E+00  -5.000000E+00
          339   1.000000E+00   2.000000E+00  -5.000000E+00
          340   1.500000E+00   2.000000E+00  -5.000000E+00
          341   2.000000E+00   2.000000E+00  -5.000000E+00
          342   2.500000E+00   2.000000E+00  -5.000000E+00
          343   3.000000E+00   2.000000E+00  -5.000000E+00
          344   3.500000E+00   2.000000E+00  -5.000000E+00
          345   4.000000E+00   2.000000E+00  -5.000000E+00
          346   4.500000E+00   2.000000E+00  -5.000000E+00
          347   5.000000E+00   2.000000E+00  -5.000000E+00
          348   5.500000E+00   2.000000E+00  -5.000000E+00
          349   6.000000E+00   2.000000E+00  -5.000000E+00
          350   6.500000E+00   2.000000E+00  -5.000000E+00
          351   7.000000E+00   2.000000E+00  -5.000000E+00
          352   7.500000E+00   2.000000E+00  -5.000000E+00
          353   8.000000E+00   2.000000E+00  -5.000000E+00
          354   8.500000E+00   2.000000E+00  -5.000000E+00
          355   9.000000E+00   2.000000E+00  -5.000000E+00
          356   9.500000E+00   2.000000E+00  -5.000000E+00
          357   1.000000E+01   2.000000E+00  -5.000000E+00
          358   0.000000E+00   1.500000E+00  -5.000000E+00
          359   5.000000E-01   1.500000E+00  -5.000000E+00
          360   1.000000E+00   1.500000E+00  -5.000000E+00
          361   1.500000E+00   1.500000E+00  -5.000000E+00
          362   2.000000E+00   1.500000E+00  -5.000000E+00
          363   2.500000E+00   1.500000E+00  -5.000000E+00
          364   3.000000E+00   1.500000E+00  -5.000000E+00
          365   3.500000E+00   1.500000E+00  -5.000000E+00
          366   4.000000E+00   1.500000E+00  -5.000000E+00
          367   4.500000E+00   1.500000E+00  -5.000000E+00
          368   5.000000E+00   1.500000E+00  -5.000000E+00
          369   5.500000E+00   1.500000E+00  -5.000000E+00
          370   6.000000E+00   1.500000E+00  -5.000000E+00
          371   6.500000E+00   1.500000E+00  -5.000000E+00
          372   7.000000E+00   1.500000E+00  -5.000000E+00
          373   7.500000E+00   1.500000E+00  -5.000000E+00
          374   8.000000E+00   1.500000E+00  -5.000000E+00
          375   8.500000E+00   1.500000E+00  -5.000000E+00
          376   9.000000E+00   1.500000E+00  -5.000000E+00
          377   9.500000E+00   1.500000E+00  -5.000000E+00
          378   1.000000E+01   1.500000E+00  -5.000000E+00
          379   0.000000E+00   1.000000E+00  -5.000000E+00
          380   5.000000E-01   1.000000E+00  -5.000000E+00
          381   1.000000E+00   1.000000E+00  -5.000000E+00
          382   1.500000E+00   1.000000E+00  -5.000000E+00
          383   2.000000E+00   1.000000E+00  -5.000000E+00
          384   2.500000E+00   1.000000E+00  -5.000000E+00
          385   3.000000E+00   1.000000E+00  -5.000000E+00
          386   3.500000E+00   1.000000E+00  -5.000000E+00
          387   4.000000E+00   1.000000E+00  -5.000000E+00
          388   4.500000E+00   1.000000E+00  -5.000000E+00
          389   5.000000E+00   1.000000E+00  -5.000000E+00
          390   5.500000E+00   1.000000E+00  -5.000000E+00
          391   6.000000E+00   1.000000E+00  -5.000000E+00
          392   6.500000E+00   1.000000E+00  -5.000000E+00
          393   7.000000E+00   1.000000E+00  -5.000000E+00
          394   7.500000E+00   1.000000E+00  -5.000000E+00
          395   8.000000E+00   1.000000E+00  -5.000000E+00
          396   8.500000E+00   1.000000E+00  -5.000000E+00
          397   9.000000E+00   1.000000E+00  -5.000000E+00
          398   9.500000E+00   1.000000E+00  -5.000000E+00
          399   1.000000E+01   1.000000E+00  -5.000000E+00
          400   0.000000E+00   5.000000E-01  -5.000000E+00
          401   5.000000E-01   5.000000E-01  -5.000000E+00
          402   1.000000E+00   5.000000E-01  -5.000000E+00
          403   1.500000E+00   5.000000E-01  -5.000000E+00
          404   2.000000E+00   5.000000E-01  -5.000000E+00
          405   2.500000E+00   5.000000E-01  -5.000000E+00
          406   3.000000E+00   5.000000E-01  -5.000000E+00
          407   3.500000E+00   5.000000E-01  -5.000000E+00
          408   4.000000E+00   5.000000E-01  -5.000000E+00
          409   4.500000E+00   5.000000E-01  -5.000000E+00
          410   5.000000E+00   5.000000E-01  -5.000000E+00
          411   5.500000E+00   5.000000E-01  -5.000000E+00
          412   6.000000E+00   5.000000E-01  -5.000000E+00
          413   6.500000E+00   5.000000E-01  -5.000000E+00
          414   7.000000E+00   5.000000E-01  -5.000000E+00
          415   7.500000E+00   5.000000E-01  -5.000000E+00
          416   8.000000E+00   5.000000E-01  -5.000000E+00
          417   8.500000E+00   5.000000E-01  -5.000000E+00
          418   9.000000E+00   5.000000E-01  -5.000000E+00
          419   9.500000E+00   5.000000E-01  -5.000000E+00
          420   1.000000E+01   5.000000E-01  -5.000000E+00
          421   0.000000E+00   0.000000E+00  -5.000000E+00
          422   5.000000E-01   0.000000E+00  -5.000000E+00
          423   1.000000E+00   0.000000E+00  -5.000000E+00
          424   1.500000E+00   0.000000E+00  -5.000000E+00
          425   2.000000E+00   0.000000E+00  -5.000000E+00
          426   2.500000E+00   0.000000E+00  -5.000000E+00
          427   3.000000E+00   0.000000E+00  -5.000000E+00
          428   3.500000E+00   0.000000E+00  -5.000000E+00
          429   4.000000E+00   0.000000E+00  -5.000000E+00
          430   4.500000E+00   0.000000E+00  -5.000000E+00
          431   5.000000E+00   0.000000E+00  -5.000000E+00
          432   5.500000E+00   0.000000E+00  -5.000000E+00
          433   6.000000E+00   0.000000E+00  -5.000000E+00
          434   6.500000E+00   0.000000E+00  -5.000000E+00
          435   7.000000E+00   0.000000E+00  -5.000000E+00
          436   7.500000E+00   0.000000E+00  -5.000000E+00
          437   8.000000E+00   0.000000E+00  -5.000000E+00
          438   8.500000E+00   0.000000E+00  -5.000000E+00
          439   9.000000E+00   0.000000E+00  -5.000000E+00
          440   9.500000E+00   0.000000E+00  -5.000000E+00
          441   1.000000E+01   0.000000E+00  -5.000000E+00
    803  7.20000000E+03     NSTEP   TIME
 SURFACE NODE              X              Y  PRESSURE HEAD
            1   0.000000E+00   1.000000E+01  -5.000000E+00
            2   5.000000E-01   1.000000E+01  -5.000000E+00
            3   1.000000E+00   1.000000E+01  -5.000000E+00
            4   1.500000E+00   1.000000E+01  -5.000000E+00
            5   2.000000E+00   1.000000E+01  -5.000000E+00
            6   2.500000E+00   1.000000E+01  -5.000000E+00
            7   3.000000E+00   1.000000E+01  -5.000000E+00
            8   3.500000E+00   1.000000E+01  -5.000000E+00
            9   4.000000E+00   1.000000E+01  -5.000000E+00
           10   4.500000E+00   1.000000E+01  -5.000000E+00
           11   5.000000E+00   1.000000E+01  -5.000000E+00
           12   5.500000E+00   1.000000E+01  -5.000000E+00
           13   6.000000E+00   1.000000E+01  -5.000000E+00
           14   6.500000E+00   1.000000E+01  -5.000000E+00
           15   7.000000E+00   1.000000E+01  -5.000000E+00
           16   7.500000E+00   1.000000E+01  -5.000000E+00
           17   8.000000E+00   1.000000E+01  -5.000000E+00
           18   8.500000E+00   1.000000E+01  -5.000000E+00
           19   9.000000E+00   1.000000E+01  -5.000000E+00
           20   9.500000E+00   1.000000E+01  -5.000000E+00
           21   1.000000E+01   1.000000E+01  -5.000000E+00
           22   0.000000E+00   9.500000E+00  -5.000000E+00
           23   5.000000E-01   9.500000E+00  -5.000000E+00
           24   1.000000E+00   9.500000E+00  -5.000000E+00
           25   1.500000E+00   9.500000E+00  -5.000000E+00
           26   2.000000E+00   9.500000E+00  -5.000000E+00
           27   2.500000E+00   9.500000E+00  -5.000000E+00
           28   3.000000E+00   9.500000E+00  -5.000000E+00
           29   3.500000E+00   9.500000E+00  -5.000000E+00
           30   4.000000E+00   9.500000E+00  -5.000000E+00
           31   4.500000E+00   9.500000E+00  -5.000000E+00
           32   5.000000E+00   9.500000E+00  -5.000000E+00
           33   5.500000E+00   9.500000E+00  -5.000000E+00
           34   6.000000E+00   9.500000E+00  -5.000000E+00
           35   6.500000E+00   9.500000E+00  -5.000000E+00
           36   7.000000E+00   9.500000E+00  -5.000000E+00
           37   7.500000E+00   9.500000E+00  -5.000000E+00
           38   8.000000E+00   9.500000E+00  -5.000000E+00
           39   8.500000E+00   9.500000E+00  -5.000000E+00
           40   9.000000E+00   9.500000E+00  -5.000000E+00
           41   9.500000E+00   9.500000E+00  -5.000000E+00
           42   1.000000E+01   9.500000E+00  -5.000000E+00
           43   0.000000E+00   9.000000E+00  -5.000000E+00
           44   5.000000E-01   9.000000E+00  -5.000000E+00
           45   1.000000E+00   9.000000E+00  -5.000000E+00
           46   1.500000E+00   9.000000E+00  -5.000000E+00
           47   2.000000E+00   9.000000E+00  -5.000000E+00
           48   2.500000E+00   9.000000E+00  -5.000000E+00
           49   3.000000E+00   9.000000E+00  -5.000000E+00
           50   3.500000E+00   9.000000E+00  -5.000000E+00
           51   4.000000E+00   9.000000E+00  -5.000000E+00
           52   4.500000E+00   9.000000E+00  -5.000000E+00
           53   5.000000E+00   9.000000E+00  -5.000000E+00
           54   5.500000E+00   9.000000E+00  -5.000000E+00
           55   6.000000E+00   9.000000E+00  -5.000000E+00
           56   6.500000E+00   9.000000E+00  -5.000000E+00
           57   7.000000E+00   9.000000E+00  -5.000000E+00
           58   7.500000E+00   9.000000E+00  -5.000000E+00
           59   8.000000E+00   9.000000E+00  -5.000000E+00
           60   8.500000E+00   9.000000E+00  -5.000000E+00
           61   9.000000E+00   9.000000E+00  -5.000000E+00
           62   9.500000E+00   9.000000E+00  -5.000000E+00
           63   1.000000E+01   9.000000E+00  -5.000000E+00
           64   0.000000E+00   8.500000E+00  -5.000000E+00
           65   5.000000E-01   8.500000E+00  -5.000000E+00
           66   1.000000E+00   8.500000E+00  -5.000000E+00
           67   1.500000E+00   8.500000E+00  -5.000000E+00
           68   2.000000E+00   8.500000E+00  -5.000000E+00
           69   2.500000E+00   8.500000E+00  -5.000000E+00
           70   3.000000E+00   8.500000E+00  -5.000000E+00
           71   3.500000E+00   8.500000E+00  -5.000000E+00
           72   4.000000E+00   8.500000E+00  -5.000000E+00
           73   4.500000E+00   8.500000E+00  -5.000000E+00
           74   5.000000E+00   8.500000E+00  -5.000000E+00
           75   5.500000E+00   8.500000E+00  -5.000000E+00
           76   6.000000E+00   8.500000E+00  -5.000000E+00
           77   6.500000E+00   8.500000E+00  -5.000000E+00
           78   7.000000E+00   8.500000E+00  -5.000000E+00
           79   7.500000E+00   8.500000E+00  -5.000000E+00
           80   8.000000E+00   8.500000E+00  -5.000000E+00
           81   8.500000E+00   8.500000E+00  -5.000000E+00
           82   9.000000E+00   8.500000E+00  -5.000000E+00
           83   9.500000E+00   8.500000E+00  -5.000000E+00
           84   1.000000E+01   8.500000E+00  -5.000000E+00
           85   0.000000E+00   8.000000E+00  -5.000000E+00
           86   5.000000E-01   8.000000E+00  -5.000000E+00
           87   1.000000E+00   8.000000E+00  -5.000000E+00
           88   1.500000E+00   8.000000E+00  -5.000000E+00
           89   2.000000E+00   8.000000E+00  -5.000000E+00
           90   2.500000E+00   8.000000E+00  -5.000000E+00
           91   3.000000E+00   8.000000E+00  -5.000000E+00
           92   3.500000E+00   8.000000E+00  -5.000000E+00
           93   4.000000E+00   8.000000E+00  -5.000000E+00
           94   4.500000E+00   8.000000E+00  -5.000000E+00
           95   5.000000E+00   8.000000E+00  -5.000000E+00
           96   5.500000E+00   8.000000E+00  -5.000000E+00
           97   6.000000E+00   8.000000E+00  -5.000000E+00
           98   6.500000E+00   8.000000E+00  -5.000000E+00
           99   7.000000E+00   8.000000E+00  -5.000000E+00
          100   7.500000E+00   8.000000E+00  -5.000000E+00
          101   8.000000E+00   8.000000E+00  -5.000000E+00
          102   8.500000E+00   8.000000E+00  -5.000000E+00
          103   9.000000E+00   8.000000E+00  -5.000000E+00
          104   9.500000E+00   8.000000E+00  -5.000000E+00
          105   1.000000E+01   8.000000E+00  -5.000000E+00
          106   0.000000E+00   7.500000E+00  -5.000000E+00
          107   5.000000E-01   7.500000E+00  -5.000000E+00
          108   1.000000E+00   7.500000E+00  -5.000000E+00
          109   1.500000E+00   7.500000E+00  -5.000000E+00
          110   2.000000E+00   7.500000E+00  -5.000000E+00
          111   2.500000E+00   7.500000E+00  -5.000000E+00
          112   3.000000E+00   7.500000E+00  -5.000000E+00
          113   3.500000E+00   7.500000E+00  -5.000000E+00
          114   4.000000E+00   7.500000E+00  -5.000000E+00
          115   4.500000E+00   7.500000E+00  -5.000000E+00
          116   5.000000E+00   7.500000E+00  -5.000000E+00
          117   5.500000E+00   7.500000E+00  -5.000000E+00
          118   6.000000E+00   7.500000E+00  -5.000000E+00
          119   6.500000E+00   7.500000E+00  -5.000000E+00
          120   7.000000E+00   7.500000E+00  -5.000000E+00
          121   7.500000E+00   7.500000E+00  -5.000000E+00
          122   8.000000E+00   7.500000E+00  -5.000000E+00
          123   8.500000E+00   7.500000E+00  -5.000000E+00
          124   9.000000E+00   7.500000E+00  -5.000000E+00
          125   9.500000E+00   7.500000E+00  -5.000000E+00
          126   1.000000E+01   7.500000E+00  -5.000000E+00
          127   0.000000E+00   7.000000E+00  -5.000000E+00
          128   5.000000E-01   7.000000E+00  -5.000000E+00
          129   1.000000E+00   7.000000E+00  -5.000000E+00
          130   1.500000E+00   7.000000E+00  -5.000000E+00
          131   2.000000E+00   7.000000E+00  -5.000000E+00
          132   2.500000E+00   7.000000E+00  -5.000000E+00
          133   3.000000E+00   7.000000E+00  -5.000000E+00
          134   3.500000E+00   7.000000E+00  -5.000000E+00
          135   4.000000E+00   7.000000E+00  -5.000000E+00
          136   4.500000E+00   7.000000E+00  -5.000000E+00
          137   5.000000E+00   7.000000E+00  -5.000000E+00
          138   5.500000E+00   7.000000E+00  -5.000000E+00
          139   6.000000E+00   7.000000E+00  -5.000000E+00
          140   6.500000E+00   7.000000E+00  -5.000000E+00
          141   7.000000E+00   7.000000E+00  -5.000000E+00
          142   7.500000E+00   7.000000E+00  -5.000000E+00
          143   8.000000E+00   7.000000E+00  -5.000000E+00
          144   8.500000E+00   7.000000E+00  -5.000000E+00
          145   9.000000E+00   7.000000E+00  -5.000000E+00
          146   9.500000E+00   7.000000E+00  -5.000000E+00
          147   1.000000E+01   7.000000E+00  -5.000000E+00
          148   0.000000E+00   6.500000E+00  -5.000000E+00
          149   5.000000E-01   6.500000E+00  -5.000000E+00
          150   1.000000E+00   6.500000E+00  -5.000000E+00
          151   1.500000E+00   6.500000E+00  -5.000000E+00
          152   2.000000E+00   6.500000E+00  -5.000000E+00
          153   2.500000E+00   6.500000E+00  -5.000000E+00
          154   3.000000E+00   6.500000E+00  -5.000000E+00
          155   3.500000E+00   6.500000E+00  -5.000000E+00
          156   4.000000E+00   6.500000E+00  -5.000000E+00
          157   4.500000E+00   6.500000E+00  -5.000000E+00
          158   5.000000E+00   6.500000E+00  -5.000000E+00
          159   5.500000E+00   6.500000E+00  -5.000000E+00
          160   6.000000E+00   6.500000E+00  -5.000000E+00
          161   6.500000E+00   6.500000E+00  -5.000000E+00
          162   7.000000E+00   6.500000E+00  -5.000000E+00
          163   7.500000E+00   6.500000E+00  -5.000000E+00
          164   8.000000E+00   6.500000E+00  -5.000000E+00
          165   8.500000E+00   6.500000E+00  -5.000000E+00
          166   9.000000E+00   6.500000E+00  -5.000000E+00
          167   9.500000E+00   6.500000E+00  -5.000000E+00
          168   1.000000E+01   6.500000E+00  -5.000000E+00
          169   0.000000E+00   6.000000E+00  -5.000000E+00
          170   5.000000E-01   6.000000E+00  -5.000000E+00
          171   1.000000E+00   6.000000E+00  -5.000000E+00
          172   1.500000E+00   6.000000E+00  -5.000000E+00
          173   2.000000E+00   6.000000E+00  -5.000000E+00
          174   2.500000E+00   6.000000E+00  -5.000000E+00
          175   3.000000E+00   6.000000E+00  -5.000000E+00
          176   3.500000E+00   6.000000E+00  -5.000000E+00
          177   4.000000E+00   6.000000E+00  -5.000000E+00
          178   4.500000E+00   6.000000E+00  -5.000000E+00
          179   5.000000E+00   6.000000E+00  -5.000000E+00
          180   5.500000E+00   6.000000E+00  -5.000000E+00
          181   6.000000E+00   6.000000E+00  -5.000000E+00
          182   6.500000E+00   6.000000E+00  -5.000000E+00
          183   7.000000E+00   6.000000E+00  -5.000000E+00
          184   7.500000E+00   6.000000E+00  -5.000000E+00
          185   8.000000E+00   6.000000E+00  -5.000000E+00
          186   8.500000E+00   6.000000E+00  -5.000000E+00
          187   9.000000E+00   6.000000E+00  -5.000000E+00
          188   9.500000E+00   6.000000E+00  -5.000000E+00
          189   1.000000E+01   6.000000E+00  -5.000000E+00
          190   0.000000E+00   5.500000E+00  -5.000000E+00
          191   5.000000E-01   5.500000E+00  -5.000000E+00
          192   1.000000E+00   5.500000E+00  -5.000000E+00
          193   1.500000E+00   5.500000E+00  -5.000000E+00
          194   2.000000E+00   5.500000E+00  -5.000000E+00
          195   2.500000E+00   5.500000E+00  -5.000000E+00
          196   3.000000E+00   5.500000E+00  -5.000000E+00
          197   3.500000E+00   5.500000E+00  -5.000000E+00
          198   4.000000E+00   5.500000E+00  -5.000000E+00
          199   4.500000E+00   5.500000E+00  -5.000000E+00
          200   5.000000E+00   5.500000E+00  -5.000000E+00
          201   5.500000E+00   5.500000E+00  -5.000000E+00
          202   6.000000E+00   5.500000E+00  -5.000000E+00
          203   6.500000E+00   5.500000E+00  -5.000000E+00
          204   7.000000E+00   5.500000E+00  -5.000000E+00
          205   7.500000E+00   5.500000E+00  -5.000000E+00
          206   8.000000E+00   5.500000E+00  -5.000000E+00
          207   8.500000E+00   5.500000E+00  -5.000000E+00
          208   9.000000E+00   5.500000E+00  -5.000000E+00
          209   9.500000E+00   5.500000E+00  -5.000000E+00
          210   1.000000E+01   5.500000E+00  -5.000000E+00
          211   0.000000E+00   5.000000E+00  -5.000000E+00
          212   5.000000E-01   5.000000E+00  -5.000000E+00
          213   1.000000E+00   5.000000E+00  -5.000000E+00
          214   1.500000E+00   5.000000E+00  -5.000000E+00
          215   2.000000E+00   5.000000E+00  -5.000000E+00
          216   2.500000E+00   5.000000E+00  -5.000000E+00
          217   3.000000E+00   5.000000E+00  -5.000000E+00
          218   3.500000E+00   5.000000E+00  -5.000000E+00
          219   4.000000E+00   5.000000E+00  -5.000000E+00
          220   4.500000E+00   5.000000E+00  -5.000000E+00
          221   5.000000E+00   5.000000E+00  -5.000000E+00
          222   5.500000E+00   5.000000E+00  -5.000000E+00
          223   6.000000E+00   5.000000E+00  -5.000000E+00
          224   6.500000E+00   5.000000E+00  -5.000000E+00
          225   7.000000E+00   5.000000E+00  -5.000000E+00
          226   7.500000E+00   5.000000E+00  -5.000000E+00
          227   8.000000E+00   5.000000E+00  -5.000000E+00
          228   8.500000E+00   5.000000E+00  -5.000000E+00
          229   9.000000E+00   5.000000E+00  -5.000000E+00
          230   9.500000E+00   5.000000E+00  -5.000000E+00
          231   1.000000E+01   5.000000E+00  -5.000000E+00
          232   0.000000E+00   4.500000E+00  -5.000000E+00
          233   5.000000E-01   4.500000E+00  -5.000000E+00
          234   1.000000E+00   4.500000E+00  -5.000000E+00
          235   1.500000E+00   4.500000E+00  -5.000000E+00
          236   2.000000E+00   4.500000E+00  -5.000000E+00
          237   2.500000E+00   4.500000E+00  -5.000000E+00
          238   3.000000E+00   4.500000E+00  -5.000000E+00
          239   3.500000E+00   4.500000E+00  -5.000000E+00
          240   4.000000E+00   4.500000E+00  -5.000000E+00
          241   4.500000E+00   4.500000E+00  -5.000000E+00
          242   5.000000E+00   4.500000E+00  -5.000000E+00
          243   5.500000E+00   4.500000E+00  -5.000000E+00
          244   6.000000E+00   4.500000E+00  -5.000000E+00
          245   6.500000E+00   4.500000E+00  -5.000000E+00
          246   7.000000E+00   4.500000E+00  -5.000000E+00
          247   7.500000E+00   4.500000E+00  -5.000000E+00
          248   8.000000E+00   4.500000E+00  -5.000000E+00
          249   8.500000E+00   4.500000E+00  -5.000000E+00
          250   9.000000E+00   4.500000E+00  -5.000000E+00
          251   9.500000E+00   4.500000E+00  -5.000000E+00
          252   1.000000E+01   4.500000E+00  -5.000000E+00
          253   0.000000E+00   4.000000E+00  -5.000000E+00
          254   5.000000E-01   4.000000E+00  -5.000000E+00
          255   1.000000E+00   4.000000E+00  -5.000000E+00
          256   1.500000E+00   4.000000E+00  -5.000000E+00
          257   2.000000E+00   4.000000E+00  -5.000000E+00
          258   2.500000E+00   4.000000E+00  -5.000000E+00
          259   3.000000E+00   4.000000E+00  -5.000000E+00
          260   3.500000E+00   4.000000E+00  -5.000000E+00
          261   4.000000E+00   4.000000E+00  -5.000000E+00
          262   4.500000E+00   4.000000E+00  -5.000000E+00
          263   5.000000E+00   4.000000E+00  -5.000000E+00
          264   5.500000E+00   4.000000E+00  -5.000000E+00
          265   6.000000E+00   4.000000E+00  -5.000000E+00
          266   6.500000E+00   4.000000E+00  -5.000000E+00
          267   7.000000E+00   4.000000E+00  -5.000000E+00
          268   7.500000E+00   4.000000E+00  -5.000000E+00
          269   8.000000E+00   4.000000E+00  -5.000000E+00
          270   8.500000E+00   4.000000E+00  -5.000000E+00
          271   9.000000E+00   4.000000E+00  -5.000000E+00
          272   9.500000E+00   4.000000E+00  -5.000000E+00
          273   1.000000E+01   4.000000E+00  -5.000000E+00
          274   0.000000E+00   3.500000E+00  -5.000000E+00
          275   5.000000E-01   3.500000E+00  -5.000000E+00
          276   1.000000E+00   3.500000E+00  -5.000000E+00
          277   1.500000E+00   3.500000E+00  -5.000000E+00
          278   2.000000E+00   3.500000E+00  -5.000000E+00
          279   2.500000E+00   3.500000E+00  -5.000000E+00
          280   3.000000E+00   3.500000E+00  -5.000000E+00
          281   3.500000E+00   3.500000E+00  -5.000000E+00
          282   4.000000E+00   3.500000E+00  -5.000000E+00
          283   4.500000E+00   3.500000E+00  -5.000000E+00
          284   5.000000E+00   3.500000E+00  -5.000000E+00
          285   5.500000E+00   3.500000E+00  -5.000000E+00
          286   6.000000E+00   3.500000E+00  -5.000000E+00
          287   6.500000E+00   3.500000E+00  -5.000000E+00
          288   7.000000E+00   3.500000E+00  -5.000000E+00
          289   7.500000E+00   3.500000E+00  -5.000000E+00
          290   8.000000E+00   3.500000E+00  -5.000000E+00
          291   8.500000E+00   3.500000E+00  -5.000000E+00
          292   9.000000E+00   3.500000E+00  -5.000000E+00
          293   9.500000E+00   3.500000E+00  -5.000000E+00
          294   1.000000E+01   3.500000E+00  -5.000000E+00
          295   0.000000E+00   3.000000E+00  -5.000000E+00
          296   5.000000E-01   3.000000E+00  -5.000000E+00
          297   1.000000E+00   3.000000E+00  -5.000000E+00
          298   1.500000E+00   3.000000E+00  -5.000000E+00
          299   2.000000E+00   3.000000E+00  -5.000000E+00
          300   2.500000E+00   3.000000E+00  -5.000000E+00
          301   3.000000E+00   3.000000E+00  -5.000000E+00
          302   3.500000E+00   3.000000E+00  -5.000000E+00
          303   4.000000E+00   3.000000E+00  -5.000000E+00
          304   4.500000E+00   3.000000E+00  -5.000000E+00
          305   5.000000E+00   3.000000E+00  -5.000000E+00
          306   5.500000E+00   3.000000E+00  -5.000000E+00
          307   6.000000E+00   3.000000E+00  -5.000000E+00
          308   6.500000E+00   3.000000E+00  -5.000000E+00
          309   7.000000E+00   3.000000E+00  -5.000000E+00
          310   7.500000E+00   3.000000E+00  -5.000000E+00
          311   8.000000E+00   3.000000E+00  -5.000000E+00
          312   8.500000E+00   3.000000E+00  -5.000000E+00
          313   9.000000E+00   3.000000E+00  -5.000000E+00
          314   9.500000E+00   3.000000E+00  -5.000000E+00
          315   1.000000E+01   3.000000E+00  -5.000000E+00
          316   0.000000E+00   2.500000E+00  -5.000000E+00
          317   5.000000E-01   2.500000E+00  -5.000000E+00
          318   1.000000E+00   2.500000E+00  -5.000000E+00
          319   1.500000E+00   2.500000E+00  -5.000000E+00
          320   2.000000E+00   2.500000E+00  -5.000000E+00
          321   2.500000E+00   2.500000E+00  -5.000000E+00
          322   3.000000E+00   2.500000E+00  -5.000000E+00
          323   3.500000E+00   2.500000E+00  -5.000000E+00
          324   4.000000E+00   2.500000E+00  -5.000000E+00
          325   4.500000E+00   2.500000E+00  -5.000000E+00
          326   5.000000E+00   2.500000E+00  -5.000000E+00
          327   5.500000E+00   2.500000E+00  -5.000000E+00
          328   6.000000E+00   2.500000E+00  -5.000000E+00
          329   6.500000E+00   2.500000E+00  -5.000000E+00
          330   7.000000E+00   2.500000E+00  -5.000000E+00
          331   7.500000E+00   2.500000E+00  -5.000000E+00
          332   8.000000E+00   2.500000E+00  -5.000000E+00
          333   8.500000E+00   2.500000E+00  -5.000000E+00
          334   9.000000E+00   2.500000E+00  -5.000000E+00
          335   9.500000E+00   2.500000E+00  -5.000000E+00
          336   1.000000E+01   2.500000E+00  -5.000000E+00
          337   0.000000E+00   2.000000E+00  -5.000000E+00
          338   5.000000E-01   2.000000E+00  -5.000000E+00
          339   1.000000E+00   2.000000E+00  -5.000000E+00
          340   1.500000E+00   2.000000E+00  -5.000000E+00
          341   2.000000E+00   2.000000E+00  -5.000000E+00
          342   2.500000E+00   2.000000E+00  -5.000000E+00
          343   3.000000E+00   2.000000E+00  -5.000000E+00
          344   3.500000E+00   2.000000E+00  -5.000000E+00
          345   4.000000E+00   2.000000E+00  -5.000000E+00
          346   4.500000E+00   2.000000E+00  -5.000000E+00
          347   5.000000E+00   2.000000E+00  -5.000000E+00
          348   5.500000E+00   2.000000E+00  -5.000000E+00
          349   6.000000E+00   2.000000E+00  -5.000000E+00
          350   6.500000E+00   2.000000E+00  -5.000000E+00
          351   7.000000E+00   2.000000E+00  -5.000000E+00
          352   7.500000E+00   2.000000E+00  -5.000000E+00
          353   8.000000E+00   2.000000E+00  -5.000000E+00
          354   8.500000E+00   2.000000E+00  -5.000000E+00
          355   9.000000E+00   2.000000E+00  -5.000000E+00
          356   9.500000E+00   2.000000E+00  -5.000000E+00
          357   1.000000E+01   2.000000E+00  -5.000000E+00
          358   0.000000E+00   1.500000E+00  -5.000000E+00
          359   5.000000E-01   1.500000E+00  -5.000000E+00
          360   1.000000E+00   1.500000E+00  -5.000000E+00
          361   1.500000E+00   1.500000E+00  -5.000000E+00
          362   2.000000E+00   1.500000E+00  -5.000000E+00
          363   2.500000E+00   1.500000E+00  -5.000000E+00
          364   3.000000E+00   1.500000E+00  -5.000000E+00
          365   3.500000E+00   1.500000E+00  -5.000000E+00
          366   4.000000E+00   1.500000E+00  -5.000000E+00
          367   4.500000E+00   1.500000E+00  -5.000000E+00
          368   5.000000E+00   1.500000E+00  -5.000000E+00
          369   5.500000E+00   1.500000E+00  -5.000000E+00
          370   6.000000E+00   1.500000E+00  -5.000000E+00
          371   6.500000E+00   1.500000E+00  -5.000000E+00
          372   7.000000E+00   1.500000E+00  -5.000000E+00
          373   7.500000E+00   1.500000E+00  -5.000000E+00
          374   8.000000E+00   1.500000E+00  -5.000000E+00
          375   8.500000E+00   1.500000E+00  -5.000000E+00
          376   9.000000E+00   1.500000E+00  -5.000000E+00
          377   9.500000E+00   1.500000E+00  -5.000000E+00
          378   1.000000E+01   1.500000E+00  -5.000000E+00
          379   0.000000E+00   1.000000E+00  -5.000000E+00
          380   5.000000E-01   1.000000E+00  -5.000000E+00
          381   1.000000E+00   1.000000E+00  -5.000000E+00
          382   1.500000E+00   1.000000E+00  -5.000000E+00
          383   2.000000E+00   1.000000E+00  -5.000000E+00
          384   2.500000E+00   1.000000E+00  -5.000000E+00
          385   3.000000E+00   1.000000E+00  -5.000000E+00
          386   3.500000E+00   1.000000E+00  -5.000000E+00
          387   4.000000E+00   1.000000E+00  -5.000000E+00
          388   4.500000E+00   1.000000E+00  -5.000000E+00
          389   5.000000E+00   1.000000E+00  -5.000000E+00
          390   5.500000E+00   1.000000E+00  -5.000000E+00
          391   6.000000E+00   1.000000E+00  -5.000000E+00
          392   6.500000E+00   1.000000E+00  -5.000000E+00
          393   7.000000E+00   1.000000E+00  -5.000000E+00
          394   7.500000E+00   1.000000E+00  -5.000000E+00
          395   8.000000E+00   1.000000E+00  -5.000000E+00
          396   8.500000E+00   1.000000E+00  -5.000000E+00
          397   9.000000E+00   1.000000E+00  -5.000000E+00
          398   9.500000E+00   1.000000E+00  -5.000000E+00
          399   1.000000E+01   1.000000E+00  -5.000000E+00
          400   0.000000E+00   5.000000E-01  -5.000000E+00
          401   5.000000E-01   5.000000E-01  -5.000000E+00
          402   1.000000E+00   5.000000E-01  -5.000000E+00
          403   1.500000E+00   5.000000E-01  -5.000000E+00
          404   2.000000E+00   5.000000E-01  -5.000000E+00
          405   2.500000E+00   5.000000E-01  -5.000000E+00
          406   3.000000E+00   5.000000E-01  -5.000000E+00
          407   3.500000E+00   5.000000E-01  -5.000000E+00
          408   4.000000E+00   5.000000E-01  -5.000000E+00
          409   4.500000E+00   5.000000E-01  -5.000000E+00
          410   5.000000E+00   5.000000E-01  -5.000000E+00
          411   5.500000E+00   5.000000E-01  -5.000000E+00
          412   6.000000E+00   5.000000E-01  -5.000000E+00
          413   6.500000E+00   5.000000E-01  -5.000000E+00
          414   7.000000E+00   5.000000E-01  -5.000000E+00
          415   7.500000E+00   5.000000E-01  -5.000000E+00
          416   8.000000E+00   5.000000E-01  -5.000000E+00
          417   8.500000E+00   5.000000E-01  -5.000000E+00
          418   9.000000E+00   5.000000E-01  -5.000000E+00
          419   9.500000E+00   5.000000E-01  -5.000000E+00
          420   1.000000E+01   5.000000E-01  -5.000000E+00
          421   0.000000E+00   0.000000E+00  -5.000000E+00
          422   5.000000E-01   0.000000E+00  -5.000000E+00
          423   1.000000E+00   0.000000E+00  -5.000000E+00
          424   1.500000E+00   0.000000E+00  -5.000000E+00
          425   2.000000E+00   0.000000E+00  -5.000000E+00
          426   2.500000E+00   0.000000E+00  -5.000000E+00
          427   3.000000E+00   0.000000E+00  -5.000000E+00
          428   3.500000E+00   0.000000E+00  -5.000000E+00
          429   4.000000E+00   0.000000E+00  -5.000000E+00
          430   4.500000E+00   0.000000E+00  -5.000000E+00
          431   5.000000E+00   0.000000E+00  -5.000000E+00
          432   5.500000E+00   0.000000E+00  -5.000000E+00
          433   6.000000E+00   0.000000E+00  -5.000000E+00
          434   6.500000E+00   0.000000E+00  -5.000000E+00
          435   7.000000E+00   0.000000E+00  -5.000000E+00
          436   7.500000E+00   0.000000E+00  -5.000000E+00
          437   8.000000E+00   0.000000E+00  -5.000000E+00
          438   8.500000E+00   0.000000E+00  -5.000000E+00
          439   9.000000E+00   0.000000E+00  -5.000000E+00
          440   9.500000E+00   0.000000E+00  -5.000000E+00
          441   1.000000E+01   0.000000E+00  -5.000000E+00
    803  7.20000000E+03     NSTEP   TIME
 SURFACE NODE              X              Y  PRESSURE HEAD
            1   0.000000E+00   1.000000E+01  -5.000000E+00
            2   5.000000E-01   1.000000E+01  -5.000000E+00
            3   1.000000E+00   1.000000E+01  -5.000000E+00
            4   1.500000E+00   1.000000E+01  -5.000000E+00
            5   2.000000E+00   1.000000E+01  -5.000000E+00
            6   2.500000E+00   1.000000E+01  -5.000000E+00
            7   3.000000E+00   1.000000E+01  -5.000000E+00
            8   3.500000E+00   1.000000E+01  -5.000000E+00
            9   4.000000E+00   1.000000E+01  -5.000000E+00
           10   4.500000E+00   1.000000E+01  -5.000000E+00
           11   5.000000E+00   1.000000E+01  -5.000000E+00
           12   5.500000E+00   1.000000E+01  -5.000000E+00
           13   6.000000E+00   1.000000E+01  -5.000000E+00
           14   6.500000E+00   1.000000E+01  -5.000000E+00
           15   7.000000E+00   1.000000E+01  -5.000000E+00
           16   7.500000E+00   1.000000E+01  -5.000000E+00
           17   8.000000E+00   1.000000E+01  -5.000000E+00
           18   8.500000E+00   1.000000E+01  -5.000000E+00
           19   9.000000E+00   1.000000E+01  -5.000000E+00
           20   9.500000E+00   1.000000E+01  -5.000000E+00
           21   1.000000E+01   1.000000E+01  -5.000000E+00
           22   0.000000E+00   9.500000E+00  -5.000000E+00
           23   5.000000E-01   9.500000E+00  -5.000000E+00
           24   1.000000E+00   9.500000E+00  -5.000000E+00
           25   1.500000E+00   9.500000E+00  -5.000000E+00
           26   2.000000E+00   9.500000E+00  -5.000000E+00
           27   2.500000E+00   9.500000E+00  -5.000000E+00
           28   3.000000E+00   9.500000E+00  -5.000000E+00
           29   3.500000E+00   9.500000E+00  -5.000000E+00
           30   4.000000E+00   9.500000E+00  -5.000000E+00
           31   4.500000E+00   9.500000E+00  -5.000000E+00
           32   5.000000E+00   9.500000E+00  -5.000000E+00
           33   5.500000E+00   9.500000E+00  -5.000000E+00
           34   6.000000E+00   9.500000E+00  -5.000000E+00
           35   6.500000E+00   9.500000E+00  -5.000000E+00
           36   7.000000E+00   9.500000E+00  -5.000000E+00
           37   7.500000E+00   9.500000E+00  -5.000000E+00
           38   8.000000E+00   9.500000E+00  -5.000000E+00
           39   8.500000E+00   9.500000E+00  -5.000000E+00
           40   9.000000E+00   9.500000E+00  -5.000000E+00
           41   9.500000E+00   9.500000E+00  -5.000000E+00
           42   1.000000E+01   9.500000E+00  -5.000000E+00
           43   0.000000E+00   9.000000E+00  -5.000000E+00
           44   5.000000E-01   9.000000E+00  -5.000000E+00
           45   1.000000E+00   9.000000E+00  -5.000000E+00
           46   1.500000E+00   9.000000E+00  -5.000000E+00
           47   2.000000E+00   9.000000E+00  -5.000000E+00
           48   2.500000E+00   9.000000E+00  -5.000000E+00
           49   3.000000E+00   9.000000E+00  -5.000000E+00
           50   3.500000E+00   9.000000E+00  -5.000000E+00
           51   4.000000E+00   9.000000E+00  -5.000000E+00
           52   4.500000E+00   9.000000E+00  -5.000000E+00
           53   5.000000E+00   9.000000E+00  -5.000000E+00
           54   5.500000E+00   9.000000E+00  -5.000000E+00
           55   6.000000E+00   9.000000E+00  -5.000000E+00
           56   6.500000E+00   9.000000E+00  -5.000000E+00
           57   7.000000E+00   9.000000E+00  -5.000000E+00
           58   7.500000E+00   9.000000E+00  -5.000000E+00
           59   8.000000E+00   9.000000E+00  -5.000000E+00
           60   8.500000E+00   9.000000E+00  -5.000000E+00
           61   9.000000E+00   9.000000E+00  -5.000000E+00
           62   9.500000E+00   9.000000E+00  -5.000000E+00
           63   1.000000E+01   9.000000E+00  -5.000000E+00
           64   0.000000E+00   8.500000E+00  -5.000000E+00
           65   5.000000E-01   8.500000E+00  -5.000000E+00
           66   1.000000E+00   8.500000E+00  -5.000000E+00
           67   1.500000E+00   8.500000E+00  -5.000000E+00
           68   2.000000E+00   8.500000E+00  -5.000000E+00
           69   2.500000E+00   8.500000E+00  -5.000000E+00
           70   3.000000E+00   8.500000E+00  -5.000000E+00
           71   3.500000E+00   8.500000E+00  -5.000000E+00
           72   4.000000E+00   8.500000E+00  -5.000000E+00
           73   4.500000E+00   8.500000E+00  -5.000000E+00
           74   5.000000E+00   8.500000E+00  -5.000000E+00
           75   5.500000E+00   8.500000E+00  -5.000000E+00
           76   6.000000E+00   8.500000E+00  -5.000000E+00
           77   6.500000E+00   8.500000E+00  -5.000000E+00
           78   7.000000E+00   8.500000E+00  -5.000000E+00
           79   7.500000E+00   8.500000E+00  -5.000000E+00
           80   8.000000E+00   8.500000E+00  -5.000000E+00
           81   8.500000E+00   8.500000E+00  -5.000000E+00
           82   9.000000E+00   8.500000E+00  -5.000000E+00
           83   9.500000E+00   8.500000E+00  -5.000000E+00
           84   1.000000E+01   8.500000E+00  -5.000000E+00
           85   0.000000E+00   8.000000E+00  -5.000000E+00
           86   5.000000E-01   8.000000E+00  -5.000000E+00
           87   1.000000E+00   8.000000E+00  -5.000000E+00
           88   1.500000E+00   8.000000E+00  -5.000000E+00
           89   2.000000E+00   8.000000E+00  -5.000000E+00
           90   2.500000E+00   8.000000E+00  -5.000000E+00
           91   3.000000E+00   8.000000E+00  -5.000000E+00
           92   3.500000E+00   8.000000E+00  -5.000000E+00
           93   4.000000E+00   8.000000E+00  -5.000000E+00
           94   4.500000E+00   8.000000E+00  -5.000000E+00
           95   5.000000E+00   8.000000E+00  -5.000000E+00
           96   5.500000E+00   8.000000E+00  -5.000000E+00
           97   6.000000E+00   8.000000E+00  -5.000000E+00
           98   6.500000E+00   8.000000E+00  -5.000000E+00
           99   7.000000E+00   8.000000E+00  -5.000000E+00
          100   7.500000E+00   8.000000E+00  -5.000000E+00
          101   8.000000E+00   8.000000E+00  -5.000000E+00
          102   8.500000E+00   8.000000E+00  -5.000000E+00
          103   9.000000E+00   8.000000E+00  -5.000000E+00
          104   9.500000E+00   8.000000E+00  -5.000000E+00
          105   1.000000E+01   8.000000E+00  -5.000000E+00
          106   0.000000E+00   7.500000E+00  -5.000000E+00
          107   5.000000E-01   7.500000E+00  -5.000000E+00
          108   1.000000E+00   7.500000E+00  -5.000000E+00
          109   1.500000E+00   7.500000E+00  -5.000000E+00
          110   2.000000E+00   7.500000E+00  -5.000000E+00
          111   2.500000E+00   7.500000E+00  -5.000000E+00
          112   3.000000E+00   7.500000E+00  -5.000000E+00
          113   3.500000E+00   7.500000E+00  -5.000000E+00
          114   4.000000E+00   7.500000E+00  -5.000000E+00
          115   4.500000E+00   7.500000E+00  -5.000000E+00
          116   5.000000E+00   7.500000E+00  -5.000000E+00
          117   5.500000E+00   7.500000E+00  -5.000000E+00
          118   6.000000E+00   7.500000E+00  -5.000000E+00
          119   6.500000E+00   7.500000E+00  -5.000000E+00
          120   7.000000E+00   7.500000E+00  -5.000000E+00
          121   7.500000E+00   7.500000E+00  -5.000000E+00
          122   8.000000E+00   7.500000E+00  -5.000000E+00
          123   8.500000E+00   7.500000E+00  -5.000000E+00
          124   9.000000E+00   7.500000E+00  -5.000000E+00
          125   9.500000E+00   7.500000E+00  -5.000000E+00
          126   1.000000E+01   7.500000E+00  -5.000000E+00
          127   0.000000E+00   7.000000E+00  -5.000000E+00
          128   5.000000E-01   7.000000E+00  -5.000000E+00
          129   1.000000E+00   7.000000E+00  -5.000000E+00
          130   1.500000E+00   7.000000E+00  -5.000000E+00
          131   2.000000E+00   7.000000E+00  -5.000000E+00
          132   2.500000E+00   7.000000E+00  -5.000000E+00
          133   3.000000E+00   7.000000E+00  -5.000000E+00
          134   3.500000E+00   7.000000E+00  -5.000000E+00
          135   4.000000E+00   7.000000E+00  -5.000000E+00
          136   4.500000E+00   7.000000E+00  -5.000000E+00
          137   5.000000E+00   7.000000E+00  -5.000000E+00
          138   5.500000E+00   7.000000E+00  -5.000000E+00
          139   6.000000E+00   7.000000E+00  -5.000000E+00
          140   6.500000E+00   7.000000E+00  -5.000000E+00
          141   7.000000E+00   7.000000E+00  -5.000000E+00
          142   7.500000E+00   7.000000E+00  -5.000000E+00
          143   8.000000E+00   7.000000E+00  -5.000000E+00
          144   8.500000E+00   7.000000E+00  -5.000000E+00
          145   9.000000E+00   7.000000E+00  -5.000000E+00
          146   9.500000E+00   7.000000E+00  -5.000000E+00
          147   1.000000E+01   7.000000E+00  -5.000000E+00
          148   0.000000E+00   6.500000E+00  -5.000000E+00
          149   5.000000E-01   6.500000E+00  -5.000000E+00
          150   1.000000E+00   6.500000E+00  -5.000000E+00
          151   1.500000E+00   6.500000E+00  -5.000000E+00
          152   2.000000E+00   6.500000E+00  -5.000000E+00
          153   2.500000E+00   6.500000E+00  -5.000000E+00
          154   3.000000E+00   6.500000E+00  -5.000000E+00
          155   3.500000E+00   6.500000E+00  -5.000000E+00
          156   4.000000E+00   6.500000E+00  -5.000000E+00
          157   4.500000E+00   6.500000E+00  -5.000000E+00
          158   5.000000E+00   6.500000E+00  -5.000000E+00
          159   5.500000E+00   6.500000E+00  -5.000000E+00
          160   6.000000E+00   6.500000E+00  -5.000000E+00
          161   6.500000E+00   6.500000E+00  -5.000000E+00
          162   7.000000E+00   6.500000E+00  -5.000000E+00
          163   7.500000E+00   6.500000E+00  -5.000000E+00
          164   8.000000E+00   6.500000E+00  -5.000000E+00
          165   8.500000E+00   6.500000E+00  -5.000000E+00
          166   9.000000E+00   6.500000E+00  -5.000000E+00
          167   9.500000E+00   6.500000E+00  -5.000000E+00
          168   1.000000E+01   6.500000E+00  -5.000000E+00
          169   0.000000E+00   6.000000E+00  -5.000000E+00
          170   5.000000E-01   6.000000E+00  -5.000000E+00
          171   1.000000E+00   6.000000E+00  -5.000000E+00
          172   1.500000E+00   6.000000E+00  -5.000000E+00
          173   2.000000E+00   6.000000E+00  -5.000000E+00
          174   2.500000E+00   6.000000E+00  -5.000000E+00
          175   3.000000E+00   6.000000E+00  -5.000000E+00
          176   3.500000E+00   6.000000E+00  -5.000000E+00
          177   4.000000E+00   6.000000E+00  -5.000000E+00
          178   4.500000E+00   6.000000E+00  -5.000000E+00
          179   5.000000E+00   6.000000E+00  -5.000000E+00
          180   5.500000E+00   6.000000E+00  -5.000000E+00
          181   6.000000E+00   6.000000E+00  -5.000000E+00
          182   6.500000E+00   6.000000E+00  -5.000000E+00
          183   7.000000E+00   6.000000E+00  -5.000000E+00
          184   7.500000E+00   6.000000E+00  -5.000000E+00
          185   8.000000E+00   6.000000E+00  -5.000000E+00
          186   8.500000E+00   6.000000E+00  -5.000000E+00
          187   9.000000E+00   6.000000E+00  -5.000000E+00
          188   9.500000E+00   6.000000E+00  -5.000000E+00
          189   1.000000E+01   6.000000E+00  -5.000000E+00
          190   0.000000E+00   5.500000E+00  -5.000000E+00
          191   5.000000E-01   5.500000E+00  -5.000000E+00
          192   1.000000E+00   5.500000E+00  -5.000000E+00
          193   1.500000E+00   5.500000E+00  -5.000000E+00
          194   2.000000E+00   5.500000E+00  -5.000000E+00
          195   2.500000E+00   5.500000E+00  -5.000000E+00
          196   3.000000E+00   5.500000E+00  -5.000000E+00
          197   3.500000E+00   5.500000E+00  -5.000000E+00
          198   4.000000E+00   5.500000E+00  -5.000000E+00
          199   4.500000E+00   5.500000E+00  -5.000000E+00
          200   5.000000E+00   5.500000E+00  -5.000000E+00
          201   5.500000E+00   5.500000E+00  -5.000000E+00
          202   6.000000E+00   5.500000E+00  -5.000000E+00
          203   6.500000E+00   5.500000E+00  -5.000000E+00
          204   7.000000E+00   5.500000E+00  -5.000000E+00
          205   7.500000E+00   5.500000E+00  -5.000000E+00
          206   8.000000E+00   5.500000E+00  -5.000000E+00
          207   8.500000E+00   5.500000E+00  -5.000000E+00
          208   9.000000E+00   5.500000E+00  -5.000000E+00
          209   9.500000E+00   5.500000E+00  -5.000000E+00
          210   1.000000E+01   5.500000E+00  -5.000000E+00
          211   0.000000E+00   5.000000E+00  -5.000000E+00
          212   5.000000E-01   5.000000E+00  -5.000000E+00
          213   1.000000E+00   5.000000E+00  -5.000000E+00
          214   1.500000E+00   5.000000E+00  -5.000000E+00
          215   2.000000E+00   5.000000E+00  -5.000000E+00
          216   2.500000E+00   5.000000E+00  -5.000000E+00
          217   3.000000E+00   5.000000E+00  -5.000000E+00
          218   3.500000E+00   5.000000E+00  -5.000000E+00
          219   4.000000E+00   5.000000E+00  -5.000000E+00
          220   4.500000E+00   5.000000E+00  -5.000000E+00
          221   5.000000E+00   5.000000E+00  -5.000000E+00
          222   5.500000E+00   5.000000E+00  -5.000000E+00
          223   6.000000E+00   5.000000E+00  -5.000000E+00
          224   6.500000E+00   5.000000E+00  -5.000000E+00
          225   7.000000E+00   5.000000E+00  -5.000000E+00
          226   7.500000E+00   5.000000E+00  -5.000000E+00
          227   8.000000E+00   5.000000E+00  -5.000000E+00
          228   8.500000E+00   5.000000E+00  -5.000000E+00
          229   9.000000E+00   5.000000E+00  -5.000000E+00
          230   9.500000E+00   5.000000E+00  -5.000000E+00
          231   1.000000E+01   5.000000E+00  -5.000000E+00
          232   0.000000E+00   4.500000E+00  -5.000000E+00
          233   5.000000E-01   4.500000E+00  -5.000000E+00
          234   1.000000E+00   4.500000E+00  -5.000000E+00
          235   1.500000E+00   4.500000E+00  -5.000000E+00
          236   2.000000E+00   4.500000E+00  -5.000000E+00
          237   2.500000E+00   4.500000E+00  -5.000000E+00
          238   3.000000E+00   4.500000E+00  -5.000000E+00
          239   3.500000E+00   4.500000E+00  -5.000000E+00
          240   4.000000E+00   4.500000E+00  -5.000000E+00
          241   4.500000E+00   4.500000E+00  -5.000000E+00
          242   5.000000E+00   4.500000E+00  -5.000000E+00
          243   5.500000E+00   4.500000E+00  -5.000000E+00
          244   6.000000E+00   4.500000E+00  -5.000000E+00
          245   6.500000E+00   4.500000E+00  -5.000000E+00
          246   7.000000E+00   4.500000E+00  -5.000000E+00
          247   7.500000E+00   4.500000E+00  -5.000000E+00
          248   8.000000E+00   4.500000E+00  -5.000000E+00
          249   8.500000E+00   4.500000E+00  -5.000000E+00
          250   9.000000E+00   4.500000E+00  -5.000000E+00
          251   9.500000E+00   4.500000E+00  -5.000000E+00
          252   1.000000E+01   4.500000E+00  -5.000000E+00
          253   0.000000E+00   4.000000E+00  -5.000000E+00
          254   5.000000E-01   4.000000E+00  -5.000000E+00
          255   1.000000E+00   4.000000E+00  -5.000000E+00
          256   1.500000E+00   4.000000E+00  -5.000000E+00
          257   2.000000E+00   4.000000E+00  -5.000000E+00
          258   2.500000E+00   4.000000E+00  -5.000000E+00
          259   3.000000E+00   4.000000E+00  -5.000000E+00
          260   3.500000E+00   4.000000E+00  -5.000000E+00
          261   4.000000E+00   4.000000E+00  -5.000000E+00
          262   4.500000E+00   4.000000E+00  -5.000000E+00
          263   5.000000E+00   4.000000E+00  -5.000000E+00
          264   5.500000E+00   4.000000E+00  -5.000000E+00
          265   6.000000E+00   4.000000E+00  -5.000000E+00
          266   6.500000E+00   4.000000E+00  -5.000000E+00
          267   7.000000E+00   4.000000E+00  -5.000000E+00
          268   7.500000E+00   4.000000E+00  -5.000000E+00
          269   8.000000E+00   4.000000E+00  -5.000000E+00
          270   8.500000E+00   4.000000E+00  -5.000000E+00
          271   9.000000E+00   4.000000E+00  -5.000000E+00
          272   9.500000E+00   4.000000E+00  -5.000000E+00
          273   1.000000E+01   4.000000E+00  -5.000000E+00
          274   0.000000E+00   3.500000E+00  -5.000000E+00
          275   5.000000E-01   3.500000E+00  -5.000000E+00
          276   1.000000E+00   3.500000E+00  -5.000000E+00
          277   1.500000E+00   3.500000E+00  -5.000000E+00
          278   2.000000E+00   3.500000E+00  -5.000000E+00
          279   2.500000E+00   3.500000E+00  -5.000000E+00
          280   3.000000E+00   3.500000E+00  -5.000000E+00
          281   3.500000E+00   3.500000E+00  -5.000000E+00
          282   4.000000E+00   3.500000E+00  -5.000000E+00
          283   4.500000E+00   3.500000E+00  -5.000000E+00
          284   5.000000E+00   3.500000E+00  -5.000000E+00
          285   5.500000E+00   3.500000E+00  -5.000000E+00
          286   6.000000E+00   3.500000E+00  -5.000000E+00
          287   6.500000E+00   3.500000E+00  -5.000000E+00
          288   7.000000E+00   3.500000E+00  -5.000000E+00
          289   7.500000E+00   3.500000E+00  -5.000000E+00
          290   8.000000E+00   3.500000E+00  -5.000000E+00
          291   8.500000E+00   3.500000E+00  -5.000000E+00
          292   9.000000E+00   3.500000E+00  -5.000000E+00
          293   9.500000E+00   3.500000E+00  -5.000000E+00
          294   1.000000E+01   3.500000E+00  -5.000000E+00
          295   0.000000E+00   3.000000E+00  -5.000000E+00
          296   5.000000E-01   3.000000E+00  -5.000000E+00
          297   1.000000E+00   3.000000E+00  -5.000000E+00
          298   1.500000E+00   3.000000E+00  -5.000000E+00
          299   2.000000E+00   3.000000E+00  -5.000000E+00
          300   2.500000E+00   3.000000E+00  -5.000000E+00
          301   3.000000E+00   3.000000E+00  -5.000000E+00
          302   3.500000E+00   3.000000E+00  -5.000000E+00
          303   4.000000E+00   3.000000E+00  -5.000000E+00
          304   4.500000E+00   3.000000E+00  -5.000000E+00
          305   5.000000E+00   3.000000E+00  -5.000000E+00
          306   5.500000E+00   3.000000E+00  -5.000000E+00
          307   6.000000E+00   3.000000E+00  -5.000000E+00
          308   6.500000E+00   3.000000E+00  -5.000000E+00
          309   7.000000E+00   3.000000E+00  -5.000000E+00
          310   7.500000E+00   3.000000E+00  -5.000000E+00
          311   8.000000E+00   3.000000E+00  -5.000000E+00
          312   8.500000E+00   3.000000E+00  -5.000000E+00
          313   9.000000E+00   3.000000E+00  -5.000000E+00
          314   9.500000E+00   3.000000E+00  -5.000000E+00
          315   1.000000E+01   3.000000E+00  -5.000000E+00
          316   0.000000E+00   2.500000E+00  -5.000000E+00
          317   5.000000E-01   2.500000E+00  -5.000000E+00
          318   1.000000E+00   2.500000E+00  -5.000000E+00
          319   1.500000E+00   2.500000E+00  -5.000000E+00
          320   2.000000E+00   2.500000E+00  -5.000000E+00
          321   2.500000E+00   2.500000E+00  -5.000000E+00
          322   3.000000E+00   2.500000E+00  -5.000000E+00
          323   3.500000E+00   2.500000E+00  -5.000000E+00
          324   4.000000E+00   2.500000E+00  -5.000000E+00
          325   4.500000E+00   2.500000E+00  -5.000000E+00
          326   5.000000E+00   2.500000E+00  -5.000000E+00
          327   5.500000E+00   2.500000E+00  -5.000000E+00
          328   6.000000E+00   2.500000E+00  -5.000000E+00
          329   6.500000E+00   2.500000E+00  -5.000000E+00
          330   7.000000E+00   2.500000E+00  -5.000000E+00
          331   7.500000E+00   2.500000E+00  -5.000000E+00
          332   8.000000E+00   2.500000E+00  -5.000000E+00
          333   8.500000E+00   2.500000E+00  -5.000000E+00
          334   9.000000E+00   2.500000E+00  -5.000000E+00
          335   9.500000E+00   2.500000E+00  -5.000000E+00
          336   1.000000E+01   2.500000E+00  -5.000000E+00
          337   0.000000E+00   2.000000E+00  -5.000000E+00
          338   5.000000E-01   2.000000E+00  -5.000000E+00
          339   1.000000E+00   2.000000E+00  -5.000000E+00
          340   1.500000E+00   2.000000E+00  -5.000000E+00
          341   2.000000E+00   2.000000E+00  -5.000000E+00
          342   2.500000E+00   2.000000E+00  -5.000000E+00
          343   3.000000E+00   2.000000E+00  -5.000000E+00
          344   3.500000E+00   2.000000E+00  -5.000000E+00
          345   4.000000E+00   2.000000E+00  -5.000000E+00
          346   4.500000E+00   2.000000E+00  -5.000000E+00
          347   5.000000E+00   2.000000E+00  -5.000000E+00
          348   5.500000E+00   2.000000E+00  -5.000000E+00
          349   6.000000E+00   2.000000E+00  -5.000000E+00
          350   6.500000E+00   2.000000E+00  -5.000000E+00
          351   7.000000E+00   2.000000E+00  -5.000000E+00
          352   7.500000E+00   2.000000E+00  -5.000000E+00
          353   8.000000E+00   2.000000E+00  -5.000000E+00
          354   8.500000E+00   2.000000E+00  -5.000000E+00
          355   9.000000E+00   2.000000E+00  -5.000000E+00
          356   9.500000E+00   2.000000E+00  -5.000000E+00
          357   1.000000E+01   2.000000E+00  -5.000000E+00
          358   0.000000E+00   1.500000E+00  -5.000000E+00
          359   5.000000E-01   1.500000E+00  -5.000000E+00
          360   1.000000E+00   1.500000E+00  -5.000000E+00
          361   1.500000E+00   1.500000E+00  -5.000000E+00
          362   2.000000E+00   1.500000E+00  -5.000000E+00
          363   2.500000E+00   1.500000E+00  -5.000000E+00
          364   3.000000E+00   1.500000E+00  -5.000000E+00
          365   3.500000E+00   1.500000E+00  -5.000000E+00
          366   4.000000E+00   1.500000E+00  -5.000000E+00
          367   4.500000E+00   1.500000E+00  -5.000000E+00
          368   5.000000E+00   1.500000E+00  -5.000000E+00
          369   5.500000E+00   1.500000E+00  -5.000000E+00
          370   6.000000E+00   1.500000E+00  -5.000000E+00
          371   6.500000E+00   1.500000E+00  -5.000000E+00
          372   7.000000E+00   1.500000E+00  -5.000000E+00
          373   7.500000E+00   1.500000E+00  -5.000000E+00
          374   8.000000E+00   1.500000E+00  -5.000000E+00
          375   8.500000E+00   1.500000E+00  -5.000000E+00
          376   9.000000E+00   1.500000E+00  -5.000000E+00
          377   9.500000E+00   1.500000E+00  -5.000000E+00
          378   1.000000E+01   1.500000E+00  -5.000000E+00
          379   0.000000E+00   1.000000E+00  -5.000000E+00
          380   5.000000E-01   1.000000E+00  -5.000000E+00
          381   1.000000E+00   1.000000E+00  -5.000000E+00
          382   1.500000E+00   1.000000E+00  -5.000000E+00
          383   2.000000E+00   1.000000E+00  -5.000000E+00
          384   2.500000E+00   1.000000E+00  -5.000000E+00
          385   3.000000E+00   1.000000E+00  -5.000000E+00
          386   3.500000E+00   1.000000E+00  -5.000000E+00
          387   4.000000E+00   1.000000E+00  -5.000000E+00
          388   4.500000E+00   1.000000E+00  -5.000000E+00
          389   5.000000E+00   1.000000E+00  -5.000000E+00
          390   5.500000E+00   1.000000E+00  -5.000000E+00
          391   6.000000E+00   1.000000E+00  -5.000000E+00
          392   6.500000E+00   1.000000E+00  -5.000000E+00
          393   7.000000E+00   1.000000E+00  -5.000000E+00
          394   7.500000E+00   1.000000E+00  -5.000000E+00
          395   8.000000E+00   1.000000E+00  -5.000000E+00
          396   8.500000E+00   1.000000E+00  -5.000000E+00
          397   9.000000E+00   1.000000E+00  -5.000000E+00
          398   9.500000E+00   1.000000E+00  -5.000000E+00
          399   1.000000E+01   1.000000E+00  -5.000000E+00
          400   0.000000E+00   5.000000E-01  -5.000000E+00
          401   5.000000E-01   5.000000E-01  -5.000000E+00
          402   1.000000E+00   5.000000E-01  -5.000000E+00
          403   1.500000E+00   5.000000E-01  -5.000000E+00
          404   2.000000E+00   5.000000E-01  -5.000000E+00
          405   2.500000E+00   5.000000E-01  -5.000000E+00
          406   3.000000E+00   5.000000E-01  -5.000000E+00
          407   3.500000E+00   5.000000E-01  -5.000000E+00
          408   4.000000E+00   5.000000E-01  -5.000000E+00
          409   4.500000E+00   5.000000E-01  -5.000000E+00
          410   5.000000E+00   5.000000E-01  -5.000000E+00
          411   5.500000E+00   5.000000E-01  -5.000000E+00
          412   6.000000E+00   5.000000E-01  -5.000000E+00
          413   6.500000E+00   5.000000E-01  -5.000000E+00
          414   7.000000E+00   5.000000E-01  -5.000000E+00
          415   7.500000E+00   5.000000E-01  -5.000000E+00
          416   8.000000E+00   5.000000E-01  -5.000000E+00
          417   8.500000E+00   5.000000E-01  -5.000000E+00
          418   9.000000E+00   5.000000E-01  -5.000000E+00
          419   9.500000E+00   5.000000E-01  -5.000000E+00
          420   1.000000E+01   5.000000E-01  -5.000000E+00
          421   0.000000E+00   0.000000E+00  -5.000000E+00
          422   5.000000E-01   0.000000E+00  -5.000000E+00
          423   1.000000E+00   0.000000E+00  -5.000000E+00
          424   1.500000E+00   0.000000E+00  -5.000000E+00
          425   2.000000E+00   0.000000E+00  -5.000000E+00
          426   2.500000E+00   0.000000E+00  -5.000000E+00
          427   3.000000E+00   0.000000E+00  -5.000000E+00
          428   3.500000E+00   0.000000E+00  -5.000000E+00
          429   4.000000E+00   0.000000E+00  -5.000000E+00
          430   4.500000E+00   0.000000E+00  -5.000000E+00
          431   5.000000E+00   0.000000E+00  -5.000000E+00
          432   5.500000E+00   0.000000E+00  -5.000000E+00
          433   6.000000E+00   0.000000E+00  -5.000000E+00
          434   6.500000E+00   0.000000E+00  -5.000000E+00
          435   7.000000E+00   0.000000E+00  -5.000000E+00
          436   7.500000E+00   0.000000E+00  -5.000000E+00
          437   8.000000E+00   0.000000E+00  -5.000000E+00
          438   8.500000E+00   0.000000E+00  -5.000000E+00
          439   9.000000E+00   0.000000E+00  -5.000000E+00
          440   9.500000E+00   0.000000E+00  -5.000000E+00
          441   1.000000E+01   0.000000E+00  -5.000000E+00
