      0  0.00000000E+00     NSTEP   TIME
 SURFACE NODE              X              Y             SW
            1   0.000000E+00   1.000000E+01   2.864528E-01
            2   5.000000E-01   1.000000E+01   2.864528E-01
            3   1.000000E+00   1.000000E+01   2.864528E-01
            4   1.500000E+00   1.000000E+01   2.864528E-01
            5   2.000000E+00   1.000000E+01   2.864528E-01
            6   2.500000E+00   1.000000E+01   2.864528E-01
            7   3.000000E+00   1.000000E+01   2.864528E-01
            8   3.500000E+00   1.000000E+01   2.864528E-01
            9   4.000000E+00   1.000000E+01   2.864528E-01
           10   4.500000E+00   1.000000E+01   2.864528E-01
           11   5.000000E+00   1.000000E+01   2.864528E-01
           12   5.500000E+00   1.000000E+01   2.864528E-01
           13   6.000000E+00   1.000000E+01   2.864528E-01
           14   6.500000E+00   1.000000E+01   2.864528E-01
           15   7.000000E+00   1.000000E+01   2.864528E-01
           16   7.500000E+00   1.000000E+01   2.864528E-01
           17   8.000000E+00   1.000000E+01   2.864528E-01
           18   8.500000E+00   1.000000E+01   2.864528E-01
           19   9.000000E+00   1.000000E+01   2.864528E-01
           20   9.500000E+00   1.000000E+01   2.864528E-01
           21   1.000000E+01   1.000000E+01   2.864528E-01
           22   0.000000E+00   9.500000E+00   2.864528E-01
           23   5.000000E-01   9.500000E+00   2.864528E-01
           24   1.000000E+00   9.500000E+00   2.864528E-01
           25   1.500000E+00   9.500000E+00   2.864528E-01
           26   2.000000E+00   9.500000E+00   2.864528E-01
           27   2.500000E+00   9.500000E+00   2.864528E-01
           28   3.000000E+00   9.500000E+00   2.864528E-01
           29   3.500000E+00   9.500000E+00   2.864528E-01
           30   4.000000E+00   9.500000E+00   2.864528E-01
           31   4.500000E+00   9.500000E+00   2.864528E-01
           32   5.000000E+00   9.500000E+00   2.864528E-01
           33   5.500000E+00   9.500000E+00   2.864528E-01
           34   6.000000E+00   9.500000E+00   2.864528E-01
           35   6.500000E+00   9.500000E+00   2.864528E-01
           36   7.000000E+00   9.500000E+00   2.864528E-01
           37   7.500000E+00   9.500000E+00   2.864528E-01
           38   8.000000E+00   9.500000E+00   2.864528E-01
           39   8.500000E+00   9.500000E+00   2.864528E-01
           40   9.000000E+00   9.500000E+00   2.864528E-01
           41   9.500000E+00   9.500000E+00   2.864528E-01
           42   1.000000E+01   9.500000E+00   2.864528E-01
           43   0.000000E+00   9.000000E+00   2.864528E-01
           44   5.000000E-01   9.000000E+00   2.864528E-01
           45   1.000000E+00   9.000000E+00   2.864528E-01
           46   1.500000E+00   9.000000E+00   2.864528E-01
           47   2.000000E+00   9.000000E+00   2.864528E-01
           48   2.500000E+00   9.000000E+00   2.864528E-01
           49   3.000000E+00   9.000000E+00   2.864528E-01
           50   3.500000E+00   9.000000E+00   2.864528E-01
           51   4.000000E+00   9.000000E+00   2.864528E-01
           52   4.500000E+00   9.000000E+00   2.864528E-01
           53   5.000000E+00   9.000000E+00   2.864528E-01
           54   5.500000E+00   9.000000E+00   2.864528E-01
           55   6.000000E+00   9.000000E+00   2.864528E-01
           56   6.500000E+00   9.000000E+00   2.864528E-01
           57   7.000000E+00   9.000000E+00   2.864528E-01
           58   7.500000E+00   9.000000E+00   2.864528E-01
           59   8.000000E+00   9.000000E+00   2.864528E-01
           60   8.500000E+00   9.000000E+00   2.864528E-01
           61   9.000000E+00   9.000000E+00   2.864528E-01
           62   9.500000E+00   9.000000E+00   2.864528E-01
           63   1.000000E+01   9.000000E+00   2.864528E-01
           64   0.000000E+00   8.500000E+00   2.864528E-01
           65   5.000000E-01   8.500000E+00   2.864528E-01
           66   1.000000E+00   8.500000E+00   2.864528E-01
           67   1.500000E+00   8.500000E+00   2.864528E-01
           68   2.000000E+00   8.500000E+00   2.864528E-01
           69   2.500000E+00   8.500000E+00   2.864528E-01
           70   3.000000E+00   8.500000E+00   2.864528E-01
           71   3.500000E+00   8.500000E+00   2.864528E-01
           72   4.000000E+00   8.500000E+00   2.864528E-01
           73   4.500000E+00   8.500000E+00   2.864528E-01
           74   5.000000E+00   8.500000E+00   2.864528E-01
           75   5.500000E+00   8.500000E+00   2.864528E-01
           76   6.000000E+00   8.500000E+00   2.864528E-01
           77   6.500000E+00   8.500000E+00   2.864528E-01
           78   7.000000E+00   8.500000E+00   2.864528E-01
           79   7.500000E+00   8.500000E+00   2.864528E-01
           80   8.000000E+00   8.500000E+00   2.864528E-01
           81   8.500000E+00   8.500000E+00   2.864528E-01
           82   9.000000E+00   8.500000E+00   2.864528E-01
           83   9.500000E+00   8.500000E+00   2.864528E-01
           84   1.000000E+01   8.500000E+00   2.864528E-01
           85   0.000000E+00   8.000000E+00   2.864528E-01
           86   5.000000E-01   8.000000E+00   2.864528E-01
           87   1.000000E+00   8.000000E+00   2.864528E-01
           88   1.500000E+00   8.000000E+00   2.864528E-01
           89   2.000000E+00   8.000000E+00   2.864528E-01
           90   2.500000E+00   8.000000E+00   2.864528E-01
           91   3.000000E+00   8.000000E+00   2.864528E-01
           92   3.500000E+00   8.000000E+00   2.864528E-01
           93   4.000000E+00   8.000000E+00   2.864528E-01
           94   4.500000E+00   8.000000E+00   2.864528E-01
           95   5.000000E+00   8.000000E+00   2.864528E-01
           96   5.500000E+00   8.000000E+00   2.864528E-01
           97   6.000000E+00   8.000000E+00   2.864528E-01
           98   6.500000E+00   8.000000E+00   2.864528E-01
           99   7.000000E+00   8.000000E+00   2.864528E-01
          100   7.500000E+00   8.000000E+00   2.864528E-01
          101   8.000000E+00   8.000000E+00   2.864528E-01
          102   8.500000E+00   8.000000E+00   2.864528E-01
          103   9.000000E+00   8.000000E+00   2.864528E-01
          104   9.500000E+00   8.000000E+00   2.864528E-01
          105   1.000000E+01   8.000000E+00   2.864528E-01
          106   0.000000E+00   7.500000E+00   2.864528E-01
          107   5.000000E-01   7.500000E+00   2.864528E-01
          108   1.000000E+00   7.500000E+00   2.864528E-01
          109   1.500000E+00   7.500000E+00   2.864528E-01
          110   2.000000E+00   7.500000E+00   2.864528E-01
          111   2.500000E+00   7.500000E+00   2.864528E-01
          112   3.000000E+00   7.500000E+00   2.864528E-01
          113   3.500000E+00   7.500000E+00   2.864528E-01
          114   4.000000E+00   7.500000E+00   2.864528E-01
          115   4.500000E+00   7.500000E+00   2.864528E-01
          116   5.000000E+00   7.500000E+00   2.864528E-01
          117   5.500000E+00   7.500000E+00   2.864528E-01
          118   6.000000E+00   7.500000E+00   2.864528E-01
          119   6.500000E+00   7.500000E+00   2.864528E-01
          120   7.000000E+00   7.500000E+00   2.864528E-01
          121   7.500000E+00   7.500000E+00   2.864528E-01
          122   8.000000E+00   7.500000E+00   2.864528E-01
          123   8.500000E+00   7.500000E+00   2.864528E-01
          124   9.000000E+00   7.500000E+00   2.864528E-01
          125   9.500000E+00   7.500000E+00   2.864528E-01
          126   1.000000E+01   7.500000E+00   2.864528E-01
          127   0.000000E+00   7.000000E+00   2.864528E-01
          128   5.000000E-01   7.000000E+00   2.864528E-01
          129   1.000000E+00   7.000000E+00   2.864528E-01
          130   1.500000E+00   7.000000E+00   2.864528E-01
          131   2.000000E+00   7.000000E+00   2.864528E-01
          132   2.500000E+00   7.000000E+00   2.864528E-01
          133   3.000000E+00   7.000000E+00   2.864528E-01
          134   3.500000E+00   7.000000E+00   2.864528E-01
          135   4.000000E+00   7.000000E+00   2.864528E-01
          136   4.500000E+00   7.000000E+00   2.864528E-01
          137   5.000000E+00   7.000000E+00   2.864528E-01
          138   5.500000E+00   7.000000E+00   2.864528E-01
          139   6.000000E+00   7.000000E+00   2.864528E-01
          140   6.500000E+00   7.000000E+00   2.864528E-01
          141   7.000000E+00   7.000000E+00   2.864528E-01
          142   7.500000E+00   7.000000E+00   2.864528E-01
          143   8.000000E+00   7.000000E+00   2.864528E-01
          144   8.500000E+00   7.000000E+00   2.864528E-01
          145   9.000000E+00   7.000000E+00   2.864528E-01
          146   9.500000E+00   7.000000E+00   2.864528E-01
          147   1.000000E+01   7.000000E+00   2.864528E-01
          148   0.000000E+00   6.500000E+00   2.864528E-01
          149   5.000000E-01   6.500000E+00   2.864528E-01
          150   1.000000E+00   6.500000E+00   2.864528E-01
          151   1.500000E+00   6.500000E+00   2.864528E-01
          152   2.000000E+00   6.500000E+00   2.864528E-01
          153   2.500000E+00   6.500000E+00   2.864528E-01
          154   3.000000E+00   6.500000E+00   2.864528E-01
          155   3.500000E+00   6.500000E+00   2.864528E-01
          156   4.000000E+00   6.500000E+00   2.864528E-01
          157   4.500000E+00   6.500000E+00   2.864528E-01
          158   5.000000E+00   6.500000E+00   2.864528E-01
          159   5.500000E+00   6.500000E+00   2.864528E-01
          160   6.000000E+00   6.500000E+00   2.864528E-01
          161   6.500000E+00   6.500000E+00   2.864528E-01
          162   7.000000E+00   6.500000E+00   2.864528E-01
          163   7.500000E+00   6.500000E+00   2.864528E-01
          164   8.000000E+00   6.500000E+00   2.864528E-01
          165   8.500000E+00   6.500000E+00   2.864528E-01
          166   9.000000E+00   6.500000E+00   2.864528E-01
          167   9.500000E+00   6.500000E+00   2.864528E-01
          168   1.000000E+01   6.500000E+00   2.864528E-01
          169   0.000000E+00   6.000000E+00   2.864528E-01
          170   5.000000E-01   6.000000E+00   2.864528E-01
          171   1.000000E+00   6.000000E+00   2.864528E-01
          172   1.500000E+00   6.000000E+00   2.864528E-01
          173   2.000000E+00   6.000000E+00   2.864528E-01
          174   2.500000E+00   6.000000E+00   2.864528E-01
          175   3.000000E+00   6.000000E+00   2.864528E-01
          176   3.500000E+00   6.000000E+00   2.864528E-01
          177   4.000000E+00   6.000000E+00   2.864528E-01
          178   4.500000E+00   6.000000E+00   2.864528E-01
          179   5.000000E+00   6.000000E+00   2.864528E-01
          180   5.500000E+00   6.000000E+00   2.864528E-01
          181   6.000000E+00   6.000000E+00   2.864528E-01
          182   6.500000E+00   6.000000E+00   2.864528E-01
          183   7.000000E+00   6.000000E+00   2.864528E-01
          184   7.500000E+00   6.000000E+00   2.864528E-01
          185   8.000000E+00   6.000000E+00   2.864528E-01
          186   8.500000E+00   6.000000E+00   2.864528E-01
          187   9.000000E+00   6.000000E+00   2.864528E-01
          188   9.500000E+00   6.000000E+00   2.864528E-01
          189   1.000000E+01   6.000000E+00   2.864528E-01
          190   0.000000E+00   5.500000E+00   2.864528E-01
          191   5.000000E-01   5.500000E+00   2.864528E-01
          192   1.000000E+00   5.500000E+00   2.864528E-01
          193   1.500000E+00   5.500000E+00   2.864528E-01
          194   2.000000E+00   5.500000E+00   2.864528E-01
          195   2.500000E+00   5.500000E+00   2.864528E-01
          196   3.000000E+00   5.500000E+00   2.864528E-01
          197   3.500000E+00   5.500000E+00   2.864528E-01
          198   4.000000E+00   5.500000E+00   2.864528E-01
          199   4.500000E+00   5.500000E+00   2.864528E-01
          200   5.000000E+00   5.500000E+00   2.864528E-01
          201   5.500000E+00   5.500000E+00   2.864528E-01
          202   6.000000E+00   5.500000E+00   2.864528E-01
          203   6.500000E+00   5.500000E+00   2.864528E-01
          204   7.000000E+00   5.500000E+00   2.864528E-01
          205   7.500000E+00   5.500000E+00   2.864528E-01
          206   8.000000E+00   5.500000E+00   2.864528E-01
          207   8.500000E+00   5.500000E+00   2.864528E-01
          208   9.000000E+00   5.500000E+00   2.864528E-01
          209   9.500000E+00   5.500000E+00   2.864528E-01
          210   1.000000E+01   5.500000E+00   2.864528E-01
          211   0.000000E+00   5.000000E+00   2.864528E-01
          212   5.000000E-01   5.000000E+00   2.864528E-01
          213   1.000000E+00   5.000000E+00   2.864528E-01
          214   1.500000E+00   5.000000E+00   2.864528E-01
          215   2.000000E+00   5.000000E+00   2.864528E-01
          216   2.500000E+00   5.000000E+00   2.864528E-01
          217   3.000000E+00   5.000000E+00   2.864528E-01
          218   3.500000E+00   5.000000E+00   2.864528E-01
          219   4.000000E+00   5.000000E+00   2.864528E-01
          220   4.500000E+00   5.000000E+00   2.864528E-01
          221   5.000000E+00   5.000000E+00   2.864528E-01
          222   5.500000E+00   5.000000E+00   2.864528E-01
          223   6.000000E+00   5.000000E+00   2.864528E-01
          224   6.500000E+00   5.000000E+00   2.864528E-01
          225   7.000000E+00   5.000000E+00   2.864528E-01
          226   7.500000E+00   5.000000E+00   2.864528E-01
          227   8.000000E+00   5.000000E+00   2.864528E-01
          228   8.500000E+00   5.000000E+00   2.864528E-01
          229   9.000000E+00   5.000000E+00   2.864528E-01
          230   9.500000E+00   5.000000E+00   2.864528E-01
          231   1.000000E+01   5.000000E+00   2.864528E-01
          232   0.000000E+00   4.500000E+00   2.864528E-01
          233   5.000000E-01   4.500000E+00   2.864528E-01
          234   1.000000E+00   4.500000E+00   2.864528E-01
          235   1.500000E+00   4.500000E+00   2.864528E-01
          236   2.000000E+00   4.500000E+00   2.864528E-01
          237   2.500000E+00   4.500000E+00   2.864528E-01
          238   3.000000E+00   4.500000E+00   2.864528E-01
          239   3.500000E+00   4.500000E+00   2.864528E-01
          240   4.000000E+00   4.500000E+00   2.864528E-01
          241   4.500000E+00   4.500000E+00   2.864528E-01
          242   5.000000E+00   4.500000E+00   2.864528E-01
          243   5.500000E+00   4.500000E+00   2.864528E-01
          244   6.000000E+00   4.500000E+00   2.864528E-01
          245   6.500000E+00   4.500000E+00   2.864528E-01
          246   7.000000E+00   4.500000E+00   2.864528E-01
          247   7.500000E+00   4.500000E+00   2.864528E-01
          248   8.000000E+00   4.500000E+00   2.864528E-01
          249   8.500000E+00   4.500000E+00   2.864528E-01
          250   9.000000E+00   4.500000E+00   2.864528E-01
          251   9.500000E+00   4.500000E+00   2.864528E-01
          252   1.000000E+01   4.500000E+00   2.864528E-01
          253   0.000000E+00   4.000000E+00   2.864528E-01
          254   5.000000E-01   4.000000E+00   2.864528E-01
          255   1.000000E+00   4.000000E+00   2.864528E-01
          256   1.500000E+00   4.000000E+00   2.864528E-01
          257   2.000000E+00   4.000000E+00   2.864528E-01
          258   2.500000E+00   4.000000E+00   2.864528E-01
          259   3.000000E+00   4.000000E+00   2.864528E-01
          260   3.500000E+00   4.000000E+00   2.864528E-01
          261   4.000000E+00   4.000000E+00   2.864528E-01
          262   4.500000E+00   4.000000E+00   2.864528E-01
          263   5.000000E+00   4.000000E+00   2.864528E-01
          264   5.500000E+00   4.000000E+00   2.864528E-01
          265   6.000000E+00   4.000000E+00   2.864528E-01
          266   6.500000E+00   4.000000E+00   2.864528E-01
          267   7.000000E+00   4.000000E+00   2.864528E-01
          268   7.500000E+00   4.000000E+00   2.864528E-01
          269   8.000000E+00   4.000000E+00   2.864528E-01
          270   8.500000E+00   4.000000E+00   2.864528E-01
          271   9.000000E+00   4.000000E+00   2.864528E-01
          272   9.500000E+00   4.000000E+00   2.864528E-01
          273   1.000000E+01   4.000000E+00   2.864528E-01
          274   0.000000E+00   3.500000E+00   2.864528E-01
          275   5.000000E-01   3.500000E+00   2.864528E-01
          276   1.000000E+00   3.500000E+00   2.864528E-01
          277   1.500000E+00   3.500000E+00   2.864528E-01
          278   2.000000E+00   3.500000E+00   2.864528E-01
          279   2.500000E+00   3.500000E+00   2.864528E-01
          280   3.000000E+00   3.500000E+00   2.864528E-01
          281   3.500000E+00   3.500000E+00   2.864528E-01
          282   4.000000E+00   3.500000E+00   2.864528E-01
          283   4.500000E+00   3.500000E+00   2.864528E-01
          284   5.000000E+00   3.500000E+00   2.864528E-01
          285   5.500000E+00   3.500000E+00   2.864528E-01
          286   6.000000E+00   3.500000E+00   2.864528E-01
          287   6.500000E+00   3.500000E+00   2.864528E-01
          288   7.000000E+00   3.500000E+00   2.864528E-01
          289   7.500000E+00   3.500000E+00   2.864528E-01
          290   8.000000E+00   3.500000E+00   2.864528E-01
          291   8.500000E+00   3.500000E+00   2.864528E-01
          292   9.000000E+00   3.500000E+00   2.864528E-01
          293   9.500000E+00   3.500000E+00   2.864528E-01
          294   1.000000E+01   3.500000E+00   2.864528E-01
          295   0.000000E+00   3.000000E+00   2.864528E-01
          296   5.000000E-01   3.000000E+00   2.864528E-01
          297   1.000000E+00   3.000000E+00   2.864528E-01
          298   1.500000E+00   3.000000E+00   2.864528E-01
          299   2.000000E+00   3.000000E+00   2.864528E-01
          300   2.500000E+00   3.000000E+00   2.864528E-01
          301   3.000000E+00   3.000000E+00   2.864528E-01
          302   3.500000E+00   3.000000E+00   2.864528E-01
          303   4.000000E+00   3.000000E+00   2.864528E-01
          304   4.500000E+00   3.000000E+00   2.864528E-01
          305   5.000000E+00   3.000000E+00   2.864528E-01
          306   5.500000E+00   3.000000E+00   2.864528E-01
          307   6.000000E+00   3.000000E+00   2.864528E-01
          308   6.500000E+00   3.000000E+00   2.864528E-01
          309   7.000000E+00   3.000000E+00   2.864528E-01
          310   7.500000E+00   3.000000E+00   2.864528E-01
          311   8.000000E+00   3.000000E+00   2.864528E-01
          312   8.500000E+00   3.000000E+00   2.864528E-01
          313   9.000000E+00   3.000000E+00   2.864528E-01
          314   9.500000E+00   3.000000E+00   2.864528E-01
          315   1.000000E+01   3.000000E+00   2.864528E-01
          316   0.000000E+00   2.500000E+00   2.864528E-01
          317   5.000000E-01   2.500000E+00   2.864528E-01
          318   1.000000E+00   2.500000E+00   2.864528E-01
          319   1.500000E+00   2.500000E+00   2.864528E-01
          320   2.000000E+00   2.500000E+00   2.864528E-01
          321   2.500000E+00   2.500000E+00   2.864528E-01
          322   3.000000E+00   2.500000E+00   2.864528E-01
          323   3.500000E+00   2.500000E+00   2.864528E-01
          324   4.000000E+00   2.500000E+00   2.864528E-01
          325   4.500000E+00   2.500000E+00   2.864528E-01
          326   5.000000E+00   2.500000E+00   2.864528E-01
          327   5.500000E+00   2.500000E+00   2.864528E-01
          328   6.000000E+00   2.500000E+00   2.864528E-01
          329   6.500000E+00   2.500000E+00   2.864528E-01
          330   7.000000E+00   2.500000E+00   2.864528E-01
          331   7.500000E+00   2.500000E+00   2.864528E-01
          332   8.000000E+00   2.500000E+00   2.864528E-01
          333   8.500000E+00   2.500000E+00   2.864528E-01
          334   9.000000E+00   2.500000E+00   2.864528E-01
          335   9.500000E+00   2.500000E+00   2.864528E-01
          336   1.000000E+01   2.500000E+00   2.864528E-01
          337   0.000000E+00   2.000000E+00   2.864528E-01
          338   5.000000E-01   2.000000E+00   2.864528E-01
          339   1.000000E+00   2.000000E+00   2.864528E-01
          340   1.500000E+00   2.000000E+00   2.864528E-01
          341   2.000000E+00   2.000000E+00   2.864528E-01
          342   2.500000E+00   2.000000E+00   2.864528E-01
          343   3.000000E+00   2.000000E+00   2.864528E-01
          344   3.500000E+00   2.000000E+00   2.864528E-01
          345   4.000000E+00   2.000000E+00   2.864528E-01
          346   4.500000E+00   2.000000E+00   2.864528E-01
          347   5.000000E+00   2.000000E+00   2.864528E-01
          348   5.500000E+00   2.000000E+00   2.864528E-01
          349   6.000000E+00   2.000000E+00   2.864528E-01
          350   6.500000E+00   2.000000E+00   2.864528E-01
          351   7.000000E+00   2.000000E+00   2.864528E-01
          352   7.500000E+00   2.000000E+00   2.864528E-01
          353   8.000000E+00   2.000000E+00   2.864528E-01
          354   8.500000E+00   2.000000E+00   2.864528E-01
          355   9.000000E+00   2.000000E+00   2.864528E-01
          356   9.500000E+00   2.000000E+00   2.864528E-01
          357   1.000000E+01   2.000000E+00   2.864528E-01
          358   0.000000E+00   1.500000E+00   2.864528E-01
          359   5.000000E-01   1.500000E+00   2.864528E-01
          360   1.000000E+00   1.500000E+00   2.864528E-01
          361   1.500000E+00   1.500000E+00   2.864528E-01
          362   2.000000E+00   1.500000E+00   2.864528E-01
          363   2.500000E+00   1.500000E+00   2.864528E-01
          364   3.000000E+00   1.500000E+00   2.864528E-01
          365   3.500000E+00   1.500000E+00   2.864528E-01
          366   4.000000E+00   1.500000E+00   2.864528E-01
          367   4.500000E+00   1.500000E+00   2.864528E-01
          368   5.000000E+00   1.500000E+00   2.864528E-01
          369   5.500000E+00   1.500000E+00   2.864528E-01
          370   6.000000E+00   1.500000E+00   2.864528E-01
          371   6.500000E+00   1.500000E+00   2.864528E-01
          372   7.000000E+00   1.500000E+00   2.864528E-01
          373   7.500000E+00   1.500000E+00   2.864528E-01
          374   8.000000E+00   1.500000E+00   2.864528E-01
          375   8.500000E+00   1.500000E+00   2.864528E-01
          376   9.000000E+00   1.500000E+00   2.864528E-01
          377   9.500000E+00   1.500000E+00   2.864528E-01
          378   1.000000E+01   1.500000E+00   2.864528E-01
          379   0.000000E+00   1.000000E+00   2.864528E-01
          380   5.000000E-01   1.000000E+00   2.864528E-01
          381   1.000000E+00   1.000000E+00   2.864528E-01
          382   1.500000E+00   1.000000E+00   2.864528E-01
          383   2.000000E+00   1.000000E+00   2.864528E-01
          384   2.500000E+00   1.000000E+00   2.864528E-01
          385   3.000000E+00   1.000000E+00   2.864528E-01
          386   3.500000E+00   1.000000E+00   2.864528E-01
          387   4.000000E+00   1.000000E+00   2.864528E-01
          388   4.500000E+00   1.000000E+00   2.864528E-01
          389   5.000000E+00   1.000000E+00   2.864528E-01
          390   5.500000E+00   1.000000E+00   2.864528E-01
          391   6.000000E+00   1.000000E+00   2.864528E-01
          392   6.500000E+00   1.000000E+00   2.864528E-01
          393   7.000000E+00   1.000000E+00   2.864528E-01
          394   7.500000E+00   1.000000E+00   2.864528E-01
          395   8.000000E+00   1.000000E+00   2.864528E-01
          396   8.500000E+00   1.000000E+00   2.864528E-01
          397   9.000000E+00   1.000000E+00   2.864528E-01
          398   9.500000E+00   1.000000E+00   2.864528E-01
          399   1.000000E+01   1.000000E+00   2.864528E-01
          400   0.000000E+00   5.000000E-01   2.864528E-01
          401   5.000000E-01   5.000000E-01   2.864528E-01
          402   1.000000E+00   5.000000E-01   2.864528E-01
          403   1.500000E+00   5.000000E-01   2.864528E-01
          404   2.000000E+00   5.000000E-01   2.864528E-01
          405   2.500000E+00   5.000000E-01   2.864528E-01
          406   3.000000E+00   5.000000E-01   2.864528E-01
          407   3.500000E+00   5.000000E-01   2.864528E-01
          408   4.000000E+00   5.000000E-01   2.864528E-01
          409   4.500000E+00   5.000000E-01   2.864528E-01
          410   5.000000E+00   5.000000E-01   2.864528E-01
          411   5.500000E+00   5.000000E-01   2.864528E-01
          412   6.000000E+00   5.000000E-01   2.864528E-01
          413   6.500000E+00   5.000000E-01   2.864528E-01
          414   7.000000E+00   5.000000E-01   2.864528E-01
          415   7.500000E+00   5.000000E-01   2.864528E-01
          416   8.000000E+00   5.000000E-01   2.864528E-01
          417   8.500000E+00   5.000000E-01   2.864528E-01
          418   9.000000E+00   5.000000E-01   2.864528E-01
          419   9.500000E+00   5.000000E-01   2.864528E-01
          420   1.000000E+01   5.000000E-01   2.864528E-01
          421   0.000000E+00   0.000000E+00   2.864528E-01
          422   5.000000E-01   0.000000E+00   2.864528E-01
          423   1.000000E+00   0.000000E+00   2.864528E-01
          424   1.500000E+00   0.000000E+00   2.864528E-01
          425   2.000000E+00   0.000000E+00   2.864528E-01
          426   2.500000E+00   0.000000E+00   2.864528E-01
          427   3.000000E+00   0.000000E+00   2.864528E-01
          428   3.500000E+00   0.000000E+00   2.864528E-01
          429   4.000000E+00   0.000000E+00   2.864528E-01
          430   4.500000E+00   0.000000E+00   2.864528E-01
          431   5.000000E+00   0.000000E+00   2.864528E-01
          432   5.500000E+00   0.000000E+00   2.864528E-01
          433   6.000000E+00   0.000000E+00   2.864528E-01
          434   6.500000E+00   0.000000E+00   2.864528E-01
          435   7.000000E+00   0.000000E+00   2.864528E-01
          436   7.500000E+00   0.000000E+00   2.864528E-01
          437   8.000000E+00   0.000000E+00   2.864528E-01
          438   8.500000E+00   0.000000E+00   2.864528E-01
          439   9.000000E+00   0.000000E+00   2.864528E-01
          440   9.500000E+00   0.000000E+00   2.864528E-01
          441   1.000000E+01   0.000000E+00   2.864528E-01
    416  1.80231163E+03     NSTEP   TIME
 SURFACE NODE              X              Y             SW
            1   0.000000E+00   1.000000E+01   3.431510E-01
            2   5.000000E-01   1.000000E+01   3.431510E-01
            3   1.000000E+00   1.000000E+01   3.431510E-01
            4   1.500000E+00   1.000000E+01   3.431510E-01
            5   2.000000E+00   1.000000E+01   3.431510E-01
            6   2.500000E+00   1.000000E+01   3.431510E-01
            7   3.000000E+00   1.000000E+01   3.431510E-01
            8   3.500000E+00   1.000000E+01   3.431510E-01
            9   4.000000E+00   1.000000E+01   3.431510E-01
           10   4.500000E+00   1.000000E+01   3.431510E-01
           11   5.000000E+00   1.000000E+01   3.431510E-01
           12   5.500000E+00   1.000000E+01   3.431510E-01
           13   6.000000E+00   1.000000E+01   3.431510E-01
           14   6.500000E+00   1.000000E+01   3.431510E-01
           15   7.000000E+00   1.000000E+01   3.431510E-01
           16   7.500000E+00   1.000000E+01   3.431510E-01
           17   8.000000E+00   1.000000E+01   3.431510E-01
           18   8.500000E+00   1.000000E+01   3.431510E-01
           19   9.000000E+00   1.000000E+01   3.431510E-01
           20   9.500000E+00   1.000000E+01   3.431510E-01
           21   1.000000E+01   1.000000E+01   3.431510E-01
           22   0.000000E+00   9.500000E+00   3.431510E-01
           23   5.000000E-01   9.500000E+00   3.431510E-01
           24   1.000000E+00   9.500000E+00   3.431510E-01
           25   1.500000E+00   9.500000E+00   3.431510E-01
           26   2.000000E+00   9.500000E+00   3.431510E-01
           27   2.500000E+00   9.500000E+00   3.431510E-01
           28   3.000000E+00   9.500000E+00   3.431510E-01
           29   3.500000E+00   9.500000E+00   3.431510E-01
           30   4.000000E+00   9.500000E+00   3.431510E-01
           31   4.500000E+00   9.500000E+00   3.431510E-01
           32   5.000000E+00   9.500000E+00   3.431510E-01
           33   5.500000E+00   9.500000E+00   3.431510E-01
           34   6.000000E+00   9.500000E+00   3.431510E-01
           35   6.500000E+00   9.500000E+00   3.431510E-01
           36   7.000000E+00   9.500000E+00   3.431510E-01
           37   7.500000E+00   9.500000E+00   3.431510E-01
           38   8.000000E+00   9.500000E+00   3.431510E-01
           39   8.500000E+00   9.500000E+00   3.431510E-01
           40   9.000000E+00   9.500000E+00   3.431510E-01
           41   9.500000E+00   9.500000E+00   3.431510E-01
           42   1.000000E+01   9.500000E+00   3.431510E-01
           43   0.000000E+00   9.000000E+00   3.431510E-01
           44   5.000000E-01   9.000000E+00   3.431510E-01
           45   1.000000E+00   9.000000E+00   3.431510E-01
           46   1.500000E+00   9.000000E+00   3.431510E-01
           47   2.000000E+00   9.000000E+00   3.431510E-01
           48   2.500000E+00   9.000000E+00   3.431510E-01
           49   3.000000E+00   9.000000E+00   3.431510E-01
           50   3.500000E+00   9.000000E+00   3.431510E-01
           51   4.000000E+00   9.000000E+00   3.431510E-01
           52   4.500000E+00   9.000000E+00   3.431510E-01
           53   5.000000E+00   9.000000E+00   3.431510E-01
           54   5.500000E+00   9.000000E+00   3.431510E-01
           55   6.000000E+00   9.000000E+00   3.431510E-01
           56   6.500000E+00   9.000000E+00   3.431510E-01
           57   7.000000E+00   9.000000E+00   3.431510E-01
           58   7.500000E+00   9.000000E+00   3.431510E-01
           59   8.000000E+00   9.000000E+00   3.431510E-01
           60   8.500000E+00   9.000000E+00   3.431510E-01
           61   9.000000E+00   9.000000E+00   3.431510E-01
           62   9.500000E+00   9.000000E+00   3.431510E-01
           63   1.000000E+01   9.000000E+00   3.431510E-01
           64   0.000000E+00   8.500000E+00   3.431510E-01
           65   5.000000E-01   8.500000E+00   3.431510E-01
           66   1.000000E+00   8.500000E+00   3.431510E-01
           67   1.500000E+00   8.500000E+00   3.431510E-01
           68   2.000000E+00   8.500000E+00   3.431510E-01
           69   2.500000E+00   8.500000E+00   3.431510E-01
           70   3.000000E+00   8.500000E+00   3.431510E-01
           71   3.500000E+00   8.500000E+00   3.431510E-01
           72   4.000000E+00   8.500000E+00   3.431510E-01
           73   4.500000E+00   8.500000E+00   3.431510E-01
           74   5.000000E+00   8.500000E+00   3.431510E-01
           75   5.500000E+00   8.500000E+00   3.431510E-01
           76   6.000000E+00   8.500000E+00   3.431510E-01
           77   6.500000E+00   8.500000E+00   3.431510E-01
           78   7.000000E+00   8.500000E+00   3.431510E-01
           79   7.500000E+00   8.500000E+00   3.431510E-01
           80   8.000000E+00   8.500000E+00   3.431510E-01
           81   8.500000E+00   8.500000E+00   3.431510E-01
           82   9.000000E+00   8.500000E+00   3.431510E-01
           83   9.500000E+00   8.500000E+00   3.431510E-01
           84   1.000000E+01   8.500000E+00   3.431510E-01
           85   0.000000E+00   8.000000E+00   3.431510E-01
           86   5.000000E-01   8.000000E+00   3.431510E-01
           87   1.000000E+00   8.000000E+00   3.431510E-01
           88   1.500000E+00   8.000000E+00   3.431510E-01
           89   2.000000E+00   8.000000E+00   3.431510E-01
           90   2.500000E+00   8.000000E+00   3.431510E-01
           91   3.000000E+00   8.000000E+00   3.431510E-01
           92   3.500000E+00   8.000000E+00   3.431510E-01
           93   4.000000E+00   8.000000E+00   3.431510E-01
           94   4.500000E+00   8.000000E+00   3.431510E-01
           95   5.000000E+00   8.000000E+00   3.431510E-01
           96   5.500000E+00   8.000000E+00   3.431510E-01
           97   6.000000E+00   8.000000E+00   3.431510E-01
           98   6.500000E+00   8.000000E+00   3.431510E-01
           99   7.000000E+00   8.000000E+00   3.431510E-01
          100   7.500000E+00   8.000000E+00   3.431510E-01
          101   8.000000E+00   8.000000E+00   3.431510E-01
          102   8.500000E+00   8.000000E+00   3.431510E-01
          103   9.000000E+00   8.000000E+00   3.431510E-01
          104   9.500000E+00   8.000000E+00   3.431510E-01
          105   1.000000E+01   8.000000E+00   3.431510E-01
          106   0.000000E+00   7.500000E+00   3.431510E-01
          107   5.000000E-01   7.500000E+00   3.431510E-01
          108   1.000000E+00   7.500000E+00   3.431510E-01
          109   1.500000E+00   7.500000E+00   3.431510E-01
          110   2.000000E+00   7.500000E+00   3.431510E-01
          111   2.500000E+00   7.500000E+00   3.431510E-01
          112   3.000000E+00   7.500000E+00   3.431510E-01
          113   3.500000E+00   7.500000E+00   3.431510E-01
          114   4.000000E+00   7.500000E+00   3.431510E-01
          115   4.500000E+00   7.500000E+00   3.431510E-01
          116   5.000000E+00   7.500000E+00   3.431510E-01
          117   5.500000E+00   7.500000E+00   3.431510E-01
          118   6.000000E+00   7.500000E+00   3.431510E-01
          119   6.500000E+00   7.500000E+00   3.431510E-01
          120   7.000000E+00   7.500000E+00   3.431510E-01
          121   7.500000E+00   7.500000E+00   3.431510E-01
          122   8.000000E+00   7.500000E+00   3.431510E-01
          123   8.500000E+00   7.500000E+00   3.431510E-01
          124   9.000000E+00   7.500000E+00   3.431510E-01
          125   9.500000E+00   7.500000E+00   3.431510E-01
          126   1.000000E+01   7.500000E+00   3.431510E-01
          127   0.000000E+00   7.000000E+00   3.431510E-01
          128   5.000000E-01   7.000000E+00   3.431510E-01
          129   1.000000E+00   7.000000E+00   3.431510E-01
          130   1.500000E+00   7.000000E+00   3.431510E-01
          131   2.000000E+00   7.000000E+00   3.431510E-01
          132   2.500000E+00   7.000000E+00   3.431510E-01
          133   3.000000E+00   7.000000E+00   3.431510E-01
          134   3.500000E+00   7.000000E+00   3.431510E-01
          135   4.000000E+00   7.000000E+00   3.431510E-01
          136   4.500000E+00   7.000000E+00   3.431510E-01
          137   5.000000E+00   7.000000E+00   3.431510E-01
          138   5.500000E+00   7.000000E+00   3.431510E-01
          139   6.000000E+00   7.000000E+00   3.431510E-01
          140   6.500000E+00   7.000000E+00   3.431510E-01
          141   7.000000E+00   7.000000E+00   3.431510E-01
          142   7.500000E+00   7.000000E+00   3.431510E-01
          143   8.000000E+00   7.000000E+00   3.431510E-01
          144   8.500000E+00   7.000000E+00   3.431510E-01
          145   9.000000E+00   7.000000E+00   3.431510E-01
          146   9.500000E+00   7.000000E+00   3.431510E-01
          147   1.000000E+01   7.000000E+00   3.431510E-01
          148   0.000000E+00   6.500000E+00   3.431510E-01
          149   5.000000E-01   6.500000E+00   3.431510E-01
          150   1.000000E+00   6.500000E+00   3.431510E-01
          151   1.500000E+00   6.500000E+00   3.431510E-01
          152   2.000000E+00   6.500000E+00   3.431510E-01
          153   2.500000E+00   6.500000E+00   3.431510E-01
          154   3.000000E+00   6.500000E+00   3.431510E-01
          155   3.500000E+00   6.500000E+00   3.431510E-01
          156   4.000000E+00   6.500000E+00   3.431510E-01
          157   4.500000E+00   6.500000E+00   3.431510E-01
          158   5.000000E+00   6.500000E+00   3.431510E-01
          159   5.500000E+00   6.500000E+00   3.431510E-01
          160   6.000000E+00   6.500000E+00   3.431510E-01
          161   6.500000E+00   6.500000E+00   3.431510E-01
          162   7.000000E+00   6.500000E+00   3.431510E-01
          163   7.500000E+00   6.500000E+00   3.431510E-01
          164   8.000000E+00   6.500000E+00   3.431510E-01
          165   8.500000E+00   6.500000E+00   3.431510E-01
          166   9.000000E+00   6.500000E+00   3.431510E-01
          167   9.500000E+00   6.500000E+00   3.431510E-01
          168   1.000000E+01   6.500000E+00   3.431510E-01
          169   0.000000E+00   6.000000E+00   3.431510E-01
          170   5.000000E-01   6.000000E+00   3.431510E-01
          171   1.000000E+00   6.000000E+00   3.431510E-01
          172   1.500000E+00   6.000000E+00   3.431510E-01
          173   2.000000E+00   6.000000E+00   3.431510E-01
          174   2.500000E+00   6.000000E+00   3.431510E-01
          175   3.000000E+00   6.000000E+00   3.431510E-01
          176   3.500000E+00   6.000000E+00   3.431510E-01
          177   4.000000E+00   6.000000E+00   3.431510E-01
          178   4.500000E+00   6.000000E+00   3.431510E-01
          179   5.000000E+00   6.000000E+00   3.431510E-01
          180   5.500000E+00   6.000000E+00   3.431510E-01
          181   6.000000E+00   6.000000E+00   3.431510E-01
          182   6.500000E+00   6.000000E+00   3.431510E-01
          183   7.000000E+00   6.000000E+00   3.431510E-01
          184   7.500000E+00   6.000000E+00   3.431510E-01
          185   8.000000E+00   6.000000E+00   3.431510E-01
          186   8.500000E+00   6.000000E+00   3.431510E-01
          187   9.000000E+00   6.000000E+00   3.431510E-01
          188   9.500000E+00   6.000000E+00   3.431510E-01
          189   1.000000E+01   6.000000E+00   3.431510E-01
          190   0.000000E+00   5.500000E+00   3.431510E-01
          191   5.000000E-01   5.500000E+00   3.431510E-01
          192   1.000000E+00   5.500000E+00   3.431510E-01
          193   1.500000E+00   5.500000E+00   3.431510E-01
          194   2.000000E+00   5.500000E+00   3.431510E-01
          195   2.500000E+00   5.500000E+00   3.431510E-01
          196   3.000000E+00   5.500000E+00   3.431510E-01
          197   3.500000E+00   5.500000E+00   3.431510E-01
          198   4.000000E+00   5.500000E+00   3.431510E-01
          199   4.500000E+00   5.500000E+00   3.431510E-01
          200   5.000000E+00   5.500000E+00   3.431510E-01
          201   5.500000E+00   5.500000E+00   3.431510E-01
          202   6.000000E+00   5.500000E+00   3.431510E-01
          203   6.500000E+00   5.500000E+00   3.431510E-01
          204   7.000000E+00   5.500000E+00   3.431510E-01
          205   7.500000E+00   5.500000E+00   3.431510E-01
          206   8.000000E+00   5.500000E+00   3.431510E-01
          207   8.500000E+00   5.500000E+00   3.431510E-01
          208   9.000000E+00   5.500000E+00   3.431510E-01
          209   9.500000E+00   5.500000E+00   3.431510E-01
          210   1.000000E+01   5.500000E+00   3.431510E-01
          211   0.000000E+00   5.000000E+00   3.431510E-01
          212   5.000000E-01   5.000000E+00   3.431510E-01
          213   1.000000E+00   5.000000E+00   3.431510E-01
          214   1.500000E+00   5.000000E+00   3.431510E-01
          215   2.000000E+00   5.000000E+00   3.431510E-01
          216   2.500000E+00   5.000000E+00   3.431510E-01
          217   3.000000E+00   5.000000E+00   3.431510E-01
          218   3.500000E+00   5.000000E+00   3.431510E-01
          219   4.000000E+00   5.000000E+00   3.431510E-01
          220   4.500000E+00   5.000000E+00   3.431510E-01
          221   5.000000E+00   5.000000E+00   3.431510E-01
          222   5.500000E+00   5.000000E+00   3.431510E-01
          223   6.000000E+00   5.000000E+00   3.431510E-01
          224   6.500000E+00   5.000000E+00   3.431510E-01
          225   7.000000E+00   5.000000E+00   3.431510E-01
          226   7.500000E+00   5.000000E+00   3.431510E-01
          227   8.000000E+00   5.000000E+00   3.431510E-01
          228   8.500000E+00   5.000000E+00   3.431510E-01
          229   9.000000E+00   5.000000E+00   3.431510E-01
          230   9.500000E+00   5.000000E+00   3.431510E-01
          231   1.000000E+01   5.000000E+00   3.431510E-01
          232   0.000000E+00   4.500000E+00   3.431510E-01
          233   5.000000E-01   4.500000E+00   3.431510E-01
          234   1.000000E+00   4.500000E+00   3.431510E-01
          235   1.500000E+00   4.500000E+00   3.431510E-01
          236   2.000000E+00   4.500000E+00   3.431510E-01
          237   2.500000E+00   4.500000E+00   3.431510E-01
          238   3.000000E+00   4.500000E+00   3.431510E-01
          239   3.500000E+00   4.500000E+00   3.431510E-01
          240   4.000000E+00   4.500000E+00   3.431510E-01
          241   4.500000E+00   4.500000E+00   3.431510E-01
          242   5.000000E+00   4.500000E+00   3.431510E-01
          243   5.500000E+00   4.500000E+00   3.431510E-01
          244   6.000000E+00   4.500000E+00   3.431510E-01
          245   6.500000E+00   4.500000E+00   3.431510E-01
          246   7.000000E+00   4.500000E+00   3.431510E-01
          247   7.500000E+00   4.500000E+00   3.431510E-01
          248   8.000000E+00   4.500000E+00   3.431510E-01
          249   8.500000E+00   4.500000E+00   3.431510E-01
          250   9.000000E+00   4.500000E+00   3.431510E-01
          251   9.500000E+00   4.500000E+00   3.431510E-01
          252   1.000000E+01   4.500000E+00   3.431510E-01
          253   0.000000E+00   4.000000E+00   3.431510E-01
          254   5.000000E-01   4.000000E+00   3.431510E-01
          255   1.000000E+00   4.000000E+00   3.431510E-01
          256   1.500000E+00   4.000000E+00   3.431510E-01
          257   2.000000E+00   4.000000E+00   3.431510E-01
          258   2.500000E+00   4.000000E+00   3.431510E-01
          259   3.000000E+00   4.000000E+00   3.431510E-01
          260   3.500000E+00   4.000000E+00   3.431510E-01
          261   4.000000E+00   4.000000E+00   3.431510E-01
          262   4.500000E+00   4.000000E+00   3.431510E-01
          263   5.000000E+00   4.000000E+00   3.431510E-01
          264   5.500000E+00   4.000000E+00   3.431510E-01
          265   6.000000E+00   4.000000E+00   3.431510E-01
          266   6.500000E+00   4.000000E+00   3.431510E-01
          267   7.000000E+00   4.000000E+00   3.431510E-01
          268   7.500000E+00   4.000000E+00   3.431510E-01
          269   8.000000E+00   4.000000E+00   3.431510E-01
          270   8.500000E+00   4.000000E+00   3.431510E-01
          271   9.000000E+00   4.000000E+00   3.431510E-01
          272   9.500000E+00   4.000000E+00   3.431510E-01
          273   1.000000E+01   4.000000E+00   3.431510E-01
          274   0.000000E+00   3.500000E+00   3.431510E-01
          275   5.000000E-01   3.500000E+00   3.431510E-01
          276   1.000000E+00   3.500000E+00   3.431510E-01
          277   1.500000E+00   3.500000E+00   3.431510E-01
          278   2.000000E+00   3.500000E+00   3.431510E-01
          279   2.500000E+00   3.500000E+00   3.431510E-01
          280   3.000000E+00   3.500000E+00   3.431510E-01
          281   3.500000E+00   3.500000E+00   3.431510E-01
          282   4.000000E+00   3.500000E+00   3.431510E-01
          283   4.500000E+00   3.500000E+00   3.431510E-01
          284   5.000000E+00   3.500000E+00   3.431510E-01
          285   5.500000E+00   3.500000E+00   3.431510E-01
          286   6.000000E+00   3.500000E+00   3.431510E-01
          287   6.500000E+00   3.500000E+00   3.431510E-01
          288   7.000000E+00   3.500000E+00   3.431510E-01
          289   7.500000E+00   3.500000E+00   3.431510E-01
          290   8.000000E+00   3.500000E+00   3.431510E-01
          291   8.500000E+00   3.500000E+00   3.431510E-01
          292   9.000000E+00   3.500000E+00   3.431510E-01
          293   9.500000E+00   3.500000E+00   3.431510E-01
          294   1.000000E+01   3.500000E+00   3.431510E-01
          295   0.000000E+00   3.000000E+00   3.431510E-01
          296   5.000000E-01   3.000000E+00   3.431510E-01
          297   1.000000E+00   3.000000E+00   3.431510E-01
          298   1.500000E+00   3.000000E+00   3.431510E-01
          299   2.000000E+00   3.000000E+00   3.431510E-01
          300   2.500000E+00   3.000000E+00   3.431510E-01
          301   3.000000E+00   3.000000E+00   3.431510E-01
          302   3.500000E+00   3.000000E+00   3.431510E-01
          303   4.000000E+00   3.000000E+00   3.431510E-01
          304   4.500000E+00   3.000000E+00   3.431510E-01
          305   5.000000E+00   3.000000E+00   3.431510E-01
          306   5.500000E+00   3.000000E+00   3.431510E-01
          307   6.000000E+00   3.000000E+00   3.431510E-01
          308   6.500000E+00   3.000000E+00   3.431510E-01
          309   7.000000E+00   3.000000E+00   3.431510E-01
          310   7.500000E+00   3.000000E+00   3.431510E-01
          311   8.000000E+00   3.000000E+00   3.431510E-01
          312   8.500000E+00   3.000000E+00   3.431510E-01
          313   9.000000E+00   3.000000E+00   3.431510E-01
          314   9.500000E+00   3.000000E+00   3.431510E-01
          315   1.000000E+01   3.000000E+00   3.431510E-01
          316   0.000000E+00   2.500000E+00   3.431510E-01
          317   5.000000E-01   2.500000E+00   3.431510E-01
          318   1.000000E+00   2.500000E+00   3.431510E-01
          319   1.500000E+00   2.500000E+00   3.431510E-01
          320   2.000000E+00   2.500000E+00   3.431510E-01
          321   2.500000E+00   2.500000E+00   3.431510E-01
          322   3.000000E+00   2.500000E+00   3.431510E-01
          323   3.500000E+00   2.500000E+00   3.431510E-01
          324   4.000000E+00   2.500000E+00   3.431510E-01
          325   4.500000E+00   2.500000E+00   3.431510E-01
          326   5.000000E+00   2.500000E+00   3.431510E-01
          327   5.500000E+00   2.500000E+00   3.431510E-01
          328   6.000000E+00   2.500000E+00   3.431510E-01
          329   6.500000E+00   2.500000E+00   3.431510E-01
          330   7.000000E+00   2.500000E+00   3.431510E-01
          331   7.500000E+00   2.500000E+00   3.431510E-01
          332   8.000000E+00   2.500000E+00   3.431510E-01
          333   8.500000E+00   2.500000E+00   3.431510E-01
          334   9.000000E+00   2.500000E+00   3.431510E-01
          335   9.500000E+00   2.500000E+00   3.431510E-01
          336   1.000000E+01   2.500000E+00   3.431510E-01
          337   0.000000E+00   2.000000E+00   3.431510E-01
          338   5.000000E-01   2.000000E+00   3.431510E-01
          339   1.000000E+00   2.000000E+00   3.431510E-01
          340   1.500000E+00   2.000000E+00   3.431510E-01
          341   2.000000E+00   2.000000E+00   3.431510E-01
          342   2.500000E+00   2.000000E+00   3.431510E-01
          343   3.000000E+00   2.000000E+00   3.431510E-01
          344   3.500000E+00   2.000000E+00   3.431510E-01
          345   4.000000E+00   2.000000E+00   3.431510E-01
          346   4.500000E+00   2.000000E+00   3.431510E-01
          347   5.000000E+00   2.000000E+00   3.431510E-01
          348   5.500000E+00   2.000000E+00   3.431510E-01
          349   6.000000E+00   2.000000E+00   3.431510E-01
          350   6.500000E+00   2.000000E+00   3.431510E-01
          351   7.000000E+00   2.000000E+00   3.431510E-01
          352   7.500000E+00   2.000000E+00   3.431510E-01
          353   8.000000E+00   2.000000E+00   3.431510E-01
          354   8.500000E+00   2.000000E+00   3.431510E-01
          355   9.000000E+00   2.000000E+00   3.431510E-01
          356   9.500000E+00   2.000000E+00   3.431510E-01
          357   1.000000E+01   2.000000E+00   3.431510E-01
          358   0.000000E+00   1.500000E+00   3.431510E-01
          359   5.000000E-01   1.500000E+00   3.431510E-01
          360   1.000000E+00   1.500000E+00   3.431510E-01
          361   1.500000E+00   1.500000E+00   3.431510E-01
          362   2.000000E+00   1.500000E+00   3.431510E-01
          363   2.500000E+00   1.500000E+00   3.431510E-01
          364   3.000000E+00   1.500000E+00   3.431510E-01
          365   3.500000E+00   1.500000E+00   3.431510E-01
          366   4.000000E+00   1.500000E+00   3.431510E-01
          367   4.500000E+00   1.500000E+00   3.431510E-01
          368   5.000000E+00   1.500000E+00   3.431510E-01
          369   5.500000E+00   1.500000E+00   3.431510E-01
          370   6.000000E+00   1.500000E+00   3.431510E-01
          371   6.500000E+00   1.500000E+00   3.431510E-01
          372   7.000000E+00   1.500000E+00   3.431510E-01
          373   7.500000E+00   1.500000E+00   3.431510E-01
          374   8.000000E+00   1.500000E+00   3.431510E-01
          375   8.500000E+00   1.500000E+00   3.431510E-01
          376   9.000000E+00   1.500000E+00   3.431510E-01
          377   9.500000E+00   1.500000E+00   3.431510E-01
          378   1.000000E+01   1.500000E+00   3.431510E-01
          379   0.000000E+00   1.000000E+00   3.431510E-01
          380   5.000000E-01   1.000000E+00   3.431510E-01
          381   1.000000E+00   1.000000E+00   3.431510E-01
          382   1.500000E+00   1.000000E+00   3.431510E-01
          383   2.000000E+00   1.000000E+00   3.431510E-01
          384   2.500000E+00   1.000000E+00   3.431510E-01
          385   3.000000E+00   1.000000E+00   3.431510E-01
          386   3.500000E+00   1.000000E+00   3.431510E-01
          387   4.000000E+00   1.000000E+00   3.431510E-01
          388   4.500000E+00   1.000000E+00   3.431510E-01
          389   5.000000E+00   1.000000E+00   3.431510E-01
          390   5.500000E+00   1.000000E+00   3.431510E-01
          391   6.000000E+00   1.000000E+00   3.431510E-01
          392   6.500000E+00   1.000000E+00   3.431510E-01
          393   7.000000E+00   1.000000E+00   3.431510E-01
          394   7.500000E+00   1.000000E+00   3.431510E-01
          395   8.000000E+00   1.000000E+00   3.431510E-01
          396   8.500000E+00   1.000000E+00   3.431510E-01
          397   9.000000E+00   1.000000E+00   3.431510E-01
          398   9.500000E+00   1.000000E+00   3.431510E-01
          399   1.000000E+01   1.000000E+00   3.431510E-01
          400   0.000000E+00   5.000000E-01   3.431510E-01
          401   5.000000E-01   5.000000E-01   3.431510E-01
          402   1.000000E+00   5.000000E-01   3.431510E-01
          403   1.500000E+00   5.000000E-01   3.431510E-01
          404   2.000000E+00   5.000000E-01   3.431510E-01
          405   2.500000E+00   5.000000E-01   3.431510E-01
          406   3.000000E+00   5.000000E-01   3.431510E-01
          407   3.500000E+00   5.000000E-01   3.431510E-01
          408   4.000000E+00   5.000000E-01   3.431510E-01
          409   4.500000E+00   5.000000E-01   3.431510E-01
          410   5.000000E+00   5.000000E-01   3.431510E-01
          411   5.500000E+00   5.000000E-01   3.431510E-01
          412   6.000000E+00   5.000000E-01   3.431510E-01
          413   6.500000E+00   5.000000E-01   3.431510E-01
          414   7.000000E+00   5.000000E-01   3.431510E-01
          415   7.500000E+00   5.000000E-01   3.431510E-01
          416   8.000000E+00   5.000000E-01   3.431510E-01
          417   8.500000E+00   5.000000E-01   3.431510E-01
          418   9.000000E+00   5.000000E-01   3.431510E-01
          419   9.500000E+00   5.000000E-01   3.431510E-01
          420   1.000000E+01   5.000000E-01   3.431510E-01
          421   0.000000E+00   0.000000E+00   3.431510E-01
          422   5.000000E-01   0.000000E+00   3.431510E-01
          423   1.000000E+00   0.000000E+00   3.431510E-01
          424   1.500000E+00   0.000000E+00   3.431510E-01
          425   2.000000E+00   0.000000E+00   3.431510E-01
          426   2.500000E+00   0.000000E+00   3.431510E-01
          427   3.000000E+00   0.000000E+00   3.431510E-01
          428   3.500000E+00   0.000000E+00   3.431510E-01
          429   4.000000E+00   0.000000E+00   3.431510E-01
          430   4.500000E+00   0.000000E+00   3.431510E-01
          431   5.000000E+00   0.000000E+00   3.431510E-01
          432   5.500000E+00   0.000000E+00   3.431510E-01
          433   6.000000E+00   0.000000E+00   3.431510E-01
          434   6.500000E+00   0.000000E+00   3.431510E-01
          435   7.000000E+00   0.000000E+00   3.431510E-01
          436   7.500000E+00   0.000000E+00   3.431510E-01
          437   8.000000E+00   0.000000E+00   3.431510E-01
          438   8.500000E+00   0.000000E+00   3.431510E-01
          439   9.000000E+00   0.000000E+00   3.431510E-01
          440   9.500000E+00   0.000000E+00   3.431510E-01
          441   1.000000E+01   0.000000E+00   3.431510E-01
    803  7.20000000E+03     NSTEP   TIME
 SURFACE NODE              X              Y             SW
            1   0.000000E+00   1.000000E+01   3.431510E-01
            2   5.000000E-01   1.000000E+01   3.431510E-01
            3   1.000000E+00   1.000000E+01   3.431510E-01
            4   1.500000E+00   1.000000E+01   3.431510E-01
            5   2.000000E+00   1.000000E+01   3.431510E-01
            6   2.500000E+00   1.000000E+01   3.431510E-01
            7   3.000000E+00   1.000000E+01   3.431510E-01
            8   3.500000E+00   1.000000E+01   3.431510E-01
            9   4.000000E+00   1.000000E+01   3.431510E-01
           10   4.500000E+00   1.000000E+01   3.431510E-01
           11   5.000000E+00   1.000000E+01   3.431510E-01
           12   5.500000E+00   1.000000E+01   3.431510E-01
           13   6.000000E+00   1.000000E+01   3.431510E-01
           14   6.500000E+00   1.000000E+01   3.431510E-01
           15   7.000000E+00   1.000000E+01   3.431510E-01
           16   7.500000E+00   1.000000E+01   3.431510E-01
           17   8.000000E+00   1.000000E+01   3.431510E-01
           18   8.500000E+00   1.000000E+01   3.431510E-01
           19   9.000000E+00   1.000000E+01   3.431510E-01
           20   9.500000E+00   1.000000E+01   3.431510E-01
           21   1.000000E+01   1.000000E+01   3.431510E-01
           22   0.000000E+00   9.500000E+00   3.431510E-01
           23   5.000000E-01   9.500000E+00   3.431510E-01
           24   1.000000E+00   9.500000E+00   3.431510E-01
           25   1.500000E+00   9.500000E+00   3.431510E-01
           26   2.000000E+00   9.500000E+00   3.431510E-01
           27   2.500000E+00   9.500000E+00   3.431510E-01
           28   3.000000E+00   9.500000E+00   3.431510E-01
           29   3.500000E+00   9.500000E+00   3.431510E-01
           30   4.000000E+00   9.500000E+00   3.431510E-01
           31   4.500000E+00   9.500000E+00   3.431510E-01
           32   5.000000E+00   9.500000E+00   3.431510E-01
           33   5.500000E+00   9.500000E+00   3.431510E-01
           34   6.000000E+00   9.500000E+00   3.431510E-01
           35   6.500000E+00   9.500000E+00   3.431510E-01
           36   7.000000E+00   9.500000E+00   3.431510E-01
           37   7.500000E+00   9.500000E+00   3.431510E-01
           38   8.000000E+00   9.500000E+00   3.431510E-01
           39   8.500000E+00   9.500000E+00   3.431510E-01
           40   9.000000E+00   9.500000E+00   3.431510E-01
           41   9.500000E+00   9.500000E+00   3.431510E-01
           42   1.000000E+01   9.500000E+00   3.431510E-01
           43   0.000000E+00   9.000000E+00   3.431510E-01
           44   5.000000E-01   9.000000E+00   3.431510E-01
           45   1.000000E+00   9.000000E+00   3.431510E-01
           46   1.500000E+00   9.000000E+00   3.431510E-01
           47   2.000000E+00   9.000000E+00   3.431510E-01
           48   2.500000E+00   9.000000E+00   3.431510E-01
           49   3.000000E+00   9.000000E+00   3.431510E-01
           50   3.500000E+00   9.000000E+00   3.431510E-01
           51   4.000000E+00   9.000000E+00   3.431510E-01
           52   4.500000E+00   9.000000E+00   3.431510E-01
           53   5.000000E+00   9.000000E+00   3.431510E-01
           54   5.500000E+00   9.000000E+00   3.431510E-01
           55   6.000000E+00   9.000000E+00   3.431510E-01
           56   6.500000E+00   9.000000E+00   3.431510E-01
           57   7.000000E+00   9.000000E+00   3.431510E-01
           58   7.500000E+00   9.000000E+00   3.431510E-01
           59   8.000000E+00   9.000000E+00   3.431510E-01
           60   8.500000E+00   9.000000E+00   3.431510E-01
           61   9.000000E+00   9.000000E+00   3.431510E-01
           62   9.500000E+00   9.000000E+00   3.431510E-01
           63   1.000000E+01   9.000000E+00   3.431510E-01
           64   0.000000E+00   8.500000E+00   3.431510E-01
           65   5.000000E-01   8.500000E+00   3.431510E-01
           66   1.000000E+00   8.500000E+00   3.431510E-01
           67   1.500000E+00   8.500000E+00   3.431510E-01
           68   2.000000E+00   8.500000E+00   3.431510E-01
           69   2.500000E+00   8.500000E+00   3.431510E-01
           70   3.000000E+00   8.500000E+00   3.431510E-01
           71   3.500000E+00   8.500000E+00   3.431510E-01
           72   4.000000E+00   8.500000E+00   3.431510E-01
           73   4.500000E+00   8.500000E+00   3.431510E-01
           74   5.000000E+00   8.500000E+00   3.431510E-01
           75   5.500000E+00   8.500000E+00   3.431510E-01
           76   6.000000E+00   8.500000E+00   3.431510E-01
           77   6.500000E+00   8.500000E+00   3.431510E-01
           78   7.000000E+00   8.500000E+00   3.431510E-01
           79   7.500000E+00   8.500000E+00   3.431510E-01
           80   8.000000E+00   8.500000E+00   3.431510E-01
           81   8.500000E+00   8.500000E+00   3.431510E-01
           82   9.000000E+00   8.500000E+00   3.431510E-01
           83   9.500000E+00   8.500000E+00   3.431510E-01
           84   1.000000E+01   8.500000E+00   3.431510E-01
           85   0.000000E+00   8.000000E+00   3.431510E-01
           86   5.000000E-01   8.000000E+00   3.431510E-01
           87   1.000000E+00   8.000000E+00   3.431510E-01
           88   1.500000E+00   8.000000E+00   3.431510E-01
           89   2.000000E+00   8.000000E+00   3.431510E-01
           90   2.500000E+00   8.000000E+00   3.431510E-01
           91   3.000000E+00   8.000000E+00   3.431510E-01
           92   3.500000E+00   8.000000E+00   3.431510E-01
           93   4.000000E+00   8.000000E+00   3.431510E-01
           94   4.500000E+00   8.000000E+00   3.431510E-01
           95   5.000000E+00   8.000000E+00   3.431510E-01
           96   5.500000E+00   8.000000E+00   3.431510E-01
           97   6.000000E+00   8.000000E+00   3.431510E-01
           98   6.500000E+00   8.000000E+00   3.431510E-01
           99   7.000000E+00   8.000000E+00   3.431510E-01
          100   7.500000E+00   8.000000E+00   3.431510E-01
          101   8.000000E+00   8.000000E+00   3.431510E-01
          102   8.500000E+00   8.000000E+00   3.431510E-01
          103   9.000000E+00   8.000000E+00   3.431510E-01
          104   9.500000E+00   8.000000E+00   3.431510E-01
          105   1.000000E+01   8.000000E+00   3.431510E-01
          106   0.000000E+00   7.500000E+00   3.431510E-01
          107   5.000000E-01   7.500000E+00   3.431510E-01
          108   1.000000E+00   7.500000E+00   3.431510E-01
          109   1.500000E+00   7.500000E+00   3.431510E-01
          110   2.000000E+00   7.500000E+00   3.431510E-01
          111   2.500000E+00   7.500000E+00   3.431510E-01
          112   3.000000E+00   7.500000E+00   3.431510E-01
          113   3.500000E+00   7.500000E+00   3.431510E-01
          114   4.000000E+00   7.500000E+00   3.431510E-01
          115   4.500000E+00   7.500000E+00   3.431510E-01
          116   5.000000E+00   7.500000E+00   3.431510E-01
          117   5.500000E+00   7.500000E+00   3.431510E-01
          118   6.000000E+00   7.500000E+00   3.431510E-01
          119   6.500000E+00   7.500000E+00   3.431510E-01
          120   7.000000E+00   7.500000E+00   3.431510E-01
          121   7.500000E+00   7.500000E+00   3.431510E-01
          122   8.000000E+00   7.500000E+00   3.431510E-01
          123   8.500000E+00   7.500000E+00   3.431510E-01
          124   9.000000E+00   7.500000E+00   3.431510E-01
          125   9.500000E+00   7.500000E+00   3.431510E-01
          126   1.000000E+01   7.500000E+00   3.431510E-01
          127   0.000000E+00   7.000000E+00   3.431510E-01
          128   5.000000E-01   7.000000E+00   3.431510E-01
          129   1.000000E+00   7.000000E+00   3.431510E-01
          130   1.500000E+00   7.000000E+00   3.431510E-01
          131   2.000000E+00   7.000000E+00   3.431510E-01
          132   2.500000E+00   7.000000E+00   3.431510E-01
          133   3.000000E+00   7.000000E+00   3.431510E-01
          134   3.500000E+00   7.000000E+00   3.431510E-01
          135   4.000000E+00   7.000000E+00   3.431510E-01
          136   4.500000E+00   7.000000E+00   3.431510E-01
          137   5.000000E+00   7.000000E+00   3.431510E-01
          138   5.500000E+00   7.000000E+00   3.431510E-01
          139   6.000000E+00   7.000000E+00   3.431510E-01
          140   6.500000E+00   7.000000E+00   3.431510E-01
          141   7.000000E+00   7.000000E+00   3.431510E-01
          142   7.500000E+00   7.000000E+00   3.431510E-01
          143   8.000000E+00   7.000000E+00   3.431510E-01
          144   8.500000E+00   7.000000E+00   3.431510E-01
          145   9.000000E+00   7.000000E+00   3.431510E-01
          146   9.500000E+00   7.000000E+00   3.431510E-01
          147   1.000000E+01   7.000000E+00   3.431510E-01
          148   0.000000E+00   6.500000E+00   3.431510E-01
          149   5.000000E-01   6.500000E+00   3.431510E-01
          150   1.000000E+00   6.500000E+00   3.431510E-01
          151   1.500000E+00   6.500000E+00   3.431510E-01
          152   2.000000E+00   6.500000E+00   3.431510E-01
          153   2.500000E+00   6.500000E+00   3.431510E-01
          154   3.000000E+00   6.500000E+00   3.431510E-01
          155   3.500000E+00   6.500000E+00   3.431510E-01
          156   4.000000E+00   6.500000E+00   3.431510E-01
          157   4.500000E+00   6.500000E+00   3.431510E-01
          158   5.000000E+00   6.500000E+00   3.431510E-01
          159   5.500000E+00   6.500000E+00   3.431510E-01
          160   6.000000E+00   6.500000E+00   3.431510E-01
          161   6.500000E+00   6.500000E+00   3.431510E-01
          162   7.000000E+00   6.500000E+00   3.431510E-01
          163   7.500000E+00   6.500000E+00   3.431510E-01
          164   8.000000E+00   6.500000E+00   3.431510E-01
          165   8.500000E+00   6.500000E+00   3.431510E-01
          166   9.000000E+00   6.500000E+00   3.431510E-01
          167   9.500000E+00   6.500000E+00   3.431510E-01
          168   1.000000E+01   6.500000E+00   3.431510E-01
          169   0.000000E+00   6.000000E+00   3.431510E-01
          170   5.000000E-01   6.000000E+00   3.431510E-01
          171   1.000000E+00   6.000000E+00   3.431510E-01
          172   1.500000E+00   6.000000E+00   3.431510E-01
          173   2.000000E+00   6.000000E+00   3.431510E-01
          174   2.500000E+00   6.000000E+00   3.431510E-01
          175   3.000000E+00   6.000000E+00   3.431510E-01
          176   3.500000E+00   6.000000E+00   3.431510E-01
          177   4.000000E+00   6.000000E+00   3.431510E-01
          178   4.500000E+00   6.000000E+00   3.431510E-01
          179   5.000000E+00   6.000000E+00   3.431510E-01
          180   5.500000E+00   6.000000E+00   3.431510E-01
          181   6.000000E+00   6.000000E+00   3.431510E-01
          182   6.500000E+00   6.000000E+00   3.431510E-01
          183   7.000000E+00   6.000000E+00   3.431510E-01
          184   7.500000E+00   6.000000E+00   3.431510E-01
          185   8.000000E+00   6.000000E+00   3.431510E-01
          186   8.500000E+00   6.000000E+00   3.431510E-01
          187   9.000000E+00   6.000000E+00   3.431510E-01
          188   9.500000E+00   6.000000E+00   3.431510E-01
          189   1.000000E+01   6.000000E+00   3.431510E-01
          190   0.000000E+00   5.500000E+00   3.431510E-01
          191   5.000000E-01   5.500000E+00   3.431510E-01
          192   1.000000E+00   5.500000E+00   3.431510E-01
          193   1.500000E+00   5.500000E+00   3.431510E-01
          194   2.000000E+00   5.500000E+00   3.431510E-01
          195   2.500000E+00   5.500000E+00   3.431510E-01
          196   3.000000E+00   5.500000E+00   3.431510E-01
          197   3.500000E+00   5.500000E+00   3.431510E-01
          198   4.000000E+00   5.500000E+00   3.431510E-01
          199   4.500000E+00   5.500000E+00   3.431510E-01
          200   5.000000E+00   5.500000E+00   3.431510E-01
          201   5.500000E+00   5.500000E+00   3.431510E-01
          202   6.000000E+00   5.500000E+00   3.431510E-01
          203   6.500000E+00   5.500000E+00   3.431510E-01
          204   7.000000E+00   5.500000E+00   3.431510E-01
          205   7.500000E+00   5.500000E+00   3.431510E-01
          206   8.000000E+00   5.500000E+00   3.431510E-01
          207   8.500000E+00   5.500000E+00   3.431510E-01
          208   9.000000E+00   5.500000E+00   3.431510E-01
          209   9.500000E+00   5.500000E+00   3.431510E-01
          210   1.000000E+01   5.500000E+00   3.431510E-01
          211   0.000000E+00   5.000000E+00   3.431510E-01
          212   5.000000E-01   5.000000E+00   3.431510E-01
          213   1.000000E+00   5.000000E+00   3.431510E-01
          214   1.500000E+00   5.000000E+00   3.431510E-01
          215   2.000000E+00   5.000000E+00   3.431510E-01
          216   2.500000E+00   5.000000E+00   3.431510E-01
          217   3.000000E+00   5.000000E+00   3.431510E-01
          218   3.500000E+00   5.000000E+00   3.431510E-01
          219   4.000000E+00   5.000000E+00   3.431510E-01
          220   4.500000E+00   5.000000E+00   3.431510E-01
          221   5.000000E+00   5.000000E+00   3.431510E-01
          222   5.500000E+00   5.000000E+00   3.431510E-01
          223   6.000000E+00   5.000000E+00   3.431510E-01
          224   6.500000E+00   5.000000E+00   3.431510E-01
          225   7.000000E+00   5.000000E+00   3.431510E-01
          226   7.500000E+00   5.000000E+00   3.431510E-01
          227   8.000000E+00   5.000000E+00   3.431510E-01
          228   8.500000E+00   5.000000E+00   3.431510E-01
          229   9.000000E+00   5.000000E+00   3.431510E-01
          230   9.500000E+00   5.000000E+00   3.431510E-01
          231   1.000000E+01   5.000000E+00   3.431510E-01
          232   0.000000E+00   4.500000E+00   3.431510E-01
          233   5.000000E-01   4.500000E+00   3.431510E-01
          234   1.000000E+00   4.500000E+00   3.431510E-01
          235   1.500000E+00   4.500000E+00   3.431510E-01
          236   2.000000E+00   4.500000E+00   3.431510E-01
          237   2.500000E+00   4.500000E+00   3.431510E-01
          238   3.000000E+00   4.500000E+00   3.431510E-01
          239   3.500000E+00   4.500000E+00   3.431510E-01
          240   4.000000E+00   4.500000E+00   3.431510E-01
          241   4.500000E+00   4.500000E+00   3.431510E-01
          242   5.000000E+00   4.500000E+00   3.431510E-01
          243   5.500000E+00   4.500000E+00   3.431510E-01
          244   6.000000E+00   4.500000E+00   3.431510E-01
          245   6.500000E+00   4.500000E+00   3.431510E-01
          246   7.000000E+00   4.500000E+00   3.431510E-01
          247   7.500000E+00   4.500000E+00   3.431510E-01
          248   8.000000E+00   4.500000E+00   3.431510E-01
          249   8.500000E+00   4.500000E+00   3.431510E-01
          250   9.000000E+00   4.500000E+00   3.431510E-01
          251   9.500000E+00   4.500000E+00   3.431510E-01
          252   1.000000E+01   4.500000E+00   3.431510E-01
          253   0.000000E+00   4.000000E+00   3.431510E-01
          254   5.000000E-01   4.000000E+00   3.431510E-01
          255   1.000000E+00   4.000000E+00   3.431510E-01
          256   1.500000E+00   4.000000E+00   3.431510E-01
          257   2.000000E+00   4.000000E+00   3.431510E-01
          258   2.500000E+00   4.000000E+00   3.431510E-01
          259   3.000000E+00   4.000000E+00   3.431510E-01
          260   3.500000E+00   4.000000E+00   3.431510E-01
          261   4.000000E+00   4.000000E+00   3.431510E-01
          262   4.500000E+00   4.000000E+00   3.431510E-01
          263   5.000000E+00   4.000000E+00   3.431510E-01
          264   5.500000E+00   4.000000E+00   3.431510E-01
          265   6.000000E+00   4.000000E+00   3.431510E-01
          266   6.500000E+00   4.000000E+00   3.431510E-01
          267   7.000000E+00   4.000000E+00   3.431510E-01
          268   7.500000E+00   4.000000E+00   3.431510E-01
          269   8.000000E+00   4.000000E+00   3.431510E-01
          270   8.500000E+00   4.000000E+00   3.431510E-01
          271   9.000000E+00   4.000000E+00   3.431510E-01
          272   9.500000E+00   4.000000E+00   3.431510E-01
          273   1.000000E+01   4.000000E+00   3.431510E-01
          274   0.000000E+00   3.500000E+00   3.431510E-01
          275   5.000000E-01   3.500000E+00   3.431510E-01
          276   1.000000E+00   3.500000E+00   3.431510E-01
          277   1.500000E+00   3.500000E+00   3.431510E-01
          278   2.000000E+00   3.500000E+00   3.431510E-01
          279   2.500000E+00   3.500000E+00   3.431510E-01
          280   3.000000E+00   3.500000E+00   3.431510E-01
          281   3.500000E+00   3.500000E+00   3.431510E-01
          282   4.000000E+00   3.500000E+00   3.431510E-01
          283   4.500000E+00   3.500000E+00   3.431510E-01
          284   5.000000E+00   3.500000E+00   3.431510E-01
          285   5.500000E+00   3.500000E+00   3.431510E-01
          286   6.000000E+00   3.500000E+00   3.431510E-01
          287   6.500000E+00   3.500000E+00   3.431510E-01
          288   7.000000E+00   3.500000E+00   3.431510E-01
          289   7.500000E+00   3.500000E+00   3.431510E-01
          290   8.000000E+00   3.500000E+00   3.431510E-01
          291   8.500000E+00   3.500000E+00   3.431510E-01
          292   9.000000E+00   3.500000E+00   3.431510E-01
          293   9.500000E+00   3.500000E+00   3.431510E-01
          294   1.000000E+01   3.500000E+00   3.431510E-01
          295   0.000000E+00   3.000000E+00   3.431510E-01
          296   5.000000E-01   3.000000E+00   3.431510E-01
          297   1.000000E+00   3.000000E+00   3.431510E-01
          298   1.500000E+00   3.000000E+00   3.431510E-01
          299   2.000000E+00   3.000000E+00   3.431510E-01
          300   2.500000E+00   3.000000E+00   3.431510E-01
          301   3.000000E+00   3.000000E+00   3.431510E-01
          302   3.500000E+00   3.000000E+00   3.431510E-01
          303   4.000000E+00   3.000000E+00   3.431510E-01
          304   4.500000E+00   3.000000E+00   3.431510E-01
          305   5.000000E+00   3.000000E+00   3.431510E-01
          306   5.500000E+00   3.000000E+00   3.431510E-01
          307   6.000000E+00   3.000000E+00   3.431510E-01
          308   6.500000E+00   3.000000E+00   3.431510E-01
          309   7.000000E+00   3.000000E+00   3.431510E-01
          310   7.500000E+00   3.000000E+00   3.431510E-01
          311   8.000000E+00   3.000000E+00   3.431510E-01
          312   8.500000E+00   3.000000E+00   3.431510E-01
          313   9.000000E+00   3.000000E+00   3.431510E-01
          314   9.500000E+00   3.000000E+00   3.431510E-01
          315   1.000000E+01   3.000000E+00   3.431510E-01
          316   0.000000E+00   2.500000E+00   3.431510E-01
          317   5.000000E-01   2.500000E+00   3.431510E-01
          318   1.000000E+00   2.500000E+00   3.431510E-01
          319   1.500000E+00   2.500000E+00   3.431510E-01
          320   2.000000E+00   2.500000E+00   3.431510E-01
          321   2.500000E+00   2.500000E+00   3.431510E-01
          322   3.000000E+00   2.500000E+00   3.431510E-01
          323   3.500000E+00   2.500000E+00   3.431510E-01
          324   4.000000E+00   2.500000E+00   3.431510E-01
          325   4.500000E+00   2.500000E+00   3.431510E-01
          326   5.000000E+00   2.500000E+00   3.431510E-01
          327   5.500000E+00   2.500000E+00   3.431510E-01
          328   6.000000E+00   2.500000E+00   3.431510E-01
          329   6.500000E+00   2.500000E+00   3.431510E-01
          330   7.000000E+00   2.500000E+00   3.431510E-01
          331   7.500000E+00   2.500000E+00   3.431510E-01
          332   8.000000E+00   2.500000E+00   3.431510E-01
          333   8.500000E+00   2.500000E+00   3.431510E-01
          334   9.000000E+00   2.500000E+00   3.431510E-01
          335   9.500000E+00   2.500000E+00   3.431510E-01
          336   1.000000E+01   2.500000E+00   3.431510E-01
          337   0.000000E+00   2.000000E+00   3.431510E-01
          338   5.000000E-01   2.000000E+00   3.431510E-01
          339   1.000000E+00   2.000000E+00   3.431510E-01
          340   1.500000E+00   2.000000E+00   3.431510E-01
          341   2.000000E+00   2.000000E+00   3.431510E-01
          342   2.500000E+00   2.000000E+00   3.431510E-01
          343   3.000000E+00   2.000000E+00   3.431510E-01
          344   3.500000E+00   2.000000E+00   3.431510E-01
          345   4.000000E+00   2.000000E+00   3.431510E-01
          346   4.500000E+00   2.000000E+00   3.431510E-01
          347   5.000000E+00   2.000000E+00   3.431510E-01
          348   5.500000E+00   2.000000E+00   3.431510E-01
          349   6.000000E+00   2.000000E+00   3.431510E-01
          350   6.500000E+00   2.000000E+00   3.431510E-01
          351   7.000000E+00   2.000000E+00   3.431510E-01
          352   7.500000E+00   2.000000E+00   3.431510E-01
          353   8.000000E+00   2.000000E+00   3.431510E-01
          354   8.500000E+00   2.000000E+00   3.431510E-01
          355   9.000000E+00   2.000000E+00   3.431510E-01
          356   9.500000E+00   2.000000E+00   3.431510E-01
          357   1.000000E+01   2.000000E+00   3.431510E-01
          358   0.000000E+00   1.500000E+00   3.431510E-01
          359   5.000000E-01   1.500000E+00   3.431510E-01
          360   1.000000E+00   1.500000E+00   3.431510E-01
          361   1.500000E+00   1.500000E+00   3.431510E-01
          362   2.000000E+00   1.500000E+00   3.431510E-01
          363   2.500000E+00   1.500000E+00   3.431510E-01
          364   3.000000E+00   1.500000E+00   3.431510E-01
          365   3.500000E+00   1.500000E+00   3.431510E-01
          366   4.000000E+00   1.500000E+00   3.431510E-01
          367   4.500000E+00   1.500000E+00   3.431510E-01
          368   5.000000E+00   1.500000E+00   3.431510E-01
          369   5.500000E+00   1.500000E+00   3.431510E-01
          370   6.000000E+00   1.500000E+00   3.431510E-01
          371   6.500000E+00   1.500000E+00   3.431510E-01
          372   7.000000E+00   1.500000E+00   3.431510E-01
          373   7.500000E+00   1.500000E+00   3.431510E-01
          374   8.000000E+00   1.500000E+00   3.431510E-01
          375   8.500000E+00   1.500000E+00   3.431510E-01
          376   9.000000E+00   1.500000E+00   3.431510E-01
          377   9.500000E+00   1.500000E+00   3.431510E-01
          378   1.000000E+01   1.500000E+00   3.431510E-01
          379   0.000000E+00   1.000000E+00   3.431510E-01
          380   5.000000E-01   1.000000E+00   3.431510E-01
          381   1.000000E+00   1.000000E+00   3.431510E-01
          382   1.500000E+00   1.000000E+00   3.431510E-01
          383   2.000000E+00   1.000000E+00   3.431510E-01
          384   2.500000E+00   1.000000E+00   3.431510E-01
          385   3.000000E+00   1.000000E+00   3.431510E-01
          386   3.500000E+00   1.000000E+00   3.431510E-01
          387   4.000000E+00   1.000000E+00   3.431510E-01
          388   4.500000E+00   1.000000E+00   3.431510E-01
          389   5.000000E+00   1.000000E+00   3.431510E-01
          390   5.500000E+00   1.000000E+00   3.431510E-01
          391   6.000000E+00   1.000000E+00   3.431510E-01
          392   6.500000E+00   1.000000E+00   3.431510E-01
          393   7.000000E+00   1.000000E+00   3.431510E-01
          394   7.500000E+00   1.000000E+00   3.431510E-01
          395   8.000000E+00   1.000000E+00   3.431510E-01
          396   8.500000E+00   1.000000E+00   3.431510E-01
          397   9.000000E+00   1.000000E+00   3.431510E-01
          398   9.500000E+00   1.000000E+00   3.431510E-01
          399   1.000000E+01   1.000000E+00   3.431510E-01
          400   0.000000E+00   5.000000E-01   3.431510E-01
          401   5.000000E-01   5.000000E-01   3.431510E-01
          402   1.000000E+00   5.000000E-01   3.431510E-01
          403   1.500000E+00   5.000000E-01   3.431510E-01
          404   2.000000E+00   5.000000E-01   3.431510E-01
          405   2.500000E+00   5.000000E-01   3.431510E-01
          406   3.000000E+00   5.000000E-01   3.431510E-01
          407   3.500000E+00   5.000000E-01   3.431510E-01
          408   4.000000E+00   5.000000E-01   3.431510E-01
          409   4.500000E+00   5.000000E-01   3.431510E-01
          410   5.000000E+00   5.000000E-01   3.431510E-01
          411   5.500000E+00   5.000000E-01   3.431510E-01
          412   6.000000E+00   5.000000E-01   3.431510E-01
          413   6.500000E+00   5.000000E-01   3.431510E-01
          414   7.000000E+00   5.000000E-01   3.431510E-01
          415   7.500000E+00   5.000000E-01   3.431510E-01
          416   8.000000E+00   5.000000E-01   3.431510E-01
          417   8.500000E+00   5.000000E-01   3.431510E-01
          418   9.000000E+00   5.000000E-01   3.431510E-01
          419   9.500000E+00   5.000000E-01   3.431510E-01
          420   1.000000E+01   5.000000E-01   3.431510E-01
          421   0.000000E+00   0.000000E+00   3.431510E-01
          422   5.000000E-01   0.000000E+00   3.431510E-01
          423   1.000000E+00   0.000000E+00   3.431510E-01
          424   1.500000E+00   0.000000E+00   3.431510E-01
          425   2.000000E+00   0.000000E+00   3.431510E-01
          426   2.500000E+00   0.000000E+00   3.431510E-01
          427   3.000000E+00   0.000000E+00   3.431510E-01
          428   3.500000E+00   0.000000E+00   3.431510E-01
          429   4.000000E+00   0.000000E+00   3.431510E-01
          430   4.500000E+00   0.000000E+00   3.431510E-01
          431   5.000000E+00   0.000000E+00   3.431510E-01
          432   5.500000E+00   0.000000E+00   3.431510E-01
          433   6.000000E+00   0.000000E+00   3.431510E-01
          434   6.500000E+00   0.000000E+00   3.431510E-01
          435   7.000000E+00   0.000000E+00   3.431510E-01
          436   7.500000E+00   0.000000E+00   3.431510E-01
          437   8.000000E+00   0.000000E+00   3.431510E-01
          438   8.500000E+00   0.000000E+00   3.431510E-01
          439   9.000000E+00   0.000000E+00   3.431510E-01
          440   9.500000E+00   0.000000E+00   3.431510E-01
          441   1.000000E+01   0.000000E+00   3.431510E-01
    803  7.20000000E+03     NSTEP   TIME
 SURFACE NODE              X              Y             SW
            1   0.000000E+00   1.000000E+01   3.431510E-01
            2   5.000000E-01   1.000000E+01   3.431510E-01
            3   1.000000E+00   1.000000E+01   3.431510E-01
            4   1.500000E+00   1.000000E+01   3.431510E-01
            5   2.000000E+00   1.000000E+01   3.431510E-01
            6   2.500000E+00   1.000000E+01   3.431510E-01
            7   3.000000E+00   1.000000E+01   3.431510E-01
            8   3.500000E+00   1.000000E+01   3.431510E-01
            9   4.000000E+00   1.000000E+01   3.431510E-01
           10   4.500000E+00   1.000000E+01   3.431510E-01
           11   5.000000E+00   1.000000E+01   3.431510E-01
           12   5.500000E+00   1.000000E+01   3.431510E-01
           13   6.000000E+00   1.000000E+01   3.431510E-01
           14   6.500000E+00   1.000000E+01   3.431510E-01
           15   7.000000E+00   1.000000E+01   3.431510E-01
           16   7.500000E+00   1.000000E+01   3.431510E-01
           17   8.000000E+00   1.000000E+01   3.431510E-01
           18   8.500000E+00   1.000000E+01   3.431510E-01
           19   9.000000E+00   1.000000E+01   3.431510E-01
           20   9.500000E+00   1.000000E+01   3.431510E-01
           21   1.000000E+01   1.000000E+01   3.431510E-01
           22   0.000000E+00   9.500000E+00   3.431510E-01
           23   5.000000E-01   9.500000E+00   3.431510E-01
           24   1.000000E+00   9.500000E+00   3.431510E-01
           25   1.500000E+00   9.500000E+00   3.431510E-01
           26   2.000000E+00   9.500000E+00   3.431510E-01
           27   2.500000E+00   9.500000E+00   3.431510E-01
           28   3.000000E+00   9.500000E+00   3.431510E-01
           29   3.500000E+00   9.500000E+00   3.431510E-01
           30   4.000000E+00   9.500000E+00   3.431510E-01
           31   4.500000E+00   9.500000E+00   3.431510E-01
           32   5.000000E+00   9.500000E+00   3.431510E-01
           33   5.500000E+00   9.500000E+00   3.431510E-01
           34   6.000000E+00   9.500000E+00   3.431510E-01
           35   6.500000E+00   9.500000E+00   3.431510E-01
           36   7.000000E+00   9.500000E+00   3.431510E-01
           37   7.500000E+00   9.500000E+00   3.431510E-01
           38   8.000000E+00   9.500000E+00   3.431510E-01
           39   8.500000E+00   9.500000E+00   3.431510E-01
           40   9.000000E+00   9.500000E+00   3.431510E-01
           41   9.500000E+00   9.500000E+00   3.431510E-01
           42   1.000000E+01   9.500000E+00   3.431510E-01
           43   0.000000E+00   9.000000E+00   3.431510E-01
           44   5.000000E-01   9.000000E+00   3.431510E-01
           45   1.000000E+00   9.000000E+00   3.431510E-01
           46   1.500000E+00   9.000000E+00   3.431510E-01
           47   2.000000E+00   9.000000E+00   3.431510E-01
           48   2.500000E+00   9.000000E+00   3.431510E-01
           49   3.000000E+00   9.000000E+00   3.431510E-01
           50   3.500000E+00   9.000000E+00   3.431510E-01
           51   4.000000E+00   9.000000E+00   3.431510E-01
           52   4.500000E+00   9.000000E+00   3.431510E-01
           53   5.000000E+00   9.000000E+00   3.431510E-01
           54   5.500000E+00   9.000000E+00   3.431510E-01
           55   6.000000E+00   9.000000E+00   3.431510E-01
           56   6.500000E+00   9.000000E+00   3.431510E-01
           57   7.000000E+00   9.000000E+00   3.431510E-01
           58   7.500000E+00   9.000000E+00   3.431510E-01
           59   8.000000E+00   9.000000E+00   3.431510E-01
           60   8.500000E+00   9.000000E+00   3.431510E-01
           61   9.000000E+00   9.000000E+00   3.431510E-01
           62   9.500000E+00   9.000000E+00   3.431510E-01
           63   1.000000E+01   9.000000E+00   3.431510E-01
           64   0.000000E+00   8.500000E+00   3.431510E-01
           65   5.000000E-01   8.500000E+00   3.431510E-01
           66   1.000000E+00   8.500000E+00   3.431510E-01
           67   1.500000E+00   8.500000E+00   3.431510E-01
           68   2.000000E+00   8.500000E+00   3.431510E-01
           69   2.500000E+00   8.500000E+00   3.431510E-01
           70   3.000000E+00   8.500000E+00   3.431510E-01
           71   3.500000E+00   8.500000E+00   3.431510E-01
           72   4.000000E+00   8.500000E+00   3.431510E-01
           73   4.500000E+00   8.500000E+00   3.431510E-01
           74   5.000000E+00   8.500000E+00   3.431510E-01
           75   5.500000E+00   8.500000E+00   3.431510E-01
           76   6.000000E+00   8.500000E+00   3.431510E-01
           77   6.500000E+00   8.500000E+00   3.431510E-01
           78   7.000000E+00   8.500000E+00   3.431510E-01
           79   7.500000E+00   8.500000E+00   3.431510E-01
           80   8.000000E+00   8.500000E+00   3.431510E-01
           81   8.500000E+00   8.500000E+00   3.431510E-01
           82   9.000000E+00   8.500000E+00   3.431510E-01
           83   9.500000E+00   8.500000E+00   3.431510E-01
           84   1.000000E+01   8.500000E+00   3.431510E-01
           85   0.000000E+00   8.000000E+00   3.431510E-01
           86   5.000000E-01   8.000000E+00   3.431510E-01
           87   1.000000E+00   8.000000E+00   3.431510E-01
           88   1.500000E+00   8.000000E+00   3.431510E-01
           89   2.000000E+00   8.000000E+00   3.431510E-01
           90   2.500000E+00   8.000000E+00   3.431510E-01
           91   3.000000E+00   8.000000E+00   3.431510E-01
           92   3.500000E+00   8.000000E+00   3.431510E-01
           93   4.000000E+00   8.000000E+00   3.431510E-01
           94   4.500000E+00   8.000000E+00   3.431510E-01
           95   5.000000E+00   8.000000E+00   3.431510E-01
           96   5.500000E+00   8.000000E+00   3.431510E-01
           97   6.000000E+00   8.000000E+00   3.431510E-01
           98   6.500000E+00   8.000000E+00   3.431510E-01
           99   7.000000E+00   8.000000E+00   3.431510E-01
          100   7.500000E+00   8.000000E+00   3.431510E-01
          101   8.000000E+00   8.000000E+00   3.431510E-01
          102   8.500000E+00   8.000000E+00   3.431510E-01
          103   9.000000E+00   8.000000E+00   3.431510E-01
          104   9.500000E+00   8.000000E+00   3.431510E-01
          105   1.000000E+01   8.000000E+00   3.431510E-01
          106   0.000000E+00   7.500000E+00   3.431510E-01
          107   5.000000E-01   7.500000E+00   3.431510E-01
          108   1.000000E+00   7.500000E+00   3.431510E-01
          109   1.500000E+00   7.500000E+00   3.431510E-01
          110   2.000000E+00   7.500000E+00   3.431510E-01
          111   2.500000E+00   7.500000E+00   3.431510E-01
          112   3.000000E+00   7.500000E+00   3.431510E-01
          113   3.500000E+00   7.500000E+00   3.431510E-01
          114   4.000000E+00   7.500000E+00   3.431510E-01
          115   4.500000E+00   7.500000E+00   3.431510E-01
          116   5.000000E+00   7.500000E+00   3.431510E-01
          117   5.500000E+00   7.500000E+00   3.431510E-01
          118   6.000000E+00   7.500000E+00   3.431510E-01
          119   6.500000E+00   7.500000E+00   3.431510E-01
          120   7.000000E+00   7.500000E+00   3.431510E-01
          121   7.500000E+00   7.500000E+00   3.431510E-01
          122   8.000000E+00   7.500000E+00   3.431510E-01
          123   8.500000E+00   7.500000E+00   3.431510E-01
          124   9.000000E+00   7.500000E+00   3.431510E-01
          125   9.500000E+00   7.500000E+00   3.431510E-01
          126   1.000000E+01   7.500000E+00   3.431510E-01
          127   0.000000E+00   7.000000E+00   3.431510E-01
          128   5.000000E-01   7.000000E+00   3.431510E-01
          129   1.000000E+00   7.000000E+00   3.431510E-01
          130   1.500000E+00   7.000000E+00   3.431510E-01
          131   2.000000E+00   7.000000E+00   3.431510E-01
          132   2.500000E+00   7.000000E+00   3.431510E-01
          133   3.000000E+00   7.000000E+00   3.431510E-01
          134   3.500000E+00   7.000000E+00   3.431510E-01
          135   4.000000E+00   7.000000E+00   3.431510E-01
          136   4.500000E+00   7.000000E+00   3.431510E-01
          137   5.000000E+00   7.000000E+00   3.431510E-01
          138   5.500000E+00   7.000000E+00   3.431510E-01
          139   6.000000E+00   7.000000E+00   3.431510E-01
          140   6.500000E+00   7.000000E+00   3.431510E-01
          141   7.000000E+00   7.000000E+00   3.431510E-01
          142   7.500000E+00   7.000000E+00   3.431510E-01
          143   8.000000E+00   7.000000E+00   3.431510E-01
          144   8.500000E+00   7.000000E+00   3.431510E-01
          145   9.000000E+00   7.000000E+00   3.431510E-01
          146   9.500000E+00   7.000000E+00   3.431510E-01
          147   1.000000E+01   7.000000E+00   3.431510E-01
          148   0.000000E+00   6.500000E+00   3.431510E-01
          149   5.000000E-01   6.500000E+00   3.431510E-01
          150   1.000000E+00   6.500000E+00   3.431510E-01
          151   1.500000E+00   6.500000E+00   3.431510E-01
          152   2.000000E+00   6.500000E+00   3.431510E-01
          153   2.500000E+00   6.500000E+00   3.431510E-01
          154   3.000000E+00   6.500000E+00   3.431510E-01
          155   3.500000E+00   6.500000E+00   3.431510E-01
          156   4.000000E+00   6.500000E+00   3.431510E-01
          157   4.500000E+00   6.500000E+00   3.431510E-01
          158   5.000000E+00   6.500000E+00   3.431510E-01
          159   5.500000E+00   6.500000E+00   3.431510E-01
          160   6.000000E+00   6.500000E+00   3.431510E-01
          161   6.500000E+00   6.500000E+00   3.431510E-01
          162   7.000000E+00   6.500000E+00   3.431510E-01
          163   7.500000E+00   6.500000E+00   3.431510E-01
          164   8.000000E+00   6.500000E+00   3.431510E-01
          165   8.500000E+00   6.500000E+00   3.431510E-01
          166   9.000000E+00   6.500000E+00   3.431510E-01
          167   9.500000E+00   6.500000E+00   3.431510E-01
          168   1.000000E+01   6.500000E+00   3.431510E-01
          169   0.000000E+00   6.000000E+00   3.431510E-01
          170   5.000000E-01   6.000000E+00   3.431510E-01
          171   1.000000E+00   6.000000E+00   3.431510E-01
          172   1.500000E+00   6.000000E+00   3.431510E-01
          173   2.000000E+00   6.000000E+00   3.431510E-01
          174   2.500000E+00   6.000000E+00   3.431510E-01
          175   3.000000E+00   6.000000E+00   3.431510E-01
          176   3.500000E+00   6.000000E+00   3.431510E-01
          177   4.000000E+00   6.000000E+00   3.431510E-01
          178   4.500000E+00   6.000000E+00   3.431510E-01
          179   5.000000E+00   6.000000E+00   3.431510E-01
          180   5.500000E+00   6.000000E+00   3.431510E-01
          181   6.000000E+00   6.000000E+00   3.431510E-01
          182   6.500000E+00   6.000000E+00   3.431510E-01
          183   7.000000E+00   6.000000E+00   3.431510E-01
          184   7.500000E+00   6.000000E+00   3.431510E-01
          185   8.000000E+00   6.000000E+00   3.431510E-01
          186   8.500000E+00   6.000000E+00   3.431510E-01
          187   9.000000E+00   6.000000E+00   3.431510E-01
          188   9.500000E+00   6.000000E+00   3.431510E-01
          189   1.000000E+01   6.000000E+00   3.431510E-01
          190   0.000000E+00   5.500000E+00   3.431510E-01
          191   5.000000E-01   5.500000E+00   3.431510E-01
          192   1.000000E+00   5.500000E+00   3.431510E-01
          193   1.500000E+00   5.500000E+00   3.431510E-01
          194   2.000000E+00   5.500000E+00   3.431510E-01
          195   2.500000E+00   5.500000E+00   3.431510E-01
          196   3.000000E+00   5.500000E+00   3.431510E-01
          197   3.500000E+00   5.500000E+00   3.431510E-01
          198   4.000000E+00   5.500000E+00   3.431510E-01
          199   4.500000E+00   5.500000E+00   3.431510E-01
          200   5.000000E+00   5.500000E+00   3.431510E-01
          201   5.500000E+00   5.500000E+00   3.431510E-01
          202   6.000000E+00   5.500000E+00   3.431510E-01
          203   6.500000E+00   5.500000E+00   3.431510E-01
          204   7.000000E+00   5.500000E+00   3.431510E-01
          205   7.500000E+00   5.500000E+00   3.431510E-01
          206   8.000000E+00   5.500000E+00   3.431510E-01
          207   8.500000E+00   5.500000E+00   3.431510E-01
          208   9.000000E+00   5.500000E+00   3.431510E-01
          209   9.500000E+00   5.500000E+00   3.431510E-01
          210   1.000000E+01   5.500000E+00   3.431510E-01
          211   0.000000E+00   5.000000E+00   3.431510E-01
          212   5.000000E-01   5.000000E+00   3.431510E-01
          213   1.000000E+00   5.000000E+00   3.431510E-01
          214   1.500000E+00   5.000000E+00   3.431510E-01
          215   2.000000E+00   5.000000E+00   3.431510E-01
          216   2.500000E+00   5.000000E+00   3.431510E-01
          217   3.000000E+00   5.000000E+00   3.431510E-01
          218   3.500000E+00   5.000000E+00   3.431510E-01
          219   4.000000E+00   5.000000E+00   3.431510E-01
          220   4.500000E+00   5.000000E+00   3.431510E-01
          221   5.000000E+00   5.000000E+00   3.431510E-01
          222   5.500000E+00   5.000000E+00   3.431510E-01
          223   6.000000E+00   5.000000E+00   3.431510E-01
          224   6.500000E+00   5.000000E+00   3.431510E-01
          225   7.000000E+00   5.000000E+00   3.431510E-01
          226   7.500000E+00   5.000000E+00   3.431510E-01
          227   8.000000E+00   5.000000E+00   3.431510E-01
          228   8.500000E+00   5.000000E+00   3.431510E-01
          229   9.000000E+00   5.000000E+00   3.431510E-01
          230   9.500000E+00   5.000000E+00   3.431510E-01
          231   1.000000E+01   5.000000E+00   3.431510E-01
          232   0.000000E+00   4.500000E+00   3.431510E-01
          233   5.000000E-01   4.500000E+00   3.431510E-01
          234   1.000000E+00   4.500000E+00   3.431510E-01
          235   1.500000E+00   4.500000E+00   3.431510E-01
          236   2.000000E+00   4.500000E+00   3.431510E-01
          237   2.500000E+00   4.500000E+00   3.431510E-01
          238   3.000000E+00   4.500000E+00   3.431510E-01
          239   3.500000E+00   4.500000E+00   3.431510E-01
          240   4.000000E+00   4.500000E+00   3.431510E-01
          241   4.500000E+00   4.500000E+00   3.431510E-01
          242   5.000000E+00   4.500000E+00   3.431510E-01
          243   5.500000E+00   4.500000E+00   3.431510E-01
          244   6.000000E+00   4.500000E+00   3.431510E-01
          245   6.500000E+00   4.500000E+00   3.431510E-01
          246   7.000000E+00   4.500000E+00   3.431510E-01
          247   7.500000E+00   4.500000E+00   3.431510E-01
          248   8.000000E+00   4.500000E+00   3.431510E-01
          249   8.500000E+00   4.500000E+00   3.431510E-01
          250   9.000000E+00   4.500000E+00   3.431510E-01
          251   9.500000E+00   4.500000E+00   3.431510E-01
          252   1.000000E+01   4.500000E+00   3.431510E-01
          253   0.000000E+00   4.000000E+00   3.431510E-01
          254   5.000000E-01   4.000000E+00   3.431510E-01
          255   1.000000E+00   4.000000E+00   3.431510E-01
          256   1.500000E+00   4.000000E+00   3.431510E-01
          257   2.000000E+00   4.000000E+00   3.431510E-01
          258   2.500000E+00   4.000000E+00   3.431510E-01
          259   3.000000E+00   4.000000E+00   3.431510E-01
          260   3.500000E+00   4.000000E+00   3.431510E-01
          261   4.000000E+00   4.000000E+00   3.431510E-01
          262   4.500000E+00   4.000000E+00   3.431510E-01
          263   5.000000E+00   4.000000E+00   3.431510E-01
          264   5.500000E+00   4.000000E+00   3.431510E-01
          265   6.000000E+00   4.000000E+00   3.431510E-01
          266   6.500000E+00   4.000000E+00   3.431510E-01
          267   7.000000E+00   4.000000E+00   3.431510E-01
          268   7.500000E+00   4.000000E+00   3.431510E-01
          269   8.000000E+00   4.000000E+00   3.431510E-01
          270   8.500000E+00   4.000000E+00   3.431510E-01
          271   9.000000E+00   4.000000E+00   3.431510E-01
          272   9.500000E+00   4.000000E+00   3.431510E-01
          273   1.000000E+01   4.000000E+00   3.431510E-01
          274   0.000000E+00   3.500000E+00   3.431510E-01
          275   5.000000E-01   3.500000E+00   3.431510E-01
          276   1.000000E+00   3.500000E+00   3.431510E-01
          277   1.500000E+00   3.500000E+00   3.431510E-01
          278   2.000000E+00   3.500000E+00   3.431510E-01
          279   2.500000E+00   3.500000E+00   3.431510E-01
          280   3.000000E+00   3.500000E+00   3.431510E-01
          281   3.500000E+00   3.500000E+00   3.431510E-01
          282   4.000000E+00   3.500000E+00   3.431510E-01
          283   4.500000E+00   3.500000E+00   3.431510E-01
          284   5.000000E+00   3.500000E+00   3.431510E-01
          285   5.500000E+00   3.500000E+00   3.431510E-01
          286   6.000000E+00   3.500000E+00   3.431510E-01
          287   6.500000E+00   3.500000E+00   3.431510E-01
          288   7.000000E+00   3.500000E+00   3.431510E-01
          289   7.500000E+00   3.500000E+00   3.431510E-01
          290   8.000000E+00   3.500000E+00   3.431510E-01
          291   8.500000E+00   3.500000E+00   3.431510E-01
          292   9.000000E+00   3.500000E+00   3.431510E-01
          293   9.500000E+00   3.500000E+00   3.431510E-01
          294   1.000000E+01   3.500000E+00   3.431510E-01
          295   0.000000E+00   3.000000E+00   3.431510E-01
          296   5.000000E-01   3.000000E+00   3.431510E-01
          297   1.000000E+00   3.000000E+00   3.431510E-01
          298   1.500000E+00   3.000000E+00   3.431510E-01
          299   2.000000E+00   3.000000E+00   3.431510E-01
          300   2.500000E+00   3.000000E+00   3.431510E-01
          301   3.000000E+00   3.000000E+00   3.431510E-01
          302   3.500000E+00   3.000000E+00   3.431510E-01
          303   4.000000E+00   3.000000E+00   3.431510E-01
          304   4.500000E+00   3.000000E+00   3.431510E-01
          305   5.000000E+00   3.000000E+00   3.431510E-01
          306   5.500000E+00   3.000000E+00   3.431510E-01
          307   6.000000E+00   3.000000E+00   3.431510E-01
          308   6.500000E+00   3.000000E+00   3.431510E-01
          309   7.000000E+00   3.000000E+00   3.431510E-01
          310   7.500000E+00   3.000000E+00   3.431510E-01
          311   8.000000E+00   3.000000E+00   3.431510E-01
          312   8.500000E+00   3.000000E+00   3.431510E-01
          313   9.000000E+00   3.000000E+00   3.431510E-01
          314   9.500000E+00   3.000000E+00   3.431510E-01
          315   1.000000E+01   3.000000E+00   3.431510E-01
          316   0.000000E+00   2.500000E+00   3.431510E-01
          317   5.000000E-01   2.500000E+00   3.431510E-01
          318   1.000000E+00   2.500000E+00   3.431510E-01
          319   1.500000E+00   2.500000E+00   3.431510E-01
          320   2.000000E+00   2.500000E+00   3.431510E-01
          321   2.500000E+00   2.500000E+00   3.431510E-01
          322   3.000000E+00   2.500000E+00   3.431510E-01
          323   3.500000E+00   2.500000E+00   3.431510E-01
          324   4.000000E+00   2.500000E+00   3.431510E-01
          325   4.500000E+00   2.500000E+00   3.431510E-01
          326   5.000000E+00   2.500000E+00   3.431510E-01
          327   5.500000E+00   2.500000E+00   3.431510E-01
          328   6.000000E+00   2.500000E+00   3.431510E-01
          329   6.500000E+00   2.500000E+00   3.431510E-01
          330   7.000000E+00   2.500000E+00   3.431510E-01
          331   7.500000E+00   2.500000E+00   3.431510E-01
          332   8.000000E+00   2.500000E+00   3.431510E-01
          333   8.500000E+00   2.500000E+00   3.431510E-01
          334   9.000000E+00   2.500000E+00   3.431510E-01
          335   9.500000E+00   2.500000E+00   3.431510E-01
          336   1.000000E+01   2.500000E+00   3.431510E-01
          337   0.000000E+00   2.000000E+00   3.431510E-01
          338   5.000000E-01   2.000000E+00   3.431510E-01
          339   1.000000E+00   2.000000E+00   3.431510E-01
          340   1.500000E+00   2.000000E+00   3.431510E-01
          341   2.000000E+00   2.000000E+00   3.431510E-01
          342   2.500000E+00   2.000000E+00   3.431510E-01
          343   3.000000E+00   2.000000E+00   3.431510E-01
          344   3.500000E+00   2.000000E+00   3.431510E-01
          345   4.000000E+00   2.000000E+00   3.431510E-01
          346   4.500000E+00   2.000000E+00   3.431510E-01
          347   5.000000E+00   2.000000E+00   3.431510E-01
          348   5.500000E+00   2.000000E+00   3.431510E-01
          349   6.000000E+00   2.000000E+00   3.431510E-01
          350   6.500000E+00   2.000000E+00   3.431510E-01
          351   7.000000E+00   2.000000E+00   3.431510E-01
          352   7.500000E+00   2.000000E+00   3.431510E-01
          353   8.000000E+00   2.000000E+00   3.431510E-01
          354   8.500000E+00   2.000000E+00   3.431510E-01
          355   9.000000E+00   2.000000E+00   3.431510E-01
          356   9.500000E+00   2.000000E+00   3.431510E-01
          357   1.000000E+01   2.000000E+00   3.431510E-01
          358   0.000000E+00   1.500000E+00   3.431510E-01
          359   5.000000E-01   1.500000E+00   3.431510E-01
          360   1.000000E+00   1.500000E+00   3.431510E-01
          361   1.500000E+00   1.500000E+00   3.431510E-01
          362   2.000000E+00   1.500000E+00   3.431510E-01
          363   2.500000E+00   1.500000E+00   3.431510E-01
          364   3.000000E+00   1.500000E+00   3.431510E-01
          365   3.500000E+00   1.500000E+00   3.431510E-01
          366   4.000000E+00   1.500000E+00   3.431510E-01
          367   4.500000E+00   1.500000E+00   3.431510E-01
          368   5.000000E+00   1.500000E+00   3.431510E-01
          369   5.500000E+00   1.500000E+00   3.431510E-01
          370   6.000000E+00   1.500000E+00   3.431510E-01
          371   6.500000E+00   1.500000E+00   3.431510E-01
          372   7.000000E+00   1.500000E+00   3.431510E-01
          373   7.500000E+00   1.500000E+00   3.431510E-01
          374   8.000000E+00   1.500000E+00   3.431510E-01
          375   8.500000E+00   1.500000E+00   3.431510E-01
          376   9.000000E+00   1.500000E+00   3.431510E-01
          377   9.500000E+00   1.500000E+00   3.431510E-01
          378   1.000000E+01   1.500000E+00   3.431510E-01
          379   0.000000E+00   1.000000E+00   3.431510E-01
          380   5.000000E-01   1.000000E+00   3.431510E-01
          381   1.000000E+00   1.000000E+00   3.431510E-01
          382   1.500000E+00   1.000000E+00   3.431510E-01
          383   2.000000E+00   1.000000E+00   3.431510E-01
          384   2.500000E+00   1.000000E+00   3.431510E-01
          385   3.000000E+00   1.000000E+00   3.431510E-01
          386   3.500000E+00   1.000000E+00   3.431510E-01
          387   4.000000E+00   1.000000E+00   3.431510E-01
          388   4.500000E+00   1.000000E+00   3.431510E-01
          389   5.000000E+00   1.000000E+00   3.431510E-01
          390   5.500000E+00   1.000000E+00   3.431510E-01
          391   6.000000E+00   1.000000E+00   3.431510E-01
          392   6.500000E+00   1.000000E+00   3.431510E-01
          393   7.000000E+00   1.000000E+00   3.431510E-01
          394   7.500000E+00   1.000000E+00   3.431510E-01
          395   8.000000E+00   1.000000E+00   3.431510E-01
          396   8.500000E+00   1.000000E+00   3.431510E-01
          397   9.000000E+00   1.000000E+00   3.431510E-01
          398   9.500000E+00   1.000000E+00   3.431510E-01
          399   1.000000E+01   1.000000E+00   3.431510E-01
          400   0.000000E+00   5.000000E-01   3.431510E-01
          401   5.000000E-01   5.000000E-01   3.431510E-01
          402   1.000000E+00   5.000000E-01   3.431510E-01
          403   1.500000E+00   5.000000E-01   3.431510E-01
          404   2.000000E+00   5.000000E-01   3.431510E-01
          405   2.500000E+00   5.000000E-01   3.431510E-01
          406   3.000000E+00   5.000000E-01   3.431510E-01
          407   3.500000E+00   5.000000E-01   3.431510E-01
          408   4.000000E+00   5.000000E-01   3.431510E-01
          409   4.500000E+00   5.000000E-01   3.431510E-01
          410   5.000000E+00   5.000000E-01   3.431510E-01
          411   5.500000E+00   5.000000E-01   3.431510E-01
          412   6.000000E+00   5.000000E-01   3.431510E-01
          413   6.500000E+00   5.000000E-01   3.431510E-01
          414   7.000000E+00   5.000000E-01   3.431510E-01
          415   7.500000E+00   5.000000E-01   3.431510E-01
          416   8.000000E+00   5.000000E-01   3.431510E-01
          417   8.500000E+00   5.000000E-01   3.431510E-01
          418   9.000000E+00   5.000000E-01   3.431510E-01
          419   9.500000E+00   5.000000E-01   3.431510E-01
          420   1.000000E+01   5.000000E-01   3.431510E-01
          421   0.000000E+00   0.000000E+00   3.431510E-01
          422   5.000000E-01   0.000000E+00   3.431510E-01
          423   1.000000E+00   0.000000E+00   3.431510E-01
          424   1.500000E+00   0.000000E+00   3.431510E-01
          425   2.000000E+00   0.000000E+00   3.431510E-01
          426   2.500000E+00   0.000000E+00   3.431510E-01
          427   3.000000E+00   0.000000E+00   3.431510E-01
          428   3.500000E+00   0.000000E+00   3.431510E-01
          429   4.000000E+00   0.000000E+00   3.431510E-01
          430   4.500000E+00   0.000000E+00   3.431510E-01
          431   5.000000E+00   0.000000E+00   3.431510E-01
          432   5.500000E+00   0.000000E+00   3.431510E-01
          433   6.000000E+00   0.000000E+00   3.431510E-01
          434   6.500000E+00   0.000000E+00   3.431510E-01
          435   7.000000E+00   0.000000E+00   3.431510E-01
          436   7.500000E+00   0.000000E+00   3.431510E-01
          437   8.000000E+00   0.000000E+00   3.431510E-01
          438   8.500000E+00   0.000000E+00   3.431510E-01
          439   9.000000E+00   0.000000E+00   3.431510E-01
          440   9.500000E+00   0.000000E+00   3.431510E-01
          441   1.000000E+01   0.000000E+00   3.431510E-01
