     IOPT   (1 PICARD, 2 NEWTON)             =      1
     NLRELX (0 NORELX,1 CONS RELX,2 VAR RELX)=      0
     KSLOPE (0 ANA, 1 KSL/ANA, 2 KSL/C-DIFF,
             3 LOC KSL/ANA, 4 LOC TAN-SLOPE) =      0
     TOLUNS (TOLERANCE FOR NONLINEAR ITER)   =     1.00000E-04
     TOLSWI (TOLERANCE FOR BC SWITCHING)     =     1.00000E+30
     L2NORM (0 INFINITY NORM, ELSE L2 NORM)  =      0

 nlinr  linr converg error norms  node   PNEW at   POLD at   resid error norms
  iter  iter       PL2      PINF IKMAX     IKMAX     IKMAX       FL2      FINF
 =============================================================================
                        (NSTEP:     1  DELTAT:   1.0000E-02  TIME:   1.0000E-02)
     1     8 8.288E-03 4.473E-04  5740  1.20E+00  1.20E+00 5.521E-06 3.623E-07
     2     7 3.027E-02 8.385E-03   397 -8.34E-03  4.71E-05 2.808E-05 1.514E-05
     3     5 1.064E-02 6.167E-03   397 -2.17E-03 -8.34E-03 1.652E-03 1.255E-03
     4     6 1.069E-02 4.849E-03   856  5.23E-03  3.85E-04 2.496E-04 1.706E-04
     5     6 1.306E-03 3.612E-04   856  5.60E-03  5.23E-03 4.826E-05 3.387E-05
     6     7 1.113E-02 5.273E-03   838  5.49E-03  2.19E-04 2.821E-05 2.783E-05
     7     6 2.636E-04 1.103E-04   838  5.60E-03  5.49E-03 4.458E-06 4.414E-06
     8     6 5.065E-05 2.226E-05   838  5.62E-03  5.60E-03 5.422E-07 5.405E-07
                        (NSTEP:     2  DELTAT:   5.0000E-03  TIME:   1.5000E-02)
     1     6 2.108E-03 3.316E-04  3969  2.56E-01  2.56E-01 1.945E-06 1.231E-06
     2     5 1.332E-05 5.698E-06   857  5.98E-03  5.97E-03 1.203E-07 7.398E-08
                        (NSTEP:     3  DELTAT:   5.5000E-03  TIME:   2.0500E-02)
     1     6 1.266E-03 3.067E-04   415  2.22E-04 -8.46E-05 2.688E-05 1.709E-05
     2     5 1.830E-05 8.507E-06   856  6.01E-03  6.00E-03 6.370E-08 5.397E-08
                        (NSTEP:     4  DELTAT:   6.0500E-03  TIME:   2.6550E-02)
     1     6 7.875E-04 2.117E-04   856  5.80E-03  6.01E-03 1.496E-05 1.216E-05
     2     5 2.003E-06 8.158E-07   840  5.89E-03  5.88E-03 3.670E-08 3.510E-08
                        (NSTEP:     5  DELTAT:   6.6550E-03  TIME:   3.3205E-02)
     1     6 4.732E-04 7.665E-05  5292  8.76E-01  8.76E-01 1.054E-05 8.738E-06
                        (NSTEP:     6  DELTAT:   7.3205E-03  TIME:   4.0525E-02)
     1     6 3.672E-04 5.833E-05  5292  8.76E-01  8.76E-01 7.390E-06 6.243E-06
                        (NSTEP:     7  DELTAT:   8.0526E-03  TIME:   4.8578E-02)
     1     5 5.683E-04 3.909E-04   377 -1.98E-02 -2.02E-02 1.131E-04 1.010E-04
     2     6 5.303E-05 2.479E-05   840  5.92E-03  5.94E-03 2.305E-07 1.985E-07
                        (NSTEP:     8  DELTAT:   8.8578E-03  TIME:   5.7436E-02)
     1     5 4.652E-04 3.144E-04   377 -1.95E-02 -1.98E-02 8.315E-05 7.423E-05
     2     5 2.677E-06 1.150E-06   840  5.92E-03  5.92E-03 1.229E-07 1.146E-07
                        (NSTEP:     9  DELTAT:   9.7436E-03  TIME:   6.7179E-02)
     1     6 3.853E-04 2.520E-04   377 -1.93E-02 -1.95E-02 6.088E-05 5.427E-05
     2     5 2.207E-06 9.375E-07   840  5.91E-03  5.92E-03 7.185E-08 6.668E-08
                        (NSTEP:    10  DELTAT:   1.0718E-02  TIME:   7.7897E-02)
     1     6 3.233E-04 2.007E-04   377 -1.91E-02 -1.93E-02 4.434E-05 3.943E-05
     2     6 1.841E-06 7.636E-07   840  5.91E-03  5.91E-03 4.245E-08 3.906E-08
                        (NSTEP:    11  DELTAT:   1.1790E-02  TIME:   8.9687E-02)
     1     6 2.753E-04 1.585E-04   377 -1.89E-02 -1.91E-02 3.205E-05 2.838E-05
     2     6 1.561E-06 6.212E-07   840  5.91E-03  5.91E-03 2.546E-08 2.306E-08
                        (NSTEP:    12  DELTAT:   1.2969E-02  TIME:   1.0266E-01)
     1     7 2.382E-04 1.236E-04   377 -1.88E-02 -1.89E-02 2.295E-05 2.016E-05
     2     6 1.358E-06 5.046E-07   840  5.91E-03  5.91E-03 1.559E-08 1.371E-08
                        (NSTEP:    13  DELTAT:   1.4266E-02  TIME:   1.1692E-01)
     1     7 2.095E-04 9.459E-05   377 -1.87E-02 -1.88E-02 1.624E-05 1.405E-05
                        (NSTEP:    14  DELTAT:   1.5692E-02  TIME:   1.3261E-01)
     1     7 1.871E-04 7.035E-05   377 -1.86E-02 -1.87E-02 1.133E-05 9.515E-06
                        (NSTEP:    15  DELTAT:   1.7261E-02  TIME:   1.4987E-01)
     1     8 1.691E-04 4.997E-05   377 -1.86E-02 -1.86E-02 7.815E-06 6.151E-06
                        (NSTEP:    16  DELTAT:   1.8987E-02  TIME:   1.6886E-01)
     1     8 1.543E-04 3.400E-05   378 -1.88E-02 -1.88E-02 5.416E-06 3.662E-06
                        (NSTEP:    17  DELTAT:   2.0886E-02  TIME:   1.8975E-01)
     1     8 1.417E-04 2.382E-05   378 -1.88E-02 -1.88E-02 3.964E-06 2.980E-06
                        (NSTEP:    18  DELTAT:   2.2975E-02  TIME:   2.1272E-01)
     1     9 1.306E-04 1.516E-05   378 -1.88E-02 -1.88E-02 3.307E-06 2.983E-06
                        (NSTEP:    19  DELTAT:   2.5272E-02  TIME:   2.3800E-01)
     1     9 1.206E-04 1.146E-05   818 -1.41E-02 -1.42E-02 3.184E-06 2.959E-06
                        (NSTEP:    20  DELTAT:   2.7800E-02  TIME:   2.6580E-01)
     1     9 1.114E-04 1.515E-05   377 -1.85E-02 -1.85E-02 3.297E-06 2.912E-06
                        (NSTEP:    21  DELTAT:   3.0580E-02  TIME:   2.9637E-01)
     1    10 1.030E-04 2.360E-05   377 -1.86E-02 -1.85E-02 3.455E-06 2.845E-06
                        (NSTEP:    22  DELTAT:   3.3637E-02  TIME:   3.3001E-01)
     1    10 9.558E-05 3.109E-05   377 -1.86E-02 -1.86E-02 3.578E-06 2.759E-06
                        (NSTEP:    23  DELTAT:   3.7001E-02  TIME:   3.6701E-01)
     1    10 8.931E-05 3.778E-05   377 -1.86E-02 -1.86E-02 3.643E-06 2.657E-06
                        (NSTEP:    24  DELTAT:   4.0701E-02  TIME:   4.0772E-01)
     1    10 8.440E-05 4.376E-05   377 -1.87E-02 -1.86E-02 3.651E-06 2.541E-06
                        (NSTEP:    25  DELTAT:   4.4772E-02  TIME:   4.5249E-01)
     1    10 8.100E-05 4.911E-05   377 -1.87E-02 -1.87E-02 3.606E-06 2.420E-06
                        (NSTEP:    26  DELTAT:   4.9249E-02  TIME:   5.0174E-01)
     1    10 7.914E-05 5.386E-05   377 -1.88E-02 -1.87E-02 3.517E-06 2.422E-06
                        (NSTEP:    27  DELTAT:   5.4174E-02  TIME:   5.5591E-01)
     1    11 7.805E-05 5.742E-05   377 -1.88E-02 -1.88E-02 3.371E-06 2.357E-06
                        (NSTEP:    28  DELTAT:   5.9591E-02  TIME:   6.1550E-01)
     1    11 7.669E-05 5.918E-05   377 -1.89E-02 -1.88E-02 3.164E-06 2.220E-06
                        (NSTEP:    29  DELTAT:   6.5550E-02  TIME:   6.8105E-01)
     1    11 7.624E-05 6.064E-05   377 -1.89E-02 -1.89E-02 2.952E-06 2.079E-06
                        (NSTEP:    30  DELTAT:   7.2105E-02  TIME:   7.5315E-01)
     1    11 7.640E-05 6.173E-05   377 -1.90E-02 -1.89E-02 2.737E-06 1.935E-06
                        (NSTEP:    31  DELTAT:   7.9315E-02  TIME:   8.3247E-01)
     1    12 7.688E-05 6.241E-05   377 -1.91E-02 -1.90E-02 2.522E-06 1.790E-06
                        (NSTEP:    32  DELTAT:   8.7247E-02  TIME:   9.1972E-01)
     1    12 7.740E-05 6.264E-05   377 -1.91E-02 -1.91E-02 2.307E-06 1.645E-06
                        (NSTEP:    33  DELTAT:   9.5972E-02  TIME:   1.0157E+00)
     1    12 7.779E-05 6.237E-05   377 -1.92E-02 -1.91E-02 2.096E-06 1.500E-06
                        (NSTEP:    34  DELTAT:   1.0557E-01  TIME:   1.1213E+00)
     1    13 7.790E-05 6.158E-05   377 -1.93E-02 -1.92E-02 1.891E-06 1.357E-06
                        (NSTEP:    35  DELTAT:   1.1613E-01  TIME:   1.2374E+00)
     1    14 7.767E-05 6.027E-05   377 -1.93E-02 -1.93E-02 1.694E-06 1.217E-06
                        (NSTEP:    36  DELTAT:   1.2774E-01  TIME:   1.3651E+00)
     1    15 7.707E-05 5.844E-05   377 -1.94E-02 -1.93E-02 1.507E-06 1.082E-06
                        (NSTEP:    37  DELTAT:   1.4051E-01  TIME:   1.5056E+00)
     1    18 8.815E-04 3.686E-04   415 -3.68E-04  6.16E-07 1.335E-06 9.536E-07
     2    17 5.474E-04 2.428E-04   415 -1.25E-04 -3.68E-04 1.121E-06 1.117E-06
     3    18 1.677E-04 6.934E-05   856  5.73E-03  5.66E-03 1.409E-07 1.357E-07
                        (NSTEP:    38  DELTAT:   1.5456E-01  TIME:   1.6602E+00)
     1    16 1.334E-04 5.338E-05   377 -1.95E-02 -1.94E-02 1.179E-06 8.322E-07
                        (NSTEP:    39  DELTAT:   1.7002E-01  TIME:   1.8302E+00)
     1    17 1.454E-04 5.118E-05   856  5.63E-03  5.69E-03 1.036E-06 7.191E-07
                        (NSTEP:    40  DELTAT:   1.8702E-01  TIME:   2.0172E+00)
     1    18 1.499E-04 5.357E-05   856  5.58E-03  5.63E-03 9.140E-07 6.152E-07
                        (NSTEP:    41  DELTAT:   2.0572E-01  TIME:   2.2230E+00)
     1    18 1.544E-04 5.607E-05   415 -2.69E-04 -2.12E-04 8.095E-07 5.212E-07
                        (NSTEP:    42  DELTAT:   2.2630E-01  TIME:   2.4493E+00)
     1    18 1.584E-04 5.842E-05   415 -3.27E-04 -2.69E-04 7.222E-07 4.374E-07
                        (NSTEP:    43  DELTAT:   2.4893E-01  TIME:   2.6982E+00)
     1    19 1.620E-04 6.048E-05   415 -3.87E-04 -3.27E-04 6.504E-07 3.638E-07
                        (NSTEP:    44  DELTAT:   2.7382E-01  TIME:   2.9720E+00)
     1    19 1.651E-04 6.225E-05   415 -4.50E-04 -3.87E-04 5.919E-07 3.001E-07
                        (NSTEP:    45  DELTAT:   3.0120E-01  TIME:   3.2732E+00)
     1    19 1.677E-04 6.378E-05   415 -5.13E-04 -4.50E-04 5.439E-07 2.642E-07
                        (NSTEP:    46  DELTAT:   3.3132E-01  TIME:   3.6045E+00)
     1    20 1.699E-04 6.505E-05   415 -5.79E-04 -5.13E-04 5.040E-07 2.401E-07
                        (NSTEP:    47  DELTAT:   3.6445E-01  TIME:   3.9690E+00)
     1    20 1.717E-04 6.609E-05   415 -6.45E-04 -5.79E-04 4.700E-07 2.146E-07
                        (NSTEP:    48  DELTAT:   4.0090E-01  TIME:   4.3699E+00)
     1    20 1.730E-04 6.690E-05   415 -7.12E-04 -6.45E-04 4.406E-07 1.883E-07
                        (NSTEP:    49  DELTAT:   4.4099E-01  TIME:   4.8109E+00)
     1    21 1.739E-04 6.747E-05   415 -7.79E-04 -7.12E-04 4.148E-07 1.620E-07
                        (NSTEP:    50  DELTAT:   4.8509E-01  TIME:   5.2959E+00)
     1    21 1.744E-04 6.779E-05   415 -8.47E-04 -7.79E-04 3.924E-07 1.363E-07
                        (NSTEP:    51  DELTAT:   5.3359E-01  TIME:   5.8295E+00)
     1    21 1.746E-04 6.787E-05   415 -9.15E-04 -8.47E-04 3.732E-07 1.133E-07
                        (NSTEP:    52  DELTAT:   5.8695E-01  TIME:   6.4165E+00)
     1    21 1.743E-04 6.769E-05   415 -9.82E-04 -9.15E-04 3.572E-07 1.070E-07
                        (NSTEP:    53  DELTAT:   6.4565E-01  TIME:   7.0621E+00)
     1    22 1.738E-04 6.724E-05   415 -1.05E-03 -9.82E-04 3.444E-07 1.004E-07
                        (NSTEP:    54  DELTAT:   7.1021E-01  TIME:   7.7724E+00)
     1    22 1.730E-04 6.653E-05   415 -1.12E-03 -1.05E-03 3.347E-07 9.369E-08
                        (NSTEP:    55  DELTAT:   7.8124E-01  TIME:   8.5536E+00)
     1    23 1.721E-04 6.555E-05   415 -1.18E-03 -1.12E-03 3.278E-07 8.688E-08
                        (NSTEP:    56  DELTAT:   8.5936E-01  TIME:   9.4130E+00)
     1    23 1.712E-04 6.431E-05   415 -1.25E-03 -1.18E-03 3.233E-07 8.011E-08
                        (NSTEP:    57  DELTAT:   9.4530E-01  TIME:   1.0358E+01)
     1    23 1.704E-04 6.282E-05   415 -1.31E-03 -1.25E-03 3.208E-07 7.424E-08
                        (NSTEP:    58  DELTAT:   1.0398E+00  TIME:   1.1398E+01)
     1    23 1.697E-04 6.109E-05   415 -1.37E-03 -1.31E-03 3.201E-07 7.329E-08
                        (NSTEP:    59  DELTAT:   1.1438E+00  TIME:   1.2542E+01)
     1    23 1.695E-04 5.914E-05   415 -1.43E-03 -1.37E-03 3.207E-07 7.224E-08
                        (NSTEP:    60  DELTAT:   1.2582E+00  TIME:   1.3800E+01)
     1    23 1.698E-04 5.701E-05   415 -1.49E-03 -1.43E-03 3.225E-07 7.109E-08
                        (NSTEP:    61  DELTAT:   1.3840E+00  TIME:   1.5184E+01)
     1    23 1.709E-04 5.473E-05   415 -1.54E-03 -1.49E-03 3.255E-07 7.083E-08
                        (NSTEP:    62  DELTAT:   1.5224E+00  TIME:   1.6706E+01)
     1    23 1.730E-04 5.236E-05   415 -1.59E-03 -1.54E-03 3.295E-07 7.775E-08
                        (NSTEP:    63  DELTAT:   1.6746E+00  TIME:   1.8381E+01)
     1    23 1.763E-04 4.993E-05   415 -1.64E-03 -1.59E-03 3.346E-07 8.533E-08
                        (NSTEP:    64  DELTAT:   1.8421E+00  TIME:   2.0223E+01)
     1    22 1.811E-04 4.752E-05   415 -1.69E-03 -1.64E-03 3.408E-07 9.363E-08
                        (NSTEP:    65  DELTAT:   2.0263E+00  TIME:   2.2250E+01)
     1    22 1.876E-04 4.517E-05   415 -1.74E-03 -1.69E-03 3.484E-07 1.027E-07
                        (NSTEP:    66  DELTAT:   2.2290E+00  TIME:   2.4479E+01)
     1    22 1.958E-04 4.296E-05   415 -1.78E-03 -1.74E-03 3.575E-07 1.126E-07
                        (NSTEP:    67  DELTAT:   2.4519E+00  TIME:   2.6930E+01)
     1    22 2.060E-04 4.095E-05   415 -1.82E-03 -1.78E-03 3.682E-07 1.235E-07
                        (NSTEP:    68  DELTAT:   2.6970E+00  TIME:   2.9627E+01)
     1    22 2.182E-04 3.919E-05   415 -1.86E-03 -1.82E-03 3.807E-07 1.353E-07
                        (NSTEP:    69  DELTAT:   2.9667E+00  TIME:   3.2594E+01)
     1    22 2.325E-04 3.773E-05   415 -1.90E-03 -1.86E-03 3.952E-07 1.482E-07
                        (NSTEP:    70  DELTAT:   3.2634E+00  TIME:   3.5858E+01)
     1    23 2.489E-04 3.663E-05   415 -1.93E-03 -1.90E-03 4.120E-07 1.622E-07
                        (NSTEP:    71  DELTAT:   3.5898E+00  TIME:   3.9447E+01)
     1    23 2.676E-04 3.903E-05   882  6.92E-03  6.89E-03 4.312E-07 1.775E-07
                        (NSTEP:    72  DELTAT:   3.9487E+00  TIME:   4.3396E+01)
     1    24 2.885E-04 4.270E-05   882  6.97E-03  6.92E-03 4.531E-07 1.941E-07
                        (NSTEP:    73  DELTAT:   4.3436E+00  TIME:   4.7740E+01)
     1    24 3.119E-04 4.669E-05   882  7.01E-03  6.97E-03 4.778E-07 2.120E-07
                        (NSTEP:    74  DELTAT:   4.7780E+00  TIME:   5.2518E+01)
     1    24 3.379E-04 5.101E-05   882  7.06E-03  7.01E-03 5.054E-07 2.314E-07
                        (NSTEP:    75  DELTAT:   5.2558E+00  TIME:   5.7773E+01)
     1    24 3.667E-04 5.568E-05   882  7.12E-03  7.06E-03 5.363E-07 2.523E-07
                        (NSTEP:    76  DELTAT:   5.7813E+00  TIME:   6.3555E+01)
     1    24 3.985E-04 6.070E-05   882  7.18E-03  7.12E-03 5.703E-07 2.748E-07
                        (NSTEP:    77  DELTAT:   6.3595E+00  TIME:   6.9914E+01)
     1    24 4.339E-04 6.844E-05   397 -7.96E-04 -7.27E-04 6.075E-07 2.987E-07
                        (NSTEP:    78  DELTAT:   6.9954E+00  TIME:   7.6910E+01)
     1    24 4.735E-04 7.836E-05   397 -8.74E-04 -7.96E-04 6.480E-07 3.241E-07
                        (NSTEP:    79  DELTAT:   7.6950E+00  TIME:   8.4605E+01)
     1    24 5.182E-04 9.084E-05   397 -9.65E-04 -8.74E-04 6.913E-07 3.509E-07
                        (NSTEP:    80  DELTAT:   8.4645E+00  TIME:   9.3069E+01)
     1    25 5.699E-04 1.073E-04   397 -1.07E-03 -9.65E-04 7.371E-07 3.785E-07
     2    24 4.484E-04 9.112E-05   882  7.57E-03  7.48E-03 7.302E-07 4.066E-07
                        (NSTEP:    81  DELTAT:   9.3109E+00  TIME:   1.0238E+02)
     1    25 5.273E-04 1.385E-04   397 -1.20E-03 -1.06E-03 2.874E-07 4.856E-08
     2    24 4.801E-04 9.800E-05   882  7.67E-03  7.57E-03 7.807E-07 4.339E-07
                        (NSTEP:    82  DELTAT:   1.0000E+01  TIME:   1.1238E+02)
     1    23 3.923E-04 5.429E-05   397 -1.24E-03 -1.19E-03 2.844E-07 4.856E-08
                        (NSTEP:    83  DELTAT:   1.0000E+01  TIME:   1.2238E+02)
     1    25 1.067E-03 3.140E-04   397 -9.30E-04 -1.24E-03 8.397E-07 4.324E-07
     2    24 4.185E-04 8.574E-05   882  7.85E-03  7.77E-03 6.741E-07 3.642E-07
                        (NSTEP:    84  DELTAT:   1.0000E+01  TIME:   1.3238E+02)
     1    26 1.148E-03 3.827E-04   397 -5.37E-04 -9.19E-04 3.073E-07 9.848E-08
     2    24 4.056E-04 8.303E-05   882  7.94E-03  7.85E-03 6.465E-07 3.457E-07
                        (NSTEP:    85  DELTAT:   1.0000E+01  TIME:   1.4238E+02)
     1    26 1.140E-03 3.617E-04   397 -1.60E-04 -5.22E-04 3.020E-07 8.472E-08
     2    24 3.938E-04 8.025E-05   882  8.02E-03  7.94E-03 6.239E-07 3.292E-07
                        (NSTEP:    86  DELTAT:   1.0000E+01  TIME:   1.5238E+02)
     1    26 1.062E-03 3.176E-04   397  1.75E-04 -1.43E-04 2.939E-07 7.946E-08
     2    24 3.722E-04 7.753E-05   882  8.09E-03  8.02E-03 5.999E-07 3.142E-07
                        (NSTEP:    87  DELTAT:   1.0000E+01  TIME:   1.6238E+02)
     1    24 7.947E-04 2.677E-04   415 -1.09E-03 -1.36E-03 1.103E-06 1.065E-06
     2    24 3.527E-04 7.484E-05   882  8.17E-03  8.09E-03 5.673E-07 2.997E-07
                        (NSTEP:    88  DELTAT:   1.0000E+01  TIME:   1.7238E+02)
     1    25 6.680E-04 2.514E-04   415 -8.36E-04 -1.09E-03 2.819E-07 6.595E-08
     2    24 3.391E-04 7.221E-05   882  8.24E-03  8.17E-03 5.462E-07 2.877E-07
                        (NSTEP:    89  DELTAT:   1.0000E+01  TIME:   1.8238E+02)
     1    25 6.342E-04 2.348E-04   415 -5.97E-04 -8.31E-04 2.798E-07 5.885E-08
     2    24 3.263E-04 6.968E-05   882  8.31E-03  8.24E-03 5.252E-07 2.758E-07
                        (NSTEP:    90  DELTAT:   1.0000E+01  TIME:   1.9238E+02)
     1    25 6.023E-04 2.189E-04   415 -3.73E-04 -5.92E-04 2.781E-07 5.204E-08
     2    24 3.140E-04 6.723E-05   882  8.38E-03  8.31E-03 5.054E-07 2.645E-07
                        (NSTEP:    91  DELTAT:   1.0000E+01  TIME:   2.0238E+02)
     1    25 5.736E-04 2.045E-04   415 -1.64E-04 -3.69E-04 2.766E-07 4.855E-08
     2    24 3.026E-04 6.485E-05   882  8.44E-03  8.38E-03 4.870E-07 2.539E-07
                        (NSTEP:    92  DELTAT:   1.0000E+01  TIME:   2.1238E+02)
     1    25 5.501E-04 1.923E-04   415  3.28E-05 -1.59E-04 2.754E-07 4.855E-08
     2    24 2.919E-04 6.256E-05   882  8.50E-03  8.44E-03 4.722E-07 2.439E-07
                        (NSTEP:    93  DELTAT:   1.0000E+01  TIME:   2.2238E+02)
     1    24 2.921E-04 3.173E-05   856  5.80E-03  5.83E-03 3.380E-07 2.000E-07
                        (NSTEP:    94  DELTAT:   1.0000E+01  TIME:   2.3238E+02)
     1    25 3.915E-04 6.033E-05   882  8.56E-03  8.50E-03 5.250E-07 2.343E-07
                        (NSTEP:    95  DELTAT:   1.0000E+01  TIME:   2.4238E+02)
     1    25 3.828E-04 5.806E-05   882  8.62E-03  8.56E-03 5.100E-07 2.250E-07
                        (NSTEP:    96  DELTAT:   1.0000E+01  TIME:   2.5238E+02)
     1    25 3.750E-04 5.599E-05   882  8.68E-03  8.62E-03 4.961E-07 2.163E-07
                        (NSTEP:    97  DELTAT:   1.0000E+01  TIME:   2.6238E+02)
     1    25 3.677E-04 5.398E-05   882  8.73E-03  8.68E-03 4.829E-07 2.080E-07
                        (NSTEP:    98  DELTAT:   1.0000E+01  TIME:   2.7238E+02)
     1    25 3.610E-04 5.204E-05   882  8.78E-03  8.73E-03 4.704E-07 2.001E-07
                        (NSTEP:    99  DELTAT:   1.0000E+01  TIME:   2.8238E+02)
     1    25 3.548E-04 5.017E-05   882  8.84E-03  8.78E-03 4.586E-07 1.925E-07
                        (NSTEP:   100  DELTAT:   1.0000E+01  TIME:   2.9238E+02)
     1    25 3.491E-04 4.836E-05   882  8.88E-03  8.84E-03 4.473E-07 1.852E-07
                        (NSTEP:   101  DELTAT:   1.0000E+01  TIME:   3.0238E+02)
     1    25 3.437E-04 4.662E-05   882  8.93E-03  8.88E-03 4.367E-07 1.782E-07
                        (NSTEP:   102  DELTAT:   1.0000E+01  TIME:   3.1238E+02)
     1    25 3.386E-04 4.494E-05   882  8.97E-03  8.93E-03 4.266E-07 1.715E-07
                        (NSTEP:   103  DELTAT:   1.0000E+01  TIME:   3.2238E+02)
     1    25 3.339E-04 4.332E-05   882  9.02E-03  8.97E-03 4.170E-07 1.651E-07
                        (NSTEP:   104  DELTAT:   1.0000E+01  TIME:   3.3238E+02)
     1    25 3.295E-04 4.176E-05   882  9.06E-03  9.02E-03 4.080E-07 1.589E-07
                        (NSTEP:   105  DELTAT:   1.0000E+01  TIME:   3.4238E+02)
     1    25 3.254E-04 4.025E-05   882  9.10E-03  9.06E-03 3.994E-07 1.529E-07
                        (NSTEP:   106  DELTAT:   1.0000E+01  TIME:   3.5238E+02)
     1    24 3.215E-04 3.880E-05   882  9.14E-03  9.10E-03 3.913E-07 1.472E-07
                        (NSTEP:   107  DELTAT:   1.0000E+01  TIME:   3.6238E+02)
     1    24 3.179E-04 3.740E-05   882  9.18E-03  9.14E-03 3.836E-07 1.417E-07
                        (NSTEP:   108  DELTAT:   1.0000E+01  TIME:   3.7238E+02)
     1    24 3.145E-04 3.604E-05   882  9.21E-03  9.18E-03 3.764E-07 1.365E-07
                        (NSTEP:   109  DELTAT:   1.0000E+01  TIME:   3.8238E+02)
     1    24 3.114E-04 3.474E-05   882  9.25E-03  9.21E-03 3.695E-07 1.314E-07
                        (NSTEP:   110  DELTAT:   1.0000E+01  TIME:   3.9238E+02)
     1    24 3.084E-04 3.348E-05   882  9.28E-03  9.25E-03 3.631E-07 1.265E-07
                        (NSTEP:   111  DELTAT:   1.0000E+01  TIME:   4.0238E+02)
     1    24 3.057E-04 3.227E-05   882  9.31E-03  9.28E-03 3.570E-07 1.218E-07
                        (NSTEP:   112  DELTAT:   1.0000E+01  TIME:   4.1238E+02)
     1    24 3.031E-04 3.110E-05   882  9.34E-03  9.31E-03 3.512E-07 1.173E-07
                        (NSTEP:   113  DELTAT:   1.0000E+01  TIME:   4.2238E+02)
     1    24 3.007E-04 2.998E-05   882  9.37E-03  9.34E-03 3.458E-07 1.129E-07
                        (NSTEP:   114  DELTAT:   1.0000E+01  TIME:   4.3238E+02)
     1    24 2.985E-04 2.889E-05   882  9.40E-03  9.37E-03 3.407E-07 1.088E-07
                        (NSTEP:   115  DELTAT:   1.0000E+01  TIME:   4.4238E+02)
     1    24 2.964E-04 2.784E-05   882  9.43E-03  9.40E-03 3.359E-07 1.047E-07
                        (NSTEP:   116  DELTAT:   1.0000E+01  TIME:   4.5238E+02)
     1    24 2.944E-04 2.684E-05   882  9.46E-03  9.43E-03 3.314E-07 1.008E-07
                        (NSTEP:   117  DELTAT:   1.0000E+01  TIME:   4.6238E+02)
     1    24 2.926E-04 2.586E-05   882  9.48E-03  9.46E-03 3.272E-07 9.710E-08
                        (NSTEP:   118  DELTAT:   1.0000E+01  TIME:   4.7238E+02)
     1    24 2.909E-04 2.492E-05   882  9.51E-03  9.48E-03 3.232E-07 9.350E-08
                        (NSTEP:   119  DELTAT:   1.0000E+01  TIME:   4.8238E+02)
     1    24 2.893E-04 2.402E-05   882  9.53E-03  9.51E-03 3.195E-07 9.003E-08
                        (NSTEP:   120  DELTAT:   1.0000E+01  TIME:   4.9238E+02)
     1    24 2.879E-04 2.315E-05   882  9.56E-03  9.53E-03 3.160E-07 8.670E-08
                        (NSTEP:   121  DELTAT:   1.0000E+01  TIME:   5.0238E+02)
     1    24 2.865E-04 2.231E-05   882  9.58E-03  9.56E-03 3.127E-07 8.349E-08
                        (NSTEP:   122  DELTAT:   1.0000E+01  TIME:   5.1238E+02)
     1    24 2.852E-04 2.150E-05   882  9.60E-03  9.58E-03 3.096E-07 8.039E-08
                        (NSTEP:   123  DELTAT:   1.0000E+01  TIME:   5.2238E+02)
     1    24 2.840E-04 2.072E-05   882  9.62E-03  9.60E-03 3.067E-07 7.741E-08
                        (NSTEP:   124  DELTAT:   1.0000E+01  TIME:   5.3238E+02)
     1    24 2.829E-04 1.996E-05   882  9.64E-03  9.62E-03 3.040E-07 7.454E-08
                        (NSTEP:   125  DELTAT:   1.0000E+01  TIME:   5.4238E+02)
     1    24 2.819E-04 1.924E-05   882  9.66E-03  9.64E-03 3.015E-07 7.178E-08
                        (NSTEP:   126  DELTAT:   1.0000E+01  TIME:   5.5238E+02)
     1    24 2.810E-04 1.854E-05   882  9.68E-03  9.66E-03 2.991E-07 6.912E-08
                        (NSTEP:   127  DELTAT:   1.0000E+01  TIME:   5.6238E+02)
     1    24 2.801E-04 1.787E-05   882  9.70E-03  9.68E-03 2.969E-07 6.656E-08
                        (NSTEP:   128  DELTAT:   1.0000E+01  TIME:   5.7238E+02)
     1    24 2.793E-04 1.722E-05   882  9.71E-03  9.70E-03 2.948E-07 6.409E-08
                        (NSTEP:   129  DELTAT:   1.0000E+01  TIME:   5.8238E+02)
     1    24 2.785E-04 1.659E-05   882  9.73E-03  9.71E-03 2.929E-07 6.171E-08
                        (NSTEP:   130  DELTAT:   1.0000E+01  TIME:   5.9238E+02)
     1    24 2.778E-04 1.599E-05   882  9.75E-03  9.73E-03 2.911E-07 5.943E-08
                        (NSTEP:   131  DELTAT:   1.0000E+01  TIME:   6.0238E+02)
     1    24 2.772E-04 1.540E-05   882  9.76E-03  9.75E-03 2.894E-07 5.722E-08
                        (NSTEP:   132  DELTAT:   1.0000E+01  TIME:   6.1238E+02)
     1    24 2.765E-04 1.484E-05   882  9.78E-03  9.76E-03 2.878E-07 5.510E-08
                        (NSTEP:   133  DELTAT:   1.0000E+01  TIME:   6.2238E+02)
     1    24 2.760E-04 1.430E-05   882  9.79E-03  9.78E-03 2.863E-07 5.305E-08
                        (NSTEP:   134  DELTAT:   1.0000E+01  TIME:   6.3238E+02)
     1    24 2.755E-04 1.378E-05   882  9.80E-03  9.79E-03 2.849E-07 5.109E-08
                        (NSTEP:   135  DELTAT:   1.0000E+01  TIME:   6.4238E+02)
     1    24 2.750E-04 1.328E-05   882  9.82E-03  9.80E-03 2.836E-07 4.919E-08
                        (NSTEP:   136  DELTAT:   1.0000E+01  TIME:   6.5238E+02)
     1    24 2.745E-04 1.279E-05   882  9.83E-03  9.82E-03 2.824E-07 4.829E-08
                        (NSTEP:   137  DELTAT:   1.0000E+01  TIME:   6.6238E+02)
     1    24 2.741E-04 1.233E-05   882  9.84E-03  9.83E-03 2.813E-07 4.828E-08
                        (NSTEP:   138  DELTAT:   1.0000E+01  TIME:   6.7238E+02)
     1    24 2.737E-04 1.188E-05   882  9.85E-03  9.84E-03 2.803E-07 4.827E-08
                        (NSTEP:   139  DELTAT:   1.0000E+01  TIME:   6.8238E+02)
     1    24 2.734E-04 1.144E-05   882  9.87E-03  9.85E-03 2.793E-07 4.826E-08
                        (NSTEP:   140  DELTAT:   1.0000E+01  TIME:   6.9238E+02)
     1    24 2.730E-04 1.103E-05   882  9.88E-03  9.87E-03 2.784E-07 4.825E-08
                        (NSTEP:   141  DELTAT:   1.0000E+01  TIME:   7.0238E+02)
     1    24 2.727E-04 1.062E-05   882  9.89E-03  9.88E-03 2.775E-07 4.824E-08
                        (NSTEP:   142  DELTAT:   1.0000E+01  TIME:   7.1238E+02)
     1    24 2.724E-04 1.023E-05   882  9.90E-03  9.89E-03 2.767E-07 4.824E-08
                        (NSTEP:   143  DELTAT:   1.0000E+01  TIME:   7.2238E+02)
     1    24 2.722E-04 9.860E-06   882  9.91E-03  9.90E-03 2.760E-07 4.823E-08
                        (NSTEP:   144  DELTAT:   1.0000E+01  TIME:   7.3238E+02)
     1    24 2.719E-04 9.499E-06   882  9.92E-03  9.91E-03 2.753E-07 4.822E-08
                        (NSTEP:   145  DELTAT:   1.0000E+01  TIME:   7.4238E+02)
     1    24 2.717E-04 9.151E-06   882  9.93E-03  9.92E-03 2.747E-07 4.821E-08
                        (NSTEP:   146  DELTAT:   1.0000E+01  TIME:   7.5238E+02)
     1    24 2.715E-04 8.816E-06   882  9.93E-03  9.93E-03 2.741E-07 4.820E-08
                        (NSTEP:   147  DELTAT:   1.0000E+01  TIME:   7.6238E+02)
     1    24 2.713E-04 8.493E-06   882  9.94E-03  9.93E-03 2.735E-07 4.819E-08
                        (NSTEP:   148  DELTAT:   1.0000E+01  TIME:   7.7238E+02)
     1    24 2.711E-04 8.182E-06   882  9.95E-03  9.94E-03 2.730E-07 4.819E-08
                        (NSTEP:   149  DELTAT:   1.0000E+01  TIME:   7.8238E+02)
     1    24 2.709E-04 7.882E-06   882  9.96E-03  9.95E-03 2.725E-07 4.818E-08
                        (NSTEP:   150  DELTAT:   1.0000E+01  TIME:   7.9238E+02)
     1    24 2.708E-04 7.593E-06   882  9.97E-03  9.96E-03 2.720E-07 4.817E-08
                        (NSTEP:   151  DELTAT:   1.0000E+01  TIME:   8.0238E+02)
     1    24 2.706E-04 7.314E-06   882  9.97E-03  9.97E-03 2.716E-07 4.816E-08
                        (NSTEP:   152  DELTAT:   1.0000E+01  TIME:   8.1238E+02)
     1    24 2.705E-04 7.045E-06   882  9.98E-03  9.97E-03 2.712E-07 4.815E-08
                        (NSTEP:   153  DELTAT:   1.0000E+01  TIME:   8.2238E+02)
     1    24 2.704E-04 6.787E-06   882  9.99E-03  9.98E-03 2.708E-07 4.814E-08
                        (NSTEP:   154  DELTAT:   1.0000E+01  TIME:   8.3238E+02)
     1    24 2.703E-04 6.537E-06   882  9.99E-03  9.99E-03 2.705E-07 4.814E-08
                        (NSTEP:   155  DELTAT:   1.0000E+01  TIME:   8.4238E+02)
     1    24 2.702E-04 6.297E-06   882  1.00E-02  9.99E-03 2.701E-07 4.813E-08
                        (NSTEP:   156  DELTAT:   1.0000E+01  TIME:   8.5238E+02)
     1    24 2.700E-04 6.162E-06    86 -3.25E-01 -3.25E-01 2.698E-07 4.812E-08
                        (NSTEP:   157  DELTAT:   1.0000E+01  TIME:   8.6238E+02)
     1    24 2.700E-04 6.160E-06    86 -3.25E-01 -3.25E-01 2.695E-07 4.811E-08
                        (NSTEP:   158  DELTAT:   1.0000E+01  TIME:   8.7238E+02)
     1    24 2.699E-04 6.159E-06    86 -3.25E-01 -3.25E-01 2.693E-07 4.810E-08
                        (NSTEP:   159  DELTAT:   1.0000E+01  TIME:   8.8238E+02)
     1    24 2.698E-04 6.157E-06    86 -3.25E-01 -3.25E-01 2.690E-07 4.809E-08
                        (NSTEP:   160  DELTAT:   1.0000E+01  TIME:   8.9238E+02)
     1    24 2.697E-04 6.155E-06    86 -3.25E-01 -3.25E-01 2.688E-07 4.808E-08
                        (NSTEP:   161  DELTAT:   1.0000E+01  TIME:   9.0238E+02)
     1    24 2.696E-04 6.153E-06    86 -3.25E-01 -3.25E-01 2.685E-07 4.808E-08
                        (NSTEP:   162  DELTAT:   1.0000E+01  TIME:   9.1238E+02)
     1    24 2.696E-04 6.151E-06    86 -3.25E-01 -3.25E-01 2.683E-07 4.807E-08
                        (NSTEP:   163  DELTAT:   1.0000E+01  TIME:   9.2238E+02)
     1    24 2.695E-04 6.150E-06    86 -3.25E-01 -3.25E-01 2.681E-07 4.806E-08
                        (NSTEP:   164  DELTAT:   1.0000E+01  TIME:   9.3238E+02)
     1    24 2.694E-04 6.148E-06    86 -3.25E-01 -3.25E-01 2.680E-07 4.805E-08
                        (NSTEP:   165  DELTAT:   1.0000E+01  TIME:   9.4238E+02)
     1    24 2.694E-04 6.146E-06    86 -3.25E-01 -3.25E-01 2.678E-07 4.804E-08
                        (NSTEP:   166  DELTAT:   1.0000E+01  TIME:   9.5238E+02)
     1    24 2.693E-04 6.144E-06    86 -3.25E-01 -3.25E-01 2.676E-07 4.803E-08
                        (NSTEP:   167  DELTAT:   1.0000E+01  TIME:   9.6238E+02)
     1    24 2.693E-04 6.143E-06    86 -3.25E-01 -3.25E-01 2.675E-07 4.803E-08
                        (NSTEP:   168  DELTAT:   1.0000E+01  TIME:   9.7238E+02)
     1    24 2.693E-04 6.141E-06    86 -3.25E-01 -3.25E-01 2.673E-07 4.802E-08
                        (NSTEP:   169  DELTAT:   1.0000E+01  TIME:   9.8238E+02)
     1    24 2.692E-04 6.139E-06    86 -3.25E-01 -3.25E-01 2.672E-07 4.801E-08
                        (NSTEP:   170  DELTAT:   1.0000E+01  TIME:   9.9238E+02)
     1    24 2.692E-04 6.137E-06    86 -3.25E-01 -3.25E-01 2.670E-07 4.800E-08
                        (NSTEP:   171  DELTAT:   1.0000E+01  TIME:   1.0024E+03)
     1    24 2.691E-04 6.136E-06    86 -3.25E-01 -3.25E-01 2.669E-07 4.799E-08
                        (NSTEP:   172  DELTAT:   1.0000E+01  TIME:   1.0124E+03)
     1    24 2.691E-04 6.134E-06    86 -3.25E-01 -3.25E-01 2.668E-07 4.798E-08
                        (NSTEP:   173  DELTAT:   1.0000E+01  TIME:   1.0224E+03)
     1    24 2.691E-04 6.132E-06    86 -3.25E-01 -3.25E-01 2.667E-07 4.797E-08
                        (NSTEP:   174  DELTAT:   1.0000E+01  TIME:   1.0324E+03)
     1    24 2.690E-04 6.131E-06    86 -3.25E-01 -3.25E-01 2.666E-07 4.797E-08
                        (NSTEP:   175  DELTAT:   1.0000E+01  TIME:   1.0424E+03)
     1    24 2.690E-04 6.129E-06    86 -3.25E-01 -3.25E-01 2.665E-07 4.796E-08
                        (NSTEP:   176  DELTAT:   1.0000E+01  TIME:   1.0524E+03)
     1    24 2.690E-04 6.127E-06    86 -3.25E-01 -3.25E-01 2.664E-07 4.795E-08
                        (NSTEP:   177  DELTAT:   1.0000E+01  TIME:   1.0624E+03)
     1    24 2.689E-04 6.126E-06    86 -3.25E-01 -3.25E-01 2.663E-07 4.794E-08
                        (NSTEP:   178  DELTAT:   1.0000E+01  TIME:   1.0724E+03)
     1    24 2.689E-04 6.124E-06    86 -3.25E-01 -3.25E-01 2.662E-07 4.793E-08
                        (NSTEP:   179  DELTAT:   1.0000E+01  TIME:   1.0824E+03)
     1    24 2.689E-04 6.123E-06    86 -3.25E-01 -3.25E-01 2.661E-07 4.792E-08
                        (NSTEP:   180  DELTAT:   1.0000E+01  TIME:   1.0924E+03)
     1    24 2.689E-04 6.121E-06    86 -3.25E-01 -3.25E-01 2.660E-07 4.792E-08
                        (NSTEP:   181  DELTAT:   1.0000E+01  TIME:   1.1024E+03)
     1    24 2.688E-04 6.120E-06    86 -3.25E-01 -3.25E-01 2.659E-07 4.791E-08
                        (NSTEP:   182  DELTAT:   1.0000E+01  TIME:   1.1124E+03)
     1    24 2.688E-04 6.118E-06    86 -3.25E-01 -3.25E-01 2.659E-07 4.790E-08
                        (NSTEP:   183  DELTAT:   1.0000E+01  TIME:   1.1224E+03)
     1    24 2.688E-04 6.116E-06    86 -3.25E-01 -3.25E-01 2.658E-07 4.789E-08
                        (NSTEP:   184  DELTAT:   1.0000E+01  TIME:   1.1324E+03)
     1    24 2.688E-04 6.115E-06    86 -3.26E-01 -3.25E-01 2.657E-07 4.788E-08
                        (NSTEP:   185  DELTAT:   1.0000E+01  TIME:   1.1424E+03)
     1    24 2.688E-04 6.113E-06    86 -3.26E-01 -3.26E-01 2.657E-07 4.787E-08
                        (NSTEP:   186  DELTAT:   1.0000E+01  TIME:   1.1524E+03)
     1    24 2.687E-04 6.112E-06    86 -3.26E-01 -3.26E-01 2.656E-07 4.787E-08
                        (NSTEP:   187  DELTAT:   1.0000E+01  TIME:   1.1624E+03)
     1    24 2.687E-04 6.110E-06    86 -3.26E-01 -3.26E-01 2.655E-07 4.786E-08
                        (NSTEP:   188  DELTAT:   1.0000E+01  TIME:   1.1724E+03)
     1    24 2.687E-04 6.109E-06    86 -3.26E-01 -3.26E-01 2.655E-07 4.785E-08
                        (NSTEP:   189  DELTAT:   1.0000E+01  TIME:   1.1824E+03)
     1    24 2.687E-04 6.107E-06    86 -3.26E-01 -3.26E-01 2.654E-07 4.784E-08
                        (NSTEP:   190  DELTAT:   1.0000E+01  TIME:   1.1924E+03)
     1    24 2.687E-04 6.106E-06    86 -3.26E-01 -3.26E-01 2.654E-07 4.783E-08
                        (NSTEP:   191  DELTAT:   1.0000E+01  TIME:   1.2024E+03)
     1    24 2.686E-04 6.105E-06    86 -3.26E-01 -3.26E-01 2.653E-07 4.783E-08
                        (NSTEP:   192  DELTAT:   1.0000E+01  TIME:   1.2124E+03)
     1    24 2.686E-04 6.103E-06    86 -3.26E-01 -3.26E-01 2.653E-07 4.782E-08
                        (NSTEP:   193  DELTAT:   1.0000E+01  TIME:   1.2224E+03)
     1    24 2.686E-04 6.102E-06    86 -3.26E-01 -3.26E-01 2.652E-07 4.781E-08
                        (NSTEP:   194  DELTAT:   1.0000E+01  TIME:   1.2324E+03)
     1    24 2.686E-04 6.100E-06    86 -3.26E-01 -3.26E-01 2.651E-07 4.780E-08
                        (NSTEP:   195  DELTAT:   1.0000E+01  TIME:   1.2424E+03)
     1    24 2.686E-04 6.099E-06    86 -3.26E-01 -3.26E-01 2.651E-07 4.779E-08
                        (NSTEP:   196  DELTAT:   1.0000E+01  TIME:   1.2524E+03)
     1    24 2.686E-04 6.097E-06    86 -3.26E-01 -3.26E-01 2.651E-07 4.778E-08
                        (NSTEP:   197  DELTAT:   1.0000E+01  TIME:   1.2624E+03)
     1    24 2.685E-04 6.096E-06    86 -3.26E-01 -3.26E-01 2.650E-07 4.778E-08
                        (NSTEP:   198  DELTAT:   1.0000E+01  TIME:   1.2724E+03)
     1    24 2.685E-04 6.095E-06    86 -3.26E-01 -3.26E-01 2.650E-07 4.777E-08
                        (NSTEP:   199  DELTAT:   1.0000E+01  TIME:   1.2824E+03)
     1    24 2.685E-04 6.093E-06    86 -3.26E-01 -3.26E-01 2.649E-07 4.776E-08
                        (NSTEP:   200  DELTAT:   1.0000E+01  TIME:   1.2924E+03)
     1    24 2.685E-04 6.092E-06    86 -3.26E-01 -3.26E-01 2.649E-07 4.775E-08
                        (NSTEP:   201  DELTAT:   1.0000E+01  TIME:   1.3024E+03)
     1    24 2.685E-04 6.091E-06    86 -3.26E-01 -3.26E-01 2.648E-07 4.774E-08
                        (NSTEP:   202  DELTAT:   1.0000E+01  TIME:   1.3124E+03)
     1    24 2.685E-04 6.089E-06    86 -3.26E-01 -3.26E-01 2.648E-07 4.774E-08
                        (NSTEP:   203  DELTAT:   1.0000E+01  TIME:   1.3224E+03)
     1    24 2.684E-04 6.088E-06    86 -3.26E-01 -3.26E-01 2.647E-07 4.773E-08
                        (NSTEP:   204  DELTAT:   1.0000E+01  TIME:   1.3324E+03)
     1    24 2.684E-04 6.087E-06    86 -3.26E-01 -3.26E-01 2.647E-07 4.772E-08
                        (NSTEP:   205  DELTAT:   1.0000E+01  TIME:   1.3424E+03)
     1    24 2.684E-04 6.085E-06    86 -3.26E-01 -3.26E-01 2.646E-07 4.771E-08
                        (NSTEP:   206  DELTAT:   1.0000E+01  TIME:   1.3524E+03)
     1    24 2.684E-04 6.084E-06    86 -3.26E-01 -3.26E-01 2.646E-07 4.770E-08
                        (NSTEP:   207  DELTAT:   1.0000E+01  TIME:   1.3624E+03)
     1    24 2.684E-04 6.083E-06    86 -3.26E-01 -3.26E-01 2.646E-07 4.770E-08
                        (NSTEP:   208  DELTAT:   1.0000E+01  TIME:   1.3724E+03)
     1    24 2.684E-04 6.081E-06    86 -3.26E-01 -3.26E-01 2.645E-07 4.769E-08
                        (NSTEP:   209  DELTAT:   1.0000E+01  TIME:   1.3824E+03)
     1    24 2.683E-04 6.080E-06    86 -3.26E-01 -3.26E-01 2.645E-07 4.768E-08
                        (NSTEP:   210  DELTAT:   1.0000E+01  TIME:   1.3924E+03)
     1    24 2.683E-04 6.079E-06    86 -3.26E-01 -3.26E-01 2.644E-07 4.767E-08
                        (NSTEP:   211  DELTAT:   1.0000E+01  TIME:   1.4024E+03)
     1    24 2.683E-04 6.078E-06    86 -3.26E-01 -3.26E-01 2.644E-07 4.766E-08
                        (NSTEP:   212  DELTAT:   1.0000E+01  TIME:   1.4124E+03)
     1    24 2.683E-04 6.076E-06    86 -3.26E-01 -3.26E-01 2.644E-07 4.766E-08
                        (NSTEP:   213  DELTAT:   1.0000E+01  TIME:   1.4224E+03)
     1    24 2.683E-04 6.075E-06    86 -3.26E-01 -3.26E-01 2.643E-07 4.765E-08
                        (NSTEP:   214  DELTAT:   1.0000E+01  TIME:   1.4324E+03)
     1    24 2.683E-04 6.074E-06    86 -3.26E-01 -3.26E-01 2.643E-07 4.764E-08
                        (NSTEP:   215  DELTAT:   1.0000E+01  TIME:   1.4424E+03)
     1    24 2.682E-04 6.073E-06    86 -3.26E-01 -3.26E-01 2.643E-07 4.763E-08
                        (NSTEP:   216  DELTAT:   1.0000E+01  TIME:   1.4524E+03)
     1    24 2.682E-04 6.071E-06    86 -3.26E-01 -3.26E-01 2.642E-07 4.763E-08
                        (NSTEP:   217  DELTAT:   1.0000E+01  TIME:   1.4624E+03)
     1    24 2.682E-04 6.070E-06    86 -3.26E-01 -3.26E-01 2.642E-07 4.762E-08
                        (NSTEP:   218  DELTAT:   1.0000E+01  TIME:   1.4724E+03)
     1    24 2.682E-04 6.069E-06    86 -3.26E-01 -3.26E-01 2.641E-07 4.761E-08
                        (NSTEP:   219  DELTAT:   1.0000E+01  TIME:   1.4824E+03)
     1    24 2.682E-04 6.068E-06    86 -3.26E-01 -3.26E-01 2.641E-07 4.760E-08
                        (NSTEP:   220  DELTAT:   1.0000E+01  TIME:   1.4924E+03)
     1    24 2.681E-04 6.067E-06    86 -3.26E-01 -3.26E-01 2.641E-07 4.759E-08
                        (NSTEP:   221  DELTAT:   1.0000E+01  TIME:   1.5024E+03)
     1    24 2.681E-04 6.065E-06    86 -3.26E-01 -3.26E-01 2.640E-07 4.759E-08
                        (NSTEP:   222  DELTAT:   1.0000E+01  TIME:   1.5124E+03)
     1    24 2.681E-04 6.064E-06    86 -3.26E-01 -3.26E-01 2.640E-07 4.758E-08
                        (NSTEP:   223  DELTAT:   1.0000E+01  TIME:   1.5224E+03)
     1    24 2.681E-04 6.063E-06    86 -3.26E-01 -3.26E-01 2.640E-07 4.757E-08
                        (NSTEP:   224  DELTAT:   1.0000E+01  TIME:   1.5324E+03)
     1    24 2.681E-04 6.062E-06    86 -3.26E-01 -3.26E-01 2.639E-07 4.756E-08
                        (NSTEP:   225  DELTAT:   1.0000E+01  TIME:   1.5424E+03)
     1    24 2.681E-04 6.061E-06    86 -3.26E-01 -3.26E-01 2.639E-07 4.756E-08
                        (NSTEP:   226  DELTAT:   1.0000E+01  TIME:   1.5524E+03)
     1    24 2.680E-04 6.060E-06    86 -3.26E-01 -3.26E-01 2.639E-07 4.755E-08
                        (NSTEP:   227  DELTAT:   1.0000E+01  TIME:   1.5624E+03)
     1    24 2.680E-04 6.058E-06    86 -3.26E-01 -3.26E-01 2.638E-07 4.754E-08
                        (NSTEP:   228  DELTAT:   1.0000E+01  TIME:   1.5724E+03)
     1    24 2.680E-04 6.057E-06    86 -3.26E-01 -3.26E-01 2.638E-07 4.753E-08
                        (NSTEP:   229  DELTAT:   1.0000E+01  TIME:   1.5824E+03)
     1    24 2.680E-04 6.056E-06    86 -3.26E-01 -3.26E-01 2.638E-07 4.753E-08
                        (NSTEP:   230  DELTAT:   1.0000E+01  TIME:   1.5924E+03)
     1    24 2.680E-04 6.055E-06    86 -3.26E-01 -3.26E-01 2.637E-07 4.752E-08
                        (NSTEP:   231  DELTAT:   1.0000E+01  TIME:   1.6024E+03)
     1    24 2.680E-04 6.054E-06    86 -3.26E-01 -3.26E-01 2.637E-07 4.751E-08
                        (NSTEP:   232  DELTAT:   1.0000E+01  TIME:   1.6124E+03)
     1    24 2.679E-04 6.053E-06    86 -3.26E-01 -3.26E-01 2.636E-07 4.750E-08
                        (NSTEP:   233  DELTAT:   1.0000E+01  TIME:   1.6224E+03)
     1    24 2.679E-04 6.052E-06    86 -3.26E-01 -3.26E-01 2.636E-07 4.749E-08
                        (NSTEP:   234  DELTAT:   1.0000E+01  TIME:   1.6324E+03)
     1    24 2.679E-04 6.051E-06    86 -3.26E-01 -3.26E-01 2.636E-07 4.749E-08
                        (NSTEP:   235  DELTAT:   1.0000E+01  TIME:   1.6424E+03)
     1    24 2.679E-04 6.050E-06    86 -3.26E-01 -3.26E-01 2.635E-07 4.748E-08
                        (NSTEP:   236  DELTAT:   1.0000E+01  TIME:   1.6524E+03)
     1    24 2.679E-04 6.049E-06    86 -3.26E-01 -3.26E-01 2.635E-07 4.747E-08
                        (NSTEP:   237  DELTAT:   1.0000E+01  TIME:   1.6624E+03)
     1    24 2.678E-04 6.047E-06    86 -3.26E-01 -3.26E-01 2.635E-07 4.746E-08
                        (NSTEP:   238  DELTAT:   1.0000E+01  TIME:   1.6724E+03)
     1    24 2.678E-04 6.046E-06    86 -3.26E-01 -3.26E-01 2.634E-07 4.746E-08
                        (NSTEP:   239  DELTAT:   1.0000E+01  TIME:   1.6824E+03)
     1    24 2.678E-04 6.045E-06    86 -3.26E-01 -3.26E-01 2.634E-07 4.745E-08
                        (NSTEP:   240  DELTAT:   1.0000E+01  TIME:   1.6924E+03)
     1    24 2.678E-04 6.044E-06    86 -3.26E-01 -3.26E-01 2.634E-07 4.744E-08
                        (NSTEP:   241  DELTAT:   1.0000E+01  TIME:   1.7024E+03)
     1    24 2.678E-04 6.043E-06    86 -3.26E-01 -3.26E-01 2.633E-07 4.743E-08
                        (NSTEP:   242  DELTAT:   1.0000E+01  TIME:   1.7124E+03)
     1    24 2.677E-04 6.042E-06    86 -3.26E-01 -3.26E-01 2.633E-07 4.743E-08
                        (NSTEP:   243  DELTAT:   1.0000E+01  TIME:   1.7224E+03)
     1    24 2.677E-04 6.041E-06    86 -3.26E-01 -3.26E-01 2.633E-07 4.742E-08
                        (NSTEP:   244  DELTAT:   1.0000E+01  TIME:   1.7324E+03)
     1    24 2.677E-04 6.040E-06    86 -3.26E-01 -3.26E-01 2.632E-07 4.741E-08
                        (NSTEP:   245  DELTAT:   1.0000E+01  TIME:   1.7424E+03)
     1    24 2.677E-04 6.039E-06    86 -3.26E-01 -3.26E-01 2.632E-07 4.740E-08
                        (NSTEP:   246  DELTAT:   1.0000E+01  TIME:   1.7524E+03)
     1    24 2.677E-04 6.038E-06    86 -3.26E-01 -3.26E-01 2.632E-07 4.740E-08
                        (NSTEP:   247  DELTAT:   1.0000E+01  TIME:   1.7624E+03)
     1    24 2.676E-04 6.037E-06    86 -3.26E-01 -3.26E-01 2.631E-07 4.739E-08
                        (NSTEP:   248  DELTAT:   1.0000E+01  TIME:   1.7724E+03)
     1    24 2.676E-04 6.036E-06    86 -3.26E-01 -3.26E-01 2.631E-07 4.738E-08
                        (NSTEP:   249  DELTAT:   1.0000E+01  TIME:   1.7824E+03)
     1    24 2.676E-04 6.035E-06    86 -3.26E-01 -3.26E-01 2.631E-07 4.738E-08
                        (NSTEP:   250  DELTAT:   1.0000E+01  TIME:   1.7924E+03)
     1    24 2.676E-04 6.034E-06    86 -3.26E-01 -3.26E-01 2.630E-07 4.737E-08
                        (NSTEP:   251  DELTAT:   1.0000E+01  TIME:   1.8024E+03)
     1    24 2.676E-04 6.033E-06    86 -3.26E-01 -3.26E-01 2.630E-07 4.736E-08
                        (NSTEP:   252  DELTAT:   1.0000E+01  TIME:   1.8124E+03)
     1    24 2.675E-04 6.032E-06    86 -3.26E-01 -3.26E-01 2.630E-07 4.735E-08
                        (NSTEP:   253  DELTAT:   1.0000E+01  TIME:   1.8224E+03)
     1    24 2.675E-04 6.031E-06    86 -3.26E-01 -3.26E-01 2.629E-07 4.735E-08
                        (NSTEP:   254  DELTAT:   1.0000E+01  TIME:   1.8324E+03)
     1    24 2.675E-04 6.030E-06    86 -3.26E-01 -3.26E-01 2.629E-07 4.734E-08
                        (NSTEP:   255  DELTAT:   1.0000E+01  TIME:   1.8424E+03)
     1    24 2.675E-04 6.029E-06    86 -3.26E-01 -3.26E-01 2.629E-07 4.733E-08
                        (NSTEP:   256  DELTAT:   1.0000E+01  TIME:   1.8524E+03)
     1    24 2.675E-04 6.028E-06    86 -3.26E-01 -3.26E-01 2.628E-07 4.732E-08
                        (NSTEP:   257  DELTAT:   1.0000E+01  TIME:   1.8624E+03)
     1    24 2.674E-04 6.027E-06    86 -3.26E-01 -3.26E-01 2.628E-07 4.732E-08
                        (NSTEP:   258  DELTAT:   1.0000E+01  TIME:   1.8724E+03)
     1    24 2.674E-04 6.027E-06    86 -3.26E-01 -3.26E-01 2.628E-07 4.731E-08
                        (NSTEP:   259  DELTAT:   1.0000E+01  TIME:   1.8824E+03)
     1    24 2.674E-04 6.026E-06    86 -3.26E-01 -3.26E-01 2.627E-07 4.730E-08
                        (NSTEP:   260  DELTAT:   1.0000E+01  TIME:   1.8924E+03)
     1    24 2.674E-04 6.025E-06    86 -3.26E-01 -3.26E-01 2.627E-07 4.729E-08
                        (NSTEP:   261  DELTAT:   1.0000E+01  TIME:   1.9024E+03)
     1    24 2.674E-04 6.024E-06    86 -3.26E-01 -3.26E-01 2.627E-07 4.729E-08
                        (NSTEP:   262  DELTAT:   1.0000E+01  TIME:   1.9124E+03)
     1    24 2.673E-04 6.023E-06    86 -3.26E-01 -3.26E-01 2.626E-07 4.728E-08
                        (NSTEP:   263  DELTAT:   1.0000E+01  TIME:   1.9224E+03)
     1    24 2.673E-04 6.022E-06    86 -3.26E-01 -3.26E-01 2.626E-07 4.727E-08
                        (NSTEP:   264  DELTAT:   1.0000E+01  TIME:   1.9324E+03)
     1    24 2.673E-04 6.021E-06    86 -3.26E-01 -3.26E-01 2.626E-07 4.727E-08
                        (NSTEP:   265  DELTAT:   1.0000E+01  TIME:   1.9424E+03)
     1    24 2.673E-04 6.020E-06    86 -3.26E-01 -3.26E-01 2.625E-07 4.726E-08
                        (NSTEP:   266  DELTAT:   1.0000E+01  TIME:   1.9524E+03)
     1    24 2.673E-04 6.019E-06    86 -3.26E-01 -3.26E-01 2.625E-07 4.725E-08
                        (NSTEP:   267  DELTAT:   1.0000E+01  TIME:   1.9624E+03)
     1    24 2.672E-04 6.018E-06    86 -3.26E-01 -3.26E-01 2.625E-07 4.724E-08
                        (NSTEP:   268  DELTAT:   1.0000E+01  TIME:   1.9724E+03)
     1    24 2.672E-04 6.018E-06    86 -3.26E-01 -3.26E-01 2.624E-07 4.724E-08
                        (NSTEP:   269  DELTAT:   1.0000E+01  TIME:   1.9824E+03)
     1    24 2.672E-04 6.017E-06    86 -3.26E-01 -3.26E-01 2.624E-07 4.723E-08
                        (NSTEP:   270  DELTAT:   1.0000E+01  TIME:   1.9924E+03)
     1    24 2.672E-04 6.016E-06    86 -3.26E-01 -3.26E-01 2.624E-07 4.722E-08
                        (NSTEP:   271  DELTAT:   1.0000E+01  TIME:   2.0024E+03)
     1    24 2.672E-04 6.015E-06    86 -3.26E-01 -3.26E-01 2.623E-07 4.722E-08
                        (NSTEP:   272  DELTAT:   1.0000E+01  TIME:   2.0124E+03)
     1    24 2.671E-04 6.014E-06    86 -3.26E-01 -3.26E-01 2.623E-07 4.721E-08
                        (NSTEP:   273  DELTAT:   1.0000E+01  TIME:   2.0224E+03)
     1    24 2.671E-04 6.013E-06    86 -3.26E-01 -3.26E-01 2.622E-07 4.720E-08
                        (NSTEP:   274  DELTAT:   1.0000E+01  TIME:   2.0324E+03)
     1    24 2.671E-04 6.012E-06    86 -3.26E-01 -3.26E-01 2.622E-07 4.719E-08
                        (NSTEP:   275  DELTAT:   1.0000E+01  TIME:   2.0424E+03)
     1    24 2.671E-04 6.011E-06    86 -3.26E-01 -3.26E-01 2.621E-07 4.719E-08
                        (NSTEP:   276  DELTAT:   1.0000E+01  TIME:   2.0524E+03)
     1    24 2.670E-04 6.011E-06    86 -3.26E-01 -3.26E-01 2.621E-07 4.718E-08
                        (NSTEP:   277  DELTAT:   1.0000E+01  TIME:   2.0624E+03)
     1    24 2.670E-04 6.010E-06    86 -3.26E-01 -3.26E-01 2.621E-07 4.717E-08
                        (NSTEP:   278  DELTAT:   1.0000E+01  TIME:   2.0724E+03)
     1    24 2.670E-04 6.009E-06    86 -3.26E-01 -3.26E-01 2.620E-07 4.717E-08
                        (NSTEP:   279  DELTAT:   1.0000E+01  TIME:   2.0824E+03)
     1    24 2.670E-04 6.008E-06    86 -3.26E-01 -3.26E-01 2.620E-07 4.716E-08
                        (NSTEP:   280  DELTAT:   1.0000E+01  TIME:   2.0924E+03)
     1    24 2.669E-04 6.007E-06    86 -3.26E-01 -3.26E-01 2.619E-07 4.715E-08
                        (NSTEP:   281  DELTAT:   1.0000E+01  TIME:   2.1024E+03)
     1    24 2.669E-04 6.006E-06    86 -3.26E-01 -3.26E-01 2.619E-07 4.715E-08
                        (NSTEP:   282  DELTAT:   1.0000E+01  TIME:   2.1124E+03)
     1    24 2.669E-04 6.006E-06    86 -3.26E-01 -3.26E-01 2.619E-07 4.714E-08
                        (NSTEP:   283  DELTAT:   1.0000E+01  TIME:   2.1224E+03)
     1    24 2.669E-04 6.005E-06    86 -3.26E-01 -3.26E-01 2.618E-07 4.713E-08
                        (NSTEP:   284  DELTAT:   1.0000E+01  TIME:   2.1324E+03)
     1    24 2.668E-04 6.004E-06    86 -3.26E-01 -3.26E-01 2.618E-07 4.712E-08
                        (NSTEP:   285  DELTAT:   1.0000E+01  TIME:   2.1424E+03)
     1    24 2.668E-04 6.003E-06    86 -3.26E-01 -3.26E-01 2.618E-07 4.712E-08
                        (NSTEP:   286  DELTAT:   1.0000E+01  TIME:   2.1524E+03)
     1    24 2.668E-04 6.002E-06    86 -3.26E-01 -3.26E-01 2.617E-07 4.711E-08
                        (NSTEP:   287  DELTAT:   1.0000E+01  TIME:   2.1624E+03)
     1    24 2.668E-04 6.002E-06    86 -3.26E-01 -3.26E-01 2.617E-07 4.710E-08
                        (NSTEP:   288  DELTAT:   1.0000E+01  TIME:   2.1724E+03)
     1    24 2.668E-04 6.001E-06    86 -3.26E-01 -3.26E-01 2.616E-07 4.710E-08
                        (NSTEP:   289  DELTAT:   1.0000E+01  TIME:   2.1824E+03)
     1    24 2.667E-04 6.000E-06    86 -3.26E-01 -3.26E-01 2.616E-07 4.709E-08
                        (NSTEP:   290  DELTAT:   1.0000E+01  TIME:   2.1924E+03)
     1    24 2.667E-04 5.999E-06    86 -3.26E-01 -3.26E-01 2.616E-07 4.708E-08
                        (NSTEP:   291  DELTAT:   1.0000E+01  TIME:   2.2024E+03)
     1    24 2.667E-04 5.999E-06    86 -3.26E-01 -3.26E-01 2.615E-07 4.708E-08
                        (NSTEP:   292  DELTAT:   1.0000E+01  TIME:   2.2124E+03)
     1    24 2.667E-04 5.998E-06    86 -3.26E-01 -3.26E-01 2.615E-07 4.707E-08
                        (NSTEP:   293  DELTAT:   1.0000E+01  TIME:   2.2224E+03)
     1    24 2.666E-04 5.997E-06    86 -3.26E-01 -3.26E-01 2.615E-07 4.706E-08
                        (NSTEP:   294  DELTAT:   1.0000E+01  TIME:   2.2324E+03)
     1    24 2.666E-04 5.996E-06    86 -3.26E-01 -3.26E-01 2.614E-07 4.705E-08
                        (NSTEP:   295  DELTAT:   1.0000E+01  TIME:   2.2424E+03)
     1    24 2.666E-04 5.995E-06    86 -3.26E-01 -3.26E-01 2.614E-07 4.705E-08
                        (NSTEP:   296  DELTAT:   1.0000E+01  TIME:   2.2524E+03)
     1    24 2.666E-04 5.995E-06    86 -3.26E-01 -3.26E-01 2.614E-07 4.704E-08
                        (NSTEP:   297  DELTAT:   1.0000E+01  TIME:   2.2624E+03)
     1    24 2.666E-04 5.994E-06    86 -3.26E-01 -3.26E-01 2.613E-07 4.703E-08
                        (NSTEP:   298  DELTAT:   1.0000E+01  TIME:   2.2724E+03)
     1    24 2.665E-04 5.993E-06    86 -3.26E-01 -3.26E-01 2.613E-07 4.703E-08
                        (NSTEP:   299  DELTAT:   1.0000E+01  TIME:   2.2824E+03)
     1    24 2.665E-04 5.992E-06    86 -3.26E-01 -3.26E-01 2.612E-07 4.702E-08
                        (NSTEP:   300  DELTAT:   1.0000E+01  TIME:   2.2924E+03)
     1    24 2.665E-04 5.992E-06    86 -3.26E-01 -3.26E-01 2.612E-07 4.701E-08
                        (NSTEP:   301  DELTAT:   1.0000E+01  TIME:   2.3024E+03)
     1    24 2.665E-04 5.991E-06    86 -3.26E-01 -3.26E-01 2.612E-07 4.701E-08
                        (NSTEP:   302  DELTAT:   1.0000E+01  TIME:   2.3124E+03)
     1    24 2.664E-04 5.990E-06    86 -3.26E-01 -3.26E-01 2.611E-07 4.700E-08
                        (NSTEP:   303  DELTAT:   1.0000E+01  TIME:   2.3224E+03)
     1    24 2.664E-04 5.990E-06    86 -3.26E-01 -3.26E-01 2.611E-07 4.699E-08
                        (NSTEP:   304  DELTAT:   1.0000E+01  TIME:   2.3324E+03)
     1    24 2.664E-04 5.989E-06    86 -3.26E-01 -3.26E-01 2.611E-07 4.698E-08
                        (NSTEP:   305  DELTAT:   1.0000E+01  TIME:   2.3424E+03)
     1    24 2.664E-04 5.988E-06    86 -3.26E-01 -3.26E-01 2.610E-07 4.698E-08
                        (NSTEP:   306  DELTAT:   1.0000E+01  TIME:   2.3524E+03)
     1    24 2.664E-04 5.987E-06    86 -3.26E-01 -3.26E-01 2.610E-07 4.697E-08
                        (NSTEP:   307  DELTAT:   1.0000E+01  TIME:   2.3624E+03)
     1    24 2.663E-04 5.987E-06    86 -3.26E-01 -3.26E-01 2.610E-07 4.696E-08
                        (NSTEP:   308  DELTAT:   1.0000E+01  TIME:   2.3724E+03)
     1    24 2.663E-04 5.986E-06    86 -3.26E-01 -3.26E-01 2.609E-07 4.696E-08
                        (NSTEP:   309  DELTAT:   1.0000E+01  TIME:   2.3824E+03)
     1    24 2.663E-04 5.985E-06    86 -3.26E-01 -3.26E-01 2.609E-07 4.695E-08
                        (NSTEP:   310  DELTAT:   1.0000E+01  TIME:   2.3924E+03)
     1    24 2.663E-04 5.984E-06    86 -3.26E-01 -3.26E-01 2.609E-07 4.694E-08
                        (NSTEP:   311  DELTAT:   1.0000E+01  TIME:   2.4024E+03)
     1    24 2.662E-04 5.984E-06    86 -3.26E-01 -3.26E-01 2.608E-07 4.694E-08
                        (NSTEP:   312  DELTAT:   1.0000E+01  TIME:   2.4124E+03)
     1    24 2.662E-04 5.983E-06    86 -3.26E-01 -3.26E-01 2.608E-07 4.693E-08
                        (NSTEP:   313  DELTAT:   1.0000E+01  TIME:   2.4224E+03)
     1    24 2.662E-04 5.982E-06    86 -3.26E-01 -3.26E-01 2.608E-07 4.692E-08
                        (NSTEP:   314  DELTAT:   1.0000E+01  TIME:   2.4324E+03)
     1    24 2.662E-04 5.982E-06    86 -3.26E-01 -3.26E-01 2.607E-07 4.692E-08
                        (NSTEP:   315  DELTAT:   1.0000E+01  TIME:   2.4424E+03)
     1    24 2.662E-04 5.981E-06    86 -3.26E-01 -3.26E-01 2.607E-07 4.691E-08
                        (NSTEP:   316  DELTAT:   1.0000E+01  TIME:   2.4524E+03)
     1    24 2.661E-04 5.980E-06    86 -3.26E-01 -3.26E-01 2.607E-07 4.690E-08
                        (NSTEP:   317  DELTAT:   1.0000E+01  TIME:   2.4624E+03)
     1    24 2.661E-04 5.980E-06    86 -3.26E-01 -3.26E-01 2.606E-07 4.690E-08
                        (NSTEP:   318  DELTAT:   1.0000E+01  TIME:   2.4724E+03)
     1    24 2.661E-04 5.979E-06    86 -3.26E-01 -3.26E-01 2.606E-07 4.689E-08
                        (NSTEP:   319  DELTAT:   1.0000E+01  TIME:   2.4824E+03)
     1    24 2.661E-04 5.978E-06    86 -3.26E-01 -3.26E-01 2.605E-07 4.688E-08
                        (NSTEP:   320  DELTAT:   1.0000E+01  TIME:   2.4924E+03)
     1    24 2.660E-04 5.978E-06    86 -3.26E-01 -3.26E-01 2.605E-07 4.687E-08
                        (NSTEP:   321  DELTAT:   1.0000E+01  TIME:   2.5024E+03)
     1    24 2.660E-04 5.977E-06    86 -3.26E-01 -3.26E-01 2.605E-07 4.687E-08
                        (NSTEP:   322  DELTAT:   1.0000E+01  TIME:   2.5124E+03)
     1    24 2.660E-04 5.976E-06    86 -3.26E-01 -3.26E-01 2.604E-07 4.686E-08
                        (NSTEP:   323  DELTAT:   1.0000E+01  TIME:   2.5224E+03)
     1    24 2.660E-04 5.976E-06    86 -3.26E-01 -3.26E-01 2.604E-07 4.685E-08
                        (NSTEP:   324  DELTAT:   1.0000E+01  TIME:   2.5324E+03)
     1    24 2.660E-04 5.975E-06    86 -3.26E-01 -3.26E-01 2.604E-07 4.685E-08
                        (NSTEP:   325  DELTAT:   1.0000E+01  TIME:   2.5424E+03)
     1    24 2.659E-04 5.974E-06    86 -3.26E-01 -3.26E-01 2.603E-07 4.684E-08
                        (NSTEP:   326  DELTAT:   1.0000E+01  TIME:   2.5524E+03)
     1    24 2.659E-04 5.974E-06    86 -3.26E-01 -3.26E-01 2.603E-07 4.683E-08
                        (NSTEP:   327  DELTAT:   1.0000E+01  TIME:   2.5624E+03)
     1    24 2.659E-04 5.973E-06    86 -3.26E-01 -3.26E-01 2.603E-07 4.683E-08
                        (NSTEP:   328  DELTAT:   1.0000E+01  TIME:   2.5724E+03)
     1    24 2.659E-04 5.972E-06    86 -3.26E-01 -3.26E-01 2.602E-07 4.682E-08
                        (NSTEP:   329  DELTAT:   1.0000E+01  TIME:   2.5824E+03)
     1    24 2.658E-04 5.972E-06    86 -3.26E-01 -3.26E-01 2.602E-07 4.681E-08
                        (NSTEP:   330  DELTAT:   1.0000E+01  TIME:   2.5924E+03)
     1    24 2.658E-04 5.971E-06    86 -3.26E-01 -3.26E-01 2.602E-07 4.681E-08
                        (NSTEP:   331  DELTAT:   1.0000E+01  TIME:   2.6024E+03)
     1    24 2.658E-04 5.970E-06    86 -3.26E-01 -3.26E-01 2.601E-07 4.680E-08
                        (NSTEP:   332  DELTAT:   1.0000E+01  TIME:   2.6124E+03)
     1    24 2.658E-04 5.970E-06    86 -3.26E-01 -3.26E-01 2.601E-07 4.679E-08
                        (NSTEP:   333  DELTAT:   1.0000E+01  TIME:   2.6224E+03)
     1    24 2.658E-04 5.969E-06    86 -3.26E-01 -3.26E-01 2.601E-07 4.679E-08
                        (NSTEP:   334  DELTAT:   1.0000E+01  TIME:   2.6324E+03)
     1    24 2.657E-04 5.969E-06    86 -3.26E-01 -3.26E-01 2.600E-07 4.678E-08
                        (NSTEP:   335  DELTAT:   1.0000E+01  TIME:   2.6424E+03)
     1    24 2.657E-04 5.968E-06    86 -3.26E-01 -3.26E-01 2.600E-07 4.677E-08
                        (NSTEP:   336  DELTAT:   1.0000E+01  TIME:   2.6524E+03)
     1    24 2.657E-04 5.967E-06    86 -3.26E-01 -3.26E-01 2.600E-07 4.677E-08
                        (NSTEP:   337  DELTAT:   1.0000E+01  TIME:   2.6624E+03)
     1    24 2.657E-04 5.967E-06    86 -3.26E-01 -3.26E-01 2.599E-07 4.676E-08
                        (NSTEP:   338  DELTAT:   1.0000E+01  TIME:   2.6724E+03)
     1    24 2.656E-04 5.966E-06    86 -3.26E-01 -3.26E-01 2.599E-07 4.675E-08
                        (NSTEP:   339  DELTAT:   1.0000E+01  TIME:   2.6824E+03)
     1    24 2.656E-04 5.965E-06    86 -3.26E-01 -3.26E-01 2.599E-07 4.675E-08
                        (NSTEP:   340  DELTAT:   1.0000E+01  TIME:   2.6924E+03)
     1    24 2.656E-04 5.965E-06    86 -3.26E-01 -3.26E-01 2.598E-07 4.674E-08
                        (NSTEP:   341  DELTAT:   1.0000E+01  TIME:   2.7024E+03)
     1    24 2.656E-04 5.964E-06    86 -3.26E-01 -3.26E-01 2.598E-07 4.673E-08
                        (NSTEP:   342  DELTAT:   1.0000E+01  TIME:   2.7124E+03)
     1    24 2.656E-04 5.964E-06    86 -3.26E-01 -3.26E-01 2.598E-07 4.673E-08
                        (NSTEP:   343  DELTAT:   1.0000E+01  TIME:   2.7224E+03)
     1    24 2.655E-04 5.963E-06    86 -3.26E-01 -3.26E-01 2.597E-07 4.672E-08
                        (NSTEP:   344  DELTAT:   1.0000E+01  TIME:   2.7324E+03)
     1    24 2.655E-04 5.962E-06    86 -3.26E-01 -3.26E-01 2.597E-07 4.671E-08
                        (NSTEP:   345  DELTAT:   1.0000E+01  TIME:   2.7424E+03)
     1    24 2.655E-04 5.962E-06    86 -3.26E-01 -3.26E-01 2.597E-07 4.671E-08
                        (NSTEP:   346  DELTAT:   1.0000E+01  TIME:   2.7524E+03)
     1    24 2.655E-04 5.961E-06    86 -3.26E-01 -3.26E-01 2.596E-07 4.670E-08
                        (NSTEP:   347  DELTAT:   1.0000E+01  TIME:   2.7624E+03)
     1    24 2.654E-04 5.961E-06    86 -3.26E-01 -3.26E-01 2.596E-07 4.669E-08
                        (NSTEP:   348  DELTAT:   1.0000E+01  TIME:   2.7724E+03)
     1    24 2.654E-04 5.960E-06    86 -3.26E-01 -3.26E-01 2.596E-07 4.668E-08
                        (NSTEP:   349  DELTAT:   1.0000E+01  TIME:   2.7824E+03)
     1    24 2.654E-04 5.959E-06    86 -3.26E-01 -3.26E-01 2.595E-07 4.668E-08
                        (NSTEP:   350  DELTAT:   1.0000E+01  TIME:   2.7924E+03)
     1    24 2.654E-04 5.959E-06    86 -3.27E-01 -3.26E-01 2.595E-07 4.667E-08
                        (NSTEP:   351  DELTAT:   1.0000E+01  TIME:   2.8024E+03)
     1    24 2.654E-04 5.958E-06    86 -3.27E-01 -3.27E-01 2.595E-07 4.666E-08
                        (NSTEP:   352  DELTAT:   1.0000E+01  TIME:   2.8124E+03)
     1    24 2.653E-04 5.958E-06    86 -3.27E-01 -3.27E-01 2.594E-07 4.666E-08
                        (NSTEP:   353  DELTAT:   1.0000E+01  TIME:   2.8224E+03)
     1    24 2.653E-04 5.957E-06    86 -3.27E-01 -3.27E-01 2.594E-07 4.665E-08
                        (NSTEP:   354  DELTAT:   1.0000E+01  TIME:   2.8324E+03)
     1    24 2.653E-04 5.956E-06    86 -3.27E-01 -3.27E-01 2.594E-07 4.664E-08
                        (NSTEP:   355  DELTAT:   1.0000E+01  TIME:   2.8424E+03)
     1    24 2.653E-04 5.956E-06    86 -3.27E-01 -3.27E-01 2.593E-07 4.664E-08
                        (NSTEP:   356  DELTAT:   1.0000E+01  TIME:   2.8524E+03)
     1    24 2.652E-04 5.955E-06    86 -3.27E-01 -3.27E-01 2.593E-07 4.663E-08
                        (NSTEP:   357  DELTAT:   1.0000E+01  TIME:   2.8624E+03)
     1    24 2.652E-04 5.955E-06    86 -3.27E-01 -3.27E-01 2.593E-07 4.662E-08
                        (NSTEP:   358  DELTAT:   1.0000E+01  TIME:   2.8724E+03)
     1    24 2.652E-04 5.954E-06    86 -3.27E-01 -3.27E-01 2.592E-07 4.662E-08
                        (NSTEP:   359  DELTAT:   1.0000E+01  TIME:   2.8824E+03)
     1    24 2.652E-04 5.954E-06    86 -3.27E-01 -3.27E-01 2.592E-07 4.661E-08
                        (NSTEP:   360  DELTAT:   1.0000E+01  TIME:   2.8924E+03)
     1    24 2.651E-04 5.953E-06    86 -3.27E-01 -3.27E-01 2.592E-07 4.660E-08
                        (NSTEP:   361  DELTAT:   1.0000E+01  TIME:   2.9024E+03)
     1    24 2.651E-04 5.953E-06    86 -3.27E-01 -3.27E-01 2.591E-07 4.660E-08
                        (NSTEP:   362  DELTAT:   1.0000E+01  TIME:   2.9124E+03)
     1    24 2.651E-04 5.952E-06    86 -3.27E-01 -3.27E-01 2.591E-07 4.659E-08
                        (NSTEP:   363  DELTAT:   1.0000E+01  TIME:   2.9224E+03)
     1    24 2.651E-04 5.951E-06    86 -3.27E-01 -3.27E-01 2.591E-07 4.658E-08
                        (NSTEP:   364  DELTAT:   1.0000E+01  TIME:   2.9324E+03)
     1    24 2.651E-04 5.951E-06    86 -3.27E-01 -3.27E-01 2.590E-07 4.658E-08
                        (NSTEP:   365  DELTAT:   1.0000E+01  TIME:   2.9424E+03)
     1    24 2.650E-04 5.950E-06    86 -3.27E-01 -3.27E-01 2.590E-07 4.657E-08
                        (NSTEP:   366  DELTAT:   1.0000E+01  TIME:   2.9524E+03)
     1    24 2.650E-04 5.950E-06    86 -3.27E-01 -3.27E-01 2.590E-07 4.656E-08
                        (NSTEP:   367  DELTAT:   1.0000E+01  TIME:   2.9624E+03)
     1    24 2.650E-04 5.949E-06    86 -3.27E-01 -3.27E-01 2.589E-07 4.656E-08
                        (NSTEP:   368  DELTAT:   1.0000E+01  TIME:   2.9724E+03)
     1    24 2.650E-04 5.949E-06    86 -3.27E-01 -3.27E-01 2.589E-07 4.655E-08
                        (NSTEP:   369  DELTAT:   1.0000E+01  TIME:   2.9824E+03)
     1    24 2.649E-04 5.948E-06    86 -3.27E-01 -3.27E-01 2.589E-07 4.654E-08
                        (NSTEP:   370  DELTAT:   1.0000E+01  TIME:   2.9924E+03)
     1    24 2.649E-04 5.948E-06    86 -3.27E-01 -3.27E-01 2.588E-07 4.654E-08
                        (NSTEP:   371  DELTAT:   1.0000E+01  TIME:   3.0024E+03)
     1    24 2.649E-04 5.947E-06    86 -3.27E-01 -3.27E-01 2.588E-07 4.653E-08
                        (NSTEP:   372  DELTAT:   1.0000E+01  TIME:   3.0124E+03)
     1    24 2.649E-04 5.946E-06    86 -3.27E-01 -3.27E-01 2.588E-07 4.652E-08
                        (NSTEP:   373  DELTAT:   1.0000E+01  TIME:   3.0224E+03)
     1    24 2.648E-04 5.946E-06    86 -3.27E-01 -3.27E-01 2.587E-07 4.652E-08
                        (NSTEP:   374  DELTAT:   1.0000E+01  TIME:   3.0324E+03)
     1    24 2.648E-04 5.945E-06    86 -3.27E-01 -3.27E-01 2.587E-07 4.651E-08
                        (NSTEP:   375  DELTAT:   1.0000E+01  TIME:   3.0424E+03)
     1    24 2.648E-04 5.945E-06    86 -3.27E-01 -3.27E-01 2.587E-07 4.650E-08
                        (NSTEP:   376  DELTAT:   1.0000E+01  TIME:   3.0524E+03)
     1    24 2.648E-04 5.944E-06    86 -3.27E-01 -3.27E-01 2.586E-07 4.650E-08
                        (NSTEP:   377  DELTAT:   1.0000E+01  TIME:   3.0624E+03)
     1    24 2.647E-04 5.944E-06    86 -3.27E-01 -3.27E-01 2.586E-07 4.649E-08
                        (NSTEP:   378  DELTAT:   1.0000E+01  TIME:   3.0724E+03)
     1    24 2.647E-04 5.943E-06    86 -3.27E-01 -3.27E-01 2.586E-07 4.648E-08
                        (NSTEP:   379  DELTAT:   1.0000E+01  TIME:   3.0824E+03)
     1    24 2.647E-04 5.943E-06    86 -3.27E-01 -3.27E-01 2.585E-07 4.648E-08
                        (NSTEP:   380  DELTAT:   1.0000E+01  TIME:   3.0924E+03)
     1    24 2.647E-04 5.942E-06    86 -3.27E-01 -3.27E-01 2.585E-07 4.647E-08
                        (NSTEP:   381  DELTAT:   1.0000E+01  TIME:   3.1024E+03)
     1    24 2.647E-04 5.942E-06    86 -3.27E-01 -3.27E-01 2.585E-07 4.646E-08
                        (NSTEP:   382  DELTAT:   1.0000E+01  TIME:   3.1124E+03)
     1    24 2.646E-04 5.941E-06    86 -3.27E-01 -3.27E-01 2.584E-07 4.646E-08
                        (NSTEP:   383  DELTAT:   1.0000E+01  TIME:   3.1224E+03)
     1    24 2.646E-04 5.941E-06    86 -3.27E-01 -3.27E-01 2.584E-07 4.645E-08
                        (NSTEP:   384  DELTAT:   1.0000E+01  TIME:   3.1324E+03)
     1    24 2.646E-04 5.940E-06    86 -3.27E-01 -3.27E-01 2.584E-07 4.645E-08
                        (NSTEP:   385  DELTAT:   1.0000E+01  TIME:   3.1424E+03)
     1    24 2.646E-04 5.940E-06    86 -3.27E-01 -3.27E-01 2.583E-07 4.644E-08
                        (NSTEP:   386  DELTAT:   1.0000E+01  TIME:   3.1524E+03)
     1    24 2.645E-04 5.939E-06    86 -3.27E-01 -3.27E-01 2.583E-07 4.643E-08
                        (NSTEP:   387  DELTAT:   1.0000E+01  TIME:   3.1624E+03)
     1    24 2.645E-04 5.939E-06    86 -3.27E-01 -3.27E-01 2.583E-07 4.643E-08
                        (NSTEP:   388  DELTAT:   1.0000E+01  TIME:   3.1724E+03)
     1    24 2.645E-04 5.938E-06    86 -3.27E-01 -3.27E-01 2.583E-07 4.642E-08
                        (NSTEP:   389  DELTAT:   1.0000E+01  TIME:   3.1824E+03)
     1    24 2.645E-04 5.938E-06    86 -3.27E-01 -3.27E-01 2.582E-07 4.641E-08
                        (NSTEP:   390  DELTAT:   1.0000E+01  TIME:   3.1924E+03)
     1    24 2.645E-04 5.937E-06    86 -3.27E-01 -3.27E-01 2.582E-07 4.641E-08
                        (NSTEP:   391  DELTAT:   1.0000E+01  TIME:   3.2024E+03)
     1    24 2.644E-04 5.937E-06    86 -3.27E-01 -3.27E-01 2.582E-07 4.640E-08
                        (NSTEP:   392  DELTAT:   1.0000E+01  TIME:   3.2124E+03)
     1    24 2.644E-04 5.936E-06    86 -3.27E-01 -3.27E-01 2.581E-07 4.639E-08
                        (NSTEP:   393  DELTAT:   1.0000E+01  TIME:   3.2224E+03)
     1    24 2.644E-04 5.936E-06    86 -3.27E-01 -3.27E-01 2.581E-07 4.639E-08
                        (NSTEP:   394  DELTAT:   1.0000E+01  TIME:   3.2324E+03)
     1    24 2.644E-04 5.935E-06    86 -3.27E-01 -3.27E-01 2.581E-07 4.638E-08
                        (NSTEP:   395  DELTAT:   1.0000E+01  TIME:   3.2424E+03)
     1    24 2.643E-04 5.935E-06    86 -3.27E-01 -3.27E-01 2.580E-07 4.637E-08
                        (NSTEP:   396  DELTAT:   1.0000E+01  TIME:   3.2524E+03)
     1    24 2.643E-04 5.934E-06    86 -3.27E-01 -3.27E-01 2.580E-07 4.637E-08
                        (NSTEP:   397  DELTAT:   1.0000E+01  TIME:   3.2624E+03)
     1    24 2.643E-04 5.934E-06    86 -3.27E-01 -3.27E-01 2.580E-07 4.636E-08
                        (NSTEP:   398  DELTAT:   1.0000E+01  TIME:   3.2724E+03)
     1    24 2.643E-04 5.933E-06    86 -3.27E-01 -3.27E-01 2.579E-07 4.635E-08
                        (NSTEP:   399  DELTAT:   1.0000E+01  TIME:   3.2824E+03)
     1    24 2.643E-04 5.933E-06    86 -3.27E-01 -3.27E-01 2.579E-07 4.635E-08
                        (NSTEP:   400  DELTAT:   1.0000E+01  TIME:   3.2924E+03)
     1    24 2.642E-04 5.932E-06    86 -3.27E-01 -3.27E-01 2.578E-07 4.634E-08
                        (NSTEP:   401  DELTAT:   1.0000E+01  TIME:   3.3024E+03)
     1    24 2.642E-04 5.932E-06    86 -3.27E-01 -3.27E-01 2.578E-07 4.633E-08
                        (NSTEP:   402  DELTAT:   1.0000E+01  TIME:   3.3124E+03)
     1    24 2.642E-04 5.931E-06    86 -3.27E-01 -3.27E-01 2.577E-07 4.633E-08
                        (NSTEP:   403  DELTAT:   1.0000E+01  TIME:   3.3224E+03)
     1    24 2.641E-04 5.931E-06    86 -3.27E-01 -3.27E-01 2.577E-07 4.632E-08
                        (NSTEP:   404  DELTAT:   1.0000E+01  TIME:   3.3324E+03)
     1    24 2.641E-04 5.930E-06    86 -3.27E-01 -3.27E-01 2.577E-07 4.631E-08
                        (NSTEP:   405  DELTAT:   1.0000E+01  TIME:   3.3424E+03)
     1    24 2.641E-04 5.930E-06    86 -3.27E-01 -3.27E-01 2.576E-07 4.631E-08
                        (NSTEP:   406  DELTAT:   1.0000E+01  TIME:   3.3524E+03)
     1    24 2.641E-04 5.929E-06    86 -3.27E-01 -3.27E-01 2.576E-07 4.630E-08
                        (NSTEP:   407  DELTAT:   1.0000E+01  TIME:   3.3624E+03)
     1    24 2.640E-04 5.929E-06    86 -3.27E-01 -3.27E-01 2.575E-07 4.629E-08
                        (NSTEP:   408  DELTAT:   1.0000E+01  TIME:   3.3724E+03)
     1    24 2.640E-04 5.928E-06    86 -3.27E-01 -3.27E-01 2.575E-07 4.629E-08
                        (NSTEP:   409  DELTAT:   1.0000E+01  TIME:   3.3824E+03)
     1    24 2.640E-04 5.928E-06    86 -3.27E-01 -3.27E-01 2.575E-07 4.628E-08
                        (NSTEP:   410  DELTAT:   1.0000E+01  TIME:   3.3924E+03)
     1    24 2.640E-04 5.927E-06    86 -3.27E-01 -3.27E-01 2.574E-07 4.627E-08
                        (NSTEP:   411  DELTAT:   1.0000E+01  TIME:   3.4024E+03)
     1    24 2.639E-04 5.927E-06    86 -3.27E-01 -3.27E-01 2.574E-07 4.627E-08
                        (NSTEP:   412  DELTAT:   1.0000E+01  TIME:   3.4124E+03)
     1    24 2.639E-04 5.926E-06    86 -3.27E-01 -3.27E-01 2.574E-07 4.626E-08
                        (NSTEP:   413  DELTAT:   1.0000E+01  TIME:   3.4224E+03)
     1    24 2.639E-04 5.926E-06    86 -3.27E-01 -3.27E-01 2.573E-07 4.625E-08
                        (NSTEP:   414  DELTAT:   1.0000E+01  TIME:   3.4324E+03)
     1    24 2.639E-04 5.925E-06    86 -3.27E-01 -3.27E-01 2.573E-07 4.625E-08
                        (NSTEP:   415  DELTAT:   1.0000E+01  TIME:   3.4424E+03)
     1    24 2.638E-04 5.925E-06    86 -3.27E-01 -3.27E-01 2.572E-07 4.624E-08
                        (NSTEP:   416  DELTAT:   1.0000E+01  TIME:   3.4524E+03)
     1    24 2.638E-04 5.924E-06    86 -3.27E-01 -3.27E-01 2.572E-07 4.623E-08
                        (NSTEP:   417  DELTAT:   1.0000E+01  TIME:   3.4624E+03)
     1    24 2.638E-04 5.924E-06    86 -3.27E-01 -3.27E-01 2.572E-07 4.623E-08
                        (NSTEP:   418  DELTAT:   1.0000E+01  TIME:   3.4724E+03)
     1    24 2.638E-04 5.924E-06    86 -3.27E-01 -3.27E-01 2.571E-07 4.622E-08
                        (NSTEP:   419  DELTAT:   1.0000E+01  TIME:   3.4824E+03)
     1    24 2.637E-04 5.923E-06    86 -3.27E-01 -3.27E-01 2.571E-07 4.621E-08
                        (NSTEP:   420  DELTAT:   1.0000E+01  TIME:   3.4924E+03)
     1    24 2.637E-04 5.923E-06    86 -3.27E-01 -3.27E-01 2.571E-07 4.621E-08
                        (NSTEP:   421  DELTAT:   1.0000E+01  TIME:   3.5024E+03)
     1    24 2.637E-04 5.922E-06    86 -3.27E-01 -3.27E-01 2.570E-07 4.620E-08
                        (NSTEP:   422  DELTAT:   1.0000E+01  TIME:   3.5124E+03)
     1    24 2.637E-04 5.922E-06    86 -3.27E-01 -3.27E-01 2.570E-07 4.619E-08
                        (NSTEP:   423  DELTAT:   1.0000E+01  TIME:   3.5224E+03)
     1    24 2.636E-04 5.921E-06    86 -3.27E-01 -3.27E-01 2.570E-07 4.619E-08
                        (NSTEP:   424  DELTAT:   1.0000E+01  TIME:   3.5324E+03)
     1    24 2.636E-04 5.921E-06    86 -3.27E-01 -3.27E-01 2.569E-07 4.618E-08
                        (NSTEP:   425  DELTAT:   1.0000E+01  TIME:   3.5424E+03)
     1    24 2.636E-04 5.920E-06    86 -3.27E-01 -3.27E-01 2.569E-07 4.617E-08
                        (NSTEP:   426  DELTAT:   1.0000E+01  TIME:   3.5524E+03)
     1    24 2.636E-04 5.920E-06    86 -3.27E-01 -3.27E-01 2.569E-07 4.617E-08
                        (NSTEP:   427  DELTAT:   1.0000E+01  TIME:   3.5624E+03)
     1    24 2.635E-04 5.919E-06    86 -3.27E-01 -3.27E-01 2.568E-07 4.616E-08
                        (NSTEP:   428  DELTAT:   1.0000E+01  TIME:   3.5724E+03)
     1    24 2.635E-04 5.919E-06    86 -3.27E-01 -3.27E-01 2.568E-07 4.615E-08
                        (NSTEP:   429  DELTAT:   1.0000E+01  TIME:   3.5824E+03)
     1    24 2.635E-04 5.918E-06    86 -3.27E-01 -3.27E-01 2.567E-07 4.615E-08
                        (NSTEP:   430  DELTAT:   1.0000E+01  TIME:   3.5924E+03)
     1    24 2.635E-04 5.918E-06    86 -3.27E-01 -3.27E-01 2.567E-07 4.614E-08
                        (NSTEP:   431  DELTAT:   1.0000E+01  TIME:   3.6024E+03)
     1    24 2.635E-04 5.918E-06    86 -3.27E-01 -3.27E-01 2.567E-07 4.613E-08
                        (NSTEP:   432  DELTAT:   1.0000E+01  TIME:   3.6124E+03)
     1    24 2.634E-04 5.917E-06    86 -3.27E-01 -3.27E-01 2.566E-07 4.613E-08
                        (NSTEP:   433  DELTAT:   1.0000E+01  TIME:   3.6224E+03)
     1    24 2.634E-04 5.917E-06    86 -3.27E-01 -3.27E-01 2.566E-07 4.612E-08
                        (NSTEP:   434  DELTAT:   1.0000E+01  TIME:   3.6324E+03)
     1    24 2.634E-04 5.916E-06    86 -3.27E-01 -3.27E-01 2.566E-07 4.611E-08
                        (NSTEP:   435  DELTAT:   1.0000E+01  TIME:   3.6424E+03)
     1    24 2.634E-04 5.916E-06    86 -3.27E-01 -3.27E-01 2.565E-07 4.611E-08
                        (NSTEP:   436  DELTAT:   1.0000E+01  TIME:   3.6524E+03)
     1    24 2.633E-04 5.915E-06    86 -3.27E-01 -3.27E-01 2.565E-07 4.610E-08
                        (NSTEP:   437  DELTAT:   1.0000E+01  TIME:   3.6624E+03)
     1    24 2.633E-04 5.915E-06    86 -3.27E-01 -3.27E-01 2.565E-07 4.609E-08
                        (NSTEP:   438  DELTAT:   1.0000E+01  TIME:   3.6724E+03)
     1    24 2.633E-04 5.915E-06    86 -3.27E-01 -3.27E-01 2.564E-07 4.609E-08
                        (NSTEP:   439  DELTAT:   1.0000E+01  TIME:   3.6824E+03)
     1    24 2.633E-04 5.914E-06    86 -3.27E-01 -3.27E-01 2.564E-07 4.608E-08
                        (NSTEP:   440  DELTAT:   1.0000E+01  TIME:   3.6924E+03)
     1    24 2.632E-04 5.914E-06    86 -3.27E-01 -3.27E-01 2.564E-07 4.607E-08
                        (NSTEP:   441  DELTAT:   1.0000E+01  TIME:   3.7024E+03)
     1    24 2.632E-04 5.913E-06    86 -3.27E-01 -3.27E-01 2.563E-07 4.607E-08
                        (NSTEP:   442  DELTAT:   1.0000E+01  TIME:   3.7124E+03)
     1    24 2.632E-04 5.913E-06    86 -3.27E-01 -3.27E-01 2.563E-07 4.606E-08
                        (NSTEP:   443  DELTAT:   1.0000E+01  TIME:   3.7224E+03)
     1    24 2.632E-04 5.912E-06    86 -3.27E-01 -3.27E-01 2.563E-07 4.605E-08
                        (NSTEP:   444  DELTAT:   1.0000E+01  TIME:   3.7324E+03)
     1    24 2.632E-04 5.912E-06    86 -3.27E-01 -3.27E-01 2.562E-07 4.605E-08
                        (NSTEP:   445  DELTAT:   1.0000E+01  TIME:   3.7424E+03)
     1    24 2.631E-04 5.911E-06    86 -3.27E-01 -3.27E-01 2.562E-07 4.604E-08
                        (NSTEP:   446  DELTAT:   1.0000E+01  TIME:   3.7524E+03)
     1    24 2.631E-04 5.911E-06    86 -3.27E-01 -3.27E-01 2.562E-07 4.603E-08
                        (NSTEP:   447  DELTAT:   1.0000E+01  TIME:   3.7624E+03)
     1    24 2.631E-04 5.911E-06    86 -3.27E-01 -3.27E-01 2.561E-07 4.603E-08
                        (NSTEP:   448  DELTAT:   1.0000E+01  TIME:   3.7724E+03)
     1    24 2.631E-04 5.910E-06    86 -3.27E-01 -3.27E-01 2.561E-07 4.602E-08
                        (NSTEP:   449  DELTAT:   1.0000E+01  TIME:   3.7824E+03)
     1    24 2.630E-04 5.910E-06    86 -3.27E-01 -3.27E-01 2.561E-07 4.601E-08
                        (NSTEP:   450  DELTAT:   1.0000E+01  TIME:   3.7924E+03)
     1    24 2.630E-04 5.909E-06    86 -3.27E-01 -3.27E-01 2.560E-07 4.601E-08
                        (NSTEP:   451  DELTAT:   1.0000E+01  TIME:   3.8024E+03)
     1    24 2.630E-04 5.909E-06    86 -3.27E-01 -3.27E-01 2.560E-07 4.600E-08
                        (NSTEP:   452  DELTAT:   1.0000E+01  TIME:   3.8124E+03)
     1    24 2.630E-04 5.908E-06    86 -3.27E-01 -3.27E-01 2.560E-07 4.599E-08
                        (NSTEP:   453  DELTAT:   1.0000E+01  TIME:   3.8224E+03)
     1    24 2.629E-04 5.908E-06    86 -3.27E-01 -3.27E-01 2.559E-07 4.599E-08
                        (NSTEP:   454  DELTAT:   1.0000E+01  TIME:   3.8324E+03)
     1    24 2.629E-04 5.908E-06    86 -3.27E-01 -3.27E-01 2.559E-07 4.598E-08
                        (NSTEP:   455  DELTAT:   1.0000E+01  TIME:   3.8424E+03)
     1    24 2.629E-04 5.907E-06    86 -3.27E-01 -3.27E-01 2.559E-07 4.597E-08
                        (NSTEP:   456  DELTAT:   1.0000E+01  TIME:   3.8524E+03)
     1    24 2.629E-04 5.907E-06    86 -3.27E-01 -3.27E-01 2.558E-07 4.597E-08
                        (NSTEP:   457  DELTAT:   1.0000E+01  TIME:   3.8624E+03)
     1    24 2.629E-04 5.906E-06    86 -3.27E-01 -3.27E-01 2.558E-07 4.596E-08
                        (NSTEP:   458  DELTAT:   1.0000E+01  TIME:   3.8724E+03)
     1    24 2.628E-04 5.906E-06    86 -3.27E-01 -3.27E-01 2.558E-07 4.595E-08
                        (NSTEP:   459  DELTAT:   1.0000E+01  TIME:   3.8824E+03)
     1    24 2.628E-04 5.906E-06    86 -3.27E-01 -3.27E-01 2.557E-07 4.594E-08
                        (NSTEP:   460  DELTAT:   1.0000E+01  TIME:   3.8924E+03)
     1    24 2.628E-04 5.905E-06    86 -3.27E-01 -3.27E-01 2.557E-07 4.594E-08
                        (NSTEP:   461  DELTAT:   1.0000E+01  TIME:   3.9024E+03)
     1    24 2.628E-04 5.905E-06    86 -3.27E-01 -3.27E-01 2.557E-07 4.593E-08
                        (NSTEP:   462  DELTAT:   1.0000E+01  TIME:   3.9124E+03)
     1    24 2.627E-04 5.904E-06    86 -3.27E-01 -3.27E-01 2.556E-07 4.592E-08
                        (NSTEP:   463  DELTAT:   1.0000E+01  TIME:   3.9224E+03)
     1    24 2.627E-04 5.904E-06    86 -3.27E-01 -3.27E-01 2.556E-07 4.592E-08
                        (NSTEP:   464  DELTAT:   1.0000E+01  TIME:   3.9324E+03)
     1    24 2.627E-04 5.903E-06    86 -3.27E-01 -3.27E-01 2.556E-07 4.591E-08
                        (NSTEP:   465  DELTAT:   1.0000E+01  TIME:   3.9424E+03)
     1    24 2.627E-04 5.903E-06    86 -3.27E-01 -3.27E-01 2.555E-07 4.590E-08
                        (NSTEP:   466  DELTAT:   1.0000E+01  TIME:   3.9524E+03)
     1    24 2.626E-04 5.903E-06    86 -3.27E-01 -3.27E-01 2.555E-07 4.590E-08
                        (NSTEP:   467  DELTAT:   1.0000E+01  TIME:   3.9624E+03)
     1    24 2.626E-04 5.902E-06    86 -3.27E-01 -3.27E-01 2.555E-07 4.589E-08
                        (NSTEP:   468  DELTAT:   1.0000E+01  TIME:   3.9724E+03)
     1    24 2.626E-04 5.902E-06    86 -3.27E-01 -3.27E-01 2.554E-07 4.588E-08
                        (NSTEP:   469  DELTAT:   1.0000E+01  TIME:   3.9824E+03)
     1    24 2.626E-04 5.901E-06    86 -3.27E-01 -3.27E-01 2.554E-07 4.588E-08
                        (NSTEP:   470  DELTAT:   1.0000E+01  TIME:   3.9924E+03)
     1    24 2.626E-04 5.901E-06    86 -3.27E-01 -3.27E-01 2.554E-07 4.587E-08
                        (NSTEP:   471  DELTAT:   1.0000E+01  TIME:   4.0024E+03)
     1    24 2.625E-04 5.901E-06    86 -3.27E-01 -3.27E-01 2.553E-07 4.586E-08
                        (NSTEP:   472  DELTAT:   1.0000E+01  TIME:   4.0124E+03)
     1    24 2.625E-04 5.900E-06    86 -3.27E-01 -3.27E-01 2.553E-07 4.586E-08
                        (NSTEP:   473  DELTAT:   1.0000E+01  TIME:   4.0224E+03)
     1    24 2.625E-04 5.900E-06    86 -3.27E-01 -3.27E-01 2.553E-07 4.585E-08
                        (NSTEP:   474  DELTAT:   1.0000E+01  TIME:   4.0324E+03)
     1    24 2.625E-04 5.899E-06    86 -3.27E-01 -3.27E-01 2.552E-07 4.584E-08
                        (NSTEP:   475  DELTAT:   1.0000E+01  TIME:   4.0424E+03)
     1    24 2.624E-04 5.899E-06    86 -3.27E-01 -3.27E-01 2.552E-07 4.584E-08
                        (NSTEP:   476  DELTAT:   1.0000E+01  TIME:   4.0524E+03)
     1    24 2.624E-04 5.899E-06    86 -3.27E-01 -3.27E-01 2.552E-07 4.583E-08
                        (NSTEP:   477  DELTAT:   1.0000E+01  TIME:   4.0624E+03)
     1    24 2.624E-04 5.898E-06    86 -3.27E-01 -3.27E-01 2.551E-07 4.582E-08
                        (NSTEP:   478  DELTAT:   1.0000E+01  TIME:   4.0724E+03)
     1    24 2.624E-04 5.898E-06    86 -3.27E-01 -3.27E-01 2.551E-07 4.582E-08
                        (NSTEP:   479  DELTAT:   1.0000E+01  TIME:   4.0824E+03)
     1    24 2.623E-04 5.897E-06    86 -3.27E-01 -3.27E-01 2.551E-07 4.581E-08
                        (NSTEP:   480  DELTAT:   1.0000E+01  TIME:   4.0924E+03)
     1    24 2.623E-04 5.897E-06    86 -3.27E-01 -3.27E-01 2.550E-07 4.580E-08
                        (NSTEP:   481  DELTAT:   1.0000E+01  TIME:   4.1024E+03)
     1    24 2.623E-04 5.897E-06    86 -3.27E-01 -3.27E-01 2.550E-07 4.580E-08
                        (NSTEP:   482  DELTAT:   1.0000E+01  TIME:   4.1124E+03)
     1    24 2.623E-04 5.896E-06    86 -3.27E-01 -3.27E-01 2.550E-07 4.579E-08
                        (NSTEP:   483  DELTAT:   1.0000E+01  TIME:   4.1224E+03)
     1    24 2.623E-04 5.896E-06    86 -3.27E-01 -3.27E-01 2.549E-07 4.578E-08
                        (NSTEP:   484  DELTAT:   1.0000E+01  TIME:   4.1324E+03)
     1    24 2.622E-04 5.895E-06    86 -3.27E-01 -3.27E-01 2.549E-07 4.578E-08
                        (NSTEP:   485  DELTAT:   1.0000E+01  TIME:   4.1424E+03)
     1    24 2.622E-04 5.895E-06    86 -3.27E-01 -3.27E-01 2.549E-07 4.577E-08
                        (NSTEP:   486  DELTAT:   1.0000E+01  TIME:   4.1524E+03)
     1    24 2.622E-04 5.895E-06    86 -3.27E-01 -3.27E-01 2.548E-07 4.576E-08
                        (NSTEP:   487  DELTAT:   1.0000E+01  TIME:   4.1624E+03)
     1    24 2.622E-04 5.894E-06    86 -3.27E-01 -3.27E-01 2.548E-07 4.576E-08
                        (NSTEP:   488  DELTAT:   1.0000E+01  TIME:   4.1724E+03)
     1    24 2.621E-04 5.894E-06    86 -3.27E-01 -3.27E-01 2.548E-07 4.575E-08
                        (NSTEP:   489  DELTAT:   1.0000E+01  TIME:   4.1824E+03)
     1    24 2.621E-04 5.893E-06    86 -3.27E-01 -3.27E-01 2.548E-07 4.574E-08
                        (NSTEP:   490  DELTAT:   1.0000E+01  TIME:   4.1924E+03)
     1    24 2.621E-04 5.893E-06    86 -3.27E-01 -3.27E-01 2.547E-07 4.574E-08
                        (NSTEP:   491  DELTAT:   1.0000E+01  TIME:   4.2024E+03)
     1    24 2.621E-04 5.893E-06    86 -3.27E-01 -3.27E-01 2.547E-07 4.573E-08
                        (NSTEP:   492  DELTAT:   1.0000E+01  TIME:   4.2124E+03)
     1    24 2.621E-04 5.892E-06    86 -3.27E-01 -3.27E-01 2.547E-07 4.572E-08
                        (NSTEP:   493  DELTAT:   1.0000E+01  TIME:   4.2224E+03)
     1    24 2.620E-04 5.892E-06    86 -3.27E-01 -3.27E-01 2.546E-07 4.572E-08
                        (NSTEP:   494  DELTAT:   1.0000E+01  TIME:   4.2324E+03)
     1    24 2.620E-04 5.891E-06    86 -3.27E-01 -3.27E-01 2.546E-07 4.571E-08
                        (NSTEP:   495  DELTAT:   1.0000E+01  TIME:   4.2424E+03)
     1    24 2.620E-04 5.891E-06    86 -3.27E-01 -3.27E-01 2.546E-07 4.570E-08
                        (NSTEP:   496  DELTAT:   1.0000E+01  TIME:   4.2524E+03)
     1    24 2.620E-04 5.891E-06    86 -3.27E-01 -3.27E-01 2.545E-07 4.570E-08
                        (NSTEP:   497  DELTAT:   1.0000E+01  TIME:   4.2624E+03)
     1    24 2.619E-04 5.890E-06    86 -3.27E-01 -3.27E-01 2.545E-07 4.569E-08
                        (NSTEP:   498  DELTAT:   1.0000E+01  TIME:   4.2724E+03)
     1    24 2.619E-04 5.890E-06    86 -3.27E-01 -3.27E-01 2.545E-07 4.568E-08
                        (NSTEP:   499  DELTAT:   1.0000E+01  TIME:   4.2824E+03)
     1    24 2.619E-04 5.890E-06    86 -3.27E-01 -3.27E-01 2.544E-07 4.567E-08
                        (NSTEP:   500  DELTAT:   1.0000E+01  TIME:   4.2924E+03)
     1    24 2.619E-04 5.889E-06    86 -3.27E-01 -3.27E-01 2.544E-07 4.567E-08
                        (NSTEP:   501  DELTAT:   1.0000E+01  TIME:   4.3024E+03)
     1    24 2.618E-04 5.889E-06    86 -3.27E-01 -3.27E-01 2.544E-07 4.566E-08
                        (NSTEP:   502  DELTAT:   1.0000E+01  TIME:   4.3124E+03)
     1    24 2.618E-04 5.888E-06    86 -3.27E-01 -3.27E-01 2.543E-07 4.565E-08
                        (NSTEP:   503  DELTAT:   1.0000E+01  TIME:   4.3224E+03)
     1    24 2.618E-04 5.888E-06    86 -3.27E-01 -3.27E-01 2.543E-07 4.565E-08
                        (NSTEP:   504  DELTAT:   1.0000E+01  TIME:   4.3324E+03)
     1    24 2.618E-04 5.888E-06    86 -3.27E-01 -3.27E-01 2.543E-07 4.564E-08
                        (NSTEP:   505  DELTAT:   1.0000E+01  TIME:   4.3424E+03)
     1    24 2.618E-04 5.887E-06    86 -3.27E-01 -3.27E-01 2.542E-07 4.563E-08
                        (NSTEP:   506  DELTAT:   1.0000E+01  TIME:   4.3524E+03)
     1    24 2.617E-04 5.887E-06    86 -3.27E-01 -3.27E-01 2.542E-07 4.563E-08
                        (NSTEP:   507  DELTAT:   1.0000E+01  TIME:   4.3624E+03)
     1    24 2.617E-04 5.886E-06    86 -3.27E-01 -3.27E-01 2.542E-07 4.562E-08
                        (NSTEP:   508  DELTAT:   1.0000E+01  TIME:   4.3724E+03)
     1    24 2.617E-04 5.886E-06    86 -3.27E-01 -3.27E-01 2.541E-07 4.561E-08
                        (NSTEP:   509  DELTAT:   1.0000E+01  TIME:   4.3824E+03)
     1    24 2.617E-04 5.886E-06    86 -3.27E-01 -3.27E-01 2.541E-07 4.561E-08
                        (NSTEP:   510  DELTAT:   1.0000E+01  TIME:   4.3924E+03)
     1    24 2.616E-04 5.885E-06    86 -3.27E-01 -3.27E-01 2.541E-07 4.560E-08
                        (NSTEP:   511  DELTAT:   1.0000E+01  TIME:   4.4024E+03)
     1    24 2.616E-04 5.885E-06    86 -3.27E-01 -3.27E-01 2.541E-07 4.559E-08
                        (NSTEP:   512  DELTAT:   1.0000E+01  TIME:   4.4124E+03)
     1    24 2.616E-04 5.885E-06    86 -3.27E-01 -3.27E-01 2.540E-07 4.559E-08
                        (NSTEP:   513  DELTAT:   1.0000E+01  TIME:   4.4224E+03)
     1    24 2.616E-04 5.884E-06    86 -3.27E-01 -3.27E-01 2.540E-07 4.558E-08
                        (NSTEP:   514  DELTAT:   1.0000E+01  TIME:   4.4324E+03)
     1    24 2.616E-04 5.884E-06    86 -3.27E-01 -3.27E-01 2.540E-07 4.557E-08
                        (NSTEP:   515  DELTAT:   1.0000E+01  TIME:   4.4424E+03)
     1    24 2.615E-04 5.883E-06    86 -3.27E-01 -3.27E-01 2.539E-07 4.557E-08
                        (NSTEP:   516  DELTAT:   1.0000E+01  TIME:   4.4524E+03)
     1    24 2.615E-04 5.883E-06    86 -3.27E-01 -3.27E-01 2.539E-07 4.556E-08
                        (NSTEP:   517  DELTAT:   1.0000E+01  TIME:   4.4624E+03)
     1    24 2.615E-04 5.883E-06    86 -3.27E-01 -3.27E-01 2.539E-07 4.555E-08
                        (NSTEP:   518  DELTAT:   1.0000E+01  TIME:   4.4724E+03)
     1    24 2.615E-04 5.882E-06    86 -3.27E-01 -3.27E-01 2.538E-07 4.555E-08
                        (NSTEP:   519  DELTAT:   1.0000E+01  TIME:   4.4824E+03)
     1    24 2.615E-04 5.882E-06    86 -3.28E-01 -3.27E-01 2.538E-07 4.554E-08
                        (NSTEP:   520  DELTAT:   1.0000E+01  TIME:   4.4924E+03)
     1    24 2.614E-04 5.882E-06    86 -3.28E-01 -3.28E-01 2.538E-07 4.553E-08
                        (NSTEP:   521  DELTAT:   1.0000E+01  TIME:   4.5024E+03)
     1    24 2.614E-04 5.881E-06    86 -3.28E-01 -3.28E-01 2.537E-07 4.553E-08
                        (NSTEP:   522  DELTAT:   1.0000E+01  TIME:   4.5124E+03)
     1    24 2.614E-04 5.881E-06    86 -3.28E-01 -3.28E-01 2.537E-07 4.552E-08
                        (NSTEP:   523  DELTAT:   1.0000E+01  TIME:   4.5224E+03)
     1    24 2.614E-04 5.880E-06    86 -3.28E-01 -3.28E-01 2.537E-07 4.551E-08
                        (NSTEP:   524  DELTAT:   1.0000E+01  TIME:   4.5324E+03)
     1    24 2.614E-04 5.880E-06    86 -3.28E-01 -3.28E-01 2.536E-07 4.551E-08
                        (NSTEP:   525  DELTAT:   1.0000E+01  TIME:   4.5424E+03)
     1    24 2.613E-04 5.880E-06    86 -3.28E-01 -3.28E-01 2.536E-07 4.550E-08
                        (NSTEP:   526  DELTAT:   1.0000E+01  TIME:   4.5524E+03)
     1    24 2.613E-04 5.879E-06    86 -3.28E-01 -3.28E-01 2.536E-07 4.549E-08
                        (NSTEP:   527  DELTAT:   1.0000E+01  TIME:   4.5624E+03)
     1    24 2.613E-04 5.879E-06    86 -3.28E-01 -3.28E-01 2.536E-07 4.549E-08
                        (NSTEP:   528  DELTAT:   1.0000E+01  TIME:   4.5724E+03)
     1    24 2.613E-04 5.879E-06    86 -3.28E-01 -3.28E-01 2.535E-07 4.548E-08
                        (NSTEP:   529  DELTAT:   1.0000E+01  TIME:   4.5824E+03)
     1    24 2.613E-04 5.878E-06    86 -3.28E-01 -3.28E-01 2.535E-07 4.547E-08
                        (NSTEP:   530  DELTAT:   1.0000E+01  TIME:   4.5924E+03)
     1    24 2.612E-04 5.878E-06    86 -3.28E-01 -3.28E-01 2.535E-07 4.547E-08
                        (NSTEP:   531  DELTAT:   1.0000E+01  TIME:   4.6024E+03)
     1    24 2.612E-04 5.878E-06    86 -3.28E-01 -3.28E-01 2.534E-07 4.546E-08
                        (NSTEP:   532  DELTAT:   1.0000E+01  TIME:   4.6124E+03)
     1    24 2.612E-04 5.877E-06    86 -3.28E-01 -3.28E-01 2.534E-07 4.545E-08
                        (NSTEP:   533  DELTAT:   1.0000E+01  TIME:   4.6224E+03)
     1    24 2.612E-04 5.877E-06    86 -3.28E-01 -3.28E-01 2.534E-07 4.545E-08
                        (NSTEP:   534  DELTAT:   1.0000E+01  TIME:   4.6324E+03)
     1    24 2.612E-04 5.876E-06    86 -3.28E-01 -3.28E-01 2.533E-07 4.544E-08
                        (NSTEP:   535  DELTAT:   1.0000E+01  TIME:   4.6424E+03)
     1    24 2.611E-04 5.876E-06    86 -3.28E-01 -3.28E-01 2.533E-07 4.543E-08
                        (NSTEP:   536  DELTAT:   1.0000E+01  TIME:   4.6524E+03)
     1    24 2.611E-04 5.876E-06    86 -3.28E-01 -3.28E-01 2.533E-07 4.542E-08
                        (NSTEP:   537  DELTAT:   1.0000E+01  TIME:   4.6624E+03)
     1    24 2.611E-04 5.875E-06    86 -3.28E-01 -3.28E-01 2.532E-07 4.542E-08
                        (NSTEP:   538  DELTAT:   1.0000E+01  TIME:   4.6724E+03)
     1    24 2.611E-04 5.875E-06    86 -3.28E-01 -3.28E-01 2.532E-07 4.541E-08
                        (NSTEP:   539  DELTAT:   1.0000E+01  TIME:   4.6824E+03)
     1    24 2.611E-04 5.875E-06    86 -3.28E-01 -3.28E-01 2.532E-07 4.540E-08
                        (NSTEP:   540  DELTAT:   1.0000E+01  TIME:   4.6924E+03)
     1    24 2.611E-04 5.874E-06    86 -3.28E-01 -3.28E-01 2.532E-07 4.540E-08
                        (NSTEP:   541  DELTAT:   1.0000E+01  TIME:   4.7024E+03)
     1    24 2.610E-04 5.874E-06    86 -3.28E-01 -3.28E-01 2.531E-07 4.539E-08
                        (NSTEP:   542  DELTAT:   1.0000E+01  TIME:   4.7124E+03)
     1    24 2.610E-04 5.874E-06    86 -3.28E-01 -3.28E-01 2.531E-07 4.538E-08
                        (NSTEP:   543  DELTAT:   1.0000E+01  TIME:   4.7224E+03)
     1    24 2.610E-04 5.873E-06    86 -3.28E-01 -3.28E-01 2.531E-07 4.538E-08
                        (NSTEP:   544  DELTAT:   1.0000E+01  TIME:   4.7324E+03)
     1    24 2.610E-04 5.873E-06    86 -3.28E-01 -3.28E-01 2.530E-07 4.537E-08
                        (NSTEP:   545  DELTAT:   1.0000E+01  TIME:   4.7424E+03)
     1    24 2.610E-04 5.872E-06    86 -3.28E-01 -3.28E-01 2.530E-07 4.536E-08
                        (NSTEP:   546  DELTAT:   1.0000E+01  TIME:   4.7524E+03)
     1    24 2.609E-04 5.872E-06    86 -3.28E-01 -3.28E-01 2.530E-07 4.536E-08
                        (NSTEP:   547  DELTAT:   1.0000E+01  TIME:   4.7624E+03)
     1    24 2.609E-04 5.872E-06    86 -3.28E-01 -3.28E-01 2.529E-07 4.535E-08
                        (NSTEP:   548  DELTAT:   1.0000E+01  TIME:   4.7724E+03)
     1    24 2.609E-04 5.871E-06    86 -3.28E-01 -3.28E-01 2.529E-07 4.534E-08
                        (NSTEP:   549  DELTAT:   1.0000E+01  TIME:   4.7824E+03)
     1    24 2.609E-04 5.871E-06    86 -3.28E-01 -3.28E-01 2.529E-07 4.534E-08
                        (NSTEP:   550  DELTAT:   1.0000E+01  TIME:   4.7924E+03)
     1    24 2.609E-04 5.871E-06    33 -3.27E-01 -3.27E-01 2.528E-07 4.533E-08
                        (NSTEP:   551  DELTAT:   1.0000E+01  TIME:   4.8024E+03)
     1    24 2.608E-04 5.870E-06    33 -3.27E-01 -3.27E-01 2.528E-07 4.532E-08
                        (NSTEP:   552  DELTAT:   1.0000E+01  TIME:   4.8124E+03)
     1    24 2.608E-04 5.870E-06    33 -3.27E-01 -3.27E-01 2.528E-07 4.532E-08
                        (NSTEP:   553  DELTAT:   1.0000E+01  TIME:   4.8224E+03)
     1    24 2.608E-04 5.870E-06    33 -3.27E-01 -3.27E-01 2.528E-07 4.531E-08
                        (NSTEP:   554  DELTAT:   1.0000E+01  TIME:   4.8324E+03)
     1    24 2.608E-04 5.870E-06    33 -3.27E-01 -3.27E-01 2.527E-07 4.530E-08
                        (NSTEP:   555  DELTAT:   1.0000E+01  TIME:   4.8424E+03)
     1    24 2.608E-04 5.869E-06    33 -3.27E-01 -3.27E-01 2.527E-07 4.530E-08
                        (NSTEP:   556  DELTAT:   1.0000E+01  TIME:   4.8524E+03)
     1    24 2.607E-04 5.869E-06    33 -3.27E-01 -3.27E-01 2.527E-07 4.529E-08
                        (NSTEP:   557  DELTAT:   1.0000E+01  TIME:   4.8624E+03)
     1    24 2.607E-04 5.869E-06    33 -3.27E-01 -3.27E-01 2.526E-07 4.528E-08
                        (NSTEP:   558  DELTAT:   1.0000E+01  TIME:   4.8724E+03)
     1    24 2.607E-04 5.868E-06    33 -3.27E-01 -3.27E-01 2.526E-07 4.528E-08
                        (NSTEP:   559  DELTAT:   1.0000E+01  TIME:   4.8824E+03)
     1    24 2.607E-04 5.868E-06    33 -3.27E-01 -3.27E-01 2.526E-07 4.527E-08
                        (NSTEP:   560  DELTAT:   1.0000E+01  TIME:   4.8924E+03)
     1    24 2.607E-04 5.868E-06    33 -3.27E-01 -3.27E-01 2.525E-07 4.526E-08
                        (NSTEP:   561  DELTAT:   1.0000E+01  TIME:   4.9024E+03)
     1    24 2.606E-04 5.868E-06    33 -3.27E-01 -3.27E-01 2.525E-07 4.526E-08
                        (NSTEP:   562  DELTAT:   1.0000E+01  TIME:   4.9124E+03)
     1    24 2.606E-04 5.867E-06    33 -3.27E-01 -3.27E-01 2.525E-07 4.525E-08
                        (NSTEP:   563  DELTAT:   1.0000E+01  TIME:   4.9224E+03)
     1    24 2.606E-04 5.867E-06    33 -3.27E-01 -3.27E-01 2.525E-07 4.524E-08
                        (NSTEP:   564  DELTAT:   1.0000E+01  TIME:   4.9324E+03)
     1    24 2.606E-04 5.867E-06    33 -3.27E-01 -3.27E-01 2.524E-07 4.524E-08
                        (NSTEP:   565  DELTAT:   1.0000E+01  TIME:   4.9424E+03)
     1    24 2.606E-04 5.866E-06    33 -3.27E-01 -3.27E-01 2.524E-07 4.523E-08
                        (NSTEP:   566  DELTAT:   1.0000E+01  TIME:   4.9524E+03)
     1    24 2.605E-04 5.866E-06    33 -3.27E-01 -3.27E-01 2.524E-07 4.522E-08
                        (NSTEP:   567  DELTAT:   1.0000E+01  TIME:   4.9624E+03)
     1    24 2.605E-04 5.866E-06    33 -3.27E-01 -3.27E-01 2.523E-07 4.522E-08
                        (NSTEP:   568  DELTAT:   1.0000E+01  TIME:   4.9724E+03)
     1    24 2.605E-04 5.866E-06    33 -3.27E-01 -3.27E-01 2.523E-07 4.521E-08
                        (NSTEP:   569  DELTAT:   1.0000E+01  TIME:   4.9824E+03)
     1    23 2.605E-04 5.865E-06    33 -3.27E-01 -3.27E-01 2.523E-07 4.520E-08
                        (NSTEP:   570  DELTAT:   1.0000E+01  TIME:   4.9924E+03)
     1    23 2.605E-04 5.865E-06    33 -3.27E-01 -3.27E-01 2.522E-07 4.520E-08
                        (NSTEP:   571  DELTAT:   1.0000E+01  TIME:   5.0024E+03)
     1    23 2.604E-04 5.865E-06    33 -3.27E-01 -3.27E-01 2.522E-07 4.519E-08
                        (NSTEP:   572  DELTAT:   1.0000E+01  TIME:   5.0124E+03)
     1    23 2.604E-04 5.864E-06    33 -3.27E-01 -3.27E-01 2.522E-07 4.518E-08
                        (NSTEP:   573  DELTAT:   1.0000E+01  TIME:   5.0224E+03)
     1    23 2.604E-04 5.864E-06    33 -3.27E-01 -3.27E-01 2.522E-07 4.518E-08
                        (NSTEP:   574  DELTAT:   1.0000E+01  TIME:   5.0324E+03)
     1    23 2.604E-04 5.864E-06    33 -3.27E-01 -3.27E-01 2.521E-07 4.517E-08
                        (NSTEP:   575  DELTAT:   1.0000E+01  TIME:   5.0424E+03)
     1    23 2.603E-04 5.864E-06    33 -3.27E-01 -3.27E-01 2.521E-07 4.516E-08
                        (NSTEP:   576  DELTAT:   1.0000E+01  TIME:   5.0524E+03)
     1    23 2.603E-04 5.863E-06    33 -3.27E-01 -3.27E-01 2.521E-07 4.516E-08
                        (NSTEP:   577  DELTAT:   1.0000E+01  TIME:   5.0624E+03)
     1    23 2.603E-04 5.863E-06    33 -3.27E-01 -3.27E-01 2.520E-07 4.515E-08
                        (NSTEP:   578  DELTAT:   1.0000E+01  TIME:   5.0724E+03)
     1    23 2.603E-04 5.863E-06    33 -3.27E-01 -3.27E-01 2.520E-07 4.514E-08
                        (NSTEP:   579  DELTAT:   1.0000E+01  TIME:   5.0824E+03)
     1    23 2.603E-04 5.862E-06    33 -3.27E-01 -3.27E-01 2.520E-07 4.514E-08
                        (NSTEP:   580  DELTAT:   1.0000E+01  TIME:   5.0924E+03)
     1    23 2.602E-04 5.862E-06    33 -3.27E-01 -3.27E-01 2.519E-07 4.513E-08
                        (NSTEP:   581  DELTAT:   1.0000E+01  TIME:   5.1024E+03)
     1    23 2.602E-04 5.862E-06    33 -3.27E-01 -3.27E-01 2.519E-07 4.512E-08
                        (NSTEP:   582  DELTAT:   1.0000E+01  TIME:   5.1124E+03)
     1    23 2.602E-04 5.862E-06    33 -3.27E-01 -3.27E-01 2.519E-07 4.511E-08
                        (NSTEP:   583  DELTAT:   1.0000E+01  TIME:   5.1224E+03)
     1    23 2.602E-04 5.861E-06    33 -3.27E-01 -3.27E-01 2.519E-07 4.511E-08
                        (NSTEP:   584  DELTAT:   1.0000E+01  TIME:   5.1324E+03)
     1    23 2.602E-04 5.861E-06    33 -3.27E-01 -3.27E-01 2.518E-07 4.510E-08
                        (NSTEP:   585  DELTAT:   1.0000E+01  TIME:   5.1424E+03)
     1    23 2.601E-04 5.861E-06    33 -3.27E-01 -3.27E-01 2.518E-07 4.509E-08
                        (NSTEP:   586  DELTAT:   1.0000E+01  TIME:   5.1524E+03)
     1    23 2.601E-04 5.860E-06    33 -3.27E-01 -3.27E-01 2.518E-07 4.509E-08
                        (NSTEP:   587  DELTAT:   1.0000E+01  TIME:   5.1624E+03)
     1    23 2.601E-04 5.860E-06    33 -3.27E-01 -3.27E-01 2.517E-07 4.508E-08
                        (NSTEP:   588  DELTAT:   1.0000E+01  TIME:   5.1724E+03)
     1    23 2.601E-04 5.860E-06    33 -3.27E-01 -3.27E-01 2.517E-07 4.507E-08
                        (NSTEP:   589  DELTAT:   1.0000E+01  TIME:   5.1824E+03)
     1    23 2.601E-04 5.860E-06    33 -3.27E-01 -3.27E-01 2.517E-07 4.507E-08
                        (NSTEP:   590  DELTAT:   1.0000E+01  TIME:   5.1924E+03)
     1    23 2.600E-04 5.859E-06    33 -3.27E-01 -3.27E-01 2.517E-07 4.506E-08
                        (NSTEP:   591  DELTAT:   1.0000E+01  TIME:   5.2024E+03)
     1    23 2.600E-04 5.859E-06    33 -3.27E-01 -3.27E-01 2.516E-07 4.505E-08
                        (NSTEP:   592  DELTAT:   1.0000E+01  TIME:   5.2124E+03)
     1    23 2.600E-04 5.859E-06    33 -3.27E-01 -3.27E-01 2.516E-07 4.505E-08
                        (NSTEP:   593  DELTAT:   1.0000E+01  TIME:   5.2224E+03)
     1    23 2.600E-04 5.858E-06    33 -3.27E-01 -3.27E-01 2.516E-07 4.504E-08
                        (NSTEP:   594  DELTAT:   1.0000E+01  TIME:   5.2324E+03)
     1    23 2.600E-04 5.858E-06    33 -3.27E-01 -3.27E-01 2.515E-07 4.503E-08
                        (NSTEP:   595  DELTAT:   1.0000E+01  TIME:   5.2424E+03)
     1    23 2.599E-04 5.858E-06    33 -3.27E-01 -3.27E-01 2.515E-07 4.503E-08
                        (NSTEP:   596  DELTAT:   1.0000E+01  TIME:   5.2524E+03)
     1    23 2.599E-04 5.858E-06    33 -3.27E-01 -3.27E-01 2.515E-07 4.502E-08
                        (NSTEP:   597  DELTAT:   1.0000E+01  TIME:   5.2624E+03)
     1    23 2.599E-04 5.857E-06    33 -3.27E-01 -3.27E-01 2.514E-07 4.501E-08
                        (NSTEP:   598  DELTAT:   1.0000E+01  TIME:   5.2724E+03)
     1    23 2.599E-04 5.857E-06    33 -3.27E-01 -3.27E-01 2.514E-07 4.501E-08
                        (NSTEP:   599  DELTAT:   1.0000E+01  TIME:   5.2824E+03)
     1    23 2.599E-04 5.857E-06    33 -3.27E-01 -3.27E-01 2.514E-07 4.500E-08
                        (NSTEP:   600  DELTAT:   1.0000E+01  TIME:   5.2924E+03)
     1    23 2.598E-04 5.856E-06    33 -3.27E-01 -3.27E-01 2.514E-07 4.499E-08
                        (NSTEP:   601  DELTAT:   1.0000E+01  TIME:   5.3024E+03)
     1    23 2.598E-04 5.856E-06    33 -3.27E-01 -3.27E-01 2.513E-07 4.499E-08
                        (NSTEP:   602  DELTAT:   1.0000E+01  TIME:   5.3124E+03)
     1    23 2.598E-04 5.856E-06    33 -3.27E-01 -3.27E-01 2.513E-07 4.498E-08
                        (NSTEP:   603  DELTAT:   1.0000E+01  TIME:   5.3224E+03)
     1    23 2.598E-04 5.856E-06    33 -3.27E-01 -3.27E-01 2.513E-07 4.498E-08
                        (NSTEP:   604  DELTAT:   1.0000E+01  TIME:   5.3324E+03)
     1    23 2.597E-04 5.855E-06    33 -3.27E-01 -3.27E-01 2.512E-07 4.497E-08
                        (NSTEP:   605  DELTAT:   1.0000E+01  TIME:   5.3424E+03)
     1    23 2.597E-04 5.855E-06    33 -3.27E-01 -3.27E-01 2.512E-07 4.497E-08
                        (NSTEP:   606  DELTAT:   1.0000E+01  TIME:   5.3524E+03)
     1    23 2.597E-04 5.855E-06    33 -3.27E-01 -3.27E-01 2.512E-07 4.496E-08
                        (NSTEP:   607  DELTAT:   1.0000E+01  TIME:   5.3624E+03)
     1    23 2.597E-04 5.854E-06    33 -3.27E-01 -3.27E-01 2.511E-07 4.496E-08
                        (NSTEP:   608  DELTAT:   1.0000E+01  TIME:   5.3724E+03)
     1    23 2.597E-04 5.854E-06    33 -3.27E-01 -3.27E-01 2.511E-07 4.495E-08
                        (NSTEP:   609  DELTAT:   1.0000E+01  TIME:   5.3824E+03)
     1    23 2.596E-04 5.854E-06    33 -3.27E-01 -3.27E-01 2.511E-07 4.495E-08
                        (NSTEP:   610  DELTAT:   1.0000E+01  TIME:   5.3924E+03)
     1    23 2.596E-04 5.854E-06    33 -3.27E-01 -3.27E-01 2.511E-07 4.494E-08
                        (NSTEP:   611  DELTAT:   1.0000E+01  TIME:   5.4024E+03)
     1    23 2.596E-04 5.853E-06    33 -3.27E-01 -3.27E-01 2.510E-07 4.494E-08
                        (NSTEP:   612  DELTAT:   1.0000E+01  TIME:   5.4124E+03)
     1    23 2.596E-04 5.853E-06    33 -3.27E-01 -3.27E-01 2.510E-07 4.493E-08
                        (NSTEP:   613  DELTAT:   1.0000E+01  TIME:   5.4224E+03)
     1    23 2.596E-04 5.853E-06    33 -3.27E-01 -3.27E-01 2.510E-07 4.493E-08
                        (NSTEP:   614  DELTAT:   1.0000E+01  TIME:   5.4324E+03)
     1    23 2.595E-04 5.852E-06    33 -3.27E-01 -3.27E-01 2.509E-07 4.492E-08
                        (NSTEP:   615  DELTAT:   1.0000E+01  TIME:   5.4424E+03)
     1    23 2.595E-04 5.852E-06    33 -3.27E-01 -3.27E-01 2.509E-07 4.492E-08
                        (NSTEP:   616  DELTAT:   1.0000E+01  TIME:   5.4524E+03)
     1    23 2.595E-04 5.852E-06    33 -3.27E-01 -3.27E-01 2.509E-07 4.491E-08
                        (NSTEP:   617  DELTAT:   1.0000E+01  TIME:   5.4624E+03)
     1    23 2.595E-04 5.852E-06    33 -3.27E-01 -3.27E-01 2.509E-07 4.491E-08
                        (NSTEP:   618  DELTAT:   1.0000E+01  TIME:   5.4724E+03)
     1    23 2.595E-04 5.851E-06    33 -3.27E-01 -3.27E-01 2.508E-07 4.490E-08
                        (NSTEP:   619  DELTAT:   1.0000E+01  TIME:   5.4824E+03)
     1    23 2.594E-04 5.851E-06    33 -3.27E-01 -3.27E-01 2.508E-07 4.490E-08
                        (NSTEP:   620  DELTAT:   1.0000E+01  TIME:   5.4924E+03)
     1    23 2.594E-04 5.851E-06    33 -3.27E-01 -3.27E-01 2.508E-07 4.489E-08
                        (NSTEP:   621  DELTAT:   1.0000E+01  TIME:   5.5024E+03)
     1    23 2.594E-04 5.850E-06    33 -3.27E-01 -3.27E-01 2.507E-07 4.489E-08
                        (NSTEP:   622  DELTAT:   1.0000E+01  TIME:   5.5124E+03)
     1    23 2.594E-04 5.850E-06    33 -3.27E-01 -3.27E-01 2.507E-07 4.488E-08
                        (NSTEP:   623  DELTAT:   1.0000E+01  TIME:   5.5224E+03)
     1    23 2.594E-04 5.850E-06    33 -3.27E-01 -3.27E-01 2.507E-07 4.488E-08
                        (NSTEP:   624  DELTAT:   1.0000E+01  TIME:   5.5324E+03)
     1    23 2.593E-04 5.849E-06    33 -3.27E-01 -3.27E-01 2.506E-07 4.487E-08
                        (NSTEP:   625  DELTAT:   1.0000E+01  TIME:   5.5424E+03)
     1    23 2.593E-04 5.849E-06    33 -3.27E-01 -3.27E-01 2.506E-07 4.487E-08
                        (NSTEP:   626  DELTAT:   1.0000E+01  TIME:   5.5524E+03)
     1    23 2.593E-04 5.849E-06    33 -3.27E-01 -3.27E-01 2.506E-07 4.486E-08
                        (NSTEP:   627  DELTAT:   1.0000E+01  TIME:   5.5624E+03)
     1    23 2.593E-04 5.849E-06    33 -3.27E-01 -3.27E-01 2.506E-07 4.486E-08
                        (NSTEP:   628  DELTAT:   1.0000E+01  TIME:   5.5724E+03)
     1    23 2.592E-04 5.848E-06    33 -3.27E-01 -3.27E-01 2.505E-07 4.485E-08
                        (NSTEP:   629  DELTAT:   1.0000E+01  TIME:   5.5824E+03)
     1    23 2.592E-04 5.848E-06    33 -3.27E-01 -3.27E-01 2.505E-07 4.485E-08
                        (NSTEP:   630  DELTAT:   1.0000E+01  TIME:   5.5924E+03)
     1    23 2.592E-04 5.848E-06    33 -3.27E-01 -3.27E-01 2.505E-07 4.484E-08
                        (NSTEP:   631  DELTAT:   1.0000E+01  TIME:   5.6024E+03)
     1    23 2.592E-04 5.847E-06    33 -3.27E-01 -3.27E-01 2.504E-07 4.484E-08
                        (NSTEP:   632  DELTAT:   1.0000E+01  TIME:   5.6124E+03)
     1    23 2.591E-04 5.847E-06    33 -3.27E-01 -3.27E-01 2.504E-07 4.483E-08
                        (NSTEP:   633  DELTAT:   1.0000E+01  TIME:   5.6224E+03)
     1    23 2.591E-04 5.847E-06    33 -3.27E-01 -3.27E-01 2.504E-07 4.483E-08
                        (NSTEP:   634  DELTAT:   1.0000E+01  TIME:   5.6324E+03)
     1    23 2.591E-04 5.847E-06    33 -3.27E-01 -3.27E-01 2.504E-07 4.482E-08
                        (NSTEP:   635  DELTAT:   1.0000E+01  TIME:   5.6424E+03)
     1    23 2.591E-04 5.846E-06    33 -3.27E-01 -3.27E-01 2.503E-07 4.482E-08
                        (NSTEP:   636  DELTAT:   1.0000E+01  TIME:   5.6524E+03)
     1    23 2.591E-04 5.846E-06    33 -3.27E-01 -3.27E-01 2.503E-07 4.481E-08
                        (NSTEP:   637  DELTAT:   1.0000E+01  TIME:   5.6624E+03)
     1    23 2.590E-04 5.846E-06    33 -3.27E-01 -3.27E-01 2.503E-07 4.480E-08
                        (NSTEP:   638  DELTAT:   1.0000E+01  TIME:   5.6724E+03)
     1    23 2.590E-04 5.845E-06    33 -3.27E-01 -3.27E-01 2.502E-07 4.480E-08
                        (NSTEP:   639  DELTAT:   1.0000E+01  TIME:   5.6824E+03)
     1    23 2.590E-04 5.845E-06    33 -3.27E-01 -3.27E-01 2.502E-07 4.479E-08
                        (NSTEP:   640  DELTAT:   1.0000E+01  TIME:   5.6924E+03)
     1    23 2.590E-04 5.845E-06    33 -3.27E-01 -3.27E-01 2.502E-07 4.479E-08
                        (NSTEP:   641  DELTAT:   1.0000E+01  TIME:   5.7024E+03)
     1    23 2.590E-04 5.845E-06    33 -3.27E-01 -3.27E-01 2.501E-07 4.478E-08
                        (NSTEP:   642  DELTAT:   1.0000E+01  TIME:   5.7124E+03)
     1    23 2.589E-04 5.844E-06    33 -3.27E-01 -3.27E-01 2.501E-07 4.478E-08
                        (NSTEP:   643  DELTAT:   1.0000E+01  TIME:   5.7224E+03)
     1    23 2.589E-04 5.844E-06    33 -3.27E-01 -3.27E-01 2.501E-07 4.477E-08
                        (NSTEP:   644  DELTAT:   1.0000E+01  TIME:   5.7324E+03)
     1    23 2.589E-04 5.844E-06    33 -3.27E-01 -3.27E-01 2.501E-07 4.477E-08
                        (NSTEP:   645  DELTAT:   1.0000E+01  TIME:   5.7424E+03)
     1    23 2.589E-04 5.843E-06    33 -3.27E-01 -3.27E-01 2.500E-07 4.476E-08
                        (NSTEP:   646  DELTAT:   1.0000E+01  TIME:   5.7524E+03)
     1    23 2.588E-04 5.843E-06    33 -3.27E-01 -3.27E-01 2.500E-07 4.476E-08
                        (NSTEP:   647  DELTAT:   1.0000E+01  TIME:   5.7624E+03)
     1    23 2.588E-04 5.843E-06    33 -3.27E-01 -3.27E-01 2.500E-07 4.475E-08
                        (NSTEP:   648  DELTAT:   1.0000E+01  TIME:   5.7724E+03)
     1    23 2.588E-04 5.843E-06    33 -3.27E-01 -3.27E-01 2.499E-07 4.475E-08
                        (NSTEP:   649  DELTAT:   1.0000E+01  TIME:   5.7824E+03)
     1    23 2.588E-04 5.842E-06    33 -3.27E-01 -3.27E-01 2.499E-07 4.474E-08
                        (NSTEP:   650  DELTAT:   1.0000E+01  TIME:   5.7924E+03)
     1    23 2.588E-04 5.842E-06    33 -3.27E-01 -3.27E-01 2.499E-07 4.474E-08
                        (NSTEP:   651  DELTAT:   1.0000E+01  TIME:   5.8024E+03)
     1    23 2.587E-04 5.842E-06    33 -3.27E-01 -3.27E-01 2.499E-07 4.473E-08
                        (NSTEP:   652  DELTAT:   1.0000E+01  TIME:   5.8124E+03)
     1    23 2.587E-04 5.841E-06    33 -3.27E-01 -3.27E-01 2.498E-07 4.473E-08
                        (NSTEP:   653  DELTAT:   1.0000E+01  TIME:   5.8224E+03)
     1    23 2.587E-04 5.841E-06    33 -3.27E-01 -3.27E-01 2.498E-07 4.472E-08
                        (NSTEP:   654  DELTAT:   1.0000E+01  TIME:   5.8324E+03)
     1    23 2.587E-04 5.841E-06    33 -3.27E-01 -3.27E-01 2.498E-07 4.472E-08
                        (NSTEP:   655  DELTAT:   1.0000E+01  TIME:   5.8424E+03)
     1    23 2.587E-04 5.840E-06    33 -3.27E-01 -3.27E-01 2.497E-07 4.471E-08
                        (NSTEP:   656  DELTAT:   1.0000E+01  TIME:   5.8524E+03)
     1    23 2.586E-04 5.840E-06    33 -3.27E-01 -3.27E-01 2.497E-07 4.471E-08
                        (NSTEP:   657  DELTAT:   1.0000E+01  TIME:   5.8624E+03)
     1    23 2.586E-04 5.840E-06    33 -3.27E-01 -3.27E-01 2.497E-07 4.470E-08
                        (NSTEP:   658  DELTAT:   1.0000E+01  TIME:   5.8724E+03)
     1    23 2.586E-04 5.840E-06    33 -3.27E-01 -3.27E-01 2.497E-07 4.470E-08
                        (NSTEP:   659  DELTAT:   1.0000E+01  TIME:   5.8824E+03)
     1    23 2.586E-04 5.839E-06    33 -3.27E-01 -3.27E-01 2.496E-07 4.469E-08
                        (NSTEP:   660  DELTAT:   1.0000E+01  TIME:   5.8924E+03)
     1    23 2.586E-04 5.839E-06    33 -3.27E-01 -3.27E-01 2.496E-07 4.469E-08
                        (NSTEP:   661  DELTAT:   1.0000E+01  TIME:   5.9024E+03)
     1    23 2.585E-04 5.839E-06    33 -3.28E-01 -3.27E-01 2.496E-07 4.468E-08
                        (NSTEP:   662  DELTAT:   1.0000E+01  TIME:   5.9124E+03)
     1    23 2.585E-04 5.838E-06    33 -3.28E-01 -3.28E-01 2.495E-07 4.468E-08
                        (NSTEP:   663  DELTAT:   1.0000E+01  TIME:   5.9224E+03)
     1    23 2.585E-04 5.838E-06    33 -3.28E-01 -3.28E-01 2.495E-07 4.467E-08
                        (NSTEP:   664  DELTAT:   1.0000E+01  TIME:   5.9324E+03)
     1    23 2.585E-04 5.838E-06    33 -3.28E-01 -3.28E-01 2.495E-07 4.467E-08
                        (NSTEP:   665  DELTAT:   1.0000E+01  TIME:   5.9424E+03)
     1    23 2.584E-04 5.838E-06    33 -3.28E-01 -3.28E-01 2.495E-07 4.466E-08
                        (NSTEP:   666  DELTAT:   1.0000E+01  TIME:   5.9524E+03)
     1    23 2.584E-04 5.837E-06    33 -3.28E-01 -3.28E-01 2.494E-07 4.466E-08
                        (NSTEP:   667  DELTAT:   1.0000E+01  TIME:   5.9624E+03)
     1    23 2.584E-04 5.837E-06    33 -3.28E-01 -3.28E-01 2.494E-07 4.465E-08
                        (NSTEP:   668  DELTAT:   1.0000E+01  TIME:   5.9724E+03)
     1    23 2.584E-04 5.837E-06    33 -3.28E-01 -3.28E-01 2.494E-07 4.465E-08
                        (NSTEP:   669  DELTAT:   1.0000E+01  TIME:   5.9824E+03)
     1    23 2.584E-04 5.836E-06    33 -3.28E-01 -3.28E-01 2.493E-07 4.464E-08
                        (NSTEP:   670  DELTAT:   1.0000E+01  TIME:   5.9924E+03)
     1    23 2.583E-04 5.836E-06    33 -3.28E-01 -3.28E-01 2.493E-07 4.464E-08
                        (NSTEP:   671  DELTAT:   1.0000E+01  TIME:   6.0024E+03)
     1    23 2.583E-04 5.836E-06    33 -3.28E-01 -3.28E-01 2.493E-07 4.463E-08
                        (NSTEP:   672  DELTAT:   1.0000E+01  TIME:   6.0124E+03)
     1    23 2.583E-04 5.836E-06    33 -3.28E-01 -3.28E-01 2.492E-07 4.463E-08
                        (NSTEP:   673  DELTAT:   1.0000E+01  TIME:   6.0224E+03)
     1    23 2.583E-04 5.835E-06    33 -3.28E-01 -3.28E-01 2.492E-07 4.462E-08
                        (NSTEP:   674  DELTAT:   1.0000E+01  TIME:   6.0324E+03)
     1    23 2.583E-04 5.835E-06    33 -3.28E-01 -3.28E-01 2.492E-07 4.462E-08
                        (NSTEP:   675  DELTAT:   1.0000E+01  TIME:   6.0424E+03)
     1    23 2.582E-04 5.835E-06    33 -3.28E-01 -3.28E-01 2.492E-07 4.461E-08
                        (NSTEP:   676  DELTAT:   1.0000E+01  TIME:   6.0524E+03)
     1    23 2.582E-04 5.834E-06    33 -3.28E-01 -3.28E-01 2.491E-07 4.461E-08
                        (NSTEP:   677  DELTAT:   1.0000E+01  TIME:   6.0624E+03)
     1    23 2.582E-04 5.834E-06    33 -3.28E-01 -3.28E-01 2.491E-07 4.460E-08
                        (NSTEP:   678  DELTAT:   1.0000E+01  TIME:   6.0724E+03)
     1    23 2.582E-04 5.834E-06    33 -3.28E-01 -3.28E-01 2.491E-07 4.460E-08
                        (NSTEP:   679  DELTAT:   1.0000E+01  TIME:   6.0824E+03)
     1    23 2.581E-04 5.833E-06    33 -3.28E-01 -3.28E-01 2.490E-07 4.459E-08
                        (NSTEP:   680  DELTAT:   1.0000E+01  TIME:   6.0924E+03)
     1    23 2.581E-04 5.833E-06    33 -3.28E-01 -3.28E-01 2.490E-07 4.459E-08
                        (NSTEP:   681  DELTAT:   1.0000E+01  TIME:   6.1024E+03)
     1    23 2.581E-04 5.833E-06    33 -3.28E-01 -3.28E-01 2.490E-07 4.458E-08
                        (NSTEP:   682  DELTAT:   1.0000E+01  TIME:   6.1124E+03)
     1    23 2.581E-04 5.833E-06    33 -3.28E-01 -3.28E-01 2.490E-07 4.458E-08
                        (NSTEP:   683  DELTAT:   1.0000E+01  TIME:   6.1224E+03)
     1    23 2.581E-04 5.832E-06    33 -3.28E-01 -3.28E-01 2.489E-07 4.457E-08
                        (NSTEP:   684  DELTAT:   1.0000E+01  TIME:   6.1324E+03)
     1    23 2.580E-04 5.832E-06    33 -3.28E-01 -3.28E-01 2.489E-07 4.457E-08
                        (NSTEP:   685  DELTAT:   1.0000E+01  TIME:   6.1424E+03)
     1    23 2.580E-04 5.832E-06    33 -3.28E-01 -3.28E-01 2.489E-07 4.456E-08
                        (NSTEP:   686  DELTAT:   1.0000E+01  TIME:   6.1524E+03)
     1    23 2.580E-04 5.831E-06    33 -3.28E-01 -3.28E-01 2.488E-07 4.456E-08
                        (NSTEP:   687  DELTAT:   1.0000E+01  TIME:   6.1624E+03)
     1    23 2.580E-04 5.831E-06    33 -3.28E-01 -3.28E-01 2.488E-07 4.455E-08
                        (NSTEP:   688  DELTAT:   1.0000E+01  TIME:   6.1724E+03)
     1    23 2.580E-04 5.831E-06    33 -3.28E-01 -3.28E-01 2.488E-07 4.455E-08
                        (NSTEP:   689  DELTAT:   1.0000E+01  TIME:   6.1824E+03)
     1    23 2.579E-04 5.831E-06    33 -3.28E-01 -3.28E-01 2.488E-07 4.454E-08
                        (NSTEP:   690  DELTAT:   1.0000E+01  TIME:   6.1924E+03)
     1    23 2.579E-04 5.830E-06    33 -3.28E-01 -3.28E-01 2.487E-07 4.453E-08
                        (NSTEP:   691  DELTAT:   1.0000E+01  TIME:   6.2024E+03)
     1    23 2.579E-04 5.830E-06    33 -3.28E-01 -3.28E-01 2.487E-07 4.453E-08
                        (NSTEP:   692  DELTAT:   1.0000E+01  TIME:   6.2124E+03)
     1    23 2.579E-04 5.830E-06    33 -3.28E-01 -3.28E-01 2.487E-07 4.452E-08
                        (NSTEP:   693  DELTAT:   1.0000E+01  TIME:   6.2224E+03)
     1    23 2.579E-04 5.829E-06    33 -3.28E-01 -3.28E-01 2.486E-07 4.452E-08
                        (NSTEP:   694  DELTAT:   1.0000E+01  TIME:   6.2324E+03)
     1    23 2.578E-04 5.829E-06    33 -3.28E-01 -3.28E-01 2.486E-07 4.451E-08
                        (NSTEP:   695  DELTAT:   1.0000E+01  TIME:   6.2424E+03)
     1    23 2.578E-04 5.829E-06    33 -3.28E-01 -3.28E-01 2.486E-07 4.451E-08
                        (NSTEP:   696  DELTAT:   1.0000E+01  TIME:   6.2524E+03)
     1    23 2.578E-04 5.829E-06    33 -3.28E-01 -3.28E-01 2.486E-07 4.450E-08
                        (NSTEP:   697  DELTAT:   1.0000E+01  TIME:   6.2624E+03)
     1    23 2.578E-04 5.828E-06    33 -3.28E-01 -3.28E-01 2.485E-07 4.450E-08
                        (NSTEP:   698  DELTAT:   1.0000E+01  TIME:   6.2724E+03)
     1    23 2.577E-04 5.828E-06    33 -3.28E-01 -3.28E-01 2.485E-07 4.449E-08
                        (NSTEP:   699  DELTAT:   1.0000E+01  TIME:   6.2824E+03)
     1    23 2.577E-04 5.828E-06    33 -3.28E-01 -3.28E-01 2.485E-07 4.449E-08
                        (NSTEP:   700  DELTAT:   1.0000E+01  TIME:   6.2924E+03)
     1    23 2.577E-04 5.827E-06    33 -3.28E-01 -3.28E-01 2.484E-07 4.448E-08
                        (NSTEP:   701  DELTAT:   1.0000E+01  TIME:   6.3024E+03)
     1    23 2.577E-04 5.827E-06    33 -3.28E-01 -3.28E-01 2.484E-07 4.448E-08
                        (NSTEP:   702  DELTAT:   1.0000E+01  TIME:   6.3124E+03)
     1    23 2.577E-04 5.827E-06    33 -3.28E-01 -3.28E-01 2.484E-07 4.447E-08
                        (NSTEP:   703  DELTAT:   1.0000E+01  TIME:   6.3224E+03)
     1    23 2.576E-04 5.826E-06    33 -3.28E-01 -3.28E-01 2.483E-07 4.447E-08
                        (NSTEP:   704  DELTAT:   1.0000E+01  TIME:   6.3324E+03)
     1    23 2.576E-04 5.826E-06    33 -3.28E-01 -3.28E-01 2.483E-07 4.446E-08
                        (NSTEP:   705  DELTAT:   1.0000E+01  TIME:   6.3424E+03)
     1    23 2.576E-04 5.826E-06    33 -3.28E-01 -3.28E-01 2.483E-07 4.446E-08
                        (NSTEP:   706  DELTAT:   1.0000E+01  TIME:   6.3524E+03)
     1    23 2.576E-04 5.826E-06    33 -3.28E-01 -3.28E-01 2.483E-07 4.445E-08
                        (NSTEP:   707  DELTAT:   1.0000E+01  TIME:   6.3624E+03)
     1    23 2.576E-04 5.825E-06    33 -3.28E-01 -3.28E-01 2.482E-07 4.445E-08
                        (NSTEP:   708  DELTAT:   1.0000E+01  TIME:   6.3724E+03)
     1    23 2.575E-04 5.825E-06    33 -3.28E-01 -3.28E-01 2.482E-07 4.444E-08
                        (NSTEP:   709  DELTAT:   1.0000E+01  TIME:   6.3824E+03)
     1    23 2.575E-04 5.825E-06    33 -3.28E-01 -3.28E-01 2.482E-07 4.444E-08
                        (NSTEP:   710  DELTAT:   1.0000E+01  TIME:   6.3924E+03)
     1    23 2.575E-04 5.824E-06    33 -3.28E-01 -3.28E-01 2.481E-07 4.443E-08
                        (NSTEP:   711  DELTAT:   1.0000E+01  TIME:   6.4024E+03)
     1    23 2.575E-04 5.824E-06    33 -3.28E-01 -3.28E-01 2.481E-07 4.443E-08
                        (NSTEP:   712  DELTAT:   1.0000E+01  TIME:   6.4124E+03)
     1    23 2.574E-04 5.824E-06    33 -3.28E-01 -3.28E-01 2.481E-07 4.442E-08
                        (NSTEP:   713  DELTAT:   1.0000E+01  TIME:   6.4224E+03)
     1    23 2.574E-04 5.824E-06    33 -3.28E-01 -3.28E-01 2.481E-07 4.442E-08
                        (NSTEP:   714  DELTAT:   1.0000E+01  TIME:   6.4324E+03)
     1    23 2.574E-04 5.823E-06    33 -3.28E-01 -3.28E-01 2.480E-07 4.441E-08
                        (NSTEP:   715  DELTAT:   1.0000E+01  TIME:   6.4424E+03)
     1    23 2.574E-04 5.823E-06    33 -3.28E-01 -3.28E-01 2.480E-07 4.441E-08
                        (NSTEP:   716  DELTAT:   1.0000E+01  TIME:   6.4524E+03)
     1    23 2.574E-04 5.823E-06    33 -3.28E-01 -3.28E-01 2.480E-07 4.440E-08
                        (NSTEP:   717  DELTAT:   1.0000E+01  TIME:   6.4624E+03)
     1    23 2.573E-04 5.822E-06    33 -3.28E-01 -3.28E-01 2.479E-07 4.440E-08
                        (NSTEP:   718  DELTAT:   1.0000E+01  TIME:   6.4724E+03)
     1    23 2.573E-04 5.822E-06    33 -3.28E-01 -3.28E-01 2.479E-07 4.439E-08
                        (NSTEP:   719  DELTAT:   1.0000E+01  TIME:   6.4824E+03)
     1    23 2.573E-04 5.822E-06    33 -3.28E-01 -3.28E-01 2.479E-07 4.439E-08
                        (NSTEP:   720  DELTAT:   1.0000E+01  TIME:   6.4924E+03)
     1    23 2.573E-04 5.821E-06    33 -3.28E-01 -3.28E-01 2.479E-07 4.438E-08
                        (NSTEP:   721  DELTAT:   1.0000E+01  TIME:   6.5024E+03)
     1    23 2.572E-04 5.821E-06    33 -3.28E-01 -3.28E-01 2.478E-07 4.438E-08
                        (NSTEP:   722  DELTAT:   1.0000E+01  TIME:   6.5124E+03)
     1    23 2.572E-04 5.821E-06    33 -3.28E-01 -3.28E-01 2.478E-07 4.437E-08
                        (NSTEP:   723  DELTAT:   1.0000E+01  TIME:   6.5224E+03)
     1    23 2.572E-04 5.821E-06    33 -3.28E-01 -3.28E-01 2.478E-07 4.437E-08
                        (NSTEP:   724  DELTAT:   1.0000E+01  TIME:   6.5324E+03)
     1    23 2.572E-04 5.820E-06    33 -3.28E-01 -3.28E-01 2.477E-07 4.436E-08
                        (NSTEP:   725  DELTAT:   1.0000E+01  TIME:   6.5424E+03)
     1    23 2.572E-04 5.820E-06    33 -3.28E-01 -3.28E-01 2.477E-07 4.436E-08
                        (NSTEP:   726  DELTAT:   1.0000E+01  TIME:   6.5524E+03)
     1    23 2.571E-04 5.820E-06    33 -3.28E-01 -3.28E-01 2.477E-07 4.435E-08
                        (NSTEP:   727  DELTAT:   1.0000E+01  TIME:   6.5624E+03)
     1    23 2.571E-04 5.819E-06    33 -3.28E-01 -3.28E-01 2.476E-07 4.435E-08
                        (NSTEP:   728  DELTAT:   1.0000E+01  TIME:   6.5724E+03)
     1    23 2.571E-04 5.819E-06    33 -3.28E-01 -3.28E-01 2.476E-07 4.434E-08
                        (NSTEP:   729  DELTAT:   1.0000E+01  TIME:   6.5824E+03)
     1    23 2.571E-04 5.819E-06    33 -3.28E-01 -3.28E-01 2.476E-07 4.434E-08
                        (NSTEP:   730  DELTAT:   1.0000E+01  TIME:   6.5924E+03)
     1    23 2.571E-04 5.819E-06    33 -3.28E-01 -3.28E-01 2.476E-07 4.433E-08
                        (NSTEP:   731  DELTAT:   1.0000E+01  TIME:   6.6024E+03)
     1    23 2.570E-04 5.818E-06    33 -3.28E-01 -3.28E-01 2.475E-07 4.433E-08
                        (NSTEP:   732  DELTAT:   1.0000E+01  TIME:   6.6124E+03)
     1    23 2.570E-04 5.818E-06    33 -3.28E-01 -3.28E-01 2.475E-07 4.432E-08
                        (NSTEP:   733  DELTAT:   1.0000E+01  TIME:   6.6224E+03)
     1    23 2.570E-04 5.818E-06    33 -3.28E-01 -3.28E-01 2.475E-07 4.432E-08
                        (NSTEP:   734  DELTAT:   1.0000E+01  TIME:   6.6324E+03)
     1    23 2.570E-04 5.817E-06    33 -3.28E-01 -3.28E-01 2.474E-07 4.431E-08
                        (NSTEP:   735  DELTAT:   1.0000E+01  TIME:   6.6424E+03)
     1    23 2.569E-04 5.817E-06    33 -3.28E-01 -3.28E-01 2.474E-07 4.431E-08
                        (NSTEP:   736  DELTAT:   1.0000E+01  TIME:   6.6524E+03)
     1    24 2.569E-04 5.817E-06    33 -3.28E-01 -3.28E-01 2.474E-07 4.430E-08
                        (NSTEP:   737  DELTAT:   1.0000E+01  TIME:   6.6624E+03)
     1    24 2.568E-04 5.816E-06    33 -3.28E-01 -3.28E-01 2.474E-07 4.430E-08
                        (NSTEP:   738  DELTAT:   1.0000E+01  TIME:   6.6724E+03)
     1    24 2.568E-04 5.816E-06    33 -3.28E-01 -3.28E-01 2.473E-07 4.429E-08
                        (NSTEP:   739  DELTAT:   1.0000E+01  TIME:   6.6824E+03)
     1    24 2.567E-04 5.816E-06    33 -3.28E-01 -3.28E-01 2.473E-07 4.429E-08
                        (NSTEP:   740  DELTAT:   1.0000E+01  TIME:   6.6924E+03)
     1    24 2.567E-04 5.816E-06    33 -3.28E-01 -3.28E-01 2.473E-07 4.428E-08
                        (NSTEP:   741  DELTAT:   1.0000E+01  TIME:   6.7024E+03)
     1    24 2.567E-04 5.815E-06    33 -3.28E-01 -3.28E-01 2.472E-07 4.428E-08
                        (NSTEP:   742  DELTAT:   1.0000E+01  TIME:   6.7124E+03)
     1    24 2.566E-04 5.815E-06    33 -3.28E-01 -3.28E-01 2.472E-07 4.427E-08
                        (NSTEP:   743  DELTAT:   1.0000E+01  TIME:   6.7224E+03)
     1    24 2.566E-04 5.815E-06    33 -3.28E-01 -3.28E-01 2.472E-07 4.427E-08
                        (NSTEP:   744  DELTAT:   1.0000E+01  TIME:   6.7324E+03)
     1    24 2.566E-04 5.814E-06    33 -3.28E-01 -3.28E-01 2.471E-07 4.426E-08
                        (NSTEP:   745  DELTAT:   1.0000E+01  TIME:   6.7424E+03)
     1    24 2.565E-04 5.814E-06    33 -3.28E-01 -3.28E-01 2.471E-07 4.426E-08
                        (NSTEP:   746  DELTAT:   1.0000E+01  TIME:   6.7524E+03)
     1    24 2.565E-04 5.814E-06    33 -3.28E-01 -3.28E-01 2.471E-07 4.425E-08
                        (NSTEP:   747  DELTAT:   1.0000E+01  TIME:   6.7624E+03)
     1    24 2.565E-04 5.814E-06    33 -3.28E-01 -3.28E-01 2.471E-07 4.424E-08
                        (NSTEP:   748  DELTAT:   1.0000E+01  TIME:   6.7724E+03)
     1    24 2.565E-04 5.813E-06    33 -3.28E-01 -3.28E-01 2.470E-07 4.424E-08
                        (NSTEP:   749  DELTAT:   1.0000E+01  TIME:   6.7824E+03)
     1    24 2.564E-04 5.813E-06    33 -3.28E-01 -3.28E-01 2.470E-07 4.423E-08
                        (NSTEP:   750  DELTAT:   1.0000E+01  TIME:   6.7924E+03)
     1    24 2.564E-04 5.813E-06    33 -3.28E-01 -3.28E-01 2.470E-07 4.423E-08
                        (NSTEP:   751  DELTAT:   1.0000E+01  TIME:   6.8024E+03)
     1    24 2.564E-04 5.812E-06    33 -3.28E-01 -3.28E-01 2.469E-07 4.422E-08
                        (NSTEP:   752  DELTAT:   1.0000E+01  TIME:   6.8124E+03)
     1    24 2.564E-04 5.812E-06    33 -3.28E-01 -3.28E-01 2.469E-07 4.422E-08
                        (NSTEP:   753  DELTAT:   1.0000E+01  TIME:   6.8224E+03)
     1    24 2.563E-04 5.812E-06    33 -3.28E-01 -3.28E-01 2.469E-07 4.421E-08
                        (NSTEP:   754  DELTAT:   1.0000E+01  TIME:   6.8324E+03)
     1    24 2.563E-04 5.811E-06    33 -3.28E-01 -3.28E-01 2.468E-07 4.421E-08
                        (NSTEP:   755  DELTAT:   1.0000E+01  TIME:   6.8424E+03)
     1    24 2.563E-04 5.811E-06    33 -3.28E-01 -3.28E-01 2.468E-07 4.420E-08
                        (NSTEP:   756  DELTAT:   1.0000E+01  TIME:   6.8524E+03)
     1    24 2.563E-04 5.811E-06    33 -3.28E-01 -3.28E-01 2.468E-07 4.420E-08
                        (NSTEP:   757  DELTAT:   1.0000E+01  TIME:   6.8624E+03)
     1    24 2.562E-04 5.811E-06    33 -3.28E-01 -3.28E-01 2.468E-07 4.419E-08
                        (NSTEP:   758  DELTAT:   1.0000E+01  TIME:   6.8724E+03)
     1    24 2.562E-04 5.810E-06    33 -3.28E-01 -3.28E-01 2.467E-07 4.419E-08
                        (NSTEP:   759  DELTAT:   1.0000E+01  TIME:   6.8824E+03)
     1    24 2.562E-04 5.810E-06    33 -3.28E-01 -3.28E-01 2.467E-07 4.418E-08
                        (NSTEP:   760  DELTAT:   1.0000E+01  TIME:   6.8924E+03)
     1    24 2.562E-04 5.810E-06    33 -3.28E-01 -3.28E-01 2.467E-07 4.418E-08
                        (NSTEP:   761  DELTAT:   1.0000E+01  TIME:   6.9024E+03)
     1    24 2.562E-04 5.809E-06    33 -3.28E-01 -3.28E-01 2.466E-07 4.417E-08
                        (NSTEP:   762  DELTAT:   1.0000E+01  TIME:   6.9124E+03)
     1    24 2.561E-04 5.809E-06    33 -3.28E-01 -3.28E-01 2.466E-07 4.417E-08
                        (NSTEP:   763  DELTAT:   1.0000E+01  TIME:   6.9224E+03)
     1    24 2.561E-04 5.809E-06    33 -3.28E-01 -3.28E-01 2.466E-07 4.416E-08
                        (NSTEP:   764  DELTAT:   1.0000E+01  TIME:   6.9324E+03)
     1    24 2.561E-04 5.809E-06    33 -3.28E-01 -3.28E-01 2.466E-07 4.416E-08
                        (NSTEP:   765  DELTAT:   1.0000E+01  TIME:   6.9424E+03)
     1    24 2.561E-04 5.808E-06    33 -3.28E-01 -3.28E-01 2.465E-07 4.415E-08
                        (NSTEP:   766  DELTAT:   1.0000E+01  TIME:   6.9524E+03)
     1    24 2.560E-04 5.808E-06    33 -3.28E-01 -3.28E-01 2.465E-07 4.415E-08
                        (NSTEP:   767  DELTAT:   1.0000E+01  TIME:   6.9624E+03)
     1    24 2.560E-04 5.808E-06    33 -3.28E-01 -3.28E-01 2.465E-07 4.414E-08
                        (NSTEP:   768  DELTAT:   1.0000E+01  TIME:   6.9724E+03)
     1    24 2.560E-04 5.807E-06    33 -3.28E-01 -3.28E-01 2.464E-07 4.414E-08
                        (NSTEP:   769  DELTAT:   1.0000E+01  TIME:   6.9824E+03)
     1    24 2.560E-04 5.807E-06    33 -3.28E-01 -3.28E-01 2.464E-07 4.413E-08
                        (NSTEP:   770  DELTAT:   1.0000E+01  TIME:   6.9924E+03)
     1    24 2.560E-04 5.807E-06    33 -3.28E-01 -3.28E-01 2.464E-07 4.413E-08
                        (NSTEP:   771  DELTAT:   1.0000E+01  TIME:   7.0024E+03)
     1    24 2.559E-04 5.806E-06    33 -3.28E-01 -3.28E-01 2.463E-07 4.412E-08
                        (NSTEP:   772  DELTAT:   1.0000E+01  TIME:   7.0124E+03)
     1    24 2.559E-04 5.806E-06    33 -3.28E-01 -3.28E-01 2.463E-07 4.412E-08
                        (NSTEP:   773  DELTAT:   1.0000E+01  TIME:   7.0224E+03)
     1    24 2.559E-04 5.806E-06    33 -3.28E-01 -3.28E-01 2.463E-07 4.411E-08
                        (NSTEP:   774  DELTAT:   1.0000E+01  TIME:   7.0324E+03)
     1    24 2.559E-04 5.806E-06    33 -3.28E-01 -3.28E-01 2.463E-07 4.411E-08
                        (NSTEP:   775  DELTAT:   1.0000E+01  TIME:   7.0424E+03)
     1    24 2.558E-04 5.805E-06    33 -3.28E-01 -3.28E-01 2.462E-07 4.410E-08
                        (NSTEP:   776  DELTAT:   1.0000E+01  TIME:   7.0524E+03)
     1    24 2.558E-04 5.805E-06    33 -3.28E-01 -3.28E-01 2.462E-07 4.410E-08
                        (NSTEP:   777  DELTAT:   1.0000E+01  TIME:   7.0624E+03)
     1    24 2.558E-04 5.805E-06    33 -3.28E-01 -3.28E-01 2.462E-07 4.409E-08
                        (NSTEP:   778  DELTAT:   1.0000E+01  TIME:   7.0724E+03)
     1    24 2.558E-04 5.804E-06    33 -3.28E-01 -3.28E-01 2.461E-07 4.409E-08
                        (NSTEP:   779  DELTAT:   1.0000E+01  TIME:   7.0824E+03)
     1    24 2.558E-04 5.804E-06    33 -3.28E-01 -3.28E-01 2.461E-07 4.408E-08
                        (NSTEP:   780  DELTAT:   1.0000E+01  TIME:   7.0924E+03)
     1    24 2.557E-04 5.804E-06    33 -3.28E-01 -3.28E-01 2.461E-07 4.408E-08
                        (NSTEP:   781  DELTAT:   1.0000E+01  TIME:   7.1024E+03)
     1    24 2.557E-04 5.804E-06    33 -3.28E-01 -3.28E-01 2.460E-07 4.407E-08
                        (NSTEP:   782  DELTAT:   1.0000E+01  TIME:   7.1124E+03)
     1    24 2.557E-04 5.803E-06    33 -3.28E-01 -3.28E-01 2.460E-07 4.407E-08
                        (NSTEP:   783  DELTAT:   1.0000E+01  TIME:   7.1224E+03)
     1    24 2.557E-04 5.803E-06    33 -3.28E-01 -3.28E-01 2.460E-07 4.406E-08
                        (NSTEP:   784  DELTAT:   1.0000E+01  TIME:   7.1324E+03)
     1    24 2.556E-04 5.803E-06    33 -3.28E-01 -3.28E-01 2.460E-07 4.406E-08
                        (NSTEP:   785  DELTAT:   1.0000E+01  TIME:   7.1424E+03)
     1    24 2.556E-04 5.802E-06    33 -3.28E-01 -3.28E-01 2.459E-07 4.405E-08
                        (NSTEP:   786  DELTAT:   1.0000E+01  TIME:   7.1524E+03)
     1    24 2.556E-04 5.802E-06    33 -3.28E-01 -3.28E-01 2.459E-07 4.405E-08
                        (NSTEP:   787  DELTAT:   1.0000E+01  TIME:   7.1624E+03)
     1    24 2.556E-04 5.802E-06    33 -3.28E-01 -3.28E-01 2.459E-07 4.404E-08
                        (NSTEP:   788  DELTAT:   1.0000E+01  TIME:   7.1724E+03)
     1    24 2.556E-04 5.801E-06    33 -3.28E-01 -3.28E-01 2.458E-07 4.404E-08
                        (NSTEP:   789  DELTAT:   1.0000E+01  TIME:   7.1824E+03)
     1    24 2.555E-04 5.801E-06    33 -3.28E-01 -3.28E-01 2.458E-07 4.403E-08
                        (NSTEP:   790  DELTAT:   1.0000E+01  TIME:   7.1924E+03)
     1    24 2.555E-04 5.801E-06    33 -3.28E-01 -3.28E-01 2.458E-07 4.403E-08
                        (NSTEP:   791  DELTAT:   1.0000E+01  TIME:   7.2024E+03)
     1    24 2.555E-04 5.801E-06    33 -3.28E-01 -3.28E-01 2.458E-07 4.402E-08
                        (NSTEP:   792  DELTAT:   1.0000E+01  TIME:   7.2124E+03)
     1    24 2.555E-04 5.800E-06    33 -3.28E-01 -3.28E-01 2.457E-07 4.402E-08
                        (NSTEP:   793  DELTAT:   1.0000E+01  TIME:   7.2224E+03)
     1    24 2.554E-04 5.800E-06    33 -3.28E-01 -3.28E-01 2.457E-07 4.401E-08
                        (NSTEP:   794  DELTAT:   1.0000E+01  TIME:   7.2324E+03)
     1    24 2.554E-04 5.800E-06    33 -3.28E-01 -3.28E-01 2.457E-07 4.401E-08
                        (NSTEP:   795  DELTAT:   1.0000E+01  TIME:   7.2424E+03)
     1    24 2.554E-04 5.799E-06    33 -3.28E-01 -3.28E-01 2.456E-07 4.400E-08
                        (NSTEP:   796  DELTAT:   1.0000E+01  TIME:   7.2524E+03)
     1    24 2.554E-04 5.799E-06    33 -3.28E-01 -3.28E-01 2.456E-07 4.400E-08
                        (NSTEP:   797  DELTAT:   1.0000E+01  TIME:   7.2624E+03)
     1    24 2.553E-04 5.799E-06    33 -3.28E-01 -3.28E-01 2.456E-07 4.399E-08
                        (NSTEP:   798  DELTAT:   1.0000E+01  TIME:   7.2724E+03)
     1    24 2.553E-04 5.799E-06    33 -3.28E-01 -3.28E-01 2.455E-07 4.399E-08
                        (NSTEP:   799  DELTAT:   1.0000E+01  TIME:   7.2824E+03)
     1    24 2.553E-04 5.798E-06    33 -3.28E-01 -3.28E-01 2.455E-07 4.398E-08
                        (NSTEP:   800  DELTAT:   1.0000E+01  TIME:   7.2924E+03)
     1    24 2.553E-04 5.798E-06    33 -3.28E-01 -3.28E-01 2.455E-07 4.398E-08
                        (NSTEP:   801  DELTAT:   1.0000E+01  TIME:   7.3024E+03)
     1    24 2.553E-04 5.798E-06    33 -3.28E-01 -3.28E-01 2.455E-07 4.397E-08
                        (NSTEP:   802  DELTAT:   1.0000E+01  TIME:   7.3124E+03)
     1    24 2.552E-04 5.797E-06    33 -3.28E-01 -3.28E-01 2.454E-07 4.397E-08
                        (NSTEP:   803  DELTAT:   1.0000E+01  TIME:   7.3224E+03)
     1    24 2.552E-04 5.797E-06    33 -3.28E-01 -3.28E-01 2.454E-07 4.396E-08
                        (NSTEP:   804  DELTAT:   1.0000E+01  TIME:   7.3324E+03)
     1    24 2.552E-04 5.797E-06    33 -3.28E-01 -3.28E-01 2.454E-07 4.396E-08
                        (NSTEP:   805  DELTAT:   1.0000E+01  TIME:   7.3424E+03)
     1    24 2.552E-04 5.796E-06    33 -3.28E-01 -3.28E-01 2.453E-07 4.395E-08
                        (NSTEP:   806  DELTAT:   1.0000E+01  TIME:   7.3524E+03)
     1    24 2.551E-04 5.796E-06    33 -3.28E-01 -3.28E-01 2.453E-07 4.395E-08
                        (NSTEP:   807  DELTAT:   1.0000E+01  TIME:   7.3624E+03)
     1    24 2.551E-04 5.796E-06    33 -3.28E-01 -3.28E-01 2.453E-07 4.394E-08
                        (NSTEP:   808  DELTAT:   1.0000E+01  TIME:   7.3724E+03)
     1    24 2.551E-04 5.796E-06    33 -3.28E-01 -3.28E-01 2.453E-07 4.393E-08
                        (NSTEP:   809  DELTAT:   1.0000E+01  TIME:   7.3824E+03)
     1    24 2.551E-04 5.795E-06    33 -3.28E-01 -3.28E-01 2.452E-07 4.393E-08
                        (NSTEP:   810  DELTAT:   1.0000E+01  TIME:   7.3924E+03)
     1    24 2.551E-04 5.795E-06    33 -3.28E-01 -3.28E-01 2.452E-07 4.392E-08
                        (NSTEP:   811  DELTAT:   1.0000E+01  TIME:   7.4024E+03)
     1    24 2.550E-04 5.795E-06    33 -3.28E-01 -3.28E-01 2.452E-07 4.392E-08
                        (NSTEP:   812  DELTAT:   1.0000E+01  TIME:   7.4124E+03)
     1    24 2.550E-04 5.794E-06    33 -3.28E-01 -3.28E-01 2.451E-07 4.391E-08
                        (NSTEP:   813  DELTAT:   1.0000E+01  TIME:   7.4224E+03)
     1    24 2.550E-04 5.794E-06    33 -3.28E-01 -3.28E-01 2.451E-07 4.391E-08
                        (NSTEP:   814  DELTAT:   1.0000E+01  TIME:   7.4324E+03)
     1    24 2.550E-04 5.794E-06    33 -3.28E-01 -3.28E-01 2.451E-07 4.390E-08
                        (NSTEP:   815  DELTAT:   1.0000E+01  TIME:   7.4424E+03)
     1    24 2.550E-04 5.794E-06    33 -3.28E-01 -3.28E-01 2.450E-07 4.390E-08
                        (NSTEP:   816  DELTAT:   1.0000E+01  TIME:   7.4524E+03)
     1    24 2.549E-04 5.793E-06    33 -3.28E-01 -3.28E-01 2.450E-07 4.389E-08
                        (NSTEP:   817  DELTAT:   1.0000E+01  TIME:   7.4624E+03)
     1    24 2.549E-04 5.793E-06    33 -3.28E-01 -3.28E-01 2.450E-07 4.389E-08
                        (NSTEP:   818  DELTAT:   1.0000E+01  TIME:   7.4724E+03)
     1    24 2.549E-04 5.793E-06    33 -3.28E-01 -3.28E-01 2.450E-07 4.388E-08
                        (NSTEP:   819  DELTAT:   1.0000E+01  TIME:   7.4824E+03)
     1    24 2.549E-04 5.792E-06    33 -3.28E-01 -3.28E-01 2.449E-07 4.388E-08
                        (NSTEP:   820  DELTAT:   1.0000E+01  TIME:   7.4924E+03)
     1    24 2.548E-04 5.792E-06    33 -3.28E-01 -3.28E-01 2.449E-07 4.387E-08
                        (NSTEP:   821  DELTAT:   1.0000E+01  TIME:   7.5024E+03)
     1    24 2.548E-04 5.792E-06    33 -3.28E-01 -3.28E-01 2.449E-07 4.387E-08
                        (NSTEP:   822  DELTAT:   1.0000E+01  TIME:   7.5124E+03)
     1    24 2.548E-04 5.791E-06    33 -3.28E-01 -3.28E-01 2.448E-07 4.386E-08
                        (NSTEP:   823  DELTAT:   1.0000E+01  TIME:   7.5224E+03)
     1    24 2.548E-04 5.791E-06    33 -3.28E-01 -3.28E-01 2.448E-07 4.386E-08
                        (NSTEP:   824  DELTAT:   1.0000E+01  TIME:   7.5324E+03)
     1    24 2.548E-04 5.791E-06    33 -3.28E-01 -3.28E-01 2.448E-07 4.385E-08
                        (NSTEP:   825  DELTAT:   1.0000E+01  TIME:   7.5424E+03)
     1    24 2.547E-04 5.791E-06    33 -3.28E-01 -3.28E-01 2.448E-07 4.385E-08
                        (NSTEP:   826  DELTAT:   1.0000E+01  TIME:   7.5524E+03)
     1    24 2.547E-04 5.790E-06    33 -3.28E-01 -3.28E-01 2.447E-07 4.384E-08
                        (NSTEP:   827  DELTAT:   1.0000E+01  TIME:   7.5624E+03)
     1    24 2.547E-04 5.790E-06    33 -3.28E-01 -3.28E-01 2.447E-07 4.384E-08
                        (NSTEP:   828  DELTAT:   1.0000E+01  TIME:   7.5724E+03)
     1    24 2.547E-04 5.790E-06    33 -3.28E-01 -3.28E-01 2.447E-07 4.383E-08
                        (NSTEP:   829  DELTAT:   1.0000E+01  TIME:   7.5824E+03)
     1    24 2.546E-04 5.789E-06    33 -3.28E-01 -3.28E-01 2.446E-07 4.383E-08
                        (NSTEP:   830  DELTAT:   1.0000E+01  TIME:   7.5924E+03)
     1    24 2.546E-04 5.789E-06    33 -3.28E-01 -3.28E-01 2.446E-07 4.382E-08
                        (NSTEP:   831  DELTAT:   1.0000E+01  TIME:   7.6024E+03)
     1    24 2.546E-04 5.789E-06    33 -3.28E-01 -3.28E-01 2.446E-07 4.382E-08
                        (NSTEP:   832  DELTAT:   1.0000E+01  TIME:   7.6124E+03)
     1    24 2.546E-04 5.789E-06    33 -3.28E-01 -3.28E-01 2.445E-07 4.381E-08
                        (NSTEP:   833  DELTAT:   1.0000E+01  TIME:   7.6224E+03)
     1    24 2.546E-04 5.788E-06    33 -3.29E-01 -3.28E-01 2.445E-07 4.381E-08
                        (NSTEP:   834  DELTAT:   1.0000E+01  TIME:   7.6324E+03)
     1    24 2.545E-04 5.788E-06    33 -3.29E-01 -3.29E-01 2.445E-07 4.380E-08
                        (NSTEP:   835  DELTAT:   1.0000E+01  TIME:   7.6424E+03)
     1    24 2.545E-04 5.788E-06    33 -3.29E-01 -3.29E-01 2.445E-07 4.380E-08
                        (NSTEP:   836  DELTAT:   1.0000E+01  TIME:   7.6524E+03)
     1    24 2.545E-04 5.787E-06    33 -3.29E-01 -3.29E-01 2.444E-07 4.379E-08
                        (NSTEP:   837  DELTAT:   1.0000E+01  TIME:   7.6624E+03)
     1    24 2.545E-04 5.787E-06    33 -3.29E-01 -3.29E-01 2.444E-07 4.379E-08
                        (NSTEP:   838  DELTAT:   1.0000E+01  TIME:   7.6724E+03)
     1    24 2.544E-04 5.787E-06    33 -3.29E-01 -3.29E-01 2.444E-07 4.378E-08
                        (NSTEP:   839  DELTAT:   1.0000E+01  TIME:   7.6824E+03)
     1    24 2.544E-04 5.787E-06    33 -3.29E-01 -3.29E-01 2.443E-07 4.378E-08
                        (NSTEP:   840  DELTAT:   1.0000E+01  TIME:   7.6924E+03)
     1    24 2.544E-04 5.786E-06    33 -3.29E-01 -3.29E-01 2.443E-07 4.377E-08
                        (NSTEP:   841  DELTAT:   1.0000E+01  TIME:   7.7024E+03)
     1    24 2.544E-04 5.786E-06    33 -3.29E-01 -3.29E-01 2.443E-07 4.377E-08
                        (NSTEP:   842  DELTAT:   1.0000E+01  TIME:   7.7124E+03)
     1    24 2.544E-04 5.786E-06    33 -3.29E-01 -3.29E-01 2.443E-07 4.376E-08
                        (NSTEP:   843  DELTAT:   1.0000E+01  TIME:   7.7224E+03)
     1    24 2.543E-04 5.785E-06    33 -3.29E-01 -3.29E-01 2.442E-07 4.376E-08
                        (NSTEP:   844  DELTAT:   1.0000E+01  TIME:   7.7324E+03)
     1    24 2.543E-04 5.785E-06    33 -3.29E-01 -3.29E-01 2.442E-07 4.375E-08
                        (NSTEP:   845  DELTAT:   1.0000E+01  TIME:   7.7424E+03)
     1    24 2.543E-04 5.785E-06    33 -3.29E-01 -3.29E-01 2.442E-07 4.375E-08
                        (NSTEP:   846  DELTAT:   1.0000E+01  TIME:   7.7524E+03)
     1    24 2.543E-04 5.784E-06    33 -3.29E-01 -3.29E-01 2.441E-07 4.374E-08
                        (NSTEP:   847  DELTAT:   1.0000E+01  TIME:   7.7624E+03)
     1    24 2.542E-04 5.784E-06    33 -3.29E-01 -3.29E-01 2.441E-07 4.374E-08
                        (NSTEP:   848  DELTAT:   1.0000E+01  TIME:   7.7724E+03)
     1    24 2.542E-04 5.784E-06    33 -3.29E-01 -3.29E-01 2.441E-07 4.373E-08
                        (NSTEP:   849  DELTAT:   1.0000E+01  TIME:   7.7824E+03)
     1    24 2.542E-04 5.784E-06    33 -3.29E-01 -3.29E-01 2.441E-07 4.373E-08
                        (NSTEP:   850  DELTAT:   1.0000E+01  TIME:   7.7924E+03)
     1    24 2.542E-04 5.783E-06    33 -3.29E-01 -3.29E-01 2.440E-07 4.372E-08
                        (NSTEP:   851  DELTAT:   1.0000E+01  TIME:   7.8024E+03)
     1    24 2.542E-04 5.783E-06    33 -3.29E-01 -3.29E-01 2.440E-07 4.372E-08
                        (NSTEP:   852  DELTAT:   1.0000E+01  TIME:   7.8124E+03)
     1    24 2.541E-04 5.783E-06    33 -3.29E-01 -3.29E-01 2.440E-07 4.371E-08
                        (NSTEP:   853  DELTAT:   1.0000E+01  TIME:   7.8224E+03)
     1    24 2.541E-04 5.782E-06    33 -3.29E-01 -3.29E-01 2.439E-07 4.371E-08
                        (NSTEP:   854  DELTAT:   1.0000E+01  TIME:   7.8324E+03)
     1    24 2.541E-04 5.782E-06    33 -3.29E-01 -3.29E-01 2.439E-07 4.370E-08
                        (NSTEP:   855  DELTAT:   1.0000E+01  TIME:   7.8424E+03)
     1    24 2.541E-04 5.782E-06    33 -3.29E-01 -3.29E-01 2.439E-07 4.370E-08
                        (NSTEP:   856  DELTAT:   1.0000E+01  TIME:   7.8524E+03)
     1    24 2.540E-04 5.782E-06    33 -3.29E-01 -3.29E-01 2.438E-07 4.369E-08
                        (NSTEP:   857  DELTAT:   1.0000E+01  TIME:   7.8624E+03)
     1    24 2.540E-04 5.781E-06    33 -3.29E-01 -3.29E-01 2.438E-07 4.369E-08
                        (NSTEP:   858  DELTAT:   1.0000E+01  TIME:   7.8724E+03)
     1    24 2.540E-04 5.781E-06    33 -3.29E-01 -3.29E-01 2.438E-07 4.368E-08
                        (NSTEP:   859  DELTAT:   1.0000E+01  TIME:   7.8824E+03)
     1    24 2.540E-04 5.781E-06    33 -3.29E-01 -3.29E-01 2.438E-07 4.368E-08
                        (NSTEP:   860  DELTAT:   1.0000E+01  TIME:   7.8924E+03)
     1    24 2.540E-04 5.780E-06    33 -3.29E-01 -3.29E-01 2.437E-07 4.367E-08
                        (NSTEP:   861  DELTAT:   1.0000E+01  TIME:   7.9024E+03)
     1    24 2.539E-04 5.780E-06    33 -3.29E-01 -3.29E-01 2.437E-07 4.367E-08
                        (NSTEP:   862  DELTAT:   1.0000E+01  TIME:   7.9124E+03)
     1    24 2.539E-04 5.780E-06    33 -3.29E-01 -3.29E-01 2.437E-07 4.366E-08
                        (NSTEP:   863  DELTAT:   1.0000E+01  TIME:   7.9224E+03)
     1    24 2.539E-04 5.779E-06    33 -3.29E-01 -3.29E-01 2.436E-07 4.366E-08
                        (NSTEP:   864  DELTAT:   1.0000E+01  TIME:   7.9324E+03)
     1    24 2.539E-04 5.779E-06    33 -3.29E-01 -3.29E-01 2.436E-07 4.365E-08
                        (NSTEP:   865  DELTAT:   1.0000E+01  TIME:   7.9424E+03)
     1    24 2.539E-04 5.779E-06    33 -3.29E-01 -3.29E-01 2.436E-07 4.365E-08
                        (NSTEP:   866  DELTAT:   1.0000E+01  TIME:   7.9524E+03)
     1    24 2.538E-04 5.779E-06    33 -3.29E-01 -3.29E-01 2.436E-07 4.364E-08
                        (NSTEP:   867  DELTAT:   1.0000E+01  TIME:   7.9624E+03)
     1    24 2.538E-04 5.778E-06    33 -3.29E-01 -3.29E-01 2.435E-07 4.364E-08
                        (NSTEP:   868  DELTAT:   1.0000E+01  TIME:   7.9724E+03)
     1    24 2.538E-04 5.778E-06    33 -3.29E-01 -3.29E-01 2.435E-07 4.363E-08
                        (NSTEP:   869  DELTAT:   1.0000E+01  TIME:   7.9824E+03)
     1    24 2.538E-04 5.778E-06    33 -3.29E-01 -3.29E-01 2.435E-07 4.363E-08
                        (NSTEP:   870  DELTAT:   1.0000E+01  TIME:   7.9924E+03)
     1    23 2.539E-04 5.777E-06    33 -3.29E-01 -3.29E-01 2.434E-07 4.362E-08
                        (NSTEP:   871  DELTAT:   1.0000E+01  TIME:   8.0024E+03)
     1    23 2.539E-04 5.777E-06    33 -3.29E-01 -3.29E-01 2.433E-07 4.362E-08
                        (NSTEP:   872  DELTAT:   1.0000E+01  TIME:   8.0124E+03)
     1    23 2.538E-04 5.777E-06    33 -3.29E-01 -3.29E-01 2.433E-07 4.363E-08
                        (NSTEP:   873  DELTAT:   1.0000E+01  TIME:   8.0224E+03)
     1    23 2.537E-04 5.777E-06    33 -3.29E-01 -3.29E-01 2.432E-07 4.363E-08
                        (NSTEP:   874  DELTAT:   1.0000E+01  TIME:   8.0324E+03)
     1    23 2.537E-04 5.776E-06    33 -3.29E-01 -3.29E-01 2.432E-07 4.363E-08
                        (NSTEP:   875  DELTAT:   1.0000E+01  TIME:   8.0424E+03)
     1    23 2.537E-04 5.776E-06    33 -3.29E-01 -3.29E-01 2.431E-07 4.362E-08
                        (NSTEP:   876  DELTAT:   1.0000E+01  TIME:   8.0524E+03)
     1    23 2.536E-04 5.776E-06    33 -3.29E-01 -3.29E-01 2.431E-07 4.362E-08
                        (NSTEP:   877  DELTAT:   1.0000E+01  TIME:   8.0624E+03)
     1    23 2.536E-04 5.775E-06    33 -3.29E-01 -3.29E-01 2.430E-07 4.361E-08
                        (NSTEP:   878  DELTAT:   1.0000E+01  TIME:   8.0724E+03)
     1    23 2.536E-04 5.775E-06    33 -3.29E-01 -3.29E-01 2.430E-07 4.361E-08
                        (NSTEP:   879  DELTAT:   1.0000E+01  TIME:   8.0824E+03)
     1    23 2.535E-04 5.775E-06    33 -3.29E-01 -3.29E-01 2.429E-07 4.360E-08
                        (NSTEP:   880  DELTAT:   1.0000E+01  TIME:   8.0924E+03)
     1    23 2.535E-04 5.774E-06    33 -3.29E-01 -3.29E-01 2.429E-07 4.359E-08
                        (NSTEP:   881  DELTAT:   1.0000E+01  TIME:   8.1024E+03)
     1    23 2.535E-04 5.774E-06    33 -3.29E-01 -3.29E-01 2.429E-07 4.359E-08
                        (NSTEP:   882  DELTAT:   1.0000E+01  TIME:   8.1124E+03)
     1    23 2.535E-04 5.774E-06    33 -3.29E-01 -3.29E-01 2.428E-07 4.358E-08
                        (NSTEP:   883  DELTAT:   1.0000E+01  TIME:   8.1224E+03)
     1    23 2.534E-04 5.774E-06    33 -3.29E-01 -3.29E-01 2.428E-07 4.357E-08
                        (NSTEP:   884  DELTAT:   1.0000E+01  TIME:   8.1324E+03)
     1    23 2.534E-04 5.773E-06    33 -3.29E-01 -3.29E-01 2.427E-07 4.357E-08
                        (NSTEP:   885  DELTAT:   1.0000E+01  TIME:   8.1424E+03)
     1    23 2.534E-04 5.773E-06    33 -3.29E-01 -3.29E-01 2.427E-07 4.356E-08
                        (NSTEP:   886  DELTAT:   1.0000E+01  TIME:   8.1524E+03)
     1    23 2.534E-04 5.773E-06    33 -3.29E-01 -3.29E-01 2.427E-07 4.355E-08
                        (NSTEP:   887  DELTAT:   1.0000E+01  TIME:   8.1624E+03)
     1    23 2.533E-04 5.772E-06    33 -3.29E-01 -3.29E-01 2.426E-07 4.354E-08
                        (NSTEP:   888  DELTAT:   1.0000E+01  TIME:   8.1724E+03)
     1    23 2.533E-04 5.772E-06    33 -3.29E-01 -3.29E-01 2.426E-07 4.353E-08
                        (NSTEP:   889  DELTAT:   1.0000E+01  TIME:   8.1824E+03)
     1    23 2.533E-04 5.772E-06    33 -3.29E-01 -3.29E-01 2.425E-07 4.353E-08
                        (NSTEP:   890  DELTAT:   1.0000E+01  TIME:   8.1924E+03)
     1    23 2.533E-04 5.772E-06    33 -3.29E-01 -3.29E-01 2.425E-07 4.352E-08
                        (NSTEP:   891  DELTAT:   1.0000E+01  TIME:   8.2024E+03)
     1    23 2.533E-04 5.771E-06    33 -3.29E-01 -3.29E-01 2.425E-07 4.351E-08
                        (NSTEP:   892  DELTAT:   1.0000E+01  TIME:   8.2124E+03)
     1    23 2.532E-04 5.771E-06    33 -3.29E-01 -3.29E-01 2.424E-07 4.350E-08
                        (NSTEP:   893  DELTAT:   1.0000E+01  TIME:   8.2224E+03)
     1    23 2.532E-04 5.771E-06    33 -3.29E-01 -3.29E-01 2.424E-07 4.349E-08
                        (NSTEP:   894  DELTAT:   1.0000E+01  TIME:   8.2324E+03)
     1    23 2.532E-04 5.770E-06    33 -3.29E-01 -3.29E-01 2.424E-07 4.348E-08
                        (NSTEP:   895  DELTAT:   1.0000E+01  TIME:   8.2424E+03)
     1    23 2.532E-04 5.770E-06    33 -3.29E-01 -3.29E-01 2.423E-07 4.348E-08
                        (NSTEP:   896  DELTAT:   1.0000E+01  TIME:   8.2524E+03)
     1    23 2.531E-04 5.770E-06    33 -3.29E-01 -3.29E-01 2.423E-07 4.347E-08
                        (NSTEP:   897  DELTAT:   1.0000E+01  TIME:   8.2624E+03)
     1    23 2.531E-04 5.769E-06    33 -3.29E-01 -3.29E-01 2.423E-07 4.346E-08
                        (NSTEP:   898  DELTAT:   1.0000E+01  TIME:   8.2724E+03)
     1    23 2.531E-04 5.769E-06    33 -3.29E-01 -3.29E-01 2.422E-07 4.345E-08
                        (NSTEP:   899  DELTAT:   1.0000E+01  TIME:   8.2824E+03)
     1    23 2.531E-04 5.769E-06    33 -3.29E-01 -3.29E-01 2.422E-07 4.344E-08
                        (NSTEP:   900  DELTAT:   1.0000E+01  TIME:   8.2924E+03)
     1    23 2.530E-04 5.769E-06    33 -3.29E-01 -3.29E-01 2.421E-07 4.343E-08
                        (NSTEP:   901  DELTAT:   1.0000E+01  TIME:   8.3024E+03)
     1    23 2.530E-04 5.768E-06    33 -3.29E-01 -3.29E-01 2.421E-07 4.342E-08
                        (NSTEP:   902  DELTAT:   1.0000E+01  TIME:   8.3124E+03)
     1    23 2.530E-04 5.768E-06    33 -3.29E-01 -3.29E-01 2.421E-07 4.341E-08
                        (NSTEP:   903  DELTAT:   1.0000E+01  TIME:   8.3224E+03)
     1    23 2.530E-04 5.768E-06    33 -3.29E-01 -3.29E-01 2.420E-07 4.341E-08
                        (NSTEP:   904  DELTAT:   1.0000E+01  TIME:   8.3324E+03)
     1    23 2.530E-04 5.767E-06    33 -3.29E-01 -3.29E-01 2.420E-07 4.340E-08
                        (NSTEP:   905  DELTAT:   1.0000E+01  TIME:   8.3424E+03)
     1    23 2.529E-04 5.767E-06    33 -3.29E-01 -3.29E-01 2.420E-07 4.339E-08
                        (NSTEP:   906  DELTAT:   1.0000E+01  TIME:   8.3524E+03)
     1    23 2.529E-04 5.767E-06    33 -3.29E-01 -3.29E-01 2.419E-07 4.338E-08
                        (NSTEP:   907  DELTAT:   1.0000E+01  TIME:   8.3624E+03)
     1    23 2.529E-04 5.767E-06    33 -3.29E-01 -3.29E-01 2.419E-07 4.337E-08
                        (NSTEP:   908  DELTAT:   1.0000E+01  TIME:   8.3724E+03)
     1    23 2.529E-04 5.766E-06    33 -3.29E-01 -3.29E-01 2.419E-07 4.336E-08
                        (NSTEP:   909  DELTAT:   1.0000E+01  TIME:   8.3824E+03)
     1    23 2.615E-04 6.182E-05   415 -8.37E-06  5.35E-05 5.203E-07 3.264E-07
                        (NSTEP:   910  DELTAT:   1.0000E+01  TIME:   8.3924E+03)
     1    23 2.534E-04 5.766E-06    33 -3.29E-01 -3.29E-01 2.433E-07 4.334E-08
                        (NSTEP:   911  DELTAT:   1.0000E+01  TIME:   8.4024E+03)
     1    23 2.536E-04 5.765E-06    33 -3.29E-01 -3.29E-01 2.418E-07 4.333E-08
                        (NSTEP:   912  DELTAT:   1.0000E+01  TIME:   8.4124E+03)
     1    23 2.536E-04 5.765E-06    33 -3.29E-01 -3.29E-01 2.418E-07 4.332E-08
                        (NSTEP:   913  DELTAT:   1.0000E+01  TIME:   8.4224E+03)
     1    23 2.536E-04 5.765E-06    33 -3.29E-01 -3.29E-01 2.417E-07 4.332E-08
                        (NSTEP:   914  DELTAT:   1.0000E+01  TIME:   8.4324E+03)
     1    24 2.536E-04 5.764E-06    33 -3.29E-01 -3.29E-01 2.417E-07 4.331E-08
                        (NSTEP:   915  DELTAT:   1.0000E+01  TIME:   8.4424E+03)
     1    24 2.536E-04 5.764E-06    33 -3.29E-01 -3.29E-01 2.417E-07 4.330E-08
                        (NSTEP:   916  DELTAT:   1.0000E+01  TIME:   8.4524E+03)
     1    24 2.536E-04 5.764E-06    33 -3.29E-01 -3.29E-01 2.416E-07 4.329E-08
                        (NSTEP:   917  DELTAT:   1.0000E+01  TIME:   8.4624E+03)
     1    24 2.536E-04 5.764E-06    33 -3.29E-01 -3.29E-01 2.416E-07 4.328E-08
                        (NSTEP:   918  DELTAT:   1.0000E+01  TIME:   8.4724E+03)
     1    24 2.536E-04 5.763E-06    33 -3.29E-01 -3.29E-01 2.416E-07 4.327E-08
                        (NSTEP:   919  DELTAT:   1.0000E+01  TIME:   8.4824E+03)
     1    24 2.536E-04 5.763E-06    33 -3.29E-01 -3.29E-01 2.415E-07 4.326E-08
                        (NSTEP:   920  DELTAT:   1.0000E+01  TIME:   8.4924E+03)
     1    24 2.535E-04 5.763E-06    33 -3.29E-01 -3.29E-01 2.415E-07 4.325E-08
                        (NSTEP:   921  DELTAT:   1.0000E+01  TIME:   8.5024E+03)
     1    24 2.535E-04 5.762E-06    33 -3.29E-01 -3.29E-01 2.415E-07 4.324E-08
                        (NSTEP:   922  DELTAT:   1.0000E+01  TIME:   8.5124E+03)
     1    24 2.535E-04 5.762E-06    33 -3.29E-01 -3.29E-01 2.414E-07 4.323E-08
                        (NSTEP:   923  DELTAT:   1.0000E+01  TIME:   8.5224E+03)
     1    24 2.535E-04 5.762E-06    33 -3.29E-01 -3.29E-01 2.414E-07 4.322E-08
                        (NSTEP:   924  DELTAT:   1.0000E+01  TIME:   8.5324E+03)
     1    24 2.535E-04 5.762E-06    33 -3.29E-01 -3.29E-01 2.414E-07 4.322E-08
                        (NSTEP:   925  DELTAT:   1.0000E+01  TIME:   8.5424E+03)
     1    24 2.535E-04 5.761E-06    33 -3.29E-01 -3.29E-01 2.414E-07 4.321E-08
                        (NSTEP:   926  DELTAT:   1.0000E+01  TIME:   8.5524E+03)
     1    24 2.535E-04 5.761E-06    33 -3.29E-01 -3.29E-01 2.413E-07 4.320E-08
                        (NSTEP:   927  DELTAT:   1.0000E+01  TIME:   8.5624E+03)
     1    24 2.535E-04 5.761E-06    33 -3.29E-01 -3.29E-01 2.413E-07 4.319E-08
                        (NSTEP:   928  DELTAT:   1.0000E+01  TIME:   8.5724E+03)
     1    24 2.535E-04 5.760E-06    33 -3.29E-01 -3.29E-01 2.413E-07 4.318E-08
                        (NSTEP:   929  DELTAT:   1.0000E+01  TIME:   8.5824E+03)
     1    24 2.534E-04 5.760E-06    33 -3.29E-01 -3.29E-01 2.412E-07 4.317E-08
                        (NSTEP:   930  DELTAT:   1.0000E+01  TIME:   8.5924E+03)
     1    24 2.534E-04 5.760E-06    33 -3.29E-01 -3.29E-01 2.412E-07 4.316E-08
                        (NSTEP:   931  DELTAT:   1.0000E+01  TIME:   8.6024E+03)
     1    24 2.534E-04 5.760E-06    33 -3.29E-01 -3.29E-01 2.412E-07 4.315E-08
                        (NSTEP:   932  DELTAT:   1.0000E+01  TIME:   8.6124E+03)
     1    24 2.534E-04 5.759E-06    33 -3.29E-01 -3.29E-01 2.412E-07 4.314E-08
                        (NSTEP:   933  DELTAT:   1.0000E+01  TIME:   8.6224E+03)
     1    24 2.534E-04 5.759E-06    33 -3.29E-01 -3.29E-01 2.411E-07 4.313E-08
                        (NSTEP:   934  DELTAT:   1.0000E+01  TIME:   8.6324E+03)
     1    24 2.534E-04 5.759E-06    33 -3.29E-01 -3.29E-01 2.411E-07 4.313E-08
                        (NSTEP:   935  DELTAT:   1.0000E+01  TIME:   8.6424E+03)
     1    24 2.534E-04 5.758E-06    33 -3.29E-01 -3.29E-01 2.411E-07 4.312E-08
                        (NSTEP:   936  DELTAT:   1.0000E+01  TIME:   8.6524E+03)
     1    24 2.534E-04 5.758E-06    33 -3.29E-01 -3.29E-01 2.411E-07 4.311E-08
                        (NSTEP:   937  DELTAT:   1.0000E+01  TIME:   8.6624E+03)
     1    24 2.534E-04 5.758E-06    33 -3.29E-01 -3.29E-01 2.410E-07 4.310E-08
                        (NSTEP:   938  DELTAT:   1.0000E+01  TIME:   8.6724E+03)
     1    24 2.533E-04 5.757E-06    33 -3.29E-01 -3.29E-01 2.410E-07 4.309E-08
                        (NSTEP:   939  DELTAT:   1.0000E+01  TIME:   8.6824E+03)
     1    24 2.533E-04 5.757E-06    33 -3.29E-01 -3.29E-01 2.410E-07 4.308E-08
                        (NSTEP:   940  DELTAT:   1.0000E+01  TIME:   8.6924E+03)
     1    24 2.533E-04 5.757E-06    33 -3.29E-01 -3.29E-01 2.409E-07 4.307E-08
                        (NSTEP:   941  DELTAT:   1.0000E+01  TIME:   8.7024E+03)
     1    24 2.533E-04 5.757E-06    33 -3.29E-01 -3.29E-01 2.409E-07 4.306E-08
                        (NSTEP:   942  DELTAT:   1.0000E+01  TIME:   8.7124E+03)
     1    24 2.533E-04 5.756E-06    33 -3.29E-01 -3.29E-01 2.409E-07 4.305E-08
                        (NSTEP:   943  DELTAT:   1.0000E+01  TIME:   8.7224E+03)
     1    24 2.533E-04 5.756E-06    33 -3.29E-01 -3.29E-01 2.409E-07 4.305E-08
                        (NSTEP:   944  DELTAT:   1.0000E+01  TIME:   8.7324E+03)
     1    24 2.533E-04 5.756E-06    33 -3.29E-01 -3.29E-01 2.408E-07 4.304E-08
                        (NSTEP:   945  DELTAT:   1.0000E+01  TIME:   8.7424E+03)
     1    24 2.533E-04 5.755E-06    33 -3.29E-01 -3.29E-01 2.408E-07 4.303E-08
                        (NSTEP:   946  DELTAT:   1.0000E+01  TIME:   8.7524E+03)
     1    24 2.533E-04 5.755E-06    33 -3.29E-01 -3.29E-01 2.408E-07 4.302E-08
                        (NSTEP:   947  DELTAT:   1.0000E+01  TIME:   8.7624E+03)
     1    24 2.533E-04 5.755E-06    33 -3.29E-01 -3.29E-01 2.408E-07 4.301E-08
                        (NSTEP:   948  DELTAT:   1.0000E+01  TIME:   8.7724E+03)
     1    24 2.532E-04 5.755E-06    33 -3.29E-01 -3.29E-01 2.407E-07 4.300E-08
                        (NSTEP:   949  DELTAT:   1.0000E+01  TIME:   8.7824E+03)
     1    24 2.532E-04 5.754E-06    33 -3.29E-01 -3.29E-01 2.407E-07 4.299E-08
                        (NSTEP:   950  DELTAT:   1.0000E+01  TIME:   8.7924E+03)
     1    24 2.532E-04 5.754E-06    33 -3.29E-01 -3.29E-01 2.407E-07 4.298E-08
                        (NSTEP:   951  DELTAT:   1.0000E+01  TIME:   8.8024E+03)
     1    24 2.532E-04 5.754E-06    33 -3.29E-01 -3.29E-01 2.406E-07 4.298E-08
                        (NSTEP:   952  DELTAT:   1.0000E+01  TIME:   8.8124E+03)
     1    24 2.532E-04 5.753E-06    33 -3.29E-01 -3.29E-01 2.406E-07 4.297E-08
                        (NSTEP:   953  DELTAT:   1.0000E+01  TIME:   8.8224E+03)
     1    24 2.532E-04 5.753E-06    33 -3.29E-01 -3.29E-01 2.406E-07 4.296E-08
                        (NSTEP:   954  DELTAT:   1.0000E+01  TIME:   8.8324E+03)
     1    24 2.532E-04 5.753E-06    33 -3.29E-01 -3.29E-01 2.406E-07 4.295E-08
                        (NSTEP:   955  DELTAT:   1.0000E+01  TIME:   8.8424E+03)
     1    24 2.532E-04 5.753E-06    33 -3.29E-01 -3.29E-01 2.405E-07 4.294E-08
                        (NSTEP:   956  DELTAT:   1.0000E+01  TIME:   8.8524E+03)
     1    24 2.532E-04 5.752E-06    33 -3.29E-01 -3.29E-01 2.405E-07 4.293E-08
                        (NSTEP:   957  DELTAT:   1.0000E+01  TIME:   8.8624E+03)
     1    24 2.531E-04 5.752E-06    33 -3.29E-01 -3.29E-01 2.405E-07 4.292E-08
                        (NSTEP:   958  DELTAT:   1.0000E+01  TIME:   8.8724E+03)
     1    24 2.531E-04 5.752E-06    33 -3.29E-01 -3.29E-01 2.405E-07 4.292E-08
                        (NSTEP:   959  DELTAT:   1.0000E+01  TIME:   8.8824E+03)
     1    24 2.531E-04 5.751E-06    33 -3.29E-01 -3.29E-01 2.404E-07 4.291E-08
                        (NSTEP:   960  DELTAT:   1.0000E+01  TIME:   8.8924E+03)
     1    24 2.531E-04 5.751E-06    33 -3.29E-01 -3.29E-01 2.404E-07 4.290E-08
                        (NSTEP:   961  DELTAT:   1.0000E+01  TIME:   8.9024E+03)
     1    24 2.531E-04 5.751E-06    33 -3.29E-01 -3.29E-01 2.404E-07 4.289E-08
                        (NSTEP:   962  DELTAT:   1.0000E+01  TIME:   8.9124E+03)
     1    24 2.531E-04 5.750E-06    33 -3.29E-01 -3.29E-01 2.404E-07 4.288E-08
                        (NSTEP:   963  DELTAT:   1.0000E+01  TIME:   8.9224E+03)
     1    24 2.531E-04 5.750E-06    33 -3.29E-01 -3.29E-01 2.403E-07 4.287E-08
                        (NSTEP:   964  DELTAT:   1.0000E+01  TIME:   8.9324E+03)
     1    24 2.531E-04 5.750E-06    33 -3.29E-01 -3.29E-01 2.403E-07 4.287E-08
                        (NSTEP:   965  DELTAT:   1.0000E+01  TIME:   8.9424E+03)
     1    24 2.531E-04 5.750E-06    33 -3.29E-01 -3.29E-01 2.403E-07 4.286E-08
                        (NSTEP:   966  DELTAT:   1.0000E+01  TIME:   8.9524E+03)
     1    24 2.531E-04 5.749E-06    33 -3.29E-01 -3.29E-01 2.403E-07 4.285E-08
                        (NSTEP:   967  DELTAT:   1.0000E+01  TIME:   8.9624E+03)
     1    24 2.530E-04 5.749E-06    33 -3.29E-01 -3.29E-01 2.402E-07 4.284E-08
                        (NSTEP:   968  DELTAT:   1.0000E+01  TIME:   8.9724E+03)
     1    24 2.530E-04 5.749E-06    33 -3.29E-01 -3.29E-01 2.402E-07 4.283E-08
                        (NSTEP:   969  DELTAT:   1.0000E+01  TIME:   8.9824E+03)
     1    24 2.530E-04 5.748E-06    33 -3.29E-01 -3.29E-01 2.402E-07 4.283E-08
                        (NSTEP:   970  DELTAT:   1.0000E+01  TIME:   8.9924E+03)
     1    24 2.530E-04 5.748E-06    33 -3.29E-01 -3.29E-01 2.402E-07 4.282E-08
                        (NSTEP:   971  DELTAT:   1.0000E+01  TIME:   9.0024E+03)
     1    24 2.530E-04 5.748E-06    33 -3.29E-01 -3.29E-01 2.401E-07 4.281E-08
                        (NSTEP:   972  DELTAT:   1.0000E+01  TIME:   9.0124E+03)
     1    24 2.530E-04 5.748E-06    33 -3.29E-01 -3.29E-01 2.401E-07 4.280E-08
                        (NSTEP:   973  DELTAT:   1.0000E+01  TIME:   9.0224E+03)
     1    24 2.530E-04 5.747E-06    33 -3.29E-01 -3.29E-01 2.401E-07 4.279E-08
                        (NSTEP:   974  DELTAT:   1.0000E+01  TIME:   9.0324E+03)
     1    24 2.530E-04 5.747E-06    33 -3.29E-01 -3.29E-01 2.401E-07 4.278E-08
                        (NSTEP:   975  DELTAT:   1.0000E+01  TIME:   9.0424E+03)
     1    24 2.530E-04 5.747E-06    33 -3.29E-01 -3.29E-01 2.400E-07 4.278E-08
                        (NSTEP:   976  DELTAT:   1.0000E+01  TIME:   9.0524E+03)
     1    24 2.529E-04 5.746E-06    33 -3.29E-01 -3.29E-01 2.400E-07 4.277E-08
                        (NSTEP:   977  DELTAT:   1.0000E+01  TIME:   9.0624E+03)
     1    24 2.529E-04 5.746E-06    33 -3.29E-01 -3.29E-01 2.400E-07 4.276E-08
                        (NSTEP:   978  DELTAT:   1.0000E+01  TIME:   9.0724E+03)
     1    24 2.529E-04 5.746E-06    33 -3.29E-01 -3.29E-01 2.400E-07 4.275E-08
                        (NSTEP:   979  DELTAT:   1.0000E+01  TIME:   9.0824E+03)
     1    24 2.529E-04 5.746E-06    33 -3.29E-01 -3.29E-01 2.399E-07 4.274E-08
                        (NSTEP:   980  DELTAT:   1.0000E+01  TIME:   9.0924E+03)
     1    24 2.529E-04 5.745E-06    33 -3.29E-01 -3.29E-01 2.399E-07 4.274E-08
                        (NSTEP:   981  DELTAT:   1.0000E+01  TIME:   9.1024E+03)
     1    24 2.529E-04 5.745E-06    33 -3.29E-01 -3.29E-01 2.399E-07 4.273E-08
                        (NSTEP:   982  DELTAT:   1.0000E+01  TIME:   9.1124E+03)
     1    24 2.529E-04 5.745E-06    33 -3.29E-01 -3.29E-01 2.399E-07 4.272E-08
                        (NSTEP:   983  DELTAT:   1.0000E+01  TIME:   9.1224E+03)
     1    24 2.529E-04 5.744E-06    33 -3.29E-01 -3.29E-01 2.398E-07 4.271E-08
                        (NSTEP:   984  DELTAT:   1.0000E+01  TIME:   9.1324E+03)
     1    24 2.529E-04 5.744E-06    33 -3.29E-01 -3.29E-01 2.398E-07 4.270E-08
                        (NSTEP:   985  DELTAT:   1.0000E+01  TIME:   9.1424E+03)
     1    24 2.528E-04 5.744E-06    33 -3.29E-01 -3.29E-01 2.398E-07 4.270E-08
                        (NSTEP:   986  DELTAT:   1.0000E+01  TIME:   9.1524E+03)
     1    24 2.528E-04 5.743E-06    33 -3.29E-01 -3.29E-01 2.398E-07 4.269E-08
                        (NSTEP:   987  DELTAT:   1.0000E+01  TIME:   9.1624E+03)
     1    24 2.528E-04 5.743E-06    33 -3.29E-01 -3.29E-01 2.397E-07 4.268E-08
                        (NSTEP:   988  DELTAT:   1.0000E+01  TIME:   9.1724E+03)
     1    24 2.528E-04 5.743E-06    33 -3.29E-01 -3.29E-01 2.397E-07 4.267E-08
                        (NSTEP:   989  DELTAT:   1.0000E+01  TIME:   9.1824E+03)
     1    24 2.528E-04 5.743E-06    33 -3.29E-01 -3.29E-01 2.397E-07 4.267E-08
                        (NSTEP:   990  DELTAT:   1.0000E+01  TIME:   9.1924E+03)
     1    24 2.528E-04 5.742E-06    33 -3.29E-01 -3.29E-01 2.397E-07 4.266E-08
                        (NSTEP:   991  DELTAT:   1.0000E+01  TIME:   9.2024E+03)
     1    24 2.528E-04 5.742E-06    33 -3.29E-01 -3.29E-01 2.396E-07 4.265E-08
                        (NSTEP:   992  DELTAT:   1.0000E+01  TIME:   9.2124E+03)
     1    24 2.528E-04 5.742E-06    33 -3.29E-01 -3.29E-01 2.396E-07 4.264E-08
                        (NSTEP:   993  DELTAT:   1.0000E+01  TIME:   9.2224E+03)
     1    24 2.528E-04 5.741E-06    33 -3.29E-01 -3.29E-01 2.396E-07 4.264E-08
                        (NSTEP:   994  DELTAT:   1.0000E+01  TIME:   9.2324E+03)
     1    24 2.527E-04 5.741E-06    33 -3.29E-01 -3.29E-01 2.396E-07 4.263E-08
                        (NSTEP:   995  DELTAT:   1.0000E+01  TIME:   9.2424E+03)
     1    24 2.527E-04 5.741E-06    33 -3.29E-01 -3.29E-01 2.396E-07 4.262E-08
                        (NSTEP:   996  DELTAT:   1.0000E+01  TIME:   9.2524E+03)
     1    24 2.527E-04 5.741E-06    33 -3.29E-01 -3.29E-01 2.395E-07 4.261E-08
                        (NSTEP:   997  DELTAT:   1.0000E+01  TIME:   9.2624E+03)
     1    24 2.527E-04 5.740E-06    33 -3.29E-01 -3.29E-01 2.395E-07 4.260E-08
                        (NSTEP:   998  DELTAT:   1.0000E+01  TIME:   9.2724E+03)
     1    24 2.527E-04 5.740E-06    33 -3.29E-01 -3.29E-01 2.395E-07 4.260E-08
                        (NSTEP:   999  DELTAT:   1.0000E+01  TIME:   9.2824E+03)
     1    24 2.527E-04 5.740E-06    33 -3.29E-01 -3.29E-01 2.395E-07 4.259E-08
                        (NSTEP:  1000  DELTAT:   1.0000E+01  TIME:   9.2924E+03)
     1    24 2.527E-04 5.739E-06    33 -3.29E-01 -3.29E-01 2.394E-07 4.258E-08
                        (NSTEP:  1001  DELTAT:   1.0000E+01  TIME:   9.3024E+03)
     1    24 2.527E-04 5.739E-06    33 -3.29E-01 -3.29E-01 2.394E-07 4.257E-08
                        (NSTEP:  1002  DELTAT:   1.0000E+01  TIME:   9.3124E+03)
     1    24 2.527E-04 5.739E-06    33 -3.29E-01 -3.29E-01 2.394E-07 4.257E-08
                        (NSTEP:  1003  DELTAT:   1.0000E+01  TIME:   9.3224E+03)
     1    24 2.526E-04 5.739E-06    33 -3.29E-01 -3.29E-01 2.394E-07 4.256E-08
                        (NSTEP:  1004  DELTAT:   1.0000E+01  TIME:   9.3324E+03)
     1    24 2.526E-04 5.738E-06    33 -3.29E-01 -3.29E-01 2.393E-07 4.255E-08
                        (NSTEP:  1005  DELTAT:   1.0000E+01  TIME:   9.3424E+03)
     1    24 2.526E-04 5.738E-06    33 -3.29E-01 -3.29E-01 2.393E-07 4.254E-08
                        (NSTEP:  1006  DELTAT:   1.0000E+01  TIME:   9.3524E+03)
     1    24 2.526E-04 5.738E-06    33 -3.30E-01 -3.29E-01 2.393E-07 4.254E-08
                        (NSTEP:  1007  DELTAT:   1.0000E+01  TIME:   9.3624E+03)
     1    24 2.526E-04 5.737E-06    33 -3.30E-01 -3.30E-01 2.393E-07 4.253E-08
                        (NSTEP:  1008  DELTAT:   1.0000E+01  TIME:   9.3724E+03)
     1    24 2.526E-04 5.737E-06    33 -3.30E-01 -3.30E-01 2.392E-07 4.252E-08
                        (NSTEP:  1009  DELTAT:   1.0000E+01  TIME:   9.3824E+03)
     1    24 2.526E-04 5.737E-06    33 -3.30E-01 -3.30E-01 2.392E-07 4.252E-08
                        (NSTEP:  1010  DELTAT:   1.0000E+01  TIME:   9.3924E+03)
     1    24 2.526E-04 5.737E-06    33 -3.30E-01 -3.30E-01 2.392E-07 4.251E-08
                        (NSTEP:  1011  DELTAT:   1.0000E+01  TIME:   9.4024E+03)
     1    24 2.525E-04 5.736E-06    33 -3.30E-01 -3.30E-01 2.392E-07 4.250E-08
                        (NSTEP:  1012  DELTAT:   1.0000E+01  TIME:   9.4124E+03)
     1    24 2.525E-04 5.736E-06    33 -3.30E-01 -3.30E-01 2.392E-07 4.249E-08
                        (NSTEP:  1013  DELTAT:   1.0000E+01  TIME:   9.4224E+03)
     1    24 2.525E-04 5.736E-06    33 -3.30E-01 -3.30E-01 2.391E-07 4.249E-08
                        (NSTEP:  1014  DELTAT:   1.0000E+01  TIME:   9.4324E+03)
     1    24 2.525E-04 5.735E-06    33 -3.30E-01 -3.30E-01 2.391E-07 4.248E-08
                        (NSTEP:  1015  DELTAT:   1.0000E+01  TIME:   9.4424E+03)
     1    24 2.525E-04 5.735E-06    33 -3.30E-01 -3.30E-01 2.391E-07 4.247E-08
                        (NSTEP:  1016  DELTAT:   1.0000E+01  TIME:   9.4524E+03)
     1    24 2.525E-04 5.735E-06    33 -3.30E-01 -3.30E-01 2.391E-07 4.246E-08
                        (NSTEP:  1017  DELTAT:   1.0000E+01  TIME:   9.4624E+03)
     1    24 2.525E-04 5.734E-06    33 -3.30E-01 -3.30E-01 2.390E-07 4.246E-08
                        (NSTEP:  1018  DELTAT:   1.0000E+01  TIME:   9.4724E+03)
     1    24 2.525E-04 5.734E-06    33 -3.30E-01 -3.30E-01 2.390E-07 4.245E-08
                        (NSTEP:  1019  DELTAT:   1.0000E+01  TIME:   9.4824E+03)
     1    24 2.525E-04 5.734E-06    33 -3.30E-01 -3.30E-01 2.390E-07 4.244E-08
                        (NSTEP:  1020  DELTAT:   1.0000E+01  TIME:   9.4924E+03)
     1    24 2.524E-04 5.734E-06    33 -3.30E-01 -3.30E-01 2.390E-07 4.244E-08
                        (NSTEP:  1021  DELTAT:   1.0000E+01  TIME:   9.5024E+03)
     1    24 2.524E-04 5.733E-06    33 -3.30E-01 -3.30E-01 2.389E-07 4.243E-08
                        (NSTEP:  1022  DELTAT:   1.0000E+01  TIME:   9.5124E+03)
     1    24 2.524E-04 5.733E-06    33 -3.30E-01 -3.30E-01 2.389E-07 4.242E-08
                        (NSTEP:  1023  DELTAT:   1.0000E+01  TIME:   9.5224E+03)
     1    24 2.524E-04 5.733E-06    33 -3.30E-01 -3.30E-01 2.389E-07 4.242E-08
                        (NSTEP:  1024  DELTAT:   1.0000E+01  TIME:   9.5324E+03)
     1    24 2.524E-04 5.732E-06    33 -3.30E-01 -3.30E-01 2.389E-07 4.241E-08
                        (NSTEP:  1025  DELTAT:   1.0000E+01  TIME:   9.5424E+03)
     1    24 2.524E-04 5.732E-06    33 -3.30E-01 -3.30E-01 2.389E-07 4.240E-08
                        (NSTEP:  1026  DELTAT:   1.0000E+01  TIME:   9.5524E+03)
     1    24 2.524E-04 5.732E-06    33 -3.30E-01 -3.30E-01 2.388E-07 4.239E-08
                        (NSTEP:  1027  DELTAT:   1.0000E+01  TIME:   9.5624E+03)
     1    24 2.523E-04 5.732E-06    33 -3.30E-01 -3.30E-01 2.388E-07 4.239E-08
                        (NSTEP:  1028  DELTAT:   1.0000E+01  TIME:   9.5724E+03)
     1    24 2.523E-04 5.731E-06    33 -3.30E-01 -3.30E-01 2.388E-07 4.238E-08
                        (NSTEP:  1029  DELTAT:   1.0000E+01  TIME:   9.5824E+03)
     1    24 2.523E-04 5.731E-06    33 -3.30E-01 -3.30E-01 2.388E-07 4.237E-08
                        (NSTEP:  1030  DELTAT:   8.8100E+00  TIME:   9.5912E+03)
     1    26 1.698E-03 6.985E-04   415  2.09E-04 -4.89E-04 2.940E-07 1.714E-07
     2    24 9.266E-05 2.142E-05   856  5.98E-03  5.96E-03 1.980E-07 1.340E-07
                        (NSTEP:  1031  DELTAT:   8.8100E+00  TIME:   9.6000E+03)
     1    22 5.074E-04 2.024E-04   856  5.78E-03  5.98E-03 1.289E-06 1.267E-06
     2    24 4.353E-06 1.837E-06   856  5.78E-03  5.78E-03 1.204E-08 1.151E-08
