      0  0.00000000E+00     NSTEP   TIME
 SURFACE NODE              X              Y      REC. FLUX
            1   0.000000E+00   1.000000E+01   2.146967E-07
            2   5.000000E-01   1.000000E+01   2.369161E-07
            3   1.000000E+00   1.000000E+01   2.295581E-07
            4   1.500000E+00   1.000000E+01   9.874432E-08
            5   2.000000E+00   1.000000E+01   1.068573E-07
            6   2.500000E+00   1.000000E+01   1.009017E-07
            7   3.000000E+00   1.000000E+01   1.032312E-07
            8   3.500000E+00   1.000000E+01   1.082679E-07
            9   4.000000E+00   1.000000E+01   1.136822E-07
           10   4.500000E+00   1.000000E+01   1.204562E-07
           11   5.000000E+00   1.000000E+01   1.277214E-07
           12   5.500000E+00   1.000000E+01   1.374067E-07
           13   6.000000E+00   1.000000E+01   1.470032E-07
           14   6.500000E+00   1.000000E+01   1.641454E-07
           15   7.000000E+00   1.000000E+01   1.739804E-07
           16   7.500000E+00   1.000000E+01   1.771796E-07
           17   8.000000E+00   1.000000E+01   1.974450E-07
           18   8.500000E+00   1.000000E+01   1.906610E-07
           19   9.000000E+00   1.000000E+01   1.406691E-07
           20   9.500000E+00   1.000000E+01   7.839103E-08
           21   1.000000E+01   1.000000E+01   8.489237E-08
           22   0.000000E+00   9.500000E+00   2.461622E-07
           23   5.000000E-01   9.500000E+00   2.794932E-07
           24   1.000000E+00   9.500000E+00   1.079821E-07
           25   1.500000E+00   9.500000E+00   1.075170E-07
           26   2.000000E+00   9.500000E+00   1.207782E-07
           27   2.500000E+00   9.500000E+00   1.252875E-07
           28   3.000000E+00   9.500000E+00   1.300823E-07
           29   3.500000E+00   9.500000E+00   1.323461E-07
           30   4.000000E+00   9.500000E+00   1.383510E-07
           31   4.500000E+00   9.500000E+00   1.477027E-07
           32   5.000000E+00   9.500000E+00   1.596474E-07
           33   5.500000E+00   9.500000E+00   1.733302E-07
           34   6.000000E+00   9.500000E+00   1.949226E-07
           35   6.500000E+00   9.500000E+00   2.099578E-07
           36   7.000000E+00   9.500000E+00   2.305577E-07
           37   7.500000E+00   9.500000E+00   2.395600E-07
           38   8.000000E+00   9.500000E+00   2.179437E-07
           39   8.500000E+00   9.500000E+00   8.625072E-08
           40   9.000000E+00   9.500000E+00   8.407894E-08
           41   9.500000E+00   9.500000E+00   8.743406E-08
           42   1.000000E+01   9.500000E+00   1.037011E-07
           43   0.000000E+00   9.000000E+00   1.029960E-07
           44   5.000000E-01   9.000000E+00   1.189804E-07
           45   1.000000E+00   9.000000E+00   1.079898E-07
           46   1.500000E+00   9.000000E+00   1.110193E-07
           47   2.000000E+00   9.000000E+00   1.177290E-07
           48   2.500000E+00   9.000000E+00   1.278577E-07
           49   3.000000E+00   9.000000E+00   1.351737E-07
           50   3.500000E+00   9.000000E+00   1.441089E-07
           51   4.000000E+00   9.000000E+00   1.545951E-07
           52   4.500000E+00   9.000000E+00   1.670882E-07
           53   5.000000E+00   9.000000E+00   1.745858E-07
           54   5.500000E+00   9.000000E+00   1.951873E-07
           55   6.000000E+00   9.000000E+00   2.082500E-07
           56   6.500000E+00   9.000000E+00   2.285844E-07
           57   7.000000E+00   9.000000E+00   2.267354E-07
           58   7.500000E+00   9.000000E+00   8.425498E-08
           59   8.000000E+00   9.000000E+00   8.348906E-08
           60   8.500000E+00   9.000000E+00   8.442154E-08
           61   9.000000E+00   9.000000E+00   9.676725E-08
           62   9.500000E+00   9.000000E+00   8.568194E-08
           63   1.000000E+01   9.000000E+00   9.579711E-08
           64   0.000000E+00   8.500000E+00   1.163420E-07
           65   5.000000E-01   8.500000E+00   1.372973E-07
           66   1.000000E+00   8.500000E+00   1.248232E-07
           67   1.500000E+00   8.500000E+00   1.274727E-07
           68   2.000000E+00   8.500000E+00   1.385683E-07
           69   2.500000E+00   8.500000E+00   1.494090E-07
           70   3.000000E+00   8.500000E+00   1.609121E-07
           71   3.500000E+00   8.500000E+00   1.764182E-07
           72   4.000000E+00   8.500000E+00   1.895642E-07
           73   4.500000E+00   8.500000E+00   2.099121E-07
           74   5.000000E+00   8.500000E+00   2.152109E-07
           75   5.500000E+00   8.500000E+00   2.114447E-07
           76   6.000000E+00   8.500000E+00   8.827578E-08
           77   6.500000E+00   8.500000E+00   8.505114E-08
           78   7.000000E+00   8.500000E+00   8.950010E-08
           79   7.500000E+00   8.500000E+00   9.999569E-08
           80   8.000000E+00   8.500000E+00   9.756257E-08
           81   8.500000E+00   8.500000E+00   9.723486E-08
           82   9.000000E+00   8.500000E+00   1.037520E-07
           83   9.500000E+00   8.500000E+00   1.037135E-07
           84   1.000000E+01   8.500000E+00   1.107956E-07
           85   0.000000E+00   8.000000E+00   1.268655E-07
           86   5.000000E-01   8.000000E+00   1.469111E-07
           87   1.000000E+00   8.000000E+00   1.444079E-07
           88   1.500000E+00   8.000000E+00   1.548826E-07
           89   2.000000E+00   8.000000E+00   1.685441E-07
           90   2.500000E+00   8.000000E+00   1.879487E-07
           91   3.000000E+00   8.000000E+00   2.091011E-07
           92   3.500000E+00   8.000000E+00   2.068097E-07
           93   4.000000E+00   8.000000E+00   2.182487E-07
           94   4.500000E+00   8.000000E+00   2.228307E-07
           95   5.000000E+00   8.000000E+00   8.920004E-08
           96   5.500000E+00   8.000000E+00   8.759582E-08
           97   6.000000E+00   8.000000E+00   9.256549E-08
           98   6.500000E+00   8.000000E+00   1.047245E-07
           99   7.000000E+00   8.000000E+00   1.050284E-07
          100   7.500000E+00   8.000000E+00   1.056059E-07
          101   8.000000E+00   8.000000E+00   1.056664E-07
          102   8.500000E+00   8.000000E+00   1.106260E-07
          103   9.000000E+00   8.000000E+00   1.203901E-07
          104   9.500000E+00   8.000000E+00   1.263492E-07
          105   1.000000E+01   8.000000E+00   1.391195E-07
          106   0.000000E+00   7.500000E+00   1.497730E-07
          107   5.000000E-01   7.500000E+00   1.757267E-07
          108   1.000000E+00   7.500000E+00   1.760002E-07
          109   1.500000E+00   7.500000E+00   2.017016E-07
          110   2.000000E+00   7.500000E+00   2.107311E-07
          111   2.500000E+00   7.500000E+00   2.198614E-07
          112   3.000000E+00   7.500000E+00   2.360133E-07
          113   3.500000E+00   7.500000E+00   8.842108E-08
          114   4.000000E+00   7.500000E+00   8.671021E-08
          115   4.500000E+00   7.500000E+00   8.622345E-08
          116   5.000000E+00   7.500000E+00   9.397884E-08
          117   5.500000E+00   7.500000E+00   9.370979E-08
          118   6.000000E+00   7.500000E+00   9.844175E-08
          119   6.500000E+00   7.500000E+00   1.055780E-07
          120   7.000000E+00   7.500000E+00   1.102279E-07
          121   7.500000E+00   7.500000E+00   1.152896E-07
          122   8.000000E+00   7.500000E+00   1.233419E-07
          123   8.500000E+00   7.500000E+00   1.339155E-07
          124   9.000000E+00   7.500000E+00   1.517069E-07
          125   9.500000E+00   7.500000E+00   1.677204E-07
          126   1.000000E+01   7.500000E+00   1.750641E-07
          127   0.000000E+00   7.000000E+00   1.859580E-07
          128   5.000000E-01   7.000000E+00   2.198661E-07
          129   1.000000E+00   7.000000E+00   2.079970E-07
          130   1.500000E+00   7.000000E+00   2.242572E-07
          131   2.000000E+00   7.000000E+00   2.050003E-07
          132   2.500000E+00   7.000000E+00   8.574034E-08
          133   3.000000E+00   7.000000E+00   9.211561E-08
          134   3.500000E+00   7.000000E+00   9.728390E-08
          135   4.000000E+00   7.000000E+00   9.681421E-08
          136   4.500000E+00   7.000000E+00   1.032490E-07
          137   5.000000E+00   7.000000E+00   1.033586E-07
          138   5.500000E+00   7.000000E+00   1.055125E-07
          139   6.000000E+00   7.000000E+00   1.120936E-07
          140   6.500000E+00   7.000000E+00   1.202727E-07
          141   7.000000E+00   7.000000E+00   1.279765E-07
          142   7.500000E+00   7.000000E+00   1.371537E-07
          143   8.000000E+00   7.000000E+00   1.596656E-07
          144   8.500000E+00   7.000000E+00   1.791600E-07
          145   9.000000E+00   7.000000E+00   1.896001E-07
          146   9.500000E+00   7.000000E+00   1.816943E-07
          147   1.000000E+01   7.000000E+00   1.923229E-07
          148   0.000000E+00   6.500000E+00   1.912865E-07
          149   5.000000E-01   6.500000E+00   2.382036E-07
          150   1.000000E+00   6.500000E+00   8.153073E-08
          151   1.500000E+00   6.500000E+00   8.751752E-08
          152   2.000000E+00   6.500000E+00   9.541020E-08
          153   2.500000E+00   6.500000E+00   9.913389E-08
          154   3.000000E+00   6.500000E+00   1.013673E-07
          155   3.500000E+00   6.500000E+00   1.041670E-07
          156   4.000000E+00   6.500000E+00   1.047290E-07
          157   4.500000E+00   6.500000E+00   1.110012E-07
          158   5.000000E+00   6.500000E+00   1.176913E-07
          159   5.500000E+00   6.500000E+00   1.260364E-07
          160   6.000000E+00   6.500000E+00   1.350918E-07
          161   6.500000E+00   6.500000E+00   1.475179E-07
          162   7.000000E+00   6.500000E+00   1.574934E-07
          163   7.500000E+00   6.500000E+00   1.714639E-07
          164   8.000000E+00   6.500000E+00   1.750859E-07
          165   8.500000E+00   6.500000E+00   2.023024E-07
          166   9.000000E+00   6.500000E+00   9.406685E-08
          167   9.500000E+00   6.500000E+00   1.025588E-07
          168   1.000000E+01   6.500000E+00   1.106188E-07
          169   0.000000E+00   6.000000E+00   8.145271E-08
          170   5.000000E-01   6.000000E+00   8.793682E-08
          171   1.000000E+00   6.000000E+00   9.833626E-08
          172   1.500000E+00   6.000000E+00   9.759957E-08
          173   2.000000E+00   6.000000E+00   1.076728E-07
          174   2.500000E+00   6.000000E+00   1.076974E-07
          175   3.000000E+00   6.000000E+00   1.083777E-07
          176   3.500000E+00   6.000000E+00   1.158448E-07
          177   4.000000E+00   6.000000E+00   1.231603E-07
          178   4.500000E+00   6.000000E+00   1.328040E-07
          179   5.000000E+00   6.000000E+00   1.491401E-07
          180   5.500000E+00   6.000000E+00   1.635063E-07
          181   6.000000E+00   6.000000E+00   1.708868E-07
          182   6.500000E+00   6.000000E+00   1.725143E-07
          183   7.000000E+00   6.000000E+00   1.912062E-07
          184   7.500000E+00   6.000000E+00   8.956218E-08
          185   8.000000E+00   6.000000E+00   9.649120E-08
          186   8.500000E+00   6.000000E+00   1.042820E-07
          187   9.000000E+00   6.000000E+00   1.141618E-07
          188   9.500000E+00   6.000000E+00   1.288691E-07
          189   1.000000E+01   6.000000E+00   1.336301E-07
          190   0.000000E+00   5.500000E+00   9.387507E-08
          191   5.000000E-01   5.500000E+00   1.032241E-07
          192   1.000000E+00   5.500000E+00   1.039881E-07
          193   1.500000E+00   5.500000E+00   1.076139E-07
          194   2.000000E+00   5.500000E+00   1.123532E-07
          195   2.500000E+00   5.500000E+00   1.208503E-07
          196   3.000000E+00   5.500000E+00   1.274905E-07
          197   3.500000E+00   5.500000E+00   1.415528E-07
          198   4.000000E+00   5.500000E+00   1.462984E-07
          199   4.500000E+00   5.500000E+00   1.706534E-07
          200   5.000000E+00   5.500000E+00   1.900527E-07
          201   5.500000E+00   5.500000E+00   1.940345E-07
          202   6.000000E+00   5.500000E+00   1.932852E-07
          203   6.500000E+00   5.500000E+00   9.106274E-08
          204   7.000000E+00   5.500000E+00   9.918672E-08
          205   7.500000E+00   5.500000E+00   1.068386E-07
          206   8.000000E+00   5.500000E+00   1.223868E-07
          207   8.500000E+00   5.500000E+00   1.321913E-07
          208   9.000000E+00   5.500000E+00   1.385363E-07
          209   9.500000E+00   5.500000E+00   7.185739E-08
          210   1.000000E+01   5.500000E+00   7.861007E-08
          211   0.000000E+00   5.000000E+00   1.014156E-07
          212   5.000000E-01   5.000000E+00   1.146787E-07
          213   1.000000E+00   5.000000E+00   1.145653E-07
          214   1.500000E+00   5.000000E+00   1.240163E-07
          215   2.000000E+00   5.000000E+00   1.327815E-07
          216   2.500000E+00   5.000000E+00   1.412091E-07
          217   3.000000E+00   5.000000E+00   1.563617E-07
          218   3.500000E+00   5.000000E+00   1.731480E-07
          219   4.000000E+00   5.000000E+00   1.956742E-07
          220   4.500000E+00   5.000000E+00   1.871115E-07
          221   5.000000E+00   5.000000E+00   9.041616E-08
          222   5.500000E+00   5.000000E+00   9.699341E-08
          223   6.000000E+00   5.000000E+00   1.012128E-07
          224   6.500000E+00   5.000000E+00   1.115695E-07
          225   7.000000E+00   5.000000E+00   1.232412E-07
          226   7.500000E+00   5.000000E+00   1.283261E-07
          227   8.000000E+00   5.000000E+00   1.314096E-07
          228   8.500000E+00   5.000000E+00   7.133873E-08
          229   9.000000E+00   5.000000E+00   7.904720E-08
          230   9.500000E+00   5.000000E+00   9.079976E-08
          231   1.000000E+01   5.000000E+00   1.045857E-07
          232   0.000000E+00   4.500000E+00   1.175229E-07
          233   5.000000E-01   4.500000E+00   1.349697E-07
          234   1.000000E+00   4.500000E+00   1.357977E-07
          235   1.500000E+00   4.500000E+00   1.447354E-07
          236   2.000000E+00   4.500000E+00   1.674094E-07
          237   2.500000E+00   4.500000E+00   1.895065E-07
          238   3.000000E+00   4.500000E+00   1.985380E-07
          239   3.500000E+00   4.500000E+00   1.806187E-07
          240   4.000000E+00   4.500000E+00   9.530802E-08
          241   4.500000E+00   4.500000E+00   1.051588E-07
          242   5.000000E+00   4.500000E+00   1.114832E-07
          243   5.500000E+00   4.500000E+00   1.246635E-07
          244   6.000000E+00   4.500000E+00   1.319154E-07
          245   6.500000E+00   4.500000E+00   1.320279E-07
          246   7.000000E+00   4.500000E+00   6.865615E-08
          247   7.500000E+00   4.500000E+00   7.389263E-08
          248   8.000000E+00   4.500000E+00   8.054881E-08
          249   8.500000E+00   4.500000E+00   8.885680E-08
          250   9.000000E+00   4.500000E+00   1.031058E-07
          251   9.500000E+00   4.500000E+00   1.068380E-07
          252   1.000000E+01   4.500000E+00   1.148659E-07
          253   0.000000E+00   4.000000E+00   1.474582E-07
          254   5.000000E-01   4.000000E+00   1.726105E-07
          255   1.000000E+00   4.000000E+00   1.867440E-07
          256   1.500000E+00   4.000000E+00   1.782674E-07
          257   2.000000E+00   4.000000E+00   1.888323E-07
          258   2.500000E+00   4.000000E+00   9.488948E-08
          259   3.000000E+00   4.000000E+00   1.036748E-07
          260   3.500000E+00   4.000000E+00   1.079418E-07
          261   4.000000E+00   4.000000E+00   1.225862E-07
          262   4.500000E+00   4.000000E+00   1.335283E-07
          263   5.000000E+00   4.000000E+00   1.341296E-07
          264   5.500000E+00   4.000000E+00   1.296304E-07
          265   6.000000E+00   4.000000E+00   7.110607E-08
          266   6.500000E+00   4.000000E+00   7.976710E-08
          267   7.000000E+00   4.000000E+00   8.533931E-08
          268   7.500000E+00   4.000000E+00   9.441334E-08
          269   8.000000E+00   4.000000E+00   9.521805E-08
          270   8.500000E+00   4.000000E+00   1.065706E-07
          271   9.000000E+00   4.000000E+00   7.040772E-08
          272   9.500000E+00   4.000000E+00   7.969808E-08
          273   1.000000E+01   4.000000E+00   7.507850E-08
          274   0.000000E+00   3.500000E+00   1.923108E-07
          275   5.000000E-01   3.500000E+00   2.082897E-07
          276   1.000000E+00   3.500000E+00   9.028086E-08
          277   1.500000E+00   3.500000E+00   1.000428E-07
          278   2.000000E+00   3.500000E+00   1.091407E-07
          279   2.500000E+00   3.500000E+00   1.192809E-07
          280   3.000000E+00   3.500000E+00   1.344572E-07
          281   3.500000E+00   3.500000E+00   1.334099E-07
          282   4.000000E+00   3.500000E+00   1.399212E-07
          283   4.500000E+00   3.500000E+00   7.179261E-08
          284   5.000000E+00   3.500000E+00   7.686978E-08
          285   5.500000E+00   3.500000E+00   8.125689E-08
          286   6.000000E+00   3.500000E+00   9.553367E-08
          287   6.500000E+00   3.500000E+00   1.041893E-07
          288   7.000000E+00   3.500000E+00   1.027215E-07
          289   7.500000E+00   3.500000E+00   1.006525E-07
          290   8.000000E+00   3.500000E+00   6.688172E-08
          291   8.500000E+00   3.500000E+00   6.931582E-08
          292   9.000000E+00   3.500000E+00   8.604974E-08
          293   9.500000E+00   3.500000E+00   5.264900E-08
          294   1.000000E+01   3.500000E+00   5.902363E-08
          295   0.000000E+00   3.000000E+00   9.689792E-08
          296   5.000000E-01   3.000000E+00   1.088537E-07
          297   1.000000E+00   3.000000E+00   1.141836E-07
          298   1.500000E+00   3.000000E+00   1.341215E-07
          299   2.000000E+00   3.000000E+00   1.390443E-07
          300   2.500000E+00   3.000000E+00   1.451997E-07
          301   3.000000E+00   3.000000E+00   7.336373E-08
          302   3.500000E+00   3.000000E+00   8.005430E-08
          303   4.000000E+00   3.000000E+00   8.606045E-08
          304   4.500000E+00   3.000000E+00   9.382605E-08
          305   5.000000E+00   3.000000E+00   1.051268E-07
          306   5.500000E+00   3.000000E+00   1.026221E-07
          307   6.000000E+00   3.000000E+00   1.044976E-07
          308   6.500000E+00   3.000000E+00   7.161502E-08
          309   7.000000E+00   3.000000E+00   7.764776E-08
          310   7.500000E+00   3.000000E+00   8.243123E-08
          311   8.000000E+00   3.000000E+00   8.744825E-08
          312   8.500000E+00   3.000000E+00   5.223099E-08
          313   9.000000E+00   3.000000E+00   5.512969E-08
          314   9.500000E+00   3.000000E+00   5.607882E-08
          315   1.000000E+01   3.000000E+00   7.314738E-08
          316   0.000000E+00   2.500000E+00   1.263873E-07
          317   5.000000E-01   2.500000E+00   1.420922E-07
          318   1.000000E+00   2.500000E+00   1.398860E-07
          319   1.500000E+00   2.500000E+00   1.435806E-07
          320   2.000000E+00   2.500000E+00   8.004695E-08
          321   2.500000E+00   2.500000E+00   8.621076E-08
          322   3.000000E+00   2.500000E+00   9.379426E-08
          323   3.500000E+00   2.500000E+00   1.061825E-07
          324   4.000000E+00   2.500000E+00   1.139921E-07
          325   4.500000E+00   2.500000E+00   1.162142E-07
          326   5.000000E+00   2.500000E+00   6.994654E-08
          327   5.500000E+00   2.500000E+00   8.528149E-08
          328   6.000000E+00   2.500000E+00   8.490346E-08
          329   6.500000E+00   2.500000E+00   8.479133E-08
          330   7.000000E+00   2.500000E+00   5.439828E-08
          331   7.500000E+00   2.500000E+00   5.859953E-08
          332   8.000000E+00   2.500000E+00   6.634782E-08
          333   8.500000E+00   2.500000E+00   3.506932E-08
          334   9.000000E+00   2.500000E+00   3.556959E-08
          335   9.500000E+00   2.500000E+00   3.287131E-08
          336   1.000000E+01   2.500000E+00   3.840476E-08
          337   0.000000E+00   2.000000E+00   6.974770E-08
          338   5.000000E-01   2.000000E+00   7.859312E-08
          339   1.000000E+00   2.000000E+00   8.172584E-08
          340   1.500000E+00   2.000000E+00   9.261204E-08
          341   2.000000E+00   2.000000E+00   1.044876E-07
          342   2.500000E+00   2.000000E+00   1.119435E-07
          343   3.000000E+00   2.000000E+00   1.154338E-07
          344   3.500000E+00   2.000000E+00   7.620350E-08
          345   4.000000E+00   2.000000E+00   8.801144E-08
          346   4.500000E+00   2.000000E+00   8.864733E-08
          347   5.000000E+00   2.000000E+00   8.943851E-08
          348   5.500000E+00   2.000000E+00   5.304668E-08
          349   6.000000E+00   2.000000E+00   5.444716E-08
          350   6.500000E+00   2.000000E+00   5.324352E-08
          351   7.000000E+00   2.000000E+00   6.167494E-08
          352   7.500000E+00   2.000000E+00   4.109467E-08
          353   8.000000E+00   2.000000E+00   5.366197E-08
          354   8.500000E+00   2.000000E+00   2.145560E-07
          355   9.000000E+00   2.000000E+00   3.947606E-07
          356   9.500000E+00   2.000000E+00   5.262778E-07
          357   1.000000E+01   2.000000E+00   2.629272E-07
          358   0.000000E+00   1.500000E+00   9.246187E-08
          359   5.000000E-01   1.500000E+00   1.056649E-07
          360   1.000000E+00   1.500000E+00   1.154083E-07
          361   1.500000E+00   1.500000E+00   1.231755E-07
          362   2.000000E+00   1.500000E+00   1.290598E-07
          363   2.500000E+00   1.500000E+00   9.190960E-08
          364   3.000000E+00   1.500000E+00   8.958588E-08
          365   3.500000E+00   1.500000E+00   9.427985E-08
          366   4.000000E+00   1.500000E+00   6.243301E-08
          367   4.500000E+00   1.500000E+00   6.971908E-08
          368   5.000000E+00   1.500000E+00   6.877682E-08
          369   5.500000E+00   1.500000E+00   6.135279E-08
          370   6.000000E+00   1.500000E+00   3.572504E-08
          371   6.500000E+00   1.500000E+00   1.144866E-07
          372   7.000000E+00   1.500000E+00   3.734343E-07
          373   7.500000E+00   1.500000E+00   5.871426E-07
          374   8.000000E+00   1.500000E+00   5.268527E-07
          375   8.500000E+00   1.500000E+00   3.160398E-07
          376   9.000000E+00   1.500000E+00   1.045397E-06
          377   9.500000E+00   1.500000E+00   2.294523E-06
          378   1.000000E+01   1.500000E+00   2.307148E-06
          379   0.000000E+00   1.000000E+00   1.271442E-07
          380   5.000000E-01   1.000000E+00   1.322636E-07
          381   1.000000E+00   1.000000E+00   8.597093E-08
          382   1.500000E+00   1.000000E+00   9.961334E-08
          383   2.000000E+00   1.000000E+00   1.028040E-07
          384   2.500000E+00   1.000000E+00   6.734872E-08
          385   3.000000E+00   1.000000E+00   7.163530E-08
          386   3.500000E+00   1.000000E+00   6.794959E-08
          387   4.000000E+00   1.000000E+00   7.067677E-08
          388   4.500000E+00   1.000000E+00   4.831595E-08
          389   5.000000E+00   1.000000E+00   5.119839E-08
          390   5.500000E+00   1.000000E+00   3.848763E-07
          391   6.000000E+00   1.000000E+00   4.219620E-07
          392   6.500000E+00   1.000000E+00   1.102884E-07
          393   7.000000E+00   1.000000E+00   5.857797E-07
          394   7.500000E+00   1.000000E+00   1.748374E-06
          395   8.000000E+00   1.000000E+00   3.357590E-06
          396   8.500000E+00   1.000000E+00   2.039306E-06
          397   9.000000E+00   1.000000E+00   5.908108E-07
          398   9.500000E+00   1.000000E+00   0.000000E+00
          399   1.000000E+01   1.000000E+00   0.000000E+00
          400   0.000000E+00   5.000000E-01   1.013850E-07
          401   5.000000E-01   5.000000E-01   1.091023E-07
          402   1.000000E+00   5.000000E-01   1.163062E-07
          403   1.500000E+00   5.000000E-01   7.433061E-08
          404   2.000000E+00   5.000000E-01   8.094439E-08
          405   2.500000E+00   5.000000E-01   8.646452E-08
          406   3.000000E+00   5.000000E-01   5.276437E-08
          407   3.500000E+00   5.000000E-01   5.174336E-08
          408   4.000000E+00   5.000000E-01   4.614730E-08
          409   4.500000E+00   5.000000E-01   2.577726E-08
          410   5.000000E+00   5.000000E-01   3.365305E-08
          411   5.500000E+00   5.000000E-01   1.571069E-07
          412   6.000000E+00   5.000000E-01   2.441388E-06
          413   6.500000E+00   5.000000E-01   1.554295E-06
          414   7.000000E+00   5.000000E-01   1.044308E-08
          415   7.500000E+00   5.000000E-01   0.000000E+00
          416   8.000000E+00   5.000000E-01   0.000000E+00
          417   8.500000E+00   5.000000E-01   0.000000E+00
          418   9.000000E+00   5.000000E-01   0.000000E+00
          419   9.500000E+00   5.000000E-01   0.000000E+00
          420   1.000000E+01   5.000000E-01   0.000000E+00
          421   0.000000E+00   0.000000E+00   1.168971E-07
          422   5.000000E-01   0.000000E+00   1.246163E-07
          423   1.000000E+00   0.000000E+00   7.858305E-08
          424   1.500000E+00   0.000000E+00   8.516215E-08
          425   2.000000E+00   0.000000E+00   9.371094E-08
          426   2.500000E+00   0.000000E+00   6.099979E-08
          427   3.000000E+00   0.000000E+00   6.217301E-08
          428   3.500000E+00   0.000000E+00   3.827465E-08
          429   4.000000E+00   0.000000E+00   3.578956E-08
          430   4.500000E+00   0.000000E+00   1.732802E-08
          431   5.000000E+00   0.000000E+00   2.049766E-08
          432   5.500000E+00   0.000000E+00   1.831058E-08
          433   6.000000E+00   0.000000E+00   3.194131E-07
          434   6.500000E+00   0.000000E+00   0.000000E+00
          435   7.000000E+00   0.000000E+00   0.000000E+00
          436   7.500000E+00   0.000000E+00   0.000000E+00
          437   8.000000E+00   0.000000E+00   0.000000E+00
          438   8.500000E+00   0.000000E+00   0.000000E+00
          439   9.000000E+00   0.000000E+00   0.000000E+00
          440   9.500000E+00   0.000000E+00   0.000000E+00
          441   1.000000E+01   0.000000E+00   0.000000E+00
      1  1.00000000E-02     NSTEP   TIME
 SURFACE NODE              X              Y      REC. FLUX
            1   0.000000E+00   1.000000E+01   2.126427E-07
            2   5.000000E-01   1.000000E+01   2.380186E-07
            3   1.000000E+00   1.000000E+01   2.290212E-07
            4   1.500000E+00   1.000000E+01   9.956137E-08
            5   2.000000E+00   1.000000E+01   1.062311E-07
            6   2.500000E+00   1.000000E+01   1.008273E-07
            7   3.000000E+00   1.000000E+01   1.029352E-07
            8   3.500000E+00   1.000000E+01   1.087179E-07
            9   4.000000E+00   1.000000E+01   1.138113E-07
           10   4.500000E+00   1.000000E+01   1.199932E-07
           11   5.000000E+00   1.000000E+01   1.273409E-07
           12   5.500000E+00   1.000000E+01   1.365419E-07
           13   6.000000E+00   1.000000E+01   1.470103E-07
           14   6.500000E+00   1.000000E+01   1.602753E-07
           15   7.000000E+00   1.000000E+01   1.724218E-07
           16   7.500000E+00   1.000000E+01   1.833009E-07
           17   8.000000E+00   1.000000E+01   1.949779E-07
           18   8.500000E+00   1.000000E+01   1.890053E-07
           19   9.000000E+00   1.000000E+01   1.445374E-07
           20   9.500000E+00   1.000000E+01   7.883172E-08
           21   1.000000E+01   1.000000E+01   8.496522E-08
           22   0.000000E+00   9.500000E+00   2.468341E-07
           23   5.000000E-01   9.500000E+00   2.774125E-07
           24   1.000000E+00   9.500000E+00   1.082691E-07
           25   1.500000E+00   9.500000E+00   1.099959E-07
           26   2.000000E+00   9.500000E+00   1.203302E-07
           27   2.500000E+00   9.500000E+00   1.221838E-07
           28   3.000000E+00   9.500000E+00   1.267075E-07
           29   3.500000E+00   9.500000E+00   1.315808E-07
           30   4.000000E+00   9.500000E+00   1.381060E-07
           31   4.500000E+00   9.500000E+00   1.472965E-07
           32   5.000000E+00   9.500000E+00   1.588168E-07
           33   5.500000E+00   9.500000E+00   1.723974E-07
           34   6.000000E+00   9.500000E+00   1.879840E-07
           35   6.500000E+00   9.500000E+00   2.055669E-07
           36   7.000000E+00   9.500000E+00   2.237905E-07
           37   7.500000E+00   9.500000E+00   2.365947E-07
           38   8.000000E+00   9.500000E+00   2.296868E-07
           39   8.500000E+00   9.500000E+00   8.578226E-08
           40   9.000000E+00   9.500000E+00   8.469398E-08
           41   9.500000E+00   9.500000E+00   8.869965E-08
           42   1.000000E+01   9.500000E+00   1.015799E-07
           43   0.000000E+00   9.000000E+00   1.029470E-07
           44   5.000000E-01   9.000000E+00   1.186489E-07
           45   1.000000E+00   9.000000E+00   1.102028E-07
           46   1.500000E+00   9.000000E+00   1.139692E-07
           47   2.000000E+00   9.000000E+00   1.178621E-07
           48   2.500000E+00   9.000000E+00   1.261605E-07
           49   3.000000E+00   9.000000E+00   1.339720E-07
           50   3.500000E+00   9.000000E+00   1.442191E-07
           51   4.000000E+00   9.000000E+00   1.542910E-07
           52   4.500000E+00   9.000000E+00   1.666618E-07
           53   5.000000E+00   9.000000E+00   1.805755E-07
           54   5.500000E+00   9.000000E+00   1.977690E-07
           55   6.000000E+00   9.000000E+00   2.122884E-07
           56   6.500000E+00   9.000000E+00   2.192859E-07
           57   7.000000E+00   9.000000E+00   2.166561E-07
           58   7.500000E+00   9.000000E+00   8.415099E-08
           59   8.000000E+00   9.000000E+00   8.421848E-08
           60   8.500000E+00   9.000000E+00   8.599934E-08
           61   9.000000E+00   9.000000E+00   9.702677E-08
           62   9.500000E+00   9.000000E+00   8.986406E-08
           63   1.000000E+01   9.000000E+00   9.785122E-08
           64   0.000000E+00   8.500000E+00   1.143261E-07
           65   5.000000E-01   8.500000E+00   1.340784E-07
           66   1.000000E+00   8.500000E+00   1.252561E-07
           67   1.500000E+00   8.500000E+00   1.283442E-07
           68   2.000000E+00   8.500000E+00   1.381133E-07
           69   2.500000E+00   8.500000E+00   1.494216E-07
           70   3.000000E+00   8.500000E+00   1.606411E-07
           71   3.500000E+00   8.500000E+00   1.752026E-07
           72   4.000000E+00   8.500000E+00   1.903223E-07
           73   4.500000E+00   8.500000E+00   2.074079E-07
           74   5.000000E+00   8.500000E+00   2.190948E-07
           75   5.500000E+00   8.500000E+00   2.210411E-07
           76   6.000000E+00   8.500000E+00   8.810367E-08
           77   6.500000E+00   8.500000E+00   8.616018E-08
           78   7.000000E+00   8.500000E+00   8.942078E-08
           79   7.500000E+00   8.500000E+00   9.851826E-08
           80   8.000000E+00   8.500000E+00   9.780994E-08
           81   8.500000E+00   8.500000E+00   9.791228E-08
           82   9.000000E+00   8.500000E+00   1.029032E-07
           83   9.500000E+00   8.500000E+00   1.053598E-07
           84   1.000000E+01   8.500000E+00   1.132552E-07
           85   0.000000E+00   8.000000E+00   1.259350E-07
           86   5.000000E-01   8.000000E+00   1.456342E-07
           87   1.000000E+00   8.000000E+00   1.439807E-07
           88   1.500000E+00   8.000000E+00   1.549078E-07
           89   2.000000E+00   8.000000E+00   1.688929E-07
           90   2.500000E+00   8.000000E+00   1.843615E-07
           91   3.000000E+00   8.000000E+00   2.027327E-07
           92   3.500000E+00   8.000000E+00   2.152885E-07
           93   4.000000E+00   8.000000E+00   2.186001E-07
           94   4.500000E+00   8.000000E+00   2.105447E-07
           95   5.000000E+00   8.000000E+00   8.831613E-08
           96   5.500000E+00   8.000000E+00   8.786050E-08
           97   6.000000E+00   8.000000E+00   9.255034E-08
           98   6.500000E+00   8.000000E+00   1.029603E-07
           99   7.000000E+00   8.000000E+00   1.031626E-07
          100   7.500000E+00   8.000000E+00   1.043077E-07
          101   8.000000E+00   8.000000E+00   1.059819E-07
          102   8.500000E+00   8.000000E+00   1.110135E-07
          103   9.000000E+00   8.000000E+00   1.199824E-07
          104   9.500000E+00   8.000000E+00   1.273747E-07
          105   1.000000E+01   8.000000E+00   1.408591E-07
          106   0.000000E+00   7.500000E+00   1.497198E-07
          107   5.000000E-01   7.500000E+00   1.755364E-07
          108   1.000000E+00   7.500000E+00   1.768463E-07
          109   1.500000E+00   7.500000E+00   1.939006E-07
          110   2.000000E+00   7.500000E+00   2.089403E-07
          111   2.500000E+00   7.500000E+00   2.225674E-07
          112   3.000000E+00   7.500000E+00   2.259619E-07
          113   3.500000E+00   7.500000E+00   8.847900E-08
          114   4.000000E+00   7.500000E+00   8.820681E-08
          115   4.500000E+00   7.500000E+00   8.737969E-08
          116   5.000000E+00   7.500000E+00   9.448315E-08
          117   5.500000E+00   7.500000E+00   9.644356E-08
          118   6.000000E+00   7.500000E+00   9.998483E-08
          119   6.500000E+00   7.500000E+00   1.045283E-07
          120   7.000000E+00   7.500000E+00   1.091354E-07
          121   7.500000E+00   7.500000E+00   1.153329E-07
          122   8.000000E+00   7.500000E+00   1.230914E-07
          123   8.500000E+00   7.500000E+00   1.338983E-07
          124   9.000000E+00   7.500000E+00   1.473732E-07
          125   9.500000E+00   7.500000E+00   1.602040E-07
          126   1.000000E+01   7.500000E+00   1.781756E-07
          127   0.000000E+00   7.000000E+00   1.831224E-07
          128   5.000000E-01   7.000000E+00   2.160605E-07
          129   1.000000E+00   7.000000E+00   2.163327E-07
          130   1.500000E+00   7.000000E+00   2.239355E-07
          131   2.000000E+00   7.000000E+00   2.114897E-07
          132   2.500000E+00   7.000000E+00   8.685129E-08
          133   3.000000E+00   7.000000E+00   9.211042E-08
          134   3.500000E+00   7.000000E+00   9.717395E-08
          135   4.000000E+00   7.000000E+00   9.889209E-08
          136   4.500000E+00   7.000000E+00   1.032949E-07
          137   5.000000E+00   7.000000E+00   1.039990E-07
          138   5.500000E+00   7.000000E+00   1.066035E-07
          139   6.000000E+00   7.000000E+00   1.129593E-07
          140   6.500000E+00   7.000000E+00   1.197003E-07
          141   7.000000E+00   7.000000E+00   1.282445E-07
          142   7.500000E+00   7.000000E+00   1.386942E-07
          143   8.000000E+00   7.000000E+00   1.515841E-07
          144   8.500000E+00   7.000000E+00   1.669551E-07
          145   9.000000E+00   7.000000E+00   1.823415E-07
          146   9.500000E+00   7.000000E+00   1.860849E-07
          147   1.000000E+01   7.000000E+00   2.034103E-07
          148   0.000000E+00   6.500000E+00   1.981573E-07
          149   5.000000E-01   6.500000E+00   2.315620E-07
          150   1.000000E+00   6.500000E+00   8.249827E-08
          151   1.500000E+00   6.500000E+00   8.875529E-08
          152   2.000000E+00   6.500000E+00   9.478068E-08
          153   2.500000E+00   6.500000E+00   9.894801E-08
          154   3.000000E+00   6.500000E+00   1.008116E-07
          155   3.500000E+00   6.500000E+00   1.037499E-07
          156   4.000000E+00   6.500000E+00   1.059331E-07
          157   4.500000E+00   6.500000E+00   1.119800E-07
          158   5.000000E+00   6.500000E+00   1.188618E-07
          159   5.500000E+00   6.500000E+00   1.258590E-07
          160   6.000000E+00   6.500000E+00   1.348302E-07
          161   6.500000E+00   6.500000E+00   1.458410E-07
          162   7.000000E+00   6.500000E+00   1.587199E-07
          163   7.500000E+00   6.500000E+00   1.732246E-07
          164   8.000000E+00   6.500000E+00   1.802183E-07
          165   8.500000E+00   6.500000E+00   1.865744E-07
          166   9.000000E+00   6.500000E+00   9.326238E-08
          167   9.500000E+00   6.500000E+00   1.010724E-07
          168   1.000000E+01   6.500000E+00   1.097913E-07
          169   0.000000E+00   6.000000E+00   8.204482E-08
          170   5.000000E-01   6.000000E+00   8.956889E-08
          171   1.000000E+00   6.000000E+00   9.669909E-08
          172   1.500000E+00   6.000000E+00   9.858021E-08
          173   2.000000E+00   6.000000E+00   1.055929E-07
          174   2.500000E+00   6.000000E+00   1.057015E-07
          175   3.000000E+00   6.000000E+00   1.083973E-07
          176   3.500000E+00   6.000000E+00   1.152479E-07
          177   4.000000E+00   6.000000E+00   1.228934E-07
          178   4.500000E+00   6.000000E+00   1.327746E-07
          179   5.000000E+00   6.000000E+00   1.426629E-07
          180   5.500000E+00   6.000000E+00   1.540630E-07
          181   6.000000E+00   6.000000E+00   1.668337E-07
          182   6.500000E+00   6.000000E+00   1.779881E-07
          183   7.000000E+00   6.000000E+00   1.873155E-07
          184   7.500000E+00   6.000000E+00   8.969491E-08
          185   8.000000E+00   6.000000E+00   9.678210E-08
          186   8.500000E+00   6.000000E+00   1.034452E-07
          187   9.000000E+00   6.000000E+00   1.161100E-07
          188   9.500000E+00   6.000000E+00   1.275951E-07
          189   1.000000E+01   6.000000E+00   1.333840E-07
          190   0.000000E+00   5.500000E+00   9.348533E-08
          191   5.000000E-01   5.500000E+00   1.033260E-07
          192   1.000000E+00   5.500000E+00   1.033595E-07
          193   1.500000E+00   5.500000E+00   1.068023E-07
          194   2.000000E+00   5.500000E+00   1.119005E-07
          195   2.500000E+00   5.500000E+00   1.193964E-07
          196   3.000000E+00   5.500000E+00   1.284606E-07
          197   3.500000E+00   5.500000E+00   1.387125E-07
          198   4.000000E+00   5.500000E+00   1.495405E-07
          199   4.500000E+00   5.500000E+00   1.646520E-07
          200   5.000000E+00   5.500000E+00   1.771404E-07
          201   5.500000E+00   5.500000E+00   1.841204E-07
          202   6.000000E+00   5.500000E+00   1.845808E-07
          203   6.500000E+00   5.500000E+00   9.167274E-08
          204   7.000000E+00   5.500000E+00   9.971206E-08
          205   7.500000E+00   5.500000E+00   1.084790E-07
          206   8.000000E+00   5.500000E+00   1.214816E-07
          207   8.500000E+00   5.500000E+00   1.291009E-07
          208   9.000000E+00   5.500000E+00   1.374877E-07
          209   9.500000E+00   5.500000E+00   7.189169E-08
          210   1.000000E+01   5.500000E+00   7.949723E-08
          211   0.000000E+00   5.000000E+00   1.011339E-07
          212   5.000000E-01   5.000000E+00   1.145716E-07
          213   1.000000E+00   5.000000E+00   1.146087E-07
          214   1.500000E+00   5.000000E+00   1.231902E-07
          215   2.000000E+00   5.000000E+00   1.331099E-07
          216   2.500000E+00   5.000000E+00   1.439851E-07
          217   3.000000E+00   5.000000E+00   1.576043E-07
          218   3.500000E+00   5.000000E+00   1.719231E-07
          219   4.000000E+00   5.000000E+00   1.869337E-07
          220   4.500000E+00   5.000000E+00   1.904880E-07
          221   5.000000E+00   5.000000E+00   9.029812E-08
          222   5.500000E+00   5.000000E+00   9.751744E-08
          223   6.000000E+00   5.000000E+00   1.027990E-07
          224   6.500000E+00   5.000000E+00   1.136559E-07
          225   7.000000E+00   5.000000E+00   1.255311E-07
          226   7.500000E+00   5.000000E+00   1.286324E-07
          227   8.000000E+00   5.000000E+00   1.305146E-07
          228   8.500000E+00   5.000000E+00   7.136560E-08
          229   9.000000E+00   5.000000E+00   7.957323E-08
          230   9.500000E+00   5.000000E+00   9.177384E-08
          231   1.000000E+01   5.000000E+00   1.058435E-07
          232   0.000000E+00   4.500000E+00   1.181275E-07
          233   5.000000E-01   4.500000E+00   1.361426E-07
          234   1.000000E+00   4.500000E+00   1.394125E-07
          235   1.500000E+00   4.500000E+00   1.519276E-07
          236   2.000000E+00   4.500000E+00   1.678936E-07
          237   2.500000E+00   4.500000E+00   1.841942E-07
          238   3.000000E+00   4.500000E+00   1.903990E-07
          239   3.500000E+00   4.500000E+00   1.872124E-07
          240   4.000000E+00   4.500000E+00   9.576821E-08
          241   4.500000E+00   4.500000E+00   1.045342E-07
          242   5.000000E+00   4.500000E+00   1.107451E-07
          243   5.500000E+00   4.500000E+00   1.235133E-07
          244   6.000000E+00   4.500000E+00   1.290126E-07
          245   6.500000E+00   4.500000E+00   1.334514E-07
          246   7.000000E+00   4.500000E+00   6.845765E-08
          247   7.500000E+00   4.500000E+00   7.503726E-08
          248   8.000000E+00   4.500000E+00   8.023946E-08
          249   8.500000E+00   4.500000E+00   9.206215E-08
          250   9.000000E+00   4.500000E+00   1.045193E-07
          251   9.500000E+00   4.500000E+00   1.094553E-07
          252   1.000000E+01   4.500000E+00   1.159084E-07
          253   0.000000E+00   4.000000E+00   1.468183E-07
          254   5.000000E-01   4.000000E+00   1.700328E-07
          255   1.000000E+00   4.000000E+00   1.800997E-07
          256   1.500000E+00   4.000000E+00   1.893443E-07
          257   2.000000E+00   4.000000E+00   1.960526E-07
          258   2.500000E+00   4.000000E+00   9.538682E-08
          259   3.000000E+00   4.000000E+00   1.030253E-07
          260   3.500000E+00   4.000000E+00   1.085758E-07
          261   4.000000E+00   4.000000E+00   1.216856E-07
          262   4.500000E+00   4.000000E+00   1.324337E-07
          263   5.000000E+00   4.000000E+00   1.344460E-07
          264   5.500000E+00   4.000000E+00   1.314562E-07
          265   6.000000E+00   4.000000E+00   7.179972E-08
          266   6.500000E+00   4.000000E+00   7.870691E-08
          267   7.000000E+00   4.000000E+00   8.554848E-08
          268   7.500000E+00   4.000000E+00   9.588782E-08
          269   8.000000E+00   4.000000E+00   1.005015E-07
          270   8.500000E+00   4.000000E+00   1.088429E-07
          271   9.000000E+00   4.000000E+00   7.209051E-08
          272   9.500000E+00   4.000000E+00   7.950276E-08
          273   1.000000E+01   4.000000E+00   8.131618E-08
          274   0.000000E+00   3.500000E+00   1.855354E-07
          275   5.000000E-01   3.500000E+00   2.026450E-07
          276   1.000000E+00   3.500000E+00   9.039377E-08
          277   1.500000E+00   3.500000E+00   1.007741E-07
          278   2.000000E+00   3.500000E+00   1.075114E-07
          279   2.500000E+00   3.500000E+00   1.196302E-07
          280   3.000000E+00   3.500000E+00   1.343921E-07
          281   3.500000E+00   3.500000E+00   1.357726E-07
          282   4.000000E+00   3.500000E+00   1.371787E-07
          283   4.500000E+00   3.500000E+00   7.173251E-08
          284   5.000000E+00   3.500000E+00   7.812447E-08
          285   5.500000E+00   3.500000E+00   8.377111E-08
          286   6.000000E+00   3.500000E+00   9.471653E-08
          287   6.500000E+00   3.500000E+00   1.024611E-07
          288   7.000000E+00   3.500000E+00   1.014882E-07
          289   7.500000E+00   3.500000E+00   1.010364E-07
          290   8.000000E+00   3.500000E+00   6.970361E-08
          291   8.500000E+00   3.500000E+00   7.609855E-08
          292   9.000000E+00   3.500000E+00   8.751296E-08
          293   9.500000E+00   3.500000E+00   5.369383E-08
          294   1.000000E+01   3.500000E+00   5.917522E-08
          295   0.000000E+00   3.000000E+00   9.723854E-08
          296   5.000000E-01   3.000000E+00   1.080207E-07
          297   1.000000E+00   3.000000E+00   1.133915E-07
          298   1.500000E+00   3.000000E+00   1.309657E-07
          299   2.000000E+00   3.000000E+00   1.381662E-07
          300   2.500000E+00   3.000000E+00   1.434999E-07
          301   3.000000E+00   3.000000E+00   7.370032E-08
          302   3.500000E+00   3.000000E+00   7.900098E-08
          303   4.000000E+00   3.000000E+00   8.397233E-08
          304   4.500000E+00   3.000000E+00   9.206110E-08
          305   5.000000E+00   3.000000E+00   1.033215E-07
          306   5.500000E+00   3.000000E+00   1.062026E-07
          307   6.000000E+00   3.000000E+00   1.097012E-07
          308   6.500000E+00   3.000000E+00   7.115711E-08
          309   7.000000E+00   3.000000E+00   7.610658E-08
          310   7.500000E+00   3.000000E+00   7.754510E-08
          311   8.000000E+00   3.000000E+00   8.254558E-08
          312   8.500000E+00   3.000000E+00   5.489333E-08
          313   9.000000E+00   3.000000E+00   5.873771E-08
          314   9.500000E+00   3.000000E+00   6.477510E-08
          315   1.000000E+01   3.000000E+00   7.439703E-08
          316   0.000000E+00   2.500000E+00   1.264071E-07
          317   5.000000E-01   2.500000E+00   1.382544E-07
          318   1.000000E+00   2.500000E+00   1.411970E-07
          319   1.500000E+00   2.500000E+00   1.424825E-07
          320   2.000000E+00   2.500000E+00   7.914736E-08
          321   2.500000E+00   2.500000E+00   8.745141E-08
          322   3.000000E+00   2.500000E+00   9.632912E-08
          323   3.500000E+00   2.500000E+00   1.076471E-07
          324   4.000000E+00   2.500000E+00   1.092063E-07
          325   4.500000E+00   2.500000E+00   1.132123E-07
          326   5.000000E+00   2.500000E+00   7.195193E-08
          327   5.500000E+00   2.500000E+00   7.996102E-08
          328   6.000000E+00   2.500000E+00   8.259887E-08
          329   6.500000E+00   2.500000E+00   8.600933E-08
          330   7.000000E+00   2.500000E+00   5.255074E-08
          331   7.500000E+00   2.500000E+00   5.675540E-08
          332   8.000000E+00   2.500000E+00   6.168824E-08
          333   8.500000E+00   2.500000E+00   3.704926E-08
          334   9.000000E+00   2.500000E+00   4.391101E-08
          335   9.500000E+00   2.500000E+00   4.423335E-08
          336   1.000000E+01   2.500000E+00   4.764902E-08
          337   0.000000E+00   2.000000E+00   7.038938E-08
          338   5.000000E-01   2.000000E+00   7.849163E-08
          339   1.000000E+00   2.000000E+00   8.245125E-08
          340   1.500000E+00   2.000000E+00   9.158890E-08
          341   2.000000E+00   2.000000E+00   1.031797E-07
          342   2.500000E+00   2.000000E+00   1.159961E-07
          343   3.000000E+00   2.000000E+00   1.216936E-07
          344   3.500000E+00   2.000000E+00   7.687998E-08
          345   4.000000E+00   2.000000E+00   8.473698E-08
          346   4.500000E+00   2.000000E+00   8.710484E-08
          347   5.000000E+00   2.000000E+00   8.775751E-08
          348   5.500000E+00   2.000000E+00   5.460218E-08
          349   6.000000E+00   2.000000E+00   5.766615E-08
          350   6.500000E+00   2.000000E+00   5.765593E-08
          351   7.000000E+00   2.000000E+00   6.150486E-08
          352   7.500000E+00   2.000000E+00   4.006080E-08
          353   8.000000E+00   2.000000E+00   5.038502E-08
          354   8.500000E+00   2.000000E+00   2.212287E-07
          355   9.000000E+00   2.000000E+00   4.122943E-07
          356   9.500000E+00   2.000000E+00   5.368142E-07
          357   1.000000E+01   2.000000E+00   2.768062E-07
          358   0.000000E+00   1.500000E+00   9.159677E-08
          359   5.000000E-01   1.500000E+00   1.064356E-07
          360   1.000000E+00   1.500000E+00   1.140177E-07
          361   1.500000E+00   1.500000E+00   1.219169E-07
          362   2.000000E+00   1.500000E+00   1.273885E-07
          363   2.500000E+00   1.500000E+00   8.887369E-08
          364   3.000000E+00   1.500000E+00   9.372904E-08
          365   3.500000E+00   1.500000E+00   9.813548E-08
          366   4.000000E+00   1.500000E+00   6.083862E-08
          367   4.500000E+00   1.500000E+00   6.612103E-08
          368   5.000000E+00   1.500000E+00   6.502938E-08
          369   5.500000E+00   1.500000E+00   7.185751E-08
          370   6.000000E+00   1.500000E+00   4.629695E-08
          371   6.500000E+00   1.500000E+00   1.274047E-07
          372   7.000000E+00   1.500000E+00   3.980951E-07
          373   7.500000E+00   1.500000E+00   5.993936E-07
          374   8.000000E+00   1.500000E+00   5.308364E-07
          375   8.500000E+00   1.500000E+00   3.452813E-07
          376   9.000000E+00   1.500000E+00   1.038543E-06
          377   9.500000E+00   1.500000E+00   2.273769E-06
          378   1.000000E+01   1.500000E+00   2.321719E-06
          379   0.000000E+00   1.000000E+00   1.237977E-07
          380   5.000000E-01   1.000000E+00   1.320798E-07
          381   1.000000E+00   1.000000E+00   8.750606E-08
          382   1.500000E+00   1.000000E+00   9.980214E-08
          383   2.000000E+00   1.000000E+00   1.041761E-07
          384   2.500000E+00   1.000000E+00   6.540925E-08
          385   3.000000E+00   1.000000E+00   7.277312E-08
          386   3.500000E+00   1.000000E+00   7.544879E-08
          387   4.000000E+00   1.000000E+00   7.658586E-08
          388   4.500000E+00   1.000000E+00   4.720380E-08
          389   5.000000E+00   1.000000E+00   5.161681E-08
          390   5.500000E+00   1.000000E+00   3.871616E-07
          391   6.000000E+00   1.000000E+00   4.187902E-07
          392   6.500000E+00   1.000000E+00   1.105452E-07
          393   7.000000E+00   1.000000E+00   5.411292E-07
          394   7.500000E+00   1.000000E+00   1.664597E-06
          395   8.000000E+00   1.000000E+00   3.365199E-06
          396   8.500000E+00   1.000000E+00   2.064409E-06
          397   9.000000E+00   1.000000E+00   5.577553E-07
          398   9.500000E+00   1.000000E+00   0.000000E+00
          399   1.000000E+01   1.000000E+00   0.000000E+00
          400   0.000000E+00   5.000000E-01   9.884851E-08
          401   5.000000E-01   5.000000E-01   1.076387E-07
          402   1.000000E+00   5.000000E-01   1.159564E-07
          403   1.500000E+00   5.000000E-01   7.543084E-08
          404   2.000000E+00   5.000000E-01   8.547722E-08
          405   2.500000E+00   5.000000E-01   9.072173E-08
          406   3.000000E+00   5.000000E-01   5.489810E-08
          407   3.500000E+00   5.000000E-01   5.987819E-08
          408   4.000000E+00   5.000000E-01   5.478484E-08
          409   4.500000E+00   5.000000E-01   2.958498E-08
          410   5.000000E+00   5.000000E-01   3.920756E-08
          411   5.500000E+00   5.000000E-01   1.630086E-07
          412   6.000000E+00   5.000000E-01   2.431945E-06
          413   6.500000E+00   5.000000E-01   1.458467E-06
          414   7.000000E+00   5.000000E-01   0.000000E+00
          415   7.500000E+00   5.000000E-01   0.000000E+00
          416   8.000000E+00   5.000000E-01   0.000000E+00
          417   8.500000E+00   5.000000E-01   0.000000E+00
          418   9.000000E+00   5.000000E-01   0.000000E+00
          419   9.500000E+00   5.000000E-01   0.000000E+00
          420   1.000000E+01   5.000000E-01   0.000000E+00
          421   0.000000E+00   0.000000E+00   1.172925E-07
          422   5.000000E-01   0.000000E+00   1.247415E-07
          423   1.000000E+00   0.000000E+00   8.086085E-08
          424   1.500000E+00   0.000000E+00   9.478886E-08
          425   2.000000E+00   0.000000E+00   1.025595E-07
          426   2.500000E+00   0.000000E+00   6.380612E-08
          427   3.000000E+00   0.000000E+00   7.098915E-08
          428   3.500000E+00   0.000000E+00   3.807493E-08
          429   4.000000E+00   0.000000E+00   3.607953E-08
          430   4.500000E+00   0.000000E+00   3.212938E-08
          431   5.000000E+00   0.000000E+00   2.275946E-08
          432   5.500000E+00   0.000000E+00   2.603288E-08
          433   6.000000E+00   0.000000E+00   3.342110E-07
          434   6.500000E+00   0.000000E+00   0.000000E+00
          435   7.000000E+00   0.000000E+00   0.000000E+00
          436   7.500000E+00   0.000000E+00   0.000000E+00
          437   8.000000E+00   0.000000E+00   0.000000E+00
          438   8.500000E+00   0.000000E+00   0.000000E+00
          439   9.000000E+00   0.000000E+00   0.000000E+00
          440   9.500000E+00   0.000000E+00   0.000000E+00
          441   1.000000E+01   0.000000E+00   0.000000E+00
   1031  9.60000000E+03     NSTEP   TIME
 SURFACE NODE              X              Y      REC. FLUX
            1   0.000000E+00   1.000000E+01   1.885967E-07
            2   5.000000E-01   1.000000E+01   2.078601E-07
            3   1.000000E+00   1.000000E+01   2.052089E-07
            4   1.500000E+00   1.000000E+01   1.886335E-07
            5   2.000000E+00   1.000000E+01   8.851112E-08
            6   2.500000E+00   1.000000E+01   9.052642E-08
            7   3.000000E+00   1.000000E+01   9.122894E-08
            8   3.500000E+00   1.000000E+01   9.384298E-08
            9   4.000000E+00   1.000000E+01   9.731158E-08
           10   4.500000E+00   1.000000E+01   1.015996E-07
           11   5.000000E+00   1.000000E+01   1.067646E-07
           12   5.500000E+00   1.000000E+01   1.129122E-07
           13   6.000000E+00   1.000000E+01   1.201775E-07
           14   6.500000E+00   1.000000E+01   1.286932E-07
           15   7.000000E+00   1.000000E+01   1.380455E-07
           16   7.500000E+00   1.000000E+01   1.480233E-07
           17   8.000000E+00   1.000000E+01   1.575777E-07
           18   8.500000E+00   1.000000E+01   1.648494E-07
           19   9.000000E+00   1.000000E+01   1.607689E-07
           20   9.500000E+00   1.000000E+01   6.703127E-08
           21   1.000000E+01   1.000000E+01   7.392375E-08
           22   0.000000E+00   9.500000E+00   2.276132E-07
           23   5.000000E-01   9.500000E+00   2.647431E-07
           24   1.000000E+00   9.500000E+00   2.338874E-07
           25   1.500000E+00   9.500000E+00   9.612339E-08
           26   2.000000E+00   9.500000E+00   1.003524E-07
           27   2.500000E+00   9.500000E+00   1.039125E-07
           28   3.000000E+00   9.500000E+00   1.054274E-07
           29   3.500000E+00   9.500000E+00   1.098898E-07
           30   4.000000E+00   9.500000E+00   1.154529E-07
           31   4.500000E+00   9.500000E+00   1.221667E-07
           32   5.000000E+00   9.500000E+00   1.301225E-07
           33   5.500000E+00   9.500000E+00   1.395261E-07
           34   6.000000E+00   9.500000E+00   1.505272E-07
           35   6.500000E+00   9.500000E+00   1.630870E-07
           36   7.000000E+00   9.500000E+00   1.757709E-07
           37   7.500000E+00   9.500000E+00   1.893042E-07
           38   8.000000E+00   9.500000E+00   1.991612E-07
           39   8.500000E+00   9.500000E+00   1.938089E-07
           40   9.000000E+00   9.500000E+00   7.344828E-08
           41   9.500000E+00   9.500000E+00   7.655350E-08
           42   1.000000E+01   9.500000E+00   8.374567E-08
           43   0.000000E+00   9.000000E+00   9.124298E-08
           44   5.000000E-01   9.000000E+00   1.003446E-07
           45   1.000000E+00   9.000000E+00   9.674883E-08
           46   1.500000E+00   9.000000E+00   1.024558E-07
           47   2.000000E+00   9.000000E+00   1.046470E-07
           48   2.500000E+00   9.000000E+00   1.056578E-07
           49   3.000000E+00   9.000000E+00   1.104919E-07
           50   3.500000E+00   9.000000E+00   1.171028E-07
           51   4.000000E+00   9.000000E+00   1.250461E-07
           52   4.500000E+00   9.000000E+00   1.342894E-07
           53   5.000000E+00   9.000000E+00   1.449892E-07
           54   5.500000E+00   9.000000E+00   1.571432E-07
           55   6.000000E+00   9.000000E+00   1.706315E-07
           56   6.500000E+00   9.000000E+00   1.827063E-07
           57   7.000000E+00   9.000000E+00   1.841116E-07
           58   7.500000E+00   9.000000E+00   1.708484E-07
           59   8.000000E+00   9.000000E+00   7.306051E-08
           60   8.500000E+00   9.000000E+00   7.524510E-08
           61   9.000000E+00   9.000000E+00   7.897462E-08
           62   9.500000E+00   9.000000E+00   8.235664E-08
           63   1.000000E+01   9.000000E+00   8.344644E-08
           64   0.000000E+00   8.500000E+00   9.707209E-08
           65   5.000000E-01   8.500000E+00   1.123406E-07
           66   1.000000E+00   8.500000E+00   1.083069E-07
           67   1.500000E+00   8.500000E+00   1.105382E-07
           68   2.000000E+00   8.500000E+00   1.146320E-07
           69   2.500000E+00   8.500000E+00   1.213909E-07
           70   3.000000E+00   8.500000E+00   1.300626E-07
           71   3.500000E+00   8.500000E+00   1.403032E-07
           72   4.000000E+00   8.500000E+00   1.521098E-07
           73   4.500000E+00   8.500000E+00   1.654301E-07
           74   5.000000E+00   8.500000E+00   1.786865E-07
           75   5.500000E+00   8.500000E+00   1.853118E-07
           76   6.000000E+00   8.500000E+00   1.853168E-07
           77   6.500000E+00   8.500000E+00   7.400569E-08
           78   7.000000E+00   8.500000E+00   7.629188E-08
           79   7.500000E+00   8.500000E+00   7.733197E-08
           80   8.000000E+00   8.500000E+00   8.268944E-08
           81   8.500000E+00   8.500000E+00   8.528125E-08
           82   9.000000E+00   8.500000E+00   8.652183E-08
           83   9.500000E+00   8.500000E+00   8.787043E-08
           84   1.000000E+01   8.500000E+00   9.394612E-08
           85   0.000000E+00   8.000000E+00   1.048514E-07
           86   5.000000E-01   8.000000E+00   1.197890E-07
           87   1.000000E+00   8.000000E+00   1.183507E-07
           88   1.500000E+00   8.000000E+00   1.261726E-07
           89   2.000000E+00   8.000000E+00   1.356779E-07
           90   2.500000E+00   8.000000E+00   1.468842E-07
           91   3.000000E+00   8.000000E+00   1.595069E-07
           92   3.500000E+00   8.000000E+00   1.733787E-07
           93   4.000000E+00   8.000000E+00   1.855613E-07
           94   4.500000E+00   8.000000E+00   1.883756E-07
           95   5.000000E+00   8.000000E+00   7.359435E-08
           96   5.500000E+00   8.000000E+00   7.615587E-08
           97   6.000000E+00   8.000000E+00   7.682181E-08
           98   6.500000E+00   8.000000E+00   8.073960E-08
           99   7.000000E+00   8.000000E+00   8.598715E-08
          100   7.500000E+00   8.000000E+00   8.568179E-08
          101   8.000000E+00   8.000000E+00   8.753652E-08
          102   8.500000E+00   8.000000E+00   9.116927E-08
          103   9.000000E+00   8.000000E+00   9.688691E-08
          104   9.500000E+00   8.000000E+00   1.023139E-07
          105   1.000000E+01   8.000000E+00   1.126551E-07
          106   0.000000E+00   7.500000E+00   1.219655E-07
          107   5.000000E-01   7.500000E+00   1.415290E-07
          108   1.000000E+00   7.500000E+00   1.415803E-07
          109   1.500000E+00   7.500000E+00   1.535864E-07
          110   2.000000E+00   7.500000E+00   1.675941E-07
          111   2.500000E+00   7.500000E+00   1.811187E-07
          112   3.000000E+00   7.500000E+00   1.874698E-07
          113   3.500000E+00   7.500000E+00   1.855664E-07
          114   4.000000E+00   7.500000E+00   7.487478E-08
          115   4.500000E+00   7.500000E+00   7.721538E-08
          116   5.000000E+00   7.500000E+00   7.949346E-08
          117   5.500000E+00   7.500000E+00   8.602018E-08
          118   6.000000E+00   7.500000E+00   8.582756E-08
          119   6.500000E+00   7.500000E+00   8.730774E-08
          120   7.000000E+00   7.500000E+00   8.972805E-08
          121   7.500000E+00   7.500000E+00   9.409470E-08
          122   8.000000E+00   7.500000E+00   1.000295E-07
          123   8.500000E+00   7.500000E+00   1.074465E-07
          124   9.000000E+00   7.500000E+00   1.170822E-07
          125   9.500000E+00   7.500000E+00   1.263213E-07
          126   1.000000E+01   7.500000E+00   1.419240E-07
          127   0.000000E+00   7.000000E+00   1.471159E-07
          128   5.000000E-01   7.000000E+00   1.730125E-07
          129   1.000000E+00   7.000000E+00   1.745532E-07
          130   1.500000E+00   7.000000E+00   1.867204E-07
          131   2.000000E+00   7.000000E+00   1.899023E-07
          132   2.500000E+00   7.000000E+00   7.428406E-08
          133   3.000000E+00   7.000000E+00   7.687835E-08
          134   3.500000E+00   7.000000E+00   7.773784E-08
          135   4.000000E+00   7.000000E+00   8.195503E-08
          136   4.500000E+00   7.000000E+00   8.698219E-08
          137   5.000000E+00   7.000000E+00   8.663093E-08
          138   5.500000E+00   7.000000E+00   8.849945E-08
          139   6.000000E+00   7.000000E+00   9.233217E-08
          140   6.500000E+00   7.000000E+00   9.755672E-08
          141   7.000000E+00   7.000000E+00   1.039823E-07
          142   7.500000E+00   7.000000E+00   1.118859E-07
          143   8.000000E+00   7.000000E+00   1.214028E-07
          144   8.500000E+00   7.000000E+00   1.330145E-07
          145   9.000000E+00   7.000000E+00   1.462582E-07
          146   9.500000E+00   7.000000E+00   1.525289E-07
          147   1.000000E+01   7.000000E+00   1.710354E-07
          148   0.000000E+00   6.500000E+00   1.713930E-07
          149   5.000000E-01   6.500000E+00   1.963701E-07
          150   1.000000E+00   6.500000E+00   1.856516E-07
          151   1.500000E+00   6.500000E+00   7.521995E-08
          152   2.000000E+00   6.500000E+00   7.770026E-08
          153   2.500000E+00   6.500000E+00   8.039575E-08
          154   3.000000E+00   6.500000E+00   8.678569E-08
          155   3.500000E+00   6.500000E+00   8.673032E-08
          156   4.000000E+00   6.500000E+00   8.843804E-08
          157   4.500000E+00   6.500000E+00   9.109866E-08
          158   5.000000E+00   6.500000E+00   9.556846E-08
          159   5.500000E+00   6.500000E+00   1.014726E-07
          160   6.000000E+00   6.500000E+00   1.085196E-07
          161   6.500000E+00   6.500000E+00   1.169648E-07
          162   7.000000E+00   6.500000E+00   1.268656E-07
          163   7.500000E+00   6.500000E+00   1.384915E-07
          164   8.000000E+00   6.500000E+00   1.503433E-07
          165   8.500000E+00   6.500000E+00   1.585535E-07
          166   9.000000E+00   6.500000E+00   7.560310E-08
          167   9.500000E+00   6.500000E+00   8.172193E-08
          168   1.000000E+01   6.500000E+00   8.738122E-08
          169   0.000000E+00   6.000000E+00   7.020518E-08
          170   5.000000E-01   6.000000E+00   7.756463E-08
          171   1.000000E+00   6.000000E+00   7.679702E-08
          172   1.500000E+00   6.000000E+00   8.249441E-08
          173   2.000000E+00   6.000000E+00   8.738556E-08
          174   2.500000E+00   6.000000E+00   8.726843E-08
          175   3.000000E+00   6.000000E+00   8.944242E-08
          176   3.500000E+00   6.000000E+00   9.364323E-08
          177   4.000000E+00   6.000000E+00   9.911655E-08
          178   4.500000E+00   6.000000E+00   1.057752E-07
          179   5.000000E+00   6.000000E+00   1.137035E-07
          180   5.500000E+00   6.000000E+00   1.229641E-07
          181   6.000000E+00   6.000000E+00   1.335415E-07
          182   6.500000E+00   6.000000E+00   1.451175E-07
          183   7.000000E+00   6.000000E+00   1.527529E-07
          184   7.500000E+00   6.000000E+00   1.583138E-07
          185   8.000000E+00   6.000000E+00   7.720951E-08
          186   8.500000E+00   6.000000E+00   8.428523E-08
          187   9.000000E+00   6.000000E+00   9.257069E-08
          188   9.500000E+00   6.000000E+00   1.036418E-07
          189   1.000000E+01   6.000000E+00   1.096604E-07
          190   0.000000E+00   5.500000E+00   7.608069E-08
          191   5.000000E-01   5.500000E+00   8.772939E-08
          192   1.000000E+00   5.500000E+00   8.627675E-08
          193   1.500000E+00   5.500000E+00   8.852278E-08
          194   2.000000E+00   5.500000E+00   9.162952E-08
          195   2.500000E+00   5.500000E+00   9.660035E-08
          196   3.000000E+00   5.500000E+00   1.030085E-07
          197   3.500000E+00   5.500000E+00   1.106548E-07
          198   4.000000E+00   5.500000E+00   1.195212E-07
          199   4.500000E+00   5.500000E+00   1.295731E-07
          200   5.000000E+00   5.500000E+00   1.411611E-07
          201   5.500000E+00   5.500000E+00   1.525118E-07
          202   6.000000E+00   5.500000E+00   1.584670E-07
          203   6.500000E+00   5.500000E+00   7.451598E-08
          204   7.000000E+00   5.500000E+00   8.085539E-08
          205   7.500000E+00   5.500000E+00   8.624220E-08
          206   8.000000E+00   5.500000E+00   9.588916E-08
          207   8.500000E+00   5.500000E+00   1.075667E-07
          208   9.000000E+00   5.500000E+00   1.121457E-07
          209   9.500000E+00   5.500000E+00   1.136039E-07
          210   1.000000E+01   5.500000E+00   1.145133E-07
          211   0.000000E+00   5.000000E+00   8.201053E-08
          212   5.000000E-01   5.000000E+00   9.319240E-08
          213   1.000000E+00   5.000000E+00   9.347454E-08
          214   1.500000E+00   5.000000E+00   9.964749E-08
          215   2.000000E+00   5.000000E+00   1.070397E-07
          216   2.500000E+00   5.000000E+00   1.157670E-07
          217   3.000000E+00   5.000000E+00   1.259984E-07
          218   3.500000E+00   5.000000E+00   1.377473E-07
          219   4.000000E+00   5.000000E+00   1.504164E-07
          220   4.500000E+00   5.000000E+00   1.575685E-07
          221   5.000000E+00   5.000000E+00   1.603808E-07
          222   5.500000E+00   5.000000E+00   7.826496E-08
          223   6.000000E+00   5.000000E+00   8.480831E-08
          224   6.500000E+00   5.000000E+00   9.160785E-08
          225   7.000000E+00   5.000000E+00   1.035458E-07
          226   7.500000E+00   5.000000E+00   1.090625E-07
          227   8.000000E+00   5.000000E+00   1.145163E-07
          228   8.500000E+00   5.000000E+00   5.810965E-08
          229   9.000000E+00   5.000000E+00   6.512953E-08
          230   9.500000E+00   5.000000E+00   7.200495E-08
          231   1.000000E+01   5.000000E+00   8.095028E-08
          232   0.000000E+00   4.500000E+00   9.469203E-08
          233   5.000000E-01   4.500000E+00   1.088263E-07
          234   1.000000E+00   4.500000E+00   1.112636E-07
          235   1.500000E+00   4.500000E+00   1.211639E-07
          236   2.000000E+00   4.500000E+00   1.323748E-07
          237   2.500000E+00   4.500000E+00   1.455637E-07
          238   3.000000E+00   4.500000E+00   1.580040E-07
          239   3.500000E+00   4.500000E+00   1.635570E-07
          240   4.000000E+00   4.500000E+00   7.730793E-08
          241   4.500000E+00   4.500000E+00   8.384938E-08
          242   5.000000E+00   4.500000E+00   8.915381E-08
          243   5.500000E+00   4.500000E+00   9.821729E-08
          244   6.000000E+00   4.500000E+00   1.092599E-07
          245   6.500000E+00   4.500000E+00   1.116796E-07
          246   7.000000E+00   4.500000E+00   1.139525E-07
          247   7.500000E+00   4.500000E+00   6.027039E-08
          248   8.000000E+00   4.500000E+00   6.612160E-08
          249   8.500000E+00   4.500000E+00   7.316747E-08
          250   9.000000E+00   4.500000E+00   8.507319E-08
          251   9.500000E+00   4.500000E+00   9.101720E-08
          252   1.000000E+01   4.500000E+00   9.802795E-08
          253   0.000000E+00   4.000000E+00   1.159183E-07
          254   5.000000E-01   4.000000E+00   1.339083E-07
          255   1.000000E+00   4.000000E+00   1.404806E-07
          256   1.500000E+00   4.000000E+00   1.548398E-07
          257   2.000000E+00   4.000000E+00   1.626757E-07
          258   2.500000E+00   4.000000E+00   1.641867E-07
          259   3.000000E+00   4.000000E+00   8.190697E-08
          260   3.500000E+00   4.000000E+00   8.892041E-08
          261   4.000000E+00   4.000000E+00   9.603513E-08
          262   4.500000E+00   4.000000E+00   1.083294E-07
          263   5.000000E+00   4.000000E+00   1.134689E-07
          264   5.500000E+00   4.000000E+00   1.170243E-07
          265   6.000000E+00   4.000000E+00   5.912620E-08
          266   6.500000E+00   4.000000E+00   6.454782E-08
          267   7.000000E+00   4.000000E+00   6.944336E-08
          268   7.500000E+00   4.000000E+00   7.811324E-08
          269   8.000000E+00   4.000000E+00   8.727561E-08
          270   8.500000E+00   4.000000E+00   9.041975E-08
          271   9.000000E+00   4.000000E+00   9.496925E-08
          272   9.500000E+00   4.000000E+00   6.684453E-08
          273   1.000000E+01   4.000000E+00   7.008236E-08
          274   0.000000E+00   3.500000E+00   1.476013E-07
          275   5.000000E-01   3.500000E+00   1.634336E-07
          276   1.000000E+00   3.500000E+00   1.675054E-07
          277   1.500000E+00   3.500000E+00   8.009180E-08
          278   2.000000E+00   3.500000E+00   8.759851E-08
          279   2.500000E+00   3.500000E+00   9.396047E-08
          280   3.000000E+00   3.500000E+00   1.050428E-07
          281   3.500000E+00   3.500000E+00   1.161131E-07
          282   4.000000E+00   3.500000E+00   1.182116E-07
          283   4.500000E+00   3.500000E+00   1.174027E-07
          284   5.000000E+00   3.500000E+00   6.412325E-08
          285   5.500000E+00   3.500000E+00   6.951046E-08
          286   6.000000E+00   3.500000E+00   7.557197E-08
          287   6.500000E+00   3.500000E+00   8.549544E-08
          288   7.000000E+00   3.500000E+00   9.034562E-08
          289   7.500000E+00   3.500000E+00   9.483197E-08
          290   8.000000E+00   3.500000E+00   6.113733E-08
          291   8.500000E+00   3.500000E+00   6.745592E-08
          292   9.000000E+00   3.500000E+00   7.455778E-08
          293   9.500000E+00   3.500000E+00   8.255325E-08
          294   1.000000E+01   3.500000E+00   5.149797E-08
          295   0.000000E+00   3.000000E+00   7.785097E-08
          296   5.000000E-01   3.000000E+00   8.592785E-08
          297   1.000000E+00   3.000000E+00   9.004060E-08
          298   1.500000E+00   3.000000E+00   1.015498E-07
          299   2.000000E+00   3.000000E+00   1.156894E-07
          300   2.500000E+00   3.000000E+00   1.199454E-07
          301   3.000000E+00   3.000000E+00   1.234896E-07
          302   3.500000E+00   3.000000E+00   6.438708E-08
          303   4.000000E+00   3.000000E+00   7.046018E-08
          304   4.500000E+00   3.000000E+00   7.558897E-08
          305   5.000000E+00   3.000000E+00   8.548624E-08
          306   5.500000E+00   3.000000E+00   9.384268E-08
          307   6.000000E+00   3.000000E+00   9.563934E-08
          308   6.500000E+00   3.000000E+00   9.529313E-08
          309   7.000000E+00   3.000000E+00   6.629765E-08
          310   7.500000E+00   3.000000E+00   7.011951E-08
          311   8.000000E+00   3.000000E+00   7.564561E-08
          312   8.500000E+00   3.000000E+00   4.623475E-08
          313   9.000000E+00   3.000000E+00   5.203625E-08
          314   9.500000E+00   3.000000E+00   5.720440E-08
          315   1.000000E+01   3.000000E+00   6.599685E-08
          316   0.000000E+00   2.500000E+00   9.956947E-08
          317   5.000000E-01   2.500000E+00   1.115188E-07
          318   1.000000E+00   2.500000E+00   1.186815E-07
          319   1.500000E+00   2.500000E+00   1.243762E-07
          320   2.000000E+00   2.500000E+00   6.372542E-08
          321   2.500000E+00   2.500000E+00   7.041135E-08
          322   3.000000E+00   2.500000E+00   7.592158E-08
          323   3.500000E+00   2.500000E+00   8.519108E-08
          324   4.000000E+00   2.500000E+00   9.691881E-08
          325   4.500000E+00   2.500000E+00   1.000932E-07
          326   5.000000E+00   2.500000E+00   1.026503E-07
          327   5.500000E+00   2.500000E+00   6.872801E-08
          328   6.000000E+00   2.500000E+00   7.476208E-08
          329   6.500000E+00   2.500000E+00   7.730135E-08
          330   7.000000E+00   2.500000E+00   4.568383E-08
          331   7.500000E+00   2.500000E+00   5.034935E-08
          332   8.000000E+00   2.500000E+00   5.174929E-08
          333   8.500000E+00   2.500000E+00   5.465628E-08
          334   9.000000E+00   2.500000E+00   3.209828E-08
          335   9.500000E+00   2.500000E+00   3.326748E-08
          336   1.000000E+01   2.500000E+00   3.885263E-08
          337   0.000000E+00   2.000000E+00   1.220606E-07
          338   5.000000E-01   2.000000E+00   1.257218E-07
          339   1.000000E+00   2.000000E+00   6.617392E-08
          340   1.500000E+00   2.000000E+00   7.507144E-08
          341   2.000000E+00   2.000000E+00   8.367598E-08
          342   2.500000E+00   2.000000E+00   9.718350E-08
          343   3.000000E+00   2.000000E+00   1.020429E-07
          344   3.500000E+00   2.000000E+00   1.076595E-07
          345   4.000000E+00   2.000000E+00   7.033253E-08
          346   4.500000E+00   2.000000E+00   7.919141E-08
          347   5.000000E+00   2.000000E+00   8.302581E-08
          348   5.500000E+00   2.000000E+00   8.609490E-08
          349   6.000000E+00   2.000000E+00   5.645803E-08
          350   6.500000E+00   2.000000E+00   5.722965E-08
          351   7.000000E+00   2.000000E+00   5.575912E-08
          352   7.500000E+00   2.000000E+00   2.975593E-08
          353   8.000000E+00   2.000000E+00   3.366387E-08
          354   8.500000E+00   2.000000E+00   9.666394E-08
          355   9.000000E+00   2.000000E+00   2.863661E-07
          356   9.500000E+00   2.000000E+00   4.308502E-07
          357   1.000000E+01   2.000000E+00   1.847448E-07
          358   0.000000E+00   1.500000E+00   7.266120E-08
          359   5.000000E-01   1.500000E+00   8.100161E-08
          360   1.000000E+00   1.500000E+00   8.831162E-08
          361   1.500000E+00   1.500000E+00   1.029151E-07
          362   2.000000E+00   1.500000E+00   1.087602E-07
          363   2.500000E+00   1.500000E+00   7.049187E-08
          364   3.000000E+00   1.500000E+00   8.053227E-08
          365   3.500000E+00   1.500000E+00   8.507837E-08
          366   4.000000E+00   1.500000E+00   9.049363E-08
          367   4.500000E+00   1.500000E+00   6.014350E-08
          368   5.000000E+00   1.500000E+00   6.461572E-08
          369   5.500000E+00   1.500000E+00   6.845019E-08
          370   6.000000E+00   1.500000E+00   4.363959E-08
          371   6.500000E+00   1.500000E+00   9.199323E-08
          372   7.000000E+00   1.500000E+00   1.877702E-07
          373   7.500000E+00   1.500000E+00   5.307977E-07
          374   8.000000E+00   1.500000E+00   6.558220E-07
          375   8.500000E+00   1.500000E+00   3.401056E-07
          376   9.000000E+00   1.500000E+00   4.617625E-07
          377   9.500000E+00   1.500000E+00   1.831126E-06
          378   1.000000E+01   1.500000E+00   1.905425E-06
          379   0.000000E+00   1.000000E+00   1.034388E-07
          380   5.000000E-01   1.000000E+00   1.080321E-07
          381   1.000000E+00   1.000000E+00   1.125214E-07
          382   1.500000E+00   1.000000E+00   8.132003E-08
          383   2.000000E+00   1.000000E+00   8.670430E-08
          384   2.500000E+00   1.000000E+00   9.285673E-08
          385   3.000000E+00   1.000000E+00   6.100061E-08
          386   3.500000E+00   1.000000E+00   6.632325E-08
          387   4.000000E+00   1.000000E+00   7.071383E-08
          388   4.500000E+00   1.000000E+00   4.421164E-08
          389   5.000000E+00   1.000000E+00   4.877498E-08
          390   5.500000E+00   1.000000E+00   7.643413E-08
          391   6.000000E+00   1.000000E+00   2.766503E-07
          392   6.500000E+00   1.000000E+00   3.425583E-07
          393   7.000000E+00   1.000000E+00   3.669924E-07
          394   7.500000E+00   1.000000E+00   8.104749E-07
          395   8.000000E+00   1.000000E+00   3.734882E-06
          396   8.500000E+00   1.000000E+00   2.915479E-06
          397   9.000000E+00   1.000000E+00   1.054686E-06
          398   9.500000E+00   1.000000E+00   0.000000E+00
          399   1.000000E+01   1.000000E+00   0.000000E+00
          400   0.000000E+00   5.000000E-01   8.062602E-08
          401   5.000000E-01   5.000000E-01   8.731372E-08
          402   1.000000E+00   5.000000E-01   9.743617E-08
          403   1.500000E+00   5.000000E-01   6.053743E-08
          404   2.000000E+00   5.000000E-01   6.961430E-08
          405   2.500000E+00   5.000000E-01   7.730215E-08
          406   3.000000E+00   5.000000E-01   7.898247E-08
          407   3.500000E+00   5.000000E-01   5.146410E-08
          408   4.000000E+00   5.000000E-01   5.600226E-08
          409   4.500000E+00   5.000000E-01   3.094784E-08
          410   5.000000E+00   5.000000E-01   3.437789E-08
          411   5.500000E+00   5.000000E-01   8.843670E-08
          412   6.000000E+00   5.000000E-01   1.743403E-07
          413   6.500000E+00   5.000000E-01   1.888616E-06
          414   7.000000E+00   5.000000E-01   1.039416E-06
          415   7.500000E+00   5.000000E-01   0.000000E+00
          416   8.000000E+00   5.000000E-01   0.000000E+00
          417   8.500000E+00   5.000000E-01   0.000000E+00
          418   9.000000E+00   5.000000E-01   0.000000E+00
          419   9.500000E+00   5.000000E-01   0.000000E+00
          420   1.000000E+01   5.000000E-01   0.000000E+00
          421   0.000000E+00   0.000000E+00   9.775463E-08
          422   5.000000E-01   0.000000E+00   1.080266E-07
          423   1.000000E+00   0.000000E+00   6.565885E-08
          424   1.500000E+00   0.000000E+00   7.707254E-08
          425   2.000000E+00   0.000000E+00   8.766161E-08
          426   2.500000E+00   0.000000E+00   5.238378E-08
          427   3.000000E+00   0.000000E+00   5.915530E-08
          428   3.500000E+00   0.000000E+00   6.458849E-08
          429   4.000000E+00   0.000000E+00   3.758657E-08
          430   4.500000E+00   0.000000E+00   4.076916E-08
          431   5.000000E+00   0.000000E+00   1.981838E-08
          432   5.500000E+00   0.000000E+00   4.684706E-08
          433   6.000000E+00   0.000000E+00   2.442476E-07
          434   6.500000E+00   0.000000E+00   0.000000E+00
          435   7.000000E+00   0.000000E+00   0.000000E+00
          436   7.500000E+00   0.000000E+00   0.000000E+00
          437   8.000000E+00   0.000000E+00   0.000000E+00
          438   8.500000E+00   0.000000E+00   0.000000E+00
          439   9.000000E+00   0.000000E+00   0.000000E+00
          440   9.500000E+00   0.000000E+00   0.000000E+00
          441   1.000000E+01   0.000000E+00   0.000000E+00
   1031  9.60000000E+03     NSTEP   TIME
 SURFACE NODE              X              Y      REC. FLUX
            1   0.000000E+00   1.000000E+01   1.885967E-07
            2   5.000000E-01   1.000000E+01   2.078601E-07
            3   1.000000E+00   1.000000E+01   2.052089E-07
            4   1.500000E+00   1.000000E+01   1.886335E-07
            5   2.000000E+00   1.000000E+01   8.851112E-08
            6   2.500000E+00   1.000000E+01   9.052642E-08
            7   3.000000E+00   1.000000E+01   9.122894E-08
            8   3.500000E+00   1.000000E+01   9.384298E-08
            9   4.000000E+00   1.000000E+01   9.731158E-08
           10   4.500000E+00   1.000000E+01   1.015996E-07
           11   5.000000E+00   1.000000E+01   1.067646E-07
           12   5.500000E+00   1.000000E+01   1.129122E-07
           13   6.000000E+00   1.000000E+01   1.201775E-07
           14   6.500000E+00   1.000000E+01   1.286932E-07
           15   7.000000E+00   1.000000E+01   1.380455E-07
           16   7.500000E+00   1.000000E+01   1.480233E-07
           17   8.000000E+00   1.000000E+01   1.575777E-07
           18   8.500000E+00   1.000000E+01   1.648494E-07
           19   9.000000E+00   1.000000E+01   1.607689E-07
           20   9.500000E+00   1.000000E+01   6.703127E-08
           21   1.000000E+01   1.000000E+01   7.392375E-08
           22   0.000000E+00   9.500000E+00   2.276132E-07
           23   5.000000E-01   9.500000E+00   2.647431E-07
           24   1.000000E+00   9.500000E+00   2.338874E-07
           25   1.500000E+00   9.500000E+00   9.612339E-08
           26   2.000000E+00   9.500000E+00   1.003524E-07
           27   2.500000E+00   9.500000E+00   1.039125E-07
           28   3.000000E+00   9.500000E+00   1.054274E-07
           29   3.500000E+00   9.500000E+00   1.098898E-07
           30   4.000000E+00   9.500000E+00   1.154529E-07
           31   4.500000E+00   9.500000E+00   1.221667E-07
           32   5.000000E+00   9.500000E+00   1.301225E-07
           33   5.500000E+00   9.500000E+00   1.395261E-07
           34   6.000000E+00   9.500000E+00   1.505272E-07
           35   6.500000E+00   9.500000E+00   1.630870E-07
           36   7.000000E+00   9.500000E+00   1.757709E-07
           37   7.500000E+00   9.500000E+00   1.893042E-07
           38   8.000000E+00   9.500000E+00   1.991612E-07
           39   8.500000E+00   9.500000E+00   1.938089E-07
           40   9.000000E+00   9.500000E+00   7.344828E-08
           41   9.500000E+00   9.500000E+00   7.655350E-08
           42   1.000000E+01   9.500000E+00   8.374567E-08
           43   0.000000E+00   9.000000E+00   9.124298E-08
           44   5.000000E-01   9.000000E+00   1.003446E-07
           45   1.000000E+00   9.000000E+00   9.674883E-08
           46   1.500000E+00   9.000000E+00   1.024558E-07
           47   2.000000E+00   9.000000E+00   1.046470E-07
           48   2.500000E+00   9.000000E+00   1.056578E-07
           49   3.000000E+00   9.000000E+00   1.104919E-07
           50   3.500000E+00   9.000000E+00   1.171028E-07
           51   4.000000E+00   9.000000E+00   1.250461E-07
           52   4.500000E+00   9.000000E+00   1.342894E-07
           53   5.000000E+00   9.000000E+00   1.449892E-07
           54   5.500000E+00   9.000000E+00   1.571432E-07
           55   6.000000E+00   9.000000E+00   1.706315E-07
           56   6.500000E+00   9.000000E+00   1.827063E-07
           57   7.000000E+00   9.000000E+00   1.841116E-07
           58   7.500000E+00   9.000000E+00   1.708484E-07
           59   8.000000E+00   9.000000E+00   7.306051E-08
           60   8.500000E+00   9.000000E+00   7.524510E-08
           61   9.000000E+00   9.000000E+00   7.897462E-08
           62   9.500000E+00   9.000000E+00   8.235664E-08
           63   1.000000E+01   9.000000E+00   8.344644E-08
           64   0.000000E+00   8.500000E+00   9.707209E-08
           65   5.000000E-01   8.500000E+00   1.123406E-07
           66   1.000000E+00   8.500000E+00   1.083069E-07
           67   1.500000E+00   8.500000E+00   1.105382E-07
           68   2.000000E+00   8.500000E+00   1.146320E-07
           69   2.500000E+00   8.500000E+00   1.213909E-07
           70   3.000000E+00   8.500000E+00   1.300626E-07
           71   3.500000E+00   8.500000E+00   1.403032E-07
           72   4.000000E+00   8.500000E+00   1.521098E-07
           73   4.500000E+00   8.500000E+00   1.654301E-07
           74   5.000000E+00   8.500000E+00   1.786865E-07
           75   5.500000E+00   8.500000E+00   1.853118E-07
           76   6.000000E+00   8.500000E+00   1.853168E-07
           77   6.500000E+00   8.500000E+00   7.400569E-08
           78   7.000000E+00   8.500000E+00   7.629188E-08
           79   7.500000E+00   8.500000E+00   7.733197E-08
           80   8.000000E+00   8.500000E+00   8.268944E-08
           81   8.500000E+00   8.500000E+00   8.528125E-08
           82   9.000000E+00   8.500000E+00   8.652183E-08
           83   9.500000E+00   8.500000E+00   8.787043E-08
           84   1.000000E+01   8.500000E+00   9.394612E-08
           85   0.000000E+00   8.000000E+00   1.048514E-07
           86   5.000000E-01   8.000000E+00   1.197890E-07
           87   1.000000E+00   8.000000E+00   1.183507E-07
           88   1.500000E+00   8.000000E+00   1.261726E-07
           89   2.000000E+00   8.000000E+00   1.356779E-07
           90   2.500000E+00   8.000000E+00   1.468842E-07
           91   3.000000E+00   8.000000E+00   1.595069E-07
           92   3.500000E+00   8.000000E+00   1.733787E-07
           93   4.000000E+00   8.000000E+00   1.855613E-07
           94   4.500000E+00   8.000000E+00   1.883756E-07
           95   5.000000E+00   8.000000E+00   7.359435E-08
           96   5.500000E+00   8.000000E+00   7.615587E-08
           97   6.000000E+00   8.000000E+00   7.682181E-08
           98   6.500000E+00   8.000000E+00   8.073960E-08
           99   7.000000E+00   8.000000E+00   8.598715E-08
          100   7.500000E+00   8.000000E+00   8.568179E-08
          101   8.000000E+00   8.000000E+00   8.753652E-08
          102   8.500000E+00   8.000000E+00   9.116927E-08
          103   9.000000E+00   8.000000E+00   9.688691E-08
          104   9.500000E+00   8.000000E+00   1.023139E-07
          105   1.000000E+01   8.000000E+00   1.126551E-07
          106   0.000000E+00   7.500000E+00   1.219655E-07
          107   5.000000E-01   7.500000E+00   1.415290E-07
          108   1.000000E+00   7.500000E+00   1.415803E-07
          109   1.500000E+00   7.500000E+00   1.535864E-07
          110   2.000000E+00   7.500000E+00   1.675941E-07
          111   2.500000E+00   7.500000E+00   1.811187E-07
          112   3.000000E+00   7.500000E+00   1.874698E-07
          113   3.500000E+00   7.500000E+00   1.855664E-07
          114   4.000000E+00   7.500000E+00   7.487478E-08
          115   4.500000E+00   7.500000E+00   7.721538E-08
          116   5.000000E+00   7.500000E+00   7.949346E-08
          117   5.500000E+00   7.500000E+00   8.602018E-08
          118   6.000000E+00   7.500000E+00   8.582756E-08
          119   6.500000E+00   7.500000E+00   8.730774E-08
          120   7.000000E+00   7.500000E+00   8.972805E-08
          121   7.500000E+00   7.500000E+00   9.409470E-08
          122   8.000000E+00   7.500000E+00   1.000295E-07
          123   8.500000E+00   7.500000E+00   1.074465E-07
          124   9.000000E+00   7.500000E+00   1.170822E-07
          125   9.500000E+00   7.500000E+00   1.263213E-07
          126   1.000000E+01   7.500000E+00   1.419240E-07
          127   0.000000E+00   7.000000E+00   1.471159E-07
          128   5.000000E-01   7.000000E+00   1.730125E-07
          129   1.000000E+00   7.000000E+00   1.745532E-07
          130   1.500000E+00   7.000000E+00   1.867204E-07
          131   2.000000E+00   7.000000E+00   1.899023E-07
          132   2.500000E+00   7.000000E+00   7.428406E-08
          133   3.000000E+00   7.000000E+00   7.687835E-08
          134   3.500000E+00   7.000000E+00   7.773784E-08
          135   4.000000E+00   7.000000E+00   8.195503E-08
          136   4.500000E+00   7.000000E+00   8.698219E-08
          137   5.000000E+00   7.000000E+00   8.663093E-08
          138   5.500000E+00   7.000000E+00   8.849945E-08
          139   6.000000E+00   7.000000E+00   9.233217E-08
          140   6.500000E+00   7.000000E+00   9.755672E-08
          141   7.000000E+00   7.000000E+00   1.039823E-07
          142   7.500000E+00   7.000000E+00   1.118859E-07
          143   8.000000E+00   7.000000E+00   1.214028E-07
          144   8.500000E+00   7.000000E+00   1.330145E-07
          145   9.000000E+00   7.000000E+00   1.462582E-07
          146   9.500000E+00   7.000000E+00   1.525289E-07
          147   1.000000E+01   7.000000E+00   1.710354E-07
          148   0.000000E+00   6.500000E+00   1.713930E-07
          149   5.000000E-01   6.500000E+00   1.963701E-07
          150   1.000000E+00   6.500000E+00   1.856516E-07
          151   1.500000E+00   6.500000E+00   7.521995E-08
          152   2.000000E+00   6.500000E+00   7.770026E-08
          153   2.500000E+00   6.500000E+00   8.039575E-08
          154   3.000000E+00   6.500000E+00   8.678569E-08
          155   3.500000E+00   6.500000E+00   8.673032E-08
          156   4.000000E+00   6.500000E+00   8.843804E-08
          157   4.500000E+00   6.500000E+00   9.109866E-08
          158   5.000000E+00   6.500000E+00   9.556846E-08
          159   5.500000E+00   6.500000E+00   1.014726E-07
          160   6.000000E+00   6.500000E+00   1.085196E-07
          161   6.500000E+00   6.500000E+00   1.169648E-07
          162   7.000000E+00   6.500000E+00   1.268656E-07
          163   7.500000E+00   6.500000E+00   1.384915E-07
          164   8.000000E+00   6.500000E+00   1.503433E-07
          165   8.500000E+00   6.500000E+00   1.585535E-07
          166   9.000000E+00   6.500000E+00   7.560310E-08
          167   9.500000E+00   6.500000E+00   8.172193E-08
          168   1.000000E+01   6.500000E+00   8.738122E-08
          169   0.000000E+00   6.000000E+00   7.020518E-08
          170   5.000000E-01   6.000000E+00   7.756463E-08
          171   1.000000E+00   6.000000E+00   7.679702E-08
          172   1.500000E+00   6.000000E+00   8.249441E-08
          173   2.000000E+00   6.000000E+00   8.738556E-08
          174   2.500000E+00   6.000000E+00   8.726843E-08
          175   3.000000E+00   6.000000E+00   8.944242E-08
          176   3.500000E+00   6.000000E+00   9.364323E-08
          177   4.000000E+00   6.000000E+00   9.911655E-08
          178   4.500000E+00   6.000000E+00   1.057752E-07
          179   5.000000E+00   6.000000E+00   1.137035E-07
          180   5.500000E+00   6.000000E+00   1.229641E-07
          181   6.000000E+00   6.000000E+00   1.335415E-07
          182   6.500000E+00   6.000000E+00   1.451175E-07
          183   7.000000E+00   6.000000E+00   1.527529E-07
          184   7.500000E+00   6.000000E+00   1.583138E-07
          185   8.000000E+00   6.000000E+00   7.720951E-08
          186   8.500000E+00   6.000000E+00   8.428523E-08
          187   9.000000E+00   6.000000E+00   9.257069E-08
          188   9.500000E+00   6.000000E+00   1.036418E-07
          189   1.000000E+01   6.000000E+00   1.096604E-07
          190   0.000000E+00   5.500000E+00   7.608069E-08
          191   5.000000E-01   5.500000E+00   8.772939E-08
          192   1.000000E+00   5.500000E+00   8.627675E-08
          193   1.500000E+00   5.500000E+00   8.852278E-08
          194   2.000000E+00   5.500000E+00   9.162952E-08
          195   2.500000E+00   5.500000E+00   9.660035E-08
          196   3.000000E+00   5.500000E+00   1.030085E-07
          197   3.500000E+00   5.500000E+00   1.106548E-07
          198   4.000000E+00   5.500000E+00   1.195212E-07
          199   4.500000E+00   5.500000E+00   1.295731E-07
          200   5.000000E+00   5.500000E+00   1.411611E-07
          201   5.500000E+00   5.500000E+00   1.525118E-07
          202   6.000000E+00   5.500000E+00   1.584670E-07
          203   6.500000E+00   5.500000E+00   7.451598E-08
          204   7.000000E+00   5.500000E+00   8.085539E-08
          205   7.500000E+00   5.500000E+00   8.624220E-08
          206   8.000000E+00   5.500000E+00   9.588916E-08
          207   8.500000E+00   5.500000E+00   1.075667E-07
          208   9.000000E+00   5.500000E+00   1.121457E-07
          209   9.500000E+00   5.500000E+00   1.136039E-07
          210   1.000000E+01   5.500000E+00   1.145133E-07
          211   0.000000E+00   5.000000E+00   8.201053E-08
          212   5.000000E-01   5.000000E+00   9.319240E-08
          213   1.000000E+00   5.000000E+00   9.347454E-08
          214   1.500000E+00   5.000000E+00   9.964749E-08
          215   2.000000E+00   5.000000E+00   1.070397E-07
          216   2.500000E+00   5.000000E+00   1.157670E-07
          217   3.000000E+00   5.000000E+00   1.259984E-07
          218   3.500000E+00   5.000000E+00   1.377473E-07
          219   4.000000E+00   5.000000E+00   1.504164E-07
          220   4.500000E+00   5.000000E+00   1.575685E-07
          221   5.000000E+00   5.000000E+00   1.603808E-07
          222   5.500000E+00   5.000000E+00   7.826496E-08
          223   6.000000E+00   5.000000E+00   8.480831E-08
          224   6.500000E+00   5.000000E+00   9.160785E-08
          225   7.000000E+00   5.000000E+00   1.035458E-07
          226   7.500000E+00   5.000000E+00   1.090625E-07
          227   8.000000E+00   5.000000E+00   1.145163E-07
          228   8.500000E+00   5.000000E+00   5.810965E-08
          229   9.000000E+00   5.000000E+00   6.512953E-08
          230   9.500000E+00   5.000000E+00   7.200495E-08
          231   1.000000E+01   5.000000E+00   8.095028E-08
          232   0.000000E+00   4.500000E+00   9.469203E-08
          233   5.000000E-01   4.500000E+00   1.088263E-07
          234   1.000000E+00   4.500000E+00   1.112636E-07
          235   1.500000E+00   4.500000E+00   1.211639E-07
          236   2.000000E+00   4.500000E+00   1.323748E-07
          237   2.500000E+00   4.500000E+00   1.455637E-07
          238   3.000000E+00   4.500000E+00   1.580040E-07
          239   3.500000E+00   4.500000E+00   1.635570E-07
          240   4.000000E+00   4.500000E+00   7.730793E-08
          241   4.500000E+00   4.500000E+00   8.384938E-08
          242   5.000000E+00   4.500000E+00   8.915381E-08
          243   5.500000E+00   4.500000E+00   9.821729E-08
          244   6.000000E+00   4.500000E+00   1.092599E-07
          245   6.500000E+00   4.500000E+00   1.116796E-07
          246   7.000000E+00   4.500000E+00   1.139525E-07
          247   7.500000E+00   4.500000E+00   6.027039E-08
          248   8.000000E+00   4.500000E+00   6.612160E-08
          249   8.500000E+00   4.500000E+00   7.316747E-08
          250   9.000000E+00   4.500000E+00   8.507319E-08
          251   9.500000E+00   4.500000E+00   9.101720E-08
          252   1.000000E+01   4.500000E+00   9.802795E-08
          253   0.000000E+00   4.000000E+00   1.159183E-07
          254   5.000000E-01   4.000000E+00   1.339083E-07
          255   1.000000E+00   4.000000E+00   1.404806E-07
          256   1.500000E+00   4.000000E+00   1.548398E-07
          257   2.000000E+00   4.000000E+00   1.626757E-07
          258   2.500000E+00   4.000000E+00   1.641867E-07
          259   3.000000E+00   4.000000E+00   8.190697E-08
          260   3.500000E+00   4.000000E+00   8.892041E-08
          261   4.000000E+00   4.000000E+00   9.603513E-08
          262   4.500000E+00   4.000000E+00   1.083294E-07
          263   5.000000E+00   4.000000E+00   1.134689E-07
          264   5.500000E+00   4.000000E+00   1.170243E-07
          265   6.000000E+00   4.000000E+00   5.912620E-08
          266   6.500000E+00   4.000000E+00   6.454782E-08
          267   7.000000E+00   4.000000E+00   6.944336E-08
          268   7.500000E+00   4.000000E+00   7.811324E-08
          269   8.000000E+00   4.000000E+00   8.727561E-08
          270   8.500000E+00   4.000000E+00   9.041975E-08
          271   9.000000E+00   4.000000E+00   9.496925E-08
          272   9.500000E+00   4.000000E+00   6.684453E-08
          273   1.000000E+01   4.000000E+00   7.008236E-08
          274   0.000000E+00   3.500000E+00   1.476013E-07
          275   5.000000E-01   3.500000E+00   1.634336E-07
          276   1.000000E+00   3.500000E+00   1.675054E-07
          277   1.500000E+00   3.500000E+00   8.009180E-08
          278   2.000000E+00   3.500000E+00   8.759851E-08
          279   2.500000E+00   3.500000E+00   9.396047E-08
          280   3.000000E+00   3.500000E+00   1.050428E-07
          281   3.500000E+00   3.500000E+00   1.161131E-07
          282   4.000000E+00   3.500000E+00   1.182116E-07
          283   4.500000E+00   3.500000E+00   1.174027E-07
          284   5.000000E+00   3.500000E+00   6.412325E-08
          285   5.500000E+00   3.500000E+00   6.951046E-08
          286   6.000000E+00   3.500000E+00   7.557197E-08
          287   6.500000E+00   3.500000E+00   8.549544E-08
          288   7.000000E+00   3.500000E+00   9.034562E-08
          289   7.500000E+00   3.500000E+00   9.483197E-08
          290   8.000000E+00   3.500000E+00   6.113733E-08
          291   8.500000E+00   3.500000E+00   6.745592E-08
          292   9.000000E+00   3.500000E+00   7.455778E-08
          293   9.500000E+00   3.500000E+00   8.255325E-08
          294   1.000000E+01   3.500000E+00   5.149797E-08
          295   0.000000E+00   3.000000E+00   7.785097E-08
          296   5.000000E-01   3.000000E+00   8.592785E-08
          297   1.000000E+00   3.000000E+00   9.004060E-08
          298   1.500000E+00   3.000000E+00   1.015498E-07
          299   2.000000E+00   3.000000E+00   1.156894E-07
          300   2.500000E+00   3.000000E+00   1.199454E-07
          301   3.000000E+00   3.000000E+00   1.234896E-07
          302   3.500000E+00   3.000000E+00   6.438708E-08
          303   4.000000E+00   3.000000E+00   7.046018E-08
          304   4.500000E+00   3.000000E+00   7.558897E-08
          305   5.000000E+00   3.000000E+00   8.548624E-08
          306   5.500000E+00   3.000000E+00   9.384268E-08
          307   6.000000E+00   3.000000E+00   9.563934E-08
          308   6.500000E+00   3.000000E+00   9.529313E-08
          309   7.000000E+00   3.000000E+00   6.629765E-08
          310   7.500000E+00   3.000000E+00   7.011951E-08
          311   8.000000E+00   3.000000E+00   7.564561E-08
          312   8.500000E+00   3.000000E+00   4.623475E-08
          313   9.000000E+00   3.000000E+00   5.203625E-08
          314   9.500000E+00   3.000000E+00   5.720440E-08
          315   1.000000E+01   3.000000E+00   6.599685E-08
          316   0.000000E+00   2.500000E+00   9.956947E-08
          317   5.000000E-01   2.500000E+00   1.115188E-07
          318   1.000000E+00   2.500000E+00   1.186815E-07
          319   1.500000E+00   2.500000E+00   1.243762E-07
          320   2.000000E+00   2.500000E+00   6.372542E-08
          321   2.500000E+00   2.500000E+00   7.041135E-08
          322   3.000000E+00   2.500000E+00   7.592158E-08
          323   3.500000E+00   2.500000E+00   8.519108E-08
          324   4.000000E+00   2.500000E+00   9.691881E-08
          325   4.500000E+00   2.500000E+00   1.000932E-07
          326   5.000000E+00   2.500000E+00   1.026503E-07
          327   5.500000E+00   2.500000E+00   6.872801E-08
          328   6.000000E+00   2.500000E+00   7.476208E-08
          329   6.500000E+00   2.500000E+00   7.730135E-08
          330   7.000000E+00   2.500000E+00   4.568383E-08
          331   7.500000E+00   2.500000E+00   5.034935E-08
          332   8.000000E+00   2.500000E+00   5.174929E-08
          333   8.500000E+00   2.500000E+00   5.465628E-08
          334   9.000000E+00   2.500000E+00   3.209828E-08
          335   9.500000E+00   2.500000E+00   3.326748E-08
          336   1.000000E+01   2.500000E+00   3.885263E-08
          337   0.000000E+00   2.000000E+00   1.220606E-07
          338   5.000000E-01   2.000000E+00   1.257218E-07
          339   1.000000E+00   2.000000E+00   6.617392E-08
          340   1.500000E+00   2.000000E+00   7.507144E-08
          341   2.000000E+00   2.000000E+00   8.367598E-08
          342   2.500000E+00   2.000000E+00   9.718350E-08
          343   3.000000E+00   2.000000E+00   1.020429E-07
          344   3.500000E+00   2.000000E+00   1.076595E-07
          345   4.000000E+00   2.000000E+00   7.033253E-08
          346   4.500000E+00   2.000000E+00   7.919141E-08
          347   5.000000E+00   2.000000E+00   8.302581E-08
          348   5.500000E+00   2.000000E+00   8.609490E-08
          349   6.000000E+00   2.000000E+00   5.645803E-08
          350   6.500000E+00   2.000000E+00   5.722965E-08
          351   7.000000E+00   2.000000E+00   5.575912E-08
          352   7.500000E+00   2.000000E+00   2.975593E-08
          353   8.000000E+00   2.000000E+00   3.366387E-08
          354   8.500000E+00   2.000000E+00   9.666394E-08
          355   9.000000E+00   2.000000E+00   2.863661E-07
          356   9.500000E+00   2.000000E+00   4.308502E-07
          357   1.000000E+01   2.000000E+00   1.847448E-07
          358   0.000000E+00   1.500000E+00   7.266120E-08
          359   5.000000E-01   1.500000E+00   8.100161E-08
          360   1.000000E+00   1.500000E+00   8.831162E-08
          361   1.500000E+00   1.500000E+00   1.029151E-07
          362   2.000000E+00   1.500000E+00   1.087602E-07
          363   2.500000E+00   1.500000E+00   7.049187E-08
          364   3.000000E+00   1.500000E+00   8.053227E-08
          365   3.500000E+00   1.500000E+00   8.507837E-08
          366   4.000000E+00   1.500000E+00   9.049363E-08
          367   4.500000E+00   1.500000E+00   6.014350E-08
          368   5.000000E+00   1.500000E+00   6.461572E-08
          369   5.500000E+00   1.500000E+00   6.845019E-08
          370   6.000000E+00   1.500000E+00   4.363959E-08
          371   6.500000E+00   1.500000E+00   9.199323E-08
          372   7.000000E+00   1.500000E+00   1.877702E-07
          373   7.500000E+00   1.500000E+00   5.307977E-07
          374   8.000000E+00   1.500000E+00   6.558220E-07
          375   8.500000E+00   1.500000E+00   3.401056E-07
          376   9.000000E+00   1.500000E+00   4.617625E-07
          377   9.500000E+00   1.500000E+00   1.831126E-06
          378   1.000000E+01   1.500000E+00   1.905425E-06
          379   0.000000E+00   1.000000E+00   1.034388E-07
          380   5.000000E-01   1.000000E+00   1.080321E-07
          381   1.000000E+00   1.000000E+00   1.125214E-07
          382   1.500000E+00   1.000000E+00   8.132003E-08
          383   2.000000E+00   1.000000E+00   8.670430E-08
          384   2.500000E+00   1.000000E+00   9.285673E-08
          385   3.000000E+00   1.000000E+00   6.100061E-08
          386   3.500000E+00   1.000000E+00   6.632325E-08
          387   4.000000E+00   1.000000E+00   7.071383E-08
          388   4.500000E+00   1.000000E+00   4.421164E-08
          389   5.000000E+00   1.000000E+00   4.877498E-08
          390   5.500000E+00   1.000000E+00   7.643413E-08
          391   6.000000E+00   1.000000E+00   2.766503E-07
          392   6.500000E+00   1.000000E+00   3.425583E-07
          393   7.000000E+00   1.000000E+00   3.669924E-07
          394   7.500000E+00   1.000000E+00   8.104749E-07
          395   8.000000E+00   1.000000E+00   3.734882E-06
          396   8.500000E+00   1.000000E+00   2.915479E-06
          397   9.000000E+00   1.000000E+00   1.054686E-06
          398   9.500000E+00   1.000000E+00   0.000000E+00
          399   1.000000E+01   1.000000E+00   0.000000E+00
          400   0.000000E+00   5.000000E-01   8.062602E-08
          401   5.000000E-01   5.000000E-01   8.731372E-08
          402   1.000000E+00   5.000000E-01   9.743617E-08
          403   1.500000E+00   5.000000E-01   6.053743E-08
          404   2.000000E+00   5.000000E-01   6.961430E-08
          405   2.500000E+00   5.000000E-01   7.730215E-08
          406   3.000000E+00   5.000000E-01   7.898247E-08
          407   3.500000E+00   5.000000E-01   5.146410E-08
          408   4.000000E+00   5.000000E-01   5.600226E-08
          409   4.500000E+00   5.000000E-01   3.094784E-08
          410   5.000000E+00   5.000000E-01   3.437789E-08
          411   5.500000E+00   5.000000E-01   8.843670E-08
          412   6.000000E+00   5.000000E-01   1.743403E-07
          413   6.500000E+00   5.000000E-01   1.888616E-06
          414   7.000000E+00   5.000000E-01   1.039416E-06
          415   7.500000E+00   5.000000E-01   0.000000E+00
          416   8.000000E+00   5.000000E-01   0.000000E+00
          417   8.500000E+00   5.000000E-01   0.000000E+00
          418   9.000000E+00   5.000000E-01   0.000000E+00
          419   9.500000E+00   5.000000E-01   0.000000E+00
          420   1.000000E+01   5.000000E-01   0.000000E+00
          421   0.000000E+00   0.000000E+00   9.775463E-08
          422   5.000000E-01   0.000000E+00   1.080266E-07
          423   1.000000E+00   0.000000E+00   6.565885E-08
          424   1.500000E+00   0.000000E+00   7.707254E-08
          425   2.000000E+00   0.000000E+00   8.766161E-08
          426   2.500000E+00   0.000000E+00   5.238378E-08
          427   3.000000E+00   0.000000E+00   5.915530E-08
          428   3.500000E+00   0.000000E+00   6.458849E-08
          429   4.000000E+00   0.000000E+00   3.758657E-08
          430   4.500000E+00   0.000000E+00   4.076916E-08
          431   5.000000E+00   0.000000E+00   1.981838E-08
          432   5.500000E+00   0.000000E+00   4.684706E-08
          433   6.000000E+00   0.000000E+00   2.442476E-07
          434   6.500000E+00   0.000000E+00   0.000000E+00
          435   7.000000E+00   0.000000E+00   0.000000E+00
          436   7.500000E+00   0.000000E+00   0.000000E+00
          437   8.000000E+00   0.000000E+00   0.000000E+00
          438   8.500000E+00   0.000000E+00   0.000000E+00
          439   9.000000E+00   0.000000E+00   0.000000E+00
          440   9.500000E+00   0.000000E+00   0.000000E+00
          441   1.000000E+01   0.000000E+00   0.000000E+00
