  0   HSPSW
      0  0.00000000E+00     NSTEP   TIME
   5.166229E-01   5.171869E-01   5.171869E-01   5.170539E-01   5.169542E-01
   5.168547E-01   5.167222E-01   5.166229E-01   5.165238E-01   5.164908E-01
   5.165238E-01   5.166229E-01   5.167553E-01   5.169874E-01   5.172536E-01
   5.176210E-01   5.180575E-01   5.185982E-01   5.190743E-01   5.203120E-01
   5.205897E-01   5.174872E-01   5.183950E-01   5.185643E-01   5.183274E-01
   5.181923E-01   5.180575E-01   5.179566E-01   5.179230E-01   5.179230E-01
   5.179902E-01   5.180575E-01   5.182261E-01   5.183612E-01   5.185982E-01
   5.188359E-01   5.191767E-01   5.195876E-01   5.200353E-01   5.205550E-01
   5.216400E-01   5.214991E-01   5.173870E-01   5.182598E-01   5.185304E-01
   5.182936E-01   5.182936E-01   5.182936E-01   5.183274E-01   5.184288E-01
   5.185982E-01   5.187339E-01   5.190061E-01   5.192792E-01   5.195876E-01
   5.200008E-01   5.204508E-01   5.209732E-01   5.215695E-01   5.222768E-01
   5.230622E-01   5.244373E-01   5.244738E-01   5.170871E-01   5.178894E-01
   5.182598E-01   5.181586E-01   5.182598E-01   5.183950E-01   5.185982E-01
   5.188019E-01   5.190743E-01   5.193819E-01   5.197595E-01   5.202081E-01
   5.206593E-01   5.212533E-01   5.218517E-01   5.226329E-01   5.234939E-01
   5.245103E-01   5.255768E-01   5.272601E-01   5.272223E-01   5.169874E-01
   5.179566E-01   5.184965E-01   5.185304E-01   5.187339E-01   5.190061E-01
   5.193134E-01   5.196220E-01   5.200698E-01   5.205202E-01   5.210082E-01
   5.216400E-01   5.223124E-01   5.230981E-01   5.240005E-01   5.250602E-01
   5.262459E-01   5.275631E-01   5.290950E-01   5.311700E-01   5.312096E-01
   5.172869E-01   5.182936E-01   5.189720E-01   5.191084E-01   5.194847E-01
   5.198628E-01   5.203120E-01   5.208336E-01   5.213585E-01   5.219932E-01
   5.227757E-01   5.236022E-01   5.245469E-01   5.256509E-01   5.268830E-01
   5.283254E-01   5.299109E-01   5.317669E-01   5.337881E-01   5.363646E-01
   5.364913E-01   5.180239E-01   5.189380E-01   5.197251E-01   5.200698E-01
   5.205550E-01   5.211131E-01   5.217105E-01   5.224547E-01   5.232418E-01
   5.241459E-01   5.251706E-01   5.263206E-01   5.276390E-01   5.290950E-01
   5.307744E-01   5.326905E-01   5.348175E-01   5.372129E-01   5.398538E-01
   5.430800E-01   5.433085E-01   5.192109E-01   5.198628E-01   5.208684E-01
   5.213937E-01   5.220640E-01   5.228831E-01   5.237106E-01   5.246932E-01
   5.257992E-01   5.270336E-01   5.284404E-01   5.299890E-01   5.318068E-01
   5.337472E-01   5.359856E-01   5.384582E-01   5.411834E-01   5.442290E-01
   5.476256E-01   5.515097E-01   5.518118E-01   5.208336E-01   5.212182E-01
   5.224903E-01   5.232778E-01   5.242550E-01   5.252812E-01   5.264702E-01
   5.277910E-01   5.292885E-01   5.309720E-01   5.328118E-01   5.349419E-01
   5.372982E-01   5.398099E-01   5.426700E-01   5.458165E-01   5.492764E-01
   5.530815E-01   5.571619E-01   5.618831E-01   5.623348E-01   5.230264E-01
   5.231699E-01   5.247298E-01   5.258735E-01   5.271468E-01   5.285939E-01
   5.301847E-01   5.320068E-01   5.340340E-01   5.362381E-01   5.386747E-01
   5.413622E-01   5.443216E-01   5.475775E-01   5.511086E-01   5.549941E-01
   5.592729E-01   5.639333E-01   5.689597E-01   5.745878E-01   5.751043E-01
   5.258735E-01   5.259479E-01   5.279052E-01   5.294048E-01   5.311700E-01
   5.330954E-01   5.352328E-01   5.375974E-01   5.401622E-01   5.429887E-01
   5.461469E-01   5.495218E-01   5.531838E-01   5.571619E-01   5.616019E-01
   5.663243E-01   5.714828E-01   5.770660E-01   5.831271E-01   5.898038E-01
   5.904811E-01   5.297159E-01   5.297938E-01   5.321271E-01   5.341984E-01
   5.364913E-01   5.389789E-01   5.417659E-01   5.447394E-01   5.480112E-01
   5.515600E-01   5.554130E-01   5.596020E-01   5.641062E-01   5.690204E-01
   5.742663E-01   5.800161E-01   5.861930E-01   5.928488E-01   6.002937E-01
   6.084792E-01   6.091977E-01   5.347761E-01   5.349004E-01   5.378118E-01
   5.404717E-01   5.434002E-01   5.465737E-01   5.500146E-01   5.537489E-01
   5.578063E-01   5.621651E-01   5.669169E-01   5.719829E-01   5.773968E-01
   5.832676E-01   5.896539E-01   5.965452E-01   6.040935E-01   6.123048E-01
   6.212764E-01   6.313452E-01   6.322250E-01   5.413622E-01   5.415863E-01
   5.450191E-01   5.483986E-01   5.520643E-01   5.559923E-01   5.602638E-01
   5.648591E-01   5.698137E-01   5.751043E-01   5.808363E-01   5.869195E-01
   5.934688E-01   6.006260E-01   6.083898E-01   6.168455E-01   6.259917E-01
   6.361531E-01   6.472619E-01   6.598838E-01   6.609947E-01   5.496694E-01
   5.500146E-01   5.541103E-01   5.582925E-01   5.627887E-01   5.676328E-01
   5.728645E-01   5.783960E-01   5.843991E-01   5.907836E-01   5.977529E-01
   6.052168E-01   6.133291E-01   6.220826E-01   6.315645E-01   6.419989E-01
   6.534146E-01   6.661150E-01   6.805203E-01   6.969134E-01   6.982088E-01
   5.599323E-01   5.603746E-01   5.653255E-01   5.704285E-01   5.759495E-01
   5.818017E-01   5.880929E-01   5.948774E-01   6.022189E-01   6.101025E-01
   6.185971E-01   6.278907E-01   6.378772E-01   6.487718E-01   6.608553E-01
   6.740369E-01   6.887427E-01   7.052882E-01   7.242530E-01   7.463122E-01
   7.479194E-01   5.726118E-01   5.731179E-01   5.790005E-01   5.851845E-01
   5.918493E-01   5.990566E-01   6.068798E-01   6.152161E-01   6.242264E-01
   6.341167E-01   6.447858E-01   6.564734E-01   6.693459E-01   6.835260E-01
   6.992019E-01   7.166586E-01   7.361586E-01   7.583776E-01   7.843687E-01
   8.145657E-01   8.162254E-01   5.878719E-01   5.885365E-01   5.956682E-01
   6.033226E-01   6.115658E-01   6.204759E-01   6.301461E-01   6.405698E-01
   6.521075E-01   6.646723E-01   6.786748E-01   6.940720E-01   7.112756E-01
   7.305022E-01   7.520314E-01   7.762533E-01   8.029242E-01   8.337811E-01
   8.714847E-01   9.088507E-01   9.094022E-01   6.067916E-01   6.074990E-01
   6.162677E-01   6.257826E-01   6.360391E-01   6.472619E-01   6.597457E-01
   6.734223E-01   6.885028E-01   7.054229E-01   7.244275E-01   7.457882E-01
   7.700475E-01   7.976557E-01   8.292820E-01   8.660170E-01   9.024802E-01
   9.438025E-01   1.000000E+00   1.000000E+00   1.000000E+00   6.304719E-01
   6.312357E-01   6.422387E-01   6.543377E-01   6.675738E-01   6.824075E-01
   6.988886E-01   7.174702E-01   7.384539E-01   7.623107E-01   7.897343E-01
   8.212080E-01   8.572754E-01   8.983489E-01   9.443210E-01   1.000000E+00
   1.000000E+00   1.000000E+00   1.000000E+00   1.000000E+00   1.000000E+00
   6.395090E-01   6.433238E-01   6.556683E-01   6.691974E-01   6.843044E-01
   7.011340E-01   7.201222E-01   7.416789E-01   7.662213E-01   7.945336E-01
   8.271792E-01   8.647766E-01   9.071500E-01   9.520238E-01   9.898993E-01
   1.000000E+00   1.000000E+00   1.000000E+00   1.000000E+00   1.000000E+00
   1.000000E+00   5.185982E-01   5.191767E-01   5.191767E-01   5.190402E-01
   5.189380E-01   5.188359E-01   5.186999E-01   5.185643E-01   5.184965E-01
   5.184627E-01   5.184965E-01   5.185982E-01   5.187339E-01   5.189720E-01
   5.192450E-01   5.196220E-01   5.200698E-01   5.206245E-01   5.211131E-01
   5.223835E-01   5.226329E-01   5.194847E-01   5.203814E-01   5.205550E-01
   5.203120E-01   5.201735E-01   5.200353E-01   5.199318E-01   5.199318E-01
   5.199318E-01   5.199663E-01   5.200353E-01   5.202081E-01   5.203814E-01
   5.206245E-01   5.208336E-01   5.211832E-01   5.216047E-01   5.220640E-01
   5.225972E-01   5.237106E-01   5.235661E-01   5.193819E-01   5.202428E-01
   5.205202E-01   5.202774E-01   5.202774E-01   5.202774E-01   5.203120E-01
   5.204508E-01   5.205897E-01   5.207290E-01   5.210082E-01   5.212883E-01
   5.216400E-01   5.220286E-01   5.224903E-01   5.230264E-01   5.236745E-01
   5.243643E-01   5.251706E-01   5.265826E-01   5.266201E-01   5.190743E-01
   5.198973E-01   5.202428E-01   5.201390E-01   5.202774E-01   5.203814E-01
   5.205897E-01   5.207987E-01   5.211131E-01   5.213937E-01   5.217811E-01
   5.222413E-01   5.227043E-01   5.233138E-01   5.239642E-01   5.247298E-01
   5.256509E-01   5.266576E-01   5.277910E-01   5.294825E-01   5.294825E-01
   5.189720E-01   5.199318E-01   5.204855E-01   5.205202E-01   5.207290E-01
   5.210082E-01   5.213234E-01   5.216400E-01   5.220994E-01   5.225615E-01
   5.230981E-01   5.237106E-01   5.244373E-01   5.252443E-01   5.261713E-01
   5.272223E-01   5.284404E-01   5.298328E-01   5.313684E-01   5.335430E-01
   5.335430E-01   5.192792E-01   5.202774E-01   5.209732E-01   5.211131E-01
   5.214991E-01   5.218870E-01   5.223479E-01   5.228831E-01   5.234579E-01
   5.241095E-01   5.248765E-01   5.257250E-01   5.266951E-01   5.278671E-01
   5.291336E-01   5.306167E-01   5.322475E-01   5.341162E-01   5.362381E-01
   5.388919E-01   5.389789E-01   5.200353E-01   5.209383E-01   5.217458E-01
   5.220994E-01   5.225972E-01   5.231699E-01   5.238192E-01   5.245469E-01
   5.253550E-01   5.262833E-01   5.273357E-01   5.285171E-01   5.299109E-01
   5.314082E-01   5.331360E-01   5.351080E-01   5.372982E-01   5.397659E-01
   5.424884E-01   5.458165E-01   5.460524E-01   5.212533E-01   5.218870E-01
   5.229189E-01   5.234939E-01   5.241822E-01   5.249867E-01   5.258735E-01
   5.268454E-01   5.280196E-01   5.292885E-01   5.307350E-01   5.323279E-01
   5.341573E-01   5.361960E-01   5.385014E-01   5.410941E-01   5.439057E-01
   5.470502E-01   5.505102E-01   5.545251E-01   5.548897E-01   5.229189E-01
   5.232778E-01   5.246200E-01   5.254289E-01   5.263954E-01   5.274872E-01
   5.286708E-01   5.300672E-01   5.316073E-01   5.333392E-01   5.352328E-01
   5.374263E-01   5.398538E-01   5.424431E-01   5.454403E-01   5.486415E-01
   5.522668E-01   5.561509E-01   5.604300E-01   5.653255E-01   5.657355E-01
   5.251706E-01   5.253181E-01   5.269206E-01   5.280578E-01   5.294048E-01
   5.308929E-01   5.325292E-01   5.344042E-01   5.364913E-01   5.387615E-01
   5.412727E-01   5.440441E-01   5.471459E-01   5.505102E-01   5.541620E-01
   5.581842E-01   5.625615E-01   5.673936E-01   5.726118E-01   5.784630E-01
   5.790005E-01   5.280960E-01   5.281724E-01   5.301455E-01   5.317269E-01
   5.335022E-01   5.355248E-01   5.377259E-01   5.401622E-01   5.428064E-01
   5.457694E-01   5.489828E-01   5.524698E-01   5.562568E-01   5.604300E-01
   5.649755E-01   5.699364E-01   5.752339E-01   5.810424E-01   5.874312E-01
   5.944057E-01   5.950351E-01   5.320469E-01   5.321271E-01   5.345280E-01
   5.366605E-01   5.390224E-01   5.416311E-01   5.444606E-01   5.475775E-01
   5.509586E-01   5.545771E-01   5.585638E-01   5.629595E-01   5.676328E-01
   5.726749E-01   5.781954E-01   5.841151E-01   5.905566E-01   5.975911E-01
   6.053906E-01   6.139859E-01   6.147413E-01   5.372982E-01   5.373835E-01
   5.403832E-01   5.431256E-01   5.461469E-01   5.494236E-01   5.529792E-01
   5.568414E-01   5.610420E-01   5.656182E-01   5.704902E-01   5.757538E-01
   5.814558E-01   5.875779E-01   5.941707E-01   6.014614E-01   6.092878E-01
   6.179127E-01   6.274660E-01   6.381090E-01   6.390405E-01   5.440441E-01
   5.442753E-01   5.478664E-01   5.513089E-01   5.550987E-01   5.591634E-01
   5.636458E-01   5.684146E-01   5.735629E-01   5.790679E-01   5.849697E-01
   5.913912E-01   5.982399E-01   6.057392E-01   6.138919E-01   6.226910E-01
   6.324460E-01   6.430818E-01   6.550012E-01   6.684569E-01   6.696436E-01
   5.526223E-01   5.529792E-01   5.572154E-01   5.615457E-01   5.662653E-01
   5.712959E-01   5.766705E-01   5.824971E-01   5.886848E-01   5.954303E-01
   6.026421E-01   6.105577E-01   6.189900E-01   6.282102E-01   6.383412E-01
   6.492792E-01   6.615537E-01   6.751194E-01   6.905547E-01   7.082419E-01
   7.096223E-01   5.633020E-01   5.637032E-01   5.688989E-01   5.742022E-01
   5.798801E-01   5.859760E-01   5.926173E-01   5.997146E-01   6.074103E-01
   6.156929E-01   6.246393E-01   6.344537E-01   6.450312E-01   6.566080E-01
   6.694947E-01   6.836086E-01   6.994051E-01   7.173034E-01   7.379067E-01
   7.620092E-01   7.637429E-01   5.764077E-01   5.769340E-01   5.831271E-01
   5.895790E-01   5.965452E-01   6.040935E-01   6.122122E-01   6.210758E-01
   6.305807E-01   6.410443E-01   6.523679E-01   6.648159E-01   6.785792E-01
   6.937874E-01   7.106959E-01   7.296425E-01   7.508720E-01   7.752485E-01
   8.038442E-01   8.372528E-01   8.390879E-01   5.923863E-01   5.930809E-01
   6.005428E-01   6.085688E-01   6.172324E-01   6.265160E-01   6.367251E-01
   6.478888E-01   6.601606E-01   6.735757E-01   6.885713E-01   7.051535E-01
   7.237958E-01   7.446956E-01   7.682802E-01   7.949253E-01   8.243803E-01
   8.584826E-01   8.998197E-01   9.395480E-01   9.401707E-01   6.122122E-01
   6.129555E-01   6.221838E-01   6.322250E-01   6.430818E-01   6.550012E-01
   6.681619E-01   6.828670E-01   6.991650E-01   7.174493E-01   7.380731E-01
   7.614351E-01   7.880552E-01   8.185560E-01   8.535163E-01   8.938721E-01
   9.326513E-01   9.735883E-01   1.000000E+00   1.000000E+00   1.000000E+00
   6.370695E-01   6.379930E-01   6.496611E-01   6.625379E-01   6.767282E-01
   6.925841E-01   7.103571E-01   7.305022E-01   7.534070E-01   7.795418E-01
   8.097679E-01   8.445550E-01   8.843220E-01   9.286184E-01   9.745086E-01
   1.000000E+00   1.000000E+00   1.000000E+00   1.000000E+00   1.000000E+00
   1.000000E+00   6.467627E-01   6.508140E-01   6.639569E-01   6.784359E-01
   6.946250E-01   7.127855E-01   7.334094E-01   7.569086E-01   7.838743E-01
   8.151055E-01   8.511939E-01   8.924716E-01   9.378355E-01   9.813381E-01
   1.000000E+00   1.000000E+00   1.000000E+00   1.000000E+00   1.000000E+00
   1.000000E+00   1.000000E+00   5.224191E-01   5.229905E-01   5.229905E-01
   5.228473E-01   5.227400E-01   5.226329E-01   5.224903E-01   5.223835E-01
   5.222768E-01   5.222413E-01   5.222768E-01   5.223835E-01   5.225259E-01
   5.227757E-01   5.230622E-01   5.234579E-01   5.239280E-01   5.245103E-01
   5.250602E-01   5.263954E-01   5.266201E-01   5.233138E-01   5.242186E-01
   5.244008E-01   5.241459E-01   5.239642E-01   5.238192E-01   5.237106E-01
   5.236745E-01   5.236745E-01   5.237468E-01   5.238192E-01   5.240005E-01
   5.241822E-01   5.244373E-01   5.246932E-01   5.250234E-01   5.255028E-01
   5.259851E-01   5.265451E-01   5.277530E-01   5.275251E-01   5.232059E-01
   5.240732E-01   5.243279E-01   5.240732E-01   5.240732E-01   5.240732E-01
   5.241095E-01   5.242186E-01   5.244008E-01   5.245469E-01   5.248398E-01
   5.251338E-01   5.255028E-01   5.259107E-01   5.264328E-01   5.269960E-01
   5.276770E-01   5.284404E-01   5.293273E-01   5.307744E-01   5.307744E-01
   5.228831E-01   5.236383E-01   5.240368E-01   5.239280E-01   5.240368E-01
   5.241822E-01   5.244008E-01   5.246200E-01   5.249499E-01   5.252812E-01
   5.256879E-01   5.261340E-01   5.266576E-01   5.272979E-01   5.279815E-01
   5.288248E-01   5.297938E-01   5.308929E-01   5.320870E-01   5.339110E-01
   5.338291E-01   5.227757E-01   5.236745E-01   5.242914E-01   5.243279E-01
   5.245469E-01   5.248398E-01   5.251706E-01   5.255398E-01   5.259851E-01
   5.265076E-01   5.270713E-01   5.277150E-01   5.284787E-01   5.293660E-01
   5.303415E-01   5.314878E-01   5.328118E-01   5.342807E-01   5.359436E-01
   5.382421E-01   5.381990E-01   5.230981E-01   5.240732E-01   5.248031E-01
   5.249499E-01   5.253919E-01   5.257621E-01   5.262833E-01   5.268454E-01
   5.274493E-01   5.281342E-01   5.289791E-01   5.299109E-01   5.309324E-01
   5.321672E-01   5.335430E-01   5.351080E-01   5.368725E-01   5.388919E-01
   5.410941E-01   5.439980E-01   5.440441E-01   5.238917E-01   5.247665E-01
   5.256509E-01   5.260223E-01   5.265451E-01   5.271845E-01   5.278291E-01
   5.286324E-01   5.294825E-01   5.304987E-01   5.316073E-01   5.328927E-01
   5.343630E-01   5.359856E-01   5.378118E-01   5.399418E-01   5.422620E-01
   5.449258E-01   5.478664E-01   5.514093E-01   5.515600E-01   5.251706E-01
   5.257992E-01   5.268830E-01   5.274872E-01   5.282106E-01   5.290950E-01
   5.300281E-01   5.310907E-01   5.323279E-01   5.336655E-01   5.352328E-01
   5.369575E-01   5.389354E-01   5.410941E-01   5.435377E-01   5.462890E-01
   5.493254E-01   5.526732E-01   5.564158E-01   5.607633E-01   5.610420E-01
   5.269583E-01   5.272979E-01   5.286708E-01   5.295602E-01   5.306167E-01
   5.317669E-01   5.330548E-01   5.345280E-01   5.361960E-01   5.380267E-01
   5.400740E-01   5.423978E-01   5.449724E-01   5.478182E-01   5.509586E-01
   5.544732E-01   5.582925E-01   5.625047E-01   5.670954E-01   5.723598E-01
   5.728013E-01   5.293660E-01   5.294436E-01   5.311700E-01   5.324083E-01
   5.337881E-01   5.353995E-01   5.371702E-01   5.391531E-01   5.413622E-01
   5.438136E-01   5.465261E-01   5.494727E-01   5.527751E-01   5.564158E-01
   5.603746E-01   5.646848E-01   5.694468E-01   5.746522E-01   5.803570E-01
   5.867010E-01   5.872116E-01   5.324889E-01   5.325292E-01   5.346106E-01
   5.363224E-01   5.381990E-01   5.403389E-01   5.427155E-01   5.452997E-01
   5.481563E-01   5.513089E-01   5.547854E-01   5.585638E-01   5.626182E-01
   5.670954E-01   5.720456E-01   5.773968E-01   5.831973E-01   5.895042E-01
   5.963852E-01   6.040935E-01   6.047833E-01   5.367029E-01   5.367453E-01
   5.393278E-01   5.415414E-01   5.440903E-01   5.468593E-01   5.499158E-01
   5.532863E-01   5.568947E-01   5.608190E-01   5.651504E-01   5.698137E-01
   5.749103E-01   5.804254E-01   5.863379E-01   5.928488E-01   5.999624E-01
   6.075878E-01   6.161717E-01   6.256782E-01   6.265160E-01   5.423072E-01
   5.423525E-01   5.455342E-01   5.484957E-01   5.517614E-01   5.553081E-01
   5.591088E-01   5.632448E-01   5.677527E-01   5.726749E-01   5.779951E-01
   5.836904E-01   5.899539E-01   5.966252E-01   6.039217E-01   6.118423E-01
   6.205757E-01   6.301461E-01   6.408068E-01   6.527594E-01   6.536777E-01
   5.495218E-01   5.497679E-01   5.535944E-01   5.572690E-01   5.613775E-01
   5.657355E-01   5.705519E-01   5.757538E-01   5.813178E-01   5.872848E-01
   5.937802E-01   6.007925E-01   6.083003E-01   6.166526E-01   6.256782E-01
   6.354704E-01   6.463896E-01   6.585087E-01   6.720496E-01   6.874116E-01
   6.886741E-01   5.587270E-01   5.591088E-01   5.636458E-01   5.683543E-01
   5.733719E-01   5.788658E-01   5.846840E-01   5.910110E-01   5.978339E-01
   6.052168E-01   6.132356E-01   6.218805E-01   6.313452E-01   6.416400E-01
   6.530211E-01   6.655360E-01   6.793779E-01   6.950726E-01   7.129879E-01
   7.337331E-01   7.353616E-01   5.702437E-01   5.706755E-01   5.762766E-01
   5.820098E-01   5.882406E-01   5.948774E-01   6.021344E-01   6.099209E-01
   6.184011E-01   6.275720E-01   6.376459E-01   6.486452E-01   6.605770E-01
   6.737292E-01   6.884857E-01   7.049039E-01   7.233616E-01   7.444730E-01
   7.690762E-01   7.981531E-01   8.002560E-01   5.844703E-01   5.850412E-01
   5.916964E-01   5.988109E-01   6.064397E-01   6.147413E-01   6.238149E-01
   6.335572E-01   6.442965E-01   6.560702E-01   6.689007E-01   6.831632E-01
   6.990544E-01   7.167624E-01   7.366528E-01   7.591841E-01   7.846784E-01
   8.142424E-01   8.492257E-01   8.897821E-01   8.919899E-01   6.019658E-01
   6.025573E-01   6.108317E-01   6.196810E-01   6.292818E-01   6.397439E-01
   6.512006E-01   6.638143E-01   6.777692E-01   6.933084E-01   7.106560E-01
   7.300944E-01   7.521865E-01   7.772338E-01   8.057655E-01   8.382883E-01
   8.742112E-01   9.151013E-01   9.610588E-01   9.952182E-01   9.955697E-01
   6.237123E-01   6.245359E-01   6.349045E-01   6.460176E-01   6.583720E-01
   6.718979E-01   6.870723E-01   7.040238E-01   7.230368E-01   7.446214E-01
   7.692757E-01   7.974901E-01   8.298974E-01   8.671737E-01   9.093018E-01
   9.549005E-01   9.903351E-01   1.000000E+00   1.000000E+00   1.000000E+00
   1.000000E+00   6.515885E-01   6.526287E-01   6.658252E-01   6.804557E-01
   6.968771E-01   7.153359E-01   7.362056E-01   7.601840E-01   7.877085E-01
   8.195099E-01   8.564164E-01   8.985937E-01   9.445803E-01   9.875992E-01
   1.000000E+00   1.000000E+00   1.000000E+00   1.000000E+00   1.000000E+00
   1.000000E+00   1.000000E+00   6.625379E-01   6.671344E-01   6.821130E-01
   6.988149E-01   7.176581E-01   7.390508E-01   7.636047E-01   7.919422E-01
   8.247189E-01   8.628822E-01   9.064515E-01   9.534125E-01   9.941610E-01
   1.000000E+00   1.000000E+00   1.000000E+00   1.000000E+00   1.000000E+00
   1.000000E+00   1.000000E+00   1.000000E+00   5.278291E-01   5.283637E-01
   5.284020E-01   5.282489E-01   5.281342E-01   5.279815E-01   5.278291E-01
   5.276770E-01   5.276010E-01   5.275251E-01   5.275631E-01   5.276770E-01
   5.278291E-01   5.280960E-01   5.284020E-01   5.288633E-01   5.294048E-01
   5.300281E-01   5.306561E-01   5.320870E-01   5.322475E-01   5.287093E-01
   5.295602E-01   5.297548E-01   5.294436E-01   5.292498E-01   5.290950E-01
   5.289791E-01   5.289405E-01   5.289019E-01   5.289791E-01   5.290563E-01
   5.292498E-01   5.294436E-01   5.297548E-01   5.300281E-01   5.304594E-01
   5.309720E-01   5.315276E-01   5.321672E-01   5.335022E-01   5.331360E-01
   5.285939E-01   5.293660E-01   5.296769E-01   5.293660E-01   5.293273E-01
   5.293273E-01   5.293660E-01   5.294825E-01   5.296769E-01   5.298718E-01
   5.301847E-01   5.304987E-01   5.309324E-01   5.314082E-01   5.319668E-01
   5.326098E-01   5.333799E-01   5.342395E-01   5.352328E-01   5.368725E-01
   5.367453E-01   5.282489E-01   5.289019E-01   5.293273E-01   5.291723E-01
   5.292885E-01   5.294436E-01   5.296769E-01   5.299109E-01   5.303023E-01
   5.306561E-01   5.311303E-01   5.316471E-01   5.322475E-01   5.329737E-01
   5.337472E-01   5.346933E-01   5.357759E-01   5.370000E-01   5.383717E-01
   5.403832E-01   5.402064E-01   5.280960E-01   5.289019E-01   5.295602E-01
   5.295991E-01   5.298328E-01   5.301847E-01   5.305380E-01   5.309720E-01
   5.314878E-01   5.320469E-01   5.326905E-01   5.334614E-01   5.343218E-01
   5.352745E-01   5.364068E-01   5.376831E-01   5.391968E-01   5.408268E-01
   5.427155E-01   5.452529E-01   5.451126E-01   5.284020E-01   5.293273E-01
   5.301063E-01   5.303023E-01   5.307744E-01   5.312096E-01   5.318068E-01
   5.324486E-01   5.331360E-01   5.339110E-01   5.348590E-01   5.359017E-01
   5.370851E-01   5.384582E-01   5.399859E-01   5.417659E-01   5.437215E-01
   5.460052E-01   5.484957E-01   5.517110E-01   5.516606E-01   5.292885E-01
   5.301063E-01   5.310907E-01   5.314878E-01   5.320870E-01   5.328118E-01
   5.335430E-01   5.344455E-01   5.354413E-01   5.365336E-01   5.378118E-01
   5.392841E-01   5.409158E-01   5.427155E-01   5.447860E-01   5.471937E-01
   5.498172E-01   5.527751E-01   5.560451E-01   5.600427E-01   5.601532E-01
   5.307350E-01   5.312493E-01   5.324889E-01   5.331766E-01   5.339930E-01
   5.349834E-01   5.360277E-01   5.372555E-01   5.386314E-01   5.401622E-01
   5.419009E-01   5.438596E-01   5.460524E-01   5.484957E-01   5.512588E-01
   5.543175E-01   5.577524E-01   5.615457E-01   5.657355E-01   5.705519E-01
   5.708612E-01   5.327309E-01   5.329737E-01   5.345280E-01   5.354830E-01
   5.366605E-01   5.379837E-01   5.394590E-01   5.410941E-01   5.429431E-01
   5.450191E-01   5.473374E-01   5.499652E-01   5.528771E-01   5.560451E-01
   5.596020E-01   5.634738E-01   5.678127E-01   5.725487E-01   5.777953E-01
   5.837611E-01   5.841860E-01   5.353995E-01   5.354413E-01   5.372982E-01
   5.387181E-01   5.402947E-01   5.420813E-01   5.440903E-01   5.462890E-01
   5.487876E-01   5.515600E-01   5.545771E-01   5.579141E-01   5.616580E-01
   5.656768E-01   5.701206E-01   5.750396E-01   5.804254E-01   5.863379E-01
   5.928488E-01   6.000451E-01   6.006260E-01   5.389789E-01   5.388919E-01
   5.412280E-01   5.431256E-01   5.452529E-01   5.476737E-01   5.503116E-01
   5.532350E-01   5.564158E-01   5.599875E-01   5.638757E-01   5.681132E-01
   5.727381E-01   5.777953E-01   5.833380E-01   5.894294E-01   5.960659E-01
   6.033226E-01   6.113818E-01   6.202767E-01   6.209756E-01   5.436756E-01
   5.435837E-01   5.464787E-01   5.489828E-01   5.518622E-01   5.549419E-01
   5.584009E-01   5.621087E-01   5.662063E-01   5.706755E-01   5.754935E-01
   5.808363E-01   5.866283E-01   5.929261E-01   5.997146E-01   6.072332E-01
   6.154066E-01   6.244327E-01   6.344537E-01   6.457703E-01   6.466382E-01
   5.499652E-01   5.499158E-01   5.534916E-01   5.567881E-01   5.604300E-01
   5.643951E-01   5.687170E-01   5.733719E-01   5.785300E-01   5.841151E-01
   5.901795E-01   5.967054E-01   6.038359E-01   6.115658E-01   6.199784E-01
   6.293895E-01   6.396264E-01   6.510716E-01   6.638143E-01   6.783245E-01
   6.795222E-01   5.580761E-01   5.582384E-01   5.624481E-01   5.666794E-01
   5.712337E-01   5.762111E-01   5.816632E-01   5.875045E-01   5.939362E-01
   6.007925E-01   6.083003E-01   6.163638E-01   6.252615E-01   6.349045E-01
   6.456468E-01   6.574191E-01   6.705408E-01   6.853715E-01   7.021286E-01
   7.214655E-01   7.230368E-01   5.684146E-01   5.687170E-01   5.738181E-01
   5.791353E-01   5.848982E-01   5.910869E-01   5.978339E-01   6.050432E-01
   6.129555E-01   6.215781E-01   6.309078E-01   6.412822E-01   6.524982E-01
   6.649596E-01   6.786907E-01   6.940542E-01   7.113758E-01   7.312298E-01
   7.542692E-01   7.813603E-01   7.834735E-01   5.813868E-01   5.818017E-01
   5.880929E-01   5.947199E-01   6.017974E-01   6.095587E-01   6.179127E-01
   6.270428E-01   6.370695E-01   6.480145E-01   6.600222E-01   6.732691E-01
   6.879902E-01   7.043484E-01   7.228422E-01   7.438070E-01   7.677703E-01
   7.956126E-01   8.285151E-01   8.677091E-01   8.705363E-01   5.975911E-01
   5.981586E-01   6.058265E-01   6.140801E-01   6.228946E-01   6.326674E-01
   6.434450E-01   6.551344E-01   6.680146E-01   6.823584E-01   6.982638E-01
   7.160992E-01   7.362996E-01   7.591572E-01   7.852371E-01   8.152136E-01
   8.496014E-01   8.893517E-01   9.346718E-01   9.800292E-01   9.820797E-01
   6.177179E-01   6.184990E-01   6.281036E-01   6.385738E-01   6.499164E-01
   6.625379E-01   6.765241E-01   6.919687E-01   7.092859E-01   7.289446E-01
   7.512061E-01   7.765795E-01   8.058690E-01   8.395288E-01   8.779769E-01
   9.208567E-01   9.641136E-01   9.985331E-01   1.000000E+00   1.000000E+00
   1.000000E+00   6.434450E-01   6.442965E-01   6.566080E-01   6.700914E-01
   6.852042E-01   7.019968E-01   7.209951E-01   7.426295E-01   7.672901E-01
   7.957766E-01   8.287832E-01   8.668173E-01   9.100045E-01   9.561800E-01
   9.955001E-01   1.000000E+00   1.000000E+00   1.000000E+00   1.000000E+00
   1.000000E+00   1.000000E+00   6.769483E-01   6.780863E-01   6.943750E-01
   7.126035E-01   7.334094E-01   7.571748E-01   7.845544E-01   8.164791E-01
   8.535588E-01   8.962501E-01   9.434914E-01   9.877758E-01   1.000000E+00
   1.000000E+00   1.000000E+00   1.000000E+00   1.000000E+00   1.000000E+00
   1.000000E+00   1.000000E+00   1.000000E+00   6.902597E-01   6.959359E-01
   7.146175E-01   7.358299E-01   7.601569E-01   7.882446E-01   8.210228E-01
   8.592182E-01   9.031231E-01   9.511481E-01   9.936707E-01   1.000000E+00
   1.000000E+00   1.000000E+00   1.000000E+00   1.000000E+00   1.000000E+00
   1.000000E+00   1.000000E+00   1.000000E+00   1.000000E+00   5.344042E-01
   5.349419E-01   5.349834E-01   5.348175E-01   5.346933E-01   5.345280E-01
   5.343630E-01   5.341573E-01   5.340340E-01   5.339520E-01   5.339520E-01
   5.340340E-01   5.342395E-01   5.345280E-01   5.349004E-01   5.354413E-01
   5.360697E-01   5.368301E-01   5.375546E-01   5.392404E-01   5.392841E-01
   5.353162E-01   5.360697E-01   5.362802E-01   5.359436E-01   5.356502E-01
   5.354830E-01   5.352745E-01   5.352328E-01   5.351912E-01   5.352328E-01
   5.353162E-01   5.355248E-01   5.358178E-01   5.361539E-01   5.365336E-01
   5.370425E-01   5.376831E-01   5.383717E-01   5.391968E-01   5.406935E-01
   5.402064E-01   5.351912E-01   5.358178E-01   5.361118E-01   5.357759E-01
   5.356921E-01   5.356921E-01   5.356921E-01   5.358178E-01   5.360277E-01
   5.362381E-01   5.366182E-01   5.370425E-01   5.375118E-01   5.381128E-01
   5.388049E-01   5.395904E-01   5.405160E-01   5.415863E-01   5.427609E-01
   5.446929E-01   5.444143E-01   5.347761E-01   5.351912E-01   5.356502E-01
   5.354830E-01   5.356084E-01   5.357759E-01   5.360277E-01   5.363224E-01
   5.367453E-01   5.372129E-01   5.377688E-01   5.384149E-01   5.391531E-01
   5.400299E-01   5.410049E-01   5.421264E-01   5.434460E-01   5.449258E-01
   5.465737E-01   5.489340E-01   5.485929E-01   5.345280E-01   5.351496E-01
   5.359017E-01   5.359436E-01   5.362381E-01   5.366605E-01   5.370425E-01
   5.375546E-01   5.381990E-01   5.388919E-01   5.396781E-01   5.406047E-01
   5.416311E-01   5.428520E-01   5.441827E-01   5.457694E-01   5.475294E-01
   5.495218E-01   5.518118E-01   5.547854E-01   5.544732E-01   5.348590E-01
   5.356084E-01   5.365336E-01   5.367877E-01   5.373408E-01   5.378977E-01
   5.385880E-01   5.393715E-01   5.402064E-01   5.411834E-01   5.423072E-01
   5.435837E-01   5.450191E-01   5.466688E-01   5.484957E-01   5.506594E-01
   5.530303E-01   5.557285E-01   5.587270E-01   5.624481E-01   5.622782E-01
   5.358597E-01   5.365759E-01   5.376831E-01   5.381990E-01   5.389354E-01
   5.398099E-01   5.407379E-01   5.418109E-01   5.429887E-01   5.443679E-01
   5.459108E-01   5.476256E-01   5.496201E-01   5.518118E-01   5.543175E-01
   5.571619E-01   5.602638E-01   5.638182E-01   5.676927E-01   5.723598E-01
   5.723598E-01   5.375546E-01   5.380267E-01   5.394152E-01   5.402505E-01
   5.412727E-01   5.424431E-01   5.437215E-01   5.452061E-01   5.468593E-01
   5.486902E-01   5.508089E-01   5.531326E-01   5.557812E-01   5.586725E-01
   5.619958E-01   5.656768E-01   5.696913E-01   5.742022E-01   5.792028E-01
   5.848982E-01   5.851845E-01   5.399418E-01   5.400740E-01   5.418559E-01
   5.430800E-01   5.445070E-01   5.460997E-01   5.478664E-01   5.498665E-01
   5.520643E-01   5.545251E-01   5.573226E-01   5.604300E-01   5.638757E-01
   5.676927E-01   5.719203E-01   5.765390E-01   5.817324E-01   5.874312E-01
   5.936244E-01   6.007925E-01   6.012101E-01   5.432170E-01   5.430800E-01
   5.452529E-01   5.469547E-01   5.488852E-01   5.510086E-01   5.533889E-01
   5.560451E-01   5.589995E-01   5.622782E-01   5.659118E-01   5.699364E-01
   5.743305E-01   5.792028E-01   5.845415E-01   5.904056E-01   5.968659E-01
   6.040075E-01   6.118423E-01   6.207754E-01   6.213769E-01   5.474814E-01
   5.472416E-01   5.499652E-01   5.522161E-01   5.547854E-01   5.576447E-01
   5.608190E-01   5.642794E-01   5.681132E-01   5.723598E-01   5.770000E-01
   5.820098E-01   5.875779E-01   5.936244E-01   6.003766E-01   6.077655E-01
   6.158842E-01   6.248463E-01   6.347916E-01   6.458939E-01   6.467627E-01
   5.531326E-01   5.529281E-01   5.562568E-01   5.592729E-01   5.626750E-01
   5.663834E-01   5.704285E-01   5.749103E-01   5.798122E-01   5.851128E-01
   5.909351E-01   5.973488E-01   6.043516E-01   6.120271E-01   6.203762E-01
   6.296052E-01   6.398616E-01   6.512006E-01   6.639569E-01   6.785632E-01
   6.797309E-01   5.605965E-01   5.604300E-01   5.645688E-01   5.685355E-01
   5.728645E-01   5.775959E-01   5.827066E-01   5.883145E-01   5.944842E-01
   6.012101E-01   6.085688E-01   6.166526E-01   6.253655E-01   6.350175E-01
   6.456468E-01   6.574191E-01   6.706909E-01   6.856060E-01   7.025434E-01
   7.220448E-01   7.236437E-01   5.701821E-01   5.702437E-01   5.752987E-01
   5.802888E-01   5.857595E-01   5.916964E-01   5.982399E-01   6.053906E-01
   6.131422E-01   6.215781E-01   6.309078E-01   6.410443E-01   6.522376E-01
   6.646723E-01   6.785314E-01   6.940542E-01   7.116366E-01   7.317776E-01
   7.550831E-01   7.825518E-01   7.847714E-01   5.824971E-01   5.827766E-01
   5.888333E-01   5.951930E-01   6.021344E-01   6.096491E-01   6.179127E-01
   6.269373E-01   6.367251E-01   6.475123E-01   6.594697E-01   6.726579E-01
   6.874455E-01   7.039475E-01   7.225831E-01   7.437824E-01   7.681668E-01
   7.967304E-01   8.305531E-01   8.708070E-01   8.739374E-01   5.979961E-01
   5.984843E-01   6.060889E-01   6.140801E-01   6.227928E-01   6.324460E-01
   6.428404E-01   6.544701E-01   6.672807E-01   6.815095E-01   6.973682E-01
   7.151920E-01   7.353382E-01   7.582167E-01   7.845854E-01   8.151055E-01
   8.506061E-01   8.919418E-01   9.388733E-01   9.853693E-01   9.879477E-01
   6.177179E-01   6.184011E-01   6.277843E-01   6.379930E-01   6.491521E-01
   6.616938E-01   6.754303E-01   6.908503E-01   7.080850E-01   7.275358E-01
   7.495930E-01   7.748658E-01   8.040834E-01   8.377700E-01   8.765939E-01
   9.203453E-01   9.658817E-01   9.998482E-01   1.000000E+00   1.000000E+00
   1.000000E+00   6.427198E-01   6.436877E-01   6.558021E-01   6.691974E-01
   6.840058E-01   7.006672E-01   7.194655E-01   7.407579E-01   7.651032E-01
   7.933308E-01   8.259646E-01   8.636737E-01   9.069004E-01   9.534125E-01
   9.939504E-01   1.000000E+00   1.000000E+00   1.000000E+00   1.000000E+00
   1.000000E+00   1.000000E+00   6.755860E-01   6.766967E-01   6.928133E-01
   7.108955E-01   7.313893E-01   7.547939E-01   7.818177E-01   8.132756E-01
   8.498104E-01   8.921343E-01   9.391847E-01   9.845087E-01   1.000000E+00
   1.000000E+00   1.000000E+00   1.000000E+00   1.000000E+00   1.000000E+00
   1.000000E+00   1.000000E+00   1.000000E+00   7.199949E-01   7.215726E-01
   7.439794E-01   7.696469E-01   7.996529E-01   8.346443E-01   8.754002E-01
   9.219830E-01   9.704584E-01   1.000000E+00   1.000000E+00   1.000000E+00
   1.000000E+00   1.000000E+00   1.000000E+00   1.000000E+00   1.000000E+00
   1.000000E+00   1.000000E+00   1.000000E+00   1.000000E+00   7.382634E-01
   7.461624E-01   7.724698E-01   8.031283E-01   8.390479E-01   8.808542E-01
   9.284120E-01   9.767399E-01   1.000000E+00   1.000000E+00   1.000000E+00
   1.000000E+00   1.000000E+00   1.000000E+00   1.000000E+00   1.000000E+00
   1.000000E+00   1.000000E+00   1.000000E+00   1.000000E+00   1.000000E+00
   5.417659E-01   5.423525E-01   5.423978E-01   5.422168E-01   5.420813E-01
   5.419009E-01   5.416311E-01   5.414070E-01   5.411834E-01   5.410495E-01
   5.410049E-01   5.410941E-01   5.413174E-01   5.416761E-01   5.421264E-01
   5.428064E-01   5.436296E-01   5.445999E-01   5.455812E-01   5.475775E-01
   5.475294E-01   5.427609E-01   5.434460E-01   5.436296E-01   5.432170E-01
   5.428064E-01   5.425338E-01   5.422620E-01   5.421264E-01   5.420362E-01
   5.420813E-01   5.422168E-01   5.424431E-01   5.428064E-01   5.432628E-01
   5.438136E-01   5.444606E-01   5.453466E-01   5.462890E-01   5.473854E-01
   5.492274E-01   5.486415E-01   5.426246E-01   5.430343E-01   5.433543E-01
   5.428975E-01   5.427155E-01   5.426700E-01   5.426700E-01   5.427609E-01
   5.429887E-01   5.433085E-01   5.437675E-01   5.443216E-01   5.449724E-01
   5.457223E-01   5.466688E-01   5.477218E-01   5.489340E-01   5.503612E-01
   5.519632E-01   5.543175E-01   5.539036E-01   5.420813E-01   5.421716E-01
   5.426700E-01   5.424431E-01   5.425338E-01   5.427609E-01   5.430343E-01
   5.434460E-01   5.439518E-01   5.445535E-01   5.452997E-01   5.461943E-01
   5.471459E-01   5.483016E-01   5.496201E-01   5.511086E-01   5.528771E-01
   5.547854E-01   5.570015E-01   5.598772E-01   5.593825E-01   5.416761E-01
   5.419911E-01   5.428064E-01   5.428975E-01   5.432628E-01   5.437675E-01
   5.443216E-01   5.450191E-01   5.458636E-01   5.467640E-01   5.478182E-01
   5.490317E-01   5.504605E-01   5.520137E-01   5.538520E-01   5.558867E-01
   5.581842E-01   5.607633E-01   5.637032E-01   5.673936E-01   5.669763E-01
   5.419911E-01   5.425338E-01   5.436756E-01   5.439980E-01   5.447394E-01
   5.454403E-01   5.463363E-01   5.473854E-01   5.484957E-01   5.498172E-01
   5.513089E-01   5.529792E-01   5.548897E-01   5.570549E-01   5.594922E-01
   5.622216E-01   5.652671E-01   5.687776E-01   5.726118E-01   5.771982E-01
   5.769340E-01   5.432170E-01   5.437675E-01   5.451593E-01   5.458636E-01
   5.468593E-01   5.479629E-01   5.491784E-01   5.506097E-01   5.522161E-01
   5.540069E-01   5.560451E-01   5.582925E-01   5.608747E-01   5.637607E-01
   5.669169E-01   5.705519E-01   5.745878E-01   5.790679E-01   5.841151E-01
   5.898788E-01   5.898788E-01   5.453466E-01   5.457223E-01   5.474814E-01
   5.485929E-01   5.499158E-01   5.514595E-01   5.531838E-01   5.550987E-01
   5.572690E-01   5.596570E-01   5.623914E-01   5.654425E-01   5.688383E-01
   5.726118E-01   5.768022E-01   5.814558E-01   5.866283E-01   5.923863E-01
   5.988109E-01   6.060889E-01   6.063519E-01   5.484957E-01   5.485443E-01
   5.507092E-01   5.523175E-01   5.541620E-01   5.562568E-01   5.585638E-01
   5.611537E-01   5.640485E-01   5.672145E-01   5.707993E-01   5.747811E-01
   5.792028E-01   5.840442E-01   5.895042E-01   5.954303E-01   6.020501E-01
   6.093780E-01   6.174264E-01   6.266212E-01   6.271484E-01   5.527241E-01
   5.525206E-01   5.552033E-01   5.574298E-01   5.598772E-01   5.626750E-01
   5.657355E-01   5.691420E-01   5.729278E-01   5.771321E-01   5.818017E-01
   5.869195E-01   5.925403E-01   5.988109E-01   6.056519E-01   6.132356E-01
   6.215781E-01   6.310170E-01   6.414014E-01   6.532833E-01   6.540733E-01
   5.582925E-01   5.579681E-01   5.612655E-01   5.642216E-01   5.675131E-01
   5.711715E-01   5.752339E-01   5.796764E-01   5.845415E-01   5.899539E-01
   5.959067E-01   6.023879E-01   6.095587E-01   6.174264E-01   6.263060E-01
   6.360391E-01   6.467627E-01   6.589197E-01   6.725056E-01   6.879902E-01
   6.892236E-01   5.656182E-01   5.652671E-01   5.693857E-01   5.732448E-01
   5.775295E-01   5.822880E-01   5.875045E-01   5.932359E-01   5.994674E-01
   6.063519E-01   6.138919E-01   6.221838E-01   6.314548E-01   6.416400E-01
   6.528902E-01   6.653917E-01   6.796024E-01   6.955576E-01   7.139839E-01
   7.352915E-01   7.370539E-01   5.751043E-01   5.749103E-01   5.799481E-01
   5.850412E-01   5.905566E-01   5.966252E-01   6.032373E-01   6.104665E-01
   6.184990E-01   6.272542E-01   6.370695E-01   6.477631E-01   6.596076E-01
   6.729631E-01   6.877346E-01   7.045206E-01   7.237958E-01   7.459877E-01
   7.718612E-01   8.024488E-01   8.050429E-01   5.873580E-01   5.873580E-01
   5.936244E-01   6.000451E-01   6.071448E-01   6.148361E-01   6.233027E-01
   6.327782E-01   6.430818E-01   6.544701E-01   6.671344E-01   6.811844E-01
   6.969316E-01   7.149045E-01   7.353382E-01   7.587804E-01   7.860469E-01
   8.181171E-01   8.560307E-01   9.008523E-01   9.044615E-01   6.030669E-01
   6.033226E-01   6.111064E-01   6.192856E-01   6.284237E-01   6.383412E-01
   6.494064E-01   6.615537E-01   6.751194E-01   6.902597E-01   7.073028E-01
   7.266699E-01   7.487034E-01   7.740441E-01   8.033666E-01   8.375710E-01
   8.774691E-01   9.234702E-01   9.719709E-01   1.000000E+00   1.000000E+00
   6.230985E-01   6.236098E-01   6.335572E-01   6.441745E-01   6.559361E-01
   6.690489E-01   6.836747E-01   6.999977E-01   7.186012E-01   7.396979E-01
   7.637982E-01   7.915885E-01   8.238172E-01   8.611750E-01   9.041637E-01
   9.511481E-01   9.931865E-01   1.000000E+00   1.000000E+00   1.000000E+00
   1.000000E+00   6.492792E-01   6.500442E-01   6.628204E-01   6.768539E-01
   6.925488E-01   7.103969E-01   7.306384E-01   7.537462E-01   7.803580E-01
   8.112136E-01   8.469829E-01   8.883972E-01   9.347754E-01   9.805766E-01
   1.000000E+00   1.000000E+00   1.000000E+00   1.000000E+00   1.000000E+00
   1.000000E+00   1.000000E+00   6.835591E-01   6.847536E-01   7.018276E-01
   7.212515E-01   7.433644E-01   7.687915E-01   7.982528E-01   8.325702E-01
   8.723908E-01   9.180489E-01   9.660802E-01   1.000000E+00   1.000000E+00
   1.000000E+00   1.000000E+00   1.000000E+00   1.000000E+00   1.000000E+00
   1.000000E+00   1.000000E+00   1.000000E+00   7.307292E-01   7.324651E-01
   7.566960E-01   7.846784E-01   8.173511E-01   8.554319E-01   8.996233E-01
   9.484635E-01   9.925489E-01   1.000000E+00   1.000000E+00   1.000000E+00
   1.000000E+00   1.000000E+00   1.000000E+00   1.000000E+00   1.000000E+00
   1.000000E+00   1.000000E+00   1.000000E+00   1.000000E+00   7.988850E-01
   8.014676E-01   8.375710E-01   8.796444E-01   9.278444E-01   9.768699E-01
   1.000000E+00   1.000000E+00   1.000000E+00   1.000000E+00   1.000000E+00
   1.000000E+00   1.000000E+00   1.000000E+00   1.000000E+00   1.000000E+00
   1.000000E+00   1.000000E+00   1.000000E+00   1.000000E+00   1.000000E+00
   8.283238E-01   8.412197E-01   8.842278E-01   9.331691E-01   9.818905E-01
   1.000000E+00   1.000000E+00   1.000000E+00   1.000000E+00   1.000000E+00
   1.000000E+00   1.000000E+00   1.000000E+00   1.000000E+00   1.000000E+00
   1.000000E+00   1.000000E+00   1.000000E+00   1.000000E+00   1.000000E+00
   1.000000E+00   5.482531E-01   5.488852E-01   5.489828E-01   5.488364E-01
   5.486415E-01   5.483986E-01   5.481079E-01   5.477700E-01   5.474814E-01
   5.472416E-01   5.471459E-01   5.472416E-01   5.474814E-01   5.479147E-01
   5.485443E-01   5.493745E-01   5.504605E-01   5.517614E-01   5.531838E-01
   5.555706E-01   5.555706E-01   5.494236E-01   5.500641E-01   5.502125E-01
   5.497186E-01   5.491784E-01   5.487389E-01   5.483501E-01   5.481079E-01
   5.479629E-01   5.480112E-01   5.481079E-01   5.484471E-01   5.489340E-01
   5.495710E-01   5.503116E-01   5.512588E-01   5.524698E-01   5.538004E-01
   5.553606E-01   5.576985E-01   5.569481E-01   5.492764E-01   5.494727E-01
   5.498172E-01   5.492274E-01   5.488852E-01   5.487876E-01   5.486902E-01
   5.487876E-01   5.490806E-01   5.494727E-01   5.500641E-01   5.508089E-01
   5.517110E-01   5.527751E-01   5.540069E-01   5.555181E-01   5.571619E-01
   5.591088E-01   5.612655E-01   5.642216E-01   5.637032E-01   5.485443E-01
   5.482531E-01   5.487876E-01   5.484957E-01   5.485443E-01   5.487876E-01
   5.491295E-01   5.496694E-01   5.503612E-01   5.512087E-01   5.522161E-01
   5.533889E-01   5.547333E-01   5.563098E-01   5.580761E-01   5.601532E-01
   5.625047E-01   5.651504E-01   5.680530E-01   5.717325E-01   5.711715E-01
   5.479147E-01   5.478664E-01   5.488364E-01   5.489828E-01   5.494236E-01
   5.501135E-01   5.508588E-01   5.517614E-01   5.528771E-01   5.541620E-01
   5.556232E-01   5.573226E-01   5.592182E-01   5.613215E-01   5.638182E-01
   5.665609E-01   5.696913E-01   5.731179E-01   5.770000E-01   5.816632E-01
   5.811800E-01   5.482531E-01   5.485443E-01   5.499158E-01   5.504605E-01
   5.513591E-01   5.523682E-01   5.535944E-01   5.549941E-01   5.565220E-01
   5.582925E-01   5.603192E-01   5.626750E-01   5.652087E-01   5.681132E-01
   5.713581E-01   5.750396E-01   5.790679E-01   5.836199E-01   5.886848E-01
   5.945627E-01   5.942490E-01   5.497679E-01   5.502125E-01   5.519127E-01
   5.529281E-01   5.542656E-01   5.557812E-01   5.574835E-01   5.594373E-01
   5.616019E-01   5.640485E-01   5.667387E-01   5.698137E-01   5.732448E-01
   5.770660E-01   5.812489E-01   5.860483E-01   5.913150E-01   5.971876E-01
   6.037502E-01   6.111981E-01   6.111981E-01   5.526223E-01   5.529281E-01
   5.550987E-01   5.566284E-01   5.584552E-01   5.605410E-01   5.629025E-01
   5.655010E-01   5.684146E-01   5.716076E-01   5.752339E-01   5.792703E-01
   5.836904E-01   5.886848E-01   5.941707E-01   6.002937E-01   6.071448E-01
   6.147413E-01   6.230985E-01   6.326674E-01   6.330003E-01   5.567881E-01
   5.567881E-01   5.594922E-01   5.617142E-01   5.642216E-01   5.670358E-01
   5.701206E-01   5.735629E-01   5.773968E-01   5.815940E-01   5.862654E-01
   5.915437E-01   5.973488E-01   6.037502E-01   6.108317E-01   6.186952E-01
   6.274660E-01   6.371846E-01   6.481404E-01   6.604380E-01   6.612739E-01
   5.625047E-01   5.622216E-01   5.655596E-01   5.685960E-01   5.718576E-01
   5.755585E-01   5.796086E-01   5.841151E-01   5.891309E-01   5.946413E-01
   6.007092E-01   6.074103E-01   6.148361E-01   6.230985E-01   6.322250E-01
   6.424790E-01   6.538094E-01   6.666966E-01   6.812006E-01   6.977697E-01
   6.990175E-01   5.699364E-01   5.695078E-01   5.736904E-01   5.775959E-01
   5.819404E-01   5.867738E-01   5.920791E-01   5.979150E-01   6.043516E-01
   6.114738E-01   6.192856E-01   6.278907E-01   6.375304E-01   6.481404E-01
   6.601606E-01   6.735757E-01   6.887770E-01   7.060791E-01   7.259850E-01
   7.490587E-01   7.510004E-01   5.796086E-01   5.791353E-01   5.843280E-01
   5.894294E-01   5.951140E-01   6.012938E-01   6.081218E-01   6.156929E-01
   6.239177E-01   6.331114E-01   6.432028E-01   6.544701E-01   6.671344E-01
   6.813794E-01   6.973865E-01   7.156037E-01   7.365350E-01   7.607269E-01
   7.894163E-01   8.234426E-01   8.263814E-01   5.920024E-01   5.917728E-01
   5.982399E-01   6.048699E-01   6.121196E-01   6.200778E-01   6.289593E-01
   6.386903E-01   6.494064E-01   6.614137E-01   6.749642E-01   6.900346E-01
   7.070884E-01   7.265149E-01   7.487795E-01   7.746013E-01   8.050429E-01
   8.409371E-01   8.833812E-01   9.321853E-01   9.361754E-01   6.080326E-01
   6.081218E-01   6.161717E-01   6.246393E-01   6.341167E-01   6.444187E-01
   6.559361E-01   6.689007E-01   6.833445E-01   6.995530E-01   7.179300E-01
   7.388357E-01   7.628052E-01   7.908831E-01   8.236298E-01   8.619616E-01
   9.064016E-01   9.553615E-01   9.971237E-01   1.000000E+00   1.000000E+00
   6.287447E-01   6.290667E-01   6.393917E-01   6.504285E-01   6.628204E-01
   6.767439E-01   6.922848E-01   7.098205E-01   7.297779E-01   7.525233E-01
   7.788795E-01   8.095923E-01   8.453754E-01   8.869227E-01   9.336353E-01
   9.803257E-01   1.000000E+00   1.000000E+00   1.000000E+00   1.000000E+00
   1.000000E+00   6.556683E-01   6.564734E-01   6.699420E-01   6.848870E-01
   7.016961E-01   7.207604E-01   7.424829E-01   7.674312E-01   7.966315E-01
   8.305917E-01   8.700857E-01   9.152534E-01   9.632075E-01   9.996346E-01
   1.000000E+00   1.000000E+00   1.000000E+00   1.000000E+00   1.000000E+00
   1.000000E+00   1.000000E+00   6.920213E-01   6.932021E-01   7.114961E-01
   7.322356E-01   7.559538E-01   7.836275E-01   8.158996E-01   8.535588E-01
   8.971762E-01   9.453577E-01   9.900401E-01   1.000000E+00   1.000000E+00
   1.000000E+00   1.000000E+00   1.000000E+00   1.000000E+00   1.000000E+00
   1.000000E+00   1.000000E+00   1.000000E+00   7.422632E-01   7.441520E-01
   7.702195E-01   8.007936E-01   8.365385E-01   8.782542E-01   9.256804E-01
   9.743904E-01   1.000000E+00   1.000000E+00   1.000000E+00   1.000000E+00
   1.000000E+00   1.000000E+00   1.000000E+00   1.000000E+00   1.000000E+00
   1.000000E+00   1.000000E+00   1.000000E+00   1.000000E+00   8.159720E-01
   8.188857E-01   8.583530E-01   9.041141E-01   9.542339E-01   9.967307E-01
   1.000000E+00   1.000000E+00   1.000000E+00   1.000000E+00   1.000000E+00
   1.000000E+00   1.000000E+00   1.000000E+00   1.000000E+00   1.000000E+00
   1.000000E+00   1.000000E+00   1.000000E+00   1.000000E+00   1.000000E+00
   9.265042E-01   9.305816E-01   9.802045E-01   1.000000E+00   1.000000E+00
   1.000000E+00   1.000000E+00   1.000000E+00   1.000000E+00   1.000000E+00
   1.000000E+00   1.000000E+00   1.000000E+00   1.000000E+00   1.000000E+00
   1.000000E+00   1.000000E+00   1.000000E+00   1.000000E+00   1.000000E+00
   1.000000E+00   9.690259E-01   9.842448E-01   1.000000E+00   1.000000E+00
   1.000000E+00   1.000000E+00   1.000000E+00   1.000000E+00   1.000000E+00
   1.000000E+00   1.000000E+00   1.000000E+00   1.000000E+00   1.000000E+00
   1.000000E+00   1.000000E+00   1.000000E+00   1.000000E+00   1.000000E+00
   1.000000E+00   1.000000E+00   5.596020E-01   5.604300E-01   5.605965E-01
   5.605410E-01   5.602638E-01   5.599323E-01   5.594373E-01   5.588904E-01
   5.583467E-01   5.579141E-01   5.576447E-01   5.577524E-01   5.581302E-01
   5.588359E-01   5.599875E-01   5.614896E-01   5.635311E-01   5.659118E-01
   5.687170E-01   5.725487E-01   5.729278E-01   5.611537E-01   5.617142E-01
   5.619394E-01   5.610420E-01   5.601532E-01   5.592182E-01   5.584009E-01
   5.577524E-01   5.573226E-01   5.572690E-01   5.574835E-01   5.580221E-01
   5.589995E-01   5.602638E-01   5.618831E-01   5.638757E-01   5.662653E-01
   5.690204E-01   5.722340E-01   5.762766E-01   5.756887E-01   5.611537E-01
   5.607633E-01   5.609862E-01   5.599875E-01   5.592729E-01   5.587270E-01
   5.584552E-01   5.584552E-01   5.588359E-01   5.594922E-01   5.605965E-01
   5.619958E-01   5.637607E-01   5.659118E-01   5.684750E-01   5.714204E-01
   5.747811E-01   5.785300E-01   5.828466E-01   5.880929E-01   5.877983E-01
   5.599875E-01   5.584009E-01   5.589449E-01   5.583467E-01   5.582384E-01
   5.585095E-01   5.590541E-01   5.599875E-01   5.612655E-01   5.629025E-01
   5.648591E-01   5.672145E-01   5.699364E-01   5.730545E-01   5.766705E-01
   5.806991E-01   5.852562E-01   5.904056E-01   5.959863E-01   6.024726E-01
   6.022189E-01   5.587814E-01   5.572690E-01   5.584552E-01   5.587270E-01
   5.594922E-01   5.606521E-01   5.621087E-01   5.639333E-01   5.661473E-01
   5.687170E-01   5.716076E-01   5.749749E-01   5.787314E-01   5.829867E-01
   5.877983E-01   5.931584E-01   5.990566E-01   6.055648E-01   6.128624E-01
   6.210758E-01   6.210758E-01   5.591088E-01   5.581842E-01   5.601532E-01
   5.613775E-01   5.630735E-01   5.650338E-01   5.674533E-01   5.702437E-01
   5.733719E-01   5.769340E-01   5.809736E-01   5.854716E-01   5.905566E-01
   5.961456E-01   6.022189E-01   6.091076E-01   6.166526E-01   6.250537E-01
   6.344537E-01   6.450312E-01   6.454002E-01   5.616580E-01   5.613775E-01
   5.640485E-01   5.662653E-01   5.688383E-01   5.718576E-01   5.752339E-01
   5.790679E-01   5.833380E-01   5.881667E-01   5.933911E-01   5.993029E-01
   6.057392E-01   6.128624E-01   6.207754E-01   6.296052E-01   6.393917E-01
   6.504285E-01   6.626791E-01   6.767439E-01   6.775635E-01   5.668574E-01
   5.667981E-01   5.703669E-01   5.735629E-01   5.771982E-01   5.812489E-01
   5.858316E-01   5.908593E-01   5.964651E-01   6.026421E-01   6.094683E-01
   6.169421E-01   6.252615E-01   6.344537E-01   6.447858E-01   6.563388E-01
   6.691974E-01   6.838733E-01   7.005182E-01   7.196982E-01   7.212301E-01
   5.747811E-01   5.747166E-01   5.792028E-01   5.834788E-01   5.884624E-01
   5.937802E-01   5.997146E-01   6.061765E-01   6.133291E-01   6.212764E-01
   6.300377E-01   6.397439E-01   6.505569E-01   6.626791E-01   6.763673E-01
   6.917583E-01   7.093254E-01   7.295748E-01   7.529906E-01   7.805398E-01
   7.829199E-01   5.855435E-01   5.853279E-01   5.910110E-01   5.967856E-01
   6.029818E-01   6.099209E-01   6.175235E-01   6.258871E-01   6.351306E-01
   6.454002E-01   6.568778E-01   6.697927E-01   6.841882E-01   7.005182E-01
   7.191698E-01   7.406371E-01   7.654379E-01   7.949906E-01   8.299744E-01
   8.713943E-01   8.750339E-01   5.995497E-01   5.993029E-01   6.064397E-01
   6.137040E-01   6.217796E-01   6.306896E-01   6.405698E-01   6.514591E-01
   6.636719E-01   6.773581E-01   6.927428E-01   7.101780E-01   7.301623E-01
   7.530686E-01   7.798437E-01   8.114968E-01   8.488089E-01   8.926645E-01
   9.423502E-01   9.896431E-01   9.925419E-01   6.173293E-01   6.173293E-01
   6.262011E-01   6.356976E-01   6.461415E-01   6.578266E-01   6.708412E-01
   6.855222E-01   7.020345E-01   7.208244E-01   7.423120E-01   7.670083E-01
   7.962036E-01   8.303986E-01   8.705363E-01   9.168275E-01   9.663379E-01
   1.000000E+00   1.000000E+00   1.000000E+00   1.000000E+00   6.402152E-01
   6.405698E-01   6.519776E-01   6.645289E-01   6.784836E-01   6.942145E-01
   7.120186E-01   7.323732E-01   7.556103E-01   7.827971E-01   8.146375E-01
   8.518674E-01   8.952292E-01   9.435951E-01   9.892227E-01   1.000000E+00
   1.000000E+00   1.000000E+00   1.000000E+00   1.000000E+00   1.000000E+00
   6.703908E-01   6.711422E-01   6.863625E-01   7.033197E-01   7.226479E-01
   7.447204E-01   7.701048E-01   8.000883E-01   8.351164E-01   8.759506E-01
   9.225980E-01   9.711366E-01   1.000000E+00   1.000000E+00   1.000000E+00
   1.000000E+00   1.000000E+00   1.000000E+00   1.000000E+00   1.000000E+00
   1.000000E+00   7.112957E-01   7.127046E-01   7.337563E-01   7.576816E-01
   7.858597E-01   8.188490E-01   8.574045E-01   9.020850E-01   9.511996E-01
   9.944826E-01   1.000000E+00   1.000000E+00   1.000000E+00   1.000000E+00
   1.000000E+00   1.000000E+00   1.000000E+00   1.000000E+00   1.000000E+00
   1.000000E+00   1.000000E+00   7.691617E-01   7.714566E-01   8.025166E-01
   8.388478E-01   8.812740E-01   9.294963E-01   9.782808E-01   1.000000E+00
   1.000000E+00   1.000000E+00   1.000000E+00   1.000000E+00   1.000000E+00
   1.000000E+00   1.000000E+00   1.000000E+00   1.000000E+00   1.000000E+00
   1.000000E+00   1.000000E+00   1.000000E+00   8.565022E-01   8.599124E-01
   9.062521E-01   9.567930E-01   9.981845E-01   1.000000E+00   1.000000E+00
   1.000000E+00   1.000000E+00   1.000000E+00   1.000000E+00   1.000000E+00
   1.000000E+00   1.000000E+00   1.000000E+00   1.000000E+00   1.000000E+00
   1.000000E+00   1.000000E+00   1.000000E+00   1.000000E+00   9.778355E-01
   9.814312E-01   1.000000E+00   1.000000E+00   1.000000E+00   1.000000E+00
   1.000000E+00   1.000000E+00   1.000000E+00   1.000000E+00   1.000000E+00
   1.000000E+00   1.000000E+00   1.000000E+00   1.000000E+00   1.000000E+00
   1.000000E+00   1.000000E+00   1.000000E+00   1.000000E+00   1.000000E+00
   1.000000E+00   1.000000E+00   1.000000E+00   1.000000E+00   1.000000E+00
   1.000000E+00   1.000000E+00   1.000000E+00   1.000000E+00   1.000000E+00
   1.000000E+00   1.000000E+00   1.000000E+00   1.000000E+00   1.000000E+00
   1.000000E+00   1.000000E+00   1.000000E+00   1.000000E+00   1.000000E+00
   1.000000E+00   1.000000E+00   1.000000E+00   1.000000E+00   1.000000E+00
   1.000000E+00   1.000000E+00   1.000000E+00   1.000000E+00   1.000000E+00
   1.000000E+00   1.000000E+00   1.000000E+00   1.000000E+00   1.000000E+00
   1.000000E+00   1.000000E+00   1.000000E+00   1.000000E+00   1.000000E+00
   1.000000E+00   1.000000E+00   1.000000E+00   1.000000E+00   1.000000E+00
   1.000000E+00   1.000000E+00   1.000000E+00   1.000000E+00   1.000000E+00
   1.000000E+00   1.000000E+00   1.000000E+00   1.000000E+00   1.000000E+00
   1.000000E+00   1.000000E+00   1.000000E+00   1.000000E+00   1.000000E+00
   1.000000E+00   1.000000E+00   1.000000E+00   5.684750E-01   5.696913E-01
   5.701821E-01   5.703052E-01   5.701206E-01   5.696913E-01   5.689597E-01
   5.681132E-01   5.672742E-01   5.665609E-01   5.662653E-01   5.665609E-01
   5.673936E-01   5.688989E-01   5.712337E-01   5.743305E-01   5.782622E-01
   5.829867E-01   5.886106E-01   5.951140E-01   5.970266E-01   5.707993E-01
   5.717325E-01   5.722340E-01   5.709852E-01   5.695078E-01   5.678727E-01
   5.663834E-01   5.651504E-01   5.642794E-01   5.641062E-01   5.645688E-01
   5.657355E-01   5.676328E-01   5.703669E-01   5.738181E-01   5.780618E-01
   5.830569E-01   5.888333E-01   5.954303E-01   6.029818E-01   6.034080E-01
   5.713581E-01   5.706137E-01   5.708612E-01   5.693248E-01   5.678127E-01
   5.666794E-01   5.659706E-01   5.658530E-01   5.664426E-01   5.678127E-01
   5.699364E-01   5.728645E-01   5.764734E-01   5.809736E-01   5.861930E-01
   5.923094E-01   5.992207E-01   6.069681E-01   6.155974E-01   6.254696E-01
   6.263060E-01   5.698137E-01   5.667981E-01   5.671549E-01   5.662653E-01
   5.658530E-01   5.661473E-01   5.671549E-01   5.688989E-01   5.714204E-01
   5.747166E-01   5.787986E-01   5.836199E-01   5.892800E-01   5.957477E-01
   6.031521E-01   6.112899E-01   6.203762E-01   6.306896E-01   6.419989E-01
   6.544701E-01   6.555346E-01   5.680530E-01   5.645109E-01   5.659118E-01
   5.665609E-01   5.679929E-01   5.701821E-01   5.731179E-01   5.768022E-01
   5.813178E-01   5.865556E-01   5.926173E-01   5.995497E-01   6.072332E-01
   6.157885E-01   6.254696E-01   6.362673E-01   6.480145E-01   6.611342E-01
   6.757419E-01   6.922673E-01   6.936808E-01   5.688989E-01   5.661473E-01
   5.689597E-01   5.716076E-01   5.749749E-01   5.790679E-01   5.839733E-01
   5.896539E-01   5.961456E-01   6.034934E-01   6.116579E-01   6.207754E-01
   6.309078E-01   6.421187E-01   6.544701E-01   6.681619E-01   6.836252E-01
   7.010032E-01   7.208244E-01   7.436347E-01   7.456388E-01   5.739459E-01
   5.725487E-01   5.769340E-01   5.815249E-01   5.868466E-01   5.930035E-01
   5.999624E-01   6.076766E-01   6.162677E-01   6.259917E-01   6.367251E-01
   6.483926E-01   6.614137E-01   6.758980E-01   6.921091E-01   7.104965E-01
   7.315034E-01   7.557951E-01   7.841831E-01   8.176426E-01   8.206159E-01
   5.840442E-01   5.837611E-01   5.898788E-01   5.964651E-01   6.039217E-01
   6.121196E-01   6.212764E-01   6.315645E-01   6.427198E-01   6.551344E-01
   6.687526E-01   6.841053E-01   7.013211E-01   7.208670E-01   7.432662E-01
   7.692187E-01   7.996195E-01   8.354711E-01   8.777459E-01   9.265042E-01
   9.307367E-01   5.994674E-01   5.998797E-01   6.079435E-01   6.165563E-01
   6.265160E-01   6.372997E-01   6.491521E-01   6.622559E-01   6.767282E-01
   6.929899E-01   7.113357E-01   7.322356E-01   7.562450E-01   7.841522E-01
   8.168783E-01   8.553892E-01   9.003603E-01   9.505293E-01   9.949879E-01
   1.000000E+00   1.000000E+00   6.205757E-01   6.213769E-01   6.317843E-01
   6.432028E-01   6.558021E-01   6.696436E-01   6.851039E-01   7.024868E-01
   7.221523E-01   7.446461E-01   7.705926E-01   8.007936E-01   8.362613E-01
   8.777459E-01   9.253202E-01   9.745843E-01   1.000000E+00   1.000000E+00
   1.000000E+00   1.000000E+00   1.000000E+00   6.482664E-01   6.492792E-01
   6.625379E-01   6.773739E-01   6.939296E-01   7.125631E-01   7.337794E-01
   7.581364E-01   7.863281E-01   8.192527E-01   8.577921E-01   9.025296E-01
   9.518694E-01   9.950848E-01   1.000000E+00   1.000000E+00   1.000000E+00
   1.000000E+00   1.000000E+00   1.000000E+00   1.000000E+00   6.840555E-01
   6.853882E-01   7.031110E-01   7.231883E-01   7.461624E-01   7.726440E-01
   8.034689E-01   8.395288E-01   8.815542E-01   9.293930E-01   9.778309E-01
   1.000000E+00   1.000000E+00   1.000000E+00   1.000000E+00   1.000000E+00
   1.000000E+00   1.000000E+00   1.000000E+00   1.000000E+00   1.000000E+00
   7.324880E-01   7.343129E-01   7.592111E-01   7.881183E-01   8.219131E-01
   8.614370E-01   9.071500E-01   9.568951E-01   9.978329E-01   1.000000E+00
   1.000000E+00   1.000000E+00   1.000000E+00   1.000000E+00   1.000000E+00
   1.000000E+00   1.000000E+00   1.000000E+00   1.000000E+00   1.000000E+00
   1.000000E+00   8.018392E-01   8.044941E-01   8.415431E-01   8.847933E-01
   9.337908E-01   9.822596E-01   1.000000E+00   1.000000E+00   1.000000E+00
   1.000000E+00   1.000000E+00   1.000000E+00   1.000000E+00   1.000000E+00
   1.000000E+00   1.000000E+00   1.000000E+00   1.000000E+00   1.000000E+00
   1.000000E+00   1.000000E+00   9.050079E-01   9.091013E-01   9.599462E-01
   9.994566E-01   1.000000E+00   1.000000E+00   1.000000E+00   1.000000E+00
   1.000000E+00   1.000000E+00   1.000000E+00   1.000000E+00   1.000000E+00
   1.000000E+00   1.000000E+00   1.000000E+00   1.000000E+00   1.000000E+00
   1.000000E+00   1.000000E+00   1.000000E+00   1.000000E+00   1.000000E+00
   1.000000E+00   1.000000E+00   1.000000E+00   1.000000E+00   1.000000E+00
   1.000000E+00   1.000000E+00   1.000000E+00   1.000000E+00   1.000000E+00
   1.000000E+00   1.000000E+00   1.000000E+00   1.000000E+00   1.000000E+00
   1.000000E+00   1.000000E+00   1.000000E+00   1.000000E+00   1.000000E+00
   1.000000E+00   1.000000E+00   1.000000E+00   1.000000E+00   1.000000E+00
   1.000000E+00   1.000000E+00   1.000000E+00   1.000000E+00   1.000000E+00
   1.000000E+00   1.000000E+00   1.000000E+00   1.000000E+00   1.000000E+00
   1.000000E+00   1.000000E+00   1.000000E+00   1.000000E+00   1.000000E+00
   1.000000E+00   1.000000E+00   1.000000E+00   1.000000E+00   1.000000E+00
   1.000000E+00   1.000000E+00   1.000000E+00   1.000000E+00   1.000000E+00
   1.000000E+00   1.000000E+00   1.000000E+00   1.000000E+00   1.000000E+00
   1.000000E+00   1.000000E+00   1.000000E+00   1.000000E+00   1.000000E+00
   1.000000E+00   1.000000E+00   1.000000E+00   1.000000E+00   1.000000E+00
   1.000000E+00   1.000000E+00   1.000000E+00   1.000000E+00   1.000000E+00
   1.000000E+00   1.000000E+00   1.000000E+00   1.000000E+00   1.000000E+00
   1.000000E+00   1.000000E+00   1.000000E+00   1.000000E+00   1.000000E+00
   1.000000E+00   1.000000E+00   1.000000E+00   1.000000E+00   1.000000E+00
   1.000000E+00   1.000000E+00   1.000000E+00   1.000000E+00   1.000000E+00
   1.000000E+00   1.000000E+00   1.000000E+00   1.000000E+00   1.000000E+00
   1.000000E+00   1.000000E+00   1.000000E+00   1.000000E+00   1.000000E+00
   1.000000E+00   1.000000E+00   1.000000E+00   1.000000E+00   1.000000E+00
   1.000000E+00   1.000000E+00   1.000000E+00   1.000000E+00   1.000000E+00
   1.000000E+00   1.000000E+00   1.000000E+00   1.000000E+00   1.000000E+00
   1.000000E+00   1.000000E+00   1.000000E+00   1.000000E+00   1.000000E+00
   1.000000E+00   1.000000E+00   1.000000E+00   1.000000E+00   5.821488E-01
   5.824971E-01   5.866283E-01   5.915437E-01   5.975102E-01   6.044378E-01
   6.123048E-01   6.213769E-01   6.316744E-01   6.429610E-01   6.554010E-01
   6.693459E-01   6.848203E-01   7.023359E-01   7.222814E-01   7.451914E-01
   7.718033E-01   8.030262E-01   8.398902E-01   8.833812E-01   8.989856E-01
   5.869195E-01   5.859038E-01   5.916200E-01   5.979150E-01   6.052168E-01
   6.132356E-01   6.223864E-01   6.327782E-01   6.440526E-01   6.567429E-01
   6.706909E-01   6.863794E-01   7.040619E-01   7.242094E-01   7.473652E-01
   7.742492E-01   8.058000E-01   8.429631E-01   8.866380E-01   9.365385E-01
   9.406897E-01   6.012101E-01   6.014614E-01   6.093780E-01   6.180102E-01
   6.278907E-01   6.388069E-01   6.508140E-01   6.640997E-01   6.789141E-01
   6.955756E-01   7.144537E-01   7.360411E-01   7.609717E-01   7.900527E-01
   8.242676E-01   8.645115E-01   9.112112E-01   9.618304E-01   9.999271E-01
   1.000000E+00   1.000000E+00   6.220826E-01   6.228946E-01   6.334456E-01
   6.449084E-01   6.576907E-01   6.717464E-01   6.875985E-01   7.053844E-01
   7.256326E-01   7.488809E-01   7.758389E-01   8.073920E-01   8.444322E-01
   8.878257E-01   9.371610E-01   9.852770E-01   1.000000E+00   1.000000E+00
   1.000000E+00   1.000000E+00   1.000000E+00   6.501722E-01   6.512006E-01
   6.646723E-01   6.797791E-01   6.966594E-01   7.157687E-01   7.375746E-01
   7.626952E-01   7.919744E-01   8.263055E-01   8.665948E-01   9.131781E-01
   9.632777E-01   1.000000E+00   1.000000E+00   1.000000E+00   1.000000E+00
   1.000000E+00   1.000000E+00   1.000000E+00   1.000000E+00   6.866494E-01
   6.879732E-01   7.060598E-01   7.266256E-01   7.502057E-01   7.775319E-01
   8.094168E-01   8.468176E-01   8.904526E-01   9.397555E-01   9.870250E-01
   1.000000E+00   1.000000E+00   1.000000E+00   1.000000E+00   1.000000E+00
   1.000000E+00   1.000000E+00   1.000000E+00   1.000000E+00   1.000000E+00
   7.361586E-01   7.379780E-01   7.635218E-01   7.932336E-01   8.281326E-01
   8.689623E-01   9.159638E-01   9.659958E-01   1.000000E+00   1.000000E+00
   1.000000E+00   1.000000E+00   1.000000E+00   1.000000E+00   1.000000E+00
   1.000000E+00   1.000000E+00   1.000000E+00   1.000000E+00   1.000000E+00
   1.000000E+00   8.072531E-01   8.098734E-01   8.478942E-01   8.922307E-01
   9.420907E-01   9.890245E-01   1.000000E+00   1.000000E+00   1.000000E+00
   1.000000E+00   1.000000E+00   1.000000E+00   1.000000E+00   1.000000E+00
   1.000000E+00   1.000000E+00   1.000000E+00   1.000000E+00   1.000000E+00
   1.000000E+00   1.000000E+00   9.124208E-01   9.164717E-01   9.672179E-01
   1.000000E+00   1.000000E+00   1.000000E+00   1.000000E+00   1.000000E+00
   1.000000E+00   1.000000E+00   1.000000E+00   1.000000E+00   1.000000E+00
   1.000000E+00   1.000000E+00   1.000000E+00   1.000000E+00   1.000000E+00
   1.000000E+00   1.000000E+00   1.000000E+00   1.000000E+00   1.000000E+00
   1.000000E+00   1.000000E+00   1.000000E+00   1.000000E+00   1.000000E+00
   1.000000E+00   1.000000E+00   1.000000E+00   1.000000E+00   1.000000E+00
   1.000000E+00   1.000000E+00   1.000000E+00   1.000000E+00   1.000000E+00
   1.000000E+00   1.000000E+00   1.000000E+00   1.000000E+00   1.000000E+00
   1.000000E+00   1.000000E+00   1.000000E+00   1.000000E+00   1.000000E+00
   1.000000E+00   1.000000E+00   1.000000E+00   1.000000E+00   1.000000E+00
   1.000000E+00   1.000000E+00   1.000000E+00   1.000000E+00   1.000000E+00
   1.000000E+00   1.000000E+00   1.000000E+00   1.000000E+00   1.000000E+00
   1.000000E+00   1.000000E+00   1.000000E+00   1.000000E+00   1.000000E+00
   1.000000E+00   1.000000E+00   1.000000E+00   1.000000E+00   1.000000E+00
   1.000000E+00   1.000000E+00   1.000000E+00   1.000000E+00   1.000000E+00
   1.000000E+00   1.000000E+00   1.000000E+00   1.000000E+00   1.000000E+00
   1.000000E+00   1.000000E+00   1.000000E+00   1.000000E+00   1.000000E+00
   1.000000E+00   1.000000E+00   1.000000E+00   1.000000E+00   1.000000E+00
   1.000000E+00   1.000000E+00   1.000000E+00   1.000000E+00   1.000000E+00
   1.000000E+00   1.000000E+00   1.000000E+00   1.000000E+00   1.000000E+00
   1.000000E+00   1.000000E+00   1.000000E+00   1.000000E+00   1.000000E+00
   1.000000E+00   1.000000E+00   1.000000E+00   1.000000E+00   1.000000E+00
   1.000000E+00   1.000000E+00   1.000000E+00   1.000000E+00   1.000000E+00
   1.000000E+00   1.000000E+00   1.000000E+00   1.000000E+00   1.000000E+00
   1.000000E+00   1.000000E+00   1.000000E+00   1.000000E+00   1.000000E+00
   1.000000E+00   1.000000E+00   1.000000E+00   1.000000E+00   1.000000E+00
   1.000000E+00   1.000000E+00   1.000000E+00   1.000000E+00   1.000000E+00
   1.000000E+00   1.000000E+00   1.000000E+00   1.000000E+00   1.000000E+00
   1.000000E+00   1.000000E+00   1.000000E+00   1.000000E+00   1.000000E+00
   1.000000E+00   1.000000E+00   1.000000E+00   1.000000E+00   1.000000E+00
   1.000000E+00   1.000000E+00   1.000000E+00   1.000000E+00   1.000000E+00
   1.000000E+00   1.000000E+00   1.000000E+00   1.000000E+00   1.000000E+00
   1.000000E+00   1.000000E+00   1.000000E+00   1.000000E+00   1.000000E+00
   1.000000E+00   1.000000E+00   1.000000E+00   1.000000E+00   1.000000E+00
   1.000000E+00   1.000000E+00   1.000000E+00   1.000000E+00   1.000000E+00
   1.000000E+00   1.000000E+00   1.000000E+00   1.000000E+00   1.000000E+00
   1.000000E+00   1.000000E+00   1.000000E+00   1.000000E+00   1.000000E+00
   1.000000E+00   1.000000E+00   1.000000E+00   1.000000E+00   1.000000E+00
   1.000000E+00   1.000000E+00   1.000000E+00   1.000000E+00   1.000000E+00
   1.000000E+00   1.000000E+00   1.000000E+00   1.000000E+00   1.000000E+00
   1.000000E+00   1.000000E+00   1.000000E+00   1.000000E+00   1.000000E+00
   1.000000E+00   1.000000E+00   1.000000E+00   1.000000E+00   1.000000E+00
   1.000000E+00   1.000000E+00   1.000000E+00   1.000000E+00   1.000000E+00
   1.000000E+00   1.000000E+00   1.000000E+00   1.000000E+00   1.000000E+00
   1.000000E+00   1.000000E+00   1.000000E+00   1.000000E+00   1.000000E+00
   1.000000E+00   1.000000E+00   1.000000E+00   1.000000E+00   1.000000E+00
   1.000000E+00   1.000000E+00   1.000000E+00   1.000000E+00   1.000000E+00
   1.000000E+00   1.000000E+00   1.000000E+00   1.000000E+00   1.000000E+00
   1.000000E+00   1.000000E+00   1.000000E+00   1.000000E+00   1.000000E+00
   1.000000E+00   1.000000E+00   1.000000E+00   1.000000E+00   1.000000E+00
   1.000000E+00   1.000000E+00   1.000000E+00   1.000000E+00   1.000000E+00
   1.000000E+00   1.000000E+00   1.000000E+00   1.000000E+00   1.000000E+00
   1.000000E+00   1.000000E+00   1.000000E+00   1.000000E+00   1.000000E+00
   1.000000E+00   1.000000E+00   1.000000E+00   1.000000E+00   1.000000E+00
   7.612169E-01   7.799948E-01   8.127048E-01   8.510258E-01   8.952292E-01
   9.438544E-01   9.894970E-01   1.000000E+00   1.000000E+00   1.000000E+00
   1.000000E+00   1.000000E+00   1.000000E+00   1.000000E+00   1.000000E+00
   1.000000E+00   1.000000E+00   1.000000E+00   1.000000E+00   1.000000E+00
   1.000000E+00   8.127761E-01   8.153218E-01   8.541108E-01   8.991327E-01
   9.490321E-01   9.933739E-01   1.000000E+00   1.000000E+00   1.000000E+00
   1.000000E+00   1.000000E+00   1.000000E+00   1.000000E+00   1.000000E+00
   1.000000E+00   1.000000E+00   1.000000E+00   1.000000E+00   1.000000E+00
   1.000000E+00   1.000000E+00   9.201920E-01   9.243433E-01   9.742815E-01
   1.000000E+00   1.000000E+00   1.000000E+00   1.000000E+00   1.000000E+00
   1.000000E+00   1.000000E+00   1.000000E+00   1.000000E+00   1.000000E+00
   1.000000E+00   1.000000E+00   1.000000E+00   1.000000E+00   1.000000E+00
   1.000000E+00   1.000000E+00   1.000000E+00   1.000000E+00   1.000000E+00
   1.000000E+00   1.000000E+00   1.000000E+00   1.000000E+00   1.000000E+00
   1.000000E+00   1.000000E+00   1.000000E+00   1.000000E+00   1.000000E+00
   1.000000E+00   1.000000E+00   1.000000E+00   1.000000E+00   1.000000E+00
   1.000000E+00   1.000000E+00   1.000000E+00   1.000000E+00   1.000000E+00
   1.000000E+00   1.000000E+00   1.000000E+00   1.000000E+00   1.000000E+00
   1.000000E+00   1.000000E+00   1.000000E+00   1.000000E+00   1.000000E+00
   1.000000E+00   1.000000E+00   1.000000E+00   1.000000E+00   1.000000E+00
   1.000000E+00   1.000000E+00   1.000000E+00   1.000000E+00   1.000000E+00
   1.000000E+00   1.000000E+00   1.000000E+00   1.000000E+00   1.000000E+00
   1.000000E+00   1.000000E+00   1.000000E+00   1.000000E+00   1.000000E+00
   1.000000E+00   1.000000E+00   1.000000E+00   1.000000E+00   1.000000E+00
   1.000000E+00   1.000000E+00   1.000000E+00   1.000000E+00   1.000000E+00
   1.000000E+00   1.000000E+00   1.000000E+00   1.000000E+00   1.000000E+00
   1.000000E+00   1.000000E+00   1.000000E+00   1.000000E+00   1.000000E+00
   1.000000E+00   1.000000E+00   1.000000E+00   1.000000E+00   1.000000E+00
   1.000000E+00   1.000000E+00   1.000000E+00   1.000000E+00   1.000000E+00
   1.000000E+00   1.000000E+00   1.000000E+00   1.000000E+00   1.000000E+00
   1.000000E+00   1.000000E+00   1.000000E+00   1.000000E+00   1.000000E+00
   1.000000E+00   1.000000E+00   1.000000E+00   1.000000E+00   1.000000E+00
   1.000000E+00   1.000000E+00   1.000000E+00   1.000000E+00   1.000000E+00
   1.000000E+00   1.000000E+00   1.000000E+00   1.000000E+00   1.000000E+00
   1.000000E+00   1.000000E+00   1.000000E+00   1.000000E+00   1.000000E+00
   1.000000E+00   1.000000E+00   1.000000E+00   1.000000E+00   1.000000E+00
   1.000000E+00   1.000000E+00   1.000000E+00   1.000000E+00   1.000000E+00
   1.000000E+00   1.000000E+00   1.000000E+00   1.000000E+00   1.000000E+00
   1.000000E+00   1.000000E+00   1.000000E+00   1.000000E+00   1.000000E+00
   1.000000E+00   1.000000E+00   1.000000E+00   1.000000E+00   1.000000E+00
   1.000000E+00   1.000000E+00   1.000000E+00   1.000000E+00   1.000000E+00
   1.000000E+00   1.000000E+00   1.000000E+00   1.000000E+00   1.000000E+00
   1.000000E+00   1.000000E+00   1.000000E+00   1.000000E+00   1.000000E+00
   1.000000E+00   1.000000E+00   1.000000E+00   1.000000E+00   1.000000E+00
   1.000000E+00   1.000000E+00   1.000000E+00   1.000000E+00   1.000000E+00
   1.000000E+00   1.000000E+00   1.000000E+00   1.000000E+00   1.000000E+00
   1.000000E+00   1.000000E+00   1.000000E+00   1.000000E+00   1.000000E+00
   1.000000E+00   1.000000E+00   1.000000E+00   1.000000E+00   1.000000E+00
   1.000000E+00   1.000000E+00   1.000000E+00   1.000000E+00   1.000000E+00
   1.000000E+00   1.000000E+00   1.000000E+00   1.000000E+00   1.000000E+00
   1.000000E+00   1.000000E+00   1.000000E+00   1.000000E+00   1.000000E+00
   1.000000E+00   1.000000E+00   1.000000E+00   1.000000E+00   1.000000E+00
   1.000000E+00   1.000000E+00   1.000000E+00   1.000000E+00   1.000000E+00
   1.000000E+00   1.000000E+00   1.000000E+00   1.000000E+00   1.000000E+00
   1.000000E+00   1.000000E+00   1.000000E+00   1.000000E+00   1.000000E+00
   1.000000E+00   1.000000E+00   1.000000E+00   1.000000E+00   1.000000E+00
   1.000000E+00   1.000000E+00   1.000000E+00   1.000000E+00   1.000000E+00
   1.000000E+00   1.000000E+00   1.000000E+00   1.000000E+00   1.000000E+00
   1.000000E+00   1.000000E+00   1.000000E+00   1.000000E+00   1.000000E+00
   1.000000E+00   1.000000E+00   1.000000E+00   1.000000E+00   1.000000E+00
   1.000000E+00   1.000000E+00   1.000000E+00   1.000000E+00   1.000000E+00
   1.000000E+00   1.000000E+00   1.000000E+00   1.000000E+00   1.000000E+00
   1.000000E+00   1.000000E+00   1.000000E+00   1.000000E+00   1.000000E+00
   1.000000E+00   1.000000E+00   1.000000E+00   1.000000E+00   1.000000E+00
   1.000000E+00   1.000000E+00   1.000000E+00   1.000000E+00   1.000000E+00
   1.000000E+00   1.000000E+00   1.000000E+00   1.000000E+00   1.000000E+00
   1.000000E+00   1.000000E+00   1.000000E+00   1.000000E+00   1.000000E+00
   1.000000E+00   1.000000E+00   1.000000E+00   1.000000E+00   1.000000E+00
   1.000000E+00   1.000000E+00   1.000000E+00   1.000000E+00   1.000000E+00
   1.000000E+00   1.000000E+00   1.000000E+00   1.000000E+00   1.000000E+00
   1.000000E+00   1.000000E+00   1.000000E+00   1.000000E+00   1.000000E+00
   1.000000E+00   1.000000E+00   1.000000E+00   1.000000E+00   1.000000E+00
   1.000000E+00   1.000000E+00   1.000000E+00   1.000000E+00   1.000000E+00
   1.000000E+00   1.000000E+00   1.000000E+00   1.000000E+00   1.000000E+00
   1.000000E+00   1.000000E+00   1.000000E+00   1.000000E+00   1.000000E+00
   1.000000E+00   1.000000E+00   1.000000E+00   1.000000E+00   1.000000E+00
   1.000000E+00   1.000000E+00   1.000000E+00   1.000000E+00   1.000000E+00
   1.000000E+00   1.000000E+00   1.000000E+00   1.000000E+00   1.000000E+00
   1.000000E+00   1.000000E+00   1.000000E+00   1.000000E+00   1.000000E+00
   1.000000E+00   1.000000E+00   1.000000E+00   1.000000E+00   1.000000E+00
   1.000000E+00   1.000000E+00   1.000000E+00   1.000000E+00   1.000000E+00
   1.000000E+00   1.000000E+00   1.000000E+00   1.000000E+00   1.000000E+00
   1.000000E+00   1.000000E+00   1.000000E+00   1.000000E+00   1.000000E+00
   1.000000E+00   1.000000E+00   1.000000E+00   1.000000E+00   1.000000E+00
   1.000000E+00   1.000000E+00   1.000000E+00   1.000000E+00   1.000000E+00
   1.000000E+00   1.000000E+00   1.000000E+00   1.000000E+00   1.000000E+00
   1.000000E+00   1.000000E+00   1.000000E+00   1.000000E+00   1.000000E+00
   1.000000E+00   1.000000E+00   1.000000E+00   1.000000E+00   1.000000E+00
   1.000000E+00   1.000000E+00   1.000000E+00   1.000000E+00   1.000000E+00
   1.000000E+00   1.000000E+00   1.000000E+00   1.000000E+00   1.000000E+00
   1.000000E+00   1.000000E+00   1.000000E+00   1.000000E+00   1.000000E+00
   1.000000E+00   1.000000E+00   1.000000E+00   1.000000E+00   1.000000E+00
   1.000000E+00   1.000000E+00   1.000000E+00   1.000000E+00   1.000000E+00
   1.000000E+00   1.000000E+00   1.000000E+00   1.000000E+00   1.000000E+00
   1.000000E+00   1.000000E+00   1.000000E+00   1.000000E+00   1.000000E+00
   1.000000E+00   1.000000E+00   1.000000E+00   1.000000E+00   1.000000E+00
   1.000000E+00   1.000000E+00   1.000000E+00   1.000000E+00   1.000000E+00
   1.000000E+00   1.000000E+00   1.000000E+00   1.000000E+00   1.000000E+00
   1.000000E+00   1.000000E+00   1.000000E+00   1.000000E+00   1.000000E+00
   1.000000E+00   1.000000E+00   1.000000E+00   1.000000E+00   1.000000E+00
   1.000000E+00   1.000000E+00   1.000000E+00   1.000000E+00   1.000000E+00
   1.000000E+00   1.000000E+00   1.000000E+00   1.000000E+00   1.000000E+00
   1.000000E+00   1.000000E+00   1.000000E+00   1.000000E+00   1.000000E+00
   1.000000E+00   1.000000E+00   1.000000E+00   1.000000E+00   1.000000E+00
   1.000000E+00   1.000000E+00   1.000000E+00   1.000000E+00   1.000000E+00
   1.000000E+00   1.000000E+00   1.000000E+00   1.000000E+00   1.000000E+00
   1.000000E+00   1.000000E+00   1.000000E+00   1.000000E+00   1.000000E+00
   1.000000E+00   1.000000E+00   1.000000E+00   1.000000E+00   1.000000E+00
   1.000000E+00   1.000000E+00   1.000000E+00   1.000000E+00   1.000000E+00
   1.000000E+00   1.000000E+00   1.000000E+00   1.000000E+00   1.000000E+00
   1.000000E+00   1.000000E+00   1.000000E+00   1.000000E+00   1.000000E+00
   1.000000E+00   1.000000E+00   1.000000E+00   1.000000E+00   1.000000E+00
   1.000000E+00   1.000000E+00   1.000000E+00   1.000000E+00   1.000000E+00
   1.000000E+00   1.000000E+00   1.000000E+00   1.000000E+00   1.000000E+00
   1.000000E+00   1.000000E+00   1.000000E+00   1.000000E+00   1.000000E+00
   1.000000E+00   1.000000E+00   1.000000E+00   1.000000E+00   1.000000E+00
   1.000000E+00   1.000000E+00   1.000000E+00   1.000000E+00   1.000000E+00
   1.000000E+00   1.000000E+00   1.000000E+00   1.000000E+00   1.000000E+00
   1.000000E+00   1.000000E+00   1.000000E+00   1.000000E+00   1.000000E+00
   1.000000E+00   1.000000E+00   1.000000E+00   1.000000E+00   1.000000E+00
   1.000000E+00   1.000000E+00   1.000000E+00   1.000000E+00   1.000000E+00
   1.000000E+00   1.000000E+00   1.000000E+00   1.000000E+00   1.000000E+00
   1.000000E+00   1.000000E+00   1.000000E+00   1.000000E+00   1.000000E+00
   1.000000E+00   1.000000E+00   1.000000E+00   1.000000E+00   1.000000E+00
   1.000000E+00   1.000000E+00   1.000000E+00   1.000000E+00   1.000000E+00
   1.000000E+00   1.000000E+00   1.000000E+00   1.000000E+00   1.000000E+00
   1.000000E+00   1.000000E+00   1.000000E+00   1.000000E+00   1.000000E+00
   1.000000E+00   1.000000E+00   1.000000E+00   1.000000E+00   1.000000E+00
   1.000000E+00   1.000000E+00   1.000000E+00   1.000000E+00   1.000000E+00
   1.000000E+00   1.000000E+00   1.000000E+00   1.000000E+00   1.000000E+00
   1.000000E+00   1.000000E+00   1.000000E+00   1.000000E+00   1.000000E+00
   1.000000E+00   1.000000E+00   1.000000E+00   1.000000E+00   1.000000E+00
   1.000000E+00   1.000000E+00   1.000000E+00   1.000000E+00   1.000000E+00
   1.000000E+00   1.000000E+00   1.000000E+00   1.000000E+00   1.000000E+00
   1.000000E+00   1.000000E+00   1.000000E+00   1.000000E+00   1.000000E+00
   1.000000E+00   1.000000E+00   1.000000E+00   1.000000E+00   1.000000E+00
   1.000000E+00   1.000000E+00   1.000000E+00   1.000000E+00   1.000000E+00
   1.000000E+00   1.000000E+00   1.000000E+00   1.000000E+00   1.000000E+00
   1.000000E+00   1.000000E+00   1.000000E+00   1.000000E+00   1.000000E+00
   1.000000E+00   1.000000E+00   1.000000E+00   1.000000E+00   1.000000E+00
   1.000000E+00   1.000000E+00   1.000000E+00   1.000000E+00   1.000000E+00
   1.000000E+00   1.000000E+00   1.000000E+00   1.000000E+00   1.000000E+00
   1.000000E+00   1.000000E+00   1.000000E+00   1.000000E+00   1.000000E+00
   1.000000E+00   1.000000E+00   1.000000E+00   1.000000E+00   1.000000E+00
   1.000000E+00   1.000000E+00   1.000000E+00   1.000000E+00   1.000000E+00
   1.000000E+00   1.000000E+00   1.000000E+00   1.000000E+00   1.000000E+00
   1.000000E+00   1.000000E+00   1.000000E+00   1.000000E+00   1.000000E+00
   1.000000E+00   1.000000E+00   1.000000E+00   1.000000E+00   1.000000E+00
   1.000000E+00   1.000000E+00   1.000000E+00   1.000000E+00   1.000000E+00
   1.000000E+00   1.000000E+00   1.000000E+00   1.000000E+00   1.000000E+00
   1.000000E+00   1.000000E+00   1.000000E+00   1.000000E+00   1.000000E+00
   1.000000E+00   1.000000E+00   1.000000E+00   1.000000E+00   1.000000E+00
   1.000000E+00   1.000000E+00   1.000000E+00   1.000000E+00   1.000000E+00
   1.000000E+00   1.000000E+00   1.000000E+00   1.000000E+00   1.000000E+00
   1.000000E+00   1.000000E+00   1.000000E+00   1.000000E+00   1.000000E+00
   1.000000E+00   1.000000E+00   1.000000E+00   1.000000E+00   1.000000E+00
   1.000000E+00   1.000000E+00   1.000000E+00   1.000000E+00   1.000000E+00
   1.000000E+00   1.000000E+00   1.000000E+00   1.000000E+00   1.000000E+00
   1.000000E+00   1.000000E+00   1.000000E+00   1.000000E+00   1.000000E+00
   1.000000E+00   1.000000E+00   1.000000E+00   1.000000E+00   1.000000E+00
   1.000000E+00   1.000000E+00   1.000000E+00   1.000000E+00   1.000000E+00
   1.000000E+00   1.000000E+00   1.000000E+00   1.000000E+00   1.000000E+00
   1.000000E+00   1.000000E+00   1.000000E+00   1.000000E+00   1.000000E+00
   1.000000E+00   1.000000E+00   1.000000E+00   1.000000E+00   1.000000E+00
   1.000000E+00   1.000000E+00   1.000000E+00   1.000000E+00   1.000000E+00
   1.000000E+00   1.000000E+00   1.000000E+00   1.000000E+00   1.000000E+00
   1.000000E+00   1.000000E+00   1.000000E+00   1.000000E+00   1.000000E+00
   1.000000E+00   1.000000E+00   1.000000E+00   1.000000E+00   1.000000E+00
   1.000000E+00   1.000000E+00   1.000000E+00   1.000000E+00   1.000000E+00
   1.000000E+00   1.000000E+00   1.000000E+00   1.000000E+00   1.000000E+00
   1.000000E+00   1.000000E+00   1.000000E+00   1.000000E+00   1.000000E+00
   1.000000E+00   1.000000E+00   1.000000E+00   1.000000E+00   1.000000E+00
   1.000000E+00   1.000000E+00   1.000000E+00   1.000000E+00   1.000000E+00
   1.000000E+00   1.000000E+00   1.000000E+00   1.000000E+00   1.000000E+00
   1.000000E+00   1.000000E+00   1.000000E+00   1.000000E+00   1.000000E+00
   1.000000E+00   1.000000E+00   1.000000E+00   1.000000E+00   1.000000E+00
   1.000000E+00   1.000000E+00   1.000000E+00   1.000000E+00   1.000000E+00
   1.000000E+00   1.000000E+00   1.000000E+00   1.000000E+00   1.000000E+00
   1.000000E+00   1.000000E+00   1.000000E+00   1.000000E+00   1.000000E+00
   1.000000E+00   1.000000E+00   1.000000E+00   1.000000E+00   1.000000E+00
   1.000000E+00   1.000000E+00   1.000000E+00   1.000000E+00   1.000000E+00
   1.000000E+00   1.000000E+00   1.000000E+00   1.000000E+00   1.000000E+00
   1.000000E+00   1.000000E+00   1.000000E+00   1.000000E+00   1.000000E+00
   1.000000E+00   1.000000E+00   1.000000E+00   1.000000E+00   1.000000E+00
   1.000000E+00   1.000000E+00   1.000000E+00   1.000000E+00   1.000000E+00
   1.000000E+00   1.000000E+00   1.000000E+00   1.000000E+00   1.000000E+00
   1.000000E+00   1.000000E+00   1.000000E+00   1.000000E+00   1.000000E+00
   1.000000E+00   1.000000E+00   1.000000E+00   1.000000E+00   1.000000E+00
   1.000000E+00   1.000000E+00   1.000000E+00   1.000000E+00   1.000000E+00
   1.000000E+00   1.000000E+00   1.000000E+00   1.000000E+00   1.000000E+00
   1.000000E+00   1.000000E+00   1.000000E+00   1.000000E+00   1.000000E+00
   1.000000E+00   1.000000E+00   1.000000E+00   1.000000E+00   1.000000E+00
   1.000000E+00   1.000000E+00   1.000000E+00   1.000000E+00   1.000000E+00
   1.000000E+00   1.000000E+00   1.000000E+00   1.000000E+00   1.000000E+00
   1.000000E+00   1.000000E+00   1.000000E+00   1.000000E+00   1.000000E+00
   1.000000E+00   1.000000E+00   1.000000E+00   1.000000E+00   1.000000E+00
   1.000000E+00   1.000000E+00   1.000000E+00   1.000000E+00   1.000000E+00
   1.000000E+00   1.000000E+00   1.000000E+00   1.000000E+00   1.000000E+00
   1.000000E+00   1.000000E+00   1.000000E+00   1.000000E+00   1.000000E+00
   1.000000E+00   1.000000E+00   1.000000E+00   1.000000E+00   1.000000E+00
   1.000000E+00   1.000000E+00   1.000000E+00   1.000000E+00   1.000000E+00
   1.000000E+00   1.000000E+00   1.000000E+00   1.000000E+00   1.000000E+00
   1.000000E+00   1.000000E+00   1.000000E+00   1.000000E+00   1.000000E+00
   1.000000E+00   1.000000E+00   1.000000E+00   1.000000E+00   1.000000E+00
   1.000000E+00   1.000000E+00   1.000000E+00   1.000000E+00   1.000000E+00
   1.000000E+00   1.000000E+00   1.000000E+00   1.000000E+00   1.000000E+00
   1.000000E+00   1.000000E+00   1.000000E+00   1.000000E+00   1.000000E+00
   1.000000E+00   1.000000E+00   1.000000E+00   1.000000E+00   1.000000E+00
   1.000000E+00   1.000000E+00   1.000000E+00   1.000000E+00   1.000000E+00
   1.000000E+00   1.000000E+00   1.000000E+00   1.000000E+00   1.000000E+00
   1.000000E+00   1.000000E+00   1.000000E+00   1.000000E+00   1.000000E+00
   1.000000E+00   1.000000E+00   1.000000E+00   1.000000E+00   1.000000E+00
   1.000000E+00   1.000000E+00   1.000000E+00   1.000000E+00   1.000000E+00
   1.000000E+00   1.000000E+00   1.000000E+00   1.000000E+00   1.000000E+00
   1.000000E+00   1.000000E+00   1.000000E+00   1.000000E+00   1.000000E+00
   1.000000E+00   1.000000E+00   1.000000E+00   1.000000E+00   1.000000E+00
   1.000000E+00   1.000000E+00   1.000000E+00   1.000000E+00   1.000000E+00
   1.000000E+00   1.000000E+00   1.000000E+00   1.000000E+00   1.000000E+00
   1.000000E+00   1.000000E+00   1.000000E+00   1.000000E+00   1.000000E+00
   1.000000E+00   1.000000E+00   1.000000E+00   1.000000E+00   1.000000E+00
   1.000000E+00   1.000000E+00   1.000000E+00   1.000000E+00   1.000000E+00
   1.000000E+00   1.000000E+00   1.000000E+00   1.000000E+00   1.000000E+00
   1.000000E+00   1.000000E+00   1.000000E+00   1.000000E+00   1.000000E+00
   1.000000E+00   1.000000E+00   1.000000E+00   1.000000E+00   1.000000E+00
   1.000000E+00   1.000000E+00   1.000000E+00   1.000000E+00   1.000000E+00
   1.000000E+00   1.000000E+00   1.000000E+00   1.000000E+00   1.000000E+00
   1.000000E+00   1.000000E+00   1.000000E+00   1.000000E+00   1.000000E+00
   1.000000E+00   1.000000E+00   1.000000E+00   1.000000E+00   1.000000E+00
   1.000000E+00   1.000000E+00   1.000000E+00   1.000000E+00   1.000000E+00
   1.000000E+00   1.000000E+00   1.000000E+00   1.000000E+00   1.000000E+00
   1.000000E+00   1.000000E+00   1.000000E+00   1.000000E+00   1.000000E+00
   1.000000E+00   1.000000E+00   1.000000E+00   1.000000E+00   1.000000E+00
   1.000000E+00   1.000000E+00   1.000000E+00   1.000000E+00   1.000000E+00
   1.000000E+00   1.000000E+00   1.000000E+00   1.000000E+00   1.000000E+00
   1.000000E+00   1.000000E+00   1.000000E+00   1.000000E+00   1.000000E+00
   1.000000E+00   1.000000E+00   1.000000E+00   1.000000E+00   1.000000E+00
   1.000000E+00   1.000000E+00   1.000000E+00   1.000000E+00   1.000000E+00
   1.000000E+00   1.000000E+00   1.000000E+00   1.000000E+00   1.000000E+00
   1.000000E+00   1.000000E+00   1.000000E+00   1.000000E+00   1.000000E+00
   1.000000E+00   1.000000E+00   1.000000E+00   1.000000E+00   1.000000E+00
   1.000000E+00   1.000000E+00   1.000000E+00   1.000000E+00   1.000000E+00
   1.000000E+00   1.000000E+00   1.000000E+00   1.000000E+00   1.000000E+00
   1.000000E+00   1.000000E+00   1.000000E+00   1.000000E+00   1.000000E+00
   1.000000E+00   1.000000E+00   1.000000E+00   1.000000E+00   1.000000E+00
   1.000000E+00   1.000000E+00   1.000000E+00   1.000000E+00   1.000000E+00
   1.000000E+00   1.000000E+00   1.000000E+00   1.000000E+00   1.000000E+00
   1.000000E+00   1.000000E+00   1.000000E+00   1.000000E+00   1.000000E+00
   1.000000E+00   1.000000E+00   1.000000E+00   1.000000E+00   1.000000E+00
   1.000000E+00   1.000000E+00   1.000000E+00   1.000000E+00   1.000000E+00
   1.000000E+00   1.000000E+00   1.000000E+00   1.000000E+00   1.000000E+00
   1.000000E+00   1.000000E+00   1.000000E+00   1.000000E+00   1.000000E+00
   1.000000E+00   1.000000E+00   1.000000E+00   1.000000E+00   1.000000E+00
   1.000000E+00   1.000000E+00   1.000000E+00   1.000000E+00   1.000000E+00
   1.000000E+00   1.000000E+00   1.000000E+00   1.000000E+00   1.000000E+00
   1.000000E+00   1.000000E+00   1.000000E+00   1.000000E+00   1.000000E+00
   1.000000E+00   1.000000E+00   1.000000E+00   1.000000E+00   1.000000E+00
   1.000000E+00   1.000000E+00   1.000000E+00   1.000000E+00   1.000000E+00
   1.000000E+00   1.000000E+00   1.000000E+00   1.000000E+00   1.000000E+00
   1.000000E+00   1.000000E+00   1.000000E+00   1.000000E+00   1.000000E+00
   1.000000E+00   1.000000E+00   1.000000E+00   1.000000E+00   1.000000E+00
   1.000000E+00   1.000000E+00   1.000000E+00   1.000000E+00   1.000000E+00
   1.000000E+00   1.000000E+00   1.000000E+00   1.000000E+00   1.000000E+00
   1.000000E+00   1.000000E+00   1.000000E+00   1.000000E+00   1.000000E+00
   1.000000E+00   1.000000E+00   1.000000E+00   1.000000E+00   1.000000E+00
   1.000000E+00   1.000000E+00   1.000000E+00   1.000000E+00   1.000000E+00
   1.000000E+00   1.000000E+00   1.000000E+00   1.000000E+00   1.000000E+00
   1.000000E+00   1.000000E+00   1.000000E+00   1.000000E+00   1.000000E+00
   1.000000E+00   1.000000E+00   1.000000E+00   1.000000E+00   1.000000E+00
   1.000000E+00   1.000000E+00   1.000000E+00   1.000000E+00   1.000000E+00
   1.000000E+00   1.000000E+00   1.000000E+00   1.000000E+00   1.000000E+00
   1.000000E+00   1.000000E+00   1.000000E+00   1.000000E+00   1.000000E+00
   1.000000E+00   1.000000E+00   1.000000E+00   1.000000E+00   1.000000E+00
   1.000000E+00   1.000000E+00   1.000000E+00   1.000000E+00   1.000000E+00
   1.000000E+00   1.000000E+00   1.000000E+00   1.000000E+00   1.000000E+00
   1.000000E+00   1.000000E+00   1.000000E+00   1.000000E+00   1.000000E+00
   1.000000E+00   1.000000E+00   1.000000E+00   1.000000E+00   1.000000E+00
   1.000000E+00   1.000000E+00   1.000000E+00   1.000000E+00   1.000000E+00
   1.000000E+00   1.000000E+00   1.000000E+00   1.000000E+00   1.000000E+00
   1.000000E+00   1.000000E+00   1.000000E+00   1.000000E+00   1.000000E+00
   1.000000E+00   1.000000E+00   1.000000E+00   1.000000E+00   1.000000E+00
   1.000000E+00   1.000000E+00   1.000000E+00   1.000000E+00   1.000000E+00
   1.000000E+00   1.000000E+00   1.000000E+00   1.000000E+00   1.000000E+00
   1.000000E+00   1.000000E+00   1.000000E+00   1.000000E+00   1.000000E+00
   1.000000E+00   1.000000E+00   1.000000E+00   1.000000E+00   1.000000E+00
   1.000000E+00   1.000000E+00   1.000000E+00   1.000000E+00   1.000000E+00
   1.000000E+00   1.000000E+00   1.000000E+00   1.000000E+00   1.000000E+00
   1.000000E+00   1.000000E+00   1.000000E+00   1.000000E+00   1.000000E+00
   1.000000E+00   1.000000E+00   1.000000E+00   1.000000E+00   1.000000E+00
   1.000000E+00   1.000000E+00   1.000000E+00   1.000000E+00   1.000000E+00
   1.000000E+00   1.000000E+00   1.000000E+00   1.000000E+00   1.000000E+00
   1.000000E+00   1.000000E+00   1.000000E+00   1.000000E+00   1.000000E+00
   1.000000E+00   1.000000E+00   1.000000E+00   1.000000E+00   1.000000E+00
   1.000000E+00   1.000000E+00   1.000000E+00   1.000000E+00   1.000000E+00
   1.000000E+00   1.000000E+00   1.000000E+00   1.000000E+00   1.000000E+00
   1.000000E+00   1.000000E+00   1.000000E+00   1.000000E+00   1.000000E+00
   1.000000E+00   1.000000E+00   1.000000E+00   1.000000E+00   1.000000E+00
   1.000000E+00   1.000000E+00   1.000000E+00   1.000000E+00   1.000000E+00
   1.000000E+00   1.000000E+00   1.000000E+00   1.000000E+00   1.000000E+00
   1.000000E+00   1.000000E+00   1.000000E+00   1.000000E+00   1.000000E+00
   1.000000E+00   1.000000E+00   1.000000E+00   1.000000E+00   1.000000E+00
   1.000000E+00   1.000000E+00   1.000000E+00   1.000000E+00   1.000000E+00
   1.000000E+00   1.000000E+00   1.000000E+00   1.000000E+00   1.000000E+00
   1.000000E+00   1.000000E+00   1.000000E+00   1.000000E+00   1.000000E+00
   1.000000E+00   1.000000E+00   1.000000E+00   1.000000E+00   1.000000E+00
   1.000000E+00   1.000000E+00   1.000000E+00   1.000000E+00   1.000000E+00
   1.000000E+00   1.000000E+00   1.000000E+00   1.000000E+00   1.000000E+00
   1.000000E+00   1.000000E+00   1.000000E+00   1.000000E+00   1.000000E+00
   1.000000E+00   1.000000E+00   1.000000E+00   1.000000E+00   1.000000E+00
   1.000000E+00   1.000000E+00   1.000000E+00   1.000000E+00   1.000000E+00
   1.000000E+00   1.000000E+00   1.000000E+00   1.000000E+00   1.000000E+00
   1.000000E+00   1.000000E+00   1.000000E+00   1.000000E+00   1.000000E+00
   1.000000E+00   1.000000E+00   1.000000E+00   1.000000E+00   1.000000E+00
   1.000000E+00   1.000000E+00   1.000000E+00   1.000000E+00   1.000000E+00
   1.000000E+00   1.000000E+00   1.000000E+00   1.000000E+00   1.000000E+00
   1.000000E+00   1.000000E+00   1.000000E+00   1.000000E+00   1.000000E+00
   1.000000E+00   1.000000E+00   1.000000E+00   1.000000E+00   1.000000E+00
   1.000000E+00   1.000000E+00   1.000000E+00   1.000000E+00   1.000000E+00
   1.000000E+00   1.000000E+00   1.000000E+00   1.000000E+00   1.000000E+00
   1.000000E+00   1.000000E+00   1.000000E+00   1.000000E+00   1.000000E+00
   1.000000E+00   1.000000E+00   1.000000E+00   1.000000E+00   1.000000E+00
   1.000000E+00   1.000000E+00   1.000000E+00   1.000000E+00   1.000000E+00
   1.000000E+00   1.000000E+00   1.000000E+00   1.000000E+00   1.000000E+00
   1.000000E+00   1.000000E+00   1.000000E+00   1.000000E+00   1.000000E+00
   1.000000E+00   1.000000E+00   1.000000E+00   1.000000E+00   1.000000E+00
   1.000000E+00   1.000000E+00   1.000000E+00   1.000000E+00   1.000000E+00
   1.000000E+00   1.000000E+00   1.000000E+00   1.000000E+00   1.000000E+00
   1.000000E+00   1.000000E+00   1.000000E+00   1.000000E+00   1.000000E+00
   1.000000E+00   1.000000E+00   1.000000E+00   1.000000E+00   1.000000E+00
   1.000000E+00   1.000000E+00   1.000000E+00   1.000000E+00   1.000000E+00
   1.000000E+00   1.000000E+00   1.000000E+00   1.000000E+00   1.000000E+00
   1.000000E+00   1.000000E+00   1.000000E+00   1.000000E+00   1.000000E+00
   1.000000E+00   1.000000E+00   1.000000E+00   1.000000E+00   1.000000E+00
   1.000000E+00   1.000000E+00   1.000000E+00   1.000000E+00   1.000000E+00
   1.000000E+00   1.000000E+00   1.000000E+00   1.000000E+00   1.000000E+00
   1.000000E+00   1.000000E+00   1.000000E+00   1.000000E+00   1.000000E+00
   1.000000E+00   1.000000E+00   1.000000E+00   1.000000E+00   1.000000E+00
   1.000000E+00   1.000000E+00   1.000000E+00   1.000000E+00   1.000000E+00
   1.000000E+00   1.000000E+00   1.000000E+00   1.000000E+00   1.000000E+00
   1.000000E+00   1.000000E+00   1.000000E+00   1.000000E+00   1.000000E+00
   1.000000E+00   1.000000E+00   1.000000E+00   1.000000E+00   1.000000E+00
   1.000000E+00   1.000000E+00   1.000000E+00   1.000000E+00   1.000000E+00
   1.000000E+00   1.000000E+00   1.000000E+00   1.000000E+00   1.000000E+00
   1.000000E+00   1.000000E+00   1.000000E+00   1.000000E+00   1.000000E+00
   1.000000E+00   1.000000E+00   1.000000E+00   1.000000E+00   1.000000E+00
   1.000000E+00   1.000000E+00   1.000000E+00   1.000000E+00   1.000000E+00
   1.000000E+00   1.000000E+00   1.000000E+00   1.000000E+00   1.000000E+00
   1.000000E+00   1.000000E+00   1.000000E+00   1.000000E+00   1.000000E+00
   1.000000E+00   1.000000E+00   1.000000E+00   1.000000E+00   1.000000E+00
   1.000000E+00   1.000000E+00   1.000000E+00   1.000000E+00   1.000000E+00
   1.000000E+00   1.000000E+00   1.000000E+00   1.000000E+00   1.000000E+00
   1.000000E+00   1.000000E+00   1.000000E+00   1.000000E+00   1.000000E+00
   1.000000E+00   1.000000E+00   1.000000E+00   1.000000E+00   1.000000E+00
   1.000000E+00   1.000000E+00   1.000000E+00   1.000000E+00   1.000000E+00
   1.000000E+00   1.000000E+00   1.000000E+00   1.000000E+00   1.000000E+00
   1.000000E+00   1.000000E+00   1.000000E+00   1.000000E+00   1.000000E+00
   1.000000E+00   1.000000E+00   1.000000E+00   1.000000E+00   1.000000E+00
   1.000000E+00   1.000000E+00   1.000000E+00   1.000000E+00   1.000000E+00
   1.000000E+00   1.000000E+00   1.000000E+00   1.000000E+00   1.000000E+00
   1.000000E+00   1.000000E+00   1.000000E+00   1.000000E+00   1.000000E+00
   1.000000E+00   1.000000E+00   1.000000E+00   1.000000E+00   1.000000E+00
   1.000000E+00   1.000000E+00   1.000000E+00   1.000000E+00   1.000000E+00
   1.000000E+00   1.000000E+00   1.000000E+00   1.000000E+00   1.000000E+00
   1.000000E+00   1.000000E+00   1.000000E+00   1.000000E+00   1.000000E+00
   1.000000E+00   1.000000E+00   1.000000E+00   1.000000E+00   1.000000E+00
   1.000000E+00   1.000000E+00   1.000000E+00   1.000000E+00   1.000000E+00
   1.000000E+00   1.000000E+00   1.000000E+00   1.000000E+00   1.000000E+00
   1.000000E+00   1.000000E+00   1.000000E+00   1.000000E+00   1.000000E+00
   1.000000E+00   1.000000E+00   1.000000E+00   1.000000E+00   1.000000E+00
   1.000000E+00   1.000000E+00   1.000000E+00   1.000000E+00   1.000000E+00
   1.000000E+00   1.000000E+00   1.000000E+00   1.000000E+00   1.000000E+00
   1.000000E+00   1.000000E+00   1.000000E+00   1.000000E+00   1.000000E+00
   1.000000E+00   1.000000E+00   1.000000E+00   1.000000E+00   1.000000E+00
   1.000000E+00   1.000000E+00   1.000000E+00   1.000000E+00   1.000000E+00
   1.000000E+00   1.000000E+00   1.000000E+00   1.000000E+00   1.000000E+00
   1.000000E+00   1.000000E+00   1.000000E+00   1.000000E+00   1.000000E+00
   1.000000E+00   1.000000E+00   1.000000E+00   1.000000E+00   1.000000E+00
   1.000000E+00   1.000000E+00   1.000000E+00   1.000000E+00   1.000000E+00
   1.000000E+00   1.000000E+00   1.000000E+00   1.000000E+00   1.000000E+00
   1.000000E+00   1.000000E+00   1.000000E+00   1.000000E+00   1.000000E+00
   1.000000E+00   1.000000E+00   1.000000E+00   1.000000E+00   1.000000E+00
   1.000000E+00   1.000000E+00   1.000000E+00   1.000000E+00   1.000000E+00
   1.000000E+00   1.000000E+00   1.000000E+00   1.000000E+00   1.000000E+00
   1.000000E+00   1.000000E+00   1.000000E+00   1.000000E+00   1.000000E+00
   1.000000E+00   1.000000E+00   1.000000E+00   1.000000E+00   1.000000E+00
   1.000000E+00   1.000000E+00   1.000000E+00   1.000000E+00   1.000000E+00
   1.000000E+00   1.000000E+00   1.000000E+00   1.000000E+00   1.000000E+00
   1.000000E+00   1.000000E+00   1.000000E+00   1.000000E+00   1.000000E+00
   1.000000E+00   1.000000E+00   1.000000E+00   1.000000E+00   1.000000E+00
   1.000000E+00   1.000000E+00   1.000000E+00   1.000000E+00   1.000000E+00
   1.000000E+00   1.000000E+00   1.000000E+00   1.000000E+00   1.000000E+00
   1.000000E+00   1.000000E+00   1.000000E+00   1.000000E+00   1.000000E+00
   1.000000E+00   1.000000E+00   1.000000E+00   1.000000E+00   1.000000E+00
   1.000000E+00   1.000000E+00   1.000000E+00   1.000000E+00   1.000000E+00
   1.000000E+00   1.000000E+00   1.000000E+00   1.000000E+00   1.000000E+00
   1.000000E+00   1.000000E+00   1.000000E+00   1.000000E+00   1.000000E+00
   1.000000E+00   1.000000E+00   1.000000E+00   1.000000E+00   1.000000E+00
   1.000000E+00   1.000000E+00   1.000000E+00   1.000000E+00   1.000000E+00
   1.000000E+00   1.000000E+00   1.000000E+00   1.000000E+00   1.000000E+00
   1.000000E+00   1.000000E+00   1.000000E+00   1.000000E+00   1.000000E+00
   1.000000E+00   1.000000E+00   1.000000E+00   1.000000E+00   1.000000E+00
   1.000000E+00   1.000000E+00   1.000000E+00   1.000000E+00   1.000000E+00
   1.000000E+00   1.000000E+00   1.000000E+00   1.000000E+00   1.000000E+00
   1.000000E+00   1.000000E+00   1.000000E+00   1.000000E+00   1.000000E+00
   1.000000E+00   1.000000E+00   1.000000E+00   1.000000E+00   1.000000E+00
   1.000000E+00   1.000000E+00   1.000000E+00   1.000000E+00   1.000000E+00
   1.000000E+00   1.000000E+00   1.000000E+00   1.000000E+00   1.000000E+00
   1.000000E+00   1.000000E+00   1.000000E+00   1.000000E+00   1.000000E+00
   1.000000E+00   1.000000E+00   1.000000E+00   1.000000E+00   1.000000E+00
   1.000000E+00   1.000000E+00   1.000000E+00   1.000000E+00   1.000000E+00
   1.000000E+00   1.000000E+00   1.000000E+00   1.000000E+00   1.000000E+00
   1.000000E+00   1.000000E+00   1.000000E+00   1.000000E+00   1.000000E+00
   1.000000E+00   1.000000E+00   1.000000E+00   1.000000E+00   1.000000E+00
   1.000000E+00   1.000000E+00   1.000000E+00   1.000000E+00   1.000000E+00
   1.000000E+00   1.000000E+00   1.000000E+00   1.000000E+00   1.000000E+00
   1.000000E+00   1.000000E+00   1.000000E+00   1.000000E+00   1.000000E+00
   1.000000E+00   1.000000E+00   1.000000E+00   1.000000E+00   1.000000E+00
   1.000000E+00   1.000000E+00   1.000000E+00   1.000000E+00   1.000000E+00
   1.000000E+00   1.000000E+00   1.000000E+00   1.000000E+00   1.000000E+00
   1.000000E+00   1.000000E+00   1.000000E+00   1.000000E+00   1.000000E+00
   1.000000E+00   1.000000E+00   1.000000E+00   1.000000E+00   1.000000E+00
   1.000000E+00   1.000000E+00   1.000000E+00   1.000000E+00   1.000000E+00
   1.000000E+00   1.000000E+00   1.000000E+00   1.000000E+00   1.000000E+00
   1.000000E+00   1.000000E+00   1.000000E+00   1.000000E+00   1.000000E+00
   1.000000E+00   1.000000E+00   1.000000E+00   1.000000E+00   1.000000E+00
   1.000000E+00   1.000000E+00   1.000000E+00   1.000000E+00   1.000000E+00
   1.000000E+00   1.000000E+00   1.000000E+00   1.000000E+00   1.000000E+00
   1.000000E+00   1.000000E+00   1.000000E+00   1.000000E+00   1.000000E+00
   1.000000E+00   1.000000E+00   1.000000E+00   1.000000E+00   1.000000E+00
   1.000000E+00   1.000000E+00   1.000000E+00   1.000000E+00   1.000000E+00
   1.000000E+00   1.000000E+00   1.000000E+00   1.000000E+00   1.000000E+00
   1.000000E+00   1.000000E+00   1.000000E+00   1.000000E+00   1.000000E+00
   1.000000E+00   1.000000E+00   1.000000E+00   1.000000E+00   1.000000E+00
   1.000000E+00   1.000000E+00   1.000000E+00   1.000000E+00   1.000000E+00
   1.000000E+00   1.000000E+00   1.000000E+00   1.000000E+00   1.000000E+00
   1.000000E+00   1.000000E+00   1.000000E+00   1.000000E+00   1.000000E+00
   1.000000E+00   1.000000E+00   1.000000E+00   1.000000E+00   1.000000E+00
   1.000000E+00   1.000000E+00   1.000000E+00   1.000000E+00   1.000000E+00
   1.000000E+00   1.000000E+00   1.000000E+00   1.000000E+00   1.000000E+00
   1.000000E+00   1.000000E+00   1.000000E+00   1.000000E+00   1.000000E+00
   1.000000E+00   1.000000E+00   1.000000E+00   1.000000E+00   1.000000E+00
   1.000000E+00   1.000000E+00   1.000000E+00   1.000000E+00   1.000000E+00
   1.000000E+00   1.000000E+00   1.000000E+00   1.000000E+00   1.000000E+00
   1.000000E+00   1.000000E+00   1.000000E+00   1.000000E+00   1.000000E+00
   1.000000E+00   1.000000E+00   1.000000E+00   1.000000E+00   1.000000E+00
   1.000000E+00   1.000000E+00   1.000000E+00   1.000000E+00   1.000000E+00
   1.000000E+00   1.000000E+00   1.000000E+00   1.000000E+00   1.000000E+00
   1.000000E+00   1.000000E+00   1.000000E+00   1.000000E+00   1.000000E+00
   1.000000E+00   1.000000E+00   1.000000E+00   1.000000E+00   1.000000E+00
   1.000000E+00   1.000000E+00   1.000000E+00   1.000000E+00   1.000000E+00
   1.000000E+00   1.000000E+00   1.000000E+00   1.000000E+00   1.000000E+00
   1.000000E+00   1.000000E+00   1.000000E+00   1.000000E+00   1.000000E+00
   1.000000E+00   1.000000E+00   1.000000E+00   1.000000E+00   1.000000E+00
   1.000000E+00   1.000000E+00   1.000000E+00   1.000000E+00   1.000000E+00
   1.000000E+00   1.000000E+00   1.000000E+00   1.000000E+00   1.000000E+00
   1.000000E+00   1.000000E+00   1.000000E+00   1.000000E+00   1.000000E+00
   1.000000E+00   1.000000E+00   1.000000E+00   1.000000E+00   1.000000E+00
   1.000000E+00   1.000000E+00   1.000000E+00   1.000000E+00   1.000000E+00
   1.000000E+00   1.000000E+00   1.000000E+00   1.000000E+00   1.000000E+00
   1.000000E+00   1.000000E+00   1.000000E+00   1.000000E+00   1.000000E+00
   1.000000E+00   1.000000E+00   1.000000E+00   1.000000E+00   1.000000E+00
   1.000000E+00   1.000000E+00   1.000000E+00   1.000000E+00   1.000000E+00
   1.000000E+00   1.000000E+00   1.000000E+00   1.000000E+00   1.000000E+00
   1.000000E+00   1.000000E+00   1.000000E+00   1.000000E+00   1.000000E+00
   1.000000E+00   1.000000E+00   1.000000E+00   1.000000E+00   1.000000E+00
   1.000000E+00   1.000000E+00   1.000000E+00   1.000000E+00   1.000000E+00
   1.000000E+00   1.000000E+00   1.000000E+00   1.000000E+00   1.000000E+00
   1.000000E+00   1.000000E+00   1.000000E+00   1.000000E+00   1.000000E+00
   1.000000E+00   1.000000E+00   1.000000E+00   1.000000E+00   1.000000E+00
   1.000000E+00   1.000000E+00   1.000000E+00   1.000000E+00   1.000000E+00
   1.000000E+00   1.000000E+00   1.000000E+00   1.000000E+00   1.000000E+00
   1.000000E+00   1.000000E+00   1.000000E+00   1.000000E+00   1.000000E+00
   1.000000E+00   1.000000E+00   1.000000E+00   1.000000E+00   1.000000E+00
   1.000000E+00   1.000000E+00   1.000000E+00   1.000000E+00   1.000000E+00
   1.000000E+00   1.000000E+00   1.000000E+00   1.000000E+00   1.000000E+00
   1.000000E+00   1.000000E+00   1.000000E+00   1.000000E+00   1.000000E+00
   1.000000E+00   1.000000E+00   1.000000E+00   1.000000E+00   1.000000E+00
   1.000000E+00   1.000000E+00   1.000000E+00   1.000000E+00   1.000000E+00
   1.000000E+00   1.000000E+00   1.000000E+00   1.000000E+00   1.000000E+00
   1.000000E+00   1.000000E+00   1.000000E+00   1.000000E+00   1.000000E+00
   1.000000E+00   1.000000E+00   1.000000E+00   1.000000E+00   1.000000E+00
   1.000000E+00   1.000000E+00   1.000000E+00   1.000000E+00   1.000000E+00
   1.000000E+00   1.000000E+00   1.000000E+00   1.000000E+00   1.000000E+00
   1.000000E+00   1.000000E+00   1.000000E+00   1.000000E+00   1.000000E+00
   1.000000E+00   1.000000E+00   1.000000E+00   1.000000E+00   1.000000E+00
   1.000000E+00   1.000000E+00   1.000000E+00   1.000000E+00   1.000000E+00
   1.000000E+00   1.000000E+00   1.000000E+00   1.000000E+00   1.000000E+00
   1.000000E+00   1.000000E+00   1.000000E+00   1.000000E+00   1.000000E+00
   1.000000E+00   1.000000E+00   1.000000E+00   1.000000E+00   1.000000E+00
   1.000000E+00   1.000000E+00   1.000000E+00   1.000000E+00   1.000000E+00
   1.000000E+00   1.000000E+00   1.000000E+00   1.000000E+00   1.000000E+00
   1.000000E+00   1.000000E+00   1.000000E+00   1.000000E+00   1.000000E+00
   1.000000E+00   1.000000E+00   1.000000E+00   1.000000E+00   1.000000E+00
   1.000000E+00   1.000000E+00   1.000000E+00   1.000000E+00   1.000000E+00
   1.000000E+00   1.000000E+00   1.000000E+00   1.000000E+00   1.000000E+00
   1.000000E+00   1.000000E+00   1.000000E+00   1.000000E+00   1.000000E+00
   1.000000E+00   1.000000E+00   1.000000E+00   1.000000E+00   1.000000E+00
   1.000000E+00   1.000000E+00   1.000000E+00   1.000000E+00   1.000000E+00
   1.000000E+00   1.000000E+00   1.000000E+00   1.000000E+00   1.000000E+00
   1.000000E+00   1.000000E+00   1.000000E+00   1.000000E+00   1.000000E+00
   1.000000E+00   1.000000E+00   1.000000E+00   1.000000E+00   1.000000E+00
   1.000000E+00   1.000000E+00   1.000000E+00   1.000000E+00   1.000000E+00
   1.000000E+00   1.000000E+00   1.000000E+00   1.000000E+00   1.000000E+00
   1.000000E+00   1.000000E+00   1.000000E+00   1.000000E+00   1.000000E+00
   1.000000E+00   1.000000E+00   1.000000E+00   1.000000E+00   1.000000E+00
   1.000000E+00   1.000000E+00   1.000000E+00   1.000000E+00   1.000000E+00
   1.000000E+00   1.000000E+00   1.000000E+00   1.000000E+00   1.000000E+00
   1.000000E+00   1.000000E+00   1.000000E+00   1.000000E+00   1.000000E+00
   1.000000E+00   1.000000E+00   1.000000E+00   1.000000E+00   1.000000E+00
   1.000000E+00   1.000000E+00   1.000000E+00   1.000000E+00   1.000000E+00
   1.000000E+00   1.000000E+00   1.000000E+00   1.000000E+00   1.000000E+00
   1.000000E+00   1.000000E+00   1.000000E+00   1.000000E+00   1.000000E+00
   1.000000E+00   1.000000E+00   1.000000E+00   1.000000E+00   1.000000E+00
   1.000000E+00   1.000000E+00   1.000000E+00   1.000000E+00   1.000000E+00
   1.000000E+00   1.000000E+00   1.000000E+00   1.000000E+00   1.000000E+00
   1.000000E+00   1.000000E+00   1.000000E+00   1.000000E+00   1.000000E+00
   1.000000E+00   1.000000E+00   1.000000E+00   1.000000E+00   1.000000E+00
   1.000000E+00   1.000000E+00   1.000000E+00   1.000000E+00   1.000000E+00
   1.000000E+00   1.000000E+00   1.000000E+00   1.000000E+00   1.000000E+00
   1.000000E+00   1.000000E+00   1.000000E+00   1.000000E+00   1.000000E+00
   1.000000E+00   1.000000E+00   1.000000E+00   1.000000E+00   1.000000E+00
   1.000000E+00   1.000000E+00   1.000000E+00   1.000000E+00   1.000000E+00
   1.000000E+00   1.000000E+00   1.000000E+00   1.000000E+00   1.000000E+00
   1.000000E+00   1.000000E+00   1.000000E+00   1.000000E+00   1.000000E+00
   1.000000E+00   1.000000E+00   1.000000E+00   1.000000E+00   1.000000E+00
   1.000000E+00   1.000000E+00   1.000000E+00   1.000000E+00   1.000000E+00
   1.000000E+00   1.000000E+00   1.000000E+00   1.000000E+00   1.000000E+00
   1.000000E+00   1.000000E+00   1.000000E+00   1.000000E+00   1.000000E+00
   1.000000E+00   1.000000E+00   1.000000E+00   1.000000E+00   1.000000E+00
   1.000000E+00   1.000000E+00   1.000000E+00   1.000000E+00   1.000000E+00
   1.000000E+00
      1  1.00000000E-02     NSTEP   TIME
   5.166229E-01   5.171869E-01   5.171869E-01   5.170539E-01   5.169542E-01
   5.168547E-01   5.167222E-01   5.166229E-01   5.165238E-01   5.164908E-01
   5.165238E-01   5.166229E-01   5.167553E-01   5.169874E-01   5.172536E-01
   5.176210E-01   5.180575E-01   5.185982E-01   5.190743E-01   5.203120E-01
   5.205897E-01   5.174872E-01   5.183950E-01   5.185643E-01   5.183274E-01
   5.181923E-01   5.180575E-01   5.179566E-01   5.179230E-01   5.179230E-01
   5.179902E-01   5.180575E-01   5.182261E-01   5.183612E-01   5.185982E-01
   5.188359E-01   5.191767E-01   5.195876E-01   5.200353E-01   5.205550E-01
   5.216400E-01   5.214991E-01   5.173870E-01   5.182598E-01   5.185304E-01
   5.182936E-01   5.182936E-01   5.182936E-01   5.183274E-01   5.184288E-01
   5.185982E-01   5.187339E-01   5.190061E-01   5.192792E-01   5.195876E-01
   5.200008E-01   5.204508E-01   5.209732E-01   5.215695E-01   5.222768E-01
   5.230622E-01   5.244373E-01   5.244738E-01   5.170871E-01   5.178894E-01
   5.182598E-01   5.181586E-01   5.182598E-01   5.183950E-01   5.185982E-01
   5.188019E-01   5.190743E-01   5.193819E-01   5.197595E-01   5.202081E-01
   5.206593E-01   5.212533E-01   5.218517E-01   5.226329E-01   5.234939E-01
   5.245103E-01   5.255768E-01   5.272601E-01   5.272223E-01   5.169874E-01
   5.179566E-01   5.184965E-01   5.185304E-01   5.187339E-01   5.190061E-01
   5.193134E-01   5.196220E-01   5.200698E-01   5.205202E-01   5.210082E-01
   5.216400E-01   5.223124E-01   5.230981E-01   5.240005E-01   5.250602E-01
   5.262459E-01   5.275631E-01   5.290950E-01   5.311700E-01   5.312096E-01
   5.172869E-01   5.182936E-01   5.189720E-01   5.191084E-01   5.194847E-01
   5.198628E-01   5.203120E-01   5.208336E-01   5.213585E-01   5.219932E-01
   5.227757E-01   5.236022E-01   5.245469E-01   5.256509E-01   5.268830E-01
   5.283254E-01   5.299109E-01   5.317668E-01   5.337881E-01   5.363646E-01
   5.364913E-01   5.180239E-01   5.189380E-01   5.197251E-01   5.200698E-01
   5.205550E-01   5.211131E-01   5.217105E-01   5.224547E-01   5.232418E-01
   5.241458E-01   5.251706E-01   5.263206E-01   5.276390E-01   5.290950E-01
   5.307744E-01   5.326905E-01   5.348175E-01   5.372129E-01   5.398538E-01
   5.430800E-01   5.433085E-01   5.192109E-01   5.198628E-01   5.208684E-01
   5.213937E-01   5.220640E-01   5.228831E-01   5.237106E-01   5.246932E-01
   5.257992E-01   5.270336E-01   5.284404E-01   5.299890E-01   5.318068E-01
   5.337472E-01   5.359856E-01   5.384582E-01   5.411834E-01   5.442290E-01
   5.476256E-01   5.515097E-01   5.518118E-01   5.208336E-01   5.212182E-01
   5.224903E-01   5.232778E-01   5.242550E-01   5.252812E-01   5.264702E-01
   5.277910E-01   5.292885E-01   5.309720E-01   5.328118E-01   5.349419E-01
   5.372982E-01   5.398099E-01   5.426700E-01   5.458165E-01   5.492764E-01
   5.530815E-01   5.571619E-01   5.618831E-01   5.623348E-01   5.230264E-01
   5.231699E-01   5.247298E-01   5.258735E-01   5.271468E-01   5.285939E-01
   5.301847E-01   5.320068E-01   5.340340E-01   5.362381E-01   5.386747E-01
   5.413622E-01   5.443216E-01   5.475775E-01   5.511086E-01   5.549941E-01
   5.592729E-01   5.639333E-01   5.689597E-01   5.745878E-01   5.751043E-01
   5.258735E-01   5.259479E-01   5.279052E-01   5.294048E-01   5.311700E-01
   5.330954E-01   5.352328E-01   5.375974E-01   5.401622E-01   5.429887E-01
   5.461469E-01   5.495218E-01   5.531838E-01   5.571619E-01   5.616019E-01
   5.663243E-01   5.714828E-01   5.770660E-01   5.831271E-01   5.898038E-01
   5.904811E-01   5.297159E-01   5.297938E-01   5.321271E-01   5.341984E-01
   5.364913E-01   5.389789E-01   5.417659E-01   5.447394E-01   5.480112E-01
   5.515600E-01   5.554130E-01   5.596020E-01   5.641062E-01   5.690204E-01
   5.742663E-01   5.800161E-01   5.861930E-01   5.928488E-01   6.002937E-01
   6.084792E-01   6.091977E-01   5.347761E-01   5.349004E-01   5.378118E-01
   5.404717E-01   5.434001E-01   5.465737E-01   5.500146E-01   5.537489E-01
   5.578063E-01   5.621651E-01   5.669169E-01   5.719829E-01   5.773968E-01
   5.832676E-01   5.896538E-01   5.965452E-01   6.040935E-01   6.123048E-01
   6.212764E-01   6.313452E-01   6.322250E-01   5.413622E-01   5.415863E-01
   5.450191E-01   5.483986E-01   5.520643E-01   5.559923E-01   5.602638E-01
   5.648591E-01   5.698137E-01   5.751043E-01   5.808363E-01   5.869195E-01
   5.934688E-01   6.006260E-01   6.083898E-01   6.168455E-01   6.259917E-01
   6.361531E-01   6.472619E-01   6.598838E-01   6.609947E-01   5.496693E-01
   5.500146E-01   5.541103E-01   5.582925E-01   5.627887E-01   5.676328E-01
   5.728645E-01   5.783960E-01   5.843991E-01   5.907836E-01   5.977529E-01
   6.052168E-01   6.133291E-01   6.220826E-01   6.315645E-01   6.419989E-01
   6.534146E-01   6.661150E-01   6.805203E-01   6.969134E-01   6.982088E-01
   5.599323E-01   5.603746E-01   5.653255E-01   5.704285E-01   5.759495E-01
   5.818017E-01   5.880929E-01   5.948774E-01   6.022189E-01   6.101025E-01
   6.185971E-01   6.278907E-01   6.378772E-01   6.487718E-01   6.608553E-01
   6.740369E-01   6.887427E-01   7.052882E-01   7.242530E-01   7.463122E-01
   7.479194E-01   5.726118E-01   5.731179E-01   5.790005E-01   5.851845E-01
   5.918493E-01   5.990566E-01   6.068798E-01   6.152161E-01   6.242264E-01
   6.341167E-01   6.447858E-01   6.564734E-01   6.693459E-01   6.835260E-01
   6.992019E-01   7.166586E-01   7.361586E-01   7.583776E-01   7.843687E-01
   8.145657E-01   8.162254E-01   5.878719E-01   5.885365E-01   5.956682E-01
   6.033226E-01   6.115658E-01   6.204759E-01   6.301461E-01   6.405698E-01
   6.521075E-01   6.646723E-01   6.786748E-01   6.940720E-01   7.112756E-01
   7.305022E-01   7.520314E-01   7.762533E-01   8.029242E-01   8.337811E-01
   8.714848E-01   9.088504E-01   9.094022E-01   6.067916E-01   6.074990E-01
   6.162677E-01   6.257826E-01   6.360391E-01   6.472619E-01   6.597456E-01
   6.734223E-01   6.885028E-01   7.054229E-01   7.244275E-01   7.457882E-01
   7.700475E-01   7.976557E-01   8.292820E-01   8.660171E-01   9.024778E-01
   9.437969E-01   9.999595E-01   9.999931E-01   9.999911E-01   6.304719E-01
   6.312357E-01   6.422387E-01   6.543377E-01   6.675738E-01   6.824075E-01
   6.988886E-01   7.174702E-01   7.384539E-01   7.623107E-01   7.897342E-01
   8.212079E-01   8.572754E-01   8.983490E-01   9.443211E-01   9.999710E-01
   9.999967E-01   1.000000E+00   1.000000E+00   1.000000E+00   1.000000E+00
   6.395090E-01   6.433238E-01   6.556683E-01   6.691974E-01   6.843044E-01
   7.011340E-01   7.201222E-01   7.416789E-01   7.662213E-01   7.945336E-01
   8.271792E-01   8.647766E-01   9.071500E-01   9.520238E-01   9.898993E-01
   1.000000E+00   1.000000E+00   1.000000E+00   1.000000E+00   1.000000E+00
   1.000000E+00   5.185982E-01   5.191767E-01   5.191767E-01   5.190402E-01
   5.189380E-01   5.188359E-01   5.186999E-01   5.185643E-01   5.184965E-01
   5.184627E-01   5.184965E-01   5.185982E-01   5.187339E-01   5.189720E-01
   5.192450E-01   5.196220E-01   5.200698E-01   5.206245E-01   5.211131E-01
   5.223835E-01   5.226329E-01   5.194847E-01   5.203814E-01   5.205550E-01
   5.203120E-01   5.201735E-01   5.200353E-01   5.199318E-01   5.199318E-01
   5.199318E-01   5.199663E-01   5.200353E-01   5.202081E-01   5.203814E-01
   5.206245E-01   5.208336E-01   5.211832E-01   5.216047E-01   5.220640E-01
   5.225972E-01   5.237106E-01   5.235661E-01   5.193819E-01   5.202428E-01
   5.205202E-01   5.202774E-01   5.202774E-01   5.202774E-01   5.203120E-01
   5.204508E-01   5.205897E-01   5.207290E-01   5.210082E-01   5.212883E-01
   5.216400E-01   5.220286E-01   5.224903E-01   5.230264E-01   5.236745E-01
   5.243643E-01   5.251706E-01   5.265826E-01   5.266201E-01   5.190743E-01
   5.198973E-01   5.202428E-01   5.201390E-01   5.202774E-01   5.203814E-01
   5.205897E-01   5.207987E-01   5.211131E-01   5.213937E-01   5.217811E-01
   5.222413E-01   5.227043E-01   5.233138E-01   5.239642E-01   5.247298E-01
   5.256509E-01   5.266576E-01   5.277910E-01   5.294825E-01   5.294825E-01
   5.189720E-01   5.199318E-01   5.204855E-01   5.205202E-01   5.207290E-01
   5.210082E-01   5.213234E-01   5.216400E-01   5.220994E-01   5.225615E-01
   5.230981E-01   5.237106E-01   5.244373E-01   5.252443E-01   5.261713E-01
   5.272223E-01   5.284404E-01   5.298328E-01   5.313684E-01   5.335430E-01
   5.335430E-01   5.192792E-01   5.202774E-01   5.209732E-01   5.211131E-01
   5.214991E-01   5.218870E-01   5.223479E-01   5.228831E-01   5.234579E-01
   5.241095E-01   5.248765E-01   5.257250E-01   5.266951E-01   5.278671E-01
   5.291336E-01   5.306167E-01   5.322475E-01   5.341162E-01   5.362381E-01
   5.388919E-01   5.389789E-01   5.200353E-01   5.209383E-01   5.217458E-01
   5.220994E-01   5.225972E-01   5.231699E-01   5.238192E-01   5.245469E-01
   5.253550E-01   5.262833E-01   5.273357E-01   5.285171E-01   5.299109E-01
   5.314082E-01   5.331360E-01   5.351080E-01   5.372982E-01   5.397659E-01
   5.424884E-01   5.458165E-01   5.460524E-01   5.212533E-01   5.218870E-01
   5.229189E-01   5.234939E-01   5.241822E-01   5.249867E-01   5.258735E-01
   5.268454E-01   5.280196E-01   5.292885E-01   5.307350E-01   5.323279E-01
   5.341573E-01   5.361960E-01   5.385014E-01   5.410941E-01   5.439057E-01
   5.470502E-01   5.505102E-01   5.545251E-01   5.548897E-01   5.229189E-01
   5.232778E-01   5.246200E-01   5.254289E-01   5.263954E-01   5.274872E-01
   5.286708E-01   5.300672E-01   5.316073E-01   5.333392E-01   5.352328E-01
   5.374263E-01   5.398538E-01   5.424431E-01   5.454403E-01   5.486415E-01
   5.522668E-01   5.561509E-01   5.604300E-01   5.653255E-01   5.657355E-01
   5.251706E-01   5.253181E-01   5.269206E-01   5.280578E-01   5.294048E-01
   5.308929E-01   5.325292E-01   5.344042E-01   5.364913E-01   5.387615E-01
   5.412727E-01   5.440441E-01   5.471459E-01   5.505102E-01   5.541620E-01
   5.581842E-01   5.625615E-01   5.673936E-01   5.726118E-01   5.784630E-01
   5.790005E-01   5.280960E-01   5.281724E-01   5.301455E-01   5.317269E-01
   5.335022E-01   5.355248E-01   5.377259E-01   5.401622E-01   5.428064E-01
   5.457694E-01   5.489828E-01   5.524698E-01   5.562568E-01   5.604300E-01
   5.649755E-01   5.699364E-01   5.752339E-01   5.810424E-01   5.874312E-01
   5.944057E-01   5.950351E-01   5.320469E-01   5.321271E-01   5.345280E-01
   5.366605E-01   5.390224E-01   5.416311E-01   5.444606E-01   5.475775E-01
   5.509586E-01   5.545771E-01   5.585638E-01   5.629595E-01   5.676328E-01
   5.726749E-01   5.781954E-01   5.841151E-01   5.905566E-01   5.975911E-01
   6.053906E-01   6.139859E-01   6.147413E-01   5.372982E-01   5.373835E-01
   5.403832E-01   5.431256E-01   5.461469E-01   5.494236E-01   5.529792E-01
   5.568414E-01   5.610420E-01   5.656182E-01   5.704902E-01   5.757538E-01
   5.814558E-01   5.875779E-01   5.941707E-01   6.014614E-01   6.092878E-01
   6.179127E-01   6.274660E-01   6.381090E-01   6.390405E-01   5.440441E-01
   5.442753E-01   5.478664E-01   5.513089E-01   5.550987E-01   5.591634E-01
   5.636458E-01   5.684146E-01   5.735629E-01   5.790679E-01   5.849697E-01
   5.913912E-01   5.982399E-01   6.057392E-01   6.138919E-01   6.226910E-01
   6.324460E-01   6.430819E-01   6.550012E-01   6.684569E-01   6.696436E-01
   5.526223E-01   5.529792E-01   5.572154E-01   5.615457E-01   5.662653E-01
   5.712959E-01   5.766705E-01   5.824971E-01   5.886848E-01   5.954303E-01
   6.026421E-01   6.105576E-01   6.189900E-01   6.282102E-01   6.383412E-01
   6.492792E-01   6.615537E-01   6.751194E-01   6.905547E-01   7.082419E-01
   7.096223E-01   5.633020E-01   5.637032E-01   5.688989E-01   5.742022E-01
   5.798801E-01   5.859760E-01   5.926173E-01   5.997146E-01   6.074103E-01
   6.156929E-01   6.246393E-01   6.344537E-01   6.450312E-01   6.566080E-01
   6.694947E-01   6.836086E-01   6.994051E-01   7.173034E-01   7.379067E-01
   7.620092E-01   7.637429E-01   5.764077E-01   5.769340E-01   5.831271E-01
   5.895790E-01   5.965451E-01   6.040935E-01   6.122122E-01   6.210758E-01
   6.305807E-01   6.410443E-01   6.523679E-01   6.648159E-01   6.785792E-01
   6.937874E-01   7.106959E-01   7.296425E-01   7.508720E-01   7.752485E-01
   8.038442E-01   8.372528E-01   8.390879E-01   5.923863E-01   5.930809E-01
   6.005428E-01   6.085688E-01   6.172324E-01   6.265160E-01   6.367251E-01
   6.478888E-01   6.601606E-01   6.735757E-01   6.885713E-01   7.051535E-01
   7.237958E-01   7.446956E-01   7.682802E-01   7.949253E-01   8.243803E-01
   8.584826E-01   8.998196E-01   9.395481E-01   9.401707E-01   6.122122E-01
   6.129555E-01   6.221838E-01   6.322250E-01   6.430818E-01   6.550012E-01
   6.681619E-01   6.828670E-01   6.991650E-01   7.174493E-01   7.380731E-01
   7.614351E-01   7.880552E-01   8.185560E-01   8.535164E-01   8.938721E-01
   9.326512E-01   9.735880E-01   1.000000E+00   1.000000E+00   1.000000E+00
   6.370695E-01   6.379930E-01   6.496611E-01   6.625378E-01   6.767282E-01
   6.925841E-01   7.103570E-01   7.305022E-01   7.534070E-01   7.795418E-01
   8.097679E-01   8.445551E-01   8.843220E-01   9.286184E-01   9.745086E-01
   1.000000E+00   1.000000E+00   1.000000E+00   1.000000E+00   1.000000E+00
   1.000000E+00   6.467627E-01   6.508140E-01   6.639569E-01   6.784359E-01
   6.946250E-01   7.127855E-01   7.334094E-01   7.569086E-01   7.838742E-01
   8.151054E-01   8.511939E-01   8.924716E-01   9.378355E-01   9.813381E-01
   1.000000E+00   1.000000E+00   1.000000E+00   1.000000E+00   1.000000E+00
   1.000000E+00   1.000000E+00   5.224191E-01   5.229905E-01   5.229905E-01
   5.228473E-01   5.227400E-01   5.226329E-01   5.224903E-01   5.223835E-01
   5.222768E-01   5.222413E-01   5.222768E-01   5.223835E-01   5.225259E-01
   5.227757E-01   5.230622E-01   5.234579E-01   5.239279E-01   5.245103E-01
   5.250602E-01   5.263954E-01   5.266201E-01   5.233138E-01   5.242186E-01
   5.244008E-01   5.241458E-01   5.239642E-01   5.238192E-01   5.237106E-01
   5.236745E-01   5.236745E-01   5.237468E-01   5.238192E-01   5.240005E-01
   5.241822E-01   5.244373E-01   5.246932E-01   5.250234E-01   5.255028E-01
   5.259851E-01   5.265451E-01   5.277530E-01   5.275251E-01   5.232059E-01
   5.240731E-01   5.243279E-01   5.240731E-01   5.240731E-01   5.240731E-01
   5.241095E-01   5.242186E-01   5.244008E-01   5.245469E-01   5.248398E-01
   5.251338E-01   5.255028E-01   5.259107E-01   5.264328E-01   5.269960E-01
   5.276770E-01   5.284404E-01   5.293273E-01   5.307744E-01   5.307744E-01
   5.228831E-01   5.236383E-01   5.240368E-01   5.239279E-01   5.240368E-01
   5.241822E-01   5.244008E-01   5.246200E-01   5.249499E-01   5.252812E-01
   5.256879E-01   5.261340E-01   5.266576E-01   5.272979E-01   5.279815E-01
   5.288248E-01   5.297938E-01   5.308929E-01   5.320870E-01   5.339110E-01
   5.338291E-01   5.227757E-01   5.236745E-01   5.242914E-01   5.243279E-01
   5.245469E-01   5.248398E-01   5.251706E-01   5.255398E-01   5.259851E-01
   5.265076E-01   5.270713E-01   5.277150E-01   5.284787E-01   5.293660E-01
   5.303415E-01   5.314878E-01   5.328118E-01   5.342807E-01   5.359436E-01
   5.382421E-01   5.381990E-01   5.230981E-01   5.240731E-01   5.248031E-01
   5.249499E-01   5.253919E-01   5.257621E-01   5.262833E-01   5.268454E-01
   5.274493E-01   5.281342E-01   5.289791E-01   5.299109E-01   5.309324E-01
   5.321672E-01   5.335430E-01   5.351080E-01   5.368725E-01   5.388919E-01
   5.410941E-01   5.439980E-01   5.440441E-01   5.238917E-01   5.247665E-01
   5.256509E-01   5.260223E-01   5.265451E-01   5.271845E-01   5.278291E-01
   5.286324E-01   5.294825E-01   5.304987E-01   5.316073E-01   5.328927E-01
   5.343630E-01   5.359856E-01   5.378118E-01   5.399418E-01   5.422620E-01
   5.449258E-01   5.478664E-01   5.514093E-01   5.515600E-01   5.251706E-01
   5.257992E-01   5.268830E-01   5.274872E-01   5.282106E-01   5.290950E-01
   5.300281E-01   5.310907E-01   5.323279E-01   5.336655E-01   5.352328E-01
   5.369575E-01   5.389354E-01   5.410941E-01   5.435377E-01   5.462890E-01
   5.493254E-01   5.526732E-01   5.564158E-01   5.607633E-01   5.610420E-01
   5.269583E-01   5.272979E-01   5.286708E-01   5.295602E-01   5.306167E-01
   5.317668E-01   5.330548E-01   5.345280E-01   5.361960E-01   5.380267E-01
   5.400740E-01   5.423978E-01   5.449724E-01   5.478182E-01   5.509586E-01
   5.544732E-01   5.582925E-01   5.625047E-01   5.670954E-01   5.723598E-01
   5.728013E-01   5.293660E-01   5.294436E-01   5.311700E-01   5.324083E-01
   5.337881E-01   5.353995E-01   5.371702E-01   5.391531E-01   5.413622E-01
   5.438136E-01   5.465261E-01   5.494727E-01   5.527751E-01   5.564158E-01
   5.603746E-01   5.646848E-01   5.694468E-01   5.746522E-01   5.803570E-01
   5.867010E-01   5.872116E-01   5.324889E-01   5.325292E-01   5.346106E-01
   5.363224E-01   5.381990E-01   5.403389E-01   5.427155E-01   5.452997E-01
   5.481563E-01   5.513089E-01   5.547854E-01   5.585638E-01   5.626182E-01
   5.670954E-01   5.720456E-01   5.773968E-01   5.831973E-01   5.895042E-01
   5.963852E-01   6.040935E-01   6.047833E-01   5.367029E-01   5.367453E-01
   5.393278E-01   5.415414E-01   5.440903E-01   5.468593E-01   5.499158E-01
   5.532863E-01   5.568947E-01   5.608190E-01   5.651504E-01   5.698137E-01
   5.749103E-01   5.804254E-01   5.863379E-01   5.928488E-01   5.999624E-01
   6.075878E-01   6.161717E-01   6.256782E-01   6.265160E-01   5.423072E-01
   5.423525E-01   5.455342E-01   5.484957E-01   5.517614E-01   5.553081E-01
   5.591088E-01   5.632448E-01   5.677527E-01   5.726749E-01   5.779951E-01
   5.836904E-01   5.899539E-01   5.966252E-01   6.039217E-01   6.118423E-01
   6.205757E-01   6.301461E-01   6.408068E-01   6.527594E-01   6.536777E-01
   5.495218E-01   5.497679E-01   5.535944E-01   5.572690E-01   5.613775E-01
   5.657355E-01   5.705519E-01   5.757538E-01   5.813178E-01   5.872848E-01
   5.937802E-01   6.007925E-01   6.083003E-01   6.166526E-01   6.256782E-01
   6.354704E-01   6.463896E-01   6.585087E-01   6.720496E-01   6.874116E-01
   6.886741E-01   5.587270E-01   5.591088E-01   5.636458E-01   5.683543E-01
   5.733719E-01   5.788658E-01   5.846840E-01   5.910110E-01   5.978339E-01
   6.052168E-01   6.132356E-01   6.218805E-01   6.313452E-01   6.416400E-01
   6.530211E-01   6.655360E-01   6.793779E-01   6.950726E-01   7.129879E-01
   7.337331E-01   7.353616E-01   5.702437E-01   5.706755E-01   5.762766E-01
   5.820098E-01   5.882406E-01   5.948774E-01   6.021344E-01   6.099209E-01
   6.184011E-01   6.275720E-01   6.376459E-01   6.486452E-01   6.605770E-01
   6.737292E-01   6.884857E-01   7.049039E-01   7.233616E-01   7.444730E-01
   7.690762E-01   7.981531E-01   8.002560E-01   5.844703E-01   5.850412E-01
   5.916964E-01   5.988109E-01   6.064397E-01   6.147413E-01   6.238149E-01
   6.335572E-01   6.442965E-01   6.560702E-01   6.689007E-01   6.831632E-01
   6.990544E-01   7.167624E-01   7.366528E-01   7.591841E-01   7.846784E-01
   8.142424E-01   8.492257E-01   8.897821E-01   8.919899E-01   6.019658E-01
   6.025573E-01   6.108317E-01   6.196810E-01   6.292818E-01   6.397439E-01
   6.512006E-01   6.638143E-01   6.777692E-01   6.933084E-01   7.106560E-01
   7.300944E-01   7.521865E-01   7.772338E-01   8.057655E-01   8.382883E-01
   8.742112E-01   9.151013E-01   9.610588E-01   9.952181E-01   9.955697E-01
   6.237123E-01   6.245359E-01   6.349045E-01   6.460176E-01   6.583720E-01
   6.718979E-01   6.870723E-01   7.040238E-01   7.230368E-01   7.446214E-01
   7.692757E-01   7.974901E-01   8.298974E-01   8.671737E-01   9.093018E-01
   9.549004E-01   9.903351E-01   1.000000E+00   1.000000E+00   1.000000E+00
   1.000000E+00   6.515885E-01   6.526287E-01   6.658252E-01   6.804557E-01
   6.968771E-01   7.153359E-01   7.362056E-01   7.601840E-01   7.877085E-01
   8.195099E-01   8.564164E-01   8.985937E-01   9.445802E-01   9.875992E-01
   1.000000E+00   1.000000E+00   1.000000E+00   1.000000E+00   1.000000E+00
   1.000000E+00   1.000000E+00   6.625379E-01   6.671344E-01   6.821130E-01
   6.988149E-01   7.176581E-01   7.390508E-01   7.636047E-01   7.919422E-01
   8.247188E-01   8.628822E-01   9.064515E-01   9.534125E-01   9.941610E-01
   1.000000E+00   1.000000E+00   1.000000E+00   1.000000E+00   1.000000E+00
   1.000000E+00   1.000000E+00   1.000000E+00   5.278291E-01   5.283637E-01
   5.284020E-01   5.282489E-01   5.281342E-01   5.279815E-01   5.278291E-01
   5.276770E-01   5.276010E-01   5.275251E-01   5.275631E-01   5.276770E-01
   5.278291E-01   5.280960E-01   5.284020E-01   5.288633E-01   5.294048E-01
   5.300281E-01   5.306561E-01   5.320870E-01   5.322475E-01   5.287093E-01
   5.295602E-01   5.297548E-01   5.294436E-01   5.292497E-01   5.290950E-01
   5.289791E-01   5.289405E-01   5.289019E-01   5.289791E-01   5.290563E-01
   5.292497E-01   5.294436E-01   5.297548E-01   5.300281E-01   5.304593E-01
   5.309720E-01   5.315276E-01   5.321672E-01   5.335022E-01   5.331360E-01
   5.285939E-01   5.293660E-01   5.296769E-01   5.293660E-01   5.293273E-01
   5.293273E-01   5.293660E-01   5.294825E-01   5.296769E-01   5.298718E-01
   5.301847E-01   5.304987E-01   5.309324E-01   5.314082E-01   5.319668E-01
   5.326098E-01   5.333799E-01   5.342395E-01   5.352328E-01   5.368725E-01
   5.367453E-01   5.282489E-01   5.289019E-01   5.293273E-01   5.291723E-01
   5.292885E-01   5.294436E-01   5.296769E-01   5.299109E-01   5.303023E-01
   5.306561E-01   5.311303E-01   5.316471E-01   5.322475E-01   5.329737E-01
   5.337472E-01   5.346933E-01   5.357759E-01   5.370000E-01   5.383717E-01
   5.403832E-01   5.402064E-01   5.280960E-01   5.289019E-01   5.295602E-01
   5.295991E-01   5.298328E-01   5.301847E-01   5.305380E-01   5.309720E-01
   5.314878E-01   5.320469E-01   5.326905E-01   5.334614E-01   5.343218E-01
   5.352745E-01   5.364068E-01   5.376831E-01   5.391968E-01   5.408268E-01
   5.427155E-01   5.452529E-01   5.451126E-01   5.284020E-01   5.293273E-01
   5.301063E-01   5.303023E-01   5.307744E-01   5.312096E-01   5.318068E-01
   5.324486E-01   5.331360E-01   5.339110E-01   5.348590E-01   5.359017E-01
   5.370851E-01   5.384582E-01   5.399859E-01   5.417659E-01   5.437215E-01
   5.460052E-01   5.484957E-01   5.517110E-01   5.516606E-01   5.292885E-01
   5.301063E-01   5.310907E-01   5.314878E-01   5.320870E-01   5.328118E-01
   5.335430E-01   5.344455E-01   5.354413E-01   5.365336E-01   5.378118E-01
   5.392841E-01   5.409158E-01   5.427155E-01   5.447860E-01   5.471937E-01
   5.498172E-01   5.527751E-01   5.560451E-01   5.600427E-01   5.601532E-01
   5.307350E-01   5.312493E-01   5.324889E-01   5.331766E-01   5.339930E-01
   5.349834E-01   5.360277E-01   5.372555E-01   5.386314E-01   5.401622E-01
   5.419009E-01   5.438596E-01   5.460524E-01   5.484957E-01   5.512588E-01
   5.543175E-01   5.577524E-01   5.615457E-01   5.657355E-01   5.705519E-01
   5.708612E-01   5.327309E-01   5.329737E-01   5.345280E-01   5.354830E-01
   5.366605E-01   5.379836E-01   5.394590E-01   5.410941E-01   5.429431E-01
   5.450191E-01   5.473374E-01   5.499652E-01   5.528771E-01   5.560451E-01
   5.596020E-01   5.634738E-01   5.678127E-01   5.725487E-01   5.777953E-01
   5.837611E-01   5.841860E-01   5.353995E-01   5.354413E-01   5.372982E-01
   5.387181E-01   5.402947E-01   5.420813E-01   5.440903E-01   5.462889E-01
   5.487876E-01   5.515600E-01   5.545771E-01   5.579141E-01   5.616580E-01
   5.656768E-01   5.701206E-01   5.750396E-01   5.804254E-01   5.863379E-01
   5.928488E-01   6.000451E-01   6.006260E-01   5.389789E-01   5.388919E-01
   5.412280E-01   5.431256E-01   5.452529E-01   5.476737E-01   5.503116E-01
   5.532350E-01   5.564158E-01   5.599875E-01   5.638757E-01   5.681132E-01
   5.727381E-01   5.777953E-01   5.833380E-01   5.894294E-01   5.960659E-01
   6.033226E-01   6.113818E-01   6.202767E-01   6.209756E-01   5.436756E-01
   5.435837E-01   5.464787E-01   5.489828E-01   5.518622E-01   5.549419E-01
   5.584009E-01   5.621087E-01   5.662063E-01   5.706755E-01   5.754935E-01
   5.808363E-01   5.866283E-01   5.929261E-01   5.997146E-01   6.072332E-01
   6.154066E-01   6.244327E-01   6.344537E-01   6.457703E-01   6.466382E-01
   5.499652E-01   5.499158E-01   5.534916E-01   5.567881E-01   5.604300E-01
   5.643951E-01   5.687170E-01   5.733719E-01   5.785300E-01   5.841151E-01
   5.901795E-01   5.967054E-01   6.038359E-01   6.115658E-01   6.199784E-01
   6.293895E-01   6.396264E-01   6.510716E-01   6.638143E-01   6.783245E-01
   6.795222E-01   5.580761E-01   5.582384E-01   5.624481E-01   5.666794E-01
   5.712337E-01   5.762111E-01   5.816632E-01   5.875045E-01   5.939362E-01
   6.007925E-01   6.083003E-01   6.163638E-01   6.252615E-01   6.349045E-01
   6.456468E-01   6.574191E-01   6.705408E-01   6.853715E-01   7.021286E-01
   7.214655E-01   7.230368E-01   5.684146E-01   5.687170E-01   5.738181E-01
   5.791353E-01   5.848982E-01   5.910869E-01   5.978339E-01   6.050432E-01
   6.129555E-01   6.215781E-01   6.309078E-01   6.412822E-01   6.524982E-01
   6.649596E-01   6.786907E-01   6.940542E-01   7.113758E-01   7.312297E-01
   7.542692E-01   7.813603E-01   7.834735E-01   5.813868E-01   5.818017E-01
   5.880929E-01   5.947199E-01   6.017974E-01   6.095587E-01   6.179127E-01
   6.270428E-01   6.370695E-01   6.480145E-01   6.600222E-01   6.732691E-01
   6.879902E-01   7.043484E-01   7.228422E-01   7.438070E-01   7.677703E-01
   7.956126E-01   8.285151E-01   8.677091E-01   8.705363E-01   5.975911E-01
   5.981586E-01   6.058265E-01   6.140801E-01   6.228946E-01   6.326674E-01
   6.434450E-01   6.551344E-01   6.680146E-01   6.823584E-01   6.982638E-01
   7.160992E-01   7.362996E-01   7.591572E-01   7.852371E-01   8.152136E-01
   8.496014E-01   8.893517E-01   9.346717E-01   9.800291E-01   9.820797E-01
   6.177179E-01   6.184990E-01   6.281036E-01   6.385738E-01   6.499164E-01
   6.625379E-01   6.765240E-01   6.919687E-01   7.092859E-01   7.289446E-01
   7.512061E-01   7.765795E-01   8.058690E-01   8.395288E-01   8.779769E-01
   9.208567E-01   9.641135E-01   9.985331E-01   1.000000E+00   1.000000E+00
   1.000000E+00   6.434450E-01   6.442965E-01   6.566080E-01   6.700914E-01
   6.852042E-01   7.019968E-01   7.209951E-01   7.426295E-01   7.672901E-01
   7.957766E-01   8.287832E-01   8.668173E-01   9.100045E-01   9.561800E-01
   9.955001E-01   1.000000E+00   1.000000E+00   1.000000E+00   1.000000E+00
   1.000000E+00   1.000000E+00   6.769483E-01   6.780863E-01   6.943750E-01
   7.126035E-01   7.334094E-01   7.571748E-01   7.845544E-01   8.164791E-01
   8.535588E-01   8.962501E-01   9.434913E-01   9.877758E-01   1.000000E+00
   1.000000E+00   1.000000E+00   1.000000E+00   1.000000E+00   1.000000E+00
   1.000000E+00   1.000000E+00   1.000000E+00   6.902597E-01   6.959359E-01
   7.146175E-01   7.358299E-01   7.601569E-01   7.882445E-01   8.210227E-01
   8.592182E-01   9.031231E-01   9.511481E-01   9.936707E-01   1.000000E+00
   1.000000E+00   1.000000E+00   1.000000E+00   1.000000E+00   1.000000E+00
   1.000000E+00   1.000000E+00   1.000000E+00   1.000000E+00   5.344042E-01
   5.349419E-01   5.349834E-01   5.348175E-01   5.346933E-01   5.345280E-01
   5.343630E-01   5.341573E-01   5.340340E-01   5.339520E-01   5.339520E-01
   5.340340E-01   5.342395E-01   5.345280E-01   5.349004E-01   5.354413E-01
   5.360697E-01   5.368301E-01   5.375546E-01   5.392404E-01   5.392841E-01
   5.353161E-01   5.360697E-01   5.362802E-01   5.359436E-01   5.356502E-01
   5.354830E-01   5.352745E-01   5.352328E-01   5.351912E-01   5.352328E-01
   5.353161E-01   5.355248E-01   5.358178E-01   5.361539E-01   5.365336E-01
   5.370425E-01   5.376831E-01   5.383717E-01   5.391968E-01   5.406935E-01
   5.402064E-01   5.351912E-01   5.358178E-01   5.361118E-01   5.357759E-01
   5.356921E-01   5.356921E-01   5.356921E-01   5.358178E-01   5.360277E-01
   5.362381E-01   5.366182E-01   5.370425E-01   5.375118E-01   5.381128E-01
   5.388049E-01   5.395904E-01   5.405160E-01   5.415863E-01   5.427609E-01
   5.446929E-01   5.444143E-01   5.347761E-01   5.351912E-01   5.356502E-01
   5.354830E-01   5.356084E-01   5.357759E-01   5.360277E-01   5.363224E-01
   5.367453E-01   5.372129E-01   5.377688E-01   5.384149E-01   5.391531E-01
   5.400299E-01   5.410049E-01   5.421264E-01   5.434460E-01   5.449258E-01
   5.465737E-01   5.489340E-01   5.485929E-01   5.345280E-01   5.351496E-01
   5.359017E-01   5.359436E-01   5.362381E-01   5.366605E-01   5.370425E-01
   5.375546E-01   5.381990E-01   5.388919E-01   5.396781E-01   5.406047E-01
   5.416311E-01   5.428520E-01   5.441827E-01   5.457694E-01   5.475294E-01
   5.495218E-01   5.518118E-01   5.547854E-01   5.544732E-01   5.348590E-01
   5.356084E-01   5.365336E-01   5.367877E-01   5.373408E-01   5.378977E-01
   5.385880E-01   5.393715E-01   5.402064E-01   5.411834E-01   5.423072E-01
   5.435837E-01   5.450191E-01   5.466688E-01   5.484957E-01   5.506594E-01
   5.530303E-01   5.557285E-01   5.587270E-01   5.624481E-01   5.622782E-01
   5.358597E-01   5.365759E-01   5.376831E-01   5.381990E-01   5.389354E-01
   5.398099E-01   5.407379E-01   5.418109E-01   5.429887E-01   5.443679E-01
   5.459108E-01   5.476256E-01   5.496201E-01   5.518118E-01   5.543175E-01
   5.571619E-01   5.602638E-01   5.638182E-01   5.676927E-01   5.723598E-01
   5.723598E-01   5.375546E-01   5.380267E-01   5.394152E-01   5.402505E-01
   5.412727E-01   5.424431E-01   5.437215E-01   5.452061E-01   5.468593E-01
   5.486902E-01   5.508089E-01   5.531326E-01   5.557812E-01   5.586725E-01
   5.619958E-01   5.656768E-01   5.696913E-01   5.742022E-01   5.792028E-01
   5.848982E-01   5.851845E-01   5.399418E-01   5.400740E-01   5.418559E-01
   5.430800E-01   5.445070E-01   5.460997E-01   5.478664E-01   5.498665E-01
   5.520643E-01   5.545251E-01   5.573226E-01   5.604300E-01   5.638757E-01
   5.676927E-01   5.719203E-01   5.765390E-01   5.817324E-01   5.874312E-01
   5.936244E-01   6.007925E-01   6.012101E-01   5.432170E-01   5.430800E-01
   5.452529E-01   5.469547E-01   5.488852E-01   5.510086E-01   5.533889E-01
   5.560451E-01   5.589995E-01   5.622782E-01   5.659118E-01   5.699364E-01
   5.743305E-01   5.792028E-01   5.845415E-01   5.904056E-01   5.968659E-01
   6.040075E-01   6.118423E-01   6.207754E-01   6.213769E-01   5.474814E-01
   5.472416E-01   5.499652E-01   5.522161E-01   5.547854E-01   5.576447E-01
   5.608190E-01   5.642794E-01   5.681132E-01   5.723598E-01   5.770000E-01
   5.820098E-01   5.875779E-01   5.936244E-01   6.003766E-01   6.077655E-01
   6.158842E-01   6.248463E-01   6.347916E-01   6.458939E-01   6.467627E-01
   5.531326E-01   5.529281E-01   5.562568E-01   5.592729E-01   5.626750E-01
   5.663834E-01   5.704285E-01   5.749103E-01   5.798122E-01   5.851128E-01
   5.909351E-01   5.973488E-01   6.043516E-01   6.120271E-01   6.203762E-01
   6.296051E-01   6.398616E-01   6.512006E-01   6.639569E-01   6.785632E-01
   6.797309E-01   5.605965E-01   5.604300E-01   5.645688E-01   5.685355E-01
   5.728645E-01   5.775959E-01   5.827066E-01   5.883145E-01   5.944842E-01
   6.012101E-01   6.085688E-01   6.166526E-01   6.253655E-01   6.350175E-01
   6.456468E-01   6.574191E-01   6.706909E-01   6.856060E-01   7.025434E-01
   7.220448E-01   7.236437E-01   5.701821E-01   5.702437E-01   5.752987E-01
   5.802888E-01   5.857595E-01   5.916964E-01   5.982399E-01   6.053906E-01
   6.131422E-01   6.215781E-01   6.309078E-01   6.410443E-01   6.522376E-01
   6.646723E-01   6.785314E-01   6.940542E-01   7.116366E-01   7.317776E-01
   7.550831E-01   7.825518E-01   7.847714E-01   5.824971E-01   5.827766E-01
   5.888332E-01   5.951930E-01   6.021344E-01   6.096491E-01   6.179127E-01
   6.269373E-01   6.367251E-01   6.475123E-01   6.594697E-01   6.726579E-01
   6.874455E-01   7.039475E-01   7.225831E-01   7.437824E-01   7.681668E-01
   7.967304E-01   8.305531E-01   8.708070E-01   8.739374E-01   5.979961E-01
   5.984843E-01   6.060889E-01   6.140801E-01   6.227928E-01   6.324460E-01
   6.428404E-01   6.544701E-01   6.672807E-01   6.815095E-01   6.973682E-01
   7.151920E-01   7.353382E-01   7.582167E-01   7.845854E-01   8.151055E-01
   8.506061E-01   8.919417E-01   9.388733E-01   9.853693E-01   9.879477E-01
   6.177179E-01   6.184011E-01   6.277843E-01   6.379930E-01   6.491521E-01
   6.616938E-01   6.754303E-01   6.908503E-01   7.080850E-01   7.275358E-01
   7.495930E-01   7.748658E-01   8.040834E-01   8.377700E-01   8.765939E-01
   9.203453E-01   9.658817E-01   9.998482E-01   1.000000E+00   1.000000E+00
   1.000000E+00   6.427198E-01   6.436877E-01   6.558021E-01   6.691973E-01
   6.840058E-01   7.006672E-01   7.194655E-01   7.407579E-01   7.651032E-01
   7.933308E-01   8.259646E-01   8.636736E-01   9.069004E-01   9.534125E-01
   9.939504E-01   1.000000E+00   1.000000E+00   1.000000E+00   1.000000E+00
   1.000000E+00   1.000000E+00   6.755860E-01   6.766967E-01   6.928133E-01
   7.108955E-01   7.313893E-01   7.547939E-01   7.818177E-01   8.132756E-01
   8.498104E-01   8.921343E-01   9.391847E-01   9.845087E-01   1.000000E+00
   1.000000E+00   1.000000E+00   1.000000E+00   1.000000E+00   1.000000E+00
   1.000000E+00   1.000000E+00   1.000000E+00   7.199949E-01   7.215726E-01
   7.439794E-01   7.696469E-01   7.996529E-01   8.346443E-01   8.754002E-01
   9.219830E-01   9.704584E-01   1.000000E+00   1.000000E+00   1.000000E+00
   1.000000E+00   1.000000E+00   1.000000E+00   1.000000E+00   1.000000E+00
   1.000000E+00   1.000000E+00   1.000000E+00   1.000000E+00   7.382634E-01
   7.461623E-01   7.724698E-01   8.031283E-01   8.390479E-01   8.808542E-01
   9.284119E-01   9.767399E-01   1.000000E+00   1.000000E+00   1.000000E+00
   1.000000E+00   1.000000E+00   1.000000E+00   1.000000E+00   1.000000E+00
   1.000000E+00   1.000000E+00   1.000000E+00   1.000000E+00   1.000000E+00
   5.417659E-01   5.423525E-01   5.423978E-01   5.422168E-01   5.420813E-01
   5.419009E-01   5.416311E-01   5.414070E-01   5.411834E-01   5.410495E-01
   5.410049E-01   5.410941E-01   5.413174E-01   5.416761E-01   5.421264E-01
   5.428064E-01   5.436296E-01   5.445999E-01   5.455812E-01   5.475775E-01
   5.475294E-01   5.427609E-01   5.434460E-01   5.436296E-01   5.432170E-01
   5.428064E-01   5.425338E-01   5.422620E-01   5.421264E-01   5.420362E-01
   5.420813E-01   5.422168E-01   5.424431E-01   5.428064E-01   5.432628E-01
   5.438136E-01   5.444606E-01   5.453466E-01   5.462889E-01   5.473854E-01
   5.492274E-01   5.486415E-01   5.426246E-01   5.430343E-01   5.433543E-01
   5.428975E-01   5.427155E-01   5.426700E-01   5.426700E-01   5.427609E-01
   5.429887E-01   5.433085E-01   5.437675E-01   5.443216E-01   5.449724E-01
   5.457223E-01   5.466688E-01   5.477218E-01   5.489340E-01   5.503612E-01
   5.519632E-01   5.543175E-01   5.539036E-01   5.420813E-01   5.421716E-01
   5.426700E-01   5.424431E-01   5.425338E-01   5.427609E-01   5.430343E-01
   5.434460E-01   5.439518E-01   5.445535E-01   5.452997E-01   5.461943E-01
   5.471459E-01   5.483016E-01   5.496201E-01   5.511086E-01   5.528771E-01
   5.547854E-01   5.570015E-01   5.598772E-01   5.593825E-01   5.416761E-01
   5.419911E-01   5.428064E-01   5.428975E-01   5.432628E-01   5.437675E-01
   5.443216E-01   5.450191E-01   5.458636E-01   5.467640E-01   5.478182E-01
   5.490317E-01   5.504605E-01   5.520137E-01   5.538520E-01   5.558867E-01
   5.581842E-01   5.607633E-01   5.637032E-01   5.673936E-01   5.669763E-01
   5.419911E-01   5.425338E-01   5.436755E-01   5.439980E-01   5.447394E-01
   5.454403E-01   5.463363E-01   5.473854E-01   5.484957E-01   5.498172E-01
   5.513089E-01   5.529792E-01   5.548897E-01   5.570549E-01   5.594922E-01
   5.622216E-01   5.652671E-01   5.687776E-01   5.726118E-01   5.771982E-01
   5.769340E-01   5.432170E-01   5.437675E-01   5.451593E-01   5.458636E-01
   5.468593E-01   5.479629E-01   5.491784E-01   5.506097E-01   5.522161E-01
   5.540069E-01   5.560451E-01   5.582925E-01   5.608747E-01   5.637607E-01
   5.669169E-01   5.705519E-01   5.745878E-01   5.790679E-01   5.841151E-01
   5.898788E-01   5.898788E-01   5.453466E-01   5.457223E-01   5.474814E-01
   5.485929E-01   5.499158E-01   5.514595E-01   5.531838E-01   5.550987E-01
   5.572690E-01   5.596570E-01   5.623914E-01   5.654425E-01   5.688383E-01
   5.726118E-01   5.768022E-01   5.814558E-01   5.866283E-01   5.923863E-01
   5.988109E-01   6.060889E-01   6.063519E-01   5.484957E-01   5.485443E-01
   5.507092E-01   5.523175E-01   5.541620E-01   5.562568E-01   5.585638E-01
   5.611537E-01   5.640485E-01   5.672145E-01   5.707993E-01   5.747811E-01
   5.792028E-01   5.840442E-01   5.895042E-01   5.954303E-01   6.020501E-01
   6.093780E-01   6.174264E-01   6.266212E-01   6.271484E-01   5.527241E-01
   5.525206E-01   5.552033E-01   5.574298E-01   5.598772E-01   5.626750E-01
   5.657355E-01   5.691420E-01   5.729278E-01   5.771321E-01   5.818017E-01
   5.869195E-01   5.925403E-01   5.988109E-01   6.056519E-01   6.132356E-01
   6.215781E-01   6.310170E-01   6.414014E-01   6.532833E-01   6.540733E-01
   5.582925E-01   5.579681E-01   5.612655E-01   5.642216E-01   5.675131E-01
   5.711715E-01   5.752338E-01   5.796764E-01   5.845415E-01   5.899539E-01
   5.959067E-01   6.023879E-01   6.095587E-01   6.174264E-01   6.263060E-01
   6.360391E-01   6.467627E-01   6.589197E-01   6.725056E-01   6.879902E-01
   6.892236E-01   5.656182E-01   5.652671E-01   5.693857E-01   5.732448E-01
   5.775295E-01   5.822880E-01   5.875045E-01   5.932359E-01   5.994674E-01
   6.063519E-01   6.138919E-01   6.221838E-01   6.314548E-01   6.416400E-01
   6.528902E-01   6.653917E-01   6.796024E-01   6.955576E-01   7.139839E-01
   7.352915E-01   7.370539E-01   5.751043E-01   5.749103E-01   5.799481E-01
   5.850412E-01   5.905566E-01   5.966252E-01   6.032373E-01   6.104665E-01
   6.184990E-01   6.272542E-01   6.370695E-01   6.477631E-01   6.596076E-01
   6.729631E-01   6.877346E-01   7.045206E-01   7.237958E-01   7.459877E-01
   7.718612E-01   8.024488E-01   8.050429E-01   5.873580E-01   5.873580E-01
   5.936244E-01   6.000451E-01   6.071448E-01   6.148361E-01   6.233027E-01
   6.327782E-01   6.430818E-01   6.544701E-01   6.671344E-01   6.811844E-01
   6.969316E-01   7.149044E-01   7.353382E-01   7.587804E-01   7.860469E-01
   8.181171E-01   8.560307E-01   9.008523E-01   9.044615E-01   6.030669E-01
   6.033226E-01   6.111064E-01   6.192856E-01   6.284237E-01   6.383412E-01
   6.494064E-01   6.615537E-01   6.751194E-01   6.902597E-01   7.073028E-01
   7.266699E-01   7.487034E-01   7.740441E-01   8.033666E-01   8.375709E-01
   8.774691E-01   9.234702E-01   9.719709E-01   1.000000E+00   1.000000E+00
   6.230985E-01   6.236098E-01   6.335572E-01   6.441745E-01   6.559361E-01
   6.690489E-01   6.836747E-01   6.999977E-01   7.186012E-01   7.396979E-01
   7.637982E-01   7.915885E-01   8.238172E-01   8.611750E-01   9.041637E-01
   9.511481E-01   9.931865E-01   1.000000E+00   1.000000E+00   1.000000E+00
   1.000000E+00   6.492792E-01   6.500442E-01   6.628204E-01   6.768539E-01
   6.925488E-01   7.103969E-01   7.306384E-01   7.537462E-01   7.803580E-01
   8.112136E-01   8.469829E-01   8.883972E-01   9.347754E-01   9.805765E-01
   1.000000E+00   1.000000E+00   1.000000E+00   1.000000E+00   1.000000E+00
   1.000000E+00   1.000000E+00   6.835591E-01   6.847536E-01   7.018276E-01
   7.212515E-01   7.433644E-01   7.687915E-01   7.982528E-01   8.325702E-01
   8.723908E-01   9.180489E-01   9.660802E-01   1.000000E+00   1.000000E+00
   1.000000E+00   1.000000E+00   1.000000E+00   1.000000E+00   1.000000E+00
   1.000000E+00   1.000000E+00   1.000000E+00   7.307292E-01   7.324651E-01
   7.566959E-01   7.846784E-01   8.173511E-01   8.554319E-01   8.996233E-01
   9.484635E-01   9.925489E-01   1.000000E+00   1.000000E+00   1.000000E+00
   1.000000E+00   1.000000E+00   1.000000E+00   1.000000E+00   1.000000E+00
   1.000000E+00   1.000000E+00   1.000000E+00   1.000000E+00   7.988850E-01
   8.014675E-01   8.375709E-01   8.796444E-01   9.278444E-01   9.768699E-01
   1.000000E+00   1.000000E+00   1.000000E+00   1.000000E+00   1.000000E+00
   1.000000E+00   1.000000E+00   1.000000E+00   1.000000E+00   1.000000E+00
   1.000000E+00   1.000000E+00   1.000000E+00   1.000000E+00   1.000000E+00
   8.283238E-01   8.412197E-01   8.842278E-01   9.331691E-01   9.818905E-01
   1.000000E+00   1.000000E+00   1.000000E+00   1.000000E+00   1.000000E+00
   1.000000E+00   1.000000E+00   1.000000E+00   1.000000E+00   1.000000E+00
   1.000000E+00   1.000000E+00   1.000000E+00   1.000000E+00   1.000000E+00
   1.000000E+00   5.482531E-01   5.488852E-01   5.489828E-01   5.488364E-01
   5.486415E-01   5.483986E-01   5.481079E-01   5.477700E-01   5.474814E-01
   5.472416E-01   5.471459E-01   5.472416E-01   5.474814E-01   5.479147E-01
   5.485443E-01   5.493745E-01   5.504605E-01   5.517614E-01   5.531838E-01
   5.555706E-01   5.555706E-01   5.494236E-01   5.500641E-01   5.502125E-01
   5.497186E-01   5.491784E-01   5.487389E-01   5.483501E-01   5.481079E-01
   5.479629E-01   5.480112E-01   5.481079E-01   5.484471E-01   5.489340E-01
   5.495709E-01   5.503116E-01   5.512588E-01   5.524698E-01   5.538004E-01
   5.553606E-01   5.576985E-01   5.569481E-01   5.492764E-01   5.494727E-01
   5.498172E-01   5.492274E-01   5.488852E-01   5.487876E-01   5.486902E-01
   5.487876E-01   5.490806E-01   5.494727E-01   5.500641E-01   5.508089E-01
   5.517110E-01   5.527751E-01   5.540069E-01   5.555181E-01   5.571619E-01
   5.591088E-01   5.612655E-01   5.642216E-01   5.637032E-01   5.485443E-01
   5.482531E-01   5.487876E-01   5.484957E-01   5.485443E-01   5.487876E-01
   5.491295E-01   5.496694E-01   5.503612E-01   5.512087E-01   5.522161E-01
   5.533889E-01   5.547333E-01   5.563098E-01   5.580761E-01   5.601532E-01
   5.625047E-01   5.651504E-01   5.680530E-01   5.717325E-01   5.711715E-01
   5.479147E-01   5.478664E-01   5.488364E-01   5.489828E-01   5.494236E-01
   5.501135E-01   5.508588E-01   5.517614E-01   5.528771E-01   5.541620E-01
   5.556232E-01   5.573226E-01   5.592182E-01   5.613215E-01   5.638182E-01
   5.665609E-01   5.696913E-01   5.731179E-01   5.770000E-01   5.816632E-01
   5.811800E-01   5.482531E-01   5.485443E-01   5.499158E-01   5.504605E-01
   5.513591E-01   5.523682E-01   5.535944E-01   5.549941E-01   5.565220E-01
   5.582925E-01   5.603192E-01   5.626750E-01   5.652087E-01   5.681132E-01
   5.713581E-01   5.750396E-01   5.790679E-01   5.836199E-01   5.886848E-01
   5.945627E-01   5.942490E-01   5.497679E-01   5.502125E-01   5.519127E-01
   5.529281E-01   5.542656E-01   5.557812E-01   5.574835E-01   5.594373E-01
   5.616019E-01   5.640485E-01   5.667387E-01   5.698137E-01   5.732448E-01
   5.770660E-01   5.812489E-01   5.860483E-01   5.913150E-01   5.971875E-01
   6.037502E-01   6.111981E-01   6.111981E-01   5.526223E-01   5.529281E-01
   5.550987E-01   5.566284E-01   5.584552E-01   5.605410E-01   5.629025E-01
   5.655010E-01   5.684146E-01   5.716076E-01   5.752338E-01   5.792703E-01
   5.836904E-01   5.886848E-01   5.941707E-01   6.002937E-01   6.071448E-01
   6.147413E-01   6.230985E-01   6.326674E-01   6.330003E-01   5.567881E-01
   5.567881E-01   5.594922E-01   5.617142E-01   5.642216E-01   5.670358E-01
   5.701206E-01   5.735629E-01   5.773968E-01   5.815940E-01   5.862654E-01
   5.915437E-01   5.973488E-01   6.037502E-01   6.108317E-01   6.186952E-01
   6.274660E-01   6.371846E-01   6.481404E-01   6.604380E-01   6.612739E-01
   5.625047E-01   5.622216E-01   5.655596E-01   5.685960E-01   5.718576E-01
   5.755585E-01   5.796086E-01   5.841151E-01   5.891309E-01   5.946413E-01
   6.007092E-01   6.074103E-01   6.148361E-01   6.230985E-01   6.322250E-01
   6.424790E-01   6.538094E-01   6.666966E-01   6.812006E-01   6.977696E-01
   6.990175E-01   5.699364E-01   5.695078E-01   5.736904E-01   5.775959E-01
   5.819404E-01   5.867738E-01   5.920791E-01   5.979150E-01   6.043516E-01
   6.114738E-01   6.192856E-01   6.278907E-01   6.375304E-01   6.481404E-01
   6.601606E-01   6.735757E-01   6.887770E-01   7.060791E-01   7.259850E-01
   7.490587E-01   7.510004E-01   5.796086E-01   5.791353E-01   5.843280E-01
   5.894294E-01   5.951140E-01   6.012938E-01   6.081218E-01   6.156929E-01
   6.239177E-01   6.331114E-01   6.432028E-01   6.544701E-01   6.671344E-01
   6.813794E-01   6.973864E-01   7.156037E-01   7.365350E-01   7.607269E-01
   7.894163E-01   8.234425E-01   8.263814E-01   5.920024E-01   5.917728E-01
   5.982399E-01   6.048699E-01   6.121196E-01   6.200778E-01   6.289593E-01
   6.386903E-01   6.494064E-01   6.614137E-01   6.749642E-01   6.900346E-01
   7.070884E-01   7.265149E-01   7.487795E-01   7.746012E-01   8.050429E-01
   8.409371E-01   8.833811E-01   9.321853E-01   9.361754E-01   6.080326E-01
   6.081218E-01   6.161717E-01   6.246393E-01   6.341167E-01   6.444187E-01
   6.559361E-01   6.689007E-01   6.833445E-01   6.995530E-01   7.179300E-01
   7.388357E-01   7.628052E-01   7.908831E-01   8.236298E-01   8.619616E-01
   9.064016E-01   9.553615E-01   9.971237E-01   1.000000E+00   1.000000E+00
   6.287447E-01   6.290667E-01   6.393917E-01   6.504285E-01   6.628204E-01
   6.767439E-01   6.922848E-01   7.098205E-01   7.297779E-01   7.525233E-01
   7.788795E-01   8.095923E-01   8.453754E-01   8.869227E-01   9.336353E-01
   9.803257E-01   1.000000E+00   1.000000E+00   1.000000E+00   1.000000E+00
   1.000000E+00   6.556683E-01   6.564734E-01   6.699420E-01   6.848869E-01
   7.016961E-01   7.207604E-01   7.424829E-01   7.674312E-01   7.966315E-01
   8.305917E-01   8.700857E-01   9.152534E-01   9.632075E-01   9.996346E-01
   1.000000E+00   1.000000E+00   1.000000E+00   1.000000E+00   1.000000E+00
   1.000000E+00   1.000000E+00   6.920213E-01   6.932021E-01   7.114961E-01
   7.322356E-01   7.559538E-01   7.836275E-01   8.158996E-01   8.535588E-01
   8.971761E-01   9.453577E-01   9.900401E-01   1.000000E+00   1.000000E+00
   1.000000E+00   1.000000E+00   1.000000E+00   1.000000E+00   1.000000E+00
   1.000000E+00   1.000000E+00   1.000000E+00   7.422632E-01   7.441520E-01
   7.702195E-01   8.007936E-01   8.365385E-01   8.782542E-01   9.256804E-01
   9.743904E-01   1.000000E+00   1.000000E+00   1.000000E+00   1.000000E+00
   1.000000E+00   1.000000E+00   1.000000E+00   1.000000E+00   1.000000E+00
   1.000000E+00   1.000000E+00   1.000000E+00   1.000000E+00   8.159720E-01
   8.188857E-01   8.583530E-01   9.041141E-01   9.542339E-01   9.967307E-01
   1.000000E+00   1.000000E+00   1.000000E+00   1.000000E+00   1.000000E+00
   1.000000E+00   1.000000E+00   1.000000E+00   1.000000E+00   1.000000E+00
   1.000000E+00   1.000000E+00   1.000000E+00   1.000000E+00   1.000000E+00
   9.265042E-01   9.305816E-01   9.802045E-01   1.000000E+00   1.000000E+00
   1.000000E+00   1.000000E+00   1.000000E+00   1.000000E+00   1.000000E+00
   1.000000E+00   1.000000E+00   1.000000E+00   1.000000E+00   1.000000E+00
   1.000000E+00   1.000000E+00   1.000000E+00   1.000000E+00   1.000000E+00
   1.000000E+00   9.690259E-01   9.842448E-01   1.000000E+00   1.000000E+00
   1.000000E+00   1.000000E+00   1.000000E+00   1.000000E+00   1.000000E+00
   1.000000E+00   1.000000E+00   1.000000E+00   1.000000E+00   1.000000E+00
   1.000000E+00   1.000000E+00   1.000000E+00   1.000000E+00   1.000000E+00
   1.000000E+00   1.000000E+00   5.596020E-01   5.604300E-01   5.605965E-01
   5.605410E-01   5.602638E-01   5.599323E-01   5.594373E-01   5.588904E-01
   5.583467E-01   5.579141E-01   5.576447E-01   5.577524E-01   5.581301E-01
   5.588359E-01   5.599875E-01   5.614896E-01   5.635311E-01   5.659118E-01
   5.687170E-01   5.725487E-01   5.729278E-01   5.611537E-01   5.617142E-01
   5.619394E-01   5.610420E-01   5.601532E-01   5.592182E-01   5.584009E-01
   5.577524E-01   5.573226E-01   5.572690E-01   5.574835E-01   5.580221E-01
   5.589995E-01   5.602638E-01   5.618831E-01   5.638757E-01   5.662653E-01
   5.690204E-01   5.722340E-01   5.762766E-01   5.756887E-01   5.611537E-01
   5.607633E-01   5.609862E-01   5.599875E-01   5.592729E-01   5.587270E-01
   5.584552E-01   5.584552E-01   5.588359E-01   5.594922E-01   5.605965E-01
   5.619958E-01   5.637607E-01   5.659118E-01   5.684750E-01   5.714204E-01
   5.747811E-01   5.785300E-01   5.828466E-01   5.880929E-01   5.877983E-01
   5.599875E-01   5.584009E-01   5.589449E-01   5.583467E-01   5.582384E-01
   5.585095E-01   5.590541E-01   5.599875E-01   5.612655E-01   5.629025E-01
   5.648591E-01   5.672145E-01   5.699364E-01   5.730545E-01   5.766705E-01
   5.806991E-01   5.852562E-01   5.904056E-01   5.959863E-01   6.024726E-01
   6.022189E-01   5.587814E-01   5.572690E-01   5.584552E-01   5.587270E-01
   5.594922E-01   5.606521E-01   5.621087E-01   5.639333E-01   5.661473E-01
   5.687170E-01   5.716076E-01   5.749749E-01   5.787314E-01   5.829867E-01
   5.877983E-01   5.931584E-01   5.990566E-01   6.055648E-01   6.128623E-01
   6.210758E-01   6.210758E-01   5.591088E-01   5.581842E-01   5.601532E-01
   5.613775E-01   5.630735E-01   5.650338E-01   5.674533E-01   5.702437E-01
   5.733719E-01   5.769340E-01   5.809736E-01   5.854716E-01   5.905566E-01
   5.961456E-01   6.022189E-01   6.091076E-01   6.166526E-01   6.250537E-01
   6.344537E-01   6.450312E-01   6.454002E-01   5.616580E-01   5.613775E-01
   5.640485E-01   5.662653E-01   5.688383E-01   5.718576E-01   5.752338E-01
   5.790679E-01   5.833380E-01   5.881667E-01   5.933911E-01   5.993029E-01
   6.057392E-01   6.128623E-01   6.207754E-01   6.296051E-01   6.393917E-01
   6.504285E-01   6.626791E-01   6.767439E-01   6.775635E-01   5.668574E-01
   5.667981E-01   5.703669E-01   5.735629E-01   5.771982E-01   5.812489E-01
   5.858316E-01   5.908593E-01   5.964651E-01   6.026420E-01   6.094683E-01
   6.169421E-01   6.252615E-01   6.344537E-01   6.447858E-01   6.563388E-01
   6.691974E-01   6.838733E-01   7.005182E-01   7.196982E-01   7.212301E-01
   5.747811E-01   5.747166E-01   5.792028E-01   5.834788E-01   5.884624E-01
   5.937802E-01   5.997146E-01   6.061765E-01   6.133291E-01   6.212764E-01
   6.300377E-01   6.397439E-01   6.505569E-01   6.626791E-01   6.763673E-01
   6.917583E-01   7.093254E-01   7.295748E-01   7.529906E-01   7.805398E-01
   7.829199E-01   5.855435E-01   5.853279E-01   5.910110E-01   5.967856E-01
   6.029818E-01   6.099209E-01   6.175235E-01   6.258871E-01   6.351306E-01
   6.454002E-01   6.568778E-01   6.697927E-01   6.841882E-01   7.005182E-01
   7.191698E-01   7.406371E-01   7.654379E-01   7.949906E-01   8.299744E-01
   8.713943E-01   8.750339E-01   5.995497E-01   5.993029E-01   6.064397E-01
   6.137040E-01   6.217796E-01   6.306896E-01   6.405698E-01   6.514591E-01
   6.636719E-01   6.773581E-01   6.927427E-01   7.101780E-01   7.301623E-01
   7.530686E-01   7.798437E-01   8.114968E-01   8.488089E-01   8.926645E-01
   9.423501E-01   9.896431E-01   9.925419E-01   6.173293E-01   6.173293E-01
   6.262011E-01   6.356976E-01   6.461415E-01   6.578266E-01   6.708411E-01
   6.855222E-01   7.020345E-01   7.208244E-01   7.423120E-01   7.670082E-01
   7.962036E-01   8.303986E-01   8.705363E-01   9.168275E-01   9.663379E-01
   1.000000E+00   1.000000E+00   1.000000E+00   1.000000E+00   6.402152E-01
   6.405698E-01   6.519776E-01   6.645289E-01   6.784836E-01   6.942145E-01
   7.120186E-01   7.323732E-01   7.556103E-01   7.827971E-01   8.146375E-01
   8.518674E-01   8.952292E-01   9.435951E-01   9.892227E-01   1.000000E+00
   1.000000E+00   1.000000E+00   1.000000E+00   1.000000E+00   1.000000E+00
   6.703908E-01   6.711422E-01   6.863625E-01   7.033197E-01   7.226479E-01
   7.447204E-01   7.701048E-01   8.000883E-01   8.351164E-01   8.759506E-01
   9.225980E-01   9.711366E-01   1.000000E+00   1.000000E+00   1.000000E+00
   1.000000E+00   1.000000E+00   1.000000E+00   1.000000E+00   1.000000E+00
   1.000000E+00   7.112957E-01   7.127046E-01   7.337563E-01   7.576816E-01
   7.858597E-01   8.188490E-01   8.574045E-01   9.020850E-01   9.511996E-01
   9.944826E-01   1.000000E+00   1.000000E+00   1.000000E+00   1.000000E+00
   1.000000E+00   1.000000E+00   1.000000E+00   1.000000E+00   1.000000E+00
   1.000000E+00   1.000000E+00   7.691617E-01   7.714566E-01   8.025166E-01
   8.388477E-01   8.812740E-01   9.294963E-01   9.782808E-01   1.000000E+00
   1.000000E+00   1.000000E+00   1.000000E+00   1.000000E+00   1.000000E+00
   1.000000E+00   1.000000E+00   1.000000E+00   1.000000E+00   1.000000E+00
   1.000000E+00   1.000000E+00   1.000000E+00   8.565022E-01   8.599124E-01
   9.062521E-01   9.567930E-01   9.981845E-01   1.000000E+00   1.000000E+00
   1.000000E+00   1.000000E+00   1.000000E+00   1.000000E+00   1.000000E+00
   1.000000E+00   1.000000E+00   1.000000E+00   1.000000E+00   1.000000E+00
   1.000000E+00   1.000000E+00   1.000000E+00   1.000000E+00   9.778355E-01
   9.814312E-01   1.000000E+00   1.000000E+00   1.000000E+00   1.000000E+00
   1.000000E+00   1.000000E+00   1.000000E+00   1.000000E+00   1.000000E+00
   1.000000E+00   1.000000E+00   1.000000E+00   1.000000E+00   1.000000E+00
   1.000000E+00   1.000000E+00   1.000000E+00   1.000000E+00   1.000000E+00
   1.000000E+00   1.000000E+00   1.000000E+00   1.000000E+00   1.000000E+00
   1.000000E+00   1.000000E+00   1.000000E+00   1.000000E+00   1.000000E+00
   1.000000E+00   1.000000E+00   1.000000E+00   1.000000E+00   1.000000E+00
   1.000000E+00   1.000000E+00   1.000000E+00   1.000000E+00   1.000000E+00
   1.000000E+00   1.000000E+00   1.000000E+00   1.000000E+00   1.000000E+00
   1.000000E+00   1.000000E+00   1.000000E+00   1.000000E+00   1.000000E+00
   1.000000E+00   1.000000E+00   1.000000E+00   1.000000E+00   1.000000E+00
   1.000000E+00   1.000000E+00   1.000000E+00   1.000000E+00   1.000000E+00
   1.000000E+00   1.000000E+00   1.000000E+00   1.000000E+00   1.000000E+00
   1.000000E+00   1.000000E+00   1.000000E+00   1.000000E+00   1.000000E+00
   1.000000E+00   1.000000E+00   1.000000E+00   1.000000E+00   1.000000E+00
   1.000000E+00   1.000000E+00   1.000000E+00   1.000000E+00   1.000000E+00
   1.000000E+00   1.000000E+00   1.000000E+00   5.684750E-01   5.696913E-01
   5.701821E-01   5.703052E-01   5.701206E-01   5.696913E-01   5.689597E-01
   5.681132E-01   5.672742E-01   5.665609E-01   5.662653E-01   5.665609E-01
   5.673936E-01   5.688989E-01   5.712337E-01   5.743305E-01   5.782622E-01
   5.829867E-01   5.886106E-01   5.951140E-01   5.970266E-01   5.707993E-01
   5.717325E-01   5.722340E-01   5.709852E-01   5.695078E-01   5.678727E-01
   5.663834E-01   5.651504E-01   5.642794E-01   5.641062E-01   5.645688E-01
   5.657355E-01   5.676328E-01   5.703669E-01   5.738181E-01   5.780618E-01
   5.830569E-01   5.888332E-01   5.954303E-01   6.029818E-01   6.034080E-01
   5.713581E-01   5.706137E-01   5.708612E-01   5.693248E-01   5.678127E-01
   5.666794E-01   5.659706E-01   5.658530E-01   5.664426E-01   5.678127E-01
   5.699364E-01   5.728645E-01   5.764734E-01   5.809736E-01   5.861930E-01
   5.923094E-01   5.992207E-01   6.069681E-01   6.155974E-01   6.254696E-01
   6.263060E-01   5.698137E-01   5.667981E-01   5.671549E-01   5.662653E-01
   5.658530E-01   5.661473E-01   5.671549E-01   5.688989E-01   5.714204E-01
   5.747166E-01   5.787986E-01   5.836199E-01   5.892800E-01   5.957476E-01
   6.031521E-01   6.112899E-01   6.203762E-01   6.306896E-01   6.419989E-01
   6.544701E-01   6.555346E-01   5.680530E-01   5.645109E-01   5.659118E-01
   5.665609E-01   5.679929E-01   5.701821E-01   5.731179E-01   5.768022E-01
   5.813178E-01   5.865556E-01   5.926173E-01   5.995497E-01   6.072332E-01
   6.157885E-01   6.254696E-01   6.362673E-01   6.480145E-01   6.611342E-01
   6.757419E-01   6.922673E-01   6.936808E-01   5.688989E-01   5.661473E-01
   5.689597E-01   5.716076E-01   5.749749E-01   5.790679E-01   5.839733E-01
   5.896539E-01   5.961456E-01   6.034934E-01   6.116579E-01   6.207754E-01
   6.309078E-01   6.421187E-01   6.544701E-01   6.681619E-01   6.836251E-01
   7.010031E-01   7.208244E-01   7.436347E-01   7.456388E-01   5.739459E-01
   5.725487E-01   5.769340E-01   5.815249E-01   5.868466E-01   5.930035E-01
   5.999624E-01   6.076766E-01   6.162677E-01   6.259916E-01   6.367251E-01
   6.483926E-01   6.614137E-01   6.758979E-01   6.921091E-01   7.104965E-01
   7.315034E-01   7.557951E-01   7.841831E-01   8.176426E-01   8.206158E-01
   5.840442E-01   5.837611E-01   5.898788E-01   5.964651E-01   6.039217E-01
   6.121196E-01   6.212764E-01   6.315645E-01   6.427198E-01   6.551344E-01
   6.687526E-01   6.841053E-01   7.013211E-01   7.208670E-01   7.432662E-01
   7.692187E-01   7.996195E-01   8.354711E-01   8.777459E-01   9.265042E-01
   9.307367E-01   5.994674E-01   5.998797E-01   6.079435E-01   6.165563E-01
   6.265160E-01   6.372997E-01   6.491521E-01   6.622559E-01   6.767282E-01
   6.929899E-01   7.113357E-01   7.322356E-01   7.562450E-01   7.841522E-01
   8.168783E-01   8.553892E-01   9.003603E-01   9.505293E-01   9.949879E-01
   1.000000E+00   1.000000E+00   6.205757E-01   6.213769E-01   6.317843E-01
   6.432028E-01   6.558021E-01   6.696436E-01   6.851039E-01   7.024868E-01
   7.221523E-01   7.446461E-01   7.705926E-01   8.007936E-01   8.362613E-01
   8.777459E-01   9.253202E-01   9.745842E-01   1.000000E+00   1.000000E+00
   1.000000E+00   1.000000E+00   1.000000E+00   6.482664E-01   6.492792E-01
   6.625379E-01   6.773739E-01   6.939296E-01   7.125631E-01   7.337794E-01
   7.581363E-01   7.863281E-01   8.192527E-01   8.577921E-01   9.025296E-01
   9.518694E-01   9.950848E-01   1.000000E+00   1.000000E+00   1.000000E+00
   1.000000E+00   1.000000E+00   1.000000E+00   1.000000E+00   6.840555E-01
   6.853882E-01   7.031110E-01   7.231883E-01   7.461623E-01   7.726440E-01
   8.034689E-01   8.395288E-01   8.815542E-01   9.293929E-01   9.778309E-01
   1.000000E+00   1.000000E+00   1.000000E+00   1.000000E+00   1.000000E+00
   1.000000E+00   1.000000E+00   1.000000E+00   1.000000E+00   1.000000E+00
   7.324880E-01   7.343128E-01   7.592111E-01   7.881183E-01   8.219131E-01
   8.614370E-01   9.071500E-01   9.568951E-01   9.978329E-01   1.000000E+00
   1.000000E+00   1.000000E+00   1.000000E+00   1.000000E+00   1.000000E+00
   1.000000E+00   1.000000E+00   1.000000E+00   1.000000E+00   1.000000E+00
   1.000000E+00   8.018392E-01   8.044941E-01   8.415431E-01   8.847933E-01
   9.337907E-01   9.822596E-01   1.000000E+00   1.000000E+00   1.000000E+00
   1.000000E+00   1.000000E+00   1.000000E+00   1.000000E+00   1.000000E+00
   1.000000E+00   1.000000E+00   1.000000E+00   1.000000E+00   1.000000E+00
   1.000000E+00   1.000000E+00   9.050078E-01   9.091013E-01   9.599462E-01
   9.994566E-01   1.000000E+00   1.000000E+00   1.000000E+00   1.000000E+00
   1.000000E+00   1.000000E+00   1.000000E+00   1.000000E+00   1.000000E+00
   1.000000E+00   1.000000E+00   1.000000E+00   1.000000E+00   1.000000E+00
   1.000000E+00   1.000000E+00   1.000000E+00   1.000000E+00   1.000000E+00
   1.000000E+00   1.000000E+00   1.000000E+00   1.000000E+00   1.000000E+00
   1.000000E+00   1.000000E+00   1.000000E+00   1.000000E+00   1.000000E+00
   1.000000E+00   1.000000E+00   1.000000E+00   1.000000E+00   1.000000E+00
   1.000000E+00   1.000000E+00   1.000000E+00   1.000000E+00   1.000000E+00
   1.000000E+00   1.000000E+00   1.000000E+00   1.000000E+00   1.000000E+00
   1.000000E+00   1.000000E+00   1.000000E+00   1.000000E+00   1.000000E+00
   1.000000E+00   1.000000E+00   1.000000E+00   1.000000E+00   1.000000E+00
   1.000000E+00   1.000000E+00   1.000000E+00   1.000000E+00   1.000000E+00
   1.000000E+00   1.000000E+00   1.000000E+00   1.000000E+00   1.000000E+00
   1.000000E+00   1.000000E+00   1.000000E+00   1.000000E+00   1.000000E+00
   1.000000E+00   1.000000E+00   1.000000E+00   1.000000E+00   1.000000E+00
   1.000000E+00   1.000000E+00   1.000000E+00   1.000000E+00   1.000000E+00
   1.000000E+00   1.000000E+00   1.000000E+00   1.000000E+00   1.000000E+00
   1.000000E+00   1.000000E+00   1.000000E+00   1.000000E+00   1.000000E+00
   1.000000E+00   1.000000E+00   1.000000E+00   1.000000E+00   1.000000E+00
   1.000000E+00   1.000000E+00   1.000000E+00   1.000000E+00   1.000000E+00
   1.000000E+00   1.000000E+00   1.000000E+00   1.000000E+00   1.000000E+00
   1.000000E+00   1.000000E+00   1.000000E+00   1.000000E+00   1.000000E+00
   1.000000E+00   1.000000E+00   1.000000E+00   1.000000E+00   1.000000E+00
   1.000000E+00   1.000000E+00   1.000000E+00   1.000000E+00   1.000000E+00
   1.000000E+00   1.000000E+00   1.000000E+00   1.000000E+00   1.000000E+00
   1.000000E+00   1.000000E+00   1.000000E+00   1.000000E+00   1.000000E+00
   1.000000E+00   1.000000E+00   1.000000E+00   1.000000E+00   1.000000E+00
   1.000000E+00   1.000000E+00   1.000000E+00   1.000000E+00   1.000000E+00
   1.000000E+00   1.000000E+00   1.000000E+00   1.000000E+00   5.821488E-01
   5.824971E-01   5.866283E-01   5.915437E-01   5.975102E-01   6.044378E-01
   6.123048E-01   6.213769E-01   6.316744E-01   6.429610E-01   6.554010E-01
   6.693459E-01   6.848202E-01   7.023358E-01   7.222814E-01   7.451914E-01
   7.718033E-01   8.030262E-01   8.398902E-01   8.833811E-01   8.989856E-01
   5.869195E-01   5.859038E-01   5.916200E-01   5.979150E-01   6.052168E-01
   6.132356E-01   6.223864E-01   6.327782E-01   6.440526E-01   6.567429E-01
   6.706909E-01   6.863793E-01   7.040619E-01   7.242094E-01   7.473652E-01
   7.742492E-01   8.058000E-01   8.429631E-01   8.866380E-01   9.365385E-01
   9.406897E-01   6.012101E-01   6.014614E-01   6.093780E-01   6.180102E-01
   6.278907E-01   6.388069E-01   6.508140E-01   6.640997E-01   6.789141E-01
   6.955756E-01   7.144537E-01   7.360411E-01   7.609717E-01   7.900527E-01
   8.242676E-01   8.645115E-01   9.112112E-01   9.618304E-01   9.999271E-01
   1.000000E+00   1.000000E+00   6.220826E-01   6.228946E-01   6.334456E-01
   6.449084E-01   6.576906E-01   6.717464E-01   6.875985E-01   7.053844E-01
   7.256326E-01   7.488809E-01   7.758389E-01   8.073920E-01   8.444322E-01
   8.878256E-01   9.371610E-01   9.852770E-01   1.000000E+00   1.000000E+00
   1.000000E+00   1.000000E+00   1.000000E+00   6.501722E-01   6.512006E-01
   6.646723E-01   6.797791E-01   6.966594E-01   7.157687E-01   7.375746E-01
   7.626952E-01   7.919743E-01   8.263055E-01   8.665948E-01   9.131781E-01
   9.632777E-01   1.000000E+00   1.000000E+00   1.000000E+00   1.000000E+00
   1.000000E+00   1.000000E+00   1.000000E+00   1.000000E+00   6.866493E-01
   6.879732E-01   7.060598E-01   7.266256E-01   7.502057E-01   7.775319E-01
   8.094168E-01   8.468175E-01   8.904526E-01   9.397555E-01   9.870250E-01
   1.000000E+00   1.000000E+00   1.000000E+00   1.000000E+00   1.000000E+00
   1.000000E+00   1.000000E+00   1.000000E+00   1.000000E+00   1.000000E+00
   7.361586E-01   7.379780E-01   7.635218E-01   7.932336E-01   8.281326E-01
   8.689623E-01   9.159638E-01   9.659958E-01   1.000000E+00   1.000000E+00
   1.000000E+00   1.000000E+00   1.000000E+00   1.000000E+00   1.000000E+00
   1.000000E+00   1.000000E+00   1.000000E+00   1.000000E+00   1.000000E+00
   1.000000E+00   8.072531E-01   8.098734E-01   8.478942E-01   8.922307E-01
   9.420907E-01   9.890244E-01   1.000000E+00   1.000000E+00   1.000000E+00
   1.000000E+00   1.000000E+00   1.000000E+00   1.000000E+00   1.000000E+00
   1.000000E+00   1.000000E+00   1.000000E+00   1.000000E+00   1.000000E+00
   1.000000E+00   1.000000E+00   9.124207E-01   9.164717E-01   9.672179E-01
   1.000000E+00   1.000000E+00   1.000000E+00   1.000000E+00   1.000000E+00
   1.000000E+00   1.000000E+00   1.000000E+00   1.000000E+00   1.000000E+00
   1.000000E+00   1.000000E+00   1.000000E+00   1.000000E+00   1.000000E+00
   1.000000E+00   1.000000E+00   1.000000E+00   1.000000E+00   1.000000E+00
   1.000000E+00   1.000000E+00   1.000000E+00   1.000000E+00   1.000000E+00
   1.000000E+00   1.000000E+00   1.000000E+00   1.000000E+00   1.000000E+00
   1.000000E+00   1.000000E+00   1.000000E+00   1.000000E+00   1.000000E+00
   1.000000E+00   1.000000E+00   1.000000E+00   1.000000E+00   1.000000E+00
   1.000000E+00   1.000000E+00   1.000000E+00   1.000000E+00   1.000000E+00
   1.000000E+00   1.000000E+00   1.000000E+00   1.000000E+00   1.000000E+00
   1.000000E+00   1.000000E+00   1.000000E+00   1.000000E+00   1.000000E+00
   1.000000E+00   1.000000E+00   1.000000E+00   1.000000E+00   1.000000E+00
   1.000000E+00   1.000000E+00   1.000000E+00   1.000000E+00   1.000000E+00
   1.000000E+00   1.000000E+00   1.000000E+00   1.000000E+00   1.000000E+00
   1.000000E+00   1.000000E+00   1.000000E+00   1.000000E+00   1.000000E+00
   1.000000E+00   1.000000E+00   1.000000E+00   1.000000E+00   1.000000E+00
   1.000000E+00   1.000000E+00   1.000000E+00   1.000000E+00   1.000000E+00
   1.000000E+00   1.000000E+00   1.000000E+00   1.000000E+00   1.000000E+00
   1.000000E+00   1.000000E+00   1.000000E+00   1.000000E+00   1.000000E+00
   1.000000E+00   1.000000E+00   1.000000E+00   1.000000E+00   1.000000E+00
   1.000000E+00   1.000000E+00   1.000000E+00   1.000000E+00   1.000000E+00
   1.000000E+00   1.000000E+00   1.000000E+00   1.000000E+00   1.000000E+00
   1.000000E+00   1.000000E+00   1.000000E+00   1.000000E+00   1.000000E+00
   1.000000E+00   1.000000E+00   1.000000E+00   1.000000E+00   1.000000E+00
   1.000000E+00   1.000000E+00   1.000000E+00   1.000000E+00   1.000000E+00
   1.000000E+00   1.000000E+00   1.000000E+00   1.000000E+00   1.000000E+00
   1.000000E+00   1.000000E+00   1.000000E+00   1.000000E+00   1.000000E+00
   1.000000E+00   1.000000E+00   1.000000E+00   1.000000E+00   1.000000E+00
   1.000000E+00   1.000000E+00   1.000000E+00   1.000000E+00   1.000000E+00
   1.000000E+00   1.000000E+00   1.000000E+00   1.000000E+00   1.000000E+00
   1.000000E+00   1.000000E+00   1.000000E+00   1.000000E+00   1.000000E+00
   1.000000E+00   1.000000E+00   1.000000E+00   1.000000E+00   1.000000E+00
   1.000000E+00   1.000000E+00   1.000000E+00   1.000000E+00   1.000000E+00
   1.000000E+00   1.000000E+00   1.000000E+00   1.000000E+00   1.000000E+00
   1.000000E+00   1.000000E+00   1.000000E+00   1.000000E+00   1.000000E+00
   1.000000E+00   1.000000E+00   1.000000E+00   1.000000E+00   1.000000E+00
   1.000000E+00   1.000000E+00   1.000000E+00   1.000000E+00   1.000000E+00
   1.000000E+00   1.000000E+00   1.000000E+00   1.000000E+00   1.000000E+00
   1.000000E+00   1.000000E+00   1.000000E+00   1.000000E+00   1.000000E+00
   1.000000E+00   1.000000E+00   1.000000E+00   1.000000E+00   1.000000E+00
   1.000000E+00   1.000000E+00   1.000000E+00   1.000000E+00   1.000000E+00
   1.000000E+00   1.000000E+00   1.000000E+00   1.000000E+00   1.000000E+00
   1.000000E+00   1.000000E+00   1.000000E+00   1.000000E+00   1.000000E+00
   1.000000E+00   1.000000E+00   1.000000E+00   1.000000E+00   1.000000E+00
   1.000000E+00   1.000000E+00   1.000000E+00   1.000000E+00   1.000000E+00
   1.000000E+00   1.000000E+00   1.000000E+00   1.000000E+00   1.000000E+00
   1.000000E+00   1.000000E+00   1.000000E+00   1.000000E+00   1.000000E+00
   1.000000E+00   1.000000E+00   1.000000E+00   1.000000E+00   1.000000E+00
   1.000000E+00   1.000000E+00   1.000000E+00   1.000000E+00   1.000000E+00
   1.000000E+00   1.000000E+00   1.000000E+00   1.000000E+00   1.000000E+00
   1.000000E+00   1.000000E+00   1.000000E+00   1.000000E+00   1.000000E+00
   1.000000E+00   1.000000E+00   1.000000E+00   1.000000E+00   1.000000E+00
   1.000000E+00   1.000000E+00   1.000000E+00   1.000000E+00   1.000000E+00
   1.000000E+00   1.000000E+00   1.000000E+00   1.000000E+00   1.000000E+00
   7.612169E-01   7.799948E-01   8.127048E-01   8.510258E-01   8.952292E-01
   9.438544E-01   9.894970E-01   1.000000E+00   1.000000E+00   1.000000E+00
   1.000000E+00   1.000000E+00   1.000000E+00   1.000000E+00   1.000000E+00
   1.000000E+00   1.000000E+00   1.000000E+00   1.000000E+00   1.000000E+00
   1.000000E+00   8.127760E-01   8.153218E-01   8.541108E-01   8.991327E-01
   9.490321E-01   9.933739E-01   1.000000E+00   1.000000E+00   1.000000E+00
   1.000000E+00   1.000000E+00   1.000000E+00   1.000000E+00   1.000000E+00
   1.000000E+00   1.000000E+00   1.000000E+00   1.000000E+00   1.000000E+00
   1.000000E+00   1.000000E+00   9.201920E-01   9.243433E-01   9.742815E-01
   1.000000E+00   1.000000E+00   1.000000E+00   1.000000E+00   1.000000E+00
   1.000000E+00   1.000000E+00   1.000000E+00   1.000000E+00   1.000000E+00
   1.000000E+00   1.000000E+00   1.000000E+00   1.000000E+00   1.000000E+00
   1.000000E+00   1.000000E+00   1.000000E+00   1.000000E+00   1.000000E+00
   1.000000E+00   1.000000E+00   1.000000E+00   1.000000E+00   1.000000E+00
   1.000000E+00   1.000000E+00   1.000000E+00   1.000000E+00   1.000000E+00
   1.000000E+00   1.000000E+00   1.000000E+00   1.000000E+00   1.000000E+00
   1.000000E+00   1.000000E+00   1.000000E+00   1.000000E+00   1.000000E+00
   1.000000E+00   1.000000E+00   1.000000E+00   1.000000E+00   1.000000E+00
   1.000000E+00   1.000000E+00   1.000000E+00   1.000000E+00   1.000000E+00
   1.000000E+00   1.000000E+00   1.000000E+00   1.000000E+00   1.000000E+00
   1.000000E+00   1.000000E+00   1.000000E+00   1.000000E+00   1.000000E+00
   1.000000E+00   1.000000E+00   1.000000E+00   1.000000E+00   1.000000E+00
   1.000000E+00   1.000000E+00   1.000000E+00   1.000000E+00   1.000000E+00
   1.000000E+00   1.000000E+00   1.000000E+00   1.000000E+00   1.000000E+00
   1.000000E+00   1.000000E+00   1.000000E+00   1.000000E+00   1.000000E+00
   1.000000E+00   1.000000E+00   1.000000E+00   1.000000E+00   1.000000E+00
   1.000000E+00   1.000000E+00   1.000000E+00   1.000000E+00   1.000000E+00
   1.000000E+00   1.000000E+00   1.000000E+00   1.000000E+00   1.000000E+00
   1.000000E+00   1.000000E+00   1.000000E+00   1.000000E+00   1.000000E+00
   1.000000E+00   1.000000E+00   1.000000E+00   1.000000E+00   1.000000E+00
   1.000000E+00   1.000000E+00   1.000000E+00   1.000000E+00   1.000000E+00
   1.000000E+00   1.000000E+00   1.000000E+00   1.000000E+00   1.000000E+00
   1.000000E+00   1.000000E+00   1.000000E+00   1.000000E+00   1.000000E+00
   1.000000E+00   1.000000E+00   1.000000E+00   1.000000E+00   1.000000E+00
   1.000000E+00   1.000000E+00   1.000000E+00   1.000000E+00   1.000000E+00
   1.000000E+00   1.000000E+00   1.000000E+00   1.000000E+00   1.000000E+00
   1.000000E+00   1.000000E+00   1.000000E+00   1.000000E+00   1.000000E+00
   1.000000E+00   1.000000E+00   1.000000E+00   1.000000E+00   1.000000E+00
   1.000000E+00   1.000000E+00   1.000000E+00   1.000000E+00   1.000000E+00
   1.000000E+00   1.000000E+00   1.000000E+00   1.000000E+00   1.000000E+00
   1.000000E+00   1.000000E+00   1.000000E+00   1.000000E+00   1.000000E+00
   1.000000E+00   1.000000E+00   1.000000E+00   1.000000E+00   1.000000E+00
   1.000000E+00   1.000000E+00   1.000000E+00   1.000000E+00   1.000000E+00
   1.000000E+00   1.000000E+00   1.000000E+00   1.000000E+00   1.000000E+00
   1.000000E+00   1.000000E+00   1.000000E+00   1.000000E+00   1.000000E+00
   1.000000E+00   1.000000E+00   1.000000E+00   1.000000E+00   1.000000E+00
   1.000000E+00   1.000000E+00   1.000000E+00   1.000000E+00   1.000000E+00
   1.000000E+00   1.000000E+00   1.000000E+00   1.000000E+00   1.000000E+00
   1.000000E+00   1.000000E+00   1.000000E+00   1.000000E+00   1.000000E+00
   1.000000E+00   1.000000E+00   1.000000E+00   1.000000E+00   1.000000E+00
   1.000000E+00   1.000000E+00   1.000000E+00   1.000000E+00   1.000000E+00
   1.000000E+00   1.000000E+00   1.000000E+00   1.000000E+00   1.000000E+00
   1.000000E+00   1.000000E+00   1.000000E+00   1.000000E+00   1.000000E+00
   1.000000E+00   1.000000E+00   1.000000E+00   1.000000E+00   1.000000E+00
   1.000000E+00   1.000000E+00   1.000000E+00   1.000000E+00   1.000000E+00
   1.000000E+00   1.000000E+00   1.000000E+00   1.000000E+00   1.000000E+00
   1.000000E+00   1.000000E+00   1.000000E+00   1.000000E+00   1.000000E+00
   1.000000E+00   1.000000E+00   1.000000E+00   1.000000E+00   1.000000E+00
   1.000000E+00   1.000000E+00   1.000000E+00   1.000000E+00   1.000000E+00
   1.000000E+00   1.000000E+00   1.000000E+00   1.000000E+00   1.000000E+00
   1.000000E+00   1.000000E+00   1.000000E+00   1.000000E+00   1.000000E+00
   1.000000E+00   1.000000E+00   1.000000E+00   1.000000E+00   1.000000E+00
   1.000000E+00   1.000000E+00   1.000000E+00   1.000000E+00   1.000000E+00
   1.000000E+00   1.000000E+00   1.000000E+00   1.000000E+00   1.000000E+00
   1.000000E+00   1.000000E+00   1.000000E+00   1.000000E+00   1.000000E+00
   1.000000E+00   1.000000E+00   1.000000E+00   1.000000E+00   1.000000E+00
   1.000000E+00   1.000000E+00   1.000000E+00   1.000000E+00   1.000000E+00
   1.000000E+00   1.000000E+00   1.000000E+00   1.000000E+00   1.000000E+00
   1.000000E+00   1.000000E+00   1.000000E+00   1.000000E+00   1.000000E+00
   1.000000E+00   1.000000E+00   1.000000E+00   1.000000E+00   1.000000E+00
   1.000000E+00   1.000000E+00   1.000000E+00   1.000000E+00   1.000000E+00
   1.000000E+00   1.000000E+00   1.000000E+00   1.000000E+00   1.000000E+00
   1.000000E+00   1.000000E+00   1.000000E+00   1.000000E+00   1.000000E+00
   1.000000E+00   1.000000E+00   1.000000E+00   1.000000E+00   1.000000E+00
   1.000000E+00   1.000000E+00   1.000000E+00   1.000000E+00   1.000000E+00
   1.000000E+00   1.000000E+00   1.000000E+00   1.000000E+00   1.000000E+00
   1.000000E+00   1.000000E+00   1.000000E+00   1.000000E+00   1.000000E+00
   1.000000E+00   1.000000E+00   1.000000E+00   1.000000E+00   1.000000E+00
   1.000000E+00   1.000000E+00   1.000000E+00   1.000000E+00   1.000000E+00
   1.000000E+00   1.000000E+00   1.000000E+00   1.000000E+00   1.000000E+00
   1.000000E+00   1.000000E+00   1.000000E+00   1.000000E+00   1.000000E+00
   1.000000E+00   1.000000E+00   1.000000E+00   1.000000E+00   1.000000E+00
   1.000000E+00   1.000000E+00   1.000000E+00   1.000000E+00   1.000000E+00
   1.000000E+00   1.000000E+00   1.000000E+00   1.000000E+00   1.000000E+00
   1.000000E+00   1.000000E+00   1.000000E+00   1.000000E+00   1.000000E+00
   1.000000E+00   1.000000E+00   1.000000E+00   1.000000E+00   1.000000E+00
   1.000000E+00   1.000000E+00   1.000000E+00   1.000000E+00   1.000000E+00
   1.000000E+00   1.000000E+00   1.000000E+00   1.000000E+00   1.000000E+00
   1.000000E+00   1.000000E+00   1.000000E+00   1.000000E+00   1.000000E+00
   1.000000E+00   1.000000E+00   1.000000E+00   1.000000E+00   1.000000E+00
   1.000000E+00   1.000000E+00   1.000000E+00   1.000000E+00   1.000000E+00
   1.000000E+00   1.000000E+00   1.000000E+00   1.000000E+00   1.000000E+00
   1.000000E+00   1.000000E+00   1.000000E+00   1.000000E+00   1.000000E+00
   1.000000E+00   1.000000E+00   1.000000E+00   1.000000E+00   1.000000E+00
   1.000000E+00   1.000000E+00   1.000000E+00   1.000000E+00   1.000000E+00
   1.000000E+00   1.000000E+00   1.000000E+00   1.000000E+00   1.000000E+00
   1.000000E+00   1.000000E+00   1.000000E+00   1.000000E+00   1.000000E+00
   1.000000E+00   1.000000E+00   1.000000E+00   1.000000E+00   1.000000E+00
   1.000000E+00   1.000000E+00   1.000000E+00   1.000000E+00   1.000000E+00
   1.000000E+00   1.000000E+00   1.000000E+00   1.000000E+00   1.000000E+00
   1.000000E+00   1.000000E+00   1.000000E+00   1.000000E+00   1.000000E+00
   1.000000E+00   1.000000E+00   1.000000E+00   1.000000E+00   1.000000E+00
   1.000000E+00   1.000000E+00   1.000000E+00   1.000000E+00   1.000000E+00
   1.000000E+00   1.000000E+00   1.000000E+00   1.000000E+00   1.000000E+00
   1.000000E+00   1.000000E+00   1.000000E+00   1.000000E+00   1.000000E+00
   1.000000E+00   1.000000E+00   1.000000E+00   1.000000E+00   1.000000E+00
   1.000000E+00   1.000000E+00   1.000000E+00   1.000000E+00   1.000000E+00
   1.000000E+00   1.000000E+00   1.000000E+00   1.000000E+00   1.000000E+00
   1.000000E+00   1.000000E+00   1.000000E+00   1.000000E+00   1.000000E+00
   1.000000E+00   1.000000E+00   1.000000E+00   1.000000E+00   1.000000E+00
   1.000000E+00   1.000000E+00   1.000000E+00   1.000000E+00   1.000000E+00
   1.000000E+00   1.000000E+00   1.000000E+00   1.000000E+00   1.000000E+00
   1.000000E+00   1.000000E+00   1.000000E+00   1.000000E+00   1.000000E+00
   1.000000E+00   1.000000E+00   1.000000E+00   1.000000E+00   1.000000E+00
   1.000000E+00   1.000000E+00   1.000000E+00   1.000000E+00   1.000000E+00
   1.000000E+00   1.000000E+00   1.000000E+00   1.000000E+00   1.000000E+00
   1.000000E+00   1.000000E+00   1.000000E+00   1.000000E+00   1.000000E+00
   1.000000E+00   1.000000E+00   1.000000E+00   1.000000E+00   1.000000E+00
   1.000000E+00   1.000000E+00   1.000000E+00   1.000000E+00   1.000000E+00
   1.000000E+00   1.000000E+00   1.000000E+00   1.000000E+00   1.000000E+00
   1.000000E+00   1.000000E+00   1.000000E+00   1.000000E+00   1.000000E+00
   1.000000E+00   1.000000E+00   1.000000E+00   1.000000E+00   1.000000E+00
   1.000000E+00   1.000000E+00   1.000000E+00   1.000000E+00   1.000000E+00
   1.000000E+00   1.000000E+00   1.000000E+00   1.000000E+00   1.000000E+00
   1.000000E+00   1.000000E+00   1.000000E+00   1.000000E+00   1.000000E+00
   1.000000E+00   1.000000E+00   1.000000E+00   1.000000E+00   1.000000E+00
   1.000000E+00   1.000000E+00   1.000000E+00   1.000000E+00   1.000000E+00
   1.000000E+00   1.000000E+00   1.000000E+00   1.000000E+00   1.000000E+00
   1.000000E+00   1.000000E+00   1.000000E+00   1.000000E+00   1.000000E+00
   1.000000E+00   1.000000E+00   1.000000E+00   1.000000E+00   1.000000E+00
   1.000000E+00   1.000000E+00   1.000000E+00   1.000000E+00   1.000000E+00
   1.000000E+00   1.000000E+00   1.000000E+00   1.000000E+00   1.000000E+00
   1.000000E+00   1.000000E+00   1.000000E+00   1.000000E+00   1.000000E+00
   1.000000E+00   1.000000E+00   1.000000E+00   1.000000E+00   1.000000E+00
   1.000000E+00   1.000000E+00   1.000000E+00   1.000000E+00   1.000000E+00
   1.000000E+00   1.000000E+00   1.000000E+00   1.000000E+00   1.000000E+00
   1.000000E+00   1.000000E+00   1.000000E+00   1.000000E+00   1.000000E+00
   1.000000E+00   1.000000E+00   1.000000E+00   1.000000E+00   1.000000E+00
   1.000000E+00   1.000000E+00   1.000000E+00   1.000000E+00   1.000000E+00
   1.000000E+00   1.000000E+00   1.000000E+00   1.000000E+00   1.000000E+00
   1.000000E+00   1.000000E+00   1.000000E+00   1.000000E+00   1.000000E+00
   1.000000E+00   1.000000E+00   1.000000E+00   1.000000E+00   1.000000E+00
   1.000000E+00   1.000000E+00   1.000000E+00   1.000000E+00   1.000000E+00
   1.000000E+00   1.000000E+00   1.000000E+00   1.000000E+00   1.000000E+00
   1.000000E+00   1.000000E+00   1.000000E+00   1.000000E+00   1.000000E+00
   1.000000E+00   1.000000E+00   1.000000E+00   1.000000E+00   1.000000E+00
   1.000000E+00   1.000000E+00   1.000000E+00   1.000000E+00   1.000000E+00
   1.000000E+00   1.000000E+00   1.000000E+00   1.000000E+00   1.000000E+00
   1.000000E+00   1.000000E+00   1.000000E+00   1.000000E+00   1.000000E+00
   1.000000E+00   1.000000E+00   1.000000E+00   1.000000E+00   1.000000E+00
   1.000000E+00   1.000000E+00   1.000000E+00   1.000000E+00   1.000000E+00
   1.000000E+00   1.000000E+00   1.000000E+00   1.000000E+00   1.000000E+00
   1.000000E+00   1.000000E+00   1.000000E+00   1.000000E+00   1.000000E+00
   1.000000E+00   1.000000E+00   1.000000E+00   1.000000E+00   1.000000E+00
   1.000000E+00   1.000000E+00   1.000000E+00   1.000000E+00   1.000000E+00
   1.000000E+00   1.000000E+00   1.000000E+00   1.000000E+00   1.000000E+00
   1.000000E+00   1.000000E+00   1.000000E+00   1.000000E+00   1.000000E+00
   1.000000E+00   1.000000E+00   1.000000E+00   1.000000E+00   1.000000E+00
   1.000000E+00   1.000000E+00   1.000000E+00   1.000000E+00   1.000000E+00
   1.000000E+00   1.000000E+00   1.000000E+00   1.000000E+00   1.000000E+00
   1.000000E+00   1.000000E+00   1.000000E+00   1.000000E+00   1.000000E+00
   1.000000E+00   1.000000E+00   1.000000E+00   1.000000E+00   1.000000E+00
   1.000000E+00   1.000000E+00   1.000000E+00   1.000000E+00   1.000000E+00
   1.000000E+00   1.000000E+00   1.000000E+00   1.000000E+00   1.000000E+00
   1.000000E+00   1.000000E+00   1.000000E+00   1.000000E+00   1.000000E+00
   1.000000E+00   1.000000E+00   1.000000E+00   1.000000E+00   1.000000E+00
   1.000000E+00   1.000000E+00   1.000000E+00   1.000000E+00   1.000000E+00
   1.000000E+00   1.000000E+00   1.000000E+00   1.000000E+00   1.000000E+00
   1.000000E+00   1.000000E+00   1.000000E+00   1.000000E+00   1.000000E+00
   1.000000E+00   1.000000E+00   1.000000E+00   1.000000E+00   1.000000E+00
   1.000000E+00   1.000000E+00   1.000000E+00   1.000000E+00   1.000000E+00
   1.000000E+00   1.000000E+00   1.000000E+00   1.000000E+00   1.000000E+00
   1.000000E+00   1.000000E+00   1.000000E+00   1.000000E+00   1.000000E+00
   1.000000E+00   1.000000E+00   1.000000E+00   1.000000E+00   1.000000E+00
   1.000000E+00   1.000000E+00   1.000000E+00   1.000000E+00   1.000000E+00
   1.000000E+00   1.000000E+00   1.000000E+00   1.000000E+00   1.000000E+00
   1.000000E+00   1.000000E+00   1.000000E+00   1.000000E+00   1.000000E+00
   1.000000E+00   1.000000E+00   1.000000E+00   1.000000E+00   1.000000E+00
   1.000000E+00   1.000000E+00   1.000000E+00   1.000000E+00   1.000000E+00
   1.000000E+00   1.000000E+00   1.000000E+00   1.000000E+00   1.000000E+00
   1.000000E+00   1.000000E+00   1.000000E+00   1.000000E+00   1.000000E+00
   1.000000E+00   1.000000E+00   1.000000E+00   1.000000E+00   1.000000E+00
   1.000000E+00   1.000000E+00   1.000000E+00   1.000000E+00   1.000000E+00
   1.000000E+00   1.000000E+00   1.000000E+00   1.000000E+00   1.000000E+00
   1.000000E+00   1.000000E+00   1.000000E+00   1.000000E+00   1.000000E+00
   1.000000E+00   1.000000E+00   1.000000E+00   1.000000E+00   1.000000E+00
   1.000000E+00   1.000000E+00   1.000000E+00   1.000000E+00   1.000000E+00
   1.000000E+00   1.000000E+00   1.000000E+00   1.000000E+00   1.000000E+00
   1.000000E+00   1.000000E+00   1.000000E+00   1.000000E+00   1.000000E+00
   1.000000E+00   1.000000E+00   1.000000E+00   1.000000E+00   1.000000E+00
   1.000000E+00   1.000000E+00   1.000000E+00   1.000000E+00   1.000000E+00
   1.000000E+00   1.000000E+00   1.000000E+00   1.000000E+00   1.000000E+00
   1.000000E+00   1.000000E+00   1.000000E+00   1.000000E+00   1.000000E+00
   1.000000E+00   1.000000E+00   1.000000E+00   1.000000E+00   1.000000E+00
   1.000000E+00   1.000000E+00   1.000000E+00   1.000000E+00   1.000000E+00
   1.000000E+00   1.000000E+00   1.000000E+00   1.000000E+00   1.000000E+00
   1.000000E+00   1.000000E+00   1.000000E+00   1.000000E+00   1.000000E+00
   1.000000E+00   1.000000E+00   1.000000E+00   1.000000E+00   1.000000E+00
   1.000000E+00   1.000000E+00   1.000000E+00   1.000000E+00   1.000000E+00
   1.000000E+00   1.000000E+00   1.000000E+00   1.000000E+00   1.000000E+00
   1.000000E+00   1.000000E+00   1.000000E+00   1.000000E+00   1.000000E+00
   1.000000E+00   1.000000E+00   1.000000E+00   1.000000E+00   1.000000E+00
   1.000000E+00   1.000000E+00   1.000000E+00   1.000000E+00   1.000000E+00
   1.000000E+00   1.000000E+00   1.000000E+00   1.000000E+00   1.000000E+00
   1.000000E+00   1.000000E+00   1.000000E+00   1.000000E+00   1.000000E+00
   1.000000E+00   1.000000E+00   1.000000E+00   1.000000E+00   1.000000E+00
   1.000000E+00   1.000000E+00   1.000000E+00   1.000000E+00   1.000000E+00
   1.000000E+00   1.000000E+00   1.000000E+00   1.000000E+00   1.000000E+00
   1.000000E+00   1.000000E+00   1.000000E+00   1.000000E+00   1.000000E+00
   1.000000E+00   1.000000E+00   1.000000E+00   1.000000E+00   1.000000E+00
   1.000000E+00   1.000000E+00   1.000000E+00   1.000000E+00   1.000000E+00
   1.000000E+00   1.000000E+00   1.000000E+00   1.000000E+00   1.000000E+00
   1.000000E+00   1.000000E+00   1.000000E+00   1.000000E+00   1.000000E+00
   1.000000E+00   1.000000E+00   1.000000E+00   1.000000E+00   1.000000E+00
   1.000000E+00   1.000000E+00   1.000000E+00   1.000000E+00   1.000000E+00
   1.000000E+00   1.000000E+00   1.000000E+00   1.000000E+00   1.000000E+00
   1.000000E+00   1.000000E+00   1.000000E+00   1.000000E+00   1.000000E+00
   1.000000E+00   1.000000E+00   1.000000E+00   1.000000E+00   1.000000E+00
   1.000000E+00   1.000000E+00   1.000000E+00   1.000000E+00   1.000000E+00
   1.000000E+00   1.000000E+00   1.000000E+00   1.000000E+00   1.000000E+00
   1.000000E+00   1.000000E+00   1.000000E+00   1.000000E+00   1.000000E+00
   1.000000E+00   1.000000E+00   1.000000E+00   1.000000E+00   1.000000E+00
   1.000000E+00   1.000000E+00   1.000000E+00   1.000000E+00   1.000000E+00
   1.000000E+00   1.000000E+00   1.000000E+00   1.000000E+00   1.000000E+00
   1.000000E+00   1.000000E+00   1.000000E+00   1.000000E+00   1.000000E+00
   1.000000E+00   1.000000E+00   1.000000E+00   1.000000E+00   1.000000E+00
   1.000000E+00   1.000000E+00   1.000000E+00   1.000000E+00   1.000000E+00
   1.000000E+00   1.000000E+00   1.000000E+00   1.000000E+00   1.000000E+00
   1.000000E+00   1.000000E+00   1.000000E+00   1.000000E+00   1.000000E+00
   1.000000E+00   1.000000E+00   1.000000E+00   1.000000E+00   1.000000E+00
   1.000000E+00   1.000000E+00   1.000000E+00   1.000000E+00   1.000000E+00
   1.000000E+00   1.000000E+00   1.000000E+00   1.000000E+00   1.000000E+00
   1.000000E+00   1.000000E+00   1.000000E+00   1.000000E+00   1.000000E+00
   1.000000E+00   1.000000E+00   1.000000E+00   1.000000E+00   1.000000E+00
   1.000000E+00   1.000000E+00   1.000000E+00   1.000000E+00   1.000000E+00
   1.000000E+00   1.000000E+00   1.000000E+00   1.000000E+00   1.000000E+00
   1.000000E+00   1.000000E+00   1.000000E+00   1.000000E+00   1.000000E+00
   1.000000E+00   1.000000E+00   1.000000E+00   1.000000E+00   1.000000E+00
   1.000000E+00   1.000000E+00   1.000000E+00   1.000000E+00   1.000000E+00
   1.000000E+00   1.000000E+00   1.000000E+00   1.000000E+00   1.000000E+00
   1.000000E+00   1.000000E+00   1.000000E+00   1.000000E+00   1.000000E+00
   1.000000E+00   1.000000E+00   1.000000E+00   1.000000E+00   1.000000E+00
   1.000000E+00   1.000000E+00   1.000000E+00   1.000000E+00   1.000000E+00
   1.000000E+00   1.000000E+00   1.000000E+00   1.000000E+00   1.000000E+00
   1.000000E+00   1.000000E+00   1.000000E+00   1.000000E+00   1.000000E+00
   1.000000E+00   1.000000E+00   1.000000E+00   1.000000E+00   1.000000E+00
   1.000000E+00   1.000000E+00   1.000000E+00   1.000000E+00   1.000000E+00
   1.000000E+00   1.000000E+00   1.000000E+00   1.000000E+00   1.000000E+00
   1.000000E+00   1.000000E+00   1.000000E+00   1.000000E+00   1.000000E+00
   1.000000E+00   1.000000E+00   1.000000E+00   1.000000E+00   1.000000E+00
   1.000000E+00   1.000000E+00   1.000000E+00   1.000000E+00   1.000000E+00
   1.000000E+00   1.000000E+00   1.000000E+00   1.000000E+00   1.000000E+00
   1.000000E+00   1.000000E+00   1.000000E+00   1.000000E+00   1.000000E+00
   1.000000E+00   1.000000E+00   1.000000E+00   1.000000E+00   1.000000E+00
   1.000000E+00   1.000000E+00   1.000000E+00   1.000000E+00   1.000000E+00
   1.000000E+00   1.000000E+00   1.000000E+00   1.000000E+00   1.000000E+00
   1.000000E+00   1.000000E+00   1.000000E+00   1.000000E+00   1.000000E+00
   1.000000E+00   1.000000E+00   1.000000E+00   1.000000E+00   1.000000E+00
   1.000000E+00   1.000000E+00   1.000000E+00   1.000000E+00   1.000000E+00
   1.000000E+00   1.000000E+00   1.000000E+00   1.000000E+00   1.000000E+00
   1.000000E+00   1.000000E+00   1.000000E+00   1.000000E+00   1.000000E+00
   1.000000E+00   1.000000E+00   1.000000E+00   1.000000E+00   1.000000E+00
   1.000000E+00   1.000000E+00   1.000000E+00   1.000000E+00   1.000000E+00
   1.000000E+00   1.000000E+00   1.000000E+00   1.000000E+00   1.000000E+00
   1.000000E+00   1.000000E+00   1.000000E+00   1.000000E+00   1.000000E+00
   1.000000E+00   1.000000E+00   1.000000E+00   1.000000E+00   1.000000E+00
   1.000000E+00   1.000000E+00   1.000000E+00   1.000000E+00   1.000000E+00
   1.000000E+00   1.000000E+00   1.000000E+00   1.000000E+00   1.000000E+00
   1.000000E+00   1.000000E+00   1.000000E+00   1.000000E+00   1.000000E+00
   1.000000E+00   1.000000E+00   1.000000E+00   1.000000E+00   1.000000E+00
   1.000000E+00   1.000000E+00   1.000000E+00   1.000000E+00   1.000000E+00
   1.000000E+00   1.000000E+00   1.000000E+00   1.000000E+00   1.000000E+00
   1.000000E+00   1.000000E+00   1.000000E+00   1.000000E+00   1.000000E+00
   1.000000E+00   1.000000E+00   1.000000E+00   1.000000E+00   1.000000E+00
   1.000000E+00   1.000000E+00   1.000000E+00   1.000000E+00   1.000000E+00
   1.000000E+00   1.000000E+00   1.000000E+00   1.000000E+00   1.000000E+00
   1.000000E+00   1.000000E+00   1.000000E+00   1.000000E+00   1.000000E+00
   1.000000E+00   1.000000E+00   1.000000E+00   1.000000E+00   1.000000E+00
   1.000000E+00   1.000000E+00   1.000000E+00   1.000000E+00   1.000000E+00
   1.000000E+00   1.000000E+00   1.000000E+00   1.000000E+00   1.000000E+00
   1.000000E+00   1.000000E+00   1.000000E+00   1.000000E+00   1.000000E+00
   1.000000E+00   1.000000E+00   1.000000E+00   1.000000E+00   1.000000E+00
   1.000000E+00   1.000000E+00   1.000000E+00   1.000000E+00   1.000000E+00
   1.000000E+00   1.000000E+00   1.000000E+00   1.000000E+00   1.000000E+00
   1.000000E+00   1.000000E+00   1.000000E+00   1.000000E+00   1.000000E+00
   1.000000E+00   1.000000E+00   1.000000E+00   1.000000E+00   1.000000E+00
   1.000000E+00   1.000000E+00   1.000000E+00   1.000000E+00   1.000000E+00
   1.000000E+00   1.000000E+00   1.000000E+00   1.000000E+00   1.000000E+00
   1.000000E+00   1.000000E+00   1.000000E+00   1.000000E+00   1.000000E+00
   1.000000E+00   1.000000E+00   1.000000E+00   1.000000E+00   1.000000E+00
   1.000000E+00   1.000000E+00   1.000000E+00   1.000000E+00   1.000000E+00
   1.000000E+00   1.000000E+00   1.000000E+00   1.000000E+00   1.000000E+00
   1.000000E+00   1.000000E+00   1.000000E+00   1.000000E+00   1.000000E+00
   1.000000E+00   1.000000E+00   1.000000E+00   1.000000E+00   1.000000E+00
   1.000000E+00   1.000000E+00   1.000000E+00   1.000000E+00   1.000000E+00
   1.000000E+00   1.000000E+00   1.000000E+00   1.000000E+00   1.000000E+00
   1.000000E+00   1.000000E+00   1.000000E+00   1.000000E+00   1.000000E+00
   1.000000E+00   1.000000E+00   1.000000E+00   1.000000E+00   1.000000E+00
   1.000000E+00   1.000000E+00   1.000000E+00   1.000000E+00   1.000000E+00
   1.000000E+00   1.000000E+00   1.000000E+00   1.000000E+00   1.000000E+00
   1.000000E+00   1.000000E+00   1.000000E+00   1.000000E+00   1.000000E+00
   1.000000E+00   1.000000E+00   1.000000E+00   1.000000E+00   1.000000E+00
   1.000000E+00   1.000000E+00   1.000000E+00   1.000000E+00   1.000000E+00
   1.000000E+00   1.000000E+00   1.000000E+00   1.000000E+00   1.000000E+00
   1.000000E+00   1.000000E+00   1.000000E+00   1.000000E+00   1.000000E+00
   1.000000E+00   1.000000E+00   1.000000E+00   1.000000E+00   1.000000E+00
   1.000000E+00   1.000000E+00   1.000000E+00   1.000000E+00   1.000000E+00
   1.000000E+00   1.000000E+00   1.000000E+00   1.000000E+00   1.000000E+00
   1.000000E+00   1.000000E+00   1.000000E+00   1.000000E+00   1.000000E+00
   1.000000E+00   1.000000E+00   1.000000E+00   1.000000E+00   1.000000E+00
   1.000000E+00   1.000000E+00   1.000000E+00   1.000000E+00   1.000000E+00
   1.000000E+00   1.000000E+00   1.000000E+00   1.000000E+00   1.000000E+00
   1.000000E+00   1.000000E+00   1.000000E+00   1.000000E+00   1.000000E+00
   1.000000E+00   1.000000E+00   1.000000E+00   1.000000E+00   1.000000E+00
   1.000000E+00   1.000000E+00   1.000000E+00   1.000000E+00   1.000000E+00
   1.000000E+00   1.000000E+00   1.000000E+00   1.000000E+00   1.000000E+00
   1.000000E+00   1.000000E+00   1.000000E+00   1.000000E+00   1.000000E+00
   1.000000E+00   1.000000E+00   1.000000E+00   1.000000E+00   1.000000E+00
   1.000000E+00   1.000000E+00   1.000000E+00   1.000000E+00   1.000000E+00
   1.000000E+00   1.000000E+00   1.000000E+00   1.000000E+00   1.000000E+00
   1.000000E+00   1.000000E+00   1.000000E+00   1.000000E+00   1.000000E+00
   1.000000E+00   1.000000E+00   1.000000E+00   1.000000E+00   1.000000E+00
   1.000000E+00   1.000000E+00   1.000000E+00   1.000000E+00   1.000000E+00
   1.000000E+00   1.000000E+00   1.000000E+00   1.000000E+00   1.000000E+00
   1.000000E+00   1.000000E+00   1.000000E+00   1.000000E+00   1.000000E+00
   1.000000E+00   1.000000E+00   1.000000E+00   1.000000E+00   1.000000E+00
   1.000000E+00   1.000000E+00   1.000000E+00   1.000000E+00   1.000000E+00
   1.000000E+00   1.000000E+00   1.000000E+00   1.000000E+00   1.000000E+00
   1.000000E+00   1.000000E+00   1.000000E+00   1.000000E+00   1.000000E+00
   1.000000E+00   1.000000E+00   1.000000E+00   1.000000E+00   1.000000E+00
   1.000000E+00   1.000000E+00   1.000000E+00   1.000000E+00   1.000000E+00
   1.000000E+00   1.000000E+00   1.000000E+00   1.000000E+00   1.000000E+00
   1.000000E+00   1.000000E+00   1.000000E+00   1.000000E+00   1.000000E+00
   1.000000E+00   1.000000E+00   1.000000E+00   1.000000E+00   1.000000E+00
   1.000000E+00   1.000000E+00   1.000000E+00   1.000000E+00   1.000000E+00
   1.000000E+00   1.000000E+00   1.000000E+00   1.000000E+00   1.000000E+00
   1.000000E+00   1.000000E+00   1.000000E+00   1.000000E+00   1.000000E+00
   1.000000E+00   1.000000E+00   1.000000E+00   1.000000E+00   1.000000E+00
   1.000000E+00   1.000000E+00   1.000000E+00   1.000000E+00   1.000000E+00
   1.000000E+00   1.000000E+00   1.000000E+00   1.000000E+00   1.000000E+00
   1.000000E+00   1.000000E+00   1.000000E+00   1.000000E+00   1.000000E+00
   1.000000E+00   1.000000E+00   1.000000E+00   1.000000E+00   1.000000E+00
   1.000000E+00   1.000000E+00   1.000000E+00   1.000000E+00   1.000000E+00
   1.000000E+00   1.000000E+00   1.000000E+00   1.000000E+00   1.000000E+00
   1.000000E+00   1.000000E+00   1.000000E+00   1.000000E+00   1.000000E+00
   1.000000E+00   1.000000E+00   1.000000E+00   1.000000E+00   1.000000E+00
   1.000000E+00   1.000000E+00   1.000000E+00   1.000000E+00   1.000000E+00
   1.000000E+00   1.000000E+00   1.000000E+00   1.000000E+00   1.000000E+00
   1.000000E+00   1.000000E+00   1.000000E+00   1.000000E+00   1.000000E+00
   1.000000E+00   1.000000E+00   1.000000E+00   1.000000E+00   1.000000E+00
   1.000000E+00   1.000000E+00   1.000000E+00   1.000000E+00   1.000000E+00
   1.000000E+00   1.000000E+00   1.000000E+00   1.000000E+00   1.000000E+00
   1.000000E+00   1.000000E+00   1.000000E+00   1.000000E+00   1.000000E+00
   1.000000E+00   1.000000E+00   1.000000E+00   1.000000E+00   1.000000E+00
   1.000000E+00   1.000000E+00   1.000000E+00   1.000000E+00   1.000000E+00
   1.000000E+00   1.000000E+00   1.000000E+00   1.000000E+00   1.000000E+00
   1.000000E+00   1.000000E+00   1.000000E+00   1.000000E+00   1.000000E+00
   1.000000E+00   1.000000E+00   1.000000E+00   1.000000E+00   1.000000E+00
   1.000000E+00   1.000000E+00   1.000000E+00   1.000000E+00   1.000000E+00
   1.000000E+00   1.000000E+00   1.000000E+00   1.000000E+00   1.000000E+00
   1.000000E+00   1.000000E+00   1.000000E+00   1.000000E+00   1.000000E+00
   1.000000E+00   1.000000E+00   1.000000E+00   1.000000E+00   1.000000E+00
   1.000000E+00   1.000000E+00   1.000000E+00   1.000000E+00   1.000000E+00
   1.000000E+00   1.000000E+00   1.000000E+00   1.000000E+00   1.000000E+00
   1.000000E+00   1.000000E+00   1.000000E+00   1.000000E+00   1.000000E+00
   1.000000E+00   1.000000E+00   1.000000E+00   1.000000E+00   1.000000E+00
   1.000000E+00   1.000000E+00   1.000000E+00   1.000000E+00   1.000000E+00
   1.000000E+00   1.000000E+00   1.000000E+00   1.000000E+00   1.000000E+00
   1.000000E+00   1.000000E+00   1.000000E+00   1.000000E+00   1.000000E+00
   1.000000E+00   1.000000E+00   1.000000E+00   1.000000E+00   1.000000E+00
   1.000000E+00   1.000000E+00   1.000000E+00   1.000000E+00   1.000000E+00
   1.000000E+00   1.000000E+00   1.000000E+00   1.000000E+00   1.000000E+00
   1.000000E+00   1.000000E+00   1.000000E+00   1.000000E+00   1.000000E+00
   1.000000E+00   1.000000E+00   1.000000E+00   1.000000E+00   1.000000E+00
   1.000000E+00   1.000000E+00   1.000000E+00   1.000000E+00   1.000000E+00
   1.000000E+00   1.000000E+00   1.000000E+00   1.000000E+00   1.000000E+00
   1.000000E+00   1.000000E+00   1.000000E+00   1.000000E+00   1.000000E+00
   1.000000E+00   1.000000E+00   1.000000E+00   1.000000E+00   1.000000E+00
   1.000000E+00   1.000000E+00   1.000000E+00   1.000000E+00   1.000000E+00
   1.000000E+00   1.000000E+00   1.000000E+00   1.000000E+00   1.000000E+00
   1.000000E+00   1.000000E+00   1.000000E+00   1.000000E+00   1.000000E+00
   1.000000E+00   1.000000E+00   1.000000E+00   1.000000E+00   1.000000E+00
   1.000000E+00   1.000000E+00   1.000000E+00   1.000000E+00   1.000000E+00
   1.000000E+00   1.000000E+00   1.000000E+00   1.000000E+00   1.000000E+00
   1.000000E+00   1.000000E+00   1.000000E+00   1.000000E+00   1.000000E+00
   1.000000E+00   1.000000E+00   1.000000E+00   1.000000E+00   1.000000E+00
   1.000000E+00   1.000000E+00   1.000000E+00   1.000000E+00   1.000000E+00
   1.000000E+00   1.000000E+00   1.000000E+00   1.000000E+00   1.000000E+00
   1.000000E+00   1.000000E+00   1.000000E+00   1.000000E+00   1.000000E+00
   1.000000E+00   1.000000E+00   1.000000E+00   1.000000E+00   1.000000E+00
   1.000000E+00   1.000000E+00   1.000000E+00   1.000000E+00   1.000000E+00
   1.000000E+00   1.000000E+00   1.000000E+00   1.000000E+00   1.000000E+00
   1.000000E+00   1.000000E+00   1.000000E+00   1.000000E+00   1.000000E+00
   1.000000E+00   1.000000E+00   1.000000E+00   1.000000E+00   1.000000E+00
   1.000000E+00   1.000000E+00   1.000000E+00   1.000000E+00   1.000000E+00
   1.000000E+00   1.000000E+00   1.000000E+00   1.000000E+00   1.000000E+00
   1.000000E+00   1.000000E+00   1.000000E+00   1.000000E+00   1.000000E+00
   1.000000E+00   1.000000E+00   1.000000E+00   1.000000E+00   1.000000E+00
   1.000000E+00   1.000000E+00   1.000000E+00   1.000000E+00   1.000000E+00
   1.000000E+00   1.000000E+00   1.000000E+00   1.000000E+00   1.000000E+00
   1.000000E+00   1.000000E+00   1.000000E+00   1.000000E+00   1.000000E+00
   1.000000E+00   1.000000E+00   1.000000E+00   1.000000E+00   1.000000E+00
   1.000000E+00   1.000000E+00   1.000000E+00   1.000000E+00   1.000000E+00
   1.000000E+00   1.000000E+00   1.000000E+00   1.000000E+00   1.000000E+00
   1.000000E+00   1.000000E+00   1.000000E+00   1.000000E+00   1.000000E+00
   1.000000E+00   1.000000E+00   1.000000E+00   1.000000E+00   1.000000E+00
   1.000000E+00   1.000000E+00   1.000000E+00   1.000000E+00   1.000000E+00
   1.000000E+00   1.000000E+00   1.000000E+00   1.000000E+00   1.000000E+00
   1.000000E+00   1.000000E+00   1.000000E+00   1.000000E+00   1.000000E+00
   1.000000E+00   1.000000E+00   1.000000E+00   1.000000E+00   1.000000E+00
   1.000000E+00   1.000000E+00   1.000000E+00   1.000000E+00   1.000000E+00
   1.000000E+00   1.000000E+00   1.000000E+00   1.000000E+00   1.000000E+00
   1.000000E+00   1.000000E+00   1.000000E+00   1.000000E+00   1.000000E+00
   1.000000E+00   1.000000E+00   1.000000E+00   1.000000E+00   1.000000E+00
   1.000000E+00   1.000000E+00   1.000000E+00   1.000000E+00   1.000000E+00
   1.000000E+00   1.000000E+00   1.000000E+00   1.000000E+00   1.000000E+00
   1.000000E+00   1.000000E+00   1.000000E+00   1.000000E+00   1.000000E+00
   1.000000E+00   1.000000E+00   1.000000E+00   1.000000E+00   1.000000E+00
   1.000000E+00   1.000000E+00   1.000000E+00   1.000000E+00   1.000000E+00
   1.000000E+00   1.000000E+00   1.000000E+00   1.000000E+00   1.000000E+00
   1.000000E+00   1.000000E+00   1.000000E+00   1.000000E+00   1.000000E+00
   1.000000E+00   1.000000E+00   1.000000E+00   1.000000E+00   1.000000E+00
   1.000000E+00   1.000000E+00   1.000000E+00   1.000000E+00   1.000000E+00
   1.000000E+00   1.000000E+00   1.000000E+00   1.000000E+00   1.000000E+00
   1.000000E+00   1.000000E+00   1.000000E+00   1.000000E+00   1.000000E+00
   1.000000E+00   1.000000E+00   1.000000E+00   1.000000E+00   1.000000E+00
   1.000000E+00   1.000000E+00   1.000000E+00   1.000000E+00   1.000000E+00
   1.000000E+00   1.000000E+00   1.000000E+00   1.000000E+00   1.000000E+00
   1.000000E+00   1.000000E+00   1.000000E+00   1.000000E+00   1.000000E+00
   1.000000E+00   1.000000E+00   1.000000E+00   1.000000E+00   1.000000E+00
   1.000000E+00   1.000000E+00   1.000000E+00   1.000000E+00   1.000000E+00
   1.000000E+00   1.000000E+00   1.000000E+00   1.000000E+00   1.000000E+00
   1.000000E+00   1.000000E+00   1.000000E+00   1.000000E+00   1.000000E+00
   1.000000E+00   1.000000E+00   1.000000E+00   1.000000E+00   1.000000E+00
   1.000000E+00   1.000000E+00   1.000000E+00   1.000000E+00   1.000000E+00
   1.000000E+00   1.000000E+00   1.000000E+00   1.000000E+00   1.000000E+00
   1.000000E+00   1.000000E+00   1.000000E+00   1.000000E+00   1.000000E+00
   1.000000E+00   1.000000E+00   1.000000E+00   1.000000E+00   1.000000E+00
   1.000000E+00   1.000000E+00   1.000000E+00   1.000000E+00   1.000000E+00
   1.000000E+00   1.000000E+00   1.000000E+00   1.000000E+00   1.000000E+00
   1.000000E+00   1.000000E+00   1.000000E+00   1.000000E+00   1.000000E+00
   1.000000E+00   1.000000E+00   1.000000E+00   1.000000E+00   1.000000E+00
   1.000000E+00   1.000000E+00   1.000000E+00   1.000000E+00   1.000000E+00
   1.000000E+00   1.000000E+00   1.000000E+00   1.000000E+00   1.000000E+00
   1.000000E+00   1.000000E+00   1.000000E+00   1.000000E+00   1.000000E+00
   1.000000E+00   1.000000E+00   1.000000E+00   1.000000E+00   1.000000E+00
   1.000000E+00   1.000000E+00   1.000000E+00   1.000000E+00   1.000000E+00
   1.000000E+00   1.000000E+00   1.000000E+00   1.000000E+00   1.000000E+00
   1.000000E+00   1.000000E+00   1.000000E+00   1.000000E+00   1.000000E+00
   1.000000E+00   1.000000E+00   1.000000E+00   1.000000E+00   1.000000E+00
   1.000000E+00   1.000000E+00   1.000000E+00   1.000000E+00   1.000000E+00
   1.000000E+00   1.000000E+00   1.000000E+00   1.000000E+00   1.000000E+00
   1.000000E+00   1.000000E+00   1.000000E+00   1.000000E+00   1.000000E+00
   1.000000E+00   1.000000E+00   1.000000E+00   1.000000E+00   1.000000E+00
   1.000000E+00   1.000000E+00   1.000000E+00   1.000000E+00   1.000000E+00
   1.000000E+00   1.000000E+00   1.000000E+00   1.000000E+00   1.000000E+00
   1.000000E+00   1.000000E+00   1.000000E+00   1.000000E+00   1.000000E+00
   1.000000E+00   1.000000E+00   1.000000E+00   1.000000E+00   1.000000E+00
   1.000000E+00   1.000000E+00   1.000000E+00   1.000000E+00   1.000000E+00
   1.000000E+00   1.000000E+00   1.000000E+00   1.000000E+00   1.000000E+00
   1.000000E+00   1.000000E+00   1.000000E+00   1.000000E+00   1.000000E+00
   1.000000E+00   1.000000E+00   1.000000E+00   1.000000E+00   1.000000E+00
   1.000000E+00   1.000000E+00   1.000000E+00   1.000000E+00   1.000000E+00
   1.000000E+00   1.000000E+00   1.000000E+00   1.000000E+00   1.000000E+00
   1.000000E+00   1.000000E+00   1.000000E+00   1.000000E+00   1.000000E+00
   1.000000E+00   1.000000E+00   1.000000E+00   1.000000E+00   1.000000E+00
   1.000000E+00   1.000000E+00   1.000000E+00   1.000000E+00   1.000000E+00
   1.000000E+00   1.000000E+00   1.000000E+00   1.000000E+00   1.000000E+00
   1.000000E+00   1.000000E+00   1.000000E+00   1.000000E+00   1.000000E+00
   1.000000E+00   1.000000E+00   1.000000E+00   1.000000E+00   1.000000E+00
   1.000000E+00   1.000000E+00   1.000000E+00   1.000000E+00   1.000000E+00
   1.000000E+00   1.000000E+00   1.000000E+00   1.000000E+00   1.000000E+00
   1.000000E+00   1.000000E+00   1.000000E+00   1.000000E+00   1.000000E+00
   1.000000E+00   1.000000E+00   1.000000E+00   1.000000E+00   1.000000E+00
   1.000000E+00   1.000000E+00   1.000000E+00   1.000000E+00   1.000000E+00
   1.000000E+00   1.000000E+00   1.000000E+00   1.000000E+00   1.000000E+00
   1.000000E+00   1.000000E+00   1.000000E+00   1.000000E+00   1.000000E+00
   1.000000E+00   1.000000E+00   1.000000E+00   1.000000E+00   1.000000E+00
   1.000000E+00   1.000000E+00   1.000000E+00   1.000000E+00   1.000000E+00
   1.000000E+00   1.000000E+00   1.000000E+00   1.000000E+00   1.000000E+00
   1.000000E+00   1.000000E+00   1.000000E+00   1.000000E+00   1.000000E+00
   1.000000E+00   1.000000E+00   1.000000E+00   1.000000E+00   1.000000E+00
   1.000000E+00   1.000000E+00   1.000000E+00   1.000000E+00   1.000000E+00
   1.000000E+00   1.000000E+00   1.000000E+00   1.000000E+00   1.000000E+00
   1.000000E+00   1.000000E+00   1.000000E+00   1.000000E+00   1.000000E+00
   1.000000E+00   1.000000E+00   1.000000E+00   1.000000E+00   1.000000E+00
   1.000000E+00   1.000000E+00   1.000000E+00   1.000000E+00   1.000000E+00
   1.000000E+00   1.000000E+00   1.000000E+00   1.000000E+00   1.000000E+00
   1.000000E+00   1.000000E+00   1.000000E+00   1.000000E+00   1.000000E+00
   1.000000E+00   1.000000E+00   1.000000E+00   1.000000E+00   1.000000E+00
   1.000000E+00   1.000000E+00   1.000000E+00   1.000000E+00   1.000000E+00
   1.000000E+00   1.000000E+00   1.000000E+00   1.000000E+00   1.000000E+00
   1.000000E+00   1.000000E+00   1.000000E+00   1.000000E+00   1.000000E+00
   1.000000E+00   1.000000E+00   1.000000E+00   1.000000E+00   1.000000E+00
   1.000000E+00   1.000000E+00   1.000000E+00   1.000000E+00   1.000000E+00
   1.000000E+00   1.000000E+00   1.000000E+00   1.000000E+00   1.000000E+00
   1.000000E+00   1.000000E+00   1.000000E+00   1.000000E+00   1.000000E+00
   1.000000E+00   1.000000E+00   1.000000E+00   1.000000E+00   1.000000E+00
   1.000000E+00   1.000000E+00   1.000000E+00   1.000000E+00   1.000000E+00
   1.000000E+00   1.000000E+00   1.000000E+00   1.000000E+00   1.000000E+00
   1.000000E+00   1.000000E+00   1.000000E+00   1.000000E+00   1.000000E+00
   1.000000E+00   1.000000E+00   1.000000E+00   1.000000E+00   1.000000E+00
   1.000000E+00   1.000000E+00   1.000000E+00   1.000000E+00   1.000000E+00
   1.000000E+00   1.000000E+00   1.000000E+00   1.000000E+00   1.000000E+00
   1.000000E+00   1.000000E+00   1.000000E+00   1.000000E+00   1.000000E+00
   1.000000E+00   1.000000E+00   1.000000E+00   1.000000E+00   1.000000E+00
   1.000000E+00   1.000000E+00   1.000000E+00   1.000000E+00   1.000000E+00
   1.000000E+00   1.000000E+00   1.000000E+00   1.000000E+00   1.000000E+00
   1.000000E+00   1.000000E+00   1.000000E+00   1.000000E+00   1.000000E+00
   1.000000E+00   1.000000E+00   1.000000E+00   1.000000E+00   1.000000E+00
   1.000000E+00   1.000000E+00   1.000000E+00   1.000000E+00   1.000000E+00
   1.000000E+00   1.000000E+00   1.000000E+00   1.000000E+00   1.000000E+00
   1.000000E+00   1.000000E+00   1.000000E+00   1.000000E+00   1.000000E+00
   1.000000E+00   1.000000E+00   1.000000E+00   1.000000E+00   1.000000E+00
   1.000000E+00   1.000000E+00   1.000000E+00   1.000000E+00   1.000000E+00
   1.000000E+00   1.000000E+00   1.000000E+00   1.000000E+00   1.000000E+00
   1.000000E+00   1.000000E+00   1.000000E+00   1.000000E+00   1.000000E+00
   1.000000E+00   1.000000E+00   1.000000E+00   1.000000E+00   1.000000E+00
   1.000000E+00   1.000000E+00   1.000000E+00   1.000000E+00   1.000000E+00
   1.000000E+00   1.000000E+00   1.000000E+00   1.000000E+00   1.000000E+00
   1.000000E+00   1.000000E+00   1.000000E+00   1.000000E+00   1.000000E+00
   1.000000E+00   1.000000E+00   1.000000E+00   1.000000E+00   1.000000E+00
   1.000000E+00   1.000000E+00   1.000000E+00   1.000000E+00   1.000000E+00
   1.000000E+00   1.000000E+00   1.000000E+00   1.000000E+00   1.000000E+00
   1.000000E+00   1.000000E+00   1.000000E+00   1.000000E+00   1.000000E+00
   1.000000E+00   1.000000E+00   1.000000E+00   1.000000E+00   1.000000E+00
   1.000000E+00   1.000000E+00   1.000000E+00   1.000000E+00   1.000000E+00
   1.000000E+00   1.000000E+00   1.000000E+00   1.000000E+00   1.000000E+00
   1.000000E+00   1.000000E+00   1.000000E+00   1.000000E+00   1.000000E+00
   1.000000E+00
   1031  9.60000000E+03     NSTEP   TIME
   5.148339E-01   5.154051E-01   5.154255E-01   5.153004E-01   5.152064E-01
   5.150964E-01   5.149664E-01   5.148429E-01   5.147583E-01   5.147078E-01
   5.147291E-01   5.148152E-01   5.149456E-01   5.151670E-01   5.154273E-01
   5.158010E-01   5.162434E-01   5.167766E-01   5.172792E-01   5.185011E-01
   5.188033E-01   5.157216E-01   5.166075E-01   5.167733E-01   5.165288E-01
   5.163599E-01   5.162274E-01   5.161165E-01   5.160870E-01   5.160700E-01
   5.161214E-01   5.161852E-01   5.163448E-01   5.165153E-01   5.167569E-01
   5.169909E-01   5.173278E-01   5.177597E-01   5.182172E-01   5.187481E-01
   5.198486E-01   5.197278E-01   5.156392E-01   5.164654E-01   5.167142E-01
   5.164662E-01   5.164424E-01   5.164406E-01   5.164656E-01   5.165660E-01
   5.167205E-01   5.168660E-01   5.171317E-01   5.174057E-01   5.177479E-01
   5.181399E-01   5.186102E-01   5.191413E-01   5.197744E-01   5.204856E-01
   5.212971E-01   5.226607E-01   5.227269E-01   5.153404E-01   5.160648E-01
   5.164184E-01   5.163012E-01   5.164024E-01   5.165253E-01   5.167178E-01
   5.169194E-01   5.172245E-01   5.175252E-01   5.179092E-01   5.183439E-01
   5.188298E-01   5.194294E-01   5.200737E-01   5.208496E-01   5.217505E-01
   5.227619E-01   5.238814E-01   5.255520E-01   5.255557E-01   5.152047E-01
   5.160717E-01   5.166240E-01   5.166526E-01   5.168534E-01   5.171340E-01
   5.174290E-01   5.177712E-01   5.182041E-01   5.186734E-01   5.192026E-01
   5.198232E-01   5.205338E-01   5.213424E-01   5.222630E-01   5.233241E-01
   5.245462E-01   5.259024E-01   5.274460E-01   5.295482E-01   5.295722E-01
   5.154657E-01   5.164158E-01   5.170855E-01   5.172323E-01   5.176249E-01
   5.179891E-01   5.184662E-01   5.189960E-01   5.195607E-01   5.202082E-01
   5.209853E-01   5.218457E-01   5.228131E-01   5.239522E-01   5.252130E-01
   5.266743E-01   5.282896E-01   5.301477E-01   5.321908E-01   5.348050E-01
   5.349027E-01   5.161887E-01   5.170640E-01   5.178723E-01   5.182123E-01
   5.187075E-01   5.192958E-01   5.199119E-01   5.206517E-01   5.214580E-01
   5.223838E-01   5.234289E-01   5.246171E-01   5.259751E-01   5.274666E-01
   5.291629E-01   5.311168E-01   5.332535E-01   5.356708E-01   5.383300E-01
   5.415459E-01   5.417530E-01   5.173772E-01   5.180211E-01   5.190334E-01
   5.195952E-01   5.202756E-01   5.210874E-01   5.219565E-01   5.229525E-01
   5.240934E-01   5.253448E-01   5.267837E-01   5.283771E-01   5.301860E-01
   5.321770E-01   5.344292E-01   5.369328E-01   5.396884E-01   5.427381E-01
   5.461007E-01   5.499680E-01   5.503025E-01   5.190327E-01   5.194217E-01
   5.207052E-01   5.215145E-01   5.224874E-01   5.235675E-01   5.247674E-01
   5.261280E-01   5.276507E-01   5.293447E-01   5.312348E-01   5.333723E-01
   5.357349E-01   5.383096E-01   5.411848E-01   5.443170E-01   5.477845E-01
   5.515563E-01   5.556601E-01   5.603341E-01   5.607580E-01   5.212656E-01
   5.214446E-01   5.230070E-01   5.241597E-01   5.254602E-01   5.269319E-01
   5.285631E-01   5.303832E-01   5.324169E-01   5.346595E-01   5.371253E-01
   5.398306E-01   5.428249E-01   5.460880E-01   5.496382E-01   5.535188E-01
   5.577417E-01   5.623610E-01   5.673669E-01   5.729368E-01   5.734443E-01
   5.241928E-01   5.242886E-01   5.262142E-01   5.277709E-01   5.295169E-01
   5.314856E-01   5.336495E-01   5.360200E-01   5.386120E-01   5.414851E-01
   5.446153E-01   5.479959E-01   5.516694E-01   5.556617E-01   5.600395E-01
   5.647722E-01   5.698766E-01   5.754179E-01   5.814485E-01   5.880900E-01
   5.887031E-01   5.280838E-01   5.281711E-01   5.305280E-01   5.325824E-01
   5.349077E-01   5.374289E-01   5.402016E-01   5.432215E-01   5.464945E-01
   5.500342E-01   5.538773E-01   5.580565E-01   5.625737E-01   5.674432E-01
   5.726693E-01   5.783433E-01   5.844917E-01   5.911360E-01   5.984493E-01
   6.065380E-01   6.072560E-01   5.332244E-01   5.333276E-01   5.362206E-01
   5.389050E-01   5.418436E-01   5.450294E-01   5.484644E-01   5.521763E-01
   5.562190E-01   5.605822E-01   5.652906E-01   5.703313E-01   5.757620E-01
   5.816077E-01   5.879075E-01   5.947487E-01   6.022012E-01   6.103320E-01
   6.192448E-01   6.291475E-01   6.300026E-01   5.398006E-01   5.400468E-01
   5.434819E-01   5.468303E-01   5.504835E-01   5.543974E-01   5.586624E-01
   5.632489E-01   5.681717E-01   5.734265E-01   5.790988E-01   5.851717E-01
   5.916977E-01   5.988032E-01   6.064909E-01   6.148154E-01   6.239139E-01
   6.339151E-01   6.449761E-01   6.573977E-01   6.584265E-01   5.481001E-01
   5.484523E-01   5.525153E-01   5.566788E-01   5.611651E-01   5.659722E-01
   5.711308E-01   5.766557E-01   5.825888E-01   5.889669E-01   5.958326E-01
   6.032654E-01   6.112749E-01   6.199526E-01   6.293833E-01   6.396751E-01
   6.509758E-01   6.635770E-01   6.777383E-01   6.938537E-01   6.951295E-01
   5.583256E-01   5.587546E-01   5.636756E-01   5.687381E-01   5.741572E-01
   5.799847E-01   5.862277E-01   5.929320E-01   6.001991E-01   6.080210E-01
   6.164627E-01   6.256147E-01   6.355517E-01   6.463681E-01   6.582415E-01
   6.713398E-01   6.858539E-01   7.021778E-01   7.208600E-01   7.425348E-01
   7.441330E-01   5.708549E-01   5.713720E-01   5.771998E-01   5.833432E-01
   5.899065E-01   5.970216E-01   6.047007E-01   6.129683E-01   6.219239E-01
   6.316514E-01   6.422237E-01   6.537794E-01   6.665131E-01   6.805271E-01
   6.960150E-01   7.132808E-01   7.325056E-01   7.544288E-01   7.801522E-01
   8.099302E-01   8.116472E-01   5.860016E-01   5.866187E-01   5.936534E-01
   6.011858E-01   6.092918E-01   6.180600E-01   6.275813E-01   6.379382E-01
   6.492327E-01   6.617058E-01   6.754492E-01   6.906446E-01   7.076057E-01
   7.265960E-01   7.479043E-01   7.718569E-01   7.981043E-01   8.283650E-01
   8.666971E-01   9.041229E-01   9.048647E-01   6.045784E-01   6.052901E-01
   6.139374E-01   6.232409E-01   6.333734E-01   6.444219E-01   6.565631E-01
   6.699975E-01   6.848672E-01   7.014595E-01   7.201120E-01   7.411225E-01
   7.649687E-01   7.922823E-01   8.237211E-01   8.604456E-01   8.953670E-01
   9.324962E-01   1.000000E+00   1.000000E+00   1.000000E+00   6.277824E-01
   6.285981E-01   6.394118E-01   6.511806E-01   6.642354E-01   6.786944E-01
   6.947851E-01   7.129420E-01   7.334481E-01   7.567577E-01   7.835257E-01
   8.143599E-01   8.498886E-01   8.907680E-01   9.378284E-01   1.000000E+00
   1.000000E+00   1.000000E+00   1.000000E+00   1.000000E+00   1.000000E+00
   6.367058E-01   6.404775E-01   6.525025E-01   6.657556E-01   6.804789E-01
   6.968960E-01   7.154260E-01   7.364301E-01   7.603558E-01   7.879465E-01
   8.198204E-01   8.566431E-01   8.986476E-01   9.441472E-01   9.852873E-01
   1.000000E+00   1.000000E+00   1.000000E+00   1.000000E+00   1.000000E+00
   1.000000E+00   5.167679E-01   5.173450E-01   5.173659E-01   5.172376E-01
   5.171413E-01   5.170283E-01   5.168950E-01   5.167681E-01   5.166811E-01
   5.166291E-01   5.166507E-01   5.167389E-01   5.168727E-01   5.170997E-01
   5.173668E-01   5.177506E-01   5.182048E-01   5.187523E-01   5.192688E-01
   5.205236E-01   5.208176E-01   5.176668E-01   5.185584E-01   5.187280E-01
   5.184770E-01   5.183030E-01   5.181669E-01   5.180526E-01   5.180221E-01
   5.180044E-01   5.180570E-01   5.181226E-01   5.182862E-01   5.184618E-01
   5.187100E-01   5.189510E-01   5.192975E-01   5.197416E-01   5.202122E-01
   5.207585E-01   5.218892E-01   5.217502E-01   5.175813E-01   5.184099E-01
   5.186645E-01   5.184098E-01   5.183847E-01   5.183828E-01   5.184082E-01
   5.185111E-01   5.186697E-01   5.188194E-01   5.190923E-01   5.193741E-01
   5.197258E-01   5.201290E-01   5.206126E-01   5.211590E-01   5.218100E-01
   5.225419E-01   5.233767E-01   5.247788E-01   5.248316E-01   5.172747E-01
   5.179978E-01   5.183601E-01   5.182395E-01   5.183432E-01   5.184695E-01
   5.186669E-01   5.188742E-01   5.191876E-01   5.194969E-01   5.198917E-01
   5.203388E-01   5.208386E-01   5.214552E-01   5.221182E-01   5.229163E-01
   5.238431E-01   5.248837E-01   5.260361E-01   5.277547E-01   5.277442E-01
   5.171348E-01   5.180040E-01   5.185704E-01   5.185999E-01   5.188062E-01
   5.190947E-01   5.193977E-01   5.197498E-01   5.201948E-01   5.206774E-01
   5.212217E-01   5.218602E-01   5.225911E-01   5.234230E-01   5.243704E-01
   5.254625E-01   5.267202E-01   5.281164E-01   5.297061E-01   5.318703E-01
   5.318818E-01   5.174024E-01   5.183574E-01   5.190445E-01   5.191958E-01
   5.195992E-01   5.199737E-01   5.204643E-01   5.210091E-01   5.215900E-01
   5.222562E-01   5.230555E-01   5.239409E-01   5.249366E-01   5.261087E-01
   5.274065E-01   5.289112E-01   5.305747E-01   5.324889E-01   5.345945E-01
   5.372886E-01   5.373772E-01   5.181445E-01   5.190237E-01   5.198535E-01
   5.202031E-01   5.207125E-01   5.213174E-01   5.219512E-01   5.227121E-01
   5.235418E-01   5.244944E-01   5.255701E-01   5.267930E-01   5.281910E-01
   5.297272E-01   5.314744E-01   5.334875E-01   5.356900E-01   5.381826E-01
   5.409264E-01   5.442453E-01   5.444481E-01   5.193651E-01   5.200081E-01
   5.210476E-01   5.216254E-01   5.223254E-01   5.231603E-01   5.240547E-01
   5.250797E-01   5.262538E-01   5.275420E-01   5.290235E-01   5.306648E-01
   5.325283E-01   5.345803E-01   5.369023E-01   5.394846E-01   5.423285E-01
   5.454779E-01   5.489529E-01   5.529520E-01   5.532882E-01   5.210663E-01
   5.214487E-01   5.227671E-01   5.235998E-01   5.246008E-01   5.257124E-01
   5.269477E-01   5.283484E-01   5.299164E-01   5.316612E-01   5.336090E-01
   5.358123E-01   5.382487E-01   5.409054E-01   5.438737E-01   5.471093E-01
   5.506941E-01   5.545968E-01   5.588471E-01   5.636921E-01   5.641229E-01
   5.233618E-01   5.235299E-01   5.251356E-01   5.263221E-01   5.276609E-01
   5.291761E-01   5.308560E-01   5.327312E-01   5.348270E-01   5.371392E-01
   5.396830E-01   5.424753E-01   5.455674E-01   5.489398E-01   5.526118E-01
   5.566290E-01   5.610045E-01   5.657965E-01   5.709958E-01   5.767883E-01
   5.773085E-01   5.263728E-01   5.264565E-01   5.284371E-01   5.300400E-01
   5.318385E-01   5.338671E-01   5.360976E-01   5.385423E-01   5.412170E-01
   5.441834E-01   5.474172E-01   5.509123E-01   5.547139E-01   5.588487E-01
   5.633876E-01   5.683001E-01   5.736053E-01   5.793727E-01   5.856592E-01
   5.925941E-01   5.932278E-01   5.303776E-01   5.304538E-01   5.328802E-01
   5.349976E-01   5.373949E-01   5.399958E-01   5.428576E-01   5.459766E-01
   5.493594E-01   5.530211E-01   5.569998E-01   5.613305E-01   5.660170E-01
   5.710751E-01   5.765110E-01   5.824211E-01   5.888357E-01   5.957802E-01
   6.034389E-01   6.119279E-01   6.126760E-01   5.356728E-01   5.357672E-01
   5.387489E-01   5.415190E-01   5.445529E-01   5.478445E-01   5.513965E-01
   5.552379E-01   5.594255E-01   5.639498E-01   5.688379E-01   5.740778E-01
   5.797308E-01   5.858253E-01   5.924042E-01   5.995614E-01   6.073745E-01
   6.159181E-01   6.253070E-01   6.357676E-01   6.366668E-01   5.424556E-01
   5.426987E-01   5.462453E-01   5.497062E-01   5.534853E-01   5.575378E-01
   5.619579E-01   5.667171E-01   5.718314E-01   5.772982E-01   5.832078E-01
   5.895452E-01   5.963674E-01   6.038098E-01   6.118792E-01   6.206379E-01
   6.302358E-01   6.408167E-01   6.525570E-01   6.657891E-01   6.668825E-01
   5.510302E-01   5.513844E-01   5.555885E-01   5.599013E-01   5.645538E-01
   5.695452E-01   5.749085E-01   5.806610E-01   5.868481E-01   5.935106E-01
   6.006959E-01   6.084909E-01   6.169097E-01   6.260535E-01   6.360181E-01
   6.469255E-01   6.589422E-01   6.723922E-01   6.875712E-01   7.049260E-01
   7.062996E-01   5.616181E-01   5.620541E-01   5.671596E-01   5.724196E-01
   5.780580E-01   5.841307E-01   5.906472E-01   5.976577E-01   6.052723E-01
   6.134864E-01   6.223727E-01   6.320321E-01   6.425508E-01   6.540373E-01
   6.666908E-01   6.807046E-01   6.963005E-01   7.139253E-01   7.342029E-01
   7.578625E-01   7.596095E-01   5.746297E-01   5.751596E-01   5.812274E-01
   5.876347E-01   5.944922E-01   6.019405E-01   6.099968E-01   6.186908E-01
   6.281327E-01   6.384176E-01   6.496309E-01   6.619294E-01   6.755334E-01
   6.905683E-01   7.072610E-01   7.259630E-01   7.468981E-01   7.709032E-01
   7.992170E-01   8.321179E-01   8.340152E-01   5.904183E-01   5.910558E-01
   5.984122E-01   6.063066E-01   6.148216E-01   6.240553E-01   6.341099E-01
   6.450805E-01   6.570843E-01   6.703904E-01   6.851123E-01   7.014634E-01
   7.198052E-01   7.404513E-01   7.637464E-01   7.900725E-01   8.190438E-01
   8.525065E-01   8.946093E-01   9.346706E-01   9.354466E-01   6.098747E-01
   6.106159E-01   6.197106E-01   6.295224E-01   6.402404E-01   6.519657E-01
   6.648974E-01   6.792642E-01   6.952369E-01   7.131473E-01   7.333890E-01
   7.563182E-01   7.824889E-01   8.126127E-01   8.473796E-01   8.877932E-01
   9.252708E-01   9.632821E-01   1.000000E+00   1.000000E+00   1.000000E+00
   6.343270E-01   6.351838E-01   6.466419E-01   6.591562E-01   6.730924E-01
   6.885948E-01   7.059292E-01   7.255923E-01   7.479252E-01   7.734591E-01
   8.029394E-01   8.370183E-01   8.762150E-01   9.205763E-01   9.684744E-01
   1.000000E+00   1.000000E+00   1.000000E+00   1.000000E+00   1.000000E+00
   1.000000E+00   6.437709E-01   6.477667E-01   6.605575E-01   6.747118E-01
   6.905060E-01   7.082029E-01   7.282842E-01   7.511774E-01   7.774073E-01
   8.078153E-01   8.430513E-01   8.836212E-01   9.289282E-01   9.743488E-01
   1.000000E+00   1.000000E+00   1.000000E+00   1.000000E+00   1.000000E+00
   1.000000E+00   1.000000E+00   5.205123E-01   5.210886E-01   5.211121E-01
   5.209781E-01   5.208770E-01   5.207569E-01   5.206157E-01   5.204797E-01
   5.203863E-01   5.203290E-01   5.203489E-01   5.204397E-01   5.205815E-01
   5.208202E-01   5.211032E-01   5.215106E-01   5.219933E-01   5.225743E-01
   5.231253E-01   5.244522E-01   5.247058E-01   5.214219E-01   5.222968E-01
   5.224734E-01   5.222071E-01   5.220180E-01   5.218730E-01   5.217484E-01
   5.217136E-01   5.216922E-01   5.217464E-01   5.218158E-01   5.219878E-01
   5.221771E-01   5.224415E-01   5.227018E-01   5.230726E-01   5.235476E-01
   5.240518E-01   5.246380E-01   5.258357E-01   5.256371E-01   5.213308E-01
   5.221311E-01   5.223966E-01   5.221256E-01   5.220933E-01   5.220905E-01
   5.221151E-01   5.222215E-01   5.223888E-01   5.225497E-01   5.228389E-01
   5.231405E-01   5.235150E-01   5.239461E-01   5.244628E-01   5.250473E-01
   5.257420E-01   5.265257E-01   5.274178E-01   5.289073E-01   5.289087E-01
   5.210058E-01   5.216871E-01   5.220675E-01   5.219381E-01   5.220451E-01
   5.221793E-01   5.223864E-01   5.226078E-01   5.229401E-01   5.232715E-01
   5.236929E-01   5.241709E-01   5.247063E-01   5.253643E-01   5.260747E-01
   5.269267E-01   5.279170E-01   5.290282E-01   5.302611E-01   5.320877E-01
   5.320254E-01   5.208513E-01   5.216866E-01   5.222835E-01   5.223154E-01
   5.225347E-01   5.228424E-01   5.231633E-01   5.235406E-01   5.240155E-01
   5.245307E-01   5.251130E-01   5.257963E-01   5.265773E-01   5.274662E-01
   5.284797E-01   5.296472E-01   5.309901E-01   5.324816E-01   5.341817E-01
   5.364846E-01   5.364487E-01   5.211294E-01   5.220595E-01   5.227866E-01
   5.229506E-01   5.233795E-01   5.237797E-01   5.243029E-01   5.248851E-01
   5.255060E-01   5.262196E-01   5.270727E-01   5.280198E-01   5.290853E-01
   5.303363E-01   5.317230E-01   5.333307E-01   5.351083E-01   5.371536E-01
   5.394049E-01   5.422758E-01   5.423255E-01   5.219139E-01   5.227704E-01
   5.236494E-01   5.240236E-01   5.245684E-01   5.252142E-01   5.258921E-01
   5.267045E-01   5.275920E-01   5.286102E-01   5.297604E-01   5.310668E-01
   5.325602E-01   5.342033E-01   5.360703E-01   5.382213E-01   5.405762E-01
   5.432413E-01   5.461783E-01   5.497244E-01   5.499002E-01   5.232098E-01
   5.238247E-01   5.249266E-01   5.255442E-01   5.262925E-01   5.271831E-01
   5.281397E-01   5.292361E-01   5.304893E-01   5.318659E-01   5.334493E-01
   5.352044E-01   5.371952E-01   5.393898E-01   5.418729E-01   5.446351E-01
   5.476801E-01   5.510556E-01   5.547831E-01   5.590729E-01   5.593967E-01
   5.250211E-01   5.253654E-01   5.267622E-01   5.276533E-01   5.287220E-01
   5.299108E-01   5.312315E-01   5.327280E-01   5.344029E-01   5.362667E-01
   5.383505E-01   5.407055E-01   5.433114E-01   5.461569E-01   5.493365E-01
   5.528059E-01   5.566542E-01   5.608508E-01   5.654286E-01   5.706499E-01
   5.710812E-01   5.274682E-01   5.275913E-01   5.292941E-01   5.305631E-01
   5.319931E-01   5.336112E-01   5.354063E-01   5.374095E-01   5.396491E-01
   5.421223E-01   5.448453E-01   5.478371E-01   5.511501E-01   5.547697E-01
   5.587159E-01   5.630398E-01   5.677557E-01   5.729338E-01   5.785656E-01
   5.848519E-01   5.853877E-01   5.306811E-01   5.307171E-01   5.328213E-01
   5.345331E-01   5.364556E-01   5.386226E-01   5.410076E-01   5.436226E-01
   5.464867E-01   5.496648E-01   5.531326E-01   5.568857E-01   5.609764E-01
   5.654307E-01   5.703295E-01   5.756443E-01   5.813997E-01   5.876744E-01
   5.945350E-01   6.021270E-01   6.027956E-01   5.349542E-01   5.349855E-01
   5.375674E-01   5.398312E-01   5.423938E-01   5.451771E-01   5.482410E-01
   5.515848E-01   5.552153E-01   5.591522E-01   5.634351E-01   5.681039E-01
   5.731703E-01   5.786513E-01   5.845585E-01   5.909989E-01   5.980128E-01
   6.056358E-01   6.140756E-01   6.234699E-01   6.242765E-01   5.406055E-01
   5.406633E-01   5.438402E-01   5.468064E-01   5.500558E-01   5.535860E-01
   5.574018E-01   5.615349E-01   5.660467E-01   5.709311E-01   5.762223E-01
   5.819092E-01   5.880613E-01   5.947163E-01   6.019256E-01   6.097968E-01
   6.184294E-01   6.279147E-01   6.383951E-01   6.501385E-01   6.511309E-01
   5.478575E-01   5.480760E-01   5.518690E-01   5.555843E-01   5.596461E-01
   5.640095E-01   5.687749E-01   5.739213E-01   5.794644E-01   5.854078E-01
   5.918508E-01   5.987850E-01   6.062768E-01   6.144841E-01   6.234230E-01
   6.331761E-01   6.439231E-01   6.558464E-01   6.691708E-01   6.843028E-01
   6.855412E-01   5.570492E-01   5.573912E-01   5.619085E-01   5.665537E-01
   5.715779E-01   5.769816E-01   5.828041E-01   5.890680E-01   5.958277E-01
   6.031318E-01   6.110410E-01   6.196600E-01   6.290148E-01   6.392294E-01
   6.504275E-01   6.627667E-01   6.764604E-01   6.919141E-01   7.095162E-01
   7.298434E-01   7.314475E-01   5.684440E-01   5.688816E-01   5.743954E-01
   5.800974E-01   5.862278E-01   5.928512E-01   5.999839E-01   6.076859E-01
   6.160900E-01   6.251992E-01   6.351047E-01   6.459344E-01   6.578034E-01
   6.708554E-01   6.853449E-01   7.015311E-01   7.197163E-01   7.404811E-01
   7.646388E-01   7.931412E-01   7.952482E-01   5.825323E-01   5.830773E-01
   5.896807E-01   5.966808E-01   6.042032E-01   6.124047E-01   6.213185E-01
   6.309880E-01   6.415487E-01   6.531235E-01   6.658307E-01   6.798728E-01
   6.955365E-01   7.130080E-01   7.325998E-01   7.547859E-01   7.798947E-01
   8.089835E-01   8.435389E-01   8.836037E-01   8.858925E-01   5.997610E-01
   6.004322E-01   6.085113E-01   6.172262E-01   6.266749E-01   6.369761E-01
   6.482609E-01   6.606571E-01   6.743209E-01   6.895922E-01   7.066423E-01
   7.257675E-01   7.474507E-01   7.721317E-01   8.002808E-01   8.323615E-01
   8.677370E-01   9.080606E-01   9.556522E-01   9.920614E-01   9.925922E-01
   6.212064E-01   6.220050E-01   6.321193E-01   6.431002E-01   6.551734E-01
   6.684772E-01   6.832667E-01   6.998445E-01   7.184561E-01   7.395474E-01
   7.636545E-01   7.912715E-01   8.231006E-01   8.599035E-01   9.019720E-01
   9.483716E-01   9.847191E-01   1.000000E+00   1.000000E+00   1.000000E+00
   1.000000E+00   6.485114E-01   6.494567E-01   6.624084E-01   6.766679E-01
   6.926854E-01   7.106738E-01   7.309986E-01   7.543150E-01   7.811068E-01
   8.120695E-01   8.480679E-01   8.895097E-01   9.355194E-01   9.809647E-01
   1.000000E+00   1.000000E+00   1.000000E+00   1.000000E+00   1.000000E+00
   1.000000E+00   1.000000E+00   6.591517E-01   6.636625E-01   6.782421E-01
   6.945268E-01   7.128752E-01   7.336531E-01   7.575013E-01   7.850078E-01
   8.168577E-01   8.540056E-01   8.967427E-01   9.437778E-01   9.878502E-01
   1.000000E+00   1.000000E+00   1.000000E+00   1.000000E+00   1.000000E+00
   1.000000E+00   1.000000E+00   1.000000E+00   5.257931E-01   5.263604E-01
   5.263913E-01   5.262501E-01   5.261417E-01   5.260081E-01   5.258520E-01
   5.256969E-01   5.255881E-01   5.255173E-01   5.255292E-01   5.256202E-01
   5.257765E-01   5.260344E-01   5.263471E-01   5.267995E-01   5.273379E-01
   5.279832E-01   5.286049E-01   5.300569E-01   5.302335E-01   5.267138E-01
   5.275382E-01   5.277225E-01   5.274288E-01   5.272048E-01   5.270412E-01
   5.268921E-01   5.268450E-01   5.268129E-01   5.268671E-01   5.269434E-01
   5.271286E-01   5.273475E-01   5.276436E-01   5.279468E-01   5.283672E-01
   5.289058E-01   5.294800E-01   5.301501E-01   5.314664E-01   5.311618E-01
   5.266162E-01   5.273353E-01   5.276154E-01   5.273130E-01   5.272587E-01
   5.272520E-01   5.272708E-01   5.273793E-01   5.275609E-01   5.277449E-01
   5.280640E-01   5.284062E-01   5.288251E-01   5.293129E-01   5.298960E-01
   5.305583E-01   5.313392E-01   5.322284E-01   5.332343E-01   5.348823E-01
   5.347855E-01   5.262559E-01   5.268215E-01   5.272300E-01   5.270824E-01
   5.271905E-01   5.273390E-01   5.275608E-01   5.278107E-01   5.281771E-01
   5.285545E-01   5.290285E-01   5.295698E-01   5.301777E-01   5.309180E-01
   5.317258E-01   5.326845E-01   5.338006E-01   5.350500E-01   5.364422E-01
   5.384633E-01   5.383024E-01   5.260624E-01   5.267965E-01   5.274444E-01
   5.274820E-01   5.277257E-01   5.280709E-01   5.284253E-01   5.288541E-01
   5.293885E-01   5.299692E-01   5.306288E-01   5.314027E-01   5.322841E-01
   5.332863E-01   5.344323E-01   5.357485E-01   5.372559E-01   5.389315E-01
   5.408448E-01   5.433958E-01   5.432685E-01   5.263506E-01   5.272020E-01
   5.280017E-01   5.281944E-01   5.286715E-01   5.291241E-01   5.297114E-01
   5.303687E-01   5.310702E-01   5.318807E-01   5.328396E-01   5.339107E-01
   5.351153E-01   5.365193E-01   5.380792E-01   5.398850E-01   5.418803E-01
   5.441726E-01   5.466979E-01   5.498818E-01   5.498544E-01   5.272097E-01
   5.280014E-01   5.289704E-01   5.293957E-01   5.300125E-01   5.307389E-01
   5.315063E-01   5.324207E-01   5.334245E-01   5.345729E-01   5.358699E-01
   5.373386E-01   5.390162E-01   5.408669E-01   5.429612E-01   5.453706E-01
   5.480107E-01   5.509940E-01   5.542867E-01   5.582329E-01   5.583527E-01
   5.286490E-01   5.292006E-01   5.304164E-01   5.311143E-01   5.319600E-01
   5.329589E-01   5.340406E-01   5.352783E-01   5.366851E-01   5.382336E-01
   5.400131E-01   5.419872E-01   5.442181E-01   5.466820E-01   5.494643E-01
   5.525576E-01   5.559715E-01   5.597596E-01   5.639438E-01   5.687478E-01
   5.690413E-01   5.306773E-01   5.309451E-01   5.324822E-01   5.334912E-01
   5.346929E-01   5.360335E-01   5.375217E-01   5.392030E-01   5.410824E-01
   5.431716E-01   5.455133E-01   5.481512E-01   5.510707E-01   5.542658E-01
   5.578321E-01   5.617269E-01   5.660516E-01   5.707797E-01   5.759484E-01
   5.818347E-01   5.822600E-01   5.334239E-01   5.334616E-01   5.353383E-01
   5.367703E-01   5.383765E-01   5.401918E-01   5.422056E-01   5.444502E-01
   5.469586E-01   5.497313E-01   5.527866E-01   5.561467E-01   5.598611E-01
   5.639309E-01   5.683747E-01   5.732534E-01   5.785810E-01   5.844567E-01
   5.908713E-01   5.980442E-01   5.986038E-01   5.370331E-01   5.369768E-01
   5.393022E-01   5.412224E-01   5.433804E-01   5.458063E-01   5.484792E-01
   5.514096E-01   5.546235E-01   5.581887E-01   5.620818E-01   5.663029E-01
   5.709201E-01   5.759518E-01   5.814995E-01   5.875422E-01   5.941155E-01
   6.013146E-01   6.092245E-01   6.180182E-01   6.187481E-01   5.418210E-01
   5.417631E-01   5.446217E-01   5.471608E-01   5.500283E-01   5.531481E-01
   5.565813E-01   5.603355E-01   5.644158E-01   5.688535E-01   5.736866E-01
   5.789636E-01   5.847190E-01   5.909678E-01   5.977351E-01   6.051443E-01
   6.132586E-01   6.221372E-01   6.320290E-01   6.431138E-01   6.440296E-01
   5.481352E-01   5.481223E-01   5.516416E-01   5.549695E-01   5.586107E-01
   5.625742E-01   5.668697E-01   5.715324E-01   5.766287E-01   5.821631E-01
   5.881857E-01   5.946859E-01   6.017490E-01   6.094334E-01   6.178067E-01
   6.270013E-01   6.371685E-01   6.484320E-01   6.609948E-01   6.752052E-01
   6.763801E-01   5.562483E-01   5.564131E-01   5.606417E-01   5.648192E-01
   5.693927E-01   5.743183E-01   5.797033E-01   5.855517E-01   5.918728E-01
   5.986862E-01   6.061047E-01   6.141387E-01   6.228711E-01   6.325059E-01
   6.430810E-01   6.547240E-01   6.676777E-01   6.822098E-01   6.986542E-01
   7.175737E-01   7.191079E-01   5.665560E-01   5.668655E-01   5.719407E-01
   5.771823E-01   5.828772E-01   5.890284E-01   5.956854E-01   6.028840E-01
   6.106957E-01   6.191844E-01   6.284397E-01   6.386046E-01   6.497323E-01
   6.619946E-01   6.755787E-01   6.907223E-01   7.077447E-01   7.272335E-01
   7.497870E-01   7.762604E-01   7.783504E-01   5.793998E-01   5.798332E-01
   5.860750E-01   5.925785E-01   5.996048E-01   6.072354E-01   6.155025E-01
   6.244840E-01   6.343646E-01   6.451629E-01   6.570100E-01   6.700936E-01
   6.845958E-01   7.007404E-01   7.189059E-01   7.395055E-01   7.630232E-01
   7.903244E-01   8.225783E-01   8.609801E-01   8.638108E-01   5.954345E-01
   5.959995E-01   6.035736E-01   6.116597E-01   6.204111E-01   6.300113E-01
   6.405347E-01   6.520541E-01   6.647599E-01   6.788372E-01   6.944812E-01
   7.119972E-01   7.318248E-01   7.542916E-01   7.798988E-01   8.093607E-01
   8.431190E-01   8.823018E-01   9.275451E-01   9.739948E-01   9.762794E-01
   6.152968E-01   6.160247E-01   6.254327E-01   6.356803E-01   6.468915E-01
   6.592282E-01   6.728868E-01   6.880696E-01   7.050228E-01   7.242457E-01
   7.460465E-01   7.709077E-01   7.995622E-01   8.326449E-01   8.706101E-01
   9.132020E-01   9.568442E-01   9.947499E-01   1.000000E+00   1.000000E+00
   1.000000E+00   6.404419E-01   6.413485E-01   6.533884E-01   6.666119E-01
   6.813178E-01   6.977307E-01   7.162328E-01   7.372963E-01   7.613397E-01
   7.890520E-01   8.212298E-01   8.584602E-01   9.010702E-01   9.477001E-01
   9.904864E-01   1.000000E+00   1.000000E+00   1.000000E+00   1.000000E+00
   1.000000E+00   1.000000E+00   6.731742E-01   6.742992E-01   6.901653E-01
   7.078878E-01   7.280999E-01   7.511752E-01   7.776999E-01   8.086481E-01
   8.446806E-01   8.863629E-01   9.331940E-01   9.797588E-01   1.000000E+00
   1.000000E+00   1.000000E+00   1.000000E+00   1.000000E+00   1.000000E+00
   1.000000E+00   1.000000E+00   1.000000E+00   6.861515E-01   6.916817E-01
   7.098056E-01   7.303908E-01   7.539745E-01   7.811493E-01   8.128684E-01
   8.499075E-01   8.927132E-01   9.405112E-01   9.862417E-01   1.000000E+00
   1.000000E+00   1.000000E+00   1.000000E+00   1.000000E+00   1.000000E+00
   1.000000E+00   1.000000E+00   1.000000E+00   1.000000E+00   5.322444E-01
   5.328075E-01   5.328519E-01   5.327049E-01   5.325853E-01   5.324319E-01
   5.322476E-01   5.320587E-01   5.319159E-01   5.318176E-01   5.318081E-01
   5.318955E-01   5.320738E-01   5.323631E-01   5.327300E-01   5.332599E-01
   5.338997E-01   5.346634E-01   5.354213E-01   5.370757E-01   5.371553E-01
   5.331946E-01   5.339418E-01   5.341297E-01   5.337918E-01   5.335018E-01
   5.332968E-01   5.330988E-01   5.330210E-01   5.329668E-01   5.330172E-01
   5.331047E-01   5.333116E-01   5.335860E-01   5.339409E-01   5.343292E-01
   5.348424E-01   5.355031E-01   5.362130E-01   5.370446E-01   5.385600E-01
   5.381173E-01   5.330921E-01   5.336674E-01   5.339631E-01   5.336050E-01
   5.335015E-01   5.334814E-01   5.334844E-01   5.335909E-01   5.337932E-01
   5.340191E-01   5.343904E-01   5.348094E-01   5.353113E-01   5.359043E-01
   5.366123E-01   5.374231E-01   5.383639E-01   5.394500E-01   5.406690E-01
   5.425848E-01   5.423526E-01   5.326668E-01   5.330180E-01   5.334631E-01
   5.332836E-01   5.333860E-01   5.335571E-01   5.338005E-01   5.341050E-01
   5.345290E-01   5.349930E-01   5.355648E-01   5.362267E-01   5.369694E-01
   5.378629E-01   5.388543E-01   5.400126E-01   5.413617E-01   5.428666E-01
   5.445506E-01   5.469007E-01   5.466038E-01   5.323910E-01   5.329323E-01
   5.336550E-01   5.337067E-01   5.339927E-01   5.344028E-01   5.348225E-01
   5.353451E-01   5.359905E-01   5.366952E-01   5.375004E-01   5.384430E-01
   5.395138E-01   5.407255E-01   5.421199E-01   5.437082E-01   5.455145E-01
   5.475241E-01   5.498183E-01   5.527882E-01   5.525359E-01   5.326851E-01
   5.333884E-01   5.343110E-01   5.345609E-01   5.351234E-01   5.356750E-01
   5.363785E-01   5.371757E-01   5.380291E-01   5.390222E-01   5.401777E-01
   5.414800E-01   5.429416E-01   5.446263E-01   5.465027E-01   5.486635E-01
   5.510481E-01   5.537763E-01   5.567856E-01   5.604931E-01   5.603616E-01
   5.336685E-01   5.343510E-01   5.354707E-01   5.359983E-01   5.367498E-01
   5.376226E-01   5.385599E-01   5.396642E-01   5.408846E-01   5.422756E-01
   5.438411E-01   5.456063E-01   5.476171E-01   5.498436E-01   5.523413E-01
   5.552049E-01   5.583474E-01   5.618836E-01   5.657948E-01   5.704101E-01
   5.704589E-01   5.353648E-01   5.358271E-01   5.372359E-01   5.380855E-01
   5.391127E-01   5.403113E-01   5.416282E-01   5.431231E-01   5.448116E-01
   5.466730E-01   5.488057E-01   5.511724E-01   5.538283E-01   5.567700E-01
   5.600743E-01   5.637436E-01   5.677979E-01   5.722977E-01   5.772664E-01
   5.829390E-01   5.832003E-01   5.377936E-01   5.379585E-01   5.397298E-01
   5.409611E-01   5.424070E-01   5.440253E-01   5.458177E-01   5.478334E-01
   5.500815E-01   5.525729E-01   5.553693E-01   5.585041E-01   5.619710E-01
   5.657750E-01   5.700100E-01   5.746412E-01   5.797847E-01   5.854287E-01
   5.916188E-01   5.986371E-01   5.990735E-01   5.410928E-01   5.410160E-01
   5.431869E-01   5.449175E-01   5.468407E-01   5.490120E-01   5.514152E-01
   5.540891E-01   5.570706E-01   5.603665E-01   5.640011E-01   5.680001E-01
   5.724085E-01   5.772557E-01   5.825587E-01   5.883949E-01   5.947779E-01
   6.018666E-01   6.096514E-01   6.183712E-01   6.189977E-01   5.454258E-01
   5.452432E-01   5.479389E-01   5.502342E-01   5.528108E-01   5.556923E-01
   5.588696E-01   5.623507E-01   5.661737E-01   5.704077E-01   5.750345E-01
   5.800656E-01   5.855937E-01   5.916261E-01   5.982956E-01   6.056086E-01
   6.136202E-01   6.224563E-01   6.322420E-01   6.431988E-01   6.440670E-01
   5.511401E-01   5.509567E-01   5.542764E-01   5.573026E-01   5.606994E-01
   5.644047E-01   5.684773E-01   5.729413E-01   5.777973E-01   5.831012E-01
   5.888865E-01   5.952132E-01   6.021695E-01   6.097644E-01   6.180528E-01
   6.271882E-01   6.372833E-01   6.484514E-01   6.610226E-01   6.752676E-01
   6.764198E-01   5.586169E-01   5.585127E-01   5.625996E-01   5.665545E-01
   5.708719E-01   5.755825E-01   5.807077E-01   5.862877E-01   5.923931E-01
   5.990561E-01   6.063562E-01   6.142888E-01   6.229704E-01   6.325001E-01
   6.429842E-01   6.546062E-01   6.676319E-01   6.822621E-01   6.988391E-01
   7.178918E-01   7.194619E-01   5.682251E-01   5.683184E-01   5.732762E-01
   5.782511E-01   5.837069E-01   5.896050E-01   5.960591E-01   6.031310E-01
   6.108170E-01   6.191706E-01   6.283296E-01   6.383498E-01   6.493500E-01
   6.616247E-01   6.752749E-01   6.905314E-01   7.077827E-01   7.274983E-01
   7.502725E-01   7.770229E-01   7.792087E-01   5.804511E-01   5.807219E-01
   5.867452E-01   5.930150E-01   5.998721E-01   6.073314E-01   6.154570E-01
   6.243177E-01   6.340196E-01   6.446602E-01   6.563922E-01   6.694453E-01
   6.839396E-01   7.001588E-01   7.184436E-01   7.392238E-01   7.630712E-01
   7.909822E-01   8.239710E-01   8.632301E-01   8.663380E-01   5.957905E-01
   5.962355E-01   6.037297E-01   6.116394E-01   6.202505E-01   6.296786E-01
   6.399958E-01   6.513163E-01   6.639384E-01   6.779232E-01   6.934965E-01
   7.109876E-01   7.307419E-01   7.531794E-01   7.789670E-01   8.088448E-01
   8.435750E-01   8.841461E-01   9.307126E-01   9.786538E-01   9.815642E-01
   6.152269E-01   6.158474E-01   6.251343E-01   6.351701E-01   6.461574E-01
   6.583335E-01   6.718709E-01   6.869143E-01   7.037829E-01   7.228133E-01
   7.443897E-01   7.690624E-01   7.976098E-01   8.306062E-01   8.686648E-01
   9.119771E-01   9.579789E-01   9.967726E-01   1.000000E+00   1.000000E+00
   1.000000E+00   6.398018E-01   6.406558E-01   6.524822E-01   6.655777E-01
   6.801206E-01   6.963746E-01   7.146924E-01   7.354587E-01   7.591397E-01
   7.865942E-01   8.184054E-01   8.552675E-01   8.977251E-01   9.444196E-01
   9.880105E-01   1.000000E+00   1.000000E+00   1.000000E+00   1.000000E+00
   1.000000E+00   1.000000E+00   6.717888E-01   6.729281E-01   6.886301E-01
   7.062150E-01   7.261482E-01   7.488657E-01   7.750488E-01   8.055365E-01
   8.410154E-01   8.822207E-01   9.288145E-01   9.759815E-01   1.000000E+00
   1.000000E+00   1.000000E+00   1.000000E+00   1.000000E+00   1.000000E+00
   1.000000E+00   1.000000E+00   1.000000E+00   7.149908E-01   7.165169E-01
   7.382241E-01   7.630501E-01   7.920272E-01   8.258342E-01   8.652515E-01
   9.108397E-01   9.598537E-01   9.988390E-01   1.000000E+00   1.000000E+00
   1.000000E+00   1.000000E+00   1.000000E+00   1.000000E+00   1.000000E+00
   1.000000E+00   1.000000E+00   1.000000E+00   1.000000E+00   7.326886E-01
   7.403220E-01   7.657174E-01   7.953032E-01   8.299319E-01   8.703480E-01
   9.168778E-01   9.661833E-01   1.000000E+00   1.000000E+00   1.000000E+00
   1.000000E+00   1.000000E+00   1.000000E+00   1.000000E+00   1.000000E+00
   1.000000E+00   1.000000E+00   1.000000E+00   1.000000E+00   1.000000E+00
   5.394732E-01   5.400598E-01   5.401260E-01   5.399828E-01   5.398434E-01
   5.396628E-01   5.394293E-01   5.391877E-01   5.389806E-01   5.388298E-01
   5.387801E-01   5.388651E-01   5.390706E-01   5.394152E-01   5.398819E-01
   5.405397E-01   5.413623E-01   5.423404E-01   5.433605E-01   5.453321E-01
   5.453340E-01   5.405054E-01   5.411730E-01   5.413547E-01   5.409450E-01
   5.405499E-01   5.402519E-01   5.399707E-01   5.398230E-01   5.397263E-01
   5.397700E-01   5.398739E-01   5.401239E-01   5.404901E-01   5.409582E-01
   5.415014E-01   5.421889E-01   5.430751E-01   5.440404E-01   5.451707E-01
   5.470264E-01   5.464372E-01   5.404058E-01   5.407746E-01   5.410844E-01
   5.406299E-01   5.404332E-01   5.403729E-01   5.403430E-01   5.404404E-01
   5.406743E-01   5.409716E-01   5.414344E-01   5.419879E-01   5.426495E-01
   5.434332E-01   5.443686E-01   5.454568E-01   5.466923E-01   5.481314E-01
   5.497439E-01   5.521049E-01   5.517268E-01   5.398666E-01   5.398825E-01
   5.403692E-01   5.401359E-01   5.402165E-01   5.404196E-01   5.407008E-01
   5.411021E-01   5.416305E-01   5.422495E-01   5.430000E-01   5.438804E-01
   5.448690E-01   5.460433E-01   5.473667E-01   5.488953E-01   5.506636E-01
   5.526357E-01   5.548377E-01   5.577425E-01   5.573025E-01   5.394435E-01
   5.396679E-01   5.404937E-01   5.405781E-01   5.409329E-01   5.414510E-01
   5.420033E-01   5.426908E-01   5.435347E-01   5.444718E-01   5.455447E-01
   5.467952E-01   5.482139E-01   5.498031E-01   5.516521E-01   5.537256E-01
   5.560706E-01   5.586730E-01   5.616303E-01   5.653028E-01   5.649269E-01
   5.397396E-01   5.402061E-01   5.413226E-01   5.416848E-01   5.423951E-01
   5.431277E-01   5.440436E-01   5.450935E-01   5.462279E-01   5.475509E-01
   5.490685E-01   5.507925E-01   5.527159E-01   5.549085E-01   5.573507E-01
   5.601346E-01   5.632025E-01   5.666859E-01   5.705362E-01   5.751254E-01
   5.749009E-01   5.409324E-01   5.414592E-01   5.428258E-01   5.435535E-01
   5.445461E-01   5.456825E-01   5.469317E-01   5.483847E-01   5.499991E-01
   5.518308E-01   5.538740E-01   5.561773E-01   5.587769E-01   5.616642E-01
   5.648675E-01   5.685191E-01   5.725342E-01   5.770245E-01   5.820019E-01
   5.877496E-01   5.877551E-01   5.430876E-01   5.434440E-01   5.451739E-01
   5.463071E-01   5.476638E-01   5.492270E-01   5.509731E-01   5.529265E-01
   5.551243E-01   5.575455E-01   5.602992E-01   5.633535E-01   5.667503E-01
   5.705253E-01   5.747304E-01   5.793965E-01   5.845592E-01   5.902870E-01
   5.966140E-01   6.037807E-01   6.040580E-01   5.462380E-01   5.462976E-01
   5.484558E-01   5.500897E-01   5.519798E-01   5.540913E-01   5.564245E-01
   5.590316E-01   5.619337E-01   5.651353E-01   5.687162E-01   5.727148E-01
   5.771292E-01   5.819834E-01   5.873729E-01   5.932852E-01   5.998494E-01
   6.070961E-01   6.150904E-01   6.241062E-01   6.246361E-01   5.505282E-01
   5.503345E-01   5.529981E-01   5.552631E-01   5.577449E-01   5.605482E-01
   5.636341E-01   5.670599E-01   5.708655E-01   5.750657E-01   5.796982E-01
   5.847980E-01   5.904128E-01   5.966067E-01   6.034099E-01   6.109268E-01
   6.191805E-01   6.284437E-01   6.387216E-01   6.502811E-01   6.511090E-01
   5.561507E-01   5.558375E-01   5.591471E-01   5.621066E-01   5.654116E-01
   5.690858E-01   5.731341E-01   5.775691E-01   5.824451E-01   5.878335E-01
   5.937327E-01   6.001815E-01   6.073027E-01   6.151075E-01   6.237689E-01
   6.333773E-01   6.440237E-01   6.559053E-01   6.692471E-01   6.843827E-01
   6.855994E-01   5.634920E-01   5.631783E-01   5.672615E-01   5.711355E-01
   5.754457E-01   5.801612E-01   5.853408E-01   5.910324E-01   5.972377E-01
   6.040537E-01   6.115183E-01   6.197056E-01   6.288178E-01   6.388614E-01
   6.499595E-01   6.623393E-01   6.762285E-01   6.918786E-01   7.098206E-01
   7.305685E-01   7.322929E-01   5.729853E-01   5.728043E-01   5.778401E-01
   5.828712E-01   5.883595E-01   5.943654E-01   6.009373E-01   6.081299E-01
   6.160186E-01   6.246987E-01   6.343059E-01   6.448667E-01   6.565690E-01
   6.695993E-01   6.841718E-01   7.006038E-01   7.194326E-01   7.410822E-01
   7.662592E-01   7.959505E-01   7.984712E-01   5.851765E-01   5.852193E-01
   5.914093E-01   5.977691E-01   6.047646E-01   6.123782E-01   6.207310E-01
   6.300004E-01   6.401775E-01   6.513822E-01   6.638198E-01   6.776558E-01
   6.931095E-01   7.106782E-01   7.306619E-01   7.535573E-01   7.801342E-01
   8.113395E-01   8.482436E-01   8.919296E-01   8.955110E-01   6.007240E-01
   6.009988E-01   6.086619E-01   6.167541E-01   6.256826E-01   6.355145E-01
   6.463367E-01   6.583042E-01   6.716054E-01   6.864318E-01   7.030875E-01
   7.220271E-01   7.435621E-01   7.682751E-01   7.968914E-01   8.302460E-01
   8.691949E-01   9.144407E-01   9.634741E-01   1.000000E+00   1.000000E+00
   6.204658E-01   6.209980E-01   6.307290E-01   6.412062E-01   6.527561E-01
   6.655764E-01   6.798440E-01   6.957721E-01   7.139237E-01   7.345024E-01
   7.579941E-01   7.850893E-01   8.165097E-01   8.529756E-01   8.951268E-01
   9.420018E-01   9.867726E-01   1.000000E+00   1.000000E+00   1.000000E+00
   1.000000E+00   6.460830E-01   6.468787E-01   6.593549E-01   6.731119E-01
   6.884580E-01   7.057761E-01   7.254856E-01   7.479381E-01   7.737912E-01
   8.037578E-01   8.385824E-01   8.789594E-01   9.248463E-01   9.720568E-01
   1.000000E+00   1.000000E+00   1.000000E+00   1.000000E+00   1.000000E+00
   1.000000E+00   1.000000E+00   6.796066E-01   6.807820E-01   6.973697E-01
   7.162291E-01   7.376934E-01   7.623114E-01   7.908308E-01   8.240397E-01
   8.626765E-01   9.073870E-01   9.558185E-01   9.966451E-01   1.000000E+00
   1.000000E+00   1.000000E+00   1.000000E+00   1.000000E+00   1.000000E+00
   1.000000E+00   1.000000E+00   1.000000E+00   7.253602E-01   7.270592E-01
   7.504755E-01   7.775076E-01   8.090199E-01   8.458226E-01   8.886839E-01
   9.369957E-01   9.841190E-01   1.000000E+00   1.000000E+00   1.000000E+00
   1.000000E+00   1.000000E+00   1.000000E+00   1.000000E+00   1.000000E+00
   1.000000E+00   1.000000E+00   1.000000E+00   1.000000E+00   7.910967E-01
   7.935930E-01   8.283348E-01   8.689124E-01   9.159142E-01   9.658458E-01
   1.000000E+00   1.000000E+00   1.000000E+00   1.000000E+00   1.000000E+00
   1.000000E+00   1.000000E+00   1.000000E+00   1.000000E+00   1.000000E+00
   1.000000E+00   1.000000E+00   1.000000E+00   1.000000E+00   1.000000E+00
   8.194170E-01   8.318133E-01   8.732810E-01   9.210831E-01   9.711256E-01
   1.000000E+00   1.000000E+00   1.000000E+00   1.000000E+00   1.000000E+00
   1.000000E+00   1.000000E+00   1.000000E+00   1.000000E+00   1.000000E+00
   1.000000E+00   1.000000E+00   1.000000E+00   1.000000E+00   1.000000E+00
   1.000000E+00   5.458423E-01   5.465064E-01   5.466052E-01   5.464830E-01
   5.463158E-01   5.461011E-01   5.458128E-01   5.454999E-01   5.452153E-01
   5.449935E-01   5.448946E-01   5.449841E-01   5.452248E-01   5.456506E-01
   5.462705E-01   5.471110E-01   5.482001E-01   5.494916E-01   5.509111E-01
   5.532960E-01   5.533166E-01   5.470331E-01   5.476965E-01   5.478751E-01
   5.473646E-01   5.468449E-01   5.464048E-01   5.460087E-01   5.457553E-01
   5.455949E-01   5.456288E-01   5.457521E-01   5.460753E-01   5.465724E-01
   5.472150E-01   5.479842E-01   5.489463E-01   5.501599E-01   5.515084E-01
   5.530854E-01   5.554162E-01   5.547345E-01   5.469571E-01   5.471503E-01
   5.474643E-01   5.468831E-01   5.465606E-01   5.464227E-01   5.463409E-01
   5.464276E-01   5.467066E-01   5.470968E-01   5.476968E-01   5.484410E-01
   5.493430E-01   5.504174E-01   5.516876E-01   5.531850E-01   5.548653E-01
   5.568137E-01   5.590047E-01   5.619806E-01   5.615099E-01   5.462719E-01
   5.459228E-01   5.464479E-01   5.461411E-01   5.461863E-01   5.464206E-01
   5.467649E-01   5.472966E-01   5.479894E-01   5.488349E-01   5.498484E-01
   5.510431E-01   5.524024E-01   5.539938E-01   5.558020E-01   5.578771E-01
   5.602481E-01   5.629088E-01   5.658518E-01   5.695287E-01   5.690000E-01
   5.456616E-01   5.455153E-01   5.464670E-01   5.466005E-01   5.470501E-01
   5.477213E-01   5.484730E-01   5.493999E-01   5.505340E-01   5.518220E-01
   5.532901E-01   5.549974E-01   5.569208E-01   5.590714E-01   5.615733E-01
   5.643543E-01   5.674794E-01   5.709331E-01   5.748304E-01   5.794711E-01
   5.790269E-01   5.459688E-01   5.461654E-01   5.475217E-01   5.480686E-01
   5.489863E-01   5.499901E-01   5.512254E-01   5.526442E-01   5.542006E-01
   5.560033E-01   5.580587E-01   5.603959E-01   5.629934E-01   5.659233E-01
   5.691728E-01   5.728480E-01   5.768902E-01   5.814384E-01   5.864773E-01
   5.923019E-01   5.920456E-01   5.474642E-01   5.478475E-01   5.495401E-01
   5.505773E-01   5.519148E-01   5.534481E-01   5.551578E-01   5.571238E-01
   5.593094E-01   5.617867E-01   5.645221E-01   5.676085E-01   5.710492E-01
   5.748683E-01   5.790852E-01   5.838509E-01   5.890994E-01   5.949473E-01
   6.014372E-01   6.087988E-01   6.088294E-01   5.502972E-01   5.505797E-01
   5.527416E-01   5.543054E-01   5.561497E-01   5.582497E-01   5.606144E-01
   5.632378E-01   5.661747E-01   5.694067E-01   5.730448E-01   5.770699E-01
   5.815227E-01   5.864725E-01   5.919603E-01   5.980478E-01   6.047945E-01
   6.122890E-01   6.205974E-01   6.299494E-01   6.303341E-01   5.544969E-01
   5.545073E-01   5.571992E-01   5.594151E-01   5.619613E-01   5.647801E-01
   5.678925E-01   5.713446E-01   5.751770E-01   5.793973E-01   5.840889E-01
   5.893103E-01   5.950707E-01   6.014222E-01   6.084680E-01   6.162395E-01
   6.248857E-01   6.345157E-01   6.452362E-01   6.573173E-01   6.580665E-01
   5.602244E-01   5.599724E-01   5.633173E-01   5.663499E-01   5.696395E-01
   5.733408E-01   5.774019E-01   5.818956E-01   5.868703E-01   5.923541E-01
   5.984044E-01   6.050782E-01   6.124421E-01   6.205931E-01   6.296101E-01
   6.396414E-01   6.507490E-01   6.633905E-01   6.776298E-01   6.938083E-01
   6.950350E-01   5.677045E-01   5.673204E-01   5.714780E-01   5.753826E-01
   5.797180E-01   5.845153E-01   5.897952E-01   5.955873E-01   6.019673E-01
   6.090150E-01   6.167625E-01   6.252975E-01   6.347821E-01   6.452694E-01
   6.569905E-01   6.702060E-01   6.850859E-01   7.019875E-01   7.213607E-01
   7.437913E-01   7.456836E-01   5.773500E-01   5.769765E-01   5.821121E-01
   5.871850E-01   5.927930E-01   5.989451E-01   6.057139E-01   6.131740E-01
   6.213555E-01   6.304012E-01   6.403883E-01   6.514168E-01   6.638800E-01
   6.778148E-01   6.934812E-01   7.112838E-01   7.316981E-01   7.552846E-01
   7.830306E-01   8.159417E-01   8.187845E-01   5.897129E-01   5.895193E-01
   5.958922E-01   6.024493E-01   6.096269E-01   6.175163E-01   6.262093E-01
   6.358059E-01   6.464010E-01   6.581908E-01   6.714271E-01   6.862205E-01
   7.029107E-01   7.218752E-01   7.435835E-01   7.686710E-01   7.982188E-01
   8.330696E-01   8.742737E-01   9.221304E-01   9.261138E-01   6.055918E-01
   6.056559E-01   6.136134E-01   6.219959E-01   6.312639E-01   6.414596E-01
   6.527203E-01   6.654137E-01   6.795648E-01   6.954215E-01   7.133589E-01
   7.337722E-01   7.571324E-01   7.843647E-01   8.161838E-01   8.534453E-01
   8.969187E-01   9.456343E-01   9.911856E-01   1.000000E+00   1.000000E+00
   6.259785E-01   6.263554E-01   6.364490E-01   6.473160E-01   6.594388E-01
   6.730143E-01   6.881928E-01   7.053077E-01   7.247390E-01   7.469096E-01
   7.724553E-01   8.023012E-01   8.370800E-01   8.775634E-01   9.236589E-01
   9.715766E-01   1.000000E+00   1.000000E+00   1.000000E+00   1.000000E+00
   1.000000E+00   6.523805E-01   6.531303E-01   6.663529E-01   6.809325E-01
   6.972950E-01   7.158259E-01   7.369370E-01   7.610906E-01   7.893845E-01
   8.223159E-01   8.606689E-01   9.048922E-01   9.531013E-01   9.950403E-01
   1.000000E+00   1.000000E+00   1.000000E+00   1.000000E+00   1.000000E+00
   1.000000E+00   1.000000E+00   6.878262E-01   6.889920E-01   7.067622E-01
   7.268836E-01   7.499022E-01   7.765538E-01   8.077472E-01   8.441526E-01
   8.865336E-01   9.342387E-01   9.814542E-01   1.000000E+00   1.000000E+00
   1.000000E+00   1.000000E+00   1.000000E+00   1.000000E+00   1.000000E+00
   1.000000E+00   1.000000E+00   1.000000E+00   7.365533E-01   7.383717E-01
   7.634917E-01   7.929643E-01   8.274249E-01   8.676994E-01   9.140404E-01
   9.634948E-01   9.999907E-01   1.000000E+00   1.000000E+00   1.000000E+00
   1.000000E+00   1.000000E+00   1.000000E+00   1.000000E+00   1.000000E+00
   1.000000E+00   1.000000E+00   1.000000E+00   1.000000E+00   8.074915E-01
   8.102983E-01   8.482645E-01   8.925560E-01   9.421490E-01   9.889471E-01
   1.000000E+00   1.000000E+00   1.000000E+00   1.000000E+00   1.000000E+00
   1.000000E+00   1.000000E+00   1.000000E+00   1.000000E+00   1.000000E+00
   1.000000E+00   1.000000E+00   1.000000E+00   1.000000E+00   1.000000E+00
   9.142698E-01   9.183273E-01   9.690403E-01   1.000000E+00   1.000000E+00
   1.000000E+00   1.000000E+00   1.000000E+00   1.000000E+00   1.000000E+00
   1.000000E+00   1.000000E+00   1.000000E+00   1.000000E+00   1.000000E+00
   1.000000E+00   1.000000E+00   1.000000E+00   1.000000E+00   1.000000E+00
   1.000000E+00   9.570878E-01   9.734545E-01   1.000000E+00   1.000000E+00
   1.000000E+00   1.000000E+00   1.000000E+00   1.000000E+00   1.000000E+00
   1.000000E+00   1.000000E+00   1.000000E+00   1.000000E+00   1.000000E+00
   1.000000E+00   1.000000E+00   1.000000E+00   1.000000E+00   1.000000E+00
   1.000000E+00   1.000000E+00   5.570159E-01   5.578402E-01   5.580532E-01
   5.580307E-01   5.578258E-01   5.575405E-01   5.570970E-01   5.565956E-01
   5.560985E-01   5.556930E-01   5.554702E-01   5.555936E-01   5.559869E-01
   5.567135E-01   5.578647E-01   5.593844E-01   5.613964E-01   5.637749E-01
   5.665615E-01   5.703249E-01   5.707155E-01   5.585822E-01   5.591805E-01
   5.594394E-01   5.586138E-01   5.577583E-01   5.568736E-01   5.560906E-01
   5.554784E-01   5.550694E-01   5.550275E-01   5.552527E-01   5.558173E-01
   5.567793E-01   5.580616E-01   5.596806E-01   5.616759E-01   5.640746E-01
   5.668346E-01   5.700350E-01   5.740466E-01   5.734945E-01   5.587072E-01
   5.583494E-01   5.586096E-01   5.576611E-01   5.569543E-01   5.564551E-01
   5.561864E-01   5.562043E-01   5.565906E-01   5.572742E-01   5.583692E-01
   5.597834E-01   5.615459E-01   5.636945E-01   5.662335E-01   5.691784E-01
   5.725252E-01   5.763059E-01   5.805827E-01   5.857511E-01   5.854810E-01
   5.576785E-01   5.561164E-01   5.566432E-01   5.560924E-01   5.559914E-01
   5.562640E-01   5.568228E-01   5.577558E-01   5.590352E-01   5.606670E-01
   5.626349E-01   5.649829E-01   5.677031E-01   5.708287E-01   5.744164E-01
   5.784389E-01   5.829572E-01   5.880583E-01   5.936403E-01   6.000639E-01
   5.998652E-01   5.565829E-01   5.550327E-01   5.562133E-01   5.565015E-01
   5.572699E-01   5.584305E-01   5.598849E-01   5.616978E-01   5.639005E-01
   5.664548E-01   5.693606E-01   5.727170E-01   5.764811E-01   5.806981E-01
   5.854881E-01   5.908009E-01   5.966580E-01   6.031149E-01   6.102965E-01
   6.184045E-01   6.184231E-01   5.569593E-01   5.559769E-01   5.579198E-01
   5.591457E-01   5.608337E-01   5.628064E-01   5.652100E-01   5.679847E-01
   5.711081E-01   5.746686E-01   5.786822E-01   5.831593E-01   5.881955E-01
   5.937437E-01   5.998270E-01   6.066131E-01   6.140809E-01   6.223842E-01
   6.316187E-01   6.420148E-01   6.423691E-01   5.595190E-01   5.591677E-01
   5.618172E-01   5.640093E-01   5.665902E-01   5.695888E-01   5.729599E-01
   5.767786E-01   5.810120E-01   5.858009E-01   5.910409E-01   5.968698E-01
   6.032708E-01   6.103361E-01   6.181439E-01   6.268368E-01   6.364829E-01
   6.472638E-01   6.593455E-01   6.730200E-01   6.738422E-01   5.646739E-01
   5.645856E-01   5.680993E-01   5.712775E-01   5.749001E-01   5.789472E-01
   5.834822E-01   5.885172E-01   5.940785E-01   6.001835E-01   6.069239E-01
   6.143396E-01   6.225402E-01   6.316323E-01   6.417505E-01   6.530474E-01
   6.657201E-01   6.800267E-01   6.962567E-01   7.148606E-01   7.163441E-01
   5.725108E-01   5.724480E-01   5.768909E-01   5.811685E-01   5.860682E-01
   5.913942E-01   5.972598E-01   6.036896E-01   6.107770E-01   6.185919E-01
   6.272268E-01   6.368064E-01   6.474555E-01   6.593432E-01   6.726904E-01
   6.877328E-01   7.048440E-01   7.245323E-01   7.472635E-01   7.738068E-01
   7.761030E-01   5.831721E-01   5.830248E-01   5.886472E-01   5.943454E-01
   6.005170E-01   6.073511E-01   6.148455E-01   6.231042E-01   6.322345E-01
   6.423536E-01   6.536112E-01   6.661898E-01   6.803150E-01   6.962636E-01
   7.144258E-01   7.352929E-01   7.592837E-01   7.878595E-01   8.216156E-01
   8.616371E-01   8.651543E-01   5.970598E-01   5.969062E-01   6.038961E-01
   6.111060E-01   6.190566E-01   6.278267E-01   6.375191E-01   6.482557E-01
   6.602149E-01   6.735958E-01   6.886161E-01   7.056180E-01   7.250645E-01
   7.473598E-01   7.732292E-01   8.038339E-01   8.399268E-01   8.824674E-01
   9.312666E-01   9.808071E-01   9.842743E-01   6.146422E-01   6.146559E-01
   6.234035E-01   6.327146E-01   6.430167E-01   6.544580E-01   6.672194E-01
   6.815244E-01   6.976236E-01   7.159044E-01   7.367876E-01   7.606853E-01
   7.889585E-01   8.220595E-01   8.609034E-01   9.060960E-01   9.557740E-01
   9.975940E-01   1.000000E+00   1.000000E+00   1.000000E+00   6.371883E-01
   6.375045E-01   6.487177E-01   6.609400E-01   6.745904E-01   6.899147E-01
   7.072471E-01   7.270238E-01   7.496319E-01   7.758249E-01   8.066317E-01
   8.426753E-01   8.847894E-01   9.325265E-01   9.804403E-01   1.000000E+00
   1.000000E+00   1.000000E+00   1.000000E+00   1.000000E+00   1.000000E+00
   6.667190E-01   6.674522E-01   6.822558E-01   6.987497E-01   7.174897E-01
   7.388930E-01   7.634059E-01   7.923605E-01   8.261865E-01   8.657020E-01
   9.112774E-01   9.603922E-01   9.991418E-01   1.000000E+00   1.000000E+00
   1.000000E+00   1.000000E+00   1.000000E+00   1.000000E+00   1.000000E+00
   1.000000E+00   7.064523E-01   7.078240E-01   7.282320E-01   7.514772E-01
   7.784940E-01   8.102704E-01   8.474449E-01   8.907836E-01   9.394156E-01
   9.862469E-01   1.000000E+00   1.000000E+00   1.000000E+00   1.000000E+00
   1.000000E+00   1.000000E+00   1.000000E+00   1.000000E+00   1.000000E+00
   1.000000E+00   1.000000E+00   7.623253E-01   7.645427E-01   7.944445E-01
   8.294206E-01   8.703427E-01   9.174040E-01   9.671929E-01   1.000000E+00
   1.000000E+00   1.000000E+00   1.000000E+00   1.000000E+00   1.000000E+00
   1.000000E+00   1.000000E+00   1.000000E+00   1.000000E+00   1.000000E+00
   1.000000E+00   1.000000E+00   1.000000E+00   8.463044E-01   8.496130E-01
   8.944230E-01   9.444902E-01   9.909147E-01   1.000000E+00   1.000000E+00
   1.000000E+00   1.000000E+00   1.000000E+00   1.000000E+00   1.000000E+00
   1.000000E+00   1.000000E+00   1.000000E+00   1.000000E+00   1.000000E+00
   1.000000E+00   1.000000E+00   1.000000E+00   1.000000E+00   9.663268E-01
   9.702530E-01   1.000000E+00   1.000000E+00   1.000000E+00   1.000000E+00
   1.000000E+00   1.000000E+00   1.000000E+00   1.000000E+00   1.000000E+00
   1.000000E+00   1.000000E+00   1.000000E+00   1.000000E+00   1.000000E+00
   1.000000E+00   1.000000E+00   1.000000E+00   1.000000E+00   1.000000E+00
   1.000000E+00   1.000000E+00   1.000000E+00   1.000000E+00   1.000000E+00
   1.000000E+00   1.000000E+00   1.000000E+00   1.000000E+00   1.000000E+00
   1.000000E+00   1.000000E+00   1.000000E+00   1.000000E+00   1.000000E+00
   1.000000E+00   1.000000E+00   1.000000E+00   1.000000E+00   1.000000E+00
   1.000000E+00   1.000000E+00   1.000000E+00   1.000000E+00   1.000000E+00
   1.000000E+00   1.000000E+00   1.000000E+00   1.000000E+00   1.000000E+00
   1.000000E+00   1.000000E+00   1.000000E+00   1.000000E+00   1.000000E+00
   1.000000E+00   1.000000E+00   1.000000E+00   1.000000E+00   1.000000E+00
   1.000000E+00   1.000000E+00   1.000000E+00   1.000000E+00   1.000000E+00
   1.000000E+00   1.000000E+00   1.000000E+00   1.000000E+00   1.000000E+00
   1.000000E+00   1.000000E+00   1.000000E+00   1.000000E+00   1.000000E+00
   1.000000E+00   1.000000E+00   1.000000E+00   1.000000E+00   1.000000E+00
   1.000000E+00   1.000000E+00   1.000000E+00   5.658384E-01   5.669959E-01
   5.675267E-01   5.676930E-01   5.675854E-01   5.672598E-01   5.666579E-01
   5.659442E-01   5.652367E-01   5.646620E-01   5.644726E-01   5.648471E-01
   5.657607E-01   5.673351E-01   5.696849E-01   5.727762E-01   5.766670E-01
   5.813377E-01   5.868385E-01   5.931999E-01   5.951059E-01   5.680929E-01
   5.690143E-01   5.695735E-01   5.684546E-01   5.671196E-01   5.656396E-01
   5.642903E-01   5.631931E-01   5.624565E-01   5.623718E-01   5.629066E-01
   5.641331E-01   5.660875E-01   5.688079E-01   5.722438E-01   5.764302E-01
   5.813657E-01   5.870697E-01   5.935697E-01   6.009110E-01   6.013487E-01
   5.688182E-01   5.681415E-01   5.684788E-01   5.670760E-01   5.657267E-01
   5.647160E-01   5.641276E-01   5.641135E-01   5.647877E-01   5.661982E-01
   5.683552E-01   5.712650E-01   5.748910E-01   5.793135E-01   5.844959E-01
   5.904699E-01   5.972554E-01   6.049115E-01   6.134091E-01   6.229341E-01
   6.237299E-01   5.675952E-01   5.646947E-01   5.651460E-01   5.643719E-01
   5.640751E-01   5.644536E-01   5.655172E-01   5.673069E-01   5.698450E-01
   5.731306E-01   5.771649E-01   5.819527E-01   5.875202E-01   5.938789E-01
   6.010709E-01   6.091030E-01   6.179737E-01   6.280248E-01   6.390875E-01
   6.513047E-01   6.523479E-01   5.661670E-01   5.627313E-01   5.641697E-01
   5.649047E-01   5.663749E-01   5.685848E-01   5.715177E-01   5.751889E-01
   5.796279E-01   5.848132E-01   5.907693E-01   5.975288E-01   6.051342E-01
   6.135522E-01   6.229754E-01   6.334482E-01   6.449774E-01   6.577634E-01
   6.720233E-01   6.880442E-01   6.894319E-01   5.672191E-01   5.645458E-01
   5.673723E-01   5.700089E-01   5.733552E-01   5.774232E-01   5.822636E-01
   5.878628E-01   5.942372E-01   6.014314E-01   6.094425E-01   6.182764E-01
   6.282552E-01   6.392084E-01   6.512773E-01   6.646819E-01   6.796639E-01
   6.965512E-01   7.157547E-01   7.378061E-01   7.397387E-01   5.723529E-01
   5.709476E-01   5.753029E-01   5.798198E-01   5.850723E-01   5.910951E-01
   5.979051E-01   6.055483E-01   6.139793E-01   6.234159E-01   6.338609E-01
   6.453266E-01   6.580116E-01   6.721140E-01   6.879119E-01   7.057647E-01
   7.261290E-01   7.496014E-01   7.769435E-01   8.091215E-01   8.119727E-01
   5.823526E-01   5.819924E-01   5.880105E-01   5.944753E-01   6.017562E-01
   6.098454E-01   6.187572E-01   6.287851E-01   6.397666E-01   6.518388E-01
   6.652103E-01   6.801086E-01   6.968445E-01   7.158056E-01   7.374971E-01
   7.625706E-01   7.918632E-01   8.263931E-01   8.671548E-01   9.145944E-01
   9.187607E-01   5.974686E-01   5.978378E-01   6.057283E-01   6.142731E-01
   6.238349E-01   6.343875E-01   6.459505E-01   6.587157E-01   6.728758E-01
   6.886957E-01   7.065157E-01   7.267682E-01   7.500120E-01   7.769581E-01
   8.084978E-01   8.455927E-01   8.891319E-01   9.386568E-01   9.867458E-01
   1.000000E+00   1.000000E+00   6.180234E-01   6.188028E-01   6.290204E-01
   6.401660E-01   6.524009E-01   6.659329E-01   6.809889E-01   6.978697E-01
   7.169499E-01   7.387131E-01   7.637770E-01   7.929276E-01   8.270993E-01
   8.671837E-01   9.135667E-01   9.635301E-01   1.000000E+00   1.000000E+00
   1.000000E+00   1.000000E+00   1.000000E+00   6.450890E-01   6.460772E-01
   6.590584E-01   6.734494E-01   6.895180E-01   7.076034E-01   7.281334E-01
   7.516558E-01   7.788611E-01   8.105982E-01   8.477499E-01   8.910909E-01
   9.399383E-01   9.869067E-01   1.000000E+00   1.000000E+00   1.000000E+00
   1.000000E+00   1.000000E+00   1.000000E+00   1.000000E+00   6.799364E-01
   6.812302E-01   6.984190E-01   7.178572E-01   7.400331E-01   7.655690E-01
   7.952462E-01   8.299742E-01   8.705799E-01   9.172544E-01   9.667285E-01
   1.000000E+00   1.000000E+00   1.000000E+00   1.000000E+00   1.000000E+00
   1.000000E+00   1.000000E+00   1.000000E+00   1.000000E+00   1.000000E+00
   7.268148E-01   7.285937E-01   7.526063E-01   7.804209E-01   8.128981E-01
   8.509269E-01   8.951811E-01   9.445881E-01   9.904522E-01   1.000000E+00
   1.000000E+00   1.000000E+00   1.000000E+00   1.000000E+00   1.000000E+00
   1.000000E+00   1.000000E+00   1.000000E+00   1.000000E+00   1.000000E+00
   1.000000E+00   7.935481E-01   7.961417E-01   8.317186E-01   8.733871E-01
   9.211817E-01   9.711002E-01   1.000000E+00   1.000000E+00   1.000000E+00
   1.000000E+00   1.000000E+00   1.000000E+00   1.000000E+00   1.000000E+00
   1.000000E+00   1.000000E+00   1.000000E+00   1.000000E+00   1.000000E+00
   1.000000E+00   1.000000E+00   8.928765E-01   8.968638E-01   9.474175E-01
   9.930653E-01   1.000000E+00   1.000000E+00   1.000000E+00   1.000000E+00
   1.000000E+00   1.000000E+00   1.000000E+00   1.000000E+00   1.000000E+00
   1.000000E+00   1.000000E+00   1.000000E+00   1.000000E+00   1.000000E+00
   1.000000E+00   1.000000E+00   1.000000E+00   1.000000E+00   1.000000E+00
   1.000000E+00   1.000000E+00   1.000000E+00   1.000000E+00   1.000000E+00
   1.000000E+00   1.000000E+00   1.000000E+00   1.000000E+00   1.000000E+00
   1.000000E+00   1.000000E+00   1.000000E+00   1.000000E+00   1.000000E+00
   1.000000E+00   1.000000E+00   1.000000E+00   1.000000E+00   1.000000E+00
   1.000000E+00   1.000000E+00   1.000000E+00   1.000000E+00   1.000000E+00
   1.000000E+00   1.000000E+00   1.000000E+00   1.000000E+00   1.000000E+00
   1.000000E+00   1.000000E+00   1.000000E+00   1.000000E+00   1.000000E+00
   1.000000E+00   1.000000E+00   1.000000E+00   1.000000E+00   1.000000E+00
   1.000000E+00   1.000000E+00   1.000000E+00   1.000000E+00   1.000000E+00
   1.000000E+00   1.000000E+00   1.000000E+00   1.000000E+00   1.000000E+00
   1.000000E+00   1.000000E+00   1.000000E+00   1.000000E+00   1.000000E+00
   1.000000E+00   1.000000E+00   1.000000E+00   1.000000E+00   1.000000E+00
   1.000000E+00   1.000000E+00   1.000000E+00   1.000000E+00   1.000000E+00
   1.000000E+00   1.000000E+00   1.000000E+00   1.000000E+00   1.000000E+00
   1.000000E+00   1.000000E+00   1.000000E+00   1.000000E+00   1.000000E+00
   1.000000E+00   1.000000E+00   1.000000E+00   1.000000E+00   1.000000E+00
   1.000000E+00   1.000000E+00   1.000000E+00   1.000000E+00   1.000000E+00
   1.000000E+00   1.000000E+00   1.000000E+00   1.000000E+00   1.000000E+00
   1.000000E+00   1.000000E+00   1.000000E+00   1.000000E+00   1.000000E+00
   1.000000E+00   1.000000E+00   1.000000E+00   1.000000E+00   1.000000E+00
   1.000000E+00   1.000000E+00   1.000000E+00   1.000000E+00   1.000000E+00
   1.000000E+00   1.000000E+00   1.000000E+00   1.000000E+00   1.000000E+00
   1.000000E+00   1.000000E+00   1.000000E+00   1.000000E+00   1.000000E+00
   1.000000E+00   1.000000E+00   1.000000E+00   1.000000E+00   1.000000E+00
   1.000000E+00   1.000000E+00   1.000000E+00   1.000000E+00   5.806977E-01
   5.809383E-01   5.849395E-01   5.897524E-01   5.955844E-01   6.023389E-01
   6.100381E-01   6.187615E-01   6.287868E-01   6.398272E-01   6.520037E-01
   6.655103E-01   6.805947E-01   6.975739E-01   7.168549E-01   7.389615E-01
   7.645724E-01   7.945471E-01   8.299045E-01   8.716857E-01   8.867802E-01
   5.852752E-01   5.842030E-01   5.897793E-01   5.959068E-01   6.030025E-01
   6.109446E-01   6.197912E-01   6.298463E-01   6.409578E-01   6.532350E-01
   6.668619E-01   6.820880E-01   6.992335E-01   7.187097E-01   7.410465E-01
   7.669253E-01   7.972108E-01   8.329230E-01   8.749998E-01   9.235721E-01
   9.277204E-01   5.991291E-01   5.993497E-01   6.070729E-01   6.154385E-01
   6.251175E-01   6.357728E-01   6.474441E-01   6.603752E-01   6.747906E-01
   6.909602E-01   7.092411E-01   7.300950E-01   7.541165E-01   7.820655E-01
   8.148760E-01   8.535148E-01   8.986979E-01   9.491653E-01   9.942641E-01
   1.000000E+00   1.000000E+00   6.193480E-01   6.201243E-01   6.304536E-01
   6.417140E-01   6.541108E-01   6.678504E-01   6.831735E-01   7.004115E-01
   7.199761E-01   7.423909E-01   7.683229E-01   7.986141E-01   8.342418E-01
   8.760829E-01   9.241855E-01   9.741261E-01   1.000000E+00   1.000000E+00
   1.000000E+00   1.000000E+00   1.000000E+00   6.467681E-01   6.477555E-01
   6.609252E-01   6.755497E-01   6.919184E-01   7.103916E-01   7.314299E-01
   7.556305E-01   7.837465E-01   8.166923E-01   8.553847E-01   9.004757E-01
   9.505515E-01   9.947753E-01   1.000000E+00   1.000000E+00   1.000000E+00
   1.000000E+00   1.000000E+00   1.000000E+00   1.000000E+00   6.821958E-01
   6.834881E-01   7.009926E-01   7.208404E-01   7.435520E-01   7.697924E-01
   8.003979E-01   8.363208E-01   8.783914E-01   9.265383E-01   9.759653E-01
   1.000000E+00   1.000000E+00   1.000000E+00   1.000000E+00   1.000000E+00
   1.000000E+00   1.000000E+00   1.000000E+00   1.000000E+00   1.000000E+00
   7.299957E-01   7.317661E-01   7.563197E-01   7.848484E-01   8.182541E-01
   8.574303E-01   9.029434E-01   9.531138E-01   9.961961E-01   1.000000E+00
   1.000000E+00   1.000000E+00   1.000000E+00   1.000000E+00   1.000000E+00
   1.000000E+00   1.000000E+00   1.000000E+00   1.000000E+00   1.000000E+00
   1.000000E+00   7.982251E-01   8.007847E-01   8.372335E-01   8.799182E-01
   9.286394E-01   9.780946E-01   1.000000E+00   1.000000E+00   1.000000E+00
   1.000000E+00   1.000000E+00   1.000000E+00   1.000000E+00   1.000000E+00
   1.000000E+00   1.000000E+00   1.000000E+00   1.000000E+00   1.000000E+00
   1.000000E+00   1.000000E+00   8.993642E-01   9.033573E-01   9.542250E-01
   9.970863E-01   1.000000E+00   1.000000E+00   1.000000E+00   1.000000E+00
   1.000000E+00   1.000000E+00   1.000000E+00   1.000000E+00   1.000000E+00
   1.000000E+00   1.000000E+00   1.000000E+00   1.000000E+00   1.000000E+00
   1.000000E+00   1.000000E+00   1.000000E+00   1.000000E+00   1.000000E+00
   1.000000E+00   1.000000E+00   1.000000E+00   1.000000E+00   1.000000E+00
   1.000000E+00   1.000000E+00   1.000000E+00   1.000000E+00   1.000000E+00
   1.000000E+00   1.000000E+00   1.000000E+00   1.000000E+00   1.000000E+00
   1.000000E+00   1.000000E+00   1.000000E+00   1.000000E+00   1.000000E+00
   1.000000E+00   1.000000E+00   1.000000E+00   1.000000E+00   1.000000E+00
   1.000000E+00   1.000000E+00   1.000000E+00   1.000000E+00   1.000000E+00
   1.000000E+00   1.000000E+00   1.000000E+00   1.000000E+00   1.000000E+00
   1.000000E+00   1.000000E+00   1.000000E+00   1.000000E+00   1.000000E+00
   1.000000E+00   1.000000E+00   1.000000E+00   1.000000E+00   1.000000E+00
   1.000000E+00   1.000000E+00   1.000000E+00   1.000000E+00   1.000000E+00
   1.000000E+00   1.000000E+00   1.000000E+00   1.000000E+00   1.000000E+00
   1.000000E+00   1.000000E+00   1.000000E+00   1.000000E+00   1.000000E+00
   1.000000E+00   1.000000E+00   1.000000E+00   1.000000E+00   1.000000E+00
   1.000000E+00   1.000000E+00   1.000000E+00   1.000000E+00   1.000000E+00
   1.000000E+00   1.000000E+00   1.000000E+00   1.000000E+00   1.000000E+00
   1.000000E+00   1.000000E+00   1.000000E+00   1.000000E+00   1.000000E+00
   1.000000E+00   1.000000E+00   1.000000E+00   1.000000E+00   1.000000E+00
   1.000000E+00   1.000000E+00   1.000000E+00   1.000000E+00   1.000000E+00
   1.000000E+00   1.000000E+00   1.000000E+00   1.000000E+00   1.000000E+00
   1.000000E+00   1.000000E+00   1.000000E+00   1.000000E+00   1.000000E+00
   1.000000E+00   1.000000E+00   1.000000E+00   1.000000E+00   1.000000E+00
   1.000000E+00   1.000000E+00   1.000000E+00   1.000000E+00   1.000000E+00
   1.000000E+00   1.000000E+00   1.000000E+00   1.000000E+00   1.000000E+00
   1.000000E+00   1.000000E+00   1.000000E+00   1.000000E+00   1.000000E+00
   1.000000E+00   1.000000E+00   1.000000E+00   1.000000E+00   1.000000E+00
   1.000000E+00   1.000000E+00   1.000000E+00   1.000000E+00   1.000000E+00
   1.000000E+00   1.000000E+00   1.000000E+00   1.000000E+00   1.000000E+00
   1.000000E+00   1.000000E+00   1.000000E+00   1.000000E+00   1.000000E+00
   1.000000E+00   1.000000E+00   1.000000E+00   1.000000E+00   1.000000E+00
   1.000000E+00   1.000000E+00   1.000000E+00   1.000000E+00   1.000000E+00
   1.000000E+00   1.000000E+00   1.000000E+00   1.000000E+00   1.000000E+00
   1.000000E+00   1.000000E+00   1.000000E+00   1.000000E+00   1.000000E+00
   1.000000E+00   1.000000E+00   1.000000E+00   1.000000E+00   1.000000E+00
   1.000000E+00   1.000000E+00   1.000000E+00   1.000000E+00   1.000000E+00
   1.000000E+00   1.000000E+00   1.000000E+00   1.000000E+00   1.000000E+00
   1.000000E+00   1.000000E+00   1.000000E+00   1.000000E+00   1.000000E+00
   1.000000E+00   1.000000E+00   1.000000E+00   1.000000E+00   1.000000E+00
   1.000000E+00   1.000000E+00   1.000000E+00   1.000000E+00   1.000000E+00
   1.000000E+00   1.000000E+00   1.000000E+00   1.000000E+00   1.000000E+00
   1.000000E+00   1.000000E+00   1.000000E+00   1.000000E+00   1.000000E+00
   1.000000E+00   1.000000E+00   1.000000E+00   1.000000E+00   1.000000E+00
   1.000000E+00   1.000000E+00   1.000000E+00   1.000000E+00   1.000000E+00
   1.000000E+00   1.000000E+00   1.000000E+00   1.000000E+00   1.000000E+00
   1.000000E+00   1.000000E+00   1.000000E+00   1.000000E+00   1.000000E+00
   1.000000E+00   1.000000E+00   1.000000E+00   1.000000E+00   1.000000E+00
   1.000000E+00   1.000000E+00   1.000000E+00   1.000000E+00   1.000000E+00
   1.000000E+00   1.000000E+00   1.000000E+00   1.000000E+00   1.000000E+00
   1.000000E+00   1.000000E+00   1.000000E+00   1.000000E+00   1.000000E+00
   1.000000E+00   1.000000E+00   1.000000E+00   1.000000E+00   1.000000E+00
   1.000000E+00   1.000000E+00   1.000000E+00   1.000000E+00   1.000000E+00
   7.536514E-01   7.716425E-01   8.029125E-01   8.395879E-01   8.822980E-01
   9.300974E-01   9.783665E-01   1.000000E+00   1.000000E+00   1.000000E+00
   1.000000E+00   1.000000E+00   1.000000E+00   1.000000E+00   1.000000E+00
   1.000000E+00   1.000000E+00   1.000000E+00   1.000000E+00   1.000000E+00
   1.000000E+00   8.029821E-01   8.054563E-01   8.425850E-01   8.858973E-01
   9.350280E-01   9.831031E-01   1.000000E+00   1.000000E+00   1.000000E+00
   1.000000E+00   1.000000E+00   1.000000E+00   1.000000E+00   1.000000E+00
   1.000000E+00   1.000000E+00   1.000000E+00   1.000000E+00   1.000000E+00
   1.000000E+00   1.000000E+00   9.062128E-01   9.102764E-01   9.609719E-01
   9.996329E-01   1.000000E+00   1.000000E+00   1.000000E+00   1.000000E+00
   1.000000E+00   1.000000E+00   1.000000E+00   1.000000E+00   1.000000E+00
   1.000000E+00   1.000000E+00   1.000000E+00   1.000000E+00   1.000000E+00
   1.000000E+00   1.000000E+00   1.000000E+00   1.000000E+00   1.000000E+00
   1.000000E+00   1.000000E+00   1.000000E+00   1.000000E+00   1.000000E+00
   1.000000E+00   1.000000E+00   1.000000E+00   1.000000E+00   1.000000E+00
   1.000000E+00   1.000000E+00   1.000000E+00   1.000000E+00   1.000000E+00
   1.000000E+00   1.000000E+00   1.000000E+00   1.000000E+00   1.000000E+00
   1.000000E+00   1.000000E+00   1.000000E+00   1.000000E+00   1.000000E+00
   1.000000E+00   1.000000E+00   1.000000E+00   1.000000E+00   1.000000E+00
   1.000000E+00   1.000000E+00   1.000000E+00   1.000000E+00   1.000000E+00
   1.000000E+00   1.000000E+00   1.000000E+00   1.000000E+00   1.000000E+00
   1.000000E+00   1.000000E+00   1.000000E+00   1.000000E+00   1.000000E+00
   1.000000E+00   1.000000E+00   1.000000E+00   1.000000E+00   1.000000E+00
   1.000000E+00   1.000000E+00   1.000000E+00   1.000000E+00   1.000000E+00
   1.000000E+00   1.000000E+00   1.000000E+00   1.000000E+00   1.000000E+00
   1.000000E+00   1.000000E+00   1.000000E+00   1.000000E+00   1.000000E+00
   1.000000E+00   1.000000E+00   1.000000E+00   1.000000E+00   1.000000E+00
   1.000000E+00   1.000000E+00   1.000000E+00   1.000000E+00   1.000000E+00
   1.000000E+00   1.000000E+00   1.000000E+00   1.000000E+00   1.000000E+00
   1.000000E+00   1.000000E+00   1.000000E+00   1.000000E+00   1.000000E+00
   1.000000E+00   1.000000E+00   1.000000E+00   1.000000E+00   1.000000E+00
   1.000000E+00   1.000000E+00   1.000000E+00   1.000000E+00   1.000000E+00
   1.000000E+00   1.000000E+00   1.000000E+00   1.000000E+00   1.000000E+00
   1.000000E+00   1.000000E+00   1.000000E+00   1.000000E+00   1.000000E+00
   1.000000E+00   1.000000E+00   1.000000E+00   1.000000E+00   1.000000E+00
   1.000000E+00   1.000000E+00   1.000000E+00   1.000000E+00   1.000000E+00
   1.000000E+00   1.000000E+00   1.000000E+00   1.000000E+00   1.000000E+00
   1.000000E+00   1.000000E+00   1.000000E+00   1.000000E+00   1.000000E+00
   1.000000E+00   1.000000E+00   1.000000E+00   1.000000E+00   1.000000E+00
   1.000000E+00   1.000000E+00   1.000000E+00   1.000000E+00   1.000000E+00
   1.000000E+00   1.000000E+00   1.000000E+00   1.000000E+00   1.000000E+00
   1.000000E+00   1.000000E+00   1.000000E+00   1.000000E+00   1.000000E+00
   1.000000E+00   1.000000E+00   1.000000E+00   1.000000E+00   1.000000E+00
   1.000000E+00   1.000000E+00   1.000000E+00   1.000000E+00   1.000000E+00
   1.000000E+00   1.000000E+00   1.000000E+00   1.000000E+00   1.000000E+00
   1.000000E+00   1.000000E+00   1.000000E+00   1.000000E+00   1.000000E+00
   1.000000E+00   1.000000E+00   1.000000E+00   1.000000E+00   1.000000E+00
   1.000000E+00   1.000000E+00   1.000000E+00   1.000000E+00   1.000000E+00
   1.000000E+00   1.000000E+00   1.000000E+00   1.000000E+00   1.000000E+00
   1.000000E+00   1.000000E+00   1.000000E+00   1.000000E+00   1.000000E+00
   1.000000E+00   1.000000E+00   1.000000E+00   1.000000E+00   1.000000E+00
   1.000000E+00   1.000000E+00   1.000000E+00   1.000000E+00   1.000000E+00
   1.000000E+00   1.000000E+00   1.000000E+00   1.000000E+00   1.000000E+00
   1.000000E+00   1.000000E+00   1.000000E+00   1.000000E+00   1.000000E+00
   1.000000E+00   1.000000E+00   1.000000E+00   1.000000E+00   1.000000E+00
   1.000000E+00   1.000000E+00   1.000000E+00   1.000000E+00   1.000000E+00
   1.000000E+00   1.000000E+00   1.000000E+00   1.000000E+00   1.000000E+00
   1.000000E+00   1.000000E+00   1.000000E+00   1.000000E+00   1.000000E+00
   1.000000E+00   1.000000E+00   1.000000E+00   1.000000E+00   1.000000E+00
   1.000000E+00   1.000000E+00   1.000000E+00   1.000000E+00   1.000000E+00
   1.000000E+00   1.000000E+00   1.000000E+00   1.000000E+00   1.000000E+00
   1.000000E+00   1.000000E+00   1.000000E+00   1.000000E+00   1.000000E+00
   1.000000E+00   1.000000E+00   1.000000E+00   1.000000E+00   1.000000E+00
   1.000000E+00   1.000000E+00   1.000000E+00   1.000000E+00   1.000000E+00
   1.000000E+00   1.000000E+00   1.000000E+00   1.000000E+00   1.000000E+00
   1.000000E+00   1.000000E+00   1.000000E+00   1.000000E+00   1.000000E+00
   1.000000E+00   1.000000E+00   1.000000E+00   1.000000E+00   1.000000E+00
   1.000000E+00   1.000000E+00   1.000000E+00   1.000000E+00   1.000000E+00
   1.000000E+00   1.000000E+00   1.000000E+00   1.000000E+00   1.000000E+00
   1.000000E+00   1.000000E+00   1.000000E+00   1.000000E+00   1.000000E+00
   1.000000E+00   1.000000E+00   1.000000E+00   1.000000E+00   1.000000E+00
   1.000000E+00   1.000000E+00   1.000000E+00   1.000000E+00   1.000000E+00
   1.000000E+00   1.000000E+00   1.000000E+00   1.000000E+00   1.000000E+00
   1.000000E+00   1.000000E+00   1.000000E+00   1.000000E+00   1.000000E+00
   1.000000E+00   1.000000E+00   1.000000E+00   1.000000E+00   1.000000E+00
   1.000000E+00   1.000000E+00   1.000000E+00   1.000000E+00   1.000000E+00
   1.000000E+00   1.000000E+00   1.000000E+00   1.000000E+00   1.000000E+00
   1.000000E+00   1.000000E+00   1.000000E+00   1.000000E+00   1.000000E+00
   1.000000E+00   1.000000E+00   1.000000E+00   1.000000E+00   1.000000E+00
   1.000000E+00   1.000000E+00   1.000000E+00   1.000000E+00   1.000000E+00
   1.000000E+00   1.000000E+00   1.000000E+00   1.000000E+00   1.000000E+00
   1.000000E+00   1.000000E+00   1.000000E+00   1.000000E+00   1.000000E+00
   1.000000E+00   1.000000E+00   1.000000E+00   1.000000E+00   1.000000E+00
   1.000000E+00   1.000000E+00   1.000000E+00   1.000000E+00   1.000000E+00
   1.000000E+00   1.000000E+00   1.000000E+00   1.000000E+00   1.000000E+00
   1.000000E+00   1.000000E+00   1.000000E+00   1.000000E+00   1.000000E+00
   1.000000E+00   1.000000E+00   1.000000E+00   1.000000E+00   1.000000E+00
   1.000000E+00   1.000000E+00   1.000000E+00   1.000000E+00   1.000000E+00
   1.000000E+00   1.000000E+00   1.000000E+00   1.000000E+00   1.000000E+00
   1.000000E+00   1.000000E+00   1.000000E+00   1.000000E+00   1.000000E+00
   1.000000E+00   1.000000E+00   1.000000E+00   1.000000E+00   1.000000E+00
   1.000000E+00   1.000000E+00   1.000000E+00   1.000000E+00   1.000000E+00
   1.000000E+00   1.000000E+00   1.000000E+00   1.000000E+00   1.000000E+00
   1.000000E+00   1.000000E+00   1.000000E+00   1.000000E+00   1.000000E+00
   1.000000E+00   1.000000E+00   1.000000E+00   1.000000E+00   1.000000E+00
   1.000000E+00   1.000000E+00   1.000000E+00   1.000000E+00   1.000000E+00
   1.000000E+00   1.000000E+00   1.000000E+00   1.000000E+00   1.000000E+00
   1.000000E+00   1.000000E+00   1.000000E+00   1.000000E+00   1.000000E+00
   1.000000E+00   1.000000E+00   1.000000E+00   1.000000E+00   1.000000E+00
   1.000000E+00   1.000000E+00   1.000000E+00   1.000000E+00   1.000000E+00
   1.000000E+00   1.000000E+00   1.000000E+00   1.000000E+00   1.000000E+00
   1.000000E+00   1.000000E+00   1.000000E+00   1.000000E+00   1.000000E+00
   1.000000E+00   1.000000E+00   1.000000E+00   1.000000E+00   1.000000E+00
   1.000000E+00   1.000000E+00   1.000000E+00   1.000000E+00   1.000000E+00
   1.000000E+00   1.000000E+00   1.000000E+00   1.000000E+00   1.000000E+00
   1.000000E+00   1.000000E+00   1.000000E+00   1.000000E+00   1.000000E+00
   1.000000E+00   1.000000E+00   1.000000E+00   1.000000E+00   1.000000E+00
   1.000000E+00   1.000000E+00   1.000000E+00   1.000000E+00   1.000000E+00
   1.000000E+00   1.000000E+00   1.000000E+00   1.000000E+00   1.000000E+00
   1.000000E+00   1.000000E+00   1.000000E+00   1.000000E+00   1.000000E+00
   1.000000E+00   1.000000E+00   1.000000E+00   1.000000E+00   1.000000E+00
   1.000000E+00   1.000000E+00   1.000000E+00   1.000000E+00   1.000000E+00
   1.000000E+00   1.000000E+00   1.000000E+00   1.000000E+00   1.000000E+00
   1.000000E+00   1.000000E+00   1.000000E+00   1.000000E+00   1.000000E+00
   1.000000E+00   1.000000E+00   1.000000E+00   1.000000E+00   1.000000E+00
   1.000000E+00   1.000000E+00   1.000000E+00   1.000000E+00   1.000000E+00
   1.000000E+00   1.000000E+00   1.000000E+00   1.000000E+00   1.000000E+00
   1.000000E+00   1.000000E+00   1.000000E+00   1.000000E+00   1.000000E+00
   1.000000E+00   1.000000E+00   1.000000E+00   1.000000E+00   1.000000E+00
   1.000000E+00   1.000000E+00   1.000000E+00   1.000000E+00   1.000000E+00
   1.000000E+00   1.000000E+00   1.000000E+00   1.000000E+00   1.000000E+00
   1.000000E+00   1.000000E+00   1.000000E+00   1.000000E+00   1.000000E+00
   1.000000E+00   1.000000E+00   1.000000E+00   1.000000E+00   1.000000E+00
   1.000000E+00   1.000000E+00   1.000000E+00   1.000000E+00   1.000000E+00
   1.000000E+00   1.000000E+00   1.000000E+00   1.000000E+00   1.000000E+00
   1.000000E+00   1.000000E+00   1.000000E+00   1.000000E+00   1.000000E+00
   1.000000E+00   1.000000E+00   1.000000E+00   1.000000E+00   1.000000E+00
   1.000000E+00   1.000000E+00   1.000000E+00   1.000000E+00   1.000000E+00
   1.000000E+00   1.000000E+00   1.000000E+00   1.000000E+00   1.000000E+00
   1.000000E+00   1.000000E+00   1.000000E+00   1.000000E+00   1.000000E+00
   1.000000E+00   1.000000E+00   1.000000E+00   1.000000E+00   1.000000E+00
   1.000000E+00   1.000000E+00   1.000000E+00   1.000000E+00   1.000000E+00
   1.000000E+00   1.000000E+00   1.000000E+00   1.000000E+00   1.000000E+00
   1.000000E+00   1.000000E+00   1.000000E+00   1.000000E+00   1.000000E+00
   1.000000E+00   1.000000E+00   1.000000E+00   1.000000E+00   1.000000E+00
   1.000000E+00   1.000000E+00   1.000000E+00   1.000000E+00   1.000000E+00
   1.000000E+00   1.000000E+00   1.000000E+00   1.000000E+00   1.000000E+00
   1.000000E+00   1.000000E+00   1.000000E+00   1.000000E+00   1.000000E+00
   1.000000E+00   1.000000E+00   1.000000E+00   1.000000E+00   1.000000E+00
   1.000000E+00   1.000000E+00   1.000000E+00   1.000000E+00   1.000000E+00
   1.000000E+00   1.000000E+00   1.000000E+00   1.000000E+00   1.000000E+00
   1.000000E+00   1.000000E+00   1.000000E+00   1.000000E+00   1.000000E+00
   1.000000E+00   1.000000E+00   1.000000E+00   1.000000E+00   1.000000E+00
   1.000000E+00   1.000000E+00   1.000000E+00   1.000000E+00   1.000000E+00
   1.000000E+00   1.000000E+00   1.000000E+00   1.000000E+00   1.000000E+00
   1.000000E+00   1.000000E+00   1.000000E+00   1.000000E+00   1.000000E+00
   1.000000E+00   1.000000E+00   1.000000E+00   1.000000E+00   1.000000E+00
   1.000000E+00   1.000000E+00   1.000000E+00   1.000000E+00   1.000000E+00
   1.000000E+00   1.000000E+00   1.000000E+00   1.000000E+00   1.000000E+00
   1.000000E+00   1.000000E+00   1.000000E+00   1.000000E+00   1.000000E+00
   1.000000E+00   1.000000E+00   1.000000E+00   1.000000E+00   1.000000E+00
   1.000000E+00   1.000000E+00   1.000000E+00   1.000000E+00   1.000000E+00
   1.000000E+00   1.000000E+00   1.000000E+00   1.000000E+00   1.000000E+00
   1.000000E+00   1.000000E+00   1.000000E+00   1.000000E+00   1.000000E+00
   1.000000E+00   1.000000E+00   1.000000E+00   1.000000E+00   1.000000E+00
   1.000000E+00   1.000000E+00   1.000000E+00   1.000000E+00   1.000000E+00
   1.000000E+00   1.000000E+00   1.000000E+00   1.000000E+00   1.000000E+00
   1.000000E+00   1.000000E+00   1.000000E+00   1.000000E+00   1.000000E+00
   1.000000E+00   1.000000E+00   1.000000E+00   1.000000E+00   1.000000E+00
   1.000000E+00   1.000000E+00   1.000000E+00   1.000000E+00   1.000000E+00
   1.000000E+00   1.000000E+00   1.000000E+00   1.000000E+00   1.000000E+00
   1.000000E+00   1.000000E+00   1.000000E+00   1.000000E+00   1.000000E+00
   1.000000E+00   1.000000E+00   1.000000E+00   1.000000E+00   1.000000E+00
   1.000000E+00   1.000000E+00   1.000000E+00   1.000000E+00   1.000000E+00
   1.000000E+00   1.000000E+00   1.000000E+00   1.000000E+00   1.000000E+00
   1.000000E+00   1.000000E+00   1.000000E+00   1.000000E+00   1.000000E+00
   1.000000E+00   1.000000E+00   1.000000E+00   1.000000E+00   1.000000E+00
   1.000000E+00   1.000000E+00   1.000000E+00   1.000000E+00   1.000000E+00
   1.000000E+00   1.000000E+00   1.000000E+00   1.000000E+00   1.000000E+00
   1.000000E+00   1.000000E+00   1.000000E+00   1.000000E+00   1.000000E+00
   1.000000E+00   1.000000E+00   1.000000E+00   1.000000E+00   1.000000E+00
   1.000000E+00   1.000000E+00   1.000000E+00   1.000000E+00   1.000000E+00
   1.000000E+00   1.000000E+00   1.000000E+00   1.000000E+00   1.000000E+00
   1.000000E+00   1.000000E+00   1.000000E+00   1.000000E+00   1.000000E+00
   1.000000E+00   1.000000E+00   1.000000E+00   1.000000E+00   1.000000E+00
   1.000000E+00   1.000000E+00   1.000000E+00   1.000000E+00   1.000000E+00
   1.000000E+00   1.000000E+00   1.000000E+00   1.000000E+00   1.000000E+00
   1.000000E+00   1.000000E+00   1.000000E+00   1.000000E+00   1.000000E+00
   1.000000E+00   1.000000E+00   1.000000E+00   1.000000E+00   1.000000E+00
   1.000000E+00   1.000000E+00   1.000000E+00   1.000000E+00   1.000000E+00
   1.000000E+00   1.000000E+00   1.000000E+00   1.000000E+00   1.000000E+00
   1.000000E+00   1.000000E+00   1.000000E+00   1.000000E+00   1.000000E+00
   1.000000E+00   1.000000E+00   1.000000E+00   1.000000E+00   1.000000E+00
   1.000000E+00   1.000000E+00   1.000000E+00   1.000000E+00   1.000000E+00
   1.000000E+00   1.000000E+00   1.000000E+00   1.000000E+00   1.000000E+00
   1.000000E+00   1.000000E+00   1.000000E+00   1.000000E+00   1.000000E+00
   1.000000E+00   1.000000E+00   1.000000E+00   1.000000E+00   1.000000E+00
   1.000000E+00   1.000000E+00   1.000000E+00   1.000000E+00   1.000000E+00
   1.000000E+00   1.000000E+00   1.000000E+00   1.000000E+00   1.000000E+00
   1.000000E+00   1.000000E+00   1.000000E+00   1.000000E+00   1.000000E+00
   1.000000E+00   1.000000E+00   1.000000E+00   1.000000E+00   1.000000E+00
   1.000000E+00   1.000000E+00   1.000000E+00   1.000000E+00   1.000000E+00
   1.000000E+00   1.000000E+00   1.000000E+00   1.000000E+00   1.000000E+00
   1.000000E+00   1.000000E+00   1.000000E+00   1.000000E+00   1.000000E+00
   1.000000E+00   1.000000E+00   1.000000E+00   1.000000E+00   1.000000E+00
   1.000000E+00   1.000000E+00   1.000000E+00   1.000000E+00   1.000000E+00
   1.000000E+00   1.000000E+00   1.000000E+00   1.000000E+00   1.000000E+00
   1.000000E+00   1.000000E+00   1.000000E+00   1.000000E+00   1.000000E+00
   1.000000E+00   1.000000E+00   1.000000E+00   1.000000E+00   1.000000E+00
   1.000000E+00   1.000000E+00   1.000000E+00   1.000000E+00   1.000000E+00
   1.000000E+00   1.000000E+00   1.000000E+00   1.000000E+00   1.000000E+00
   1.000000E+00   1.000000E+00   1.000000E+00   1.000000E+00   1.000000E+00
   1.000000E+00   1.000000E+00   1.000000E+00   1.000000E+00   1.000000E+00
   1.000000E+00   1.000000E+00   1.000000E+00   1.000000E+00   1.000000E+00
   1.000000E+00   1.000000E+00   1.000000E+00   1.000000E+00   1.000000E+00
   1.000000E+00   1.000000E+00   1.000000E+00   1.000000E+00   1.000000E+00
   1.000000E+00   1.000000E+00   1.000000E+00   1.000000E+00   1.000000E+00
   1.000000E+00   1.000000E+00   1.000000E+00   1.000000E+00   1.000000E+00
   1.000000E+00   1.000000E+00   1.000000E+00   1.000000E+00   1.000000E+00
   1.000000E+00   1.000000E+00   1.000000E+00   1.000000E+00   1.000000E+00
   1.000000E+00   1.000000E+00   1.000000E+00   1.000000E+00   1.000000E+00
   1.000000E+00   1.000000E+00   1.000000E+00   1.000000E+00   1.000000E+00
   1.000000E+00   1.000000E+00   1.000000E+00   1.000000E+00   1.000000E+00
   1.000000E+00   1.000000E+00   1.000000E+00   1.000000E+00   1.000000E+00
   1.000000E+00   1.000000E+00   1.000000E+00   1.000000E+00   1.000000E+00
   1.000000E+00   1.000000E+00   1.000000E+00   1.000000E+00   1.000000E+00
   1.000000E+00   1.000000E+00   1.000000E+00   1.000000E+00   1.000000E+00
   1.000000E+00   1.000000E+00   1.000000E+00   1.000000E+00   1.000000E+00
   1.000000E+00   1.000000E+00   1.000000E+00   1.000000E+00   1.000000E+00
   1.000000E+00   1.000000E+00   1.000000E+00   1.000000E+00   1.000000E+00
   1.000000E+00   1.000000E+00   1.000000E+00   1.000000E+00   1.000000E+00
   1.000000E+00   1.000000E+00   1.000000E+00   1.000000E+00   1.000000E+00
   1.000000E+00   1.000000E+00   1.000000E+00   1.000000E+00   1.000000E+00
   1.000000E+00   1.000000E+00   1.000000E+00   1.000000E+00   1.000000E+00
   1.000000E+00   1.000000E+00   1.000000E+00   1.000000E+00   1.000000E+00
   1.000000E+00   1.000000E+00   1.000000E+00   1.000000E+00   1.000000E+00
   1.000000E+00   1.000000E+00   1.000000E+00   1.000000E+00   1.000000E+00
   1.000000E+00   1.000000E+00   1.000000E+00   1.000000E+00   1.000000E+00
   1.000000E+00   1.000000E+00   1.000000E+00   1.000000E+00   1.000000E+00
   1.000000E+00   1.000000E+00   1.000000E+00   1.000000E+00   1.000000E+00
   1.000000E+00   1.000000E+00   1.000000E+00   1.000000E+00   1.000000E+00
   1.000000E+00   1.000000E+00   1.000000E+00   1.000000E+00   1.000000E+00
   1.000000E+00   1.000000E+00   1.000000E+00   1.000000E+00   1.000000E+00
   1.000000E+00   1.000000E+00   1.000000E+00   1.000000E+00   1.000000E+00
   1.000000E+00   1.000000E+00   1.000000E+00   1.000000E+00   1.000000E+00
   1.000000E+00   1.000000E+00   1.000000E+00   1.000000E+00   1.000000E+00
   1.000000E+00   1.000000E+00   1.000000E+00   1.000000E+00   1.000000E+00
   1.000000E+00   1.000000E+00   1.000000E+00   1.000000E+00   1.000000E+00
   1.000000E+00   1.000000E+00   1.000000E+00   1.000000E+00   1.000000E+00
   1.000000E+00   1.000000E+00   1.000000E+00   1.000000E+00   1.000000E+00
   1.000000E+00   1.000000E+00   1.000000E+00   1.000000E+00   1.000000E+00
   1.000000E+00   1.000000E+00   1.000000E+00   1.000000E+00   1.000000E+00
   1.000000E+00   1.000000E+00   1.000000E+00   1.000000E+00   1.000000E+00
   1.000000E+00   1.000000E+00   1.000000E+00   1.000000E+00   1.000000E+00
   1.000000E+00   1.000000E+00   1.000000E+00   1.000000E+00   1.000000E+00
   1.000000E+00   1.000000E+00   1.000000E+00   1.000000E+00   1.000000E+00
   1.000000E+00   1.000000E+00   1.000000E+00   1.000000E+00   1.000000E+00
   1.000000E+00   1.000000E+00   1.000000E+00   1.000000E+00   1.000000E+00
   1.000000E+00   1.000000E+00   1.000000E+00   1.000000E+00   1.000000E+00
   1.000000E+00   1.000000E+00   1.000000E+00   1.000000E+00   1.000000E+00
   1.000000E+00   1.000000E+00   1.000000E+00   1.000000E+00   1.000000E+00
   1.000000E+00   1.000000E+00   1.000000E+00   1.000000E+00   1.000000E+00
   1.000000E+00   1.000000E+00   1.000000E+00   1.000000E+00   1.000000E+00
   1.000000E+00   1.000000E+00   1.000000E+00   1.000000E+00   1.000000E+00
   1.000000E+00   1.000000E+00   1.000000E+00   1.000000E+00   1.000000E+00
   1.000000E+00   1.000000E+00   1.000000E+00   1.000000E+00   1.000000E+00
   1.000000E+00   1.000000E+00   1.000000E+00   1.000000E+00   1.000000E+00
   1.000000E+00   1.000000E+00   1.000000E+00   1.000000E+00   1.000000E+00
   1.000000E+00   1.000000E+00   1.000000E+00   1.000000E+00   1.000000E+00
   1.000000E+00   1.000000E+00   1.000000E+00   1.000000E+00   1.000000E+00
   1.000000E+00   1.000000E+00   1.000000E+00   1.000000E+00   1.000000E+00
   1.000000E+00   1.000000E+00   1.000000E+00   1.000000E+00   1.000000E+00
   1.000000E+00   1.000000E+00   1.000000E+00   1.000000E+00   1.000000E+00
   1.000000E+00   1.000000E+00   1.000000E+00   1.000000E+00   1.000000E+00
   1.000000E+00   1.000000E+00   1.000000E+00   1.000000E+00   1.000000E+00
   1.000000E+00   1.000000E+00   1.000000E+00   1.000000E+00   1.000000E+00
   1.000000E+00   1.000000E+00   1.000000E+00   1.000000E+00   1.000000E+00
   1.000000E+00   1.000000E+00   1.000000E+00   1.000000E+00   1.000000E+00
   1.000000E+00   1.000000E+00   1.000000E+00   1.000000E+00   1.000000E+00
   1.000000E+00   1.000000E+00   1.000000E+00   1.000000E+00   1.000000E+00
   1.000000E+00   1.000000E+00   1.000000E+00   1.000000E+00   1.000000E+00
   1.000000E+00   1.000000E+00   1.000000E+00   1.000000E+00   1.000000E+00
   1.000000E+00   1.000000E+00   1.000000E+00   1.000000E+00   1.000000E+00
   1.000000E+00   1.000000E+00   1.000000E+00   1.000000E+00   1.000000E+00
   1.000000E+00   1.000000E+00   1.000000E+00   1.000000E+00   1.000000E+00
   1.000000E+00   1.000000E+00   1.000000E+00   1.000000E+00   1.000000E+00
   1.000000E+00   1.000000E+00   1.000000E+00   1.000000E+00   1.000000E+00
   1.000000E+00   1.000000E+00   1.000000E+00   1.000000E+00   1.000000E+00
   1.000000E+00   1.000000E+00   1.000000E+00   1.000000E+00   1.000000E+00
   1.000000E+00   1.000000E+00   1.000000E+00   1.000000E+00   1.000000E+00
   1.000000E+00   1.000000E+00   1.000000E+00   1.000000E+00   1.000000E+00
   1.000000E+00   1.000000E+00   1.000000E+00   1.000000E+00   1.000000E+00
   1.000000E+00   1.000000E+00   1.000000E+00   1.000000E+00   1.000000E+00
   1.000000E+00   1.000000E+00   1.000000E+00   1.000000E+00   1.000000E+00
   1.000000E+00   1.000000E+00   1.000000E+00   1.000000E+00   1.000000E+00
   1.000000E+00   1.000000E+00   1.000000E+00   1.000000E+00   1.000000E+00
   1.000000E+00   1.000000E+00   1.000000E+00   1.000000E+00   1.000000E+00
   1.000000E+00   1.000000E+00   1.000000E+00   1.000000E+00   1.000000E+00
   1.000000E+00   1.000000E+00   1.000000E+00   1.000000E+00   1.000000E+00
   1.000000E+00   1.000000E+00   1.000000E+00   1.000000E+00   1.000000E+00
   1.000000E+00   1.000000E+00   1.000000E+00   1.000000E+00   1.000000E+00
   1.000000E+00   1.000000E+00   1.000000E+00   1.000000E+00   1.000000E+00
   1.000000E+00   1.000000E+00   1.000000E+00   1.000000E+00   1.000000E+00
   1.000000E+00   1.000000E+00   1.000000E+00   1.000000E+00   1.000000E+00
   1.000000E+00   1.000000E+00   1.000000E+00   1.000000E+00   1.000000E+00
   1.000000E+00   1.000000E+00   1.000000E+00   1.000000E+00   1.000000E+00
   1.000000E+00   1.000000E+00   1.000000E+00   1.000000E+00   1.000000E+00
   1.000000E+00   1.000000E+00   1.000000E+00   1.000000E+00   1.000000E+00
   1.000000E+00   1.000000E+00   1.000000E+00   1.000000E+00   1.000000E+00
   1.000000E+00   1.000000E+00   1.000000E+00   1.000000E+00   1.000000E+00
   1.000000E+00   1.000000E+00   1.000000E+00   1.000000E+00   1.000000E+00
   1.000000E+00   1.000000E+00   1.000000E+00   1.000000E+00   1.000000E+00
   1.000000E+00   1.000000E+00   1.000000E+00   1.000000E+00   1.000000E+00
   1.000000E+00   1.000000E+00   1.000000E+00   1.000000E+00   1.000000E+00
   1.000000E+00   1.000000E+00   1.000000E+00   1.000000E+00   1.000000E+00
   1.000000E+00   1.000000E+00   1.000000E+00   1.000000E+00   1.000000E+00
   1.000000E+00   1.000000E+00   1.000000E+00   1.000000E+00   1.000000E+00
   1.000000E+00   1.000000E+00   1.000000E+00   1.000000E+00   1.000000E+00
   1.000000E+00   1.000000E+00   1.000000E+00   1.000000E+00   1.000000E+00
   1.000000E+00   1.000000E+00   1.000000E+00   1.000000E+00   1.000000E+00
   1.000000E+00   1.000000E+00   1.000000E+00   1.000000E+00   1.000000E+00
   1.000000E+00   1.000000E+00   1.000000E+00   1.000000E+00   1.000000E+00
   1.000000E+00   1.000000E+00   1.000000E+00   1.000000E+00   1.000000E+00
   1.000000E+00   1.000000E+00   1.000000E+00   1.000000E+00   1.000000E+00
   1.000000E+00   1.000000E+00   1.000000E+00   1.000000E+00   1.000000E+00
   1.000000E+00   1.000000E+00   1.000000E+00   1.000000E+00   1.000000E+00
   1.000000E+00   1.000000E+00   1.000000E+00   1.000000E+00   1.000000E+00
   1.000000E+00   1.000000E+00   1.000000E+00   1.000000E+00   1.000000E+00
   1.000000E+00   1.000000E+00   1.000000E+00   1.000000E+00   1.000000E+00
   1.000000E+00   1.000000E+00   1.000000E+00   1.000000E+00   1.000000E+00
   1.000000E+00   1.000000E+00   1.000000E+00   1.000000E+00   1.000000E+00
   1.000000E+00   1.000000E+00   1.000000E+00   1.000000E+00   1.000000E+00
   1.000000E+00   1.000000E+00   1.000000E+00   1.000000E+00   1.000000E+00
   1.000000E+00   1.000000E+00   1.000000E+00   1.000000E+00   1.000000E+00
   1.000000E+00   1.000000E+00   1.000000E+00   1.000000E+00   1.000000E+00
   1.000000E+00   1.000000E+00   1.000000E+00   1.000000E+00   1.000000E+00
   1.000000E+00   1.000000E+00   1.000000E+00   1.000000E+00   1.000000E+00
   1.000000E+00   1.000000E+00   1.000000E+00   1.000000E+00   1.000000E+00
   1.000000E+00   1.000000E+00   1.000000E+00   1.000000E+00   1.000000E+00
   1.000000E+00   1.000000E+00   1.000000E+00   1.000000E+00   1.000000E+00
   1.000000E+00   1.000000E+00   1.000000E+00   1.000000E+00   1.000000E+00
   1.000000E+00   1.000000E+00   1.000000E+00   1.000000E+00   1.000000E+00
   1.000000E+00   1.000000E+00   1.000000E+00   1.000000E+00   1.000000E+00
   1.000000E+00   1.000000E+00   1.000000E+00   1.000000E+00   1.000000E+00
   1.000000E+00   1.000000E+00   1.000000E+00   1.000000E+00   1.000000E+00
   1.000000E+00   1.000000E+00   1.000000E+00   1.000000E+00   1.000000E+00
   1.000000E+00   1.000000E+00   1.000000E+00   1.000000E+00   1.000000E+00
   1.000000E+00   1.000000E+00   1.000000E+00   1.000000E+00   1.000000E+00
   1.000000E+00   1.000000E+00   1.000000E+00   1.000000E+00   1.000000E+00
   1.000000E+00   1.000000E+00   1.000000E+00   1.000000E+00   1.000000E+00
   1.000000E+00   1.000000E+00   1.000000E+00   1.000000E+00   1.000000E+00
   1.000000E+00   1.000000E+00   1.000000E+00   1.000000E+00   1.000000E+00
   1.000000E+00   1.000000E+00   1.000000E+00   1.000000E+00   1.000000E+00
   1.000000E+00   1.000000E+00   1.000000E+00   1.000000E+00   1.000000E+00
   1.000000E+00   1.000000E+00   1.000000E+00   1.000000E+00   1.000000E+00
   1.000000E+00   1.000000E+00   1.000000E+00   1.000000E+00   1.000000E+00
   1.000000E+00   1.000000E+00   1.000000E+00   1.000000E+00   1.000000E+00
   1.000000E+00   1.000000E+00   1.000000E+00   1.000000E+00   1.000000E+00
   1.000000E+00   1.000000E+00   1.000000E+00   1.000000E+00   1.000000E+00
   1.000000E+00   1.000000E+00   1.000000E+00   1.000000E+00   1.000000E+00
   1.000000E+00   1.000000E+00   1.000000E+00   1.000000E+00   1.000000E+00
   1.000000E+00   1.000000E+00   1.000000E+00   1.000000E+00   1.000000E+00
   1.000000E+00   1.000000E+00   1.000000E+00   1.000000E+00   1.000000E+00
   1.000000E+00   1.000000E+00   1.000000E+00   1.000000E+00   1.000000E+00
   1.000000E+00   1.000000E+00   1.000000E+00   1.000000E+00   1.000000E+00
   1.000000E+00   1.000000E+00   1.000000E+00   1.000000E+00   1.000000E+00
   1.000000E+00   1.000000E+00   1.000000E+00   1.000000E+00   1.000000E+00
   1.000000E+00   1.000000E+00   1.000000E+00   1.000000E+00   1.000000E+00
   1.000000E+00   1.000000E+00   1.000000E+00   1.000000E+00   1.000000E+00
   1.000000E+00   1.000000E+00   1.000000E+00   1.000000E+00   1.000000E+00
   1.000000E+00   1.000000E+00   1.000000E+00   1.000000E+00   1.000000E+00
   1.000000E+00   1.000000E+00   1.000000E+00   1.000000E+00   1.000000E+00
   1.000000E+00   1.000000E+00   1.000000E+00   1.000000E+00   1.000000E+00
   1.000000E+00   1.000000E+00   1.000000E+00   1.000000E+00   1.000000E+00
   1.000000E+00   1.000000E+00   1.000000E+00   1.000000E+00   1.000000E+00
   1.000000E+00   1.000000E+00   1.000000E+00   1.000000E+00   1.000000E+00
   1.000000E+00   1.000000E+00   1.000000E+00   1.000000E+00   1.000000E+00
   1.000000E+00   1.000000E+00   1.000000E+00   1.000000E+00   1.000000E+00
   1.000000E+00   1.000000E+00   1.000000E+00   1.000000E+00   1.000000E+00
   1.000000E+00   1.000000E+00   1.000000E+00   1.000000E+00   1.000000E+00
   1.000000E+00   1.000000E+00   1.000000E+00   1.000000E+00   1.000000E+00
   1.000000E+00   1.000000E+00   1.000000E+00   1.000000E+00   1.000000E+00
   1.000000E+00   1.000000E+00   1.000000E+00   1.000000E+00   1.000000E+00
   1.000000E+00   1.000000E+00   1.000000E+00   1.000000E+00   1.000000E+00
   1.000000E+00   1.000000E+00   1.000000E+00   1.000000E+00   1.000000E+00
   1.000000E+00   1.000000E+00   1.000000E+00   1.000000E+00   1.000000E+00
   1.000000E+00   1.000000E+00   1.000000E+00   1.000000E+00   1.000000E+00
   1.000000E+00   1.000000E+00   1.000000E+00   1.000000E+00   1.000000E+00
   1.000000E+00   1.000000E+00   1.000000E+00   1.000000E+00   1.000000E+00
   1.000000E+00   1.000000E+00   1.000000E+00   1.000000E+00   1.000000E+00
   1.000000E+00   1.000000E+00   1.000000E+00   1.000000E+00   1.000000E+00
   1.000000E+00   1.000000E+00   1.000000E+00   1.000000E+00   1.000000E+00
   1.000000E+00   1.000000E+00   1.000000E+00   1.000000E+00   1.000000E+00
   1.000000E+00   1.000000E+00   1.000000E+00   1.000000E+00   1.000000E+00
   1.000000E+00   1.000000E+00   1.000000E+00   1.000000E+00   1.000000E+00
   1.000000E+00   1.000000E+00   1.000000E+00   1.000000E+00   1.000000E+00
   1.000000E+00   1.000000E+00   1.000000E+00   1.000000E+00   1.000000E+00
   1.000000E+00   1.000000E+00   1.000000E+00   1.000000E+00   1.000000E+00
   1.000000E+00   1.000000E+00   1.000000E+00   1.000000E+00   1.000000E+00
   1.000000E+00   1.000000E+00   1.000000E+00   1.000000E+00   1.000000E+00
   1.000000E+00   1.000000E+00   1.000000E+00   1.000000E+00   1.000000E+00
   1.000000E+00   1.000000E+00   1.000000E+00   1.000000E+00   1.000000E+00
   1.000000E+00   1.000000E+00   1.000000E+00   1.000000E+00   1.000000E+00
   1.000000E+00   1.000000E+00   1.000000E+00   1.000000E+00   1.000000E+00
   1.000000E+00   1.000000E+00   1.000000E+00   1.000000E+00   1.000000E+00
   1.000000E+00   1.000000E+00   1.000000E+00   1.000000E+00   1.000000E+00
   1.000000E+00   1.000000E+00   1.000000E+00   1.000000E+00   1.000000E+00
   1.000000E+00   1.000000E+00   1.000000E+00   1.000000E+00   1.000000E+00
   1.000000E+00   1.000000E+00   1.000000E+00   1.000000E+00   1.000000E+00
   1.000000E+00   1.000000E+00   1.000000E+00   1.000000E+00   1.000000E+00
   1.000000E+00   1.000000E+00   1.000000E+00   1.000000E+00   1.000000E+00
   1.000000E+00   1.000000E+00   1.000000E+00   1.000000E+00   1.000000E+00
   1.000000E+00   1.000000E+00   1.000000E+00   1.000000E+00   1.000000E+00
   1.000000E+00   1.000000E+00   1.000000E+00   1.000000E+00   1.000000E+00
   1.000000E+00   1.000000E+00   1.000000E+00   1.000000E+00   1.000000E+00
   1.000000E+00   1.000000E+00   1.000000E+00   1.000000E+00   1.000000E+00
   1.000000E+00   1.000000E+00   1.000000E+00   1.000000E+00   1.000000E+00
   1.000000E+00   1.000000E+00   1.000000E+00   1.000000E+00   1.000000E+00
   1.000000E+00   1.000000E+00   1.000000E+00   1.000000E+00   1.000000E+00
   1.000000E+00   1.000000E+00   1.000000E+00   1.000000E+00   1.000000E+00
   1.000000E+00   1.000000E+00   1.000000E+00   1.000000E+00   1.000000E+00
   1.000000E+00   1.000000E+00   1.000000E+00   1.000000E+00   1.000000E+00
   1.000000E+00   1.000000E+00   1.000000E+00   1.000000E+00   1.000000E+00
   1.000000E+00   1.000000E+00   1.000000E+00   1.000000E+00   1.000000E+00
   1.000000E+00   1.000000E+00   1.000000E+00   1.000000E+00   1.000000E+00
   1.000000E+00   1.000000E+00   1.000000E+00   1.000000E+00   1.000000E+00
   1.000000E+00   1.000000E+00   1.000000E+00   1.000000E+00   1.000000E+00
   1.000000E+00   1.000000E+00   1.000000E+00   1.000000E+00   1.000000E+00
   1.000000E+00   1.000000E+00   1.000000E+00   1.000000E+00   1.000000E+00
   1.000000E+00   1.000000E+00   1.000000E+00   1.000000E+00   1.000000E+00
   1.000000E+00   1.000000E+00   1.000000E+00   1.000000E+00   1.000000E+00
   1.000000E+00   1.000000E+00   1.000000E+00   1.000000E+00   1.000000E+00
   1.000000E+00   1.000000E+00   1.000000E+00   1.000000E+00   1.000000E+00
   1.000000E+00   1.000000E+00   1.000000E+00   1.000000E+00   1.000000E+00
   1.000000E+00   1.000000E+00   1.000000E+00   1.000000E+00   1.000000E+00
   1.000000E+00   1.000000E+00   1.000000E+00   1.000000E+00   1.000000E+00
   1.000000E+00   1.000000E+00   1.000000E+00   1.000000E+00   1.000000E+00
   1.000000E+00   1.000000E+00   1.000000E+00   1.000000E+00   1.000000E+00
   1.000000E+00   1.000000E+00   1.000000E+00   1.000000E+00   1.000000E+00
   1.000000E+00   1.000000E+00   1.000000E+00   1.000000E+00   1.000000E+00
   1.000000E+00   1.000000E+00   1.000000E+00   1.000000E+00   1.000000E+00
   1.000000E+00   1.000000E+00   1.000000E+00   1.000000E+00   1.000000E+00
   1.000000E+00   1.000000E+00   1.000000E+00   1.000000E+00   1.000000E+00
   1.000000E+00   1.000000E+00   1.000000E+00   1.000000E+00   1.000000E+00
   1.000000E+00   1.000000E+00   1.000000E+00   1.000000E+00   1.000000E+00
   1.000000E+00   1.000000E+00   1.000000E+00   1.000000E+00   1.000000E+00
   1.000000E+00   1.000000E+00   1.000000E+00   1.000000E+00   1.000000E+00
   1.000000E+00   1.000000E+00   1.000000E+00   1.000000E+00   1.000000E+00
   1.000000E+00   1.000000E+00   1.000000E+00   1.000000E+00   1.000000E+00
   1.000000E+00   1.000000E+00   1.000000E+00   1.000000E+00   1.000000E+00
   1.000000E+00   1.000000E+00   1.000000E+00   1.000000E+00   1.000000E+00
   1.000000E+00   1.000000E+00   1.000000E+00   1.000000E+00   1.000000E+00
   1.000000E+00   1.000000E+00   1.000000E+00   1.000000E+00   1.000000E+00
   1.000000E+00   1.000000E+00   1.000000E+00   1.000000E+00   1.000000E+00
   1.000000E+00   1.000000E+00   1.000000E+00   1.000000E+00   1.000000E+00
   1.000000E+00   1.000000E+00   1.000000E+00   1.000000E+00   1.000000E+00
   1.000000E+00   1.000000E+00   1.000000E+00   1.000000E+00   1.000000E+00
   1.000000E+00   1.000000E+00   1.000000E+00   1.000000E+00   1.000000E+00
   1.000000E+00   1.000000E+00   1.000000E+00   1.000000E+00   1.000000E+00
   1.000000E+00   1.000000E+00   1.000000E+00   1.000000E+00   1.000000E+00
   1.000000E+00   1.000000E+00   1.000000E+00   1.000000E+00   1.000000E+00
   1.000000E+00   1.000000E+00   1.000000E+00   1.000000E+00   1.000000E+00
   1.000000E+00   1.000000E+00   1.000000E+00   1.000000E+00   1.000000E+00
   1.000000E+00   1.000000E+00   1.000000E+00   1.000000E+00   1.000000E+00
   1.000000E+00   1.000000E+00   1.000000E+00   1.000000E+00   1.000000E+00
   1.000000E+00   1.000000E+00   1.000000E+00   1.000000E+00   1.000000E+00
   1.000000E+00   1.000000E+00   1.000000E+00   1.000000E+00   1.000000E+00
   1.000000E+00   1.000000E+00   1.000000E+00   1.000000E+00   1.000000E+00
   1.000000E+00   1.000000E+00   1.000000E+00   1.000000E+00   1.000000E+00
   1.000000E+00   1.000000E+00   1.000000E+00   1.000000E+00   1.000000E+00
   1.000000E+00   1.000000E+00   1.000000E+00   1.000000E+00   1.000000E+00
   1.000000E+00   1.000000E+00   1.000000E+00   1.000000E+00   1.000000E+00
   1.000000E+00   1.000000E+00   1.000000E+00   1.000000E+00   1.000000E+00
   1.000000E+00   1.000000E+00   1.000000E+00   1.000000E+00   1.000000E+00
   1.000000E+00   1.000000E+00   1.000000E+00   1.000000E+00   1.000000E+00
   1.000000E+00   1.000000E+00   1.000000E+00   1.000000E+00   1.000000E+00
   1.000000E+00   1.000000E+00   1.000000E+00   1.000000E+00   1.000000E+00
   1.000000E+00   1.000000E+00   1.000000E+00   1.000000E+00   1.000000E+00
   1.000000E+00   1.000000E+00   1.000000E+00   1.000000E+00   1.000000E+00
   1.000000E+00   1.000000E+00   1.000000E+00   1.000000E+00   1.000000E+00
   1.000000E+00   1.000000E+00   1.000000E+00   1.000000E+00   1.000000E+00
   1.000000E+00   1.000000E+00   1.000000E+00   1.000000E+00   1.000000E+00
   1.000000E+00   1.000000E+00   1.000000E+00   1.000000E+00   1.000000E+00
   1.000000E+00   1.000000E+00   1.000000E+00   1.000000E+00   1.000000E+00
   1.000000E+00   1.000000E+00   1.000000E+00   1.000000E+00   1.000000E+00
   1.000000E+00   1.000000E+00   1.000000E+00   1.000000E+00   1.000000E+00
   1.000000E+00   1.000000E+00   1.000000E+00   1.000000E+00   1.000000E+00
   1.000000E+00   1.000000E+00   1.000000E+00   1.000000E+00   1.000000E+00
   1.000000E+00   1.000000E+00   1.000000E+00   1.000000E+00   1.000000E+00
   1.000000E+00   1.000000E+00   1.000000E+00   1.000000E+00   1.000000E+00
   1.000000E+00   1.000000E+00   1.000000E+00   1.000000E+00   1.000000E+00
   1.000000E+00   1.000000E+00   1.000000E+00   1.000000E+00   1.000000E+00
   1.000000E+00   1.000000E+00   1.000000E+00   1.000000E+00   1.000000E+00
   1.000000E+00   1.000000E+00   1.000000E+00   1.000000E+00   1.000000E+00
   1.000000E+00   1.000000E+00   1.000000E+00   1.000000E+00   1.000000E+00
   1.000000E+00   1.000000E+00   1.000000E+00   1.000000E+00   1.000000E+00
   1.000000E+00   1.000000E+00   1.000000E+00   1.000000E+00   1.000000E+00
   1.000000E+00   1.000000E+00   1.000000E+00   1.000000E+00   1.000000E+00
   1.000000E+00   1.000000E+00   1.000000E+00   1.000000E+00   1.000000E+00
   1.000000E+00   1.000000E+00   1.000000E+00   1.000000E+00   1.000000E+00
   1.000000E+00   1.000000E+00   1.000000E+00   1.000000E+00   1.000000E+00
   1.000000E+00   1.000000E+00   1.000000E+00   1.000000E+00   1.000000E+00
   1.000000E+00   1.000000E+00   1.000000E+00   1.000000E+00   1.000000E+00
   1.000000E+00   1.000000E+00   1.000000E+00   1.000000E+00   1.000000E+00
   1.000000E+00   1.000000E+00   1.000000E+00   1.000000E+00   1.000000E+00
   1.000000E+00   1.000000E+00   1.000000E+00   1.000000E+00   1.000000E+00
   1.000000E+00   1.000000E+00   1.000000E+00   1.000000E+00   1.000000E+00
   1.000000E+00   1.000000E+00   1.000000E+00   1.000000E+00   1.000000E+00
   1.000000E+00   1.000000E+00   1.000000E+00   1.000000E+00   1.000000E+00
   1.000000E+00   1.000000E+00   1.000000E+00   1.000000E+00   1.000000E+00
   1.000000E+00   1.000000E+00   1.000000E+00   1.000000E+00   1.000000E+00
   1.000000E+00   1.000000E+00   1.000000E+00   1.000000E+00   1.000000E+00
   1.000000E+00   1.000000E+00   1.000000E+00   1.000000E+00   1.000000E+00
   1.000000E+00   1.000000E+00   1.000000E+00   1.000000E+00   1.000000E+00
   1.000000E+00   1.000000E+00   1.000000E+00   1.000000E+00   1.000000E+00
   1.000000E+00   1.000000E+00   1.000000E+00   1.000000E+00   1.000000E+00
   1.000000E+00   1.000000E+00   1.000000E+00   1.000000E+00   1.000000E+00
   1.000000E+00   1.000000E+00   1.000000E+00   1.000000E+00   1.000000E+00
   1.000000E+00   1.000000E+00   1.000000E+00   1.000000E+00   1.000000E+00
   1.000000E+00   1.000000E+00   1.000000E+00   1.000000E+00   1.000000E+00
   1.000000E+00   1.000000E+00   1.000000E+00   1.000000E+00   1.000000E+00
   1.000000E+00   1.000000E+00   1.000000E+00   1.000000E+00   1.000000E+00
   1.000000E+00   1.000000E+00   1.000000E+00   1.000000E+00   1.000000E+00
   1.000000E+00   1.000000E+00   1.000000E+00   1.000000E+00   1.000000E+00
   1.000000E+00   1.000000E+00   1.000000E+00   1.000000E+00   1.000000E+00
   1.000000E+00   1.000000E+00   1.000000E+00   1.000000E+00   1.000000E+00
   1.000000E+00   1.000000E+00   1.000000E+00   1.000000E+00   1.000000E+00
   1.000000E+00   1.000000E+00   1.000000E+00   1.000000E+00   1.000000E+00
   1.000000E+00   1.000000E+00   1.000000E+00   1.000000E+00   1.000000E+00
   1.000000E+00   1.000000E+00   1.000000E+00   1.000000E+00   1.000000E+00
   1.000000E+00   1.000000E+00   1.000000E+00   1.000000E+00   1.000000E+00
   1.000000E+00   1.000000E+00   1.000000E+00   1.000000E+00   1.000000E+00
   1.000000E+00   1.000000E+00   1.000000E+00   1.000000E+00   1.000000E+00
   1.000000E+00   1.000000E+00   1.000000E+00   1.000000E+00   1.000000E+00
   1.000000E+00   1.000000E+00   1.000000E+00   1.000000E+00   1.000000E+00
   1.000000E+00   1.000000E+00   1.000000E+00   1.000000E+00   1.000000E+00
   1.000000E+00   1.000000E+00   1.000000E+00   1.000000E+00   1.000000E+00
   1.000000E+00   1.000000E+00   1.000000E+00   1.000000E+00   1.000000E+00
   1.000000E+00   1.000000E+00   1.000000E+00   1.000000E+00   1.000000E+00
   1.000000E+00
   1031  9.60000000E+03     NSTEP   TIME
   5.148339E-01   5.154051E-01   5.154255E-01   5.153004E-01   5.152064E-01
   5.150964E-01   5.149664E-01   5.148429E-01   5.147583E-01   5.147078E-01
   5.147291E-01   5.148152E-01   5.149456E-01   5.151670E-01   5.154273E-01
   5.158010E-01   5.162434E-01   5.167766E-01   5.172792E-01   5.185011E-01
   5.188033E-01   5.157216E-01   5.166075E-01   5.167733E-01   5.165288E-01
   5.163599E-01   5.162274E-01   5.161165E-01   5.160870E-01   5.160700E-01
   5.161214E-01   5.161852E-01   5.163448E-01   5.165153E-01   5.167569E-01
   5.169909E-01   5.173278E-01   5.177597E-01   5.182172E-01   5.187481E-01
   5.198486E-01   5.197278E-01   5.156392E-01   5.164654E-01   5.167142E-01
   5.164662E-01   5.164424E-01   5.164406E-01   5.164656E-01   5.165660E-01
   5.167205E-01   5.168660E-01   5.171317E-01   5.174057E-01   5.177479E-01
   5.181399E-01   5.186102E-01   5.191413E-01   5.197744E-01   5.204856E-01
   5.212971E-01   5.226607E-01   5.227269E-01   5.153404E-01   5.160648E-01
   5.164184E-01   5.163012E-01   5.164024E-01   5.165253E-01   5.167178E-01
   5.169194E-01   5.172245E-01   5.175252E-01   5.179092E-01   5.183439E-01
   5.188298E-01   5.194294E-01   5.200737E-01   5.208496E-01   5.217505E-01
   5.227619E-01   5.238814E-01   5.255520E-01   5.255557E-01   5.152047E-01
   5.160717E-01   5.166240E-01   5.166526E-01   5.168534E-01   5.171340E-01
   5.174290E-01   5.177712E-01   5.182041E-01   5.186734E-01   5.192026E-01
   5.198232E-01   5.205338E-01   5.213424E-01   5.222630E-01   5.233241E-01
   5.245462E-01   5.259024E-01   5.274460E-01   5.295482E-01   5.295722E-01
   5.154657E-01   5.164158E-01   5.170855E-01   5.172323E-01   5.176249E-01
   5.179891E-01   5.184662E-01   5.189960E-01   5.195607E-01   5.202082E-01
   5.209853E-01   5.218457E-01   5.228131E-01   5.239522E-01   5.252130E-01
   5.266743E-01   5.282896E-01   5.301477E-01   5.321908E-01   5.348050E-01
   5.349027E-01   5.161887E-01   5.170640E-01   5.178723E-01   5.182123E-01
   5.187075E-01   5.192958E-01   5.199119E-01   5.206517E-01   5.214580E-01
   5.223838E-01   5.234289E-01   5.246171E-01   5.259751E-01   5.274666E-01
   5.291629E-01   5.311168E-01   5.332535E-01   5.356708E-01   5.383300E-01
   5.415459E-01   5.417530E-01   5.173772E-01   5.180211E-01   5.190334E-01
   5.195952E-01   5.202756E-01   5.210874E-01   5.219565E-01   5.229525E-01
   5.240934E-01   5.253448E-01   5.267837E-01   5.283771E-01   5.301860E-01
   5.321770E-01   5.344292E-01   5.369328E-01   5.396884E-01   5.427381E-01
   5.461007E-01   5.499680E-01   5.503025E-01   5.190327E-01   5.194217E-01
   5.207052E-01   5.215145E-01   5.224874E-01   5.235675E-01   5.247674E-01
   5.261280E-01   5.276507E-01   5.293447E-01   5.312348E-01   5.333723E-01
   5.357349E-01   5.383096E-01   5.411848E-01   5.443170E-01   5.477845E-01
   5.515563E-01   5.556601E-01   5.603341E-01   5.607580E-01   5.212656E-01
   5.214446E-01   5.230070E-01   5.241597E-01   5.254602E-01   5.269319E-01
   5.285631E-01   5.303832E-01   5.324169E-01   5.346595E-01   5.371253E-01
   5.398306E-01   5.428249E-01   5.460880E-01   5.496382E-01   5.535188E-01
   5.577417E-01   5.623610E-01   5.673669E-01   5.729368E-01   5.734443E-01
   5.241928E-01   5.242886E-01   5.262142E-01   5.277709E-01   5.295169E-01
   5.314856E-01   5.336495E-01   5.360200E-01   5.386120E-01   5.414851E-01
   5.446153E-01   5.479959E-01   5.516694E-01   5.556617E-01   5.600395E-01
   5.647722E-01   5.698766E-01   5.754179E-01   5.814485E-01   5.880900E-01
   5.887031E-01   5.280838E-01   5.281711E-01   5.305280E-01   5.325824E-01
   5.349077E-01   5.374289E-01   5.402016E-01   5.432215E-01   5.464945E-01
   5.500342E-01   5.538773E-01   5.580565E-01   5.625737E-01   5.674432E-01
   5.726693E-01   5.783433E-01   5.844917E-01   5.911360E-01   5.984493E-01
   6.065380E-01   6.072560E-01   5.332244E-01   5.333276E-01   5.362206E-01
   5.389050E-01   5.418436E-01   5.450294E-01   5.484644E-01   5.521763E-01
   5.562190E-01   5.605822E-01   5.652906E-01   5.703313E-01   5.757620E-01
   5.816077E-01   5.879075E-01   5.947487E-01   6.022012E-01   6.103320E-01
   6.192448E-01   6.291475E-01   6.300026E-01   5.398006E-01   5.400468E-01
   5.434819E-01   5.468303E-01   5.504835E-01   5.543974E-01   5.586624E-01
   5.632489E-01   5.681717E-01   5.734265E-01   5.790988E-01   5.851717E-01
   5.916977E-01   5.988032E-01   6.064909E-01   6.148154E-01   6.239139E-01
   6.339151E-01   6.449761E-01   6.573977E-01   6.584265E-01   5.481001E-01
   5.484523E-01   5.525153E-01   5.566788E-01   5.611651E-01   5.659722E-01
   5.711308E-01   5.766557E-01   5.825888E-01   5.889669E-01   5.958326E-01
   6.032654E-01   6.112749E-01   6.199526E-01   6.293833E-01   6.396751E-01
   6.509758E-01   6.635770E-01   6.777383E-01   6.938537E-01   6.951295E-01
   5.583256E-01   5.587546E-01   5.636756E-01   5.687381E-01   5.741572E-01
   5.799847E-01   5.862277E-01   5.929320E-01   6.001991E-01   6.080210E-01
   6.164627E-01   6.256147E-01   6.355517E-01   6.463681E-01   6.582415E-01
   6.713398E-01   6.858539E-01   7.021778E-01   7.208600E-01   7.425348E-01
   7.441330E-01   5.708549E-01   5.713720E-01   5.771998E-01   5.833432E-01
   5.899065E-01   5.970216E-01   6.047007E-01   6.129683E-01   6.219239E-01
   6.316514E-01   6.422237E-01   6.537794E-01   6.665131E-01   6.805271E-01
   6.960150E-01   7.132808E-01   7.325056E-01   7.544288E-01   7.801522E-01
   8.099302E-01   8.116472E-01   5.860016E-01   5.866187E-01   5.936534E-01
   6.011858E-01   6.092918E-01   6.180600E-01   6.275813E-01   6.379382E-01
   6.492327E-01   6.617058E-01   6.754492E-01   6.906446E-01   7.076057E-01
   7.265960E-01   7.479043E-01   7.718569E-01   7.981043E-01   8.283650E-01
   8.666971E-01   9.041229E-01   9.048647E-01   6.045784E-01   6.052901E-01
   6.139374E-01   6.232409E-01   6.333734E-01   6.444219E-01   6.565631E-01
   6.699975E-01   6.848672E-01   7.014595E-01   7.201120E-01   7.411225E-01
   7.649687E-01   7.922823E-01   8.237211E-01   8.604456E-01   8.953670E-01
   9.324962E-01   1.000000E+00   1.000000E+00   1.000000E+00   6.277824E-01
   6.285981E-01   6.394118E-01   6.511806E-01   6.642354E-01   6.786944E-01
   6.947851E-01   7.129420E-01   7.334481E-01   7.567577E-01   7.835257E-01
   8.143599E-01   8.498886E-01   8.907680E-01   9.378284E-01   1.000000E+00
   1.000000E+00   1.000000E+00   1.000000E+00   1.000000E+00   1.000000E+00
   6.367058E-01   6.404775E-01   6.525025E-01   6.657556E-01   6.804789E-01
   6.968960E-01   7.154260E-01   7.364301E-01   7.603558E-01   7.879465E-01
   8.198204E-01   8.566431E-01   8.986476E-01   9.441472E-01   9.852873E-01
   1.000000E+00   1.000000E+00   1.000000E+00   1.000000E+00   1.000000E+00
   1.000000E+00   5.167679E-01   5.173450E-01   5.173659E-01   5.172376E-01
   5.171413E-01   5.170283E-01   5.168950E-01   5.167681E-01   5.166811E-01
   5.166291E-01   5.166507E-01   5.167389E-01   5.168727E-01   5.170997E-01
   5.173668E-01   5.177506E-01   5.182048E-01   5.187523E-01   5.192688E-01
   5.205236E-01   5.208176E-01   5.176668E-01   5.185584E-01   5.187280E-01
   5.184770E-01   5.183030E-01   5.181669E-01   5.180526E-01   5.180221E-01
   5.180044E-01   5.180570E-01   5.181226E-01   5.182862E-01   5.184618E-01
   5.187100E-01   5.189510E-01   5.192975E-01   5.197416E-01   5.202122E-01
   5.207585E-01   5.218892E-01   5.217502E-01   5.175813E-01   5.184099E-01
   5.186645E-01   5.184098E-01   5.183847E-01   5.183828E-01   5.184082E-01
   5.185111E-01   5.186697E-01   5.188194E-01   5.190923E-01   5.193741E-01
   5.197258E-01   5.201290E-01   5.206126E-01   5.211590E-01   5.218100E-01
   5.225419E-01   5.233767E-01   5.247788E-01   5.248316E-01   5.172747E-01
   5.179978E-01   5.183601E-01   5.182395E-01   5.183432E-01   5.184695E-01
   5.186669E-01   5.188742E-01   5.191876E-01   5.194969E-01   5.198917E-01
   5.203388E-01   5.208386E-01   5.214552E-01   5.221182E-01   5.229163E-01
   5.238431E-01   5.248837E-01   5.260361E-01   5.277547E-01   5.277442E-01
   5.171348E-01   5.180040E-01   5.185704E-01   5.185999E-01   5.188062E-01
   5.190947E-01   5.193977E-01   5.197498E-01   5.201948E-01   5.206774E-01
   5.212217E-01   5.218602E-01   5.225911E-01   5.234230E-01   5.243704E-01
   5.254625E-01   5.267202E-01   5.281164E-01   5.297061E-01   5.318703E-01
   5.318818E-01   5.174024E-01   5.183574E-01   5.190445E-01   5.191958E-01
   5.195992E-01   5.199737E-01   5.204643E-01   5.210091E-01   5.215900E-01
   5.222562E-01   5.230555E-01   5.239409E-01   5.249366E-01   5.261087E-01
   5.274065E-01   5.289112E-01   5.305747E-01   5.324889E-01   5.345945E-01
   5.372886E-01   5.373772E-01   5.181445E-01   5.190237E-01   5.198535E-01
   5.202031E-01   5.207125E-01   5.213174E-01   5.219512E-01   5.227121E-01
   5.235418E-01   5.244944E-01   5.255701E-01   5.267930E-01   5.281910E-01
   5.297272E-01   5.314744E-01   5.334875E-01   5.356900E-01   5.381826E-01
   5.409264E-01   5.442453E-01   5.444481E-01   5.193651E-01   5.200081E-01
   5.210476E-01   5.216254E-01   5.223254E-01   5.231603E-01   5.240547E-01
   5.250797E-01   5.262538E-01   5.275420E-01   5.290235E-01   5.306648E-01
   5.325283E-01   5.345803E-01   5.369023E-01   5.394846E-01   5.423285E-01
   5.454779E-01   5.489529E-01   5.529520E-01   5.532882E-01   5.210663E-01
   5.214487E-01   5.227671E-01   5.235998E-01   5.246008E-01   5.257124E-01
   5.269477E-01   5.283484E-01   5.299164E-01   5.316612E-01   5.336090E-01
   5.358123E-01   5.382487E-01   5.409054E-01   5.438737E-01   5.471093E-01
   5.506941E-01   5.545968E-01   5.588471E-01   5.636921E-01   5.641229E-01
   5.233618E-01   5.235299E-01   5.251356E-01   5.263221E-01   5.276609E-01
   5.291761E-01   5.308560E-01   5.327312E-01   5.348270E-01   5.371392E-01
   5.396830E-01   5.424753E-01   5.455674E-01   5.489398E-01   5.526118E-01
   5.566290E-01   5.610045E-01   5.657965E-01   5.709958E-01   5.767883E-01
   5.773085E-01   5.263728E-01   5.264565E-01   5.284371E-01   5.300400E-01
   5.318385E-01   5.338671E-01   5.360976E-01   5.385423E-01   5.412170E-01
   5.441834E-01   5.474172E-01   5.509123E-01   5.547139E-01   5.588487E-01
   5.633876E-01   5.683001E-01   5.736053E-01   5.793727E-01   5.856592E-01
   5.925941E-01   5.932278E-01   5.303776E-01   5.304538E-01   5.328802E-01
   5.349976E-01   5.373949E-01   5.399958E-01   5.428576E-01   5.459766E-01
   5.493594E-01   5.530211E-01   5.569998E-01   5.613305E-01   5.660170E-01
   5.710751E-01   5.765110E-01   5.824211E-01   5.888357E-01   5.957802E-01
   6.034389E-01   6.119279E-01   6.126760E-01   5.356728E-01   5.357672E-01
   5.387489E-01   5.415190E-01   5.445529E-01   5.478445E-01   5.513965E-01
   5.552379E-01   5.594255E-01   5.639498E-01   5.688379E-01   5.740778E-01
   5.797308E-01   5.858253E-01   5.924042E-01   5.995614E-01   6.073745E-01
   6.159181E-01   6.253070E-01   6.357676E-01   6.366668E-01   5.424556E-01
   5.426987E-01   5.462453E-01   5.497062E-01   5.534853E-01   5.575378E-01
   5.619579E-01   5.667171E-01   5.718314E-01   5.772982E-01   5.832078E-01
   5.895452E-01   5.963674E-01   6.038098E-01   6.118792E-01   6.206379E-01
   6.302358E-01   6.408167E-01   6.525570E-01   6.657891E-01   6.668825E-01
   5.510302E-01   5.513844E-01   5.555885E-01   5.599013E-01   5.645538E-01
   5.695452E-01   5.749085E-01   5.806610E-01   5.868481E-01   5.935106E-01
   6.006959E-01   6.084909E-01   6.169097E-01   6.260535E-01   6.360181E-01
   6.469255E-01   6.589422E-01   6.723922E-01   6.875712E-01   7.049260E-01
   7.062996E-01   5.616181E-01   5.620541E-01   5.671596E-01   5.724196E-01
   5.780580E-01   5.841307E-01   5.906472E-01   5.976577E-01   6.052723E-01
   6.134864E-01   6.223727E-01   6.320321E-01   6.425508E-01   6.540373E-01
   6.666908E-01   6.807046E-01   6.963005E-01   7.139253E-01   7.342029E-01
   7.578625E-01   7.596095E-01   5.746297E-01   5.751596E-01   5.812274E-01
   5.876347E-01   5.944922E-01   6.019405E-01   6.099968E-01   6.186908E-01
   6.281327E-01   6.384176E-01   6.496309E-01   6.619294E-01   6.755334E-01
   6.905683E-01   7.072610E-01   7.259630E-01   7.468981E-01   7.709032E-01
   7.992170E-01   8.321179E-01   8.340152E-01   5.904183E-01   5.910558E-01
   5.984122E-01   6.063066E-01   6.148216E-01   6.240553E-01   6.341099E-01
   6.450805E-01   6.570843E-01   6.703904E-01   6.851123E-01   7.014634E-01
   7.198052E-01   7.404513E-01   7.637464E-01   7.900725E-01   8.190438E-01
   8.525065E-01   8.946093E-01   9.346706E-01   9.354466E-01   6.098747E-01
   6.106159E-01   6.197106E-01   6.295224E-01   6.402404E-01   6.519657E-01
   6.648974E-01   6.792642E-01   6.952369E-01   7.131473E-01   7.333890E-01
   7.563182E-01   7.824889E-01   8.126127E-01   8.473796E-01   8.877932E-01
   9.252708E-01   9.632821E-01   1.000000E+00   1.000000E+00   1.000000E+00
   6.343270E-01   6.351838E-01   6.466419E-01   6.591562E-01   6.730924E-01
   6.885948E-01   7.059292E-01   7.255923E-01   7.479252E-01   7.734591E-01
   8.029394E-01   8.370183E-01   8.762150E-01   9.205763E-01   9.684744E-01
   1.000000E+00   1.000000E+00   1.000000E+00   1.000000E+00   1.000000E+00
   1.000000E+00   6.437709E-01   6.477667E-01   6.605575E-01   6.747118E-01
   6.905060E-01   7.082029E-01   7.282842E-01   7.511774E-01   7.774073E-01
   8.078153E-01   8.430513E-01   8.836212E-01   9.289282E-01   9.743488E-01
   1.000000E+00   1.000000E+00   1.000000E+00   1.000000E+00   1.000000E+00
   1.000000E+00   1.000000E+00   5.205123E-01   5.210886E-01   5.211121E-01
   5.209781E-01   5.208770E-01   5.207569E-01   5.206157E-01   5.204797E-01
   5.203863E-01   5.203290E-01   5.203489E-01   5.204397E-01   5.205815E-01
   5.208202E-01   5.211032E-01   5.215106E-01   5.219933E-01   5.225743E-01
   5.231253E-01   5.244522E-01   5.247058E-01   5.214219E-01   5.222968E-01
   5.224734E-01   5.222071E-01   5.220180E-01   5.218730E-01   5.217484E-01
   5.217136E-01   5.216922E-01   5.217464E-01   5.218158E-01   5.219878E-01
   5.221771E-01   5.224415E-01   5.227018E-01   5.230726E-01   5.235476E-01
   5.240518E-01   5.246380E-01   5.258357E-01   5.256371E-01   5.213308E-01
   5.221311E-01   5.223966E-01   5.221256E-01   5.220933E-01   5.220905E-01
   5.221151E-01   5.222215E-01   5.223888E-01   5.225497E-01   5.228389E-01
   5.231405E-01   5.235150E-01   5.239461E-01   5.244628E-01   5.250473E-01
   5.257420E-01   5.265257E-01   5.274178E-01   5.289073E-01   5.289087E-01
   5.210058E-01   5.216871E-01   5.220675E-01   5.219381E-01   5.220451E-01
   5.221793E-01   5.223864E-01   5.226078E-01   5.229401E-01   5.232715E-01
   5.236929E-01   5.241709E-01   5.247063E-01   5.253643E-01   5.260747E-01
   5.269267E-01   5.279170E-01   5.290282E-01   5.302611E-01   5.320877E-01
   5.320254E-01   5.208513E-01   5.216866E-01   5.222835E-01   5.223154E-01
   5.225347E-01   5.228424E-01   5.231633E-01   5.235406E-01   5.240155E-01
   5.245307E-01   5.251130E-01   5.257963E-01   5.265773E-01   5.274662E-01
   5.284797E-01   5.296472E-01   5.309901E-01   5.324816E-01   5.341817E-01
   5.364846E-01   5.364487E-01   5.211294E-01   5.220595E-01   5.227866E-01
   5.229506E-01   5.233795E-01   5.237797E-01   5.243029E-01   5.248851E-01
   5.255060E-01   5.262196E-01   5.270727E-01   5.280198E-01   5.290853E-01
   5.303363E-01   5.317230E-01   5.333307E-01   5.351083E-01   5.371536E-01
   5.394049E-01   5.422758E-01   5.423255E-01   5.219139E-01   5.227704E-01
   5.236494E-01   5.240236E-01   5.245684E-01   5.252142E-01   5.258921E-01
   5.267045E-01   5.275920E-01   5.286102E-01   5.297604E-01   5.310668E-01
   5.325602E-01   5.342033E-01   5.360703E-01   5.382213E-01   5.405762E-01
   5.432413E-01   5.461783E-01   5.497244E-01   5.499002E-01   5.232098E-01
   5.238247E-01   5.249266E-01   5.255442E-01   5.262925E-01   5.271831E-01
   5.281397E-01   5.292361E-01   5.304893E-01   5.318659E-01   5.334493E-01
   5.352044E-01   5.371952E-01   5.393898E-01   5.418729E-01   5.446351E-01
   5.476801E-01   5.510556E-01   5.547831E-01   5.590729E-01   5.593967E-01
   5.250211E-01   5.253654E-01   5.267622E-01   5.276533E-01   5.287220E-01
   5.299108E-01   5.312315E-01   5.327280E-01   5.344029E-01   5.362667E-01
   5.383505E-01   5.407055E-01   5.433114E-01   5.461569E-01   5.493365E-01
   5.528059E-01   5.566542E-01   5.608508E-01   5.654286E-01   5.706499E-01
   5.710812E-01   5.274682E-01   5.275913E-01   5.292941E-01   5.305631E-01
   5.319931E-01   5.336112E-01   5.354063E-01   5.374095E-01   5.396491E-01
   5.421223E-01   5.448453E-01   5.478371E-01   5.511501E-01   5.547697E-01
   5.587159E-01   5.630398E-01   5.677557E-01   5.729338E-01   5.785656E-01
   5.848519E-01   5.853877E-01   5.306811E-01   5.307171E-01   5.328213E-01
   5.345331E-01   5.364556E-01   5.386226E-01   5.410076E-01   5.436226E-01
   5.464867E-01   5.496648E-01   5.531326E-01   5.568857E-01   5.609764E-01
   5.654307E-01   5.703295E-01   5.756443E-01   5.813997E-01   5.876744E-01
   5.945350E-01   6.021270E-01   6.027956E-01   5.349542E-01   5.349855E-01
   5.375674E-01   5.398312E-01   5.423938E-01   5.451771E-01   5.482410E-01
   5.515848E-01   5.552153E-01   5.591522E-01   5.634351E-01   5.681039E-01
   5.731703E-01   5.786513E-01   5.845585E-01   5.909989E-01   5.980128E-01
   6.056358E-01   6.140756E-01   6.234699E-01   6.242765E-01   5.406055E-01
   5.406633E-01   5.438402E-01   5.468064E-01   5.500558E-01   5.535860E-01
   5.574018E-01   5.615349E-01   5.660467E-01   5.709311E-01   5.762223E-01
   5.819092E-01   5.880613E-01   5.947163E-01   6.019256E-01   6.097968E-01
   6.184294E-01   6.279147E-01   6.383951E-01   6.501385E-01   6.511309E-01
   5.478575E-01   5.480760E-01   5.518690E-01   5.555843E-01   5.596461E-01
   5.640095E-01   5.687749E-01   5.739213E-01   5.794644E-01   5.854078E-01
   5.918508E-01   5.987850E-01   6.062768E-01   6.144841E-01   6.234230E-01
   6.331761E-01   6.439231E-01   6.558464E-01   6.691708E-01   6.843028E-01
   6.855412E-01   5.570492E-01   5.573912E-01   5.619085E-01   5.665537E-01
   5.715779E-01   5.769816E-01   5.828041E-01   5.890680E-01   5.958277E-01
   6.031318E-01   6.110410E-01   6.196600E-01   6.290148E-01   6.392294E-01
   6.504275E-01   6.627667E-01   6.764604E-01   6.919141E-01   7.095162E-01
   7.298434E-01   7.314475E-01   5.684440E-01   5.688816E-01   5.743954E-01
   5.800974E-01   5.862278E-01   5.928512E-01   5.999839E-01   6.076859E-01
   6.160900E-01   6.251992E-01   6.351047E-01   6.459344E-01   6.578034E-01
   6.708554E-01   6.853449E-01   7.015311E-01   7.197163E-01   7.404811E-01
   7.646388E-01   7.931412E-01   7.952482E-01   5.825323E-01   5.830773E-01
   5.896807E-01   5.966808E-01   6.042032E-01   6.124047E-01   6.213185E-01
   6.309880E-01   6.415487E-01   6.531235E-01   6.658307E-01   6.798728E-01
   6.955365E-01   7.130080E-01   7.325998E-01   7.547859E-01   7.798947E-01
   8.089835E-01   8.435389E-01   8.836037E-01   8.858925E-01   5.997610E-01
   6.004322E-01   6.085113E-01   6.172262E-01   6.266749E-01   6.369761E-01
   6.482609E-01   6.606571E-01   6.743209E-01   6.895922E-01   7.066423E-01
   7.257675E-01   7.474507E-01   7.721317E-01   8.002808E-01   8.323615E-01
   8.677370E-01   9.080606E-01   9.556522E-01   9.920614E-01   9.925922E-01
   6.212064E-01   6.220050E-01   6.321193E-01   6.431002E-01   6.551734E-01
   6.684772E-01   6.832667E-01   6.998445E-01   7.184561E-01   7.395474E-01
   7.636545E-01   7.912715E-01   8.231006E-01   8.599035E-01   9.019720E-01
   9.483716E-01   9.847191E-01   1.000000E+00   1.000000E+00   1.000000E+00
   1.000000E+00   6.485114E-01   6.494567E-01   6.624084E-01   6.766679E-01
   6.926854E-01   7.106738E-01   7.309986E-01   7.543150E-01   7.811068E-01
   8.120695E-01   8.480679E-01   8.895097E-01   9.355194E-01   9.809647E-01
   1.000000E+00   1.000000E+00   1.000000E+00   1.000000E+00   1.000000E+00
   1.000000E+00   1.000000E+00   6.591517E-01   6.636625E-01   6.782421E-01
   6.945268E-01   7.128752E-01   7.336531E-01   7.575013E-01   7.850078E-01
   8.168577E-01   8.540056E-01   8.967427E-01   9.437778E-01   9.878502E-01
   1.000000E+00   1.000000E+00   1.000000E+00   1.000000E+00   1.000000E+00
   1.000000E+00   1.000000E+00   1.000000E+00   5.257931E-01   5.263604E-01
   5.263913E-01   5.262501E-01   5.261417E-01   5.260081E-01   5.258520E-01
   5.256969E-01   5.255881E-01   5.255173E-01   5.255292E-01   5.256202E-01
   5.257765E-01   5.260344E-01   5.263471E-01   5.267995E-01   5.273379E-01
   5.279832E-01   5.286049E-01   5.300569E-01   5.302335E-01   5.267138E-01
   5.275382E-01   5.277225E-01   5.274288E-01   5.272048E-01   5.270412E-01
   5.268921E-01   5.268450E-01   5.268129E-01   5.268671E-01   5.269434E-01
   5.271286E-01   5.273475E-01   5.276436E-01   5.279468E-01   5.283672E-01
   5.289058E-01   5.294800E-01   5.301501E-01   5.314664E-01   5.311618E-01
   5.266162E-01   5.273353E-01   5.276154E-01   5.273130E-01   5.272587E-01
   5.272520E-01   5.272708E-01   5.273793E-01   5.275609E-01   5.277449E-01
   5.280640E-01   5.284062E-01   5.288251E-01   5.293129E-01   5.298960E-01
   5.305583E-01   5.313392E-01   5.322284E-01   5.332343E-01   5.348823E-01
   5.347855E-01   5.262559E-01   5.268215E-01   5.272300E-01   5.270824E-01
   5.271905E-01   5.273390E-01   5.275608E-01   5.278107E-01   5.281771E-01
   5.285545E-01   5.290285E-01   5.295698E-01   5.301777E-01   5.309180E-01
   5.317258E-01   5.326845E-01   5.338006E-01   5.350500E-01   5.364422E-01
   5.384633E-01   5.383024E-01   5.260624E-01   5.267965E-01   5.274444E-01
   5.274820E-01   5.277257E-01   5.280709E-01   5.284253E-01   5.288541E-01
   5.293885E-01   5.299692E-01   5.306288E-01   5.314027E-01   5.322841E-01
   5.332863E-01   5.344323E-01   5.357485E-01   5.372559E-01   5.389315E-01
   5.408448E-01   5.433958E-01   5.432685E-01   5.263506E-01   5.272020E-01
   5.280017E-01   5.281944E-01   5.286715E-01   5.291241E-01   5.297114E-01
   5.303687E-01   5.310702E-01   5.318807E-01   5.328396E-01   5.339107E-01
   5.351153E-01   5.365193E-01   5.380792E-01   5.398850E-01   5.418803E-01
   5.441726E-01   5.466979E-01   5.498818E-01   5.498544E-01   5.272097E-01
   5.280014E-01   5.289704E-01   5.293957E-01   5.300125E-01   5.307389E-01
   5.315063E-01   5.324207E-01   5.334245E-01   5.345729E-01   5.358699E-01
   5.373386E-01   5.390162E-01   5.408669E-01   5.429612E-01   5.453706E-01
   5.480107E-01   5.509940E-01   5.542867E-01   5.582329E-01   5.583527E-01
   5.286490E-01   5.292006E-01   5.304164E-01   5.311143E-01   5.319600E-01
   5.329589E-01   5.340406E-01   5.352783E-01   5.366851E-01   5.382336E-01
   5.400131E-01   5.419872E-01   5.442181E-01   5.466820E-01   5.494643E-01
   5.525576E-01   5.559715E-01   5.597596E-01   5.639438E-01   5.687478E-01
   5.690413E-01   5.306773E-01   5.309451E-01   5.324822E-01   5.334912E-01
   5.346929E-01   5.360335E-01   5.375217E-01   5.392030E-01   5.410824E-01
   5.431716E-01   5.455133E-01   5.481512E-01   5.510707E-01   5.542658E-01
   5.578321E-01   5.617269E-01   5.660516E-01   5.707797E-01   5.759484E-01
   5.818347E-01   5.822600E-01   5.334239E-01   5.334616E-01   5.353383E-01
   5.367703E-01   5.383765E-01   5.401918E-01   5.422056E-01   5.444502E-01
   5.469586E-01   5.497313E-01   5.527866E-01   5.561467E-01   5.598611E-01
   5.639309E-01   5.683747E-01   5.732534E-01   5.785810E-01   5.844567E-01
   5.908713E-01   5.980442E-01   5.986038E-01   5.370331E-01   5.369768E-01
   5.393022E-01   5.412224E-01   5.433804E-01   5.458063E-01   5.484792E-01
   5.514096E-01   5.546235E-01   5.581887E-01   5.620818E-01   5.663029E-01
   5.709201E-01   5.759518E-01   5.814995E-01   5.875422E-01   5.941155E-01
   6.013146E-01   6.092245E-01   6.180182E-01   6.187481E-01   5.418210E-01
   5.417631E-01   5.446217E-01   5.471608E-01   5.500283E-01   5.531481E-01
   5.565813E-01   5.603355E-01   5.644158E-01   5.688535E-01   5.736866E-01
   5.789636E-01   5.847190E-01   5.909678E-01   5.977351E-01   6.051443E-01
   6.132586E-01   6.221372E-01   6.320290E-01   6.431138E-01   6.440296E-01
   5.481352E-01   5.481223E-01   5.516416E-01   5.549695E-01   5.586107E-01
   5.625742E-01   5.668697E-01   5.715324E-01   5.766287E-01   5.821631E-01
   5.881857E-01   5.946859E-01   6.017490E-01   6.094334E-01   6.178067E-01
   6.270013E-01   6.371685E-01   6.484320E-01   6.609948E-01   6.752052E-01
   6.763801E-01   5.562483E-01   5.564131E-01   5.606417E-01   5.648192E-01
   5.693927E-01   5.743183E-01   5.797033E-01   5.855517E-01   5.918728E-01
   5.986862E-01   6.061047E-01   6.141387E-01   6.228711E-01   6.325059E-01
   6.430810E-01   6.547240E-01   6.676777E-01   6.822098E-01   6.986542E-01
   7.175737E-01   7.191079E-01   5.665560E-01   5.668655E-01   5.719407E-01
   5.771823E-01   5.828772E-01   5.890284E-01   5.956854E-01   6.028840E-01
   6.106957E-01   6.191844E-01   6.284397E-01   6.386046E-01   6.497323E-01
   6.619946E-01   6.755787E-01   6.907223E-01   7.077447E-01   7.272335E-01
   7.497870E-01   7.762604E-01   7.783504E-01   5.793998E-01   5.798332E-01
   5.860750E-01   5.925785E-01   5.996048E-01   6.072354E-01   6.155025E-01
   6.244840E-01   6.343646E-01   6.451629E-01   6.570100E-01   6.700936E-01
   6.845958E-01   7.007404E-01   7.189059E-01   7.395055E-01   7.630232E-01
   7.903244E-01   8.225783E-01   8.609801E-01   8.638108E-01   5.954345E-01
   5.959995E-01   6.035736E-01   6.116597E-01   6.204111E-01   6.300113E-01
   6.405347E-01   6.520541E-01   6.647599E-01   6.788372E-01   6.944812E-01
   7.119972E-01   7.318248E-01   7.542916E-01   7.798988E-01   8.093607E-01
   8.431190E-01   8.823018E-01   9.275451E-01   9.739948E-01   9.762794E-01
   6.152968E-01   6.160247E-01   6.254327E-01   6.356803E-01   6.468915E-01
   6.592282E-01   6.728868E-01   6.880696E-01   7.050228E-01   7.242457E-01
   7.460465E-01   7.709077E-01   7.995622E-01   8.326449E-01   8.706101E-01
   9.132020E-01   9.568442E-01   9.947499E-01   1.000000E+00   1.000000E+00
   1.000000E+00   6.404419E-01   6.413485E-01   6.533884E-01   6.666119E-01
   6.813178E-01   6.977307E-01   7.162328E-01   7.372963E-01   7.613397E-01
   7.890520E-01   8.212298E-01   8.584602E-01   9.010702E-01   9.477001E-01
   9.904864E-01   1.000000E+00   1.000000E+00   1.000000E+00   1.000000E+00
   1.000000E+00   1.000000E+00   6.731742E-01   6.742992E-01   6.901653E-01
   7.078878E-01   7.280999E-01   7.511752E-01   7.776999E-01   8.086481E-01
   8.446806E-01   8.863629E-01   9.331940E-01   9.797588E-01   1.000000E+00
   1.000000E+00   1.000000E+00   1.000000E+00   1.000000E+00   1.000000E+00
   1.000000E+00   1.000000E+00   1.000000E+00   6.861515E-01   6.916817E-01
   7.098056E-01   7.303908E-01   7.539745E-01   7.811493E-01   8.128684E-01
   8.499075E-01   8.927132E-01   9.405112E-01   9.862417E-01   1.000000E+00
   1.000000E+00   1.000000E+00   1.000000E+00   1.000000E+00   1.000000E+00
   1.000000E+00   1.000000E+00   1.000000E+00   1.000000E+00   5.322444E-01
   5.328075E-01   5.328519E-01   5.327049E-01   5.325853E-01   5.324319E-01
   5.322476E-01   5.320587E-01   5.319159E-01   5.318176E-01   5.318081E-01
   5.318955E-01   5.320738E-01   5.323631E-01   5.327300E-01   5.332599E-01
   5.338997E-01   5.346634E-01   5.354213E-01   5.370757E-01   5.371553E-01
   5.331946E-01   5.339418E-01   5.341297E-01   5.337918E-01   5.335018E-01
   5.332968E-01   5.330988E-01   5.330210E-01   5.329668E-01   5.330172E-01
   5.331047E-01   5.333116E-01   5.335860E-01   5.339409E-01   5.343292E-01
   5.348424E-01   5.355031E-01   5.362130E-01   5.370446E-01   5.385600E-01
   5.381173E-01   5.330921E-01   5.336674E-01   5.339631E-01   5.336050E-01
   5.335015E-01   5.334814E-01   5.334844E-01   5.335909E-01   5.337932E-01
   5.340191E-01   5.343904E-01   5.348094E-01   5.353113E-01   5.359043E-01
   5.366123E-01   5.374231E-01   5.383639E-01   5.394500E-01   5.406690E-01
   5.425848E-01   5.423526E-01   5.326668E-01   5.330180E-01   5.334631E-01
   5.332836E-01   5.333860E-01   5.335571E-01   5.338005E-01   5.341050E-01
   5.345290E-01   5.349930E-01   5.355648E-01   5.362267E-01   5.369694E-01
   5.378629E-01   5.388543E-01   5.400126E-01   5.413617E-01   5.428666E-01
   5.445506E-01   5.469007E-01   5.466038E-01   5.323910E-01   5.329323E-01
   5.336550E-01   5.337067E-01   5.339927E-01   5.344028E-01   5.348225E-01
   5.353451E-01   5.359905E-01   5.366952E-01   5.375004E-01   5.384430E-01
   5.395138E-01   5.407255E-01   5.421199E-01   5.437082E-01   5.455145E-01
   5.475241E-01   5.498183E-01   5.527882E-01   5.525359E-01   5.326851E-01
   5.333884E-01   5.343110E-01   5.345609E-01   5.351234E-01   5.356750E-01
   5.363785E-01   5.371757E-01   5.380291E-01   5.390222E-01   5.401777E-01
   5.414800E-01   5.429416E-01   5.446263E-01   5.465027E-01   5.486635E-01
   5.510481E-01   5.537763E-01   5.567856E-01   5.604931E-01   5.603616E-01
   5.336685E-01   5.343510E-01   5.354707E-01   5.359983E-01   5.367498E-01
   5.376226E-01   5.385599E-01   5.396642E-01   5.408846E-01   5.422756E-01
   5.438411E-01   5.456063E-01   5.476171E-01   5.498436E-01   5.523413E-01
   5.552049E-01   5.583474E-01   5.618836E-01   5.657948E-01   5.704101E-01
   5.704589E-01   5.353648E-01   5.358271E-01   5.372359E-01   5.380855E-01
   5.391127E-01   5.403113E-01   5.416282E-01   5.431231E-01   5.448116E-01
   5.466730E-01   5.488057E-01   5.511724E-01   5.538283E-01   5.567700E-01
   5.600743E-01   5.637436E-01   5.677979E-01   5.722977E-01   5.772664E-01
   5.829390E-01   5.832003E-01   5.377936E-01   5.379585E-01   5.397298E-01
   5.409611E-01   5.424070E-01   5.440253E-01   5.458177E-01   5.478334E-01
   5.500815E-01   5.525729E-01   5.553693E-01   5.585041E-01   5.619710E-01
   5.657750E-01   5.700100E-01   5.746412E-01   5.797847E-01   5.854287E-01
   5.916188E-01   5.986371E-01   5.990735E-01   5.410928E-01   5.410160E-01
   5.431869E-01   5.449175E-01   5.468407E-01   5.490120E-01   5.514152E-01
   5.540891E-01   5.570706E-01   5.603665E-01   5.640011E-01   5.680001E-01
   5.724085E-01   5.772557E-01   5.825587E-01   5.883949E-01   5.947779E-01
   6.018666E-01   6.096514E-01   6.183712E-01   6.189977E-01   5.454258E-01
   5.452432E-01   5.479389E-01   5.502342E-01   5.528108E-01   5.556923E-01
   5.588696E-01   5.623507E-01   5.661737E-01   5.704077E-01   5.750345E-01
   5.800656E-01   5.855937E-01   5.916261E-01   5.982956E-01   6.056086E-01
   6.136202E-01   6.224563E-01   6.322420E-01   6.431988E-01   6.440670E-01
   5.511401E-01   5.509567E-01   5.542764E-01   5.573026E-01   5.606994E-01
   5.644047E-01   5.684773E-01   5.729413E-01   5.777973E-01   5.831012E-01
   5.888865E-01   5.952132E-01   6.021695E-01   6.097644E-01   6.180528E-01
   6.271882E-01   6.372833E-01   6.484514E-01   6.610226E-01   6.752676E-01
   6.764198E-01   5.586169E-01   5.585127E-01   5.625996E-01   5.665545E-01
   5.708719E-01   5.755825E-01   5.807077E-01   5.862877E-01   5.923931E-01
   5.990561E-01   6.063562E-01   6.142888E-01   6.229704E-01   6.325001E-01
   6.429842E-01   6.546062E-01   6.676319E-01   6.822621E-01   6.988391E-01
   7.178918E-01   7.194619E-01   5.682251E-01   5.683184E-01   5.732762E-01
   5.782511E-01   5.837069E-01   5.896050E-01   5.960591E-01   6.031310E-01
   6.108170E-01   6.191706E-01   6.283296E-01   6.383498E-01   6.493500E-01
   6.616247E-01   6.752749E-01   6.905314E-01   7.077827E-01   7.274983E-01
   7.502725E-01   7.770229E-01   7.792087E-01   5.804511E-01   5.807219E-01
   5.867452E-01   5.930150E-01   5.998721E-01   6.073314E-01   6.154570E-01
   6.243177E-01   6.340196E-01   6.446602E-01   6.563922E-01   6.694453E-01
   6.839396E-01   7.001588E-01   7.184436E-01   7.392238E-01   7.630712E-01
   7.909822E-01   8.239710E-01   8.632301E-01   8.663380E-01   5.957905E-01
   5.962355E-01   6.037297E-01   6.116394E-01   6.202505E-01   6.296786E-01
   6.399958E-01   6.513163E-01   6.639384E-01   6.779232E-01   6.934965E-01
   7.109876E-01   7.307419E-01   7.531794E-01   7.789670E-01   8.088448E-01
   8.435750E-01   8.841461E-01   9.307126E-01   9.786538E-01   9.815642E-01
   6.152269E-01   6.158474E-01   6.251343E-01   6.351701E-01   6.461574E-01
   6.583335E-01   6.718709E-01   6.869143E-01   7.037829E-01   7.228133E-01
   7.443897E-01   7.690624E-01   7.976098E-01   8.306062E-01   8.686648E-01
   9.119771E-01   9.579789E-01   9.967726E-01   1.000000E+00   1.000000E+00
   1.000000E+00   6.398018E-01   6.406558E-01   6.524822E-01   6.655777E-01
   6.801206E-01   6.963746E-01   7.146924E-01   7.354587E-01   7.591397E-01
   7.865942E-01   8.184054E-01   8.552675E-01   8.977251E-01   9.444196E-01
   9.880105E-01   1.000000E+00   1.000000E+00   1.000000E+00   1.000000E+00
   1.000000E+00   1.000000E+00   6.717888E-01   6.729281E-01   6.886301E-01
   7.062150E-01   7.261482E-01   7.488657E-01   7.750488E-01   8.055365E-01
   8.410154E-01   8.822207E-01   9.288145E-01   9.759815E-01   1.000000E+00
   1.000000E+00   1.000000E+00   1.000000E+00   1.000000E+00   1.000000E+00
   1.000000E+00   1.000000E+00   1.000000E+00   7.149908E-01   7.165169E-01
   7.382241E-01   7.630501E-01   7.920272E-01   8.258342E-01   8.652515E-01
   9.108397E-01   9.598537E-01   9.988390E-01   1.000000E+00   1.000000E+00
   1.000000E+00   1.000000E+00   1.000000E+00   1.000000E+00   1.000000E+00
   1.000000E+00   1.000000E+00   1.000000E+00   1.000000E+00   7.326886E-01
   7.403220E-01   7.657174E-01   7.953032E-01   8.299319E-01   8.703480E-01
   9.168778E-01   9.661833E-01   1.000000E+00   1.000000E+00   1.000000E+00
   1.000000E+00   1.000000E+00   1.000000E+00   1.000000E+00   1.000000E+00
   1.000000E+00   1.000000E+00   1.000000E+00   1.000000E+00   1.000000E+00
   5.394732E-01   5.400598E-01   5.401260E-01   5.399828E-01   5.398434E-01
   5.396628E-01   5.394293E-01   5.391877E-01   5.389806E-01   5.388298E-01
   5.387801E-01   5.388651E-01   5.390706E-01   5.394152E-01   5.398819E-01
   5.405397E-01   5.413623E-01   5.423404E-01   5.433605E-01   5.453321E-01
   5.453340E-01   5.405054E-01   5.411730E-01   5.413547E-01   5.409450E-01
   5.405499E-01   5.402519E-01   5.399707E-01   5.398230E-01   5.397263E-01
   5.397700E-01   5.398739E-01   5.401239E-01   5.404901E-01   5.409582E-01
   5.415014E-01   5.421889E-01   5.430751E-01   5.440404E-01   5.451707E-01
   5.470264E-01   5.464372E-01   5.404058E-01   5.407746E-01   5.410844E-01
   5.406299E-01   5.404332E-01   5.403729E-01   5.403430E-01   5.404404E-01
   5.406743E-01   5.409716E-01   5.414344E-01   5.419879E-01   5.426495E-01
   5.434332E-01   5.443686E-01   5.454568E-01   5.466923E-01   5.481314E-01
   5.497439E-01   5.521049E-01   5.517268E-01   5.398666E-01   5.398825E-01
   5.403692E-01   5.401359E-01   5.402165E-01   5.404196E-01   5.407008E-01
   5.411021E-01   5.416305E-01   5.422495E-01   5.430000E-01   5.438804E-01
   5.448690E-01   5.460433E-01   5.473667E-01   5.488953E-01   5.506636E-01
   5.526357E-01   5.548377E-01   5.577425E-01   5.573025E-01   5.394435E-01
   5.396679E-01   5.404937E-01   5.405781E-01   5.409329E-01   5.414510E-01
   5.420033E-01   5.426908E-01   5.435347E-01   5.444718E-01   5.455447E-01
   5.467952E-01   5.482139E-01   5.498031E-01   5.516521E-01   5.537256E-01
   5.560706E-01   5.586730E-01   5.616303E-01   5.653028E-01   5.649269E-01
   5.397396E-01   5.402061E-01   5.413226E-01   5.416848E-01   5.423951E-01
   5.431277E-01   5.440436E-01   5.450935E-01   5.462279E-01   5.475509E-01
   5.490685E-01   5.507925E-01   5.527159E-01   5.549085E-01   5.573507E-01
   5.601346E-01   5.632025E-01   5.666859E-01   5.705362E-01   5.751254E-01
   5.749009E-01   5.409324E-01   5.414592E-01   5.428258E-01   5.435535E-01
   5.445461E-01   5.456825E-01   5.469317E-01   5.483847E-01   5.499991E-01
   5.518308E-01   5.538740E-01   5.561773E-01   5.587769E-01   5.616642E-01
   5.648675E-01   5.685191E-01   5.725342E-01   5.770245E-01   5.820019E-01
   5.877496E-01   5.877551E-01   5.430876E-01   5.434440E-01   5.451739E-01
   5.463071E-01   5.476638E-01   5.492270E-01   5.509731E-01   5.529265E-01
   5.551243E-01   5.575455E-01   5.602992E-01   5.633535E-01   5.667503E-01
   5.705253E-01   5.747304E-01   5.793965E-01   5.845592E-01   5.902870E-01
   5.966140E-01   6.037807E-01   6.040580E-01   5.462380E-01   5.462976E-01
   5.484558E-01   5.500897E-01   5.519798E-01   5.540913E-01   5.564245E-01
   5.590316E-01   5.619337E-01   5.651353E-01   5.687162E-01   5.727148E-01
   5.771292E-01   5.819834E-01   5.873729E-01   5.932852E-01   5.998494E-01
   6.070961E-01   6.150904E-01   6.241062E-01   6.246361E-01   5.505282E-01
   5.503345E-01   5.529981E-01   5.552631E-01   5.577449E-01   5.605482E-01
   5.636341E-01   5.670599E-01   5.708655E-01   5.750657E-01   5.796982E-01
   5.847980E-01   5.904128E-01   5.966067E-01   6.034099E-01   6.109268E-01
   6.191805E-01   6.284437E-01   6.387216E-01   6.502811E-01   6.511090E-01
   5.561507E-01   5.558375E-01   5.591471E-01   5.621066E-01   5.654116E-01
   5.690858E-01   5.731341E-01   5.775691E-01   5.824451E-01   5.878335E-01
   5.937327E-01   6.001815E-01   6.073027E-01   6.151075E-01   6.237689E-01
   6.333773E-01   6.440237E-01   6.559053E-01   6.692471E-01   6.843827E-01
   6.855994E-01   5.634920E-01   5.631783E-01   5.672615E-01   5.711355E-01
   5.754457E-01   5.801612E-01   5.853408E-01   5.910324E-01   5.972377E-01
   6.040537E-01   6.115183E-01   6.197056E-01   6.288178E-01   6.388614E-01
   6.499595E-01   6.623393E-01   6.762285E-01   6.918786E-01   7.098206E-01
   7.305685E-01   7.322929E-01   5.729853E-01   5.728043E-01   5.778401E-01
   5.828712E-01   5.883595E-01   5.943654E-01   6.009373E-01   6.081299E-01
   6.160186E-01   6.246987E-01   6.343059E-01   6.448667E-01   6.565690E-01
   6.695993E-01   6.841718E-01   7.006038E-01   7.194326E-01   7.410822E-01
   7.662592E-01   7.959505E-01   7.984712E-01   5.851765E-01   5.852193E-01
   5.914093E-01   5.977691E-01   6.047646E-01   6.123782E-01   6.207310E-01
   6.300004E-01   6.401775E-01   6.513822E-01   6.638198E-01   6.776558E-01
   6.931095E-01   7.106782E-01   7.306619E-01   7.535573E-01   7.801342E-01
   8.113395E-01   8.482436E-01   8.919296E-01   8.955110E-01   6.007240E-01
   6.009988E-01   6.086619E-01   6.167541E-01   6.256826E-01   6.355145E-01
   6.463367E-01   6.583042E-01   6.716054E-01   6.864318E-01   7.030875E-01
   7.220271E-01   7.435621E-01   7.682751E-01   7.968914E-01   8.302460E-01
   8.691949E-01   9.144407E-01   9.634741E-01   1.000000E+00   1.000000E+00
   6.204658E-01   6.209980E-01   6.307290E-01   6.412062E-01   6.527561E-01
   6.655764E-01   6.798440E-01   6.957721E-01   7.139237E-01   7.345024E-01
   7.579941E-01   7.850893E-01   8.165097E-01   8.529756E-01   8.951268E-01
   9.420018E-01   9.867726E-01   1.000000E+00   1.000000E+00   1.000000E+00
   1.000000E+00   6.460830E-01   6.468787E-01   6.593549E-01   6.731119E-01
   6.884580E-01   7.057761E-01   7.254856E-01   7.479381E-01   7.737912E-01
   8.037578E-01   8.385824E-01   8.789594E-01   9.248463E-01   9.720568E-01
   1.000000E+00   1.000000E+00   1.000000E+00   1.000000E+00   1.000000E+00
   1.000000E+00   1.000000E+00   6.796066E-01   6.807820E-01   6.973697E-01
   7.162291E-01   7.376934E-01   7.623114E-01   7.908308E-01   8.240397E-01
   8.626765E-01   9.073870E-01   9.558185E-01   9.966451E-01   1.000000E+00
   1.000000E+00   1.000000E+00   1.000000E+00   1.000000E+00   1.000000E+00
   1.000000E+00   1.000000E+00   1.000000E+00   7.253602E-01   7.270592E-01
   7.504755E-01   7.775076E-01   8.090199E-01   8.458226E-01   8.886839E-01
   9.369957E-01   9.841190E-01   1.000000E+00   1.000000E+00   1.000000E+00
   1.000000E+00   1.000000E+00   1.000000E+00   1.000000E+00   1.000000E+00
   1.000000E+00   1.000000E+00   1.000000E+00   1.000000E+00   7.910967E-01
   7.935930E-01   8.283348E-01   8.689124E-01   9.159142E-01   9.658458E-01
   1.000000E+00   1.000000E+00   1.000000E+00   1.000000E+00   1.000000E+00
   1.000000E+00   1.000000E+00   1.000000E+00   1.000000E+00   1.000000E+00
   1.000000E+00   1.000000E+00   1.000000E+00   1.000000E+00   1.000000E+00
   8.194170E-01   8.318133E-01   8.732810E-01   9.210831E-01   9.711256E-01
   1.000000E+00   1.000000E+00   1.000000E+00   1.000000E+00   1.000000E+00
   1.000000E+00   1.000000E+00   1.000000E+00   1.000000E+00   1.000000E+00
   1.000000E+00   1.000000E+00   1.000000E+00   1.000000E+00   1.000000E+00
   1.000000E+00   5.458423E-01   5.465064E-01   5.466052E-01   5.464830E-01
   5.463158E-01   5.461011E-01   5.458128E-01   5.454999E-01   5.452153E-01
   5.449935E-01   5.448946E-01   5.449841E-01   5.452248E-01   5.456506E-01
   5.462705E-01   5.471110E-01   5.482001E-01   5.494916E-01   5.509111E-01
   5.532960E-01   5.533166E-01   5.470331E-01   5.476965E-01   5.478751E-01
   5.473646E-01   5.468449E-01   5.464048E-01   5.460087E-01   5.457553E-01
   5.455949E-01   5.456288E-01   5.457521E-01   5.460753E-01   5.465724E-01
   5.472150E-01   5.479842E-01   5.489463E-01   5.501599E-01   5.515084E-01
   5.530854E-01   5.554162E-01   5.547345E-01   5.469571E-01   5.471503E-01
   5.474643E-01   5.468831E-01   5.465606E-01   5.464227E-01   5.463409E-01
   5.464276E-01   5.467066E-01   5.470968E-01   5.476968E-01   5.484410E-01
   5.493430E-01   5.504174E-01   5.516876E-01   5.531850E-01   5.548653E-01
   5.568137E-01   5.590047E-01   5.619806E-01   5.615099E-01   5.462719E-01
   5.459228E-01   5.464479E-01   5.461411E-01   5.461863E-01   5.464206E-01
   5.467649E-01   5.472966E-01   5.479894E-01   5.488349E-01   5.498484E-01
   5.510431E-01   5.524024E-01   5.539938E-01   5.558020E-01   5.578771E-01
   5.602481E-01   5.629088E-01   5.658518E-01   5.695287E-01   5.690000E-01
   5.456616E-01   5.455153E-01   5.464670E-01   5.466005E-01   5.470501E-01
   5.477213E-01   5.484730E-01   5.493999E-01   5.505340E-01   5.518220E-01
   5.532901E-01   5.549974E-01   5.569208E-01   5.590714E-01   5.615733E-01
   5.643543E-01   5.674794E-01   5.709331E-01   5.748304E-01   5.794711E-01
   5.790269E-01   5.459688E-01   5.461654E-01   5.475217E-01   5.480686E-01
   5.489863E-01   5.499901E-01   5.512254E-01   5.526442E-01   5.542006E-01
   5.560033E-01   5.580587E-01   5.603959E-01   5.629934E-01   5.659233E-01
   5.691728E-01   5.728480E-01   5.768902E-01   5.814384E-01   5.864773E-01
   5.923019E-01   5.920456E-01   5.474642E-01   5.478475E-01   5.495401E-01
   5.505773E-01   5.519148E-01   5.534481E-01   5.551578E-01   5.571238E-01
   5.593094E-01   5.617867E-01   5.645221E-01   5.676085E-01   5.710492E-01
   5.748683E-01   5.790852E-01   5.838509E-01   5.890994E-01   5.949473E-01
   6.014372E-01   6.087988E-01   6.088294E-01   5.502972E-01   5.505797E-01
   5.527416E-01   5.543054E-01   5.561497E-01   5.582497E-01   5.606144E-01
   5.632378E-01   5.661747E-01   5.694067E-01   5.730448E-01   5.770699E-01
   5.815227E-01   5.864725E-01   5.919603E-01   5.980478E-01   6.047945E-01
   6.122890E-01   6.205974E-01   6.299494E-01   6.303341E-01   5.544969E-01
   5.545073E-01   5.571992E-01   5.594151E-01   5.619613E-01   5.647801E-01
   5.678925E-01   5.713446E-01   5.751770E-01   5.793973E-01   5.840889E-01
   5.893103E-01   5.950707E-01   6.014222E-01   6.084680E-01   6.162395E-01
   6.248857E-01   6.345157E-01   6.452362E-01   6.573173E-01   6.580665E-01
   5.602244E-01   5.599724E-01   5.633173E-01   5.663499E-01   5.696395E-01
   5.733408E-01   5.774019E-01   5.818956E-01   5.868703E-01   5.923541E-01
   5.984044E-01   6.050782E-01   6.124421E-01   6.205931E-01   6.296101E-01
   6.396414E-01   6.507490E-01   6.633905E-01   6.776298E-01   6.938083E-01
   6.950350E-01   5.677045E-01   5.673204E-01   5.714780E-01   5.753826E-01
   5.797180E-01   5.845153E-01   5.897952E-01   5.955873E-01   6.019673E-01
   6.090150E-01   6.167625E-01   6.252975E-01   6.347821E-01   6.452694E-01
   6.569905E-01   6.702060E-01   6.850859E-01   7.019875E-01   7.213607E-01
   7.437913E-01   7.456836E-01   5.773500E-01   5.769765E-01   5.821121E-01
   5.871850E-01   5.927930E-01   5.989451E-01   6.057139E-01   6.131740E-01
   6.213555E-01   6.304012E-01   6.403883E-01   6.514168E-01   6.638800E-01
   6.778148E-01   6.934812E-01   7.112838E-01   7.316981E-01   7.552846E-01
   7.830306E-01   8.159417E-01   8.187845E-01   5.897129E-01   5.895193E-01
   5.958922E-01   6.024493E-01   6.096269E-01   6.175163E-01   6.262093E-01
   6.358059E-01   6.464010E-01   6.581908E-01   6.714271E-01   6.862205E-01
   7.029107E-01   7.218752E-01   7.435835E-01   7.686710E-01   7.982188E-01
   8.330696E-01   8.742737E-01   9.221304E-01   9.261138E-01   6.055918E-01
   6.056559E-01   6.136134E-01   6.219959E-01   6.312639E-01   6.414596E-01
   6.527203E-01   6.654137E-01   6.795648E-01   6.954215E-01   7.133589E-01
   7.337722E-01   7.571324E-01   7.843647E-01   8.161838E-01   8.534453E-01
   8.969187E-01   9.456343E-01   9.911856E-01   1.000000E+00   1.000000E+00
   6.259785E-01   6.263554E-01   6.364490E-01   6.473160E-01   6.594388E-01
   6.730143E-01   6.881928E-01   7.053077E-01   7.247390E-01   7.469096E-01
   7.724553E-01   8.023012E-01   8.370800E-01   8.775634E-01   9.236589E-01
   9.715766E-01   1.000000E+00   1.000000E+00   1.000000E+00   1.000000E+00
   1.000000E+00   6.523805E-01   6.531303E-01   6.663529E-01   6.809325E-01
   6.972950E-01   7.158259E-01   7.369370E-01   7.610906E-01   7.893845E-01
   8.223159E-01   8.606689E-01   9.048922E-01   9.531013E-01   9.950403E-01
   1.000000E+00   1.000000E+00   1.000000E+00   1.000000E+00   1.000000E+00
   1.000000E+00   1.000000E+00   6.878262E-01   6.889920E-01   7.067622E-01
   7.268836E-01   7.499022E-01   7.765538E-01   8.077472E-01   8.441526E-01
   8.865336E-01   9.342387E-01   9.814542E-01   1.000000E+00   1.000000E+00
   1.000000E+00   1.000000E+00   1.000000E+00   1.000000E+00   1.000000E+00
   1.000000E+00   1.000000E+00   1.000000E+00   7.365533E-01   7.383717E-01
   7.634917E-01   7.929643E-01   8.274249E-01   8.676994E-01   9.140404E-01
   9.634948E-01   9.999907E-01   1.000000E+00   1.000000E+00   1.000000E+00
   1.000000E+00   1.000000E+00   1.000000E+00   1.000000E+00   1.000000E+00
   1.000000E+00   1.000000E+00   1.000000E+00   1.000000E+00   8.074915E-01
   8.102983E-01   8.482645E-01   8.925560E-01   9.421490E-01   9.889471E-01
   1.000000E+00   1.000000E+00   1.000000E+00   1.000000E+00   1.000000E+00
   1.000000E+00   1.000000E+00   1.000000E+00   1.000000E+00   1.000000E+00
   1.000000E+00   1.000000E+00   1.000000E+00   1.000000E+00   1.000000E+00
   9.142698E-01   9.183273E-01   9.690403E-01   1.000000E+00   1.000000E+00
   1.000000E+00   1.000000E+00   1.000000E+00   1.000000E+00   1.000000E+00
   1.000000E+00   1.000000E+00   1.000000E+00   1.000000E+00   1.000000E+00
   1.000000E+00   1.000000E+00   1.000000E+00   1.000000E+00   1.000000E+00
   1.000000E+00   9.570878E-01   9.734545E-01   1.000000E+00   1.000000E+00
   1.000000E+00   1.000000E+00   1.000000E+00   1.000000E+00   1.000000E+00
   1.000000E+00   1.000000E+00   1.000000E+00   1.000000E+00   1.000000E+00
   1.000000E+00   1.000000E+00   1.000000E+00   1.000000E+00   1.000000E+00
   1.000000E+00   1.000000E+00   5.570159E-01   5.578402E-01   5.580532E-01
   5.580307E-01   5.578258E-01   5.575405E-01   5.570970E-01   5.565956E-01
   5.560985E-01   5.556930E-01   5.554702E-01   5.555936E-01   5.559869E-01
   5.567135E-01   5.578647E-01   5.593844E-01   5.613964E-01   5.637749E-01
   5.665615E-01   5.703249E-01   5.707155E-01   5.585822E-01   5.591805E-01
   5.594394E-01   5.586138E-01   5.577583E-01   5.568736E-01   5.560906E-01
   5.554784E-01   5.550694E-01   5.550275E-01   5.552527E-01   5.558173E-01
   5.567793E-01   5.580616E-01   5.596806E-01   5.616759E-01   5.640746E-01
   5.668346E-01   5.700350E-01   5.740466E-01   5.734945E-01   5.587072E-01
   5.583494E-01   5.586096E-01   5.576611E-01   5.569543E-01   5.564551E-01
   5.561864E-01   5.562043E-01   5.565906E-01   5.572742E-01   5.583692E-01
   5.597834E-01   5.615459E-01   5.636945E-01   5.662335E-01   5.691784E-01
   5.725252E-01   5.763059E-01   5.805827E-01   5.857511E-01   5.854810E-01
   5.576785E-01   5.561164E-01   5.566432E-01   5.560924E-01   5.559914E-01
   5.562640E-01   5.568228E-01   5.577558E-01   5.590352E-01   5.606670E-01
   5.626349E-01   5.649829E-01   5.677031E-01   5.708287E-01   5.744164E-01
   5.784389E-01   5.829572E-01   5.880583E-01   5.936403E-01   6.000639E-01
   5.998652E-01   5.565829E-01   5.550327E-01   5.562133E-01   5.565015E-01
   5.572699E-01   5.584305E-01   5.598849E-01   5.616978E-01   5.639005E-01
   5.664548E-01   5.693606E-01   5.727170E-01   5.764811E-01   5.806981E-01
   5.854881E-01   5.908009E-01   5.966580E-01   6.031149E-01   6.102965E-01
   6.184045E-01   6.184231E-01   5.569593E-01   5.559769E-01   5.579198E-01
   5.591457E-01   5.608337E-01   5.628064E-01   5.652100E-01   5.679847E-01
   5.711081E-01   5.746686E-01   5.786822E-01   5.831593E-01   5.881955E-01
   5.937437E-01   5.998270E-01   6.066131E-01   6.140809E-01   6.223842E-01
   6.316187E-01   6.420148E-01   6.423691E-01   5.595190E-01   5.591677E-01
   5.618172E-01   5.640093E-01   5.665902E-01   5.695888E-01   5.729599E-01
   5.767786E-01   5.810120E-01   5.858009E-01   5.910409E-01   5.968698E-01
   6.032708E-01   6.103361E-01   6.181439E-01   6.268368E-01   6.364829E-01
   6.472638E-01   6.593455E-01   6.730200E-01   6.738422E-01   5.646739E-01
   5.645856E-01   5.680993E-01   5.712775E-01   5.749001E-01   5.789472E-01
   5.834822E-01   5.885172E-01   5.940785E-01   6.001835E-01   6.069239E-01
   6.143396E-01   6.225402E-01   6.316323E-01   6.417505E-01   6.530474E-01
   6.657201E-01   6.800267E-01   6.962567E-01   7.148606E-01   7.163441E-01
   5.725108E-01   5.724480E-01   5.768909E-01   5.811685E-01   5.860682E-01
   5.913942E-01   5.972598E-01   6.036896E-01   6.107770E-01   6.185919E-01
   6.272268E-01   6.368064E-01   6.474555E-01   6.593432E-01   6.726904E-01
   6.877328E-01   7.048440E-01   7.245323E-01   7.472635E-01   7.738068E-01
   7.761030E-01   5.831721E-01   5.830248E-01   5.886472E-01   5.943454E-01
   6.005170E-01   6.073511E-01   6.148455E-01   6.231042E-01   6.322345E-01
   6.423536E-01   6.536112E-01   6.661898E-01   6.803150E-01   6.962636E-01
   7.144258E-01   7.352929E-01   7.592837E-01   7.878595E-01   8.216156E-01
   8.616371E-01   8.651543E-01   5.970598E-01   5.969062E-01   6.038961E-01
   6.111060E-01   6.190566E-01   6.278267E-01   6.375191E-01   6.482557E-01
   6.602149E-01   6.735958E-01   6.886161E-01   7.056180E-01   7.250645E-01
   7.473598E-01   7.732292E-01   8.038339E-01   8.399268E-01   8.824674E-01
   9.312666E-01   9.808071E-01   9.842743E-01   6.146422E-01   6.146559E-01
   6.234035E-01   6.327146E-01   6.430167E-01   6.544580E-01   6.672194E-01
   6.815244E-01   6.976236E-01   7.159044E-01   7.367876E-01   7.606853E-01
   7.889585E-01   8.220595E-01   8.609034E-01   9.060960E-01   9.557740E-01
   9.975940E-01   1.000000E+00   1.000000E+00   1.000000E+00   6.371883E-01
   6.375045E-01   6.487177E-01   6.609400E-01   6.745904E-01   6.899147E-01
   7.072471E-01   7.270238E-01   7.496319E-01   7.758249E-01   8.066317E-01
   8.426753E-01   8.847894E-01   9.325265E-01   9.804403E-01   1.000000E+00
   1.000000E+00   1.000000E+00   1.000000E+00   1.000000E+00   1.000000E+00
   6.667190E-01   6.674522E-01   6.822558E-01   6.987497E-01   7.174897E-01
   7.388930E-01   7.634059E-01   7.923605E-01   8.261865E-01   8.657020E-01
   9.112774E-01   9.603922E-01   9.991418E-01   1.000000E+00   1.000000E+00
   1.000000E+00   1.000000E+00   1.000000E+00   1.000000E+00   1.000000E+00
   1.000000E+00   7.064523E-01   7.078240E-01   7.282320E-01   7.514772E-01
   7.784940E-01   8.102704E-01   8.474449E-01   8.907836E-01   9.394156E-01
   9.862469E-01   1.000000E+00   1.000000E+00   1.000000E+00   1.000000E+00
   1.000000E+00   1.000000E+00   1.000000E+00   1.000000E+00   1.000000E+00
   1.000000E+00   1.000000E+00   7.623253E-01   7.645427E-01   7.944445E-01
   8.294206E-01   8.703427E-01   9.174040E-01   9.671929E-01   1.000000E+00
   1.000000E+00   1.000000E+00   1.000000E+00   1.000000E+00   1.000000E+00
   1.000000E+00   1.000000E+00   1.000000E+00   1.000000E+00   1.000000E+00
   1.000000E+00   1.000000E+00   1.000000E+00   8.463044E-01   8.496130E-01
   8.944230E-01   9.444902E-01   9.909147E-01   1.000000E+00   1.000000E+00
   1.000000E+00   1.000000E+00   1.000000E+00   1.000000E+00   1.000000E+00
   1.000000E+00   1.000000E+00   1.000000E+00   1.000000E+00   1.000000E+00
   1.000000E+00   1.000000E+00   1.000000E+00   1.000000E+00   9.663268E-01
   9.702530E-01   1.000000E+00   1.000000E+00   1.000000E+00   1.000000E+00
   1.000000E+00   1.000000E+00   1.000000E+00   1.000000E+00   1.000000E+00
   1.000000E+00   1.000000E+00   1.000000E+00   1.000000E+00   1.000000E+00
   1.000000E+00   1.000000E+00   1.000000E+00   1.000000E+00   1.000000E+00
   1.000000E+00   1.000000E+00   1.000000E+00   1.000000E+00   1.000000E+00
   1.000000E+00   1.000000E+00   1.000000E+00   1.000000E+00   1.000000E+00
   1.000000E+00   1.000000E+00   1.000000E+00   1.000000E+00   1.000000E+00
   1.000000E+00   1.000000E+00   1.000000E+00   1.000000E+00   1.000000E+00
   1.000000E+00   1.000000E+00   1.000000E+00   1.000000E+00   1.000000E+00
   1.000000E+00   1.000000E+00   1.000000E+00   1.000000E+00   1.000000E+00
   1.000000E+00   1.000000E+00   1.000000E+00   1.000000E+00   1.000000E+00
   1.000000E+00   1.000000E+00   1.000000E+00   1.000000E+00   1.000000E+00
   1.000000E+00   1.000000E+00   1.000000E+00   1.000000E+00   1.000000E+00
   1.000000E+00   1.000000E+00   1.000000E+00   1.000000E+00   1.000000E+00
   1.000000E+00   1.000000E+00   1.000000E+00   1.000000E+00   1.000000E+00
   1.000000E+00   1.000000E+00   1.000000E+00   1.000000E+00   1.000000E+00
   1.000000E+00   1.000000E+00   1.000000E+00   5.658384E-01   5.669959E-01
   5.675267E-01   5.676930E-01   5.675854E-01   5.672598E-01   5.666579E-01
   5.659442E-01   5.652367E-01   5.646620E-01   5.644726E-01   5.648471E-01
   5.657607E-01   5.673351E-01   5.696849E-01   5.727762E-01   5.766670E-01
   5.813377E-01   5.868385E-01   5.931999E-01   5.951059E-01   5.680929E-01
   5.690143E-01   5.695735E-01   5.684546E-01   5.671196E-01   5.656396E-01
   5.642903E-01   5.631931E-01   5.624565E-01   5.623718E-01   5.629066E-01
   5.641331E-01   5.660875E-01   5.688079E-01   5.722438E-01   5.764302E-01
   5.813657E-01   5.870697E-01   5.935697E-01   6.009110E-01   6.013487E-01
   5.688182E-01   5.681415E-01   5.684788E-01   5.670760E-01   5.657267E-01
   5.647160E-01   5.641276E-01   5.641135E-01   5.647877E-01   5.661982E-01
   5.683552E-01   5.712650E-01   5.748910E-01   5.793135E-01   5.844959E-01
   5.904699E-01   5.972554E-01   6.049115E-01   6.134091E-01   6.229341E-01
   6.237299E-01   5.675952E-01   5.646947E-01   5.651460E-01   5.643719E-01
   5.640751E-01   5.644536E-01   5.655172E-01   5.673069E-01   5.698450E-01
   5.731306E-01   5.771649E-01   5.819527E-01   5.875202E-01   5.938789E-01
   6.010709E-01   6.091030E-01   6.179737E-01   6.280248E-01   6.390875E-01
   6.513047E-01   6.523479E-01   5.661670E-01   5.627313E-01   5.641697E-01
   5.649047E-01   5.663749E-01   5.685848E-01   5.715177E-01   5.751889E-01
   5.796279E-01   5.848132E-01   5.907693E-01   5.975288E-01   6.051342E-01
   6.135522E-01   6.229754E-01   6.334482E-01   6.449774E-01   6.577634E-01
   6.720233E-01   6.880442E-01   6.894319E-01   5.672191E-01   5.645458E-01
   5.673723E-01   5.700089E-01   5.733552E-01   5.774232E-01   5.822636E-01
   5.878628E-01   5.942372E-01   6.014314E-01   6.094425E-01   6.182764E-01
   6.282552E-01   6.392084E-01   6.512773E-01   6.646819E-01   6.796639E-01
   6.965512E-01   7.157547E-01   7.378061E-01   7.397387E-01   5.723529E-01
   5.709476E-01   5.753029E-01   5.798198E-01   5.850723E-01   5.910951E-01
   5.979051E-01   6.055483E-01   6.139793E-01   6.234159E-01   6.338609E-01
   6.453266E-01   6.580116E-01   6.721140E-01   6.879119E-01   7.057647E-01
   7.261290E-01   7.496014E-01   7.769435E-01   8.091215E-01   8.119727E-01
   5.823526E-01   5.819924E-01   5.880105E-01   5.944753E-01   6.017562E-01
   6.098454E-01   6.187572E-01   6.287851E-01   6.397666E-01   6.518388E-01
   6.652103E-01   6.801086E-01   6.968445E-01   7.158056E-01   7.374971E-01
   7.625706E-01   7.918632E-01   8.263931E-01   8.671548E-01   9.145944E-01
   9.187607E-01   5.974686E-01   5.978378E-01   6.057283E-01   6.142731E-01
   6.238349E-01   6.343875E-01   6.459505E-01   6.587157E-01   6.728758E-01
   6.886957E-01   7.065157E-01   7.267682E-01   7.500120E-01   7.769581E-01
   8.084978E-01   8.455927E-01   8.891319E-01   9.386568E-01   9.867458E-01
   1.000000E+00   1.000000E+00   6.180234E-01   6.188028E-01   6.290204E-01
   6.401660E-01   6.524009E-01   6.659329E-01   6.809889E-01   6.978697E-01
   7.169499E-01   7.387131E-01   7.637770E-01   7.929276E-01   8.270993E-01
   8.671837E-01   9.135667E-01   9.635301E-01   1.000000E+00   1.000000E+00
   1.000000E+00   1.000000E+00   1.000000E+00   6.450890E-01   6.460772E-01
   6.590584E-01   6.734494E-01   6.895180E-01   7.076034E-01   7.281334E-01
   7.516558E-01   7.788611E-01   8.105982E-01   8.477499E-01   8.910909E-01
   9.399383E-01   9.869067E-01   1.000000E+00   1.000000E+00   1.000000E+00
   1.000000E+00   1.000000E+00   1.000000E+00   1.000000E+00   6.799364E-01
   6.812302E-01   6.984190E-01   7.178572E-01   7.400331E-01   7.655690E-01
   7.952462E-01   8.299742E-01   8.705799E-01   9.172544E-01   9.667285E-01
   1.000000E+00   1.000000E+00   1.000000E+00   1.000000E+00   1.000000E+00
   1.000000E+00   1.000000E+00   1.000000E+00   1.000000E+00   1.000000E+00
   7.268148E-01   7.285937E-01   7.526063E-01   7.804209E-01   8.128981E-01
   8.509269E-01   8.951811E-01   9.445881E-01   9.904522E-01   1.000000E+00
   1.000000E+00   1.000000E+00   1.000000E+00   1.000000E+00   1.000000E+00
   1.000000E+00   1.000000E+00   1.000000E+00   1.000000E+00   1.000000E+00
   1.000000E+00   7.935481E-01   7.961417E-01   8.317186E-01   8.733871E-01
   9.211817E-01   9.711002E-01   1.000000E+00   1.000000E+00   1.000000E+00
   1.000000E+00   1.000000E+00   1.000000E+00   1.000000E+00   1.000000E+00
   1.000000E+00   1.000000E+00   1.000000E+00   1.000000E+00   1.000000E+00
   1.000000E+00   1.000000E+00   8.928765E-01   8.968638E-01   9.474175E-01
   9.930653E-01   1.000000E+00   1.000000E+00   1.000000E+00   1.000000E+00
   1.000000E+00   1.000000E+00   1.000000E+00   1.000000E+00   1.000000E+00
   1.000000E+00   1.000000E+00   1.000000E+00   1.000000E+00   1.000000E+00
   1.000000E+00   1.000000E+00   1.000000E+00   1.000000E+00   1.000000E+00
   1.000000E+00   1.000000E+00   1.000000E+00   1.000000E+00   1.000000E+00
   1.000000E+00   1.000000E+00   1.000000E+00   1.000000E+00   1.000000E+00
   1.000000E+00   1.000000E+00   1.000000E+00   1.000000E+00   1.000000E+00
   1.000000E+00   1.000000E+00   1.000000E+00   1.000000E+00   1.000000E+00
   1.000000E+00   1.000000E+00   1.000000E+00   1.000000E+00   1.000000E+00
   1.000000E+00   1.000000E+00   1.000000E+00   1.000000E+00   1.000000E+00
   1.000000E+00   1.000000E+00   1.000000E+00   1.000000E+00   1.000000E+00
   1.000000E+00   1.000000E+00   1.000000E+00   1.000000E+00   1.000000E+00
   1.000000E+00   1.000000E+00   1.000000E+00   1.000000E+00   1.000000E+00
   1.000000E+00   1.000000E+00   1.000000E+00   1.000000E+00   1.000000E+00
   1.000000E+00   1.000000E+00   1.000000E+00   1.000000E+00   1.000000E+00
   1.000000E+00   1.000000E+00   1.000000E+00   1.000000E+00   1.000000E+00
   1.000000E+00   1.000000E+00   1.000000E+00   1.000000E+00   1.000000E+00
   1.000000E+00   1.000000E+00   1.000000E+00   1.000000E+00   1.000000E+00
   1.000000E+00   1.000000E+00   1.000000E+00   1.000000E+00   1.000000E+00
   1.000000E+00   1.000000E+00   1.000000E+00   1.000000E+00   1.000000E+00
   1.000000E+00   1.000000E+00   1.000000E+00   1.000000E+00   1.000000E+00
   1.000000E+00   1.000000E+00   1.000000E+00   1.000000E+00   1.000000E+00
   1.000000E+00   1.000000E+00   1.000000E+00   1.000000E+00   1.000000E+00
   1.000000E+00   1.000000E+00   1.000000E+00   1.000000E+00   1.000000E+00
   1.000000E+00   1.000000E+00   1.000000E+00   1.000000E+00   1.000000E+00
   1.000000E+00   1.000000E+00   1.000000E+00   1.000000E+00   1.000000E+00
   1.000000E+00   1.000000E+00   1.000000E+00   1.000000E+00   1.000000E+00
   1.000000E+00   1.000000E+00   1.000000E+00   1.000000E+00   1.000000E+00
   1.000000E+00   1.000000E+00   1.000000E+00   1.000000E+00   5.806977E-01
   5.809383E-01   5.849395E-01   5.897524E-01   5.955844E-01   6.023389E-01
   6.100381E-01   6.187615E-01   6.287868E-01   6.398272E-01   6.520037E-01
   6.655103E-01   6.805947E-01   6.975739E-01   7.168549E-01   7.389615E-01
   7.645724E-01   7.945471E-01   8.299045E-01   8.716857E-01   8.867802E-01
   5.852752E-01   5.842030E-01   5.897793E-01   5.959068E-01   6.030025E-01
   6.109446E-01   6.197912E-01   6.298463E-01   6.409578E-01   6.532350E-01
   6.668619E-01   6.820880E-01   6.992335E-01   7.187097E-01   7.410465E-01
   7.669253E-01   7.972108E-01   8.329230E-01   8.749998E-01   9.235721E-01
   9.277204E-01   5.991291E-01   5.993497E-01   6.070729E-01   6.154385E-01
   6.251175E-01   6.357728E-01   6.474441E-01   6.603752E-01   6.747906E-01
   6.909602E-01   7.092411E-01   7.300950E-01   7.541165E-01   7.820655E-01
   8.148760E-01   8.535148E-01   8.986979E-01   9.491653E-01   9.942641E-01
   1.000000E+00   1.000000E+00   6.193480E-01   6.201243E-01   6.304536E-01
   6.417140E-01   6.541108E-01   6.678504E-01   6.831735E-01   7.004115E-01
   7.199761E-01   7.423909E-01   7.683229E-01   7.986141E-01   8.342418E-01
   8.760829E-01   9.241855E-01   9.741261E-01   1.000000E+00   1.000000E+00
   1.000000E+00   1.000000E+00   1.000000E+00   6.467681E-01   6.477555E-01
   6.609252E-01   6.755497E-01   6.919184E-01   7.103916E-01   7.314299E-01
   7.556305E-01   7.837465E-01   8.166923E-01   8.553847E-01   9.004757E-01
   9.505515E-01   9.947753E-01   1.000000E+00   1.000000E+00   1.000000E+00
   1.000000E+00   1.000000E+00   1.000000E+00   1.000000E+00   6.821958E-01
   6.834881E-01   7.009926E-01   7.208404E-01   7.435520E-01   7.697924E-01
   8.003979E-01   8.363208E-01   8.783914E-01   9.265383E-01   9.759653E-01
   1.000000E+00   1.000000E+00   1.000000E+00   1.000000E+00   1.000000E+00
   1.000000E+00   1.000000E+00   1.000000E+00   1.000000E+00   1.000000E+00
   7.299957E-01   7.317661E-01   7.563197E-01   7.848484E-01   8.182541E-01
   8.574303E-01   9.029434E-01   9.531138E-01   9.961961E-01   1.000000E+00
   1.000000E+00   1.000000E+00   1.000000E+00   1.000000E+00   1.000000E+00
   1.000000E+00   1.000000E+00   1.000000E+00   1.000000E+00   1.000000E+00
   1.000000E+00   7.982251E-01   8.007847E-01   8.372335E-01   8.799182E-01
   9.286394E-01   9.780946E-01   1.000000E+00   1.000000E+00   1.000000E+00
   1.000000E+00   1.000000E+00   1.000000E+00   1.000000E+00   1.000000E+00
   1.000000E+00   1.000000E+00   1.000000E+00   1.000000E+00   1.000000E+00
   1.000000E+00   1.000000E+00   8.993642E-01   9.033573E-01   9.542250E-01
   9.970863E-01   1.000000E+00   1.000000E+00   1.000000E+00   1.000000E+00
   1.000000E+00   1.000000E+00   1.000000E+00   1.000000E+00   1.000000E+00
   1.000000E+00   1.000000E+00   1.000000E+00   1.000000E+00   1.000000E+00
   1.000000E+00   1.000000E+00   1.000000E+00   1.000000E+00   1.000000E+00
   1.000000E+00   1.000000E+00   1.000000E+00   1.000000E+00   1.000000E+00
   1.000000E+00   1.000000E+00   1.000000E+00   1.000000E+00   1.000000E+00
   1.000000E+00   1.000000E+00   1.000000E+00   1.000000E+00   1.000000E+00
   1.000000E+00   1.000000E+00   1.000000E+00   1.000000E+00   1.000000E+00
   1.000000E+00   1.000000E+00   1.000000E+00   1.000000E+00   1.000000E+00
   1.000000E+00   1.000000E+00   1.000000E+00   1.000000E+00   1.000000E+00
   1.000000E+00   1.000000E+00   1.000000E+00   1.000000E+00   1.000000E+00
   1.000000E+00   1.000000E+00   1.000000E+00   1.000000E+00   1.000000E+00
   1.000000E+00   1.000000E+00   1.000000E+00   1.000000E+00   1.000000E+00
   1.000000E+00   1.000000E+00   1.000000E+00   1.000000E+00   1.000000E+00
   1.000000E+00   1.000000E+00   1.000000E+00   1.000000E+00   1.000000E+00
   1.000000E+00   1.000000E+00   1.000000E+00   1.000000E+00   1.000000E+00
   1.000000E+00   1.000000E+00   1.000000E+00   1.000000E+00   1.000000E+00
   1.000000E+00   1.000000E+00   1.000000E+00   1.000000E+00   1.000000E+00
   1.000000E+00   1.000000E+00   1.000000E+00   1.000000E+00   1.000000E+00
   1.000000E+00   1.000000E+00   1.000000E+00   1.000000E+00   1.000000E+00
   1.000000E+00   1.000000E+00   1.000000E+00   1.000000E+00   1.000000E+00
   1.000000E+00   1.000000E+00   1.000000E+00   1.000000E+00   1.000000E+00
   1.000000E+00   1.000000E+00   1.000000E+00   1.000000E+00   1.000000E+00
   1.000000E+00   1.000000E+00   1.000000E+00   1.000000E+00   1.000000E+00
   1.000000E+00   1.000000E+00   1.000000E+00   1.000000E+00   1.000000E+00
   1.000000E+00   1.000000E+00   1.000000E+00   1.000000E+00   1.000000E+00
   1.000000E+00   1.000000E+00   1.000000E+00   1.000000E+00   1.000000E+00
   1.000000E+00   1.000000E+00   1.000000E+00   1.000000E+00   1.000000E+00
   1.000000E+00   1.000000E+00   1.000000E+00   1.000000E+00   1.000000E+00
   1.000000E+00   1.000000E+00   1.000000E+00   1.000000E+00   1.000000E+00
   1.000000E+00   1.000000E+00   1.000000E+00   1.000000E+00   1.000000E+00
   1.000000E+00   1.000000E+00   1.000000E+00   1.000000E+00   1.000000E+00
   1.000000E+00   1.000000E+00   1.000000E+00   1.000000E+00   1.000000E+00
   1.000000E+00   1.000000E+00   1.000000E+00   1.000000E+00   1.000000E+00
   1.000000E+00   1.000000E+00   1.000000E+00   1.000000E+00   1.000000E+00
   1.000000E+00   1.000000E+00   1.000000E+00   1.000000E+00   1.000000E+00
   1.000000E+00   1.000000E+00   1.000000E+00   1.000000E+00   1.000000E+00
   1.000000E+00   1.000000E+00   1.000000E+00   1.000000E+00   1.000000E+00
   1.000000E+00   1.000000E+00   1.000000E+00   1.000000E+00   1.000000E+00
   1.000000E+00   1.000000E+00   1.000000E+00   1.000000E+00   1.000000E+00
   1.000000E+00   1.000000E+00   1.000000E+00   1.000000E+00   1.000000E+00
   1.000000E+00   1.000000E+00   1.000000E+00   1.000000E+00   1.000000E+00
   1.000000E+00   1.000000E+00   1.000000E+00   1.000000E+00   1.000000E+00
   1.000000E+00   1.000000E+00   1.000000E+00   1.000000E+00   1.000000E+00
   1.000000E+00   1.000000E+00   1.000000E+00   1.000000E+00   1.000000E+00
   1.000000E+00   1.000000E+00   1.000000E+00   1.000000E+00   1.000000E+00
   1.000000E+00   1.000000E+00   1.000000E+00   1.000000E+00   1.000000E+00
   1.000000E+00   1.000000E+00   1.000000E+00   1.000000E+00   1.000000E+00
   1.000000E+00   1.000000E+00   1.000000E+00   1.000000E+00   1.000000E+00
   1.000000E+00   1.000000E+00   1.000000E+00   1.000000E+00   1.000000E+00
   1.000000E+00   1.000000E+00   1.000000E+00   1.000000E+00   1.000000E+00
   1.000000E+00   1.000000E+00   1.000000E+00   1.000000E+00   1.000000E+00
   1.000000E+00   1.000000E+00   1.000000E+00   1.000000E+00   1.000000E+00
   1.000000E+00   1.000000E+00   1.000000E+00   1.000000E+00   1.000000E+00
   7.536514E-01   7.716425E-01   8.029125E-01   8.395879E-01   8.822980E-01
   9.300974E-01   9.783665E-01   1.000000E+00   1.000000E+00   1.000000E+00
   1.000000E+00   1.000000E+00   1.000000E+00   1.000000E+00   1.000000E+00
   1.000000E+00   1.000000E+00   1.000000E+00   1.000000E+00   1.000000E+00
   1.000000E+00   8.029821E-01   8.054563E-01   8.425850E-01   8.858973E-01
   9.350280E-01   9.831031E-01   1.000000E+00   1.000000E+00   1.000000E+00
   1.000000E+00   1.000000E+00   1.000000E+00   1.000000E+00   1.000000E+00
   1.000000E+00   1.000000E+00   1.000000E+00   1.000000E+00   1.000000E+00
   1.000000E+00   1.000000E+00   9.062128E-01   9.102764E-01   9.609719E-01
   9.996329E-01   1.000000E+00   1.000000E+00   1.000000E+00   1.000000E+00
   1.000000E+00   1.000000E+00   1.000000E+00   1.000000E+00   1.000000E+00
   1.000000E+00   1.000000E+00   1.000000E+00   1.000000E+00   1.000000E+00
   1.000000E+00   1.000000E+00   1.000000E+00   1.000000E+00   1.000000E+00
   1.000000E+00   1.000000E+00   1.000000E+00   1.000000E+00   1.000000E+00
   1.000000E+00   1.000000E+00   1.000000E+00   1.000000E+00   1.000000E+00
   1.000000E+00   1.000000E+00   1.000000E+00   1.000000E+00   1.000000E+00
   1.000000E+00   1.000000E+00   1.000000E+00   1.000000E+00   1.000000E+00
   1.000000E+00   1.000000E+00   1.000000E+00   1.000000E+00   1.000000E+00
   1.000000E+00   1.000000E+00   1.000000E+00   1.000000E+00   1.000000E+00
   1.000000E+00   1.000000E+00   1.000000E+00   1.000000E+00   1.000000E+00
   1.000000E+00   1.000000E+00   1.000000E+00   1.000000E+00   1.000000E+00
   1.000000E+00   1.000000E+00   1.000000E+00   1.000000E+00   1.000000E+00
   1.000000E+00   1.000000E+00   1.000000E+00   1.000000E+00   1.000000E+00
   1.000000E+00   1.000000E+00   1.000000E+00   1.000000E+00   1.000000E+00
   1.000000E+00   1.000000E+00   1.000000E+00   1.000000E+00   1.000000E+00
   1.000000E+00   1.000000E+00   1.000000E+00   1.000000E+00   1.000000E+00
   1.000000E+00   1.000000E+00   1.000000E+00   1.000000E+00   1.000000E+00
   1.000000E+00   1.000000E+00   1.000000E+00   1.000000E+00   1.000000E+00
   1.000000E+00   1.000000E+00   1.000000E+00   1.000000E+00   1.000000E+00
   1.000000E+00   1.000000E+00   1.000000E+00   1.000000E+00   1.000000E+00
   1.000000E+00   1.000000E+00   1.000000E+00   1.000000E+00   1.000000E+00
   1.000000E+00   1.000000E+00   1.000000E+00   1.000000E+00   1.000000E+00
   1.000000E+00   1.000000E+00   1.000000E+00   1.000000E+00   1.000000E+00
   1.000000E+00   1.000000E+00   1.000000E+00   1.000000E+00   1.000000E+00
   1.000000E+00   1.000000E+00   1.000000E+00   1.000000E+00   1.000000E+00
   1.000000E+00   1.000000E+00   1.000000E+00   1.000000E+00   1.000000E+00
   1.000000E+00   1.000000E+00   1.000000E+00   1.000000E+00   1.000000E+00
   1.000000E+00   1.000000E+00   1.000000E+00   1.000000E+00   1.000000E+00
   1.000000E+00   1.000000E+00   1.000000E+00   1.000000E+00   1.000000E+00
   1.000000E+00   1.000000E+00   1.000000E+00   1.000000E+00   1.000000E+00
   1.000000E+00   1.000000E+00   1.000000E+00   1.000000E+00   1.000000E+00
   1.000000E+00   1.000000E+00   1.000000E+00   1.000000E+00   1.000000E+00
   1.000000E+00   1.000000E+00   1.000000E+00   1.000000E+00   1.000000E+00
   1.000000E+00   1.000000E+00   1.000000E+00   1.000000E+00   1.000000E+00
   1.000000E+00   1.000000E+00   1.000000E+00   1.000000E+00   1.000000E+00
   1.000000E+00   1.000000E+00   1.000000E+00   1.000000E+00   1.000000E+00
   1.000000E+00   1.000000E+00   1.000000E+00   1.000000E+00   1.000000E+00
   1.000000E+00   1.000000E+00   1.000000E+00   1.000000E+00   1.000000E+00
   1.000000E+00   1.000000E+00   1.000000E+00   1.000000E+00   1.000000E+00
   1.000000E+00   1.000000E+00   1.000000E+00   1.000000E+00   1.000000E+00
   1.000000E+00   1.000000E+00   1.000000E+00   1.000000E+00   1.000000E+00
   1.000000E+00   1.000000E+00   1.000000E+00   1.000000E+00   1.000000E+00
   1.000000E+00   1.000000E+00   1.000000E+00   1.000000E+00   1.000000E+00
   1.000000E+00   1.000000E+00   1.000000E+00   1.000000E+00   1.000000E+00
   1.000000E+00   1.000000E+00   1.000000E+00   1.000000E+00   1.000000E+00
   1.000000E+00   1.000000E+00   1.000000E+00   1.000000E+00   1.000000E+00
   1.000000E+00   1.000000E+00   1.000000E+00   1.000000E+00   1.000000E+00
   1.000000E+00   1.000000E+00   1.000000E+00   1.000000E+00   1.000000E+00
   1.000000E+00   1.000000E+00   1.000000E+00   1.000000E+00   1.000000E+00
   1.000000E+00   1.000000E+00   1.000000E+00   1.000000E+00   1.000000E+00
   1.000000E+00   1.000000E+00   1.000000E+00   1.000000E+00   1.000000E+00
   1.000000E+00   1.000000E+00   1.000000E+00   1.000000E+00   1.000000E+00
   1.000000E+00   1.000000E+00   1.000000E+00   1.000000E+00   1.000000E+00
   1.000000E+00   1.000000E+00   1.000000E+00   1.000000E+00   1.000000E+00
   1.000000E+00   1.000000E+00   1.000000E+00   1.000000E+00   1.000000E+00
   1.000000E+00   1.000000E+00   1.000000E+00   1.000000E+00   1.000000E+00
   1.000000E+00   1.000000E+00   1.000000E+00   1.000000E+00   1.000000E+00
   1.000000E+00   1.000000E+00   1.000000E+00   1.000000E+00   1.000000E+00
   1.000000E+00   1.000000E+00   1.000000E+00   1.000000E+00   1.000000E+00
   1.000000E+00   1.000000E+00   1.000000E+00   1.000000E+00   1.000000E+00
   1.000000E+00   1.000000E+00   1.000000E+00   1.000000E+00   1.000000E+00
   1.000000E+00   1.000000E+00   1.000000E+00   1.000000E+00   1.000000E+00
   1.000000E+00   1.000000E+00   1.000000E+00   1.000000E+00   1.000000E+00
   1.000000E+00   1.000000E+00   1.000000E+00   1.000000E+00   1.000000E+00
   1.000000E+00   1.000000E+00   1.000000E+00   1.000000E+00   1.000000E+00
   1.000000E+00   1.000000E+00   1.000000E+00   1.000000E+00   1.000000E+00
   1.000000E+00   1.000000E+00   1.000000E+00   1.000000E+00   1.000000E+00
   1.000000E+00   1.000000E+00   1.000000E+00   1.000000E+00   1.000000E+00
   1.000000E+00   1.000000E+00   1.000000E+00   1.000000E+00   1.000000E+00
   1.000000E+00   1.000000E+00   1.000000E+00   1.000000E+00   1.000000E+00
   1.000000E+00   1.000000E+00   1.000000E+00   1.000000E+00   1.000000E+00
   1.000000E+00   1.000000E+00   1.000000E+00   1.000000E+00   1.000000E+00
   1.000000E+00   1.000000E+00   1.000000E+00   1.000000E+00   1.000000E+00
   1.000000E+00   1.000000E+00   1.000000E+00   1.000000E+00   1.000000E+00
   1.000000E+00   1.000000E+00   1.000000E+00   1.000000E+00   1.000000E+00
   1.000000E+00   1.000000E+00   1.000000E+00   1.000000E+00   1.000000E+00
   1.000000E+00   1.000000E+00   1.000000E+00   1.000000E+00   1.000000E+00
   1.000000E+00   1.000000E+00   1.000000E+00   1.000000E+00   1.000000E+00
   1.000000E+00   1.000000E+00   1.000000E+00   1.000000E+00   1.000000E+00
   1.000000E+00   1.000000E+00   1.000000E+00   1.000000E+00   1.000000E+00
   1.000000E+00   1.000000E+00   1.000000E+00   1.000000E+00   1.000000E+00
   1.000000E+00   1.000000E+00   1.000000E+00   1.000000E+00   1.000000E+00
   1.000000E+00   1.000000E+00   1.000000E+00   1.000000E+00   1.000000E+00
   1.000000E+00   1.000000E+00   1.000000E+00   1.000000E+00   1.000000E+00
   1.000000E+00   1.000000E+00   1.000000E+00   1.000000E+00   1.000000E+00
   1.000000E+00   1.000000E+00   1.000000E+00   1.000000E+00   1.000000E+00
   1.000000E+00   1.000000E+00   1.000000E+00   1.000000E+00   1.000000E+00
   1.000000E+00   1.000000E+00   1.000000E+00   1.000000E+00   1.000000E+00
   1.000000E+00   1.000000E+00   1.000000E+00   1.000000E+00   1.000000E+00
   1.000000E+00   1.000000E+00   1.000000E+00   1.000000E+00   1.000000E+00
   1.000000E+00   1.000000E+00   1.000000E+00   1.000000E+00   1.000000E+00
   1.000000E+00   1.000000E+00   1.000000E+00   1.000000E+00   1.000000E+00
   1.000000E+00   1.000000E+00   1.000000E+00   1.000000E+00   1.000000E+00
   1.000000E+00   1.000000E+00   1.000000E+00   1.000000E+00   1.000000E+00
   1.000000E+00   1.000000E+00   1.000000E+00   1.000000E+00   1.000000E+00
   1.000000E+00   1.000000E+00   1.000000E+00   1.000000E+00   1.000000E+00
   1.000000E+00   1.000000E+00   1.000000E+00   1.000000E+00   1.000000E+00
   1.000000E+00   1.000000E+00   1.000000E+00   1.000000E+00   1.000000E+00
   1.000000E+00   1.000000E+00   1.000000E+00   1.000000E+00   1.000000E+00
   1.000000E+00   1.000000E+00   1.000000E+00   1.000000E+00   1.000000E+00
   1.000000E+00   1.000000E+00   1.000000E+00   1.000000E+00   1.000000E+00
   1.000000E+00   1.000000E+00   1.000000E+00   1.000000E+00   1.000000E+00
   1.000000E+00   1.000000E+00   1.000000E+00   1.000000E+00   1.000000E+00
   1.000000E+00   1.000000E+00   1.000000E+00   1.000000E+00   1.000000E+00
   1.000000E+00   1.000000E+00   1.000000E+00   1.000000E+00   1.000000E+00
   1.000000E+00   1.000000E+00   1.000000E+00   1.000000E+00   1.000000E+00
   1.000000E+00   1.000000E+00   1.000000E+00   1.000000E+00   1.000000E+00
   1.000000E+00   1.000000E+00   1.000000E+00   1.000000E+00   1.000000E+00
   1.000000E+00   1.000000E+00   1.000000E+00   1.000000E+00   1.000000E+00
   1.000000E+00   1.000000E+00   1.000000E+00   1.000000E+00   1.000000E+00
   1.000000E+00   1.000000E+00   1.000000E+00   1.000000E+00   1.000000E+00
   1.000000E+00   1.000000E+00   1.000000E+00   1.000000E+00   1.000000E+00
   1.000000E+00   1.000000E+00   1.000000E+00   1.000000E+00   1.000000E+00
   1.000000E+00   1.000000E+00   1.000000E+00   1.000000E+00   1.000000E+00
   1.000000E+00   1.000000E+00   1.000000E+00   1.000000E+00   1.000000E+00
   1.000000E+00   1.000000E+00   1.000000E+00   1.000000E+00   1.000000E+00
   1.000000E+00   1.000000E+00   1.000000E+00   1.000000E+00   1.000000E+00
   1.000000E+00   1.000000E+00   1.000000E+00   1.000000E+00   1.000000E+00
   1.000000E+00   1.000000E+00   1.000000E+00   1.000000E+00   1.000000E+00
   1.000000E+00   1.000000E+00   1.000000E+00   1.000000E+00   1.000000E+00
   1.000000E+00   1.000000E+00   1.000000E+00   1.000000E+00   1.000000E+00
   1.000000E+00   1.000000E+00   1.000000E+00   1.000000E+00   1.000000E+00
   1.000000E+00   1.000000E+00   1.000000E+00   1.000000E+00   1.000000E+00
   1.000000E+00   1.000000E+00   1.000000E+00   1.000000E+00   1.000000E+00
   1.000000E+00   1.000000E+00   1.000000E+00   1.000000E+00   1.000000E+00
   1.000000E+00   1.000000E+00   1.000000E+00   1.000000E+00   1.000000E+00
   1.000000E+00   1.000000E+00   1.000000E+00   1.000000E+00   1.000000E+00
   1.000000E+00   1.000000E+00   1.000000E+00   1.000000E+00   1.000000E+00
   1.000000E+00   1.000000E+00   1.000000E+00   1.000000E+00   1.000000E+00
   1.000000E+00   1.000000E+00   1.000000E+00   1.000000E+00   1.000000E+00
   1.000000E+00   1.000000E+00   1.000000E+00   1.000000E+00   1.000000E+00
   1.000000E+00   1.000000E+00   1.000000E+00   1.000000E+00   1.000000E+00
   1.000000E+00   1.000000E+00   1.000000E+00   1.000000E+00   1.000000E+00
   1.000000E+00   1.000000E+00   1.000000E+00   1.000000E+00   1.000000E+00
   1.000000E+00   1.000000E+00   1.000000E+00   1.000000E+00   1.000000E+00
   1.000000E+00   1.000000E+00   1.000000E+00   1.000000E+00   1.000000E+00
   1.000000E+00   1.000000E+00   1.000000E+00   1.000000E+00   1.000000E+00
   1.000000E+00   1.000000E+00   1.000000E+00   1.000000E+00   1.000000E+00
   1.000000E+00   1.000000E+00   1.000000E+00   1.000000E+00   1.000000E+00
   1.000000E+00   1.000000E+00   1.000000E+00   1.000000E+00   1.000000E+00
   1.000000E+00   1.000000E+00   1.000000E+00   1.000000E+00   1.000000E+00
   1.000000E+00   1.000000E+00   1.000000E+00   1.000000E+00   1.000000E+00
   1.000000E+00   1.000000E+00   1.000000E+00   1.000000E+00   1.000000E+00
   1.000000E+00   1.000000E+00   1.000000E+00   1.000000E+00   1.000000E+00
   1.000000E+00   1.000000E+00   1.000000E+00   1.000000E+00   1.000000E+00
   1.000000E+00   1.000000E+00   1.000000E+00   1.000000E+00   1.000000E+00
   1.000000E+00   1.000000E+00   1.000000E+00   1.000000E+00   1.000000E+00
   1.000000E+00   1.000000E+00   1.000000E+00   1.000000E+00   1.000000E+00
   1.000000E+00   1.000000E+00   1.000000E+00   1.000000E+00   1.000000E+00
   1.000000E+00   1.000000E+00   1.000000E+00   1.000000E+00   1.000000E+00
   1.000000E+00   1.000000E+00   1.000000E+00   1.000000E+00   1.000000E+00
   1.000000E+00   1.000000E+00   1.000000E+00   1.000000E+00   1.000000E+00
   1.000000E+00   1.000000E+00   1.000000E+00   1.000000E+00   1.000000E+00
   1.000000E+00   1.000000E+00   1.000000E+00   1.000000E+00   1.000000E+00
   1.000000E+00   1.000000E+00   1.000000E+00   1.000000E+00   1.000000E+00
   1.000000E+00   1.000000E+00   1.000000E+00   1.000000E+00   1.000000E+00
   1.000000E+00   1.000000E+00   1.000000E+00   1.000000E+00   1.000000E+00
   1.000000E+00   1.000000E+00   1.000000E+00   1.000000E+00   1.000000E+00
   1.000000E+00   1.000000E+00   1.000000E+00   1.000000E+00   1.000000E+00
   1.000000E+00   1.000000E+00   1.000000E+00   1.000000E+00   1.000000E+00
   1.000000E+00   1.000000E+00   1.000000E+00   1.000000E+00   1.000000E+00
   1.000000E+00   1.000000E+00   1.000000E+00   1.000000E+00   1.000000E+00
   1.000000E+00   1.000000E+00   1.000000E+00   1.000000E+00   1.000000E+00
   1.000000E+00   1.000000E+00   1.000000E+00   1.000000E+00   1.000000E+00
   1.000000E+00   1.000000E+00   1.000000E+00   1.000000E+00   1.000000E+00
   1.000000E+00   1.000000E+00   1.000000E+00   1.000000E+00   1.000000E+00
   1.000000E+00   1.000000E+00   1.000000E+00   1.000000E+00   1.000000E+00
   1.000000E+00   1.000000E+00   1.000000E+00   1.000000E+00   1.000000E+00
   1.000000E+00   1.000000E+00   1.000000E+00   1.000000E+00   1.000000E+00
   1.000000E+00   1.000000E+00   1.000000E+00   1.000000E+00   1.000000E+00
   1.000000E+00   1.000000E+00   1.000000E+00   1.000000E+00   1.000000E+00
   1.000000E+00   1.000000E+00   1.000000E+00   1.000000E+00   1.000000E+00
   1.000000E+00   1.000000E+00   1.000000E+00   1.000000E+00   1.000000E+00
   1.000000E+00   1.000000E+00   1.000000E+00   1.000000E+00   1.000000E+00
   1.000000E+00   1.000000E+00   1.000000E+00   1.000000E+00   1.000000E+00
   1.000000E+00   1.000000E+00   1.000000E+00   1.000000E+00   1.000000E+00
   1.000000E+00   1.000000E+00   1.000000E+00   1.000000E+00   1.000000E+00
   1.000000E+00   1.000000E+00   1.000000E+00   1.000000E+00   1.000000E+00
   1.000000E+00   1.000000E+00   1.000000E+00   1.000000E+00   1.000000E+00
   1.000000E+00   1.000000E+00   1.000000E+00   1.000000E+00   1.000000E+00
   1.000000E+00   1.000000E+00   1.000000E+00   1.000000E+00   1.000000E+00
   1.000000E+00   1.000000E+00   1.000000E+00   1.000000E+00   1.000000E+00
   1.000000E+00   1.000000E+00   1.000000E+00   1.000000E+00   1.000000E+00
   1.000000E+00   1.000000E+00   1.000000E+00   1.000000E+00   1.000000E+00
   1.000000E+00   1.000000E+00   1.000000E+00   1.000000E+00   1.000000E+00
   1.000000E+00   1.000000E+00   1.000000E+00   1.000000E+00   1.000000E+00
   1.000000E+00   1.000000E+00   1.000000E+00   1.000000E+00   1.000000E+00
   1.000000E+00   1.000000E+00   1.000000E+00   1.000000E+00   1.000000E+00
   1.000000E+00   1.000000E+00   1.000000E+00   1.000000E+00   1.000000E+00
   1.000000E+00   1.000000E+00   1.000000E+00   1.000000E+00   1.000000E+00
   1.000000E+00   1.000000E+00   1.000000E+00   1.000000E+00   1.000000E+00
   1.000000E+00   1.000000E+00   1.000000E+00   1.000000E+00   1.000000E+00
   1.000000E+00   1.000000E+00   1.000000E+00   1.000000E+00   1.000000E+00
   1.000000E+00   1.000000E+00   1.000000E+00   1.000000E+00   1.000000E+00
   1.000000E+00   1.000000E+00   1.000000E+00   1.000000E+00   1.000000E+00
   1.000000E+00   1.000000E+00   1.000000E+00   1.000000E+00   1.000000E+00
   1.000000E+00   1.000000E+00   1.000000E+00   1.000000E+00   1.000000E+00
   1.000000E+00   1.000000E+00   1.000000E+00   1.000000E+00   1.000000E+00
   1.000000E+00   1.000000E+00   1.000000E+00   1.000000E+00   1.000000E+00
   1.000000E+00   1.000000E+00   1.000000E+00   1.000000E+00   1.000000E+00
   1.000000E+00   1.000000E+00   1.000000E+00   1.000000E+00   1.000000E+00
   1.000000E+00   1.000000E+00   1.000000E+00   1.000000E+00   1.000000E+00
   1.000000E+00   1.000000E+00   1.000000E+00   1.000000E+00   1.000000E+00
   1.000000E+00   1.000000E+00   1.000000E+00   1.000000E+00   1.000000E+00
   1.000000E+00   1.000000E+00   1.000000E+00   1.000000E+00   1.000000E+00
   1.000000E+00   1.000000E+00   1.000000E+00   1.000000E+00   1.000000E+00
   1.000000E+00   1.000000E+00   1.000000E+00   1.000000E+00   1.000000E+00
   1.000000E+00   1.000000E+00   1.000000E+00   1.000000E+00   1.000000E+00
   1.000000E+00   1.000000E+00   1.000000E+00   1.000000E+00   1.000000E+00
   1.000000E+00   1.000000E+00   1.000000E+00   1.000000E+00   1.000000E+00
   1.000000E+00   1.000000E+00   1.000000E+00   1.000000E+00   1.000000E+00
   1.000000E+00   1.000000E+00   1.000000E+00   1.000000E+00   1.000000E+00
   1.000000E+00   1.000000E+00   1.000000E+00   1.000000E+00   1.000000E+00
   1.000000E+00   1.000000E+00   1.000000E+00   1.000000E+00   1.000000E+00
   1.000000E+00   1.000000E+00   1.000000E+00   1.000000E+00   1.000000E+00
   1.000000E+00   1.000000E+00   1.000000E+00   1.000000E+00   1.000000E+00
   1.000000E+00   1.000000E+00   1.000000E+00   1.000000E+00   1.000000E+00
   1.000000E+00   1.000000E+00   1.000000E+00   1.000000E+00   1.000000E+00
   1.000000E+00   1.000000E+00   1.000000E+00   1.000000E+00   1.000000E+00
   1.000000E+00   1.000000E+00   1.000000E+00   1.000000E+00   1.000000E+00
   1.000000E+00   1.000000E+00   1.000000E+00   1.000000E+00   1.000000E+00
   1.000000E+00   1.000000E+00   1.000000E+00   1.000000E+00   1.000000E+00
   1.000000E+00   1.000000E+00   1.000000E+00   1.000000E+00   1.000000E+00
   1.000000E+00   1.000000E+00   1.000000E+00   1.000000E+00   1.000000E+00
   1.000000E+00   1.000000E+00   1.000000E+00   1.000000E+00   1.000000E+00
   1.000000E+00   1.000000E+00   1.000000E+00   1.000000E+00   1.000000E+00
   1.000000E+00   1.000000E+00   1.000000E+00   1.000000E+00   1.000000E+00
   1.000000E+00   1.000000E+00   1.000000E+00   1.000000E+00   1.000000E+00
   1.000000E+00   1.000000E+00   1.000000E+00   1.000000E+00   1.000000E+00
   1.000000E+00   1.000000E+00   1.000000E+00   1.000000E+00   1.000000E+00
   1.000000E+00   1.000000E+00   1.000000E+00   1.000000E+00   1.000000E+00
   1.000000E+00   1.000000E+00   1.000000E+00   1.000000E+00   1.000000E+00
   1.000000E+00   1.000000E+00   1.000000E+00   1.000000E+00   1.000000E+00
   1.000000E+00   1.000000E+00   1.000000E+00   1.000000E+00   1.000000E+00
   1.000000E+00   1.000000E+00   1.000000E+00   1.000000E+00   1.000000E+00
   1.000000E+00   1.000000E+00   1.000000E+00   1.000000E+00   1.000000E+00
   1.000000E+00   1.000000E+00   1.000000E+00   1.000000E+00   1.000000E+00
   1.000000E+00   1.000000E+00   1.000000E+00   1.000000E+00   1.000000E+00
   1.000000E+00   1.000000E+00   1.000000E+00   1.000000E+00   1.000000E+00
   1.000000E+00   1.000000E+00   1.000000E+00   1.000000E+00   1.000000E+00
   1.000000E+00   1.000000E+00   1.000000E+00   1.000000E+00   1.000000E+00
   1.000000E+00   1.000000E+00   1.000000E+00   1.000000E+00   1.000000E+00
   1.000000E+00   1.000000E+00   1.000000E+00   1.000000E+00   1.000000E+00
   1.000000E+00   1.000000E+00   1.000000E+00   1.000000E+00   1.000000E+00
   1.000000E+00   1.000000E+00   1.000000E+00   1.000000E+00   1.000000E+00
   1.000000E+00   1.000000E+00   1.000000E+00   1.000000E+00   1.000000E+00
   1.000000E+00   1.000000E+00   1.000000E+00   1.000000E+00   1.000000E+00
   1.000000E+00   1.000000E+00   1.000000E+00   1.000000E+00   1.000000E+00
   1.000000E+00   1.000000E+00   1.000000E+00   1.000000E+00   1.000000E+00
   1.000000E+00   1.000000E+00   1.000000E+00   1.000000E+00   1.000000E+00
   1.000000E+00   1.000000E+00   1.000000E+00   1.000000E+00   1.000000E+00
   1.000000E+00   1.000000E+00   1.000000E+00   1.000000E+00   1.000000E+00
   1.000000E+00   1.000000E+00   1.000000E+00   1.000000E+00   1.000000E+00
   1.000000E+00   1.000000E+00   1.000000E+00   1.000000E+00   1.000000E+00
   1.000000E+00   1.000000E+00   1.000000E+00   1.000000E+00   1.000000E+00
   1.000000E+00   1.000000E+00   1.000000E+00   1.000000E+00   1.000000E+00
   1.000000E+00   1.000000E+00   1.000000E+00   1.000000E+00   1.000000E+00
   1.000000E+00   1.000000E+00   1.000000E+00   1.000000E+00   1.000000E+00
   1.000000E+00   1.000000E+00   1.000000E+00   1.000000E+00   1.000000E+00
   1.000000E+00   1.000000E+00   1.000000E+00   1.000000E+00   1.000000E+00
   1.000000E+00   1.000000E+00   1.000000E+00   1.000000E+00   1.000000E+00
   1.000000E+00   1.000000E+00   1.000000E+00   1.000000E+00   1.000000E+00
   1.000000E+00   1.000000E+00   1.000000E+00   1.000000E+00   1.000000E+00
   1.000000E+00   1.000000E+00   1.000000E+00   1.000000E+00   1.000000E+00
   1.000000E+00   1.000000E+00   1.000000E+00   1.000000E+00   1.000000E+00
   1.000000E+00   1.000000E+00   1.000000E+00   1.000000E+00   1.000000E+00
   1.000000E+00   1.000000E+00   1.000000E+00   1.000000E+00   1.000000E+00
   1.000000E+00   1.000000E+00   1.000000E+00   1.000000E+00   1.000000E+00
   1.000000E+00   1.000000E+00   1.000000E+00   1.000000E+00   1.000000E+00
   1.000000E+00   1.000000E+00   1.000000E+00   1.000000E+00   1.000000E+00
   1.000000E+00   1.000000E+00   1.000000E+00   1.000000E+00   1.000000E+00
   1.000000E+00   1.000000E+00   1.000000E+00   1.000000E+00   1.000000E+00
   1.000000E+00   1.000000E+00   1.000000E+00   1.000000E+00   1.000000E+00
   1.000000E+00   1.000000E+00   1.000000E+00   1.000000E+00   1.000000E+00
   1.000000E+00   1.000000E+00   1.000000E+00   1.000000E+00   1.000000E+00
   1.000000E+00   1.000000E+00   1.000000E+00   1.000000E+00   1.000000E+00
   1.000000E+00   1.000000E+00   1.000000E+00   1.000000E+00   1.000000E+00
   1.000000E+00   1.000000E+00   1.000000E+00   1.000000E+00   1.000000E+00
   1.000000E+00   1.000000E+00   1.000000E+00   1.000000E+00   1.000000E+00
   1.000000E+00   1.000000E+00   1.000000E+00   1.000000E+00   1.000000E+00
   1.000000E+00   1.000000E+00   1.000000E+00   1.000000E+00   1.000000E+00
   1.000000E+00   1.000000E+00   1.000000E+00   1.000000E+00   1.000000E+00
   1.000000E+00   1.000000E+00   1.000000E+00   1.000000E+00   1.000000E+00
   1.000000E+00   1.000000E+00   1.000000E+00   1.000000E+00   1.000000E+00
   1.000000E+00   1.000000E+00   1.000000E+00   1.000000E+00   1.000000E+00
   1.000000E+00   1.000000E+00   1.000000E+00   1.000000E+00   1.000000E+00
   1.000000E+00   1.000000E+00   1.000000E+00   1.000000E+00   1.000000E+00
   1.000000E+00   1.000000E+00   1.000000E+00   1.000000E+00   1.000000E+00
   1.000000E+00   1.000000E+00   1.000000E+00   1.000000E+00   1.000000E+00
   1.000000E+00   1.000000E+00   1.000000E+00   1.000000E+00   1.000000E+00
   1.000000E+00   1.000000E+00   1.000000E+00   1.000000E+00   1.000000E+00
   1.000000E+00   1.000000E+00   1.000000E+00   1.000000E+00   1.000000E+00
   1.000000E+00   1.000000E+00   1.000000E+00   1.000000E+00   1.000000E+00
   1.000000E+00   1.000000E+00   1.000000E+00   1.000000E+00   1.000000E+00
   1.000000E+00   1.000000E+00   1.000000E+00   1.000000E+00   1.000000E+00
   1.000000E+00   1.000000E+00   1.000000E+00   1.000000E+00   1.000000E+00
   1.000000E+00   1.000000E+00   1.000000E+00   1.000000E+00   1.000000E+00
   1.000000E+00   1.000000E+00   1.000000E+00   1.000000E+00   1.000000E+00
   1.000000E+00   1.000000E+00   1.000000E+00   1.000000E+00   1.000000E+00
   1.000000E+00   1.000000E+00   1.000000E+00   1.000000E+00   1.000000E+00
   1.000000E+00   1.000000E+00   1.000000E+00   1.000000E+00   1.000000E+00
   1.000000E+00   1.000000E+00   1.000000E+00   1.000000E+00   1.000000E+00
   1.000000E+00   1.000000E+00   1.000000E+00   1.000000E+00   1.000000E+00
   1.000000E+00   1.000000E+00   1.000000E+00   1.000000E+00   1.000000E+00
   1.000000E+00   1.000000E+00   1.000000E+00   1.000000E+00   1.000000E+00
   1.000000E+00   1.000000E+00   1.000000E+00   1.000000E+00   1.000000E+00
   1.000000E+00   1.000000E+00   1.000000E+00   1.000000E+00   1.000000E+00
   1.000000E+00   1.000000E+00   1.000000E+00   1.000000E+00   1.000000E+00
   1.000000E+00   1.000000E+00   1.000000E+00   1.000000E+00   1.000000E+00
   1.000000E+00   1.000000E+00   1.000000E+00   1.000000E+00   1.000000E+00
   1.000000E+00   1.000000E+00   1.000000E+00   1.000000E+00   1.000000E+00
   1.000000E+00   1.000000E+00   1.000000E+00   1.000000E+00   1.000000E+00
   1.000000E+00   1.000000E+00   1.000000E+00   1.000000E+00   1.000000E+00
   1.000000E+00   1.000000E+00   1.000000E+00   1.000000E+00   1.000000E+00
   1.000000E+00   1.000000E+00   1.000000E+00   1.000000E+00   1.000000E+00
   1.000000E+00   1.000000E+00   1.000000E+00   1.000000E+00   1.000000E+00
   1.000000E+00   1.000000E+00   1.000000E+00   1.000000E+00   1.000000E+00
   1.000000E+00   1.000000E+00   1.000000E+00   1.000000E+00   1.000000E+00
   1.000000E+00   1.000000E+00   1.000000E+00   1.000000E+00   1.000000E+00
   1.000000E+00   1.000000E+00   1.000000E+00   1.000000E+00   1.000000E+00
   1.000000E+00   1.000000E+00   1.000000E+00   1.000000E+00   1.000000E+00
   1.000000E+00   1.000000E+00   1.000000E+00   1.000000E+00   1.000000E+00
   1.000000E+00   1.000000E+00   1.000000E+00   1.000000E+00   1.000000E+00
   1.000000E+00   1.000000E+00   1.000000E+00   1.000000E+00   1.000000E+00
   1.000000E+00   1.000000E+00   1.000000E+00   1.000000E+00   1.000000E+00
   1.000000E+00   1.000000E+00   1.000000E+00   1.000000E+00   1.000000E+00
   1.000000E+00   1.000000E+00   1.000000E+00   1.000000E+00   1.000000E+00
   1.000000E+00   1.000000E+00   1.000000E+00   1.000000E+00   1.000000E+00
   1.000000E+00   1.000000E+00   1.000000E+00   1.000000E+00   1.000000E+00
   1.000000E+00   1.000000E+00   1.000000E+00   1.000000E+00   1.000000E+00
   1.000000E+00   1.000000E+00   1.000000E+00   1.000000E+00   1.000000E+00
   1.000000E+00   1.000000E+00   1.000000E+00   1.000000E+00   1.000000E+00
   1.000000E+00   1.000000E+00   1.000000E+00   1.000000E+00   1.000000E+00
   1.000000E+00   1.000000E+00   1.000000E+00   1.000000E+00   1.000000E+00
   1.000000E+00   1.000000E+00   1.000000E+00   1.000000E+00   1.000000E+00
   1.000000E+00   1.000000E+00   1.000000E+00   1.000000E+00   1.000000E+00
   1.000000E+00   1.000000E+00   1.000000E+00   1.000000E+00   1.000000E+00
   1.000000E+00   1.000000E+00   1.000000E+00   1.000000E+00   1.000000E+00
   1.000000E+00   1.000000E+00   1.000000E+00   1.000000E+00   1.000000E+00
   1.000000E+00   1.000000E+00   1.000000E+00   1.000000E+00   1.000000E+00
   1.000000E+00   1.000000E+00   1.000000E+00   1.000000E+00   1.000000E+00
   1.000000E+00   1.000000E+00   1.000000E+00   1.000000E+00   1.000000E+00
   1.000000E+00   1.000000E+00   1.000000E+00   1.000000E+00   1.000000E+00
   1.000000E+00   1.000000E+00   1.000000E+00   1.000000E+00   1.000000E+00
   1.000000E+00   1.000000E+00   1.000000E+00   1.000000E+00   1.000000E+00
   1.000000E+00   1.000000E+00   1.000000E+00   1.000000E+00   1.000000E+00
   1.000000E+00   1.000000E+00   1.000000E+00   1.000000E+00   1.000000E+00
   1.000000E+00   1.000000E+00   1.000000E+00   1.000000E+00   1.000000E+00
   1.000000E+00   1.000000E+00   1.000000E+00   1.000000E+00   1.000000E+00
   1.000000E+00   1.000000E+00   1.000000E+00   1.000000E+00   1.000000E+00
   1.000000E+00   1.000000E+00   1.000000E+00   1.000000E+00   1.000000E+00
   1.000000E+00   1.000000E+00   1.000000E+00   1.000000E+00   1.000000E+00
   1.000000E+00   1.000000E+00   1.000000E+00   1.000000E+00   1.000000E+00
   1.000000E+00   1.000000E+00   1.000000E+00   1.000000E+00   1.000000E+00
   1.000000E+00   1.000000E+00   1.000000E+00   1.000000E+00   1.000000E+00
   1.000000E+00   1.000000E+00   1.000000E+00   1.000000E+00   1.000000E+00
   1.000000E+00   1.000000E+00   1.000000E+00   1.000000E+00   1.000000E+00
   1.000000E+00   1.000000E+00   1.000000E+00   1.000000E+00   1.000000E+00
   1.000000E+00   1.000000E+00   1.000000E+00   1.000000E+00   1.000000E+00
   1.000000E+00   1.000000E+00   1.000000E+00   1.000000E+00   1.000000E+00
   1.000000E+00   1.000000E+00   1.000000E+00   1.000000E+00   1.000000E+00
   1.000000E+00   1.000000E+00   1.000000E+00   1.000000E+00   1.000000E+00
   1.000000E+00   1.000000E+00   1.000000E+00   1.000000E+00   1.000000E+00
   1.000000E+00   1.000000E+00   1.000000E+00   1.000000E+00   1.000000E+00
   1.000000E+00   1.000000E+00   1.000000E+00   1.000000E+00   1.000000E+00
   1.000000E+00   1.000000E+00   1.000000E+00   1.000000E+00   1.000000E+00
   1.000000E+00   1.000000E+00   1.000000E+00   1.000000E+00   1.000000E+00
   1.000000E+00   1.000000E+00   1.000000E+00   1.000000E+00   1.000000E+00
   1.000000E+00   1.000000E+00   1.000000E+00   1.000000E+00   1.000000E+00
   1.000000E+00   1.000000E+00   1.000000E+00   1.000000E+00   1.000000E+00
   1.000000E+00   1.000000E+00   1.000000E+00   1.000000E+00   1.000000E+00
   1.000000E+00   1.000000E+00   1.000000E+00   1.000000E+00   1.000000E+00
   1.000000E+00   1.000000E+00   1.000000E+00   1.000000E+00   1.000000E+00
   1.000000E+00   1.000000E+00   1.000000E+00   1.000000E+00   1.000000E+00
   1.000000E+00   1.000000E+00   1.000000E+00   1.000000E+00   1.000000E+00
   1.000000E+00   1.000000E+00   1.000000E+00   1.000000E+00   1.000000E+00
   1.000000E+00   1.000000E+00   1.000000E+00   1.000000E+00   1.000000E+00
   1.000000E+00   1.000000E+00   1.000000E+00   1.000000E+00   1.000000E+00
   1.000000E+00   1.000000E+00   1.000000E+00   1.000000E+00   1.000000E+00
   1.000000E+00   1.000000E+00   1.000000E+00   1.000000E+00   1.000000E+00
   1.000000E+00   1.000000E+00   1.000000E+00   1.000000E+00   1.000000E+00
   1.000000E+00   1.000000E+00   1.000000E+00   1.000000E+00   1.000000E+00
   1.000000E+00   1.000000E+00   1.000000E+00   1.000000E+00   1.000000E+00
   1.000000E+00   1.000000E+00   1.000000E+00   1.000000E+00   1.000000E+00
   1.000000E+00   1.000000E+00   1.000000E+00   1.000000E+00   1.000000E+00
   1.000000E+00   1.000000E+00   1.000000E+00   1.000000E+00   1.000000E+00
   1.000000E+00   1.000000E+00   1.000000E+00   1.000000E+00   1.000000E+00
   1.000000E+00   1.000000E+00   1.000000E+00   1.000000E+00   1.000000E+00
   1.000000E+00   1.000000E+00   1.000000E+00   1.000000E+00   1.000000E+00
   1.000000E+00   1.000000E+00   1.000000E+00   1.000000E+00   1.000000E+00
   1.000000E+00   1.000000E+00   1.000000E+00   1.000000E+00   1.000000E+00
   1.000000E+00   1.000000E+00   1.000000E+00   1.000000E+00   1.000000E+00
   1.000000E+00   1.000000E+00   1.000000E+00   1.000000E+00   1.000000E+00
   1.000000E+00   1.000000E+00   1.000000E+00   1.000000E+00   1.000000E+00
   1.000000E+00   1.000000E+00   1.000000E+00   1.000000E+00   1.000000E+00
   1.000000E+00   1.000000E+00   1.000000E+00   1.000000E+00   1.000000E+00
   1.000000E+00   1.000000E+00   1.000000E+00   1.000000E+00   1.000000E+00
   1.000000E+00   1.000000E+00   1.000000E+00   1.000000E+00   1.000000E+00
   1.000000E+00   1.000000E+00   1.000000E+00   1.000000E+00   1.000000E+00
   1.000000E+00   1.000000E+00   1.000000E+00   1.000000E+00   1.000000E+00
   1.000000E+00   1.000000E+00   1.000000E+00   1.000000E+00   1.000000E+00
   1.000000E+00   1.000000E+00   1.000000E+00   1.000000E+00   1.000000E+00
   1.000000E+00   1.000000E+00   1.000000E+00   1.000000E+00   1.000000E+00
   1.000000E+00   1.000000E+00   1.000000E+00   1.000000E+00   1.000000E+00
   1.000000E+00   1.000000E+00   1.000000E+00   1.000000E+00   1.000000E+00
   1.000000E+00   1.000000E+00   1.000000E+00   1.000000E+00   1.000000E+00
   1.000000E+00   1.000000E+00   1.000000E+00   1.000000E+00   1.000000E+00
   1.000000E+00   1.000000E+00   1.000000E+00   1.000000E+00   1.000000E+00
   1.000000E+00   1.000000E+00   1.000000E+00   1.000000E+00   1.000000E+00
   1.000000E+00   1.000000E+00   1.000000E+00   1.000000E+00   1.000000E+00
   1.000000E+00   1.000000E+00   1.000000E+00   1.000000E+00   1.000000E+00
   1.000000E+00   1.000000E+00   1.000000E+00   1.000000E+00   1.000000E+00
   1.000000E+00   1.000000E+00   1.000000E+00   1.000000E+00   1.000000E+00
   1.000000E+00   1.000000E+00   1.000000E+00   1.000000E+00   1.000000E+00
   1.000000E+00   1.000000E+00   1.000000E+00   1.000000E+00   1.000000E+00
   1.000000E+00   1.000000E+00   1.000000E+00   1.000000E+00   1.000000E+00
   1.000000E+00   1.000000E+00   1.000000E+00   1.000000E+00   1.000000E+00
   1.000000E+00   1.000000E+00   1.000000E+00   1.000000E+00   1.000000E+00
   1.000000E+00   1.000000E+00   1.000000E+00   1.000000E+00   1.000000E+00
   1.000000E+00   1.000000E+00   1.000000E+00   1.000000E+00   1.000000E+00
   1.000000E+00   1.000000E+00   1.000000E+00   1.000000E+00   1.000000E+00
   1.000000E+00   1.000000E+00   1.000000E+00   1.000000E+00   1.000000E+00
   1.000000E+00   1.000000E+00   1.000000E+00   1.000000E+00   1.000000E+00
   1.000000E+00   1.000000E+00   1.000000E+00   1.000000E+00   1.000000E+00
   1.000000E+00   1.000000E+00   1.000000E+00   1.000000E+00   1.000000E+00
   1.000000E+00   1.000000E+00   1.000000E+00   1.000000E+00   1.000000E+00
   1.000000E+00   1.000000E+00   1.000000E+00   1.000000E+00   1.000000E+00
   1.000000E+00   1.000000E+00   1.000000E+00   1.000000E+00   1.000000E+00
   1.000000E+00   1.000000E+00   1.000000E+00   1.000000E+00   1.000000E+00
   1.000000E+00   1.000000E+00   1.000000E+00   1.000000E+00   1.000000E+00
   1.000000E+00   1.000000E+00   1.000000E+00   1.000000E+00   1.000000E+00
   1.000000E+00   1.000000E+00   1.000000E+00   1.000000E+00   1.000000E+00
   1.000000E+00   1.000000E+00   1.000000E+00   1.000000E+00   1.000000E+00
   1.000000E+00   1.000000E+00   1.000000E+00   1.000000E+00   1.000000E+00
   1.000000E+00   1.000000E+00   1.000000E+00   1.000000E+00   1.000000E+00
   1.000000E+00   1.000000E+00   1.000000E+00   1.000000E+00   1.000000E+00
   1.000000E+00   1.000000E+00   1.000000E+00   1.000000E+00   1.000000E+00
   1.000000E+00   1.000000E+00   1.000000E+00   1.000000E+00   1.000000E+00
   1.000000E+00   1.000000E+00   1.000000E+00   1.000000E+00   1.000000E+00
   1.000000E+00   1.000000E+00   1.000000E+00   1.000000E+00   1.000000E+00
   1.000000E+00   1.000000E+00   1.000000E+00   1.000000E+00   1.000000E+00
   1.000000E+00   1.000000E+00   1.000000E+00   1.000000E+00   1.000000E+00
   1.000000E+00   1.000000E+00   1.000000E+00   1.000000E+00   1.000000E+00
   1.000000E+00   1.000000E+00   1.000000E+00   1.000000E+00   1.000000E+00
   1.000000E+00   1.000000E+00   1.000000E+00   1.000000E+00   1.000000E+00
   1.000000E+00   1.000000E+00   1.000000E+00   1.000000E+00   1.000000E+00
   1.000000E+00   1.000000E+00   1.000000E+00   1.000000E+00   1.000000E+00
   1.000000E+00   1.000000E+00   1.000000E+00   1.000000E+00   1.000000E+00
   1.000000E+00   1.000000E+00   1.000000E+00   1.000000E+00   1.000000E+00
   1.000000E+00   1.000000E+00   1.000000E+00   1.000000E+00   1.000000E+00
   1.000000E+00   1.000000E+00   1.000000E+00   1.000000E+00   1.000000E+00
   1.000000E+00   1.000000E+00   1.000000E+00   1.000000E+00   1.000000E+00
   1.000000E+00   1.000000E+00   1.000000E+00   1.000000E+00   1.000000E+00
   1.000000E+00   1.000000E+00   1.000000E+00   1.000000E+00   1.000000E+00
   1.000000E+00   1.000000E+00   1.000000E+00   1.000000E+00   1.000000E+00
   1.000000E+00   1.000000E+00   1.000000E+00   1.000000E+00   1.000000E+00
   1.000000E+00   1.000000E+00   1.000000E+00   1.000000E+00   1.000000E+00
   1.000000E+00   1.000000E+00   1.000000E+00   1.000000E+00   1.000000E+00
   1.000000E+00   1.000000E+00   1.000000E+00   1.000000E+00   1.000000E+00
   1.000000E+00   1.000000E+00   1.000000E+00   1.000000E+00   1.000000E+00
   1.000000E+00   1.000000E+00   1.000000E+00   1.000000E+00   1.000000E+00
   1.000000E+00   1.000000E+00   1.000000E+00   1.000000E+00   1.000000E+00
   1.000000E+00   1.000000E+00   1.000000E+00   1.000000E+00   1.000000E+00
   1.000000E+00   1.000000E+00   1.000000E+00   1.000000E+00   1.000000E+00
   1.000000E+00   1.000000E+00   1.000000E+00   1.000000E+00   1.000000E+00
   1.000000E+00   1.000000E+00   1.000000E+00   1.000000E+00   1.000000E+00
   1.000000E+00   1.000000E+00   1.000000E+00   1.000000E+00   1.000000E+00
   1.000000E+00   1.000000E+00   1.000000E+00   1.000000E+00   1.000000E+00
   1.000000E+00   1.000000E+00   1.000000E+00   1.000000E+00   1.000000E+00
   1.000000E+00   1.000000E+00   1.000000E+00   1.000000E+00   1.000000E+00
   1.000000E+00   1.000000E+00   1.000000E+00   1.000000E+00   1.000000E+00
   1.000000E+00   1.000000E+00   1.000000E+00   1.000000E+00   1.000000E+00
   1.000000E+00   1.000000E+00   1.000000E+00   1.000000E+00   1.000000E+00
   1.000000E+00   1.000000E+00   1.000000E+00   1.000000E+00   1.000000E+00
   1.000000E+00   1.000000E+00   1.000000E+00   1.000000E+00   1.000000E+00
   1.000000E+00   1.000000E+00   1.000000E+00   1.000000E+00   1.000000E+00
   1.000000E+00   1.000000E+00   1.000000E+00   1.000000E+00   1.000000E+00
   1.000000E+00   1.000000E+00   1.000000E+00   1.000000E+00   1.000000E+00
   1.000000E+00   1.000000E+00   1.000000E+00   1.000000E+00   1.000000E+00
   1.000000E+00   1.000000E+00   1.000000E+00   1.000000E+00   1.000000E+00
   1.000000E+00   1.000000E+00   1.000000E+00   1.000000E+00   1.000000E+00
   1.000000E+00   1.000000E+00   1.000000E+00   1.000000E+00   1.000000E+00
   1.000000E+00   1.000000E+00   1.000000E+00   1.000000E+00   1.000000E+00
   1.000000E+00   1.000000E+00   1.000000E+00   1.000000E+00   1.000000E+00
   1.000000E+00   1.000000E+00   1.000000E+00   1.000000E+00   1.000000E+00
   1.000000E+00   1.000000E+00   1.000000E+00   1.000000E+00   1.000000E+00
   1.000000E+00   1.000000E+00   1.000000E+00   1.000000E+00   1.000000E+00
   1.000000E+00   1.000000E+00   1.000000E+00   1.000000E+00   1.000000E+00
   1.000000E+00   1.000000E+00   1.000000E+00   1.000000E+00   1.000000E+00
   1.000000E+00   1.000000E+00   1.000000E+00   1.000000E+00   1.000000E+00
   1.000000E+00   1.000000E+00   1.000000E+00   1.000000E+00   1.000000E+00
   1.000000E+00   1.000000E+00   1.000000E+00   1.000000E+00   1.000000E+00
   1.000000E+00   1.000000E+00   1.000000E+00   1.000000E+00   1.000000E+00
   1.000000E+00   1.000000E+00   1.000000E+00   1.000000E+00   1.000000E+00
   1.000000E+00   1.000000E+00   1.000000E+00   1.000000E+00   1.000000E+00
   1.000000E+00   1.000000E+00   1.000000E+00   1.000000E+00   1.000000E+00
   1.000000E+00   1.000000E+00   1.000000E+00   1.000000E+00   1.000000E+00
   1.000000E+00   1.000000E+00   1.000000E+00   1.000000E+00   1.000000E+00
   1.000000E+00   1.000000E+00   1.000000E+00   1.000000E+00   1.000000E+00
   1.000000E+00   1.000000E+00   1.000000E+00   1.000000E+00   1.000000E+00
   1.000000E+00   1.000000E+00   1.000000E+00   1.000000E+00   1.000000E+00
   1.000000E+00   1.000000E+00   1.000000E+00   1.000000E+00   1.000000E+00
   1.000000E+00   1.000000E+00   1.000000E+00   1.000000E+00   1.000000E+00
   1.000000E+00   1.000000E+00   1.000000E+00   1.000000E+00   1.000000E+00
   1.000000E+00   1.000000E+00   1.000000E+00   1.000000E+00   1.000000E+00
   1.000000E+00   1.000000E+00   1.000000E+00   1.000000E+00   1.000000E+00
   1.000000E+00   1.000000E+00   1.000000E+00   1.000000E+00   1.000000E+00
   1.000000E+00   1.000000E+00   1.000000E+00   1.000000E+00   1.000000E+00
   1.000000E+00   1.000000E+00   1.000000E+00   1.000000E+00   1.000000E+00
   1.000000E+00   1.000000E+00   1.000000E+00   1.000000E+00   1.000000E+00
   1.000000E+00   1.000000E+00   1.000000E+00   1.000000E+00   1.000000E+00
   1.000000E+00   1.000000E+00   1.000000E+00   1.000000E+00   1.000000E+00
   1.000000E+00   1.000000E+00   1.000000E+00   1.000000E+00   1.000000E+00
   1.000000E+00   1.000000E+00   1.000000E+00   1.000000E+00   1.000000E+00
   1.000000E+00   1.000000E+00   1.000000E+00   1.000000E+00   1.000000E+00
   1.000000E+00   1.000000E+00   1.000000E+00   1.000000E+00   1.000000E+00
   1.000000E+00   1.000000E+00   1.000000E+00   1.000000E+00   1.000000E+00
   1.000000E+00   1.000000E+00   1.000000E+00   1.000000E+00   1.000000E+00
   1.000000E+00   1.000000E+00   1.000000E+00   1.000000E+00   1.000000E+00
   1.000000E+00
