     IOPT   (1 PICARD, 2 NEWTON)             =      1
     NLRELX (0 NORELX,1 CONS RELX,2 VAR RELX)=      0
     KSLOPE (0 ANA, 1 KSL/ANA, 2 KSL/C-DIFF,
             3 LOC KSL/ANA, 4 LOC TAN-SLOPE) =      0
     TOLUNS (TOLERANCE FOR NONLINEAR ITER)   =     1.00000E-04
     TOLSWI (TOLERANCE FOR BC SWITCHING)     =     1.00000E+30
     L2NORM (0 INFINITY NORM, ELSE L2 NORM)  =      0

 nlinr  linr converg error norms  node   PNEW at   POLD at   resid error norms
  iter  iter       PL2      PINF IKMAX     IKMAX     IKMAX       FL2      FINF
 =============================================================================
                        (NSTEP:     1  DELTAT:   1.0000E-02  TIME:   1.0000E-02)
     1     8 8.778E-03 4.598E-04  6016  1.56E+00  1.56E+00 6.416E-06 9.466E-07
     2     7 3.586E-02 6.490E-03   395 -6.41E-03  7.83E-05 4.681E-05 2.036E-05
     3     5 1.410E-02 4.579E-03   395 -1.83E-03 -6.41E-03 1.429E-03 8.792E-04
     4     6 1.150E-02 5.073E-03   853  5.23E-03  1.54E-04 2.201E-04 1.274E-04
     5     6 1.091E-02 5.119E-03   836  5.52E-03  4.00E-04 4.624E-05 2.708E-05
     6     6 5.503E-04 1.561E-04   836  5.67E-03  5.52E-03 9.380E-06 7.287E-06
     7     6 1.257E-04 3.840E-05   836  5.71E-03  5.67E-03 1.349E-06 1.088E-06
                        (NSTEP:     2  DELTAT:   5.0000E-03  TIME:   1.5000E-02)
     1     6 2.655E-03 3.909E-04  3969  2.60E-01  2.60E-01 2.100E-06 9.939E-07
     2     4 1.672E-06 1.010E-06   412 -8.61E-05 -8.71E-05 8.760E-08 6.412E-08
                        (NSTEP:     3  DELTAT:   5.5000E-03  TIME:   2.0500E-02)
     1     7 1.379E-03 2.265E-04  4851  5.76E-01  5.76E-01 1.619E-06 8.640E-07
     2     5 1.815E-05 7.749E-06   854  5.96E-03  5.95E-03 1.079E-07 9.242E-08
                        (NSTEP:     4  DELTAT:   6.0500E-03  TIME:   2.6550E-02)
     1     6 1.295E-03 4.153E-04   412  3.14E-04 -1.02E-04 3.563E-05 2.259E-05
     2     5 2.075E-05 9.417E-06   853  6.10E-03  6.09E-03 6.695E-08 5.984E-08
                        (NSTEP:     5  DELTAT:   6.6550E-03  TIME:   3.3205E-02)
     1     6 9.085E-04 2.993E-04   853  5.80E-03  6.10E-03 1.979E-05 1.611E-05
     2     5 8.142E-07 1.572E-07   836  5.67E-03  5.67E-03 1.090E-08 6.384E-09
                        (NSTEP:     6  DELTAT:   7.3205E-03  TIME:   4.0525E-02)
     1     6 5.710E-04 8.681E-05  5292  8.87E-01  8.87E-01 1.393E-05 1.157E-05
                        (NSTEP:     7  DELTAT:   8.0526E-03  TIME:   4.8578E-02)
     1     6 4.879E-04 7.251E-05  5733  1.19E+00  1.19E+00 9.773E-06 8.263E-06
                        (NSTEP:     8  DELTAT:   8.8578E-03  TIME:   5.7436E-02)
     1     7 4.332E-04 6.098E-05  5733  1.19E+00  1.19E+00 6.788E-06 5.852E-06
                        (NSTEP:     9  DELTAT:   9.7436E-03  TIME:   6.7179E-02)
     1     7 3.963E-04 5.121E-05  5733  1.19E+00  1.19E+00 4.662E-06 4.095E-06
                        (NSTEP:    10  DELTAT:   1.0718E-02  TIME:   7.7897E-02)
     1     7 3.708E-04 4.480E-05  6174  1.80E+00  1.80E+00 3.176E-06 2.813E-06
                        (NSTEP:    11  DELTAT:   1.1790E-02  TIME:   8.9687E-02)
     1     8 3.520E-04 4.117E-05  6174  1.80E+00  1.80E+00 2.181E-06 1.878E-06
                        (NSTEP:    12  DELTAT:   1.2969E-02  TIME:   1.0266E-01)
     1     8 3.368E-04 3.883E-05  6615  2.41E+00  2.41E+00 1.580E-06 1.196E-06
                        (NSTEP:    13  DELTAT:   1.4266E-02  TIME:   1.1692E-01)
     1     8 3.229E-04 3.720E-05  7056  3.07E+00  3.07E+00 1.297E-06 8.288E-07
                        (NSTEP:    14  DELTAT:   1.5692E-02  TIME:   1.3261E-01)
     1     9 3.092E-04 3.535E-05  7056  3.07E+00  3.07E+00 1.130E-06 5.446E-07
                        (NSTEP:    15  DELTAT:   1.7261E-02  TIME:   1.4987E-01)
     1     9 2.947E-04 3.306E-05  7056  3.07E+00  3.07E+00 1.043E-06 4.723E-07
                        (NSTEP:    16  DELTAT:   1.8987E-02  TIME:   1.6886E-01)
     1     9 2.793E-04 3.047E-05  7056  3.07E+00  3.07E+00 1.006E-06 4.733E-07
                        (NSTEP:    17  DELTAT:   2.0886E-02  TIME:   1.8975E-01)
     1    10 2.630E-04 2.773E-05  7056  3.07E+00  3.07E+00 9.954E-07 4.715E-07
                        (NSTEP:    18  DELTAT:   2.2975E-02  TIME:   2.1272E-01)
     1    10 2.457E-04 2.492E-05  7056  3.07E+00  3.07E+00 9.975E-07 4.672E-07
                        (NSTEP:    19  DELTAT:   2.5272E-02  TIME:   2.3800E-01)
     1    10 2.282E-04 2.212E-05  7056  3.07E+00  3.07E+00 1.003E-06 4.604E-07
                        (NSTEP:    20  DELTAT:   2.7800E-02  TIME:   2.6580E-01)
     1    10 2.115E-04 2.288E-05   836  5.77E-03  5.74E-03 1.009E-06 4.512E-07
                        (NSTEP:    21  DELTAT:   3.0580E-02  TIME:   2.9637E-01)
     1    11 2.033E-04 3.690E-05   836  5.80E-03  5.77E-03 1.011E-06 4.397E-07
                        (NSTEP:    22  DELTAT:   3.3637E-02  TIME:   3.3001E-01)
     1     9 5.843E-04 3.438E-04   374 -2.45E-02 -2.48E-02 3.282E-05 2.055E-05
     2    10 3.195E-05 1.424E-05   836  5.79E-03  5.81E-03 1.806E-07 1.366E-07
                        (NSTEP:    23  DELTAT:   3.7001E-02  TIME:   3.6701E-01)
     1    10 4.188E-04 2.443E-04   394 -5.78E-03 -6.02E-03 2.070E-05 1.330E-05
     2    10 5.366E-06 1.710E-06  1276  1.11E-02  1.11E-02 7.829E-08 5.234E-08
                        (NSTEP:    24  DELTAT:   4.0701E-02  TIME:   4.0772E-01)
     1    10 3.058E-04 1.683E-04   394 -5.61E-03 -5.78E-03 1.275E-05 8.315E-06
     2    11 7.118E-06 2.784E-06  1276  1.12E-02  1.12E-02 8.621E-08 8.485E-08
                        (NSTEP:    25  DELTAT:   4.4772E-02  TIME:   4.5249E-01)
     1    11 2.385E-04 1.098E-04   394 -5.50E-03 -5.61E-03 7.787E-06 4.899E-06
     2    11 9.936E-06 4.162E-06  1276  1.13E-02  1.13E-02 1.213E-07 1.187E-07
                        (NSTEP:    26  DELTAT:   4.9249E-02  TIME:   5.0174E-01)
     1    12 2.124E-04 7.516E-05   835 -3.27E-04 -4.02E-04 5.163E-06 2.765E-06
                        (NSTEP:    27  DELTAT:   5.4174E-02  TIME:   5.5591E-01)
     1    12 2.187E-04 8.642E-05   835 -2.40E-04 -3.27E-04 4.099E-06 2.758E-06
                        (NSTEP:    28  DELTAT:   5.9591E-02  TIME:   6.1550E-01)
     1    12 2.362E-04 9.900E-05   835 -1.41E-04 -2.40E-04 3.480E-06 2.631E-06
                        (NSTEP:    29  DELTAT:   6.5550E-02  TIME:   6.8105E-01)
     1    13 2.742E-04 1.175E-04   835 -2.39E-05 -1.41E-04 3.115E-06 2.396E-06
     2    14 1.242E-04 5.500E-05  1276  1.17E-02  1.16E-02 5.756E-07 5.617E-07
                        (NSTEP:    30  DELTAT:   7.2105E-02  TIME:   7.5315E-01)
     1    15 1.072E-03 4.801E-04   835  5.06E-04  2.56E-05 2.771E-06 1.949E-06
     2    15 7.024E-06 1.136E-06   882  6.58E-03  6.58E-03 1.406E-08 6.590E-09
                        (NSTEP:    31  DELTAT:   7.9315E-02  TIME:   8.3247E-01)
     1    13 1.877E-04 6.993E-05   394 -5.17E-03 -5.24E-03 2.550E-06 1.569E-06
                        (NSTEP:    32  DELTAT:   8.7247E-02  TIME:   9.1972E-01)
     1    14 1.580E-04 5.815E-05   394 -5.11E-03 -5.17E-03 2.359E-06 1.286E-06
                        (NSTEP:    33  DELTAT:   9.5972E-02  TIME:   1.0157E+00)
     1    14 1.390E-04 5.059E-05   374 -2.40E-02 -2.39E-02 2.211E-06 1.173E-06
                        (NSTEP:    34  DELTAT:   1.0557E-01  TIME:   1.1213E+00)
     1    15 1.236E-04 5.747E-05   374 -2.41E-02 -2.40E-02 2.056E-06 1.200E-06
                        (NSTEP:    35  DELTAT:   1.1613E-01  TIME:   1.2374E+00)
     1    14 1.081E-04 5.622E-05   374 -2.41E-02 -2.41E-02 1.817E-06 1.076E-06
                        (NSTEP:    36  DELTAT:   1.2774E-01  TIME:   1.3651E+00)
     1    15 9.718E-05 5.445E-05   374 -2.42E-02 -2.41E-02 1.610E-06 9.560E-07
                        (NSTEP:    37  DELTAT:   1.4051E-01  TIME:   1.5056E+00)
     1    15 9.179E-05 5.219E-05   374 -2.42E-02 -2.42E-02 1.435E-06 8.411E-07
                        (NSTEP:    38  DELTAT:   1.5456E-01  TIME:   1.6602E+00)
     1    19 1.334E-03 5.576E-04   412 -5.57E-04  6.68E-07 1.293E-06 7.324E-07
     2    18 8.421E-04 3.687E-04   412 -1.88E-04 -5.57E-04 1.815E-06 1.812E-06
     3    19 2.534E-04 1.044E-04   853  5.70E-03  5.60E-03 2.490E-07 2.449E-07
     4    19 4.837E-05 2.024E-05   853  5.72E-03  5.70E-03 2.636E-08 2.109E-08
                        (NSTEP:    39  DELTAT:   1.7002E-01  TIME:   1.8302E+00)
     1    17 2.005E-04 7.311E-05   412 -1.44E-04 -7.12E-05 1.176E-06 6.309E-07
                        (NSTEP:    40  DELTAT:   1.8702E-01  TIME:   2.0172E+00)
     1    18 2.075E-04 7.133E-05   853  5.58E-03  5.65E-03 1.084E-06 5.375E-07
                        (NSTEP:    41  DELTAT:   2.0572E-01  TIME:   2.2230E+00)
     1    18 2.185E-04 7.311E-05   412 -2.88E-04 -2.15E-04 1.017E-06 4.528E-07
                        (NSTEP:    42  DELTAT:   2.2630E-01  TIME:   2.4493E+00)
     1    19 2.324E-04 7.613E-05   412 -3.64E-04 -2.88E-04 9.700E-07 3.774E-07
                        (NSTEP:    43  DELTAT:   2.4893E-01  TIME:   2.6982E+00)
     1    19 2.471E-04 7.901E-05   412 -4.43E-04 -3.64E-04 9.382E-07 3.428E-07
                        (NSTEP:    44  DELTAT:   2.7382E-01  TIME:   2.9720E+00)
     1    19 2.623E-04 8.164E-05   412 -5.25E-04 -4.43E-04 9.171E-07 3.650E-07
                        (NSTEP:    45  DELTAT:   3.0120E-01  TIME:   3.2732E+00)
     1    20 2.776E-04 8.399E-05   412 -6.09E-04 -5.25E-04 9.027E-07 3.804E-07
                        (NSTEP:    46  DELTAT:   3.3132E-01  TIME:   3.6045E+00)
     1    20 2.931E-04 8.607E-05   412 -6.95E-04 -6.09E-04 8.922E-07 3.904E-07
                        (NSTEP:    47  DELTAT:   3.6445E-01  TIME:   3.9690E+00)
     1    20 3.086E-04 8.788E-05   412 -7.83E-04 -6.95E-04 8.835E-07 3.959E-07
                        (NSTEP:    48  DELTAT:   4.0090E-01  TIME:   4.3699E+00)
     1    20 3.240E-04 8.942E-05   412 -8.72E-04 -7.83E-04 8.754E-07 3.975E-07
                        (NSTEP:    49  DELTAT:   4.4099E-01  TIME:   4.8109E+00)
     1    21 3.394E-04 9.361E-05   394 -5.59E-03 -5.50E-03 8.670E-07 3.958E-07
                        (NSTEP:    50  DELTAT:   4.8509E-01  TIME:   5.2959E+00)
     1    21 3.545E-04 1.009E-04   394 -5.69E-03 -5.59E-03 8.582E-07 3.912E-07
     2    23 4.941E-05 7.614E-06   882  6.66E-03  6.65E-03 8.963E-08 4.398E-08
                        (NSTEP:    51  DELTAT:   5.3359E-01  TIME:   5.8295E+00)
     1    22 3.682E-04 1.079E-04   394 -5.80E-03 -5.69E-03 8.462E-07 3.857E-07
     2    23 5.629E-05 8.370E-06   882  6.66E-03  6.66E-03 1.165E-07 4.833E-08
                        (NSTEP:    52  DELTAT:   5.8695E-01  TIME:   6.4165E+00)
     1    22 3.316E-04 9.309E-05   412 -1.24E-03 -1.14E-03 8.255E-07 3.529E-07
                        (NSTEP:    53  DELTAT:   6.4565E-01  TIME:   7.0621E+00)
     1    22 3.389E-04 9.304E-05   412 -1.33E-03 -1.24E-03 7.973E-07 2.673E-07
                        (NSTEP:    54  DELTAT:   7.1021E-01  TIME:   7.7724E+00)
     1    22 3.392E-04 9.266E-05   412 -1.42E-03 -1.33E-03 7.861E-07 2.278E-07
                        (NSTEP:    55  DELTAT:   7.8124E-01  TIME:   8.5536E+00)
     1    22 3.421E-04 9.193E-05   412 -1.51E-03 -1.42E-03 7.798E-07 2.043E-07
                        (NSTEP:    56  DELTAT:   8.5936E-01  TIME:   9.4130E+00)
     1    22 3.460E-04 9.084E-05   412 -1.60E-03 -1.51E-03 7.756E-07 1.873E-07
                        (NSTEP:    57  DELTAT:   9.4530E-01  TIME:   1.0358E+01)
     1    22 3.507E-04 8.939E-05   412 -1.69E-03 -1.60E-03 7.727E-07 1.772E-07
                        (NSTEP:    58  DELTAT:   1.0398E+00  TIME:   1.1398E+01)
     1    22 3.560E-04 8.758E-05   412 -1.78E-03 -1.69E-03 7.711E-07 1.740E-07
                        (NSTEP:    59  DELTAT:   1.1438E+00  TIME:   1.2542E+01)
     1    22 3.619E-04 8.743E-05   394 -6.47E-03 -6.38E-03 7.705E-07 1.704E-07
                        (NSTEP:    60  DELTAT:   1.2582E+00  TIME:   1.3800E+01)
     1    22 3.685E-04 8.951E-05   394 -6.56E-03 -6.47E-03 7.711E-07 1.665E-07
                        (NSTEP:    61  DELTAT:   1.3840E+00  TIME:   1.5184E+01)
     1    22 3.758E-04 9.161E-05   394 -6.65E-03 -6.56E-03 7.728E-07 1.624E-07
                        (NSTEP:    62  DELTAT:   1.5224E+00  TIME:   1.6706E+01)
     1    22 3.841E-04 9.367E-05   394 -6.74E-03 -6.65E-03 7.759E-07 1.580E-07
                        (NSTEP:    63  DELTAT:   1.6746E+00  TIME:   1.8381E+01)
     1    22 3.936E-04 9.566E-05   394 -6.84E-03 -6.74E-03 7.805E-07 1.542E-07
                        (NSTEP:    64  DELTAT:   1.8421E+00  TIME:   2.0223E+01)
     1    22 4.043E-04 9.751E-05   394 -6.94E-03 -6.84E-03 7.868E-07 1.500E-07
                        (NSTEP:    65  DELTAT:   2.0263E+00  TIME:   2.2250E+01)
     1    22 4.165E-04 9.919E-05   394 -7.03E-03 -6.94E-03 7.950E-07 1.628E-07
                        (NSTEP:    66  DELTAT:   2.2290E+00  TIME:   2.4479E+01)
     1    22 4.305E-04 1.007E-04   394 -7.14E-03 -7.03E-03 8.055E-07 1.785E-07
     2    24 2.239E-04 3.415E-05   882  6.95E-03  6.92E-03 3.949E-07 1.956E-07
                        (NSTEP:    67  DELTAT:   2.4519E+00  TIME:   2.6930E+01)
     1    24 4.138E-04 1.026E-04   394 -7.24E-03 -7.13E-03 7.172E-07 1.326E-07
     2    24 2.455E-04 3.745E-05   882  6.99E-03  6.95E-03 4.325E-07 2.142E-07
                        (NSTEP:    68  DELTAT:   2.6970E+00  TIME:   2.9627E+01)
     1    24 4.269E-04 1.038E-04   394 -7.34E-03 -7.23E-03 7.138E-07 1.258E-07
     2    24 2.690E-04 4.105E-05   882  7.03E-03  6.99E-03 4.734E-07 2.345E-07
                        (NSTEP:    69  DELTAT:   2.9667E+00  TIME:   3.2594E+01)
     1    24 4.406E-04 1.046E-04   394 -7.44E-03 -7.34E-03 7.106E-07 1.191E-07
     2    24 2.947E-04 4.497E-05   882  7.08E-03  7.03E-03 5.180E-07 2.566E-07
                        (NSTEP:    70  DELTAT:   3.2634E+00  TIME:   3.5858E+01)
     1    24 4.556E-04 1.050E-04   394 -7.54E-03 -7.44E-03 7.075E-07 1.123E-07
     2    24 3.226E-04 4.925E-05   882  7.13E-03  7.08E-03 5.663E-07 2.806E-07
                        (NSTEP:    71  DELTAT:   3.5898E+00  TIME:   3.9447E+01)
     1    24 4.724E-04 1.051E-04   394 -7.65E-03 -7.54E-03 7.046E-07 1.053E-07
     2    24 3.528E-04 5.391E-05   882  7.18E-03  7.13E-03 6.188E-07 3.066E-07
                        (NSTEP:    72  DELTAT:   3.9487E+00  TIME:   4.3396E+01)
     1    24 4.910E-04 1.049E-04   394 -7.75E-03 -7.64E-03 7.018E-07 9.822E-08
     2    24 3.857E-04 5.897E-05   882  7.24E-03  7.18E-03 6.757E-07 3.347E-07
                        (NSTEP:    73  DELTAT:   4.3436E+00  TIME:   4.7740E+01)
     1    24 5.119E-04 1.043E-04   394 -7.85E-03 -7.75E-03 6.993E-07 9.116E-08
     2    24 4.211E-04 6.445E-05   882  7.30E-03  7.24E-03 7.370E-07 3.650E-07
                        (NSTEP:    74  DELTAT:   4.7780E+00  TIME:   5.2518E+01)
     1    24 5.355E-04 1.034E-04   394 -7.95E-03 -7.85E-03 6.969E-07 8.851E-08
     2    24 4.594E-04 7.039E-05   882  7.37E-03  7.30E-03 8.031E-07 3.976E-07
                        (NSTEP:    75  DELTAT:   5.2558E+00  TIME:   5.7773E+01)
     1    24 5.622E-04 1.023E-04   394 -8.05E-03 -7.95E-03 6.947E-07 8.850E-08
     2    24 5.004E-04 7.681E-05   882  7.45E-03  7.37E-03 8.739E-07 4.324E-07
                        (NSTEP:    76  DELTAT:   5.7813E+00  TIME:   6.3555E+01)
     1    23 5.927E-04 1.011E-04   394 -8.15E-03 -8.05E-03 6.927E-07 8.849E-08
     2    24 5.444E-04 8.371E-05   882  7.53E-03  7.45E-03 9.494E-07 4.695E-07
                        (NSTEP:    77  DELTAT:   6.3595E+00  TIME:   6.9914E+01)
     1    23 6.278E-04 9.973E-05   394 -8.25E-03 -8.15E-03 6.909E-07 8.847E-08
                        (NSTEP:    78  DELTAT:   6.9954E+00  TIME:   7.6910E+01)
     1    25 8.272E-04 9.769E-05   394 -8.35E-03 -8.25E-03 1.239E-06 5.086E-07
                        (NSTEP:    79  DELTAT:   7.6950E+00  TIME:   8.4605E+01)
     1    25 8.892E-04 9.890E-05   882  7.72E-03  7.62E-03 1.309E-06 5.493E-07
                        (NSTEP:    80  DELTAT:   8.4645E+00  TIME:   9.3069E+01)
     1    25 9.597E-04 1.072E-04   882  7.83E-03  7.72E-03 1.383E-06 5.912E-07
     2    24 7.430E-04 1.161E-04   882  7.95E-03  7.83E-03 1.288E-06 6.329E-07
     3    24 1.445E-06 2.766E-07   882  7.95E-03  7.95E-03 2.628E-09 1.289E-09
                        (NSTEP:    81  DELTAT:   9.3109E+00  TIME:   1.0238E+02)
     1    25 8.432E-04 9.820E-05   394 -8.63E-03 -8.54E-03 6.860E-07 8.840E-08
                        (NSTEP:    82  DELTAT:   1.0000E+01  TIME:   1.1238E+02)
     1    25 1.055E-03 1.252E-04   882  8.07E-03  7.95E-03 1.534E-06 6.722E-07
     2    24 7.971E-04 1.277E-04   882  8.20E-03  8.07E-03 1.372E-06 6.670E-07
     3    24 1.878E-06 3.766E-07   882  8.20E-03  8.20E-03 3.344E-09 1.605E-09
                        (NSTEP:    83  DELTAT:   1.0000E+01  TIME:   1.2238E+02)
     1    25 8.414E-04 1.439E-04   412 -3.04E-03 -3.18E-03 6.851E-07 8.836E-08
     2    24 6.904E-04 1.126E-04   882  8.31E-03  8.20E-03 1.181E-06 5.663E-07
     3    24 1.653E-06 3.440E-07   882  8.31E-03  8.31E-03 2.894E-09 1.352E-09
                        (NSTEP:    84  DELTAT:   1.0000E+01  TIME:   1.3238E+02)
     1    25 9.453E-04 2.056E-04   412 -2.83E-03 -3.04E-03 6.841E-07 8.833E-08
     2    24 6.608E-04 1.096E-04   882  8.42E-03  8.31E-03 1.126E-06 5.355E-07
     3    24 1.619E-06 3.448E-07   882  8.42E-03  8.42E-03 2.842E-09 1.284E-09
                        (NSTEP:    85  DELTAT:   1.0000E+01  TIME:   1.4238E+02)
     1    25 9.438E-04 2.232E-04   412 -2.61E-03 -2.83E-03 6.825E-07 8.831E-08
     2    24 6.332E-04 1.066E-04   882  8.53E-03  8.42E-03 1.076E-06 5.078E-07
     3    24 1.584E-06 3.434E-07   882  8.53E-03  8.53E-03 2.780E-09 1.224E-09
                        (NSTEP:    86  DELTAT:   1.0000E+01  TIME:   1.5238E+02)
     1    25 9.039E-04 2.215E-04   412 -2.38E-03 -2.60E-03 6.806E-07 8.828E-08
     2    24 6.074E-04 1.035E-04   882  8.63E-03  8.53E-03 1.030E-06 4.828E-07
     3    24 1.548E-06 3.402E-07   882  8.63E-03  8.63E-03 2.711E-09 1.168E-09
                        (NSTEP:    87  DELTAT:   1.0000E+01  TIME:   1.6238E+02)
     1    25 8.589E-04 2.118E-04   412 -2.17E-03 -2.38E-03 6.788E-07 8.825E-08
     2    24 5.833E-04 1.005E-04   882  8.73E-03  8.63E-03 9.869E-07 4.599E-07
     3    24 1.509E-06 3.357E-07   882  8.73E-03  8.73E-03 2.641E-09 1.116E-09
                        (NSTEP:    88  DELTAT:   1.0000E+01  TIME:   1.7238E+02)
     1    25 8.196E-04 1.991E-04   412 -1.97E-03 -2.17E-03 6.773E-07 8.823E-08
     2    24 5.607E-04 9.746E-05   882  8.83E-03  8.73E-03 9.471E-07 4.389E-07
                        (NSTEP:    89  DELTAT:   1.0000E+01  TIME:   1.8238E+02)
     1    25 7.874E-04 1.856E-04   412 -1.78E-03 -1.96E-03 6.759E-07 8.820E-08
     2    24 5.393E-04 9.448E-05   882  8.92E-03  8.83E-03 9.098E-07 4.195E-07
                        (NSTEP:    90  DELTAT:   1.0000E+01  TIME:   1.9238E+02)
     1    25 7.611E-04 1.725E-04   412 -1.60E-03 -1.78E-03 6.746E-07 8.829E-08
     2    24 5.191E-04 9.156E-05   882  9.01E-03  8.92E-03 8.746E-07 4.016E-07
                        (NSTEP:    91  DELTAT:   1.0000E+01  TIME:   2.0238E+02)
     1    25 7.392E-04 1.601E-04   412 -1.44E-03 -1.60E-03 6.735E-07 8.840E-08
     2    24 4.999E-04 8.869E-05   882  9.10E-03  9.01E-03 8.413E-07 3.848E-07
                        (NSTEP:    92  DELTAT:   1.0000E+01  TIME:   2.1238E+02)
     1    25 7.207E-04 1.485E-04   412 -1.29E-03 -1.44E-03 6.725E-07 8.852E-08
     2    24 4.815E-04 8.588E-05   882  9.19E-03  9.10E-03 8.096E-07 3.692E-07
                        (NSTEP:    93  DELTAT:   1.0000E+01  TIME:   2.2238E+02)
     1    25 7.048E-04 1.377E-04   412 -1.15E-03 -1.29E-03 6.716E-07 8.863E-08
     2    24 4.640E-04 8.314E-05   882  9.27E-03  9.19E-03 7.795E-07 3.544E-07
                        (NSTEP:    94  DELTAT:   1.0000E+01  TIME:   2.3238E+02)
     1    25 6.911E-04 1.277E-04   412 -1.02E-03 -1.15E-03 6.709E-07 8.874E-08
     2    24 4.471E-04 8.041E-05   882  9.35E-03  9.27E-03 7.505E-07 3.404E-07
                        (NSTEP:    95  DELTAT:   1.0000E+01  TIME:   2.4238E+02)
     1    25 6.792E-04 1.185E-04   412 -9.01E-04 -1.02E-03 6.701E-07 8.885E-08
     2    24 4.307E-04 7.762E-05   882  9.43E-03  9.35E-03 7.225E-07 3.267E-07
                        (NSTEP:    96  DELTAT:   1.0000E+01  TIME:   2.5238E+02)
     1    25 6.688E-04 1.099E-04   412 -7.90E-04 -9.00E-04 6.695E-07 8.895E-08
     2    24 4.146E-04 7.478E-05   882  9.50E-03  9.43E-03 6.953E-07 3.135E-07
                        (NSTEP:    97  DELTAT:   1.0000E+01  TIME:   2.6238E+02)
     1    25 6.595E-04 1.020E-04   412 -6.87E-04 -7.89E-04 6.689E-07 8.906E-08
     2    24 3.989E-04 7.193E-05   882  9.57E-03  9.50E-03 6.690E-07 3.006E-07
                        (NSTEP:    98  DELTAT:   1.0000E+01  TIME:   2.7238E+02)
     1    25 6.516E-04 9.460E-05   412 -5.91E-04 -6.86E-04 6.683E-07 8.916E-08
                        (NSTEP:    99  DELTAT:   1.0000E+01  TIME:   2.8238E+02)
     1    25 7.456E-04 8.829E-05   412 -5.03E-04 -5.91E-04 9.272E-07 2.880E-07
                        (NSTEP:   100  DELTAT:   1.0000E+01  TIME:   2.9238E+02)
     1    25 7.327E-04 8.204E-05   412 -4.21E-04 -5.03E-04 9.095E-07 2.756E-07
                        (NSTEP:   101  DELTAT:   1.0000E+01  TIME:   3.0238E+02)
     1    25 7.208E-04 7.611E-05   412 -3.45E-04 -4.21E-04 8.930E-07 2.636E-07
                        (NSTEP:   102  DELTAT:   1.0000E+01  TIME:   3.1238E+02)
     1    25 7.099E-04 7.056E-05   412 -2.74E-04 -3.45E-04 8.774E-07 2.520E-07
                        (NSTEP:   103  DELTAT:   1.0000E+01  TIME:   3.2238E+02)
     1    25 6.997E-04 6.537E-05   412 -2.09E-04 -2.74E-04 8.626E-07 2.407E-07
                        (NSTEP:   104  DELTAT:   1.0000E+01  TIME:   3.3238E+02)
     1    24 6.904E-04 6.052E-05   412 -1.48E-04 -2.09E-04 8.486E-07 2.298E-07
                        (NSTEP:   105  DELTAT:   1.0000E+01  TIME:   3.4238E+02)
     1    24 6.817E-04 5.627E-05   853  5.69E-03  5.64E-03 8.354E-07 2.192E-07
                        (NSTEP:   106  DELTAT:   1.0000E+01  TIME:   3.5238E+02)
     1    24 6.738E-04 5.237E-05   853  5.75E-03  5.69E-03 8.230E-07 2.089E-07
                        (NSTEP:   107  DELTAT:   1.0000E+01  TIME:   3.6238E+02)
     1    24 6.665E-04 4.889E-05   853  5.80E-03  5.75E-03 8.114E-07 1.989E-07
                        (NSTEP:   108  DELTAT:   1.0000E+01  TIME:   3.7238E+02)
     1    24 6.507E-04 4.441E-05   882  1.01E-02  1.01E-02 8.010E-07 1.893E-07
                        (NSTEP:   109  DELTAT:   1.0000E+01  TIME:   3.8238E+02)
     1    24 6.461E-04 4.199E-05   882  1.02E-02  1.01E-02 7.908E-07 1.800E-07
                        (NSTEP:   110  DELTAT:   1.0000E+01  TIME:   3.9238E+02)
     1    24 6.414E-04 3.966E-05   881  9.80E-03  9.76E-03 7.802E-07 1.711E-07
                        (NSTEP:   111  DELTAT:   1.0000E+01  TIME:   4.0238E+02)
     1    24 6.373E-04 3.798E-05   881  9.83E-03  9.80E-03 7.711E-07 1.625E-07
                        (NSTEP:   112  DELTAT:   1.0000E+01  TIME:   4.1238E+02)
     1    24 6.336E-04 3.637E-05   881  9.87E-03  9.83E-03 7.627E-07 1.542E-07
                        (NSTEP:   113  DELTAT:   1.0000E+01  TIME:   4.2238E+02)
     1    24 6.301E-04 3.481E-05   881  9.91E-03  9.87E-03 7.549E-07 1.463E-07
                        (NSTEP:   114  DELTAT:   1.0000E+01  TIME:   4.3238E+02)
     1    24 6.270E-04 3.332E-05   881  9.94E-03  9.91E-03 7.476E-07 1.387E-07
                        (NSTEP:   115  DELTAT:   1.0000E+01  TIME:   4.4238E+02)
     1    24 6.241E-04 3.188E-05   881  9.97E-03  9.94E-03 7.408E-07 1.335E-07
                        (NSTEP:   116  DELTAT:   1.0000E+01  TIME:   4.5238E+02)
     1    24 6.214E-04 3.050E-05   881  1.00E-02  9.97E-03 7.345E-07 1.286E-07
                        (NSTEP:   117  DELTAT:   1.0000E+01  TIME:   4.6238E+02)
     1    24 6.190E-04 2.918E-05   881  1.00E-02  1.00E-02 7.286E-07 1.239E-07
                        (NSTEP:   118  DELTAT:   1.0000E+01  TIME:   4.7238E+02)
     1    24 6.168E-04 2.791E-05   881  1.01E-02  1.00E-02 7.232E-07 1.194E-07
                        (NSTEP:   119  DELTAT:   1.0000E+01  TIME:   4.8238E+02)
     1    24 6.148E-04 2.669E-05   881  1.01E-02  1.01E-02 7.182E-07 1.150E-07
                        (NSTEP:   120  DELTAT:   1.0000E+01  TIME:   4.9238E+02)
     1    24 6.130E-04 2.553E-05   881  1.01E-02  1.01E-02 7.135E-07 1.108E-07
                        (NSTEP:   121  DELTAT:   1.0000E+01  TIME:   5.0238E+02)
     1    24 6.113E-04 2.442E-05   881  1.01E-02  1.01E-02 7.093E-07 1.068E-07
                        (NSTEP:   122  DELTAT:   1.0000E+01  TIME:   5.1238E+02)
     1    24 6.098E-04 2.336E-05   881  1.02E-02  1.01E-02 7.053E-07 1.029E-07
                        (NSTEP:   123  DELTAT:   1.0000E+01  TIME:   5.2238E+02)
     1    24 6.084E-04 2.234E-05   881  1.02E-02  1.02E-02 7.016E-07 9.910E-08
                        (NSTEP:   124  DELTAT:   1.0000E+01  TIME:   5.3238E+02)
     1    24 6.071E-04 2.138E-05   881  1.02E-02  1.02E-02 6.982E-07 9.548E-08
                        (NSTEP:   125  DELTAT:   1.0000E+01  TIME:   5.4238E+02)
     1    24 6.060E-04 2.045E-05   881  1.02E-02  1.02E-02 6.951E-07 9.199E-08
                        (NSTEP:   126  DELTAT:   1.0000E+01  TIME:   5.5238E+02)
     1    24 6.049E-04 1.957E-05   881  1.02E-02  1.02E-02 6.922E-07 9.152E-08
                        (NSTEP:   127  DELTAT:   1.0000E+01  TIME:   5.6238E+02)
     1    24 6.040E-04 1.873E-05   881  1.03E-02  1.02E-02 6.895E-07 9.159E-08
                        (NSTEP:   128  DELTAT:   1.0000E+01  TIME:   5.7238E+02)
     1    24 6.031E-04 1.793E-05   881  1.03E-02  1.03E-02 6.870E-07 9.166E-08
                        (NSTEP:   129  DELTAT:   1.0000E+01  TIME:   5.8238E+02)
     1    24 6.023E-04 1.728E-05   880  9.62E-03  9.61E-03 6.847E-07 9.173E-08
                        (NSTEP:   130  DELTAT:   1.0000E+01  TIME:   5.9238E+02)
     1    24 6.016E-04 1.666E-05   880  9.64E-03  9.62E-03 6.826E-07 9.180E-08
                        (NSTEP:   131  DELTAT:   1.0000E+01  TIME:   6.0238E+02)
     1    24 6.009E-04 1.606E-05   880  9.66E-03  9.64E-03 6.806E-07 9.187E-08
                        (NSTEP:   132  DELTAT:   1.0000E+01  TIME:   6.1238E+02)
     1    24 6.003E-04 1.548E-05   880  9.67E-03  9.66E-03 6.788E-07 9.194E-08
                        (NSTEP:   133  DELTAT:   1.0000E+01  TIME:   6.2238E+02)
     1    24 5.997E-04 1.492E-05   880  9.69E-03  9.67E-03 6.771E-07 9.201E-08
                        (NSTEP:   134  DELTAT:   1.0000E+01  TIME:   6.3238E+02)
     1    24 5.992E-04 1.438E-05   880  9.70E-03  9.69E-03 6.755E-07 9.208E-08
                        (NSTEP:   135  DELTAT:   1.0000E+01  TIME:   6.4238E+02)
     1    24 5.988E-04 1.385E-05   880  9.72E-03  9.70E-03 6.741E-07 9.214E-08
                        (NSTEP:   136  DELTAT:   1.0000E+01  TIME:   6.5238E+02)
     1    24 5.983E-04 1.335E-05   880  9.73E-03  9.72E-03 6.727E-07 9.221E-08
                        (NSTEP:   137  DELTAT:   1.0000E+01  TIME:   6.6238E+02)
     1    24 5.980E-04 1.286E-05   880  9.74E-03  9.73E-03 6.714E-07 9.228E-08
                        (NSTEP:   138  DELTAT:   1.0000E+01  TIME:   6.7238E+02)
     1    24 5.976E-04 1.238E-05   880  9.75E-03  9.74E-03 6.703E-07 9.234E-08
                        (NSTEP:   139  DELTAT:   1.0000E+01  TIME:   6.8238E+02)
     1    24 5.973E-04 1.193E-05   880  9.77E-03  9.75E-03 6.692E-07 9.241E-08
                        (NSTEP:   140  DELTAT:   1.0000E+01  TIME:   6.9238E+02)
     1    24 5.970E-04 1.148E-05   880  9.78E-03  9.77E-03 6.682E-07 9.247E-08
                        (NSTEP:   141  DELTAT:   1.0000E+01  TIME:   7.0238E+02)
     1    24 5.967E-04 1.106E-05   880  9.79E-03  9.78E-03 6.672E-07 9.254E-08
                        (NSTEP:   142  DELTAT:   1.0000E+01  TIME:   7.1238E+02)
     1    24 5.964E-04 1.064E-05   880  9.80E-03  9.79E-03 6.663E-07 9.260E-08
                        (NSTEP:   143  DELTAT:   1.0000E+01  TIME:   7.2238E+02)
     1    24 5.962E-04 1.031E-05   106 -2.68E-01 -2.68E-01 6.655E-07 9.266E-08
                        (NSTEP:   144  DELTAT:   1.0000E+01  TIME:   7.3238E+02)
     1    24 5.960E-04 1.030E-05   106 -2.68E-01 -2.68E-01 6.647E-07 9.273E-08
                        (NSTEP:   145  DELTAT:   1.0000E+01  TIME:   7.4238E+02)
     1    24 5.958E-04 1.030E-05   106 -2.68E-01 -2.68E-01 6.640E-07 9.279E-08
                        (NSTEP:   146  DELTAT:   1.0000E+01  TIME:   7.5238E+02)
     1    24 5.956E-04 1.030E-05   106 -2.68E-01 -2.68E-01 6.633E-07 9.285E-08
                        (NSTEP:   147  DELTAT:   1.0000E+01  TIME:   7.6238E+02)
     1    24 5.954E-04 1.030E-05   106 -2.68E-01 -2.68E-01 6.627E-07 9.291E-08
                        (NSTEP:   148  DELTAT:   1.0000E+01  TIME:   7.7238E+02)
     1    24 5.953E-04 1.030E-05   106 -2.68E-01 -2.68E-01 6.621E-07 9.298E-08
                        (NSTEP:   149  DELTAT:   1.0000E+01  TIME:   7.8238E+02)
     1    24 5.951E-04 1.030E-05   106 -2.68E-01 -2.68E-01 6.615E-07 9.304E-08
                        (NSTEP:   150  DELTAT:   1.0000E+01  TIME:   7.9238E+02)
     1    24 5.950E-04 1.030E-05   106 -2.68E-01 -2.68E-01 6.610E-07 9.310E-08
                        (NSTEP:   151  DELTAT:   1.0000E+01  TIME:   8.0238E+02)
     1    24 5.949E-04 1.030E-05   106 -2.68E-01 -2.68E-01 6.605E-07 9.316E-08
                        (NSTEP:   152  DELTAT:   1.0000E+01  TIME:   8.1238E+02)
     1    24 5.948E-04 1.029E-05   106 -2.68E-01 -2.68E-01 6.600E-07 9.322E-08
                        (NSTEP:   153  DELTAT:   1.0000E+01  TIME:   8.2238E+02)
     1    24 5.946E-04 1.029E-05   106 -2.69E-01 -2.68E-01 6.596E-07 9.328E-08
                        (NSTEP:   154  DELTAT:   1.0000E+01  TIME:   8.3238E+02)
     1    24 5.945E-04 1.029E-05   106 -2.69E-01 -2.69E-01 6.592E-07 9.334E-08
                        (NSTEP:   155  DELTAT:   1.0000E+01  TIME:   8.4238E+02)
     1    24 5.944E-04 1.029E-05   106 -2.69E-01 -2.69E-01 6.588E-07 9.340E-08
                        (NSTEP:   156  DELTAT:   1.0000E+01  TIME:   8.5238E+02)
     1    24 5.943E-04 1.029E-05   106 -2.69E-01 -2.69E-01 6.584E-07 9.346E-08
                        (NSTEP:   157  DELTAT:   1.0000E+01  TIME:   8.6238E+02)
     1    24 5.942E-04 1.029E-05   106 -2.69E-01 -2.69E-01 6.581E-07 9.352E-08
                        (NSTEP:   158  DELTAT:   1.0000E+01  TIME:   8.7238E+02)
     1    24 5.942E-04 1.029E-05   106 -2.69E-01 -2.69E-01 6.577E-07 9.358E-08
                        (NSTEP:   159  DELTAT:   1.0000E+01  TIME:   8.8238E+02)
     1    24 5.941E-04 1.028E-05   106 -2.69E-01 -2.69E-01 6.574E-07 9.363E-08
                        (NSTEP:   160  DELTAT:   1.0000E+01  TIME:   8.9238E+02)
     1    24 5.940E-04 1.028E-05   106 -2.69E-01 -2.69E-01 6.571E-07 9.369E-08
                        (NSTEP:   161  DELTAT:   1.0000E+01  TIME:   9.0238E+02)
     1    24 5.939E-04 1.028E-05   106 -2.69E-01 -2.69E-01 6.568E-07 9.375E-08
                        (NSTEP:   162  DELTAT:   1.0000E+01  TIME:   9.1238E+02)
     1    24 5.938E-04 1.028E-05   106 -2.69E-01 -2.69E-01 6.565E-07 9.381E-08
                        (NSTEP:   163  DELTAT:   1.0000E+01  TIME:   9.2238E+02)
     1    24 5.938E-04 1.028E-05   106 -2.69E-01 -2.69E-01 6.563E-07 9.387E-08
                        (NSTEP:   164  DELTAT:   1.0000E+01  TIME:   9.3238E+02)
     1    24 5.937E-04 1.028E-05   106 -2.69E-01 -2.69E-01 6.560E-07 9.392E-08
                        (NSTEP:   165  DELTAT:   1.0000E+01  TIME:   9.4238E+02)
     1    24 5.936E-04 1.028E-05   106 -2.69E-01 -2.69E-01 6.558E-07 9.398E-08
                        (NSTEP:   166  DELTAT:   1.0000E+01  TIME:   9.5238E+02)
     1    24 5.936E-04 1.027E-05   106 -2.69E-01 -2.69E-01 6.555E-07 9.404E-08
                        (NSTEP:   167  DELTAT:   1.0000E+01  TIME:   9.6238E+02)
     1    24 5.935E-04 1.027E-05   106 -2.69E-01 -2.69E-01 6.553E-07 9.409E-08
                        (NSTEP:   168  DELTAT:   1.0000E+01  TIME:   9.7238E+02)
     1    24 5.934E-04 1.027E-05   106 -2.69E-01 -2.69E-01 6.551E-07 9.415E-08
                        (NSTEP:   169  DELTAT:   1.0000E+01  TIME:   9.8238E+02)
     1    24 5.934E-04 1.027E-05   106 -2.69E-01 -2.69E-01 6.549E-07 9.421E-08
                        (NSTEP:   170  DELTAT:   1.0000E+01  TIME:   9.9238E+02)
     1    24 5.933E-04 1.027E-05   106 -2.69E-01 -2.69E-01 6.547E-07 9.426E-08
                        (NSTEP:   171  DELTAT:   1.0000E+01  TIME:   1.0024E+03)
     1    24 5.933E-04 1.027E-05   106 -2.69E-01 -2.69E-01 6.545E-07 9.432E-08
                        (NSTEP:   172  DELTAT:   1.0000E+01  TIME:   1.0124E+03)
     1    24 5.932E-04 1.026E-05   106 -2.69E-01 -2.69E-01 6.543E-07 9.437E-08
                        (NSTEP:   173  DELTAT:   1.0000E+01  TIME:   1.0224E+03)
     1    24 5.932E-04 1.026E-05   106 -2.69E-01 -2.69E-01 6.541E-07 9.443E-08
                        (NSTEP:   174  DELTAT:   1.0000E+01  TIME:   1.0324E+03)
     1    24 5.931E-04 1.026E-05   106 -2.69E-01 -2.69E-01 6.540E-07 9.448E-08
                        (NSTEP:   175  DELTAT:   1.0000E+01  TIME:   1.0424E+03)
     1    24 5.930E-04 1.026E-05   106 -2.69E-01 -2.69E-01 6.538E-07 9.454E-08
                        (NSTEP:   176  DELTAT:   1.0000E+01  TIME:   1.0524E+03)
     1    24 5.930E-04 1.026E-05   106 -2.69E-01 -2.69E-01 6.536E-07 9.459E-08
                        (NSTEP:   177  DELTAT:   1.0000E+01  TIME:   1.0624E+03)
     1    24 5.929E-04 1.026E-05   106 -2.69E-01 -2.69E-01 6.535E-07 9.465E-08
                        (NSTEP:   178  DELTAT:   1.0000E+01  TIME:   1.0724E+03)
     1    24 5.929E-04 1.026E-05   106 -2.69E-01 -2.69E-01 6.533E-07 9.470E-08
                        (NSTEP:   179  DELTAT:   1.0000E+01  TIME:   1.0824E+03)
     1    24 5.928E-04 1.025E-05   106 -2.69E-01 -2.69E-01 6.532E-07 9.476E-08
                        (NSTEP:   180  DELTAT:   1.0000E+01  TIME:   1.0924E+03)
     1    24 5.927E-04 1.025E-05   106 -2.69E-01 -2.69E-01 6.530E-07 9.481E-08
                        (NSTEP:   181  DELTAT:   1.0000E+01  TIME:   1.1024E+03)
     1    24 5.927E-04 1.025E-05   106 -2.69E-01 -2.69E-01 6.529E-07 9.487E-08
                        (NSTEP:   182  DELTAT:   1.0000E+01  TIME:   1.1124E+03)
     1    24 5.926E-04 1.025E-05   106 -2.69E-01 -2.69E-01 6.527E-07 9.492E-08
                        (NSTEP:   183  DELTAT:   1.0000E+01  TIME:   1.1224E+03)
     1    24 5.926E-04 1.025E-05   106 -2.69E-01 -2.69E-01 6.526E-07 9.497E-08
                        (NSTEP:   184  DELTAT:   1.0000E+01  TIME:   1.1324E+03)
     1    24 5.925E-04 1.025E-05   106 -2.69E-01 -2.69E-01 6.524E-07 9.503E-08
                        (NSTEP:   185  DELTAT:   1.0000E+01  TIME:   1.1424E+03)
     1    24 5.925E-04 1.024E-05   106 -2.69E-01 -2.69E-01 6.523E-07 9.508E-08
                        (NSTEP:   186  DELTAT:   1.0000E+01  TIME:   1.1524E+03)
     1    24 5.928E-04 1.024E-05   106 -2.69E-01 -2.69E-01 6.520E-07 9.513E-08
                        (NSTEP:   187  DELTAT:   1.0000E+01  TIME:   1.1624E+03)
     1    24 5.924E-04 1.024E-05   106 -2.69E-01 -2.69E-01 6.519E-07 9.519E-08
                        (NSTEP:   188  DELTAT:   1.0000E+01  TIME:   1.1724E+03)
     1    24 5.922E-04 1.024E-05   106 -2.69E-01 -2.69E-01 6.517E-07 9.524E-08
                        (NSTEP:   189  DELTAT:   1.0000E+01  TIME:   1.1824E+03)
     1    24 5.921E-04 1.024E-05   106 -2.69E-01 -2.69E-01 6.516E-07 9.529E-08
                        (NSTEP:   190  DELTAT:   1.0000E+01  TIME:   1.1924E+03)
     1    24 5.920E-04 1.024E-05   106 -2.69E-01 -2.69E-01 6.514E-07 9.535E-08
                        (NSTEP:   191  DELTAT:   1.0000E+01  TIME:   1.2024E+03)
     1    24 5.920E-04 1.024E-05   106 -2.69E-01 -2.69E-01 6.513E-07 9.540E-08
                        (NSTEP:   192  DELTAT:   1.0000E+01  TIME:   1.2124E+03)
     1    24 5.919E-04 1.023E-05   106 -2.69E-01 -2.69E-01 6.511E-07 9.545E-08
                        (NSTEP:   193  DELTAT:   1.0000E+01  TIME:   1.2224E+03)
     1    24 5.918E-04 1.023E-05   106 -2.69E-01 -2.69E-01 6.510E-07 9.550E-08
                        (NSTEP:   194  DELTAT:   1.0000E+01  TIME:   1.2324E+03)
     1    24 5.917E-04 1.023E-05   106 -2.69E-01 -2.69E-01 6.509E-07 9.556E-08
                        (NSTEP:   195  DELTAT:   1.0000E+01  TIME:   1.2424E+03)
     1    24 5.916E-04 1.023E-05   106 -2.69E-01 -2.69E-01 6.507E-07 9.561E-08
                        (NSTEP:   196  DELTAT:   1.0000E+01  TIME:   1.2524E+03)
     1    24 5.916E-04 1.023E-05   106 -2.69E-01 -2.69E-01 6.506E-07 9.566E-08
                        (NSTEP:   197  DELTAT:   1.0000E+01  TIME:   1.2624E+03)
     1    24 5.915E-04 1.023E-05   106 -2.69E-01 -2.69E-01 6.505E-07 9.571E-08
                        (NSTEP:   198  DELTAT:   1.0000E+01  TIME:   1.2724E+03)
     1    24 5.914E-04 1.022E-05   106 -2.69E-01 -2.69E-01 6.503E-07 9.576E-08
                        (NSTEP:   199  DELTAT:   1.0000E+01  TIME:   1.2824E+03)
     1    24 5.913E-04 1.022E-05   106 -2.69E-01 -2.69E-01 6.502E-07 9.581E-08
                        (NSTEP:   200  DELTAT:   1.0000E+01  TIME:   1.2924E+03)
     1    24 5.913E-04 1.022E-05   106 -2.69E-01 -2.69E-01 6.501E-07 9.587E-08
                        (NSTEP:   201  DELTAT:   1.0000E+01  TIME:   1.3024E+03)
     1    24 5.912E-04 1.022E-05   106 -2.69E-01 -2.69E-01 6.499E-07 9.592E-08
                        (NSTEP:   202  DELTAT:   1.0000E+01  TIME:   1.3124E+03)
     1    24 5.911E-04 1.022E-05   106 -2.69E-01 -2.69E-01 6.498E-07 9.597E-08
                        (NSTEP:   203  DELTAT:   1.0000E+01  TIME:   1.3224E+03)
     1    24 5.910E-04 1.022E-05   106 -2.69E-01 -2.69E-01 6.497E-07 9.602E-08
                        (NSTEP:   204  DELTAT:   1.0000E+01  TIME:   1.3324E+03)
     1    24 5.910E-04 1.022E-05   106 -2.69E-01 -2.69E-01 6.495E-07 9.607E-08
                        (NSTEP:   205  DELTAT:   1.0000E+01  TIME:   1.3424E+03)
     1    24 5.909E-04 1.021E-05   106 -2.69E-01 -2.69E-01 6.494E-07 9.612E-08
                        (NSTEP:   206  DELTAT:   1.0000E+01  TIME:   1.3524E+03)
     1    24 5.908E-04 1.021E-05   106 -2.69E-01 -2.69E-01 6.493E-07 9.617E-08
                        (NSTEP:   207  DELTAT:   1.0000E+01  TIME:   1.3624E+03)
     1    24 5.907E-04 1.021E-05   106 -2.69E-01 -2.69E-01 6.492E-07 9.622E-08
                        (NSTEP:   208  DELTAT:   1.0000E+01  TIME:   1.3724E+03)
     1    24 5.907E-04 1.021E-05   106 -2.69E-01 -2.69E-01 6.491E-07 9.627E-08
                        (NSTEP:   209  DELTAT:   1.0000E+01  TIME:   1.3824E+03)
     1    24 5.906E-04 1.021E-05   106 -2.69E-01 -2.69E-01 6.489E-07 9.632E-08
                        (NSTEP:   210  DELTAT:   1.0000E+01  TIME:   1.3924E+03)
     1    24 5.905E-04 1.021E-05   106 -2.69E-01 -2.69E-01 6.488E-07 9.637E-08
                        (NSTEP:   211  DELTAT:   1.0000E+01  TIME:   1.4024E+03)
     1    24 5.904E-04 1.021E-05   106 -2.69E-01 -2.69E-01 6.487E-07 9.642E-08
                        (NSTEP:   212  DELTAT:   1.0000E+01  TIME:   1.4124E+03)
     1    24 5.904E-04 1.020E-05   106 -2.69E-01 -2.69E-01 6.486E-07 9.647E-08
                        (NSTEP:   213  DELTAT:   1.0000E+01  TIME:   1.4224E+03)
     1    24 5.903E-04 1.020E-05   106 -2.69E-01 -2.69E-01 6.484E-07 9.652E-08
                        (NSTEP:   214  DELTAT:   1.0000E+01  TIME:   1.4324E+03)
     1    24 5.902E-04 1.020E-05   106 -2.69E-01 -2.69E-01 6.483E-07 9.657E-08
                        (NSTEP:   215  DELTAT:   1.0000E+01  TIME:   1.4424E+03)
     1    24 5.901E-04 1.020E-05   106 -2.69E-01 -2.69E-01 6.482E-07 9.662E-08
                        (NSTEP:   216  DELTAT:   1.0000E+01  TIME:   1.4524E+03)
     1    24 5.901E-04 1.020E-05   106 -2.69E-01 -2.69E-01 6.481E-07 9.667E-08
                        (NSTEP:   217  DELTAT:   1.0000E+01  TIME:   1.4624E+03)
     1    24 5.900E-04 1.020E-05   106 -2.69E-01 -2.69E-01 6.480E-07 9.672E-08
                        (NSTEP:   218  DELTAT:   1.0000E+01  TIME:   1.4724E+03)
     1    24 5.899E-04 1.020E-05   106 -2.69E-01 -2.69E-01 6.479E-07 9.677E-08
                        (NSTEP:   219  DELTAT:   1.0000E+01  TIME:   1.4824E+03)
     1    24 5.898E-04 1.019E-05   106 -2.69E-01 -2.69E-01 6.477E-07 9.682E-08
                        (NSTEP:   220  DELTAT:   1.0000E+01  TIME:   1.4924E+03)
     1    24 5.961E-04 6.772E-05   412 -1.65E-05  5.13E-05 7.849E-07 3.148E-07
                        (NSTEP:   221  DELTAT:   1.0000E+01  TIME:   1.5024E+03)
     1    24 5.918E-04 1.310E-05   853  5.76E-03  5.77E-03 6.484E-07 9.692E-08
                        (NSTEP:   222  DELTAT:   1.0000E+01  TIME:   1.5124E+03)
     1    24 5.921E-04 1.411E-05   853  5.75E-03  5.76E-03 6.475E-07 9.696E-08
                        (NSTEP:   223  DELTAT:   1.0000E+01  TIME:   1.5224E+03)
     1    24 5.921E-04 1.398E-05   853  5.73E-03  5.75E-03 6.474E-07 9.701E-08
                        (NSTEP:   224  DELTAT:   1.0000E+01  TIME:   1.5324E+03)
     1    24 5.921E-04 1.374E-05   853  5.72E-03  5.73E-03 6.472E-07 9.706E-08
                        (NSTEP:   225  DELTAT:   1.0000E+01  TIME:   1.5424E+03)
     1    24 5.921E-04 1.351E-05   853  5.71E-03  5.72E-03 6.471E-07 9.711E-08
                        (NSTEP:   226  DELTAT:   1.0000E+01  TIME:   1.5524E+03)
     1    24 5.921E-04 1.328E-05   853  5.69E-03  5.71E-03 6.470E-07 9.716E-08
                        (NSTEP:   227  DELTAT:   1.0000E+01  TIME:   1.5624E+03)
     1    24 5.921E-04 1.306E-05   853  5.68E-03  5.69E-03 6.469E-07 9.721E-08
                        (NSTEP:   228  DELTAT:   1.0000E+01  TIME:   1.5724E+03)
     1    24 5.921E-04 1.285E-05   853  5.67E-03  5.68E-03 6.468E-07 9.726E-08
                        (NSTEP:   229  DELTAT:   1.0000E+01  TIME:   1.5824E+03)
     1    24 5.920E-04 1.266E-05   853  5.65E-03  5.67E-03 6.467E-07 9.730E-08
                        (NSTEP:   230  DELTAT:   1.0000E+01  TIME:   1.5924E+03)
     1    24 5.919E-04 1.248E-05   853  5.64E-03  5.65E-03 6.466E-07 9.735E-08
                        (NSTEP:   231  DELTAT:   1.0000E+01  TIME:   1.6024E+03)
     1    24 5.919E-04 1.232E-05   853  5.63E-03  5.64E-03 6.465E-07 9.740E-08
                        (NSTEP:   232  DELTAT:   1.0000E+01  TIME:   1.6124E+03)
     1    24 5.918E-04 1.216E-05   853  5.62E-03  5.63E-03 6.464E-07 9.745E-08
                        (NSTEP:   233  DELTAT:   1.0000E+01  TIME:   1.6224E+03)
     1    24 5.918E-04 1.202E-05   853  5.60E-03  5.62E-03 6.463E-07 9.750E-08
                        (NSTEP:   234  DELTAT:   1.0000E+01  TIME:   1.6324E+03)
     1    24 5.917E-04 1.190E-05   853  5.59E-03  5.60E-03 6.462E-07 9.754E-08
                        (NSTEP:   235  DELTAT:   1.0000E+01  TIME:   1.6424E+03)
     1    24 5.917E-04 1.178E-05   853  5.58E-03  5.59E-03 6.461E-07 9.759E-08
                        (NSTEP:   236  DELTAT:   1.0000E+01  TIME:   1.6524E+03)
     1    24 5.916E-04 1.167E-05   853  5.57E-03  5.58E-03 6.460E-07 9.764E-08
                        (NSTEP:   237  DELTAT:   1.0000E+01  TIME:   1.6624E+03)
     1    24 5.916E-04 1.158E-05   853  5.56E-03  5.57E-03 6.459E-07 9.769E-08
                        (NSTEP:   238  DELTAT:   1.0000E+01  TIME:   1.6724E+03)
     1    24 5.915E-04 1.149E-05   853  5.55E-03  5.56E-03 6.458E-07 9.773E-08
                        (NSTEP:   239  DELTAT:   1.0000E+01  TIME:   1.6824E+03)
     1    24 5.915E-04 1.141E-05   853  5.53E-03  5.55E-03 6.457E-07 9.778E-08
                        (NSTEP:   240  DELTAT:   1.0000E+01  TIME:   1.6924E+03)
     1    24 5.914E-04 1.134E-05   853  5.52E-03  5.53E-03 6.456E-07 9.783E-08
                        (NSTEP:   241  DELTAT:   1.0000E+01  TIME:   1.7024E+03)
     1    24 5.914E-04 1.127E-05   853  5.51E-03  5.52E-03 6.455E-07 9.787E-08
                        (NSTEP:   242  DELTAT:   1.0000E+01  TIME:   1.7124E+03)
     1    24 5.913E-04 1.121E-05   853  5.50E-03  5.51E-03 6.454E-07 9.792E-08
                        (NSTEP:   243  DELTAT:   1.0000E+01  TIME:   1.7224E+03)
     1    24 5.913E-04 1.115E-05   853  5.49E-03  5.50E-03 6.453E-07 9.797E-08
                        (NSTEP:   244  DELTAT:   1.0000E+01  TIME:   1.7324E+03)
     1    24 5.912E-04 1.111E-05   853  5.48E-03  5.49E-03 6.452E-07 9.801E-08
                        (NSTEP:   245  DELTAT:   1.0000E+01  TIME:   1.7424E+03)
     1    24 5.912E-04 1.106E-05   853  5.47E-03  5.48E-03 6.451E-07 9.806E-08
                        (NSTEP:   246  DELTAT:   1.0000E+01  TIME:   1.7524E+03)
     1    24 5.911E-04 1.102E-05   853  5.46E-03  5.47E-03 6.450E-07 9.811E-08
                        (NSTEP:   247  DELTAT:   1.0000E+01  TIME:   1.7624E+03)
     1    24 5.911E-04 1.099E-05   853  5.45E-03  5.46E-03 6.449E-07 9.815E-08
                        (NSTEP:   248  DELTAT:   1.0000E+01  TIME:   1.7724E+03)
     1    24 5.910E-04 1.095E-05   853  5.43E-03  5.45E-03 6.449E-07 9.820E-08
                        (NSTEP:   249  DELTAT:   1.0000E+01  TIME:   1.7824E+03)
     1    24 5.910E-04 1.093E-05   853  5.42E-03  5.43E-03 6.448E-07 9.825E-08
                        (NSTEP:   250  DELTAT:   1.0000E+01  TIME:   1.7924E+03)
     1    24 5.909E-04 1.090E-05   853  5.41E-03  5.42E-03 6.447E-07 9.829E-08
                        (NSTEP:   251  DELTAT:   1.0000E+01  TIME:   1.8024E+03)
     1    24 5.909E-04 1.088E-05   412 -3.79E-04 -3.68E-04 6.446E-07 9.834E-08
                        (NSTEP:   252  DELTAT:   1.0000E+01  TIME:   1.8124E+03)
     1    24 5.908E-04 1.086E-05   412 -3.90E-04 -3.79E-04 6.445E-07 9.839E-08
                        (NSTEP:   253  DELTAT:   1.0000E+01  TIME:   1.8224E+03)
     1    24 5.908E-04 1.085E-05   412 -4.01E-04 -3.90E-04 6.444E-07 9.843E-08
                        (NSTEP:   254  DELTAT:   1.0000E+01  TIME:   1.8324E+03)
     1    24 5.908E-04 1.084E-05   412 -4.12E-04 -4.01E-04 6.443E-07 9.848E-08
                        (NSTEP:   255  DELTAT:   1.0000E+01  TIME:   1.8424E+03)
     1    24 5.907E-04 1.083E-05   412 -4.23E-04 -4.12E-04 6.442E-07 9.852E-08
                        (NSTEP:   256  DELTAT:   1.0000E+01  TIME:   1.8524E+03)
     1    24 5.907E-04 1.082E-05   412 -4.34E-04 -4.23E-04 6.441E-07 9.857E-08
                        (NSTEP:   257  DELTAT:   1.0000E+01  TIME:   1.8624E+03)
     1    24 5.906E-04 1.081E-05   412 -4.44E-04 -4.34E-04 6.440E-07 9.861E-08
                        (NSTEP:   258  DELTAT:   1.0000E+01  TIME:   1.8724E+03)
     1    24 5.906E-04 1.081E-05   412 -4.55E-04 -4.44E-04 6.439E-07 9.866E-08
                        (NSTEP:   259  DELTAT:   1.0000E+01  TIME:   1.8824E+03)
     1    24 5.905E-04 1.080E-05   412 -4.66E-04 -4.55E-04 6.438E-07 9.870E-08
                        (NSTEP:   260  DELTAT:   1.0000E+01  TIME:   1.8924E+03)
     1    24 5.905E-04 1.080E-05   412 -4.77E-04 -4.66E-04 6.437E-07 9.875E-08
                        (NSTEP:   261  DELTAT:   1.0000E+01  TIME:   1.9024E+03)
     1    24 5.904E-04 1.080E-05   412 -4.88E-04 -4.77E-04 6.436E-07 9.880E-08
                        (NSTEP:   262  DELTAT:   1.0000E+01  TIME:   1.9124E+03)
     1    24 5.904E-04 1.080E-05   412 -4.98E-04 -4.88E-04 6.435E-07 9.884E-08
                        (NSTEP:   263  DELTAT:   1.0000E+01  TIME:   1.9224E+03)
     1    24 5.903E-04 1.080E-05   412 -5.09E-04 -4.98E-04 6.435E-07 9.889E-08
                        (NSTEP:   264  DELTAT:   1.0000E+01  TIME:   1.9324E+03)
     1    24 5.903E-04 1.080E-05   412 -5.20E-04 -5.09E-04 6.434E-07 9.893E-08
                        (NSTEP:   265  DELTAT:   1.0000E+01  TIME:   1.9424E+03)
     1    24 5.902E-04 1.080E-05   412 -5.31E-04 -5.20E-04 6.433E-07 9.898E-08
                        (NSTEP:   266  DELTAT:   1.0000E+01  TIME:   1.9524E+03)
     1    24 5.902E-04 1.081E-05   412 -5.42E-04 -5.31E-04 6.432E-07 9.902E-08
                        (NSTEP:   267  DELTAT:   1.0000E+01  TIME:   1.9624E+03)
     1    24 5.901E-04 1.081E-05   412 -5.52E-04 -5.42E-04 6.431E-07 9.906E-08
                        (NSTEP:   268  DELTAT:   1.0000E+01  TIME:   1.9724E+03)
     1    24 5.901E-04 1.081E-05   412 -5.63E-04 -5.52E-04 6.430E-07 9.911E-08
                        (NSTEP:   269  DELTAT:   1.0000E+01  TIME:   1.9824E+03)
     1    24 5.900E-04 1.082E-05   412 -5.74E-04 -5.63E-04 6.429E-07 9.915E-08
                        (NSTEP:   270  DELTAT:   1.0000E+01  TIME:   1.9924E+03)
     1    24 5.900E-04 1.082E-05   412 -5.85E-04 -5.74E-04 6.428E-07 9.920E-08
                        (NSTEP:   271  DELTAT:   1.0000E+01  TIME:   2.0024E+03)
     1    24 5.899E-04 1.083E-05   412 -5.96E-04 -5.85E-04 6.427E-07 9.924E-08
                        (NSTEP:   272  DELTAT:   1.0000E+01  TIME:   2.0124E+03)
     1    24 5.899E-04 1.084E-05   412 -6.06E-04 -5.96E-04 6.426E-07 9.929E-08
                        (NSTEP:   273  DELTAT:   1.0000E+01  TIME:   2.0224E+03)
     1    24 5.899E-04 1.084E-05   412 -6.17E-04 -6.06E-04 6.425E-07 9.933E-08
                        (NSTEP:   274  DELTAT:   1.0000E+01  TIME:   2.0324E+03)
     1    24 5.898E-04 1.085E-05   412 -6.28E-04 -6.17E-04 6.425E-07 9.938E-08
                        (NSTEP:   275  DELTAT:   1.0000E+01  TIME:   2.0424E+03)
     1    24 5.898E-04 1.085E-05   412 -6.39E-04 -6.28E-04 6.424E-07 9.942E-08
                        (NSTEP:   276  DELTAT:   1.0000E+01  TIME:   2.0524E+03)
     1    24 5.897E-04 1.086E-05   412 -6.50E-04 -6.39E-04 6.423E-07 9.946E-08
                        (NSTEP:   277  DELTAT:   1.0000E+01  TIME:   2.0624E+03)
     1    24 5.897E-04 1.087E-05   412 -6.61E-04 -6.50E-04 6.422E-07 9.951E-08
                        (NSTEP:   278  DELTAT:   1.0000E+01  TIME:   2.0724E+03)
     1    24 5.896E-04 1.088E-05   412 -6.72E-04 -6.61E-04 6.421E-07 9.955E-08
                        (NSTEP:   279  DELTAT:   1.0000E+01  TIME:   2.0824E+03)
     1    24 5.896E-04 1.088E-05   412 -6.83E-04 -6.72E-04 6.420E-07 9.959E-08
                        (NSTEP:   280  DELTAT:   1.0000E+01  TIME:   2.0924E+03)
     1    24 5.895E-04 1.089E-05   412 -6.93E-04 -6.83E-04 6.419E-07 9.964E-08
                        (NSTEP:   281  DELTAT:   1.0000E+01  TIME:   2.1024E+03)
     1    24 5.895E-04 1.090E-05   412 -7.04E-04 -6.93E-04 6.418E-07 9.968E-08
                        (NSTEP:   282  DELTAT:   1.0000E+01  TIME:   2.1124E+03)
     1    24 5.894E-04 1.091E-05   412 -7.15E-04 -7.04E-04 6.417E-07 9.973E-08
                        (NSTEP:   283  DELTAT:   1.0000E+01  TIME:   2.1224E+03)
     1    24 5.894E-04 1.091E-05   412 -7.26E-04 -7.15E-04 6.417E-07 9.977E-08
                        (NSTEP:   284  DELTAT:   1.0000E+01  TIME:   2.1324E+03)
     1    24 5.893E-04 1.092E-05   412 -7.37E-04 -7.26E-04 6.416E-07 9.981E-08
                        (NSTEP:   285  DELTAT:   1.0000E+01  TIME:   2.1424E+03)
     1    24 5.893E-04 1.093E-05   412 -7.48E-04 -7.37E-04 6.415E-07 9.985E-08
                        (NSTEP:   286  DELTAT:   1.0000E+01  TIME:   2.1524E+03)
     1    24 5.892E-04 1.094E-05   412 -7.59E-04 -7.48E-04 6.414E-07 9.990E-08
                        (NSTEP:   287  DELTAT:   1.0000E+01  TIME:   2.1624E+03)
     1    24 5.892E-04 1.094E-05   412 -7.70E-04 -7.59E-04 6.413E-07 9.994E-08
                        (NSTEP:   288  DELTAT:   1.0000E+01  TIME:   2.1724E+03)
     1    24 5.891E-04 1.095E-05   412 -7.81E-04 -7.70E-04 6.412E-07 9.998E-08
                        (NSTEP:   289  DELTAT:   1.0000E+01  TIME:   2.1824E+03)
     1    24 5.891E-04 1.096E-05   412 -7.92E-04 -7.81E-04 6.411E-07 1.000E-07
                        (NSTEP:   290  DELTAT:   1.0000E+01  TIME:   2.1924E+03)
     1    24 5.890E-04 1.097E-05   412 -8.03E-04 -7.92E-04 6.410E-07 1.001E-07
                        (NSTEP:   291  DELTAT:   1.0000E+01  TIME:   2.2024E+03)
     1    24 5.890E-04 1.098E-05   412 -8.14E-04 -8.03E-04 6.410E-07 1.001E-07
                        (NSTEP:   292  DELTAT:   1.0000E+01  TIME:   2.2124E+03)
     1    24 5.892E-04 1.098E-05   412 -8.25E-04 -8.14E-04 6.408E-07 1.002E-07
                        (NSTEP:   293  DELTAT:   1.0000E+01  TIME:   2.2224E+03)
     1    24 5.890E-04 1.099E-05   412 -8.36E-04 -8.25E-04 6.407E-07 1.002E-07
                        (NSTEP:   294  DELTAT:   1.0000E+01  TIME:   2.2324E+03)
     1    24 5.889E-04 1.100E-05   412 -8.47E-04 -8.36E-04 6.406E-07 1.002E-07
                        (NSTEP:   295  DELTAT:   1.0000E+01  TIME:   2.2424E+03)
     1    24 5.888E-04 1.101E-05   412 -8.58E-04 -8.47E-04 6.405E-07 1.003E-07
                        (NSTEP:   296  DELTAT:   1.0000E+01  TIME:   2.2524E+03)
     1    24 5.887E-04 1.101E-05   412 -8.69E-04 -8.58E-04 6.404E-07 1.003E-07
                        (NSTEP:   297  DELTAT:   1.0000E+01  TIME:   2.2624E+03)
     1    24 5.886E-04 1.102E-05   412 -8.80E-04 -8.69E-04 6.403E-07 1.004E-07
                        (NSTEP:   298  DELTAT:   1.0000E+01  TIME:   2.2724E+03)
     1    24 5.886E-04 1.103E-05   412 -8.91E-04 -8.80E-04 6.402E-07 1.004E-07
                        (NSTEP:   299  DELTAT:   1.0000E+01  TIME:   2.2824E+03)
     1    24 5.885E-04 1.104E-05   412 -9.02E-04 -8.91E-04 6.401E-07 1.005E-07
                        (NSTEP:   300  DELTAT:   1.0000E+01  TIME:   2.2924E+03)
     1    24 5.884E-04 1.104E-05   412 -9.13E-04 -9.02E-04 6.400E-07 1.005E-07
                        (NSTEP:   301  DELTAT:   1.0000E+01  TIME:   2.3024E+03)
     1    24 5.884E-04 1.105E-05   412 -9.24E-04 -9.13E-04 6.399E-07 1.005E-07
                        (NSTEP:   302  DELTAT:   1.0000E+01  TIME:   2.3124E+03)
     1    24 5.883E-04 1.106E-05   412 -9.35E-04 -9.24E-04 6.398E-07 1.006E-07
                        (NSTEP:   303  DELTAT:   1.0000E+01  TIME:   2.3224E+03)
     1    24 5.883E-04 1.107E-05   412 -9.46E-04 -9.35E-04 6.397E-07 1.006E-07
                        (NSTEP:   304  DELTAT:   1.0000E+01  TIME:   2.3324E+03)
     1    24 5.882E-04 1.107E-05   412 -9.57E-04 -9.46E-04 6.396E-07 1.007E-07
                        (NSTEP:   305  DELTAT:   1.0000E+01  TIME:   2.3424E+03)
     1    24 5.882E-04 1.108E-05   412 -9.68E-04 -9.57E-04 6.395E-07 1.007E-07
                        (NSTEP:   306  DELTAT:   1.0000E+01  TIME:   2.3524E+03)
     1    24 5.881E-04 1.109E-05   412 -9.79E-04 -9.68E-04 6.394E-07 1.007E-07
                        (NSTEP:   307  DELTAT:   1.0000E+01  TIME:   2.3624E+03)
     1    24 5.880E-04 1.109E-05   412 -9.90E-04 -9.79E-04 6.393E-07 1.008E-07
                        (NSTEP:   308  DELTAT:   1.0000E+01  TIME:   2.3724E+03)
     1    24 5.880E-04 1.110E-05   412 -1.00E-03 -9.90E-04 6.392E-07 1.008E-07
                        (NSTEP:   309  DELTAT:   1.0000E+01  TIME:   2.3824E+03)
     1    24 5.879E-04 1.111E-05   412 -1.01E-03 -1.00E-03 6.391E-07 1.009E-07
                        (NSTEP:   310  DELTAT:   1.0000E+01  TIME:   2.3924E+03)
     1    24 5.879E-04 1.111E-05   412 -1.02E-03 -1.01E-03 6.390E-07 1.009E-07
                        (NSTEP:   311  DELTAT:   1.0000E+01  TIME:   2.4024E+03)
     1    24 5.878E-04 1.112E-05   412 -1.03E-03 -1.02E-03 6.389E-07 1.009E-07
                        (NSTEP:   312  DELTAT:   1.0000E+01  TIME:   2.4124E+03)
     1    24 5.877E-04 1.113E-05   412 -1.05E-03 -1.03E-03 6.388E-07 1.010E-07
                        (NSTEP:   313  DELTAT:   1.0000E+01  TIME:   2.4224E+03)
     1    24 5.877E-04 1.113E-05   412 -1.06E-03 -1.05E-03 6.388E-07 1.010E-07
                        (NSTEP:   314  DELTAT:   1.0000E+01  TIME:   2.4324E+03)
     1    24 5.876E-04 1.114E-05   412 -1.07E-03 -1.06E-03 6.387E-07 1.011E-07
                        (NSTEP:   315  DELTAT:   1.0000E+01  TIME:   2.4424E+03)
     1    24 5.876E-04 1.115E-05   412 -1.08E-03 -1.07E-03 6.386E-07 1.011E-07
                        (NSTEP:   316  DELTAT:   1.0000E+01  TIME:   2.4524E+03)
     1    24 5.875E-04 1.115E-05   412 -1.09E-03 -1.08E-03 6.385E-07 1.012E-07
                        (NSTEP:   317  DELTAT:   1.0000E+01  TIME:   2.4624E+03)
     1    24 5.875E-04 1.116E-05   412 -1.10E-03 -1.09E-03 6.384E-07 1.012E-07
                        (NSTEP:   318  DELTAT:   1.0000E+01  TIME:   2.4724E+03)
     1    24 5.874E-04 1.116E-05   412 -1.11E-03 -1.10E-03 6.383E-07 1.012E-07
                        (NSTEP:   319  DELTAT:   1.0000E+01  TIME:   2.4824E+03)
     1    24 5.874E-04 1.117E-05   412 -1.12E-03 -1.11E-03 6.382E-07 1.013E-07
                        (NSTEP:   320  DELTAT:   1.0000E+01  TIME:   2.4924E+03)
     1    24 5.873E-04 1.118E-05   412 -1.14E-03 -1.12E-03 6.381E-07 1.013E-07
                        (NSTEP:   321  DELTAT:   1.0000E+01  TIME:   2.5024E+03)
     1    24 5.872E-04 1.118E-05   412 -1.15E-03 -1.14E-03 6.380E-07 1.014E-07
                        (NSTEP:   322  DELTAT:   1.0000E+01  TIME:   2.5124E+03)
     1    24 5.872E-04 1.119E-05   412 -1.16E-03 -1.15E-03 6.379E-07 1.014E-07
                        (NSTEP:   323  DELTAT:   1.0000E+01  TIME:   2.5224E+03)
     1    24 5.871E-04 1.119E-05   412 -1.17E-03 -1.16E-03 6.379E-07 1.014E-07
                        (NSTEP:   324  DELTAT:   1.0000E+01  TIME:   2.5324E+03)
     1    24 5.871E-04 1.120E-05   412 -1.18E-03 -1.17E-03 6.378E-07 1.015E-07
                        (NSTEP:   325  DELTAT:   1.0000E+01  TIME:   2.5424E+03)
     1    24 5.870E-04 1.120E-05   412 -1.19E-03 -1.18E-03 6.377E-07 1.015E-07
                        (NSTEP:   326  DELTAT:   1.0000E+01  TIME:   2.5524E+03)
     1    24 5.870E-04 1.121E-05   412 -1.20E-03 -1.19E-03 6.376E-07 1.016E-07
                        (NSTEP:   327  DELTAT:   1.0000E+01  TIME:   2.5624E+03)
     1    24 5.869E-04 1.122E-05   412 -1.21E-03 -1.20E-03 6.375E-07 1.016E-07
                        (NSTEP:   328  DELTAT:   1.0000E+01  TIME:   2.5724E+03)
     1    24 5.868E-04 1.122E-05   412 -1.22E-03 -1.21E-03 6.374E-07 1.016E-07
                        (NSTEP:   329  DELTAT:   1.0000E+01  TIME:   2.5824E+03)
     1    24 5.868E-04 1.123E-05   412 -1.24E-03 -1.22E-03 6.373E-07 1.017E-07
                        (NSTEP:   330  DELTAT:   1.0000E+01  TIME:   2.5924E+03)
     1    24 5.867E-04 1.123E-05   412 -1.25E-03 -1.24E-03 6.372E-07 1.017E-07
                        (NSTEP:   331  DELTAT:   1.0000E+01  TIME:   2.6024E+03)
     1    24 5.867E-04 1.124E-05   412 -1.26E-03 -1.25E-03 6.372E-07 1.018E-07
                        (NSTEP:   332  DELTAT:   1.0000E+01  TIME:   2.6124E+03)
     1    24 5.868E-04 1.124E-05   412 -1.27E-03 -1.26E-03 6.370E-07 1.018E-07
                        (NSTEP:   333  DELTAT:   1.0000E+01  TIME:   2.6224E+03)
     1    24 5.868E-04 1.125E-05   412 -1.28E-03 -1.27E-03 6.368E-07 1.018E-07
                        (NSTEP:   334  DELTAT:   1.0000E+01  TIME:   2.6324E+03)
     1    24 5.865E-04 1.125E-05   412 -1.29E-03 -1.28E-03 6.367E-07 1.019E-07
                        (NSTEP:   335  DELTAT:   1.0000E+01  TIME:   2.6424E+03)
     1    24 5.864E-04 1.126E-05   412 -1.30E-03 -1.29E-03 6.366E-07 1.019E-07
                        (NSTEP:   336  DELTAT:   1.0000E+01  TIME:   2.6524E+03)
     1    24 5.863E-04 1.126E-05   412 -1.31E-03 -1.30E-03 6.364E-07 1.019E-07
                        (NSTEP:   337  DELTAT:   1.0000E+01  TIME:   2.6624E+03)
     1    24 5.862E-04 1.127E-05   412 -1.33E-03 -1.31E-03 6.363E-07 1.020E-07
                        (NSTEP:   338  DELTAT:   1.0000E+01  TIME:   2.6724E+03)
     1    24 5.861E-04 1.127E-05   412 -1.34E-03 -1.33E-03 6.362E-07 1.020E-07
                        (NSTEP:   339  DELTAT:   1.0000E+01  TIME:   2.6824E+03)
     1    24 5.861E-04 1.128E-05   412 -1.35E-03 -1.34E-03 6.361E-07 1.021E-07
                        (NSTEP:   340  DELTAT:   1.0000E+01  TIME:   2.6924E+03)
     1    24 5.860E-04 1.128E-05   412 -1.36E-03 -1.35E-03 6.360E-07 1.021E-07
                        (NSTEP:   341  DELTAT:   1.0000E+01  TIME:   2.7024E+03)
     1    24 5.859E-04 1.128E-05   412 -1.37E-03 -1.36E-03 6.359E-07 1.021E-07
                        (NSTEP:   342  DELTAT:   1.0000E+01  TIME:   2.7124E+03)
     1    24 5.859E-04 1.129E-05   412 -1.38E-03 -1.37E-03 6.358E-07 1.022E-07
                        (NSTEP:   343  DELTAT:   1.0000E+01  TIME:   2.7224E+03)
     1    24 5.858E-04 1.129E-05   412 -1.39E-03 -1.38E-03 6.357E-07 1.022E-07
                        (NSTEP:   344  DELTAT:   1.0000E+01  TIME:   2.7324E+03)
     1    24 5.857E-04 1.130E-05   412 -1.40E-03 -1.39E-03 6.355E-07 1.023E-07
                        (NSTEP:   345  DELTAT:   1.0000E+01  TIME:   2.7424E+03)
     1    24 5.857E-04 1.130E-05   412 -1.42E-03 -1.40E-03 6.354E-07 1.023E-07
                        (NSTEP:   346  DELTAT:   1.0000E+01  TIME:   2.7524E+03)
     1    24 5.856E-04 1.131E-05   412 -1.43E-03 -1.42E-03 6.353E-07 1.023E-07
                        (NSTEP:   347  DELTAT:   1.0000E+01  TIME:   2.7624E+03)
     1    24 5.855E-04 1.131E-05   412 -1.44E-03 -1.43E-03 6.352E-07 1.024E-07
                        (NSTEP:   348  DELTAT:   1.0000E+01  TIME:   2.7724E+03)
     1    24 5.855E-04 1.131E-05   412 -1.45E-03 -1.44E-03 6.351E-07 1.024E-07
                        (NSTEP:   349  DELTAT:   1.0000E+01  TIME:   2.7824E+03)
     1    24 5.854E-04 1.132E-05   412 -1.46E-03 -1.45E-03 6.350E-07 1.024E-07
                        (NSTEP:   350  DELTAT:   1.0000E+01  TIME:   2.7924E+03)
     1    24 5.853E-04 1.132E-05   412 -1.47E-03 -1.46E-03 6.349E-07 1.025E-07
                        (NSTEP:   351  DELTAT:   1.0000E+01  TIME:   2.8024E+03)
     1    24 5.853E-04 1.133E-05   412 -1.48E-03 -1.47E-03 6.348E-07 1.025E-07
                        (NSTEP:   352  DELTAT:   1.0000E+01  TIME:   2.8124E+03)
     1    24 5.852E-04 1.133E-05   412 -1.50E-03 -1.48E-03 6.347E-07 1.026E-07
                        (NSTEP:   353  DELTAT:   1.0000E+01  TIME:   2.8224E+03)
     1    24 5.851E-04 1.133E-05   412 -1.51E-03 -1.50E-03 6.346E-07 1.026E-07
                        (NSTEP:   354  DELTAT:   1.0000E+01  TIME:   2.8324E+03)
     1    24 5.851E-04 1.134E-05   412 -1.52E-03 -1.51E-03 6.345E-07 1.026E-07
                        (NSTEP:   355  DELTAT:   1.0000E+01  TIME:   2.8424E+03)
     1    24 5.850E-04 1.134E-05   412 -1.53E-03 -1.52E-03 6.344E-07 1.027E-07
                        (NSTEP:   356  DELTAT:   1.0000E+01  TIME:   2.8524E+03)
     1    24 5.849E-04 1.135E-05   412 -1.54E-03 -1.53E-03 6.343E-07 1.027E-07
                        (NSTEP:   357  DELTAT:   1.0000E+01  TIME:   2.8624E+03)
     1    24 5.849E-04 1.135E-05   412 -1.55E-03 -1.54E-03 6.342E-07 1.027E-07
                        (NSTEP:   358  DELTAT:   1.0000E+01  TIME:   2.8724E+03)
     1    24 5.848E-04 1.135E-05   412 -1.56E-03 -1.55E-03 6.341E-07 1.028E-07
                        (NSTEP:   359  DELTAT:   1.0000E+01  TIME:   2.8824E+03)
     1    24 5.848E-04 1.136E-05   412 -1.57E-03 -1.56E-03 6.340E-07 1.028E-07
                        (NSTEP:   360  DELTAT:   1.0000E+01  TIME:   2.8924E+03)
     1    24 5.847E-04 1.136E-05   412 -1.59E-03 -1.57E-03 6.339E-07 1.029E-07
                        (NSTEP:   361  DELTAT:   1.0000E+01  TIME:   2.9024E+03)
     1    24 5.846E-04 1.136E-05   412 -1.60E-03 -1.59E-03 6.338E-07 1.029E-07
                        (NSTEP:   362  DELTAT:   1.0000E+01  TIME:   2.9124E+03)
     1    24 5.846E-04 1.137E-05   412 -1.61E-03 -1.60E-03 6.337E-07 1.029E-07
                        (NSTEP:   363  DELTAT:   1.0000E+01  TIME:   2.9224E+03)
     1    24 5.845E-04 1.137E-05   412 -1.62E-03 -1.61E-03 6.336E-07 1.030E-07
                        (NSTEP:   364  DELTAT:   1.0000E+01  TIME:   2.9324E+03)
     1    24 5.845E-04 1.137E-05   412 -1.63E-03 -1.62E-03 6.335E-07 1.030E-07
                        (NSTEP:   365  DELTAT:   1.0000E+01  TIME:   2.9424E+03)
     1    24 5.844E-04 1.138E-05   412 -1.64E-03 -1.63E-03 6.335E-07 1.030E-07
                        (NSTEP:   366  DELTAT:   1.0000E+01  TIME:   2.9524E+03)
     1    24 5.843E-04 1.138E-05   412 -1.65E-03 -1.64E-03 6.334E-07 1.031E-07
                        (NSTEP:   367  DELTAT:   1.0000E+01  TIME:   2.9624E+03)
     1    24 5.843E-04 1.138E-05   412 -1.67E-03 -1.65E-03 6.333E-07 1.031E-07
                        (NSTEP:   368  DELTAT:   1.0000E+01  TIME:   2.9724E+03)
     1    24 5.842E-04 1.139E-05   412 -1.68E-03 -1.67E-03 6.332E-07 1.031E-07
                        (NSTEP:   369  DELTAT:   1.0000E+01  TIME:   2.9824E+03)
     1    24 5.841E-04 1.139E-05   412 -1.69E-03 -1.68E-03 6.331E-07 1.032E-07
                        (NSTEP:   370  DELTAT:   1.0000E+01  TIME:   2.9924E+03)
     1    24 5.841E-04 1.139E-05   412 -1.70E-03 -1.69E-03 6.330E-07 1.032E-07
                        (NSTEP:   371  DELTAT:   1.0000E+01  TIME:   3.0024E+03)
     1    24 5.840E-04 1.140E-05   412 -1.71E-03 -1.70E-03 6.329E-07 1.033E-07
                        (NSTEP:   372  DELTAT:   1.0000E+01  TIME:   3.0124E+03)
     1    24 5.840E-04 1.140E-05   412 -1.72E-03 -1.71E-03 6.328E-07 1.033E-07
                        (NSTEP:   373  DELTAT:   1.0000E+01  TIME:   3.0224E+03)
     1    24 5.839E-04 1.140E-05   412 -1.73E-03 -1.72E-03 6.327E-07 1.033E-07
                        (NSTEP:   374  DELTAT:   1.0000E+01  TIME:   3.0324E+03)
     1    24 5.838E-04 1.140E-05   412 -1.75E-03 -1.73E-03 6.326E-07 1.034E-07
                        (NSTEP:   375  DELTAT:   1.0000E+01  TIME:   3.0424E+03)
     1    24 5.838E-04 1.141E-05   412 -1.76E-03 -1.75E-03 6.325E-07 1.034E-07
                        (NSTEP:   376  DELTAT:   1.0000E+01  TIME:   3.0524E+03)
     1    24 5.837E-04 1.141E-05   412 -1.77E-03 -1.76E-03 6.324E-07 1.034E-07
                        (NSTEP:   377  DELTAT:   1.0000E+01  TIME:   3.0624E+03)
     1    24 5.837E-04 1.141E-05   412 -1.78E-03 -1.77E-03 6.323E-07 1.035E-07
                        (NSTEP:   378  DELTAT:   1.0000E+01  TIME:   3.0724E+03)
     1    24 5.836E-04 1.142E-05   412 -1.79E-03 -1.78E-03 6.323E-07 1.035E-07
                        (NSTEP:   379  DELTAT:   1.0000E+01  TIME:   3.0824E+03)
     1    24 5.835E-04 1.142E-05   412 -1.80E-03 -1.79E-03 6.322E-07 1.035E-07
                        (NSTEP:   380  DELTAT:   1.0000E+01  TIME:   3.0924E+03)
     1    24 5.835E-04 1.142E-05   412 -1.81E-03 -1.80E-03 6.321E-07 1.036E-07
                        (NSTEP:   381  DELTAT:   1.0000E+01  TIME:   3.1024E+03)
     1    24 5.834E-04 1.142E-05   412 -1.83E-03 -1.81E-03 6.320E-07 1.036E-07
                        (NSTEP:   382  DELTAT:   1.0000E+01  TIME:   3.1124E+03)
     1    24 5.833E-04 1.143E-05   412 -1.84E-03 -1.83E-03 6.319E-07 1.036E-07
                        (NSTEP:   383  DELTAT:   1.0000E+01  TIME:   3.1224E+03)
     1    24 5.833E-04 1.143E-05   412 -1.85E-03 -1.84E-03 6.318E-07 1.037E-07
                        (NSTEP:   384  DELTAT:   1.0000E+01  TIME:   3.1324E+03)
     1    24 5.832E-04 1.143E-05   412 -1.86E-03 -1.85E-03 6.317E-07 1.037E-07
                        (NSTEP:   385  DELTAT:   1.0000E+01  TIME:   3.1424E+03)
     1    24 5.832E-04 1.143E-05   412 -1.87E-03 -1.86E-03 6.316E-07 1.038E-07
                        (NSTEP:   386  DELTAT:   1.0000E+01  TIME:   3.1524E+03)
     1    24 5.831E-04 1.144E-05   412 -1.88E-03 -1.87E-03 6.315E-07 1.038E-07
                        (NSTEP:   387  DELTAT:   1.0000E+01  TIME:   3.1624E+03)
     1    24 5.830E-04 1.144E-05   412 -1.89E-03 -1.88E-03 6.315E-07 1.038E-07
                        (NSTEP:   388  DELTAT:   1.0000E+01  TIME:   3.1724E+03)
     1    24 5.830E-04 1.144E-05   412 -1.91E-03 -1.89E-03 6.314E-07 1.039E-07
                        (NSTEP:   389  DELTAT:   1.0000E+01  TIME:   3.1824E+03)
     1    24 5.829E-04 1.144E-05   412 -1.92E-03 -1.91E-03 6.313E-07 1.039E-07
                        (NSTEP:   390  DELTAT:   1.0000E+01  TIME:   3.1924E+03)
     1    24 5.829E-04 1.145E-05   412 -1.93E-03 -1.92E-03 6.312E-07 1.039E-07
                        (NSTEP:   391  DELTAT:   1.0000E+01  TIME:   3.2024E+03)
     1    24 5.828E-04 1.145E-05   412 -1.94E-03 -1.93E-03 6.311E-07 1.040E-07
                        (NSTEP:   392  DELTAT:   1.0000E+01  TIME:   3.2124E+03)
     1    24 5.827E-04 1.145E-05   412 -1.95E-03 -1.94E-03 6.310E-07 1.040E-07
                        (NSTEP:   393  DELTAT:   1.0000E+01  TIME:   3.2224E+03)
     1    24 5.827E-04 1.145E-05   412 -1.96E-03 -1.95E-03 6.309E-07 1.040E-07
                        (NSTEP:   394  DELTAT:   1.0000E+01  TIME:   3.2324E+03)
     1    24 5.826E-04 1.146E-05   412 -1.97E-03 -1.96E-03 6.308E-07 1.041E-07
                        (NSTEP:   395  DELTAT:   1.0000E+01  TIME:   3.2424E+03)
     1    24 5.826E-04 1.146E-05   412 -1.99E-03 -1.97E-03 6.308E-07 1.041E-07
                        (NSTEP:   396  DELTAT:   1.0000E+01  TIME:   3.2524E+03)
     1    24 5.825E-04 1.146E-05   412 -2.00E-03 -1.99E-03 6.307E-07 1.041E-07
                        (NSTEP:   397  DELTAT:   1.0000E+01  TIME:   3.2624E+03)
     1    24 5.824E-04 1.146E-05   412 -2.01E-03 -2.00E-03 6.306E-07 1.042E-07
                        (NSTEP:   398  DELTAT:   1.0000E+01  TIME:   3.2724E+03)
     1    24 5.824E-04 1.146E-05   412 -2.02E-03 -2.01E-03 6.305E-07 1.042E-07
                        (NSTEP:   399  DELTAT:   1.0000E+01  TIME:   3.2824E+03)
     1    24 5.823E-04 1.147E-05   412 -2.03E-03 -2.02E-03 6.304E-07 1.042E-07
                        (NSTEP:   400  DELTAT:   1.0000E+01  TIME:   3.2924E+03)
     1    24 5.823E-04 1.147E-05   412 -2.04E-03 -2.03E-03 6.303E-07 1.043E-07
                        (NSTEP:   401  DELTAT:   1.0000E+01  TIME:   3.3024E+03)
     1    24 5.822E-04 1.147E-05   412 -2.05E-03 -2.04E-03 6.302E-07 1.043E-07
                        (NSTEP:   402  DELTAT:   1.0000E+01  TIME:   3.3124E+03)
     1    24 5.821E-04 1.147E-05   412 -2.07E-03 -2.05E-03 6.302E-07 1.043E-07
                        (NSTEP:   403  DELTAT:   1.0000E+01  TIME:   3.3224E+03)
     1    24 5.821E-04 1.147E-05   412 -2.08E-03 -2.07E-03 6.301E-07 1.044E-07
                        (NSTEP:   404  DELTAT:   1.0000E+01  TIME:   3.3324E+03)
     1    24 5.820E-04 1.148E-05   412 -2.09E-03 -2.08E-03 6.300E-07 1.044E-07
                        (NSTEP:   405  DELTAT:   1.0000E+01  TIME:   3.3424E+03)
     1    24 5.820E-04 1.148E-05   412 -2.10E-03 -2.09E-03 6.299E-07 1.044E-07
                        (NSTEP:   406  DELTAT:   1.0000E+01  TIME:   3.3524E+03)
     1    24 5.819E-04 1.148E-05   412 -2.11E-03 -2.10E-03 6.298E-07 1.045E-07
                        (NSTEP:   407  DELTAT:   1.0000E+01  TIME:   3.3624E+03)
     1    24 5.818E-04 1.148E-05   412 -2.12E-03 -2.11E-03 6.297E-07 1.045E-07
                        (NSTEP:   408  DELTAT:   1.0000E+01  TIME:   3.3724E+03)
     1    24 5.818E-04 1.148E-05   412 -2.13E-03 -2.12E-03 6.297E-07 1.045E-07
                        (NSTEP:   409  DELTAT:   1.0000E+01  TIME:   3.3824E+03)
     1    24 5.817E-04 1.149E-05   412 -2.15E-03 -2.13E-03 6.296E-07 1.046E-07
                        (NSTEP:   410  DELTAT:   1.0000E+01  TIME:   3.3924E+03)
     1    24 5.817E-04 1.149E-05   412 -2.16E-03 -2.15E-03 6.295E-07 1.046E-07
                        (NSTEP:   411  DELTAT:   1.0000E+01  TIME:   3.4024E+03)
     1    24 5.816E-04 1.149E-05   412 -2.17E-03 -2.16E-03 6.294E-07 1.046E-07
                        (NSTEP:   412  DELTAT:   1.0000E+01  TIME:   3.4124E+03)
     1    24 5.815E-04 1.149E-05   412 -2.18E-03 -2.17E-03 6.293E-07 1.047E-07
                        (NSTEP:   413  DELTAT:   1.0000E+01  TIME:   3.4224E+03)
     1    24 5.815E-04 1.149E-05   412 -2.19E-03 -2.18E-03 6.292E-07 1.047E-07
                        (NSTEP:   414  DELTAT:   1.0000E+01  TIME:   3.4324E+03)
     1    24 5.816E-04 1.149E-05   412 -2.20E-03 -2.19E-03 6.291E-07 1.047E-07
                        (NSTEP:   415  DELTAT:   1.0000E+01  TIME:   3.4424E+03)
     1    24 5.814E-04 1.150E-05   412 -2.22E-03 -2.20E-03 6.290E-07 1.048E-07
                        (NSTEP:   416  DELTAT:   1.0000E+01  TIME:   3.4524E+03)
     1    24 5.813E-04 1.150E-05   412 -2.23E-03 -2.22E-03 6.289E-07 1.048E-07
                        (NSTEP:   417  DELTAT:   1.0000E+01  TIME:   3.4624E+03)
     1    24 5.812E-04 1.150E-05   412 -2.24E-03 -2.23E-03 6.289E-07 1.048E-07
                        (NSTEP:   418  DELTAT:   1.0000E+01  TIME:   3.4724E+03)
     1    24 5.811E-04 1.150E-05   412 -2.25E-03 -2.24E-03 6.288E-07 1.049E-07
                        (NSTEP:   419  DELTAT:   1.0000E+01  TIME:   3.4824E+03)
     1    24 5.811E-04 1.150E-05   412 -2.26E-03 -2.25E-03 6.287E-07 1.049E-07
                        (NSTEP:   420  DELTAT:   1.0000E+01  TIME:   3.4924E+03)
     1    24 5.810E-04 1.150E-05   412 -2.27E-03 -2.26E-03 6.286E-07 1.049E-07
                        (NSTEP:   421  DELTAT:   1.0000E+01  TIME:   3.5024E+03)
     1    24 5.809E-04 1.151E-05   412 -2.28E-03 -2.27E-03 6.285E-07 1.050E-07
                        (NSTEP:   422  DELTAT:   1.0000E+01  TIME:   3.5124E+03)
     1    24 5.808E-04 1.151E-05   412 -2.30E-03 -2.28E-03 6.284E-07 1.050E-07
                        (NSTEP:   423  DELTAT:   1.0000E+01  TIME:   3.5224E+03)
     1    24 5.808E-04 1.151E-05   412 -2.31E-03 -2.30E-03 6.283E-07 1.050E-07
                        (NSTEP:   424  DELTAT:   1.0000E+01  TIME:   3.5324E+03)
     1    24 5.807E-04 1.151E-05   412 -2.32E-03 -2.31E-03 6.283E-07 1.051E-07
                        (NSTEP:   425  DELTAT:   1.0000E+01  TIME:   3.5424E+03)
     1    24 5.807E-04 1.151E-05   412 -2.33E-03 -2.32E-03 6.282E-07 1.051E-07
                        (NSTEP:   426  DELTAT:   1.0000E+01  TIME:   3.5524E+03)
     1    24 5.806E-04 1.151E-05   412 -2.34E-03 -2.33E-03 6.281E-07 1.051E-07
                        (NSTEP:   427  DELTAT:   1.0000E+01  TIME:   3.5624E+03)
     1    24 5.805E-04 1.152E-05   412 -2.35E-03 -2.34E-03 6.280E-07 1.052E-07
                        (NSTEP:   428  DELTAT:   1.0000E+01  TIME:   3.5724E+03)
     1    24 5.804E-04 1.152E-05   412 -2.36E-03 -2.35E-03 6.279E-07 1.052E-07
                        (NSTEP:   429  DELTAT:   1.0000E+01  TIME:   3.5824E+03)
     1    24 5.803E-04 1.152E-05   412 -2.38E-03 -2.36E-03 6.278E-07 1.052E-07
                        (NSTEP:   430  DELTAT:   1.0000E+01  TIME:   3.5924E+03)
     1    24 5.803E-04 1.152E-05   412 -2.39E-03 -2.38E-03 6.277E-07 1.053E-07
                        (NSTEP:   431  DELTAT:   1.0000E+01  TIME:   3.6024E+03)
     1    24 5.802E-04 1.152E-05   412 -2.40E-03 -2.39E-03 6.276E-07 1.053E-07
                        (NSTEP:   432  DELTAT:   1.0000E+01  TIME:   3.6124E+03)
     1    24 5.801E-04 1.152E-05   412 -2.41E-03 -2.40E-03 6.276E-07 1.053E-07
                        (NSTEP:   433  DELTAT:   1.0000E+01  TIME:   3.6224E+03)
     1    24 5.801E-04 1.152E-05   412 -2.42E-03 -2.41E-03 6.275E-07 1.053E-07
                        (NSTEP:   434  DELTAT:   1.0000E+01  TIME:   3.6324E+03)
     1    24 5.800E-04 1.152E-05   412 -2.43E-03 -2.42E-03 6.274E-07 1.054E-07
                        (NSTEP:   435  DELTAT:   1.0000E+01  TIME:   3.6424E+03)
     1    24 5.799E-04 1.152E-05   412 -2.45E-03 -2.43E-03 6.273E-07 1.054E-07
                        (NSTEP:   436  DELTAT:   1.0000E+01  TIME:   3.6524E+03)
     1    24 5.799E-04 1.153E-05   412 -2.46E-03 -2.45E-03 6.272E-07 1.054E-07
                        (NSTEP:   437  DELTAT:   1.0000E+01  TIME:   3.6624E+03)
     1    24 5.798E-04 1.153E-05   412 -2.47E-03 -2.46E-03 6.271E-07 1.055E-07
                        (NSTEP:   438  DELTAT:   1.0000E+01  TIME:   3.6724E+03)
     1    24 5.797E-04 1.153E-05   412 -2.48E-03 -2.47E-03 6.271E-07 1.055E-07
                        (NSTEP:   439  DELTAT:   1.0000E+01  TIME:   3.6824E+03)
     1    24 5.797E-04 1.153E-05   412 -2.49E-03 -2.48E-03 6.270E-07 1.055E-07
                        (NSTEP:   440  DELTAT:   1.0000E+01  TIME:   3.6924E+03)
     1    24 5.796E-04 1.153E-05   412 -2.50E-03 -2.49E-03 6.269E-07 1.056E-07
                        (NSTEP:   441  DELTAT:   1.0000E+01  TIME:   3.7024E+03)
     1    24 5.795E-04 1.153E-05   412 -2.51E-03 -2.50E-03 6.268E-07 1.056E-07
                        (NSTEP:   442  DELTAT:   1.0000E+01  TIME:   3.7124E+03)
     1    24 5.795E-04 1.153E-05   412 -2.53E-03 -2.51E-03 6.267E-07 1.056E-07
                        (NSTEP:   443  DELTAT:   1.0000E+01  TIME:   3.7224E+03)
     1    24 5.794E-04 1.153E-05   412 -2.54E-03 -2.53E-03 6.266E-07 1.057E-07
                        (NSTEP:   444  DELTAT:   1.0000E+01  TIME:   3.7324E+03)
     1    24 5.793E-04 1.153E-05   412 -2.55E-03 -2.54E-03 6.266E-07 1.057E-07
                        (NSTEP:   445  DELTAT:   1.0000E+01  TIME:   3.7424E+03)
     1    24 5.793E-04 1.153E-05   412 -2.56E-03 -2.55E-03 6.265E-07 1.057E-07
                        (NSTEP:   446  DELTAT:   1.0000E+01  TIME:   3.7524E+03)
     1    24 5.792E-04 1.153E-05   412 -2.57E-03 -2.56E-03 6.264E-07 1.057E-07
                        (NSTEP:   447  DELTAT:   1.0000E+01  TIME:   3.7624E+03)
     1    24 5.792E-04 1.153E-05   412 -2.58E-03 -2.57E-03 6.263E-07 1.058E-07
                        (NSTEP:   448  DELTAT:   1.0000E+01  TIME:   3.7724E+03)
     1    24 5.791E-04 1.154E-05   412 -2.60E-03 -2.58E-03 6.262E-07 1.058E-07
                        (NSTEP:   449  DELTAT:   1.0000E+01  TIME:   3.7824E+03)
     1    24 5.790E-04 1.154E-05   412 -2.61E-03 -2.60E-03 6.262E-07 1.058E-07
                        (NSTEP:   450  DELTAT:   1.0000E+01  TIME:   3.7924E+03)
     1    24 5.790E-04 1.154E-05   412 -2.62E-03 -2.61E-03 6.261E-07 1.059E-07
                        (NSTEP:   451  DELTAT:   1.0000E+01  TIME:   3.8024E+03)
     1    24 5.789E-04 1.154E-05   412 -2.63E-03 -2.62E-03 6.260E-07 1.059E-07
                        (NSTEP:   452  DELTAT:   1.0000E+01  TIME:   3.8124E+03)
     1    24 5.788E-04 1.154E-05   412 -2.64E-03 -2.63E-03 6.259E-07 1.059E-07
                        (NSTEP:   453  DELTAT:   1.0000E+01  TIME:   3.8224E+03)
     1    24 5.788E-04 1.154E-05   412 -2.65E-03 -2.64E-03 6.258E-07 1.060E-07
                        (NSTEP:   454  DELTAT:   1.0000E+01  TIME:   3.8324E+03)
     1    24 5.791E-04 1.154E-05   412 -2.66E-03 -2.65E-03 6.256E-07 1.060E-07
                        (NSTEP:   455  DELTAT:   1.0000E+01  TIME:   3.8424E+03)
     1    24 5.787E-04 1.154E-05   412 -2.68E-03 -2.66E-03 6.256E-07 1.060E-07
                        (NSTEP:   456  DELTAT:   1.0000E+01  TIME:   3.8524E+03)
     1    24 5.786E-04 1.154E-05   412 -2.69E-03 -2.68E-03 6.255E-07 1.060E-07
                        (NSTEP:   457  DELTAT:   1.0000E+01  TIME:   3.8624E+03)
     1    24 5.785E-04 1.154E-05   412 -2.70E-03 -2.69E-03 6.254E-07 1.061E-07
                        (NSTEP:   458  DELTAT:   1.0000E+01  TIME:   3.8724E+03)
     1    24 5.784E-04 1.154E-05   412 -2.71E-03 -2.70E-03 6.253E-07 1.061E-07
                        (NSTEP:   459  DELTAT:   1.0000E+01  TIME:   3.8824E+03)
     1    24 5.784E-04 1.154E-05   412 -2.72E-03 -2.71E-03 6.252E-07 1.061E-07
                        (NSTEP:   460  DELTAT:   1.0000E+01  TIME:   3.8924E+03)
     1    24 5.783E-04 1.154E-05   412 -2.73E-03 -2.72E-03 6.251E-07 1.062E-07
                        (NSTEP:   461  DELTAT:   1.0000E+01  TIME:   3.9024E+03)
     1    24 5.782E-04 1.154E-05   412 -2.75E-03 -2.73E-03 6.250E-07 1.062E-07
                        (NSTEP:   462  DELTAT:   1.0000E+01  TIME:   3.9124E+03)
     1    24 5.781E-04 1.154E-05   412 -2.76E-03 -2.75E-03 6.249E-07 1.062E-07
                        (NSTEP:   463  DELTAT:   1.0000E+01  TIME:   3.9224E+03)
     1    24 5.781E-04 1.155E-05   412 -2.77E-03 -2.76E-03 6.248E-07 1.063E-07
                        (NSTEP:   464  DELTAT:   1.0000E+01  TIME:   3.9324E+03)
     1    24 5.780E-04 1.155E-05   412 -2.78E-03 -2.77E-03 6.247E-07 1.063E-07
                        (NSTEP:   465  DELTAT:   1.0000E+01  TIME:   3.9424E+03)
     1    24 5.779E-04 1.155E-05   412 -2.79E-03 -2.78E-03 6.246E-07 1.063E-07
                        (NSTEP:   466  DELTAT:   1.0000E+01  TIME:   3.9524E+03)
     1    24 5.779E-04 1.155E-05   412 -2.80E-03 -2.79E-03 6.246E-07 1.063E-07
                        (NSTEP:   467  DELTAT:   1.0000E+01  TIME:   3.9624E+03)
     1    24 5.778E-04 1.155E-05   412 -2.81E-03 -2.80E-03 6.245E-07 1.064E-07
                        (NSTEP:   468  DELTAT:   1.0000E+01  TIME:   3.9724E+03)
     1    24 5.777E-04 1.155E-05   412 -2.83E-03 -2.81E-03 6.244E-07 1.064E-07
                        (NSTEP:   469  DELTAT:   1.0000E+01  TIME:   3.9824E+03)
     1    24 5.776E-04 1.155E-05   412 -2.84E-03 -2.83E-03 6.243E-07 1.064E-07
                        (NSTEP:   470  DELTAT:   1.0000E+01  TIME:   3.9924E+03)
     1    24 5.776E-04 1.155E-05   412 -2.85E-03 -2.84E-03 6.242E-07 1.065E-07
                        (NSTEP:   471  DELTAT:   1.0000E+01  TIME:   4.0024E+03)
     1    24 5.775E-04 1.155E-05   412 -2.86E-03 -2.85E-03 6.241E-07 1.065E-07
                        (NSTEP:   472  DELTAT:   1.0000E+01  TIME:   4.0124E+03)
     1    24 5.774E-04 1.155E-05   412 -2.87E-03 -2.86E-03 6.240E-07 1.065E-07
                        (NSTEP:   473  DELTAT:   1.0000E+01  TIME:   4.0224E+03)
     1    24 5.774E-04 1.155E-05   412 -2.88E-03 -2.87E-03 6.240E-07 1.065E-07
                        (NSTEP:   474  DELTAT:   1.0000E+01  TIME:   4.0324E+03)
     1    24 5.779E-04 1.155E-05   412 -2.90E-03 -2.88E-03 6.236E-07 1.066E-07
                        (NSTEP:   475  DELTAT:   1.0000E+01  TIME:   4.0424E+03)
     1    24 5.772E-04 1.155E-05   412 -2.91E-03 -2.90E-03 6.236E-07 1.066E-07
                        (NSTEP:   476  DELTAT:   1.0000E+01  TIME:   4.0524E+03)
     1    24 5.771E-04 1.155E-05   412 -2.92E-03 -2.91E-03 6.235E-07 1.066E-07
                        (NSTEP:   477  DELTAT:   1.0000E+01  TIME:   4.0624E+03)
     1    24 5.770E-04 1.155E-05   412 -2.93E-03 -2.92E-03 6.233E-07 1.067E-07
                        (NSTEP:   478  DELTAT:   1.0000E+01  TIME:   4.0724E+03)
     1    24 5.769E-04 1.155E-05   412 -2.94E-03 -2.93E-03 6.232E-07 1.067E-07
                        (NSTEP:   479  DELTAT:   1.0000E+01  TIME:   4.0824E+03)
     1    24 5.768E-04 1.155E-05   412 -2.95E-03 -2.94E-03 6.231E-07 1.067E-07
                        (NSTEP:   480  DELTAT:   1.0000E+01  TIME:   4.0924E+03)
     1    24 5.768E-04 1.155E-05   412 -2.96E-03 -2.95E-03 6.230E-07 1.067E-07
                        (NSTEP:   481  DELTAT:   1.0000E+01  TIME:   4.1024E+03)
     1    24 5.767E-04 1.155E-05   412 -2.98E-03 -2.96E-03 6.229E-07 1.068E-07
                        (NSTEP:   482  DELTAT:   1.0000E+01  TIME:   4.1124E+03)
     1    24 5.766E-04 1.155E-05   412 -2.99E-03 -2.98E-03 6.228E-07 1.068E-07
                        (NSTEP:   483  DELTAT:   1.0000E+01  TIME:   4.1224E+03)
     1    24 5.765E-04 1.155E-05   412 -3.00E-03 -2.99E-03 6.227E-07 1.068E-07
                        (NSTEP:   484  DELTAT:   1.0000E+01  TIME:   4.1324E+03)
     1    24 5.765E-04 1.155E-05   412 -3.01E-03 -3.00E-03 6.226E-07 1.069E-07
                        (NSTEP:   485  DELTAT:   1.0000E+01  TIME:   4.1424E+03)
     1    24 5.764E-04 1.155E-05   412 -3.02E-03 -3.01E-03 6.224E-07 1.069E-07
                        (NSTEP:   486  DELTAT:   1.0000E+01  TIME:   4.1524E+03)
     1    24 5.764E-04 1.155E-05   412 -3.03E-03 -3.02E-03 6.223E-07 1.069E-07
                        (NSTEP:   487  DELTAT:   1.0000E+01  TIME:   4.1624E+03)
     1    24 5.762E-04 1.155E-05   412 -3.05E-03 -3.03E-03 6.222E-07 1.069E-07
                        (NSTEP:   488  DELTAT:   1.0000E+01  TIME:   4.1724E+03)
     1    24 5.761E-04 1.155E-05   412 -3.06E-03 -3.05E-03 6.221E-07 1.070E-07
                        (NSTEP:   489  DELTAT:   1.0000E+01  TIME:   4.1824E+03)
     1    24 5.761E-04 1.155E-05   412 -3.07E-03 -3.06E-03 6.220E-07 1.070E-07
                        (NSTEP:   490  DELTAT:   1.0000E+01  TIME:   4.1924E+03)
     1    24 5.760E-04 1.155E-05   412 -3.08E-03 -3.07E-03 6.219E-07 1.070E-07
                        (NSTEP:   491  DELTAT:   1.0000E+01  TIME:   4.2024E+03)
     1    24 5.758E-04 1.155E-05   412 -3.09E-03 -3.08E-03 6.218E-07 1.070E-07
                        (NSTEP:   492  DELTAT:   1.0000E+01  TIME:   4.2124E+03)
     1    24 5.757E-04 1.155E-05   412 -3.10E-03 -3.09E-03 6.217E-07 1.071E-07
                        (NSTEP:   493  DELTAT:   1.0000E+01  TIME:   4.2224E+03)
     1    24 5.757E-04 1.155E-05   412 -3.12E-03 -3.10E-03 6.216E-07 1.071E-07
                        (NSTEP:   494  DELTAT:   1.0000E+01  TIME:   4.2324E+03)
     1    24 5.756E-04 1.155E-05   412 -3.13E-03 -3.12E-03 6.215E-07 1.071E-07
                        (NSTEP:   495  DELTAT:   1.0000E+01  TIME:   4.2424E+03)
     1    24 5.755E-04 1.155E-05   412 -3.14E-03 -3.13E-03 6.214E-07 1.072E-07
                        (NSTEP:   496  DELTAT:   1.0000E+01  TIME:   4.2524E+03)
     1    24 5.754E-04 1.155E-05   412 -3.15E-03 -3.14E-03 6.213E-07 1.072E-07
                        (NSTEP:   497  DELTAT:   1.0000E+01  TIME:   4.2624E+03)
     1    24 5.753E-04 1.155E-05   412 -3.16E-03 -3.15E-03 6.212E-07 1.072E-07
                        (NSTEP:   498  DELTAT:   1.0000E+01  TIME:   4.2724E+03)
     1    24 5.752E-04 1.155E-05   412 -3.17E-03 -3.16E-03 6.211E-07 1.072E-07
                        (NSTEP:   499  DELTAT:   1.0000E+01  TIME:   4.2824E+03)
     1    24 5.752E-04 1.155E-05   412 -3.18E-03 -3.17E-03 6.210E-07 1.073E-07
                        (NSTEP:   500  DELTAT:   1.0000E+01  TIME:   4.2924E+03)
     1    24 5.751E-04 1.155E-05   412 -3.20E-03 -3.18E-03 6.209E-07 1.073E-07
                        (NSTEP:   501  DELTAT:   1.0000E+01  TIME:   4.3024E+03)
     1    24 5.750E-04 1.155E-05   412 -3.21E-03 -3.20E-03 6.208E-07 1.073E-07
                        (NSTEP:   502  DELTAT:   1.0000E+01  TIME:   4.3124E+03)
     1    24 5.749E-04 1.155E-05   412 -3.22E-03 -3.21E-03 6.207E-07 1.073E-07
                        (NSTEP:   503  DELTAT:   1.0000E+01  TIME:   4.3224E+03)
     1    24 5.749E-04 1.155E-05   412 -3.23E-03 -3.22E-03 6.206E-07 1.074E-07
                        (NSTEP:   504  DELTAT:   1.0000E+01  TIME:   4.3324E+03)
     1    24 5.748E-04 1.155E-05   412 -3.24E-03 -3.23E-03 6.205E-07 1.074E-07
                        (NSTEP:   505  DELTAT:   1.0000E+01  TIME:   4.3424E+03)
     1    24 5.747E-04 1.155E-05   412 -3.25E-03 -3.24E-03 6.204E-07 1.074E-07
                        (NSTEP:   506  DELTAT:   1.0000E+01  TIME:   4.3524E+03)
     1    24 5.746E-04 1.155E-05   412 -3.27E-03 -3.25E-03 6.203E-07 1.074E-07
                        (NSTEP:   507  DELTAT:   1.0000E+01  TIME:   4.3624E+03)
     1    24 5.746E-04 1.155E-05   412 -3.28E-03 -3.27E-03 6.202E-07 1.075E-07
                        (NSTEP:   508  DELTAT:   1.0000E+01  TIME:   4.3724E+03)
     1    24 5.745E-04 1.155E-05   412 -3.29E-03 -3.28E-03 6.202E-07 1.075E-07
                        (NSTEP:   509  DELTAT:   1.0000E+01  TIME:   4.3824E+03)
     1    24 5.744E-04 1.155E-05   412 -3.30E-03 -3.29E-03 6.201E-07 1.075E-07
                        (NSTEP:   510  DELTAT:   1.0000E+01  TIME:   4.3924E+03)
     1    24 5.743E-04 1.155E-05   412 -3.31E-03 -3.30E-03 6.200E-07 1.075E-07
                        (NSTEP:   511  DELTAT:   1.0000E+01  TIME:   4.4024E+03)
     1    24 5.743E-04 1.155E-05   412 -3.32E-03 -3.31E-03 6.199E-07 1.076E-07
                        (NSTEP:   512  DELTAT:   1.0000E+01  TIME:   4.4124E+03)
     1    24 5.742E-04 1.155E-05   412 -3.33E-03 -3.32E-03 6.198E-07 1.076E-07
                        (NSTEP:   513  DELTAT:   1.0000E+01  TIME:   4.4224E+03)
     1    24 5.741E-04 1.155E-05   412 -3.35E-03 -3.33E-03 6.197E-07 1.076E-07
                        (NSTEP:   514  DELTAT:   1.0000E+01  TIME:   4.4324E+03)
     1    24 5.740E-04 1.155E-05   412 -3.36E-03 -3.35E-03 6.196E-07 1.076E-07
                        (NSTEP:   515  DELTAT:   1.0000E+01  TIME:   4.4424E+03)
     1    24 5.740E-04 1.155E-05   412 -3.37E-03 -3.36E-03 6.195E-07 1.077E-07
                        (NSTEP:   516  DELTAT:   1.0000E+01  TIME:   4.4524E+03)
     1    24 5.739E-04 1.155E-05   412 -3.38E-03 -3.37E-03 6.194E-07 1.077E-07
                        (NSTEP:   517  DELTAT:   1.0000E+01  TIME:   4.4624E+03)
     1    24 5.738E-04 1.155E-05   412 -3.39E-03 -3.38E-03 6.193E-07 1.077E-07
                        (NSTEP:   518  DELTAT:   1.0000E+01  TIME:   4.4724E+03)
     1    24 5.738E-04 1.155E-05   412 -3.40E-03 -3.39E-03 6.192E-07 1.077E-07
                        (NSTEP:   519  DELTAT:   1.0000E+01  TIME:   4.4824E+03)
     1    24 5.737E-04 1.155E-05   412 -3.42E-03 -3.40E-03 6.192E-07 1.078E-07
                        (NSTEP:   520  DELTAT:   1.0000E+01  TIME:   4.4924E+03)
     1    24 5.736E-04 1.155E-05   412 -3.43E-03 -3.42E-03 6.191E-07 1.078E-07
                        (NSTEP:   521  DELTAT:   1.0000E+01  TIME:   4.5024E+03)
     1    24 5.737E-04 1.155E-05   412 -3.44E-03 -3.43E-03 6.189E-07 1.078E-07
                        (NSTEP:   522  DELTAT:   1.0000E+01  TIME:   4.5124E+03)
     1    24 5.735E-04 1.155E-05   412 -3.45E-03 -3.44E-03 6.188E-07 1.078E-07
                        (NSTEP:   523  DELTAT:   1.0000E+01  TIME:   4.5224E+03)
     1    24 5.734E-04 1.155E-05   412 -3.46E-03 -3.45E-03 6.188E-07 1.079E-07
                        (NSTEP:   524  DELTAT:   1.0000E+01  TIME:   4.5324E+03)
     1    24 5.733E-04 1.155E-05   412 -3.47E-03 -3.46E-03 6.187E-07 1.079E-07
                        (NSTEP:   525  DELTAT:   1.0000E+01  TIME:   4.5424E+03)
     1    24 5.732E-04 1.155E-05   412 -3.48E-03 -3.47E-03 6.186E-07 1.079E-07
                        (NSTEP:   526  DELTAT:   1.0000E+01  TIME:   4.5524E+03)
     1    24 5.732E-04 1.155E-05   412 -3.50E-03 -3.48E-03 6.185E-07 1.079E-07
                        (NSTEP:   527  DELTAT:   1.0000E+01  TIME:   4.5624E+03)
     1    24 5.731E-04 1.155E-05   412 -3.51E-03 -3.50E-03 6.184E-07 1.080E-07
                        (NSTEP:   528  DELTAT:   1.0000E+01  TIME:   4.5724E+03)
     1    24 5.730E-04 1.155E-05   412 -3.52E-03 -3.51E-03 6.183E-07 1.080E-07
                        (NSTEP:   529  DELTAT:   1.0000E+01  TIME:   4.5824E+03)
     1    24 5.729E-04 1.155E-05   412 -3.53E-03 -3.52E-03 6.182E-07 1.080E-07
                        (NSTEP:   530  DELTAT:   1.0000E+01  TIME:   4.5924E+03)
     1    24 5.729E-04 1.155E-05   412 -3.54E-03 -3.53E-03 6.181E-07 1.080E-07
                        (NSTEP:   531  DELTAT:   1.0000E+01  TIME:   4.6024E+03)
     1    24 5.728E-04 1.155E-05   412 -3.55E-03 -3.54E-03 6.180E-07 1.081E-07
                        (NSTEP:   532  DELTAT:   1.0000E+01  TIME:   4.6124E+03)
     1    24 5.727E-04 1.155E-05   412 -3.57E-03 -3.55E-03 6.180E-07 1.081E-07
                        (NSTEP:   533  DELTAT:   1.0000E+01  TIME:   4.6224E+03)
     1    24 5.726E-04 1.155E-05   412 -3.58E-03 -3.57E-03 6.179E-07 1.081E-07
                        (NSTEP:   534  DELTAT:   1.0000E+01  TIME:   4.6324E+03)
     1    24 5.726E-04 1.155E-05   412 -3.59E-03 -3.58E-03 6.178E-07 1.081E-07
                        (NSTEP:   535  DELTAT:   1.0000E+01  TIME:   4.6424E+03)
     1    24 5.725E-04 1.155E-05   412 -3.60E-03 -3.59E-03 6.177E-07 1.082E-07
                        (NSTEP:   536  DELTAT:   1.0000E+01  TIME:   4.6524E+03)
     1    23 5.730E-04 1.155E-05   412 -3.61E-03 -3.60E-03 6.174E-07 1.082E-07
                        (NSTEP:   537  DELTAT:   1.0000E+01  TIME:   4.6624E+03)
     1    24 5.723E-04 1.155E-05   412 -3.62E-03 -3.61E-03 6.173E-07 1.082E-07
                        (NSTEP:   538  DELTAT:   1.0000E+01  TIME:   4.6724E+03)
     1    24 5.722E-04 1.155E-05   412 -3.63E-03 -3.62E-03 6.172E-07 1.082E-07
                        (NSTEP:   539  DELTAT:   1.0000E+01  TIME:   4.6824E+03)
     1    24 5.721E-04 1.155E-05   412 -3.65E-03 -3.63E-03 6.171E-07 1.082E-07
                        (NSTEP:   540  DELTAT:   1.0000E+01  TIME:   4.6924E+03)
     1    24 5.720E-04 1.155E-05   412 -3.66E-03 -3.65E-03 6.170E-07 1.083E-07
                        (NSTEP:   541  DELTAT:   1.0000E+01  TIME:   4.7024E+03)
     1    24 5.719E-04 1.155E-05   412 -3.67E-03 -3.66E-03 6.168E-07 1.083E-07
                        (NSTEP:   542  DELTAT:   1.0000E+01  TIME:   4.7124E+03)
     1    24 5.718E-04 1.155E-05   412 -3.68E-03 -3.67E-03 6.167E-07 1.083E-07
                        (NSTEP:   543  DELTAT:   1.0000E+01  TIME:   4.7224E+03)
     1    24 5.718E-04 1.155E-05   412 -3.69E-03 -3.68E-03 6.166E-07 1.083E-07
                        (NSTEP:   544  DELTAT:   1.0000E+01  TIME:   4.7324E+03)
     1    24 5.717E-04 1.155E-05   412 -3.70E-03 -3.69E-03 6.165E-07 1.084E-07
                        (NSTEP:   545  DELTAT:   1.0000E+01  TIME:   4.7424E+03)
     1    24 5.716E-04 1.154E-05   412 -3.72E-03 -3.70E-03 6.164E-07 1.084E-07
                        (NSTEP:   546  DELTAT:   1.0000E+01  TIME:   4.7524E+03)
     1    24 5.715E-04 1.154E-05   412 -3.73E-03 -3.72E-03 6.163E-07 1.084E-07
                        (NSTEP:   547  DELTAT:   1.0000E+01  TIME:   4.7624E+03)
     1    24 5.714E-04 1.154E-05   412 -3.74E-03 -3.73E-03 6.162E-07 1.084E-07
                        (NSTEP:   548  DELTAT:   1.0000E+01  TIME:   4.7724E+03)
     1    24 5.714E-04 1.154E-05   412 -3.75E-03 -3.74E-03 6.161E-07 1.085E-07
                        (NSTEP:   549  DELTAT:   1.0000E+01  TIME:   4.7824E+03)
     1    24 5.713E-04 1.154E-05   412 -3.76E-03 -3.75E-03 6.160E-07 1.085E-07
                        (NSTEP:   550  DELTAT:   1.0000E+01  TIME:   4.7924E+03)
     1    24 5.712E-04 1.154E-05   412 -3.77E-03 -3.76E-03 6.159E-07 1.085E-07
                        (NSTEP:   551  DELTAT:   1.0000E+01  TIME:   4.8024E+03)
     1    24 5.711E-04 1.154E-05   412 -3.79E-03 -3.77E-03 6.158E-07 1.085E-07
                        (NSTEP:   552  DELTAT:   1.0000E+01  TIME:   4.8124E+03)
     1    24 5.710E-04 1.154E-05   412 -3.80E-03 -3.79E-03 6.157E-07 1.085E-07
                        (NSTEP:   553  DELTAT:   1.0000E+01  TIME:   4.8224E+03)
     1    24 5.710E-04 1.154E-05   412 -3.81E-03 -3.80E-03 6.156E-07 1.086E-07
                        (NSTEP:   554  DELTAT:   1.0000E+01  TIME:   4.8324E+03)
     1    24 5.709E-04 1.154E-05   412 -3.82E-03 -3.81E-03 6.155E-07 1.086E-07
                        (NSTEP:   555  DELTAT:   1.0000E+01  TIME:   4.8424E+03)
     1    24 5.708E-04 1.154E-05   412 -3.83E-03 -3.82E-03 6.154E-07 1.086E-07
                        (NSTEP:   556  DELTAT:   1.0000E+01  TIME:   4.8524E+03)
     1    24 5.707E-04 1.154E-05   412 -3.84E-03 -3.83E-03 6.153E-07 1.086E-07
                        (NSTEP:   557  DELTAT:   1.0000E+01  TIME:   4.8624E+03)
     1    24 5.707E-04 1.154E-05   412 -3.85E-03 -3.84E-03 6.152E-07 1.086E-07
                        (NSTEP:   558  DELTAT:   1.0000E+01  TIME:   4.8724E+03)
     1    24 5.706E-04 1.154E-05   412 -3.87E-03 -3.85E-03 6.151E-07 1.087E-07
                        (NSTEP:   559  DELTAT:   1.0000E+01  TIME:   4.8824E+03)
     1    24 5.705E-04 1.154E-05   412 -3.88E-03 -3.87E-03 6.150E-07 1.087E-07
                        (NSTEP:   560  DELTAT:   1.0000E+01  TIME:   4.8924E+03)
     1    24 5.704E-04 1.154E-05   412 -3.89E-03 -3.88E-03 6.149E-07 1.087E-07
                        (NSTEP:   561  DELTAT:   1.0000E+01  TIME:   4.9024E+03)
     1    24 5.704E-04 1.154E-05   412 -3.90E-03 -3.89E-03 6.148E-07 1.087E-07
                        (NSTEP:   562  DELTAT:   1.0000E+01  TIME:   4.9124E+03)
     1    24 5.703E-04 1.154E-05   412 -3.91E-03 -3.90E-03 6.147E-07 1.088E-07
                        (NSTEP:   563  DELTAT:   1.0000E+01  TIME:   4.9224E+03)
     1    24 5.702E-04 1.154E-05   412 -3.92E-03 -3.91E-03 6.146E-07 1.088E-07
                        (NSTEP:   564  DELTAT:   1.0000E+01  TIME:   4.9324E+03)
     1    24 5.702E-04 1.154E-05   412 -3.94E-03 -3.92E-03 6.145E-07 1.088E-07
                        (NSTEP:   565  DELTAT:   1.0000E+01  TIME:   4.9424E+03)
     1    24 5.701E-04 1.154E-05   412 -3.95E-03 -3.94E-03 6.144E-07 1.088E-07
                        (NSTEP:   566  DELTAT:   1.0000E+01  TIME:   4.9524E+03)
     1    24 5.700E-04 1.154E-05   412 -3.96E-03 -3.95E-03 6.143E-07 1.088E-07
                        (NSTEP:   567  DELTAT:   1.0000E+01  TIME:   4.9624E+03)
     1    24 5.699E-04 1.153E-05   412 -3.97E-03 -3.96E-03 6.142E-07 1.089E-07
                        (NSTEP:   568  DELTAT:   1.0000E+01  TIME:   4.9724E+03)
     1    24 5.699E-04 1.153E-05   412 -3.98E-03 -3.97E-03 6.141E-07 1.089E-07
                        (NSTEP:   569  DELTAT:   1.0000E+01  TIME:   4.9824E+03)
     1    24 5.698E-04 1.153E-05   412 -3.99E-03 -3.98E-03 6.140E-07 1.089E-07
                        (NSTEP:   570  DELTAT:   1.0000E+01  TIME:   4.9924E+03)
     1    24 5.697E-04 1.153E-05   412 -4.00E-03 -3.99E-03 6.140E-07 1.089E-07
                        (NSTEP:   571  DELTAT:   1.0000E+01  TIME:   5.0024E+03)
     1    24 5.696E-04 1.153E-05   412 -4.02E-03 -4.00E-03 6.139E-07 1.089E-07
                        (NSTEP:   572  DELTAT:   1.0000E+01  TIME:   5.0124E+03)
     1    24 5.696E-04 1.153E-05   412 -4.03E-03 -4.02E-03 6.138E-07 1.090E-07
                        (NSTEP:   573  DELTAT:   1.0000E+01  TIME:   5.0224E+03)
     1    24 5.695E-04 1.153E-05   412 -4.04E-03 -4.03E-03 6.137E-07 1.090E-07
                        (NSTEP:   574  DELTAT:   1.0000E+01  TIME:   5.0324E+03)
     1    24 5.695E-04 1.153E-05   412 -4.05E-03 -4.04E-03 6.136E-07 1.090E-07
                        (NSTEP:   575  DELTAT:   1.0000E+01  TIME:   5.0424E+03)
     1    24 5.694E-04 1.153E-05   412 -4.06E-03 -4.05E-03 6.135E-07 1.090E-07
                        (NSTEP:   576  DELTAT:   1.0000E+01  TIME:   5.0524E+03)
     1    24 5.693E-04 1.153E-05   412 -4.07E-03 -4.06E-03 6.134E-07 1.090E-07
                        (NSTEP:   577  DELTAT:   1.0000E+01  TIME:   5.0624E+03)
     1    24 5.692E-04 1.153E-05   412 -4.09E-03 -4.07E-03 6.133E-07 1.091E-07
                        (NSTEP:   578  DELTAT:   1.0000E+01  TIME:   5.0724E+03)
     1    24 5.691E-04 1.153E-05   412 -4.10E-03 -4.09E-03 6.132E-07 1.091E-07
                        (NSTEP:   579  DELTAT:   1.0000E+01  TIME:   5.0824E+03)
     1    24 5.690E-04 1.153E-05   412 -4.11E-03 -4.10E-03 6.131E-07 1.091E-07
                        (NSTEP:   580  DELTAT:   1.0000E+01  TIME:   5.0924E+03)
     1    24 5.690E-04 1.153E-05   412 -4.12E-03 -4.11E-03 6.130E-07 1.091E-07
                        (NSTEP:   581  DELTAT:   1.0000E+01  TIME:   5.1024E+03)
     1    24 5.689E-04 1.153E-05   412 -4.13E-03 -4.12E-03 6.129E-07 1.091E-07
                        (NSTEP:   582  DELTAT:   1.0000E+01  TIME:   5.1124E+03)
     1    24 5.688E-04 1.153E-05   412 -4.14E-03 -4.13E-03 6.129E-07 1.091E-07
                        (NSTEP:   583  DELTAT:   1.0000E+01  TIME:   5.1224E+03)
     1    24 5.687E-04 1.153E-05   412 -4.15E-03 -4.14E-03 6.128E-07 1.092E-07
                        (NSTEP:   584  DELTAT:   1.0000E+01  TIME:   5.1324E+03)
     1    24 5.687E-04 1.153E-05   412 -4.17E-03 -4.15E-03 6.127E-07 1.092E-07
                        (NSTEP:   585  DELTAT:   1.0000E+01  TIME:   5.1424E+03)
     1    24 5.686E-04 1.153E-05   412 -4.18E-03 -4.17E-03 6.126E-07 1.092E-07
                        (NSTEP:   586  DELTAT:   1.0000E+01  TIME:   5.1524E+03)
     1    24 5.685E-04 1.152E-05   412 -4.19E-03 -4.18E-03 6.125E-07 1.092E-07
                        (NSTEP:   587  DELTAT:   1.0000E+01  TIME:   5.1624E+03)
     1    24 5.685E-04 1.152E-05   412 -4.20E-03 -4.19E-03 6.124E-07 1.092E-07
                        (NSTEP:   588  DELTAT:   1.0000E+01  TIME:   5.1724E+03)
     1    24 5.684E-04 1.152E-05   412 -4.21E-03 -4.20E-03 6.123E-07 1.093E-07
                        (NSTEP:   589  DELTAT:   1.0000E+01  TIME:   5.1824E+03)
     1    24 5.683E-04 1.152E-05   412 -4.22E-03 -4.21E-03 6.122E-07 1.093E-07
                        (NSTEP:   590  DELTAT:   1.0000E+01  TIME:   5.1924E+03)
     1    24 5.682E-04 1.152E-05   412 -4.23E-03 -4.22E-03 6.122E-07 1.093E-07
                        (NSTEP:   591  DELTAT:   1.0000E+01  TIME:   5.2024E+03)
     1    24 5.682E-04 1.152E-05   412 -4.25E-03 -4.23E-03 6.121E-07 1.093E-07
                        (NSTEP:   592  DELTAT:   1.0000E+01  TIME:   5.2124E+03)
     1    24 5.681E-04 1.152E-05   412 -4.26E-03 -4.25E-03 6.120E-07 1.093E-07
                        (NSTEP:   593  DELTAT:   1.0000E+01  TIME:   5.2224E+03)
     1    24 5.680E-04 1.152E-05   412 -4.27E-03 -4.26E-03 6.119E-07 1.094E-07
                        (NSTEP:   594  DELTAT:   1.0000E+01  TIME:   5.2324E+03)
     1    24 5.680E-04 1.152E-05   412 -4.28E-03 -4.27E-03 6.118E-07 1.094E-07
                        (NSTEP:   595  DELTAT:   1.0000E+01  TIME:   5.2424E+03)
     1    24 5.679E-04 1.152E-05   412 -4.29E-03 -4.28E-03 6.117E-07 1.094E-07
                        (NSTEP:   596  DELTAT:   1.0000E+01  TIME:   5.2524E+03)
     1    24 5.678E-04 1.152E-05   412 -4.30E-03 -4.29E-03 6.116E-07 1.094E-07
                        (NSTEP:   597  DELTAT:   1.0000E+01  TIME:   5.2624E+03)
     1    24 5.677E-04 1.152E-05   412 -4.32E-03 -4.30E-03 6.116E-07 1.094E-07
                        (NSTEP:   598  DELTAT:   1.0000E+01  TIME:   5.2724E+03)
     1    24 5.677E-04 1.152E-05   412 -4.33E-03 -4.32E-03 6.115E-07 1.094E-07
                        (NSTEP:   599  DELTAT:   1.0000E+01  TIME:   5.2824E+03)
     1    24 5.676E-04 1.152E-05   412 -4.34E-03 -4.33E-03 6.114E-07 1.095E-07
                        (NSTEP:   600  DELTAT:   1.0000E+01  TIME:   5.2924E+03)
     1    24 5.675E-04 1.152E-05   412 -4.35E-03 -4.34E-03 6.113E-07 1.095E-07
                        (NSTEP:   601  DELTAT:   1.0000E+01  TIME:   5.3024E+03)
     1    24 5.675E-04 1.152E-05   412 -4.36E-03 -4.35E-03 6.112E-07 1.095E-07
                        (NSTEP:   602  DELTAT:   1.0000E+01  TIME:   5.3124E+03)
     1    24 5.674E-04 1.151E-05   412 -4.37E-03 -4.36E-03 6.111E-07 1.095E-07
                        (NSTEP:   603  DELTAT:   1.0000E+01  TIME:   5.3224E+03)
     1    24 5.673E-04 1.151E-05   412 -4.38E-03 -4.37E-03 6.111E-07 1.095E-07
                        (NSTEP:   604  DELTAT:   1.0000E+01  TIME:   5.3324E+03)
     1    24 5.673E-04 1.151E-05   412 -4.40E-03 -4.38E-03 6.110E-07 1.096E-07
                        (NSTEP:   605  DELTAT:   1.0000E+01  TIME:   5.3424E+03)
     1    24 5.672E-04 1.151E-05   412 -4.41E-03 -4.40E-03 6.109E-07 1.096E-07
                        (NSTEP:   606  DELTAT:   1.0000E+01  TIME:   5.3524E+03)
     1    24 5.672E-04 1.151E-05   412 -4.42E-03 -4.41E-03 6.108E-07 1.096E-07
                        (NSTEP:   607  DELTAT:   1.0000E+01  TIME:   5.3624E+03)
     1    24 5.672E-04 1.151E-05   412 -4.43E-03 -4.42E-03 6.107E-07 1.096E-07
                        (NSTEP:   608  DELTAT:   1.0000E+01  TIME:   5.3724E+03)
     1    24 5.670E-04 1.151E-05   412 -4.44E-03 -4.43E-03 6.106E-07 1.096E-07
                        (NSTEP:   609  DELTAT:   1.0000E+01  TIME:   5.3824E+03)
     1    24 5.669E-04 1.151E-05   412 -4.45E-03 -4.44E-03 6.105E-07 1.096E-07
                        (NSTEP:   610  DELTAT:   1.0000E+01  TIME:   5.3924E+03)
     1    24 5.668E-04 1.151E-05   412 -4.47E-03 -4.45E-03 6.104E-07 1.097E-07
                        (NSTEP:   611  DELTAT:   1.0000E+01  TIME:   5.4024E+03)
     1    24 5.667E-04 1.151E-05   412 -4.48E-03 -4.47E-03 6.104E-07 1.097E-07
                        (NSTEP:   612  DELTAT:   1.0000E+01  TIME:   5.4124E+03)
     1    24 5.666E-04 1.151E-05   412 -4.49E-03 -4.48E-03 6.103E-07 1.097E-07
                        (NSTEP:   613  DELTAT:   1.0000E+01  TIME:   5.4224E+03)
     1    24 5.665E-04 1.151E-05   412 -4.50E-03 -4.49E-03 6.102E-07 1.097E-07
                        (NSTEP:   614  DELTAT:   1.0000E+01  TIME:   5.4324E+03)
     1    24 5.664E-04 1.151E-05   412 -4.51E-03 -4.50E-03 6.101E-07 1.097E-07
                        (NSTEP:   615  DELTAT:   1.0000E+01  TIME:   5.4424E+03)
     1    24 5.663E-04 1.151E-05   412 -4.52E-03 -4.51E-03 6.100E-07 1.097E-07
                        (NSTEP:   616  DELTAT:   1.0000E+01  TIME:   5.4524E+03)
     1    24 5.663E-04 1.151E-05   412 -4.53E-03 -4.52E-03 6.099E-07 1.098E-07
                        (NSTEP:   617  DELTAT:   1.0000E+01  TIME:   5.4624E+03)
     1    24 5.662E-04 1.150E-05   412 -4.55E-03 -4.53E-03 6.099E-07 1.098E-07
                        (NSTEP:   618  DELTAT:   1.0000E+01  TIME:   5.4724E+03)
     1    24 5.661E-04 1.150E-05   412 -4.56E-03 -4.55E-03 6.098E-07 1.098E-07
                        (NSTEP:   619  DELTAT:   1.0000E+01  TIME:   5.4824E+03)
     1    24 5.660E-04 1.150E-05   412 -4.57E-03 -4.56E-03 6.097E-07 1.098E-07
                        (NSTEP:   620  DELTAT:   1.0000E+01  TIME:   5.4924E+03)
     1    24 5.660E-04 1.150E-05   412 -4.58E-03 -4.57E-03 6.096E-07 1.098E-07
                        (NSTEP:   621  DELTAT:   1.0000E+01  TIME:   5.5024E+03)
     1    24 5.660E-04 1.150E-05   412 -4.59E-03 -4.58E-03 6.095E-07 1.098E-07
                        (NSTEP:   622  DELTAT:   1.0000E+01  TIME:   5.5124E+03)
     1    24 5.658E-04 1.150E-05   412 -4.60E-03 -4.59E-03 6.094E-07 1.099E-07
                        (NSTEP:   623  DELTAT:   1.0000E+01  TIME:   5.5224E+03)
     1    24 5.657E-04 1.150E-05   412 -4.61E-03 -4.60E-03 6.093E-07 1.099E-07
                        (NSTEP:   624  DELTAT:   1.0000E+01  TIME:   5.5324E+03)
     1    24 5.656E-04 1.150E-05   412 -4.63E-03 -4.61E-03 6.092E-07 1.099E-07
                        (NSTEP:   625  DELTAT:   1.0000E+01  TIME:   5.5424E+03)
     1    24 5.655E-04 1.150E-05   412 -4.64E-03 -4.63E-03 6.092E-07 1.099E-07
                        (NSTEP:   626  DELTAT:   1.0000E+01  TIME:   5.5524E+03)
     1    24 5.655E-04 1.150E-05   412 -4.65E-03 -4.64E-03 6.091E-07 1.099E-07
                        (NSTEP:   627  DELTAT:   1.0000E+01  TIME:   5.5624E+03)
     1    24 5.654E-04 1.149E-05   412 -4.66E-03 -4.65E-03 6.090E-07 1.099E-07
                        (NSTEP:   628  DELTAT:   1.0000E+01  TIME:   5.5724E+03)
     1    24 5.653E-04 1.149E-05   412 -4.67E-03 -4.66E-03 6.089E-07 1.100E-07
                        (NSTEP:   629  DELTAT:   1.0000E+01  TIME:   5.5824E+03)
     1    24 5.652E-04 1.149E-05   412 -4.68E-03 -4.67E-03 6.088E-07 1.100E-07
                        (NSTEP:   630  DELTAT:   1.0000E+01  TIME:   5.5924E+03)
     1    24 5.651E-04 1.149E-05   412 -4.70E-03 -4.68E-03 6.087E-07 1.100E-07
                        (NSTEP:   631  DELTAT:   1.0000E+01  TIME:   5.6024E+03)
     1    24 5.651E-04 1.149E-05   412 -4.71E-03 -4.70E-03 6.087E-07 1.100E-07
                        (NSTEP:   632  DELTAT:   1.0000E+01  TIME:   5.6124E+03)
     1    24 5.650E-04 1.149E-05   412 -4.72E-03 -4.71E-03 6.086E-07 1.100E-07
                        (NSTEP:   633  DELTAT:   1.0000E+01  TIME:   5.6224E+03)
     1    24 5.649E-04 1.149E-05   412 -4.73E-03 -4.72E-03 6.085E-07 1.100E-07
                        (NSTEP:   634  DELTAT:   1.0000E+01  TIME:   5.6324E+03)
     1    24 5.648E-04 1.149E-05   412 -4.74E-03 -4.73E-03 6.084E-07 1.100E-07
                        (NSTEP:   635  DELTAT:   1.0000E+01  TIME:   5.6424E+03)
     1    24 5.647E-04 1.149E-05   412 -4.75E-03 -4.74E-03 6.083E-07 1.101E-07
                        (NSTEP:   636  DELTAT:   1.0000E+01  TIME:   5.6524E+03)
     1    24 5.647E-04 1.149E-05   412 -4.76E-03 -4.75E-03 6.082E-07 1.101E-07
                        (NSTEP:   637  DELTAT:   1.0000E+01  TIME:   5.6624E+03)
     1    24 5.646E-04 1.148E-05   412 -4.78E-03 -4.76E-03 6.082E-07 1.101E-07
                        (NSTEP:   638  DELTAT:   1.0000E+01  TIME:   5.6724E+03)
     1    24 5.645E-04 1.148E-05   412 -4.79E-03 -4.78E-03 6.081E-07 1.101E-07
                        (NSTEP:   639  DELTAT:   1.0000E+01  TIME:   5.6824E+03)
     1    24 5.645E-04 1.148E-05   412 -4.80E-03 -4.79E-03 6.080E-07 1.101E-07
                        (NSTEP:   640  DELTAT:   1.0000E+01  TIME:   5.6924E+03)
     1    24 5.644E-04 1.148E-05   412 -4.81E-03 -4.80E-03 6.079E-07 1.101E-07
                        (NSTEP:   641  DELTAT:   1.0000E+01  TIME:   5.7024E+03)
     1    24 5.643E-04 1.148E-05   412 -4.82E-03 -4.81E-03 6.078E-07 1.102E-07
                        (NSTEP:   642  DELTAT:   1.0000E+01  TIME:   5.7124E+03)
     1    24 5.642E-04 1.148E-05   412 -4.83E-03 -4.82E-03 6.078E-07 1.102E-07
                        (NSTEP:   643  DELTAT:   1.0000E+01  TIME:   5.7224E+03)
     1    24 5.641E-04 1.148E-05   412 -4.84E-03 -4.83E-03 6.077E-07 1.102E-07
                        (NSTEP:   644  DELTAT:   1.0000E+01  TIME:   5.7324E+03)
     1    23 5.643E-04 1.148E-05   412 -4.86E-03 -4.84E-03 6.076E-07 1.102E-07
                        (NSTEP:   645  DELTAT:   1.0000E+01  TIME:   5.7424E+03)
     1    24 5.639E-04 1.148E-05   412 -4.87E-03 -4.86E-03 6.075E-07 1.102E-07
                        (NSTEP:   646  DELTAT:   1.0000E+01  TIME:   5.7524E+03)
     1    24 5.638E-04 1.148E-05   412 -4.88E-03 -4.87E-03 6.074E-07 1.102E-07
                        (NSTEP:   647  DELTAT:   1.0000E+01  TIME:   5.7624E+03)
     1    24 5.637E-04 1.147E-05   412 -4.89E-03 -4.88E-03 6.073E-07 1.103E-07
                        (NSTEP:   648  DELTAT:   1.0000E+01  TIME:   5.7724E+03)
     1    24 5.637E-04 1.147E-05   412 -4.90E-03 -4.89E-03 6.072E-07 1.103E-07
                        (NSTEP:   649  DELTAT:   1.0000E+01  TIME:   5.7824E+03)
     1    24 5.636E-04 1.147E-05   412 -4.91E-03 -4.90E-03 6.071E-07 1.103E-07
                        (NSTEP:   650  DELTAT:   1.0000E+01  TIME:   5.7924E+03)
     1    24 5.635E-04 1.147E-05   412 -4.92E-03 -4.91E-03 6.070E-07 1.103E-07
                        (NSTEP:   651  DELTAT:   1.0000E+01  TIME:   5.8024E+03)
     1    24 5.634E-04 1.147E-05   412 -4.94E-03 -4.92E-03 6.069E-07 1.103E-07
                        (NSTEP:   652  DELTAT:   1.0000E+01  TIME:   5.8124E+03)
     1    24 5.633E-04 1.147E-05   412 -4.95E-03 -4.94E-03 6.069E-07 1.103E-07
                        (NSTEP:   653  DELTAT:   1.0000E+01  TIME:   5.8224E+03)
     1    24 5.633E-04 1.147E-05   412 -4.96E-03 -4.95E-03 6.068E-07 1.103E-07
                        (NSTEP:   654  DELTAT:   1.0000E+01  TIME:   5.8324E+03)
     1    24 5.632E-04 1.147E-05   412 -4.97E-03 -4.96E-03 6.067E-07 1.103E-07
                        (NSTEP:   655  DELTAT:   1.0000E+01  TIME:   5.8424E+03)
     1    24 5.631E-04 1.147E-05   412 -4.98E-03 -4.97E-03 6.066E-07 1.103E-07
                        (NSTEP:   656  DELTAT:   1.0000E+01  TIME:   5.8524E+03)
     1    24 5.630E-04 1.147E-05   412 -4.99E-03 -4.98E-03 6.065E-07 1.103E-07
                        (NSTEP:   657  DELTAT:   1.0000E+01  TIME:   5.8624E+03)
     1    24 5.630E-04 1.146E-05   412 -5.01E-03 -4.99E-03 6.064E-07 1.103E-07
                        (NSTEP:   658  DELTAT:   1.0000E+01  TIME:   5.8724E+03)
     1    24 5.629E-04 1.146E-05   412 -5.02E-03 -5.01E-03 6.063E-07 1.104E-07
                        (NSTEP:   659  DELTAT:   1.0000E+01  TIME:   5.8824E+03)
     1    24 5.628E-04 1.146E-05   412 -5.03E-03 -5.02E-03 6.063E-07 1.104E-07
                        (NSTEP:   660  DELTAT:   1.0000E+01  TIME:   5.8924E+03)
     1    24 5.627E-04 1.146E-05   412 -5.04E-03 -5.03E-03 6.062E-07 1.104E-07
                        (NSTEP:   661  DELTAT:   1.0000E+01  TIME:   5.9024E+03)
     1    24 5.627E-04 1.146E-05   412 -5.05E-03 -5.04E-03 6.061E-07 1.104E-07
                        (NSTEP:   662  DELTAT:   1.0000E+01  TIME:   5.9124E+03)
     1    24 5.626E-04 1.146E-05   412 -5.06E-03 -5.05E-03 6.060E-07 1.104E-07
                        (NSTEP:   663  DELTAT:   1.0000E+01  TIME:   5.9224E+03)
     1    24 5.625E-04 1.146E-05   412 -5.07E-03 -5.06E-03 6.059E-07 1.104E-07
                        (NSTEP:   664  DELTAT:   1.0000E+01  TIME:   5.9324E+03)
     1    24 5.624E-04 1.146E-05   412 -5.09E-03 -5.07E-03 6.058E-07 1.104E-07
                        (NSTEP:   665  DELTAT:   1.0000E+01  TIME:   5.9424E+03)
     1    24 5.624E-04 1.146E-05   412 -5.10E-03 -5.09E-03 6.057E-07 1.104E-07
                        (NSTEP:   666  DELTAT:   1.0000E+01  TIME:   5.9524E+03)
     1    24 5.623E-04 1.145E-05   412 -5.11E-03 -5.10E-03 6.057E-07 1.104E-07
                        (NSTEP:   667  DELTAT:   1.0000E+01  TIME:   5.9624E+03)
     1    24 5.622E-04 1.145E-05   412 -5.12E-03 -5.11E-03 6.056E-07 1.104E-07
                        (NSTEP:   668  DELTAT:   1.0000E+01  TIME:   5.9724E+03)
     1    24 5.621E-04 1.145E-05   412 -5.13E-03 -5.12E-03 6.055E-07 1.104E-07
                        (NSTEP:   669  DELTAT:   1.0000E+01  TIME:   5.9824E+03)
     1    24 5.621E-04 1.145E-05   412 -5.14E-03 -5.13E-03 6.054E-07 1.104E-07
                        (NSTEP:   670  DELTAT:   1.0000E+01  TIME:   5.9924E+03)
     1    24 5.620E-04 1.145E-05   412 -5.15E-03 -5.14E-03 6.053E-07 1.104E-07
                        (NSTEP:   671  DELTAT:   1.0000E+01  TIME:   6.0024E+03)
     1    24 5.619E-04 1.145E-05   412 -5.17E-03 -5.15E-03 6.053E-07 1.104E-07
                        (NSTEP:   672  DELTAT:   1.0000E+01  TIME:   6.0124E+03)
     1    24 5.619E-04 1.145E-05   412 -5.18E-03 -5.17E-03 6.052E-07 1.104E-07
                        (NSTEP:   673  DELTAT:   1.0000E+01  TIME:   6.0224E+03)
     1    24 5.619E-04 1.146E-05   412 -5.19E-03 -5.18E-03 6.051E-07 1.105E-07
                        (NSTEP:   674  DELTAT:   1.0000E+01  TIME:   6.0324E+03)
     1    24 5.617E-04 1.146E-05   412 -5.20E-03 -5.19E-03 6.050E-07 1.105E-07
                        (NSTEP:   675  DELTAT:   1.0000E+01  TIME:   6.0424E+03)
     1    24 5.616E-04 1.145E-05   412 -5.21E-03 -5.20E-03 6.049E-07 1.105E-07
                        (NSTEP:   676  DELTAT:   1.0000E+01  TIME:   6.0524E+03)
     1    24 5.615E-04 1.145E-05   412 -5.22E-03 -5.21E-03 6.048E-07 1.105E-07
                        (NSTEP:   677  DELTAT:   1.0000E+01  TIME:   6.0624E+03)
     1    24 5.615E-04 1.145E-05   412 -5.23E-03 -5.22E-03 6.048E-07 1.105E-07
                        (NSTEP:   678  DELTAT:   1.0000E+01  TIME:   6.0724E+03)
     1    24 5.614E-04 1.144E-05   412 -5.25E-03 -5.23E-03 6.047E-07 1.105E-07
                        (NSTEP:   679  DELTAT:   1.0000E+01  TIME:   6.0824E+03)
     1    24 5.613E-04 1.144E-05   412 -5.26E-03 -5.25E-03 6.046E-07 1.105E-07
                        (NSTEP:   680  DELTAT:   1.0000E+01  TIME:   6.0924E+03)
     1    24 5.612E-04 1.143E-05   412 -5.27E-03 -5.26E-03 6.045E-07 1.105E-07
                        (NSTEP:   681  DELTAT:   1.0000E+01  TIME:   6.1024E+03)
     1    24 5.612E-04 1.143E-05   412 -5.28E-03 -5.27E-03 6.044E-07 1.105E-07
                        (NSTEP:   682  DELTAT:   1.0000E+01  TIME:   6.1124E+03)
     1    24 5.611E-04 1.143E-05   412 -5.29E-03 -5.28E-03 6.044E-07 1.105E-07
                        (NSTEP:   683  DELTAT:   1.0000E+01  TIME:   6.1224E+03)
     1    24 5.610E-04 1.142E-05   412 -5.30E-03 -5.29E-03 6.043E-07 1.105E-07
                        (NSTEP:   684  DELTAT:   1.0000E+01  TIME:   6.1324E+03)
     1    24 5.610E-04 1.142E-05   412 -5.31E-03 -5.30E-03 6.042E-07 1.105E-07
                        (NSTEP:   685  DELTAT:   1.0000E+01  TIME:   6.1424E+03)
     1    24 5.609E-04 1.142E-05   412 -5.33E-03 -5.31E-03 6.041E-07 1.105E-07
                        (NSTEP:   686  DELTAT:   1.0000E+01  TIME:   6.1524E+03)
     1    24 5.608E-04 1.142E-05   412 -5.34E-03 -5.33E-03 6.040E-07 1.105E-07
                        (NSTEP:   687  DELTAT:   1.0000E+01  TIME:   6.1624E+03)
     1    24 5.608E-04 1.141E-05   412 -5.35E-03 -5.34E-03 6.040E-07 1.105E-07
                        (NSTEP:   688  DELTAT:   1.0000E+01  TIME:   6.1724E+03)
     1    24 5.607E-04 1.141E-05   412 -5.36E-03 -5.35E-03 6.039E-07 1.105E-07
                        (NSTEP:   689  DELTAT:   1.0000E+01  TIME:   6.1824E+03)
     1    24 5.606E-04 1.141E-05   412 -5.37E-03 -5.36E-03 6.038E-07 1.105E-07
                        (NSTEP:   690  DELTAT:   1.0000E+01  TIME:   6.1924E+03)
     1    24 5.605E-04 1.141E-05   412 -5.38E-03 -5.37E-03 6.037E-07 1.105E-07
                        (NSTEP:   691  DELTAT:   1.0000E+01  TIME:   6.2024E+03)
     1    24 5.605E-04 1.140E-05   412 -5.39E-03 -5.38E-03 6.036E-07 1.105E-07
                        (NSTEP:   692  DELTAT:   1.0000E+01  TIME:   6.2124E+03)
     1    24 5.604E-04 1.140E-05   412 -5.41E-03 -5.39E-03 6.036E-07 1.105E-07
                        (NSTEP:   693  DELTAT:   1.0000E+01  TIME:   6.2224E+03)
     1    24 5.603E-04 1.140E-05   412 -5.42E-03 -5.41E-03 6.035E-07 1.106E-07
                        (NSTEP:   694  DELTAT:   1.0000E+01  TIME:   6.2324E+03)
     1    24 5.603E-04 1.140E-05   412 -5.43E-03 -5.42E-03 6.034E-07 1.106E-07
                        (NSTEP:   695  DELTAT:   1.0000E+01  TIME:   6.2424E+03)
     1    24 5.602E-04 1.140E-05   412 -5.44E-03 -5.43E-03 6.033E-07 1.106E-07
                        (NSTEP:   696  DELTAT:   1.0000E+01  TIME:   6.2524E+03)
     1    24 5.601E-04 1.140E-05   412 -5.45E-03 -5.44E-03 6.032E-07 1.106E-07
                        (NSTEP:   697  DELTAT:   1.0000E+01  TIME:   6.2624E+03)
     1    24 5.601E-04 1.139E-05   412 -5.46E-03 -5.45E-03 6.032E-07 1.106E-07
                        (NSTEP:   698  DELTAT:   1.0000E+01  TIME:   6.2724E+03)
     1    24 5.600E-04 1.139E-05   412 -5.47E-03 -5.46E-03 6.031E-07 1.106E-07
                        (NSTEP:   699  DELTAT:   1.0000E+01  TIME:   6.2824E+03)
     1    24 5.599E-04 1.139E-05   412 -5.49E-03 -5.47E-03 6.030E-07 1.106E-07
                        (NSTEP:   700  DELTAT:   1.0000E+01  TIME:   6.2924E+03)
     1    24 5.599E-04 1.139E-05   412 -5.50E-03 -5.49E-03 6.029E-07 1.106E-07
                        (NSTEP:   701  DELTAT:   1.0000E+01  TIME:   6.3024E+03)
     1    24 5.598E-04 1.139E-05   412 -5.51E-03 -5.50E-03 6.028E-07 1.106E-07
                        (NSTEP:   702  DELTAT:   1.0000E+01  TIME:   6.3124E+03)
     1    24 5.597E-04 1.139E-05   412 -5.52E-03 -5.51E-03 6.028E-07 1.106E-07
                        (NSTEP:   703  DELTAT:   1.0000E+01  TIME:   6.3224E+03)
     1    24 5.596E-04 1.138E-05   412 -5.53E-03 -5.52E-03 6.027E-07 1.106E-07
                        (NSTEP:   704  DELTAT:   1.0000E+01  TIME:   6.3324E+03)
     1    24 5.595E-04 1.138E-05   412 -5.54E-03 -5.53E-03 6.026E-07 1.106E-07
                        (NSTEP:   705  DELTAT:   1.0000E+01  TIME:   6.3424E+03)
     1    24 5.595E-04 1.139E-05   412 -5.55E-03 -5.54E-03 6.025E-07 1.106E-07
                        (NSTEP:   706  DELTAT:   1.0000E+01  TIME:   6.3524E+03)
     1    24 5.594E-04 1.140E-05   412 -5.56E-03 -5.55E-03 6.025E-07 1.106E-07
                        (NSTEP:   707  DELTAT:   1.0000E+01  TIME:   6.3624E+03)
     1    24 5.593E-04 1.141E-05   412 -5.58E-03 -5.56E-03 6.024E-07 1.106E-07
                        (NSTEP:   708  DELTAT:   1.0000E+01  TIME:   6.3724E+03)
     1    24 5.593E-04 1.141E-05   412 -5.59E-03 -5.58E-03 6.023E-07 1.106E-07
                        (NSTEP:   709  DELTAT:   1.0000E+01  TIME:   6.3824E+03)
     1    24 5.592E-04 1.141E-05   412 -5.60E-03 -5.59E-03 6.022E-07 1.106E-07
                        (NSTEP:   710  DELTAT:   1.0000E+01  TIME:   6.3924E+03)
     1    24 5.591E-04 1.141E-05   412 -5.61E-03 -5.60E-03 6.021E-07 1.106E-07
                        (NSTEP:   711  DELTAT:   1.0000E+01  TIME:   6.4024E+03)
     1    24 5.591E-04 1.141E-05   412 -5.62E-03 -5.61E-03 6.021E-07 1.106E-07
                        (NSTEP:   712  DELTAT:   1.0000E+01  TIME:   6.4124E+03)
     1    24 5.590E-04 1.141E-05   412 -5.63E-03 -5.62E-03 6.020E-07 1.106E-07
                        (NSTEP:   713  DELTAT:   1.0000E+01  TIME:   6.4224E+03)
     1    24 5.589E-04 1.141E-05   412 -5.64E-03 -5.63E-03 6.019E-07 1.106E-07
                        (NSTEP:   714  DELTAT:   1.0000E+01  TIME:   6.4324E+03)
     1    24 5.589E-04 1.141E-05   412 -5.66E-03 -5.64E-03 6.018E-07 1.106E-07
                        (NSTEP:   715  DELTAT:   1.0000E+01  TIME:   6.4424E+03)
     1    24 5.588E-04 1.141E-05   412 -5.67E-03 -5.66E-03 6.018E-07 1.106E-07
                        (NSTEP:   716  DELTAT:   1.0000E+01  TIME:   6.4524E+03)
     1    24 5.589E-04 1.141E-05   412 -5.68E-03 -5.67E-03 6.016E-07 1.106E-07
                        (NSTEP:   717  DELTAT:   1.0000E+01  TIME:   6.4624E+03)
     1    24 5.589E-04 1.141E-05   412 -5.69E-03 -5.68E-03 6.015E-07 1.106E-07
                        (NSTEP:   718  DELTAT:   1.0000E+01  TIME:   6.4724E+03)
     1    24 5.587E-04 1.141E-05   412 -5.70E-03 -5.69E-03 6.014E-07 1.106E-07
                        (NSTEP:   719  DELTAT:   1.0000E+01  TIME:   6.4824E+03)
     1    24 5.586E-04 1.141E-05   412 -5.71E-03 -5.70E-03 6.013E-07 1.106E-07
                        (NSTEP:   720  DELTAT:   1.0000E+01  TIME:   6.4924E+03)
     1    24 5.585E-04 1.140E-05   412 -5.72E-03 -5.71E-03 6.012E-07 1.107E-07
                        (NSTEP:   721  DELTAT:   1.0000E+01  TIME:   6.5024E+03)
     1    24 5.584E-04 1.140E-05   412 -5.74E-03 -5.72E-03 6.011E-07 1.107E-07
                        (NSTEP:   722  DELTAT:   1.0000E+01  TIME:   6.5124E+03)
     1    24 5.583E-04 1.140E-05   412 -5.75E-03 -5.74E-03 6.010E-07 1.107E-07
                        (NSTEP:   723  DELTAT:   1.0000E+01  TIME:   6.5224E+03)
     1    24 5.582E-04 1.140E-05   412 -5.76E-03 -5.75E-03 6.010E-07 1.107E-07
                        (NSTEP:   724  DELTAT:   1.0000E+01  TIME:   6.5324E+03)
     1    24 5.582E-04 1.140E-05   412 -5.77E-03 -5.76E-03 6.009E-07 1.107E-07
                        (NSTEP:   725  DELTAT:   1.0000E+01  TIME:   6.5424E+03)
     1    24 5.581E-04 1.139E-05   412 -5.78E-03 -5.77E-03 6.008E-07 1.107E-07
                        (NSTEP:   726  DELTAT:   1.0000E+01  TIME:   6.5524E+03)
     1    24 5.580E-04 1.139E-05   412 -5.79E-03 -5.78E-03 6.007E-07 1.107E-07
                        (NSTEP:   727  DELTAT:   1.0000E+01  TIME:   6.5624E+03)
     1    24 5.579E-04 1.139E-05   412 -5.80E-03 -5.79E-03 6.006E-07 1.107E-07
                        (NSTEP:   728  DELTAT:   1.0000E+01  TIME:   6.5724E+03)
     1    24 5.579E-04 1.139E-05   412 -5.82E-03 -5.80E-03 6.005E-07 1.107E-07
                        (NSTEP:   729  DELTAT:   1.0000E+01  TIME:   6.5824E+03)
     1    24 5.578E-04 1.139E-05   412 -5.83E-03 -5.82E-03 6.005E-07 1.107E-07
                        (NSTEP:   730  DELTAT:   1.0000E+01  TIME:   6.5924E+03)
     1    24 5.577E-04 1.138E-05   412 -5.84E-03 -5.83E-03 6.004E-07 1.107E-07
                        (NSTEP:   731  DELTAT:   1.0000E+01  TIME:   6.6024E+03)
     1    24 5.576E-04 1.138E-05   412 -5.85E-03 -5.84E-03 6.003E-07 1.107E-07
                        (NSTEP:   732  DELTAT:   1.0000E+01  TIME:   6.6124E+03)
     1    24 5.576E-04 1.138E-05   412 -5.86E-03 -5.85E-03 6.002E-07 1.107E-07
                        (NSTEP:   733  DELTAT:   1.0000E+01  TIME:   6.6224E+03)
     1    24 5.575E-04 1.138E-05   412 -5.87E-03 -5.86E-03 6.001E-07 1.107E-07
                        (NSTEP:   734  DELTAT:   1.0000E+01  TIME:   6.6324E+03)
     1    24 5.574E-04 1.138E-05   412 -5.88E-03 -5.87E-03 6.000E-07 1.107E-07
                        (NSTEP:   735  DELTAT:   1.0000E+01  TIME:   6.6424E+03)
     1    24 5.574E-04 1.130E-05  1294  1.18E-02  1.18E-02 6.000E-07 1.107E-07
                        (NSTEP:   736  DELTAT:   1.0000E+01  TIME:   6.6524E+03)
     1    24 5.570E-04 9.805E-06  1294  1.18E-02  1.18E-02 5.999E-07 1.107E-07
                        (NSTEP:   737  DELTAT:   1.0000E+01  TIME:   6.6624E+03)
     1    24 5.569E-04 9.651E-06   106 -2.74E-01 -2.74E-01 5.998E-07 1.107E-07
                        (NSTEP:   738  DELTAT:   1.0000E+01  TIME:   6.6724E+03)
     1    24 5.569E-04 9.742E-06  1294  1.18E-02  1.18E-02 5.997E-07 1.107E-07
                        (NSTEP:   739  DELTAT:   1.0000E+01  TIME:   6.6824E+03)
     1    24 5.568E-04 9.915E-06  1294  1.18E-02  1.18E-02 5.996E-07 1.107E-07
                        (NSTEP:   740  DELTAT:   1.0000E+01  TIME:   6.6924E+03)
     1    24 5.568E-04 1.005E-05  1294  1.18E-02  1.18E-02 5.995E-07 1.107E-07
                        (NSTEP:   741  DELTAT:   1.0000E+01  TIME:   6.7024E+03)
     1    24 5.567E-04 1.014E-05  1294  1.18E-02  1.18E-02 5.995E-07 1.107E-07
                        (NSTEP:   742  DELTAT:   1.0000E+01  TIME:   6.7124E+03)
     1    24 5.567E-04 1.022E-05  1294  1.17E-02  1.18E-02 5.994E-07 1.107E-07
                        (NSTEP:   743  DELTAT:   1.0000E+01  TIME:   6.7224E+03)
     1    24 5.566E-04 1.029E-05   853 -9.38E-05 -8.35E-05 5.993E-07 1.107E-07
                        (NSTEP:   744  DELTAT:   1.0000E+01  TIME:   6.7324E+03)
     1    24 5.566E-04 1.036E-05   853 -1.04E-04 -9.38E-05 5.992E-07 1.107E-07
                        (NSTEP:   745  DELTAT:   1.0000E+01  TIME:   6.7424E+03)
     1    24 5.565E-04 1.042E-05   853 -1.15E-04 -1.04E-04 5.991E-07 1.107E-07
                        (NSTEP:   746  DELTAT:   1.0000E+01  TIME:   6.7524E+03)
     1    24 5.565E-04 1.046E-05   853 -1.25E-04 -1.15E-04 5.990E-07 1.107E-07
                        (NSTEP:   747  DELTAT:   1.0000E+01  TIME:   6.7624E+03)
     1    24 5.564E-04 1.050E-05   853 -1.36E-04 -1.25E-04 5.990E-07 1.107E-07
                        (NSTEP:   748  DELTAT:   1.0000E+01  TIME:   6.7724E+03)
     1    24 5.563E-04 1.054E-05   853 -1.46E-04 -1.36E-04 5.989E-07 1.107E-07
                        (NSTEP:   749  DELTAT:   1.0000E+01  TIME:   6.7824E+03)
     1    24 5.562E-04 1.056E-05   853 -1.57E-04 -1.46E-04 5.988E-07 1.107E-07
                        (NSTEP:   750  DELTAT:   1.0000E+01  TIME:   6.7924E+03)
     1    24 5.562E-04 1.060E-05   412 -6.04E-03 -6.03E-03 5.987E-07 1.107E-07
                        (NSTEP:   751  DELTAT:   1.0000E+01  TIME:   6.8024E+03)
     1    24 5.561E-04 1.063E-05   412 -6.05E-03 -6.04E-03 5.986E-07 1.108E-07
                        (NSTEP:   752  DELTAT:   1.0000E+01  TIME:   6.8124E+03)
     1    24 5.560E-04 1.066E-05   412 -6.06E-03 -6.05E-03 5.986E-07 1.108E-07
                        (NSTEP:   753  DELTAT:   1.0000E+01  TIME:   6.8224E+03)
     1    24 5.560E-04 1.068E-05   412 -6.07E-03 -6.06E-03 5.985E-07 1.108E-07
                        (NSTEP:   754  DELTAT:   1.0000E+01  TIME:   6.8324E+03)
     1    24 5.559E-04 1.071E-05   412 -6.08E-03 -6.07E-03 5.984E-07 1.108E-07
                        (NSTEP:   755  DELTAT:   1.0000E+01  TIME:   6.8424E+03)
     1    24 5.558E-04 1.073E-05   412 -6.09E-03 -6.08E-03 5.983E-07 1.108E-07
                        (NSTEP:   756  DELTAT:   1.0000E+01  TIME:   6.8524E+03)
     1    24 5.557E-04 1.075E-05   412 -6.11E-03 -6.09E-03 5.982E-07 1.108E-07
                        (NSTEP:   757  DELTAT:   1.0000E+01  TIME:   6.8624E+03)
     1    24 5.557E-04 1.076E-05   412 -6.12E-03 -6.11E-03 5.982E-07 1.108E-07
                        (NSTEP:   758  DELTAT:   1.0000E+01  TIME:   6.8724E+03)
     1    24 5.556E-04 1.078E-05   412 -6.13E-03 -6.12E-03 5.981E-07 1.108E-07
                        (NSTEP:   759  DELTAT:   1.0000E+01  TIME:   6.8824E+03)
     1    24 5.555E-04 1.080E-05   412 -6.14E-03 -6.13E-03 5.980E-07 1.108E-07
                        (NSTEP:   760  DELTAT:   1.0000E+01  TIME:   6.8924E+03)
     1    24 5.555E-04 1.081E-05   412 -6.15E-03 -6.14E-03 5.979E-07 1.108E-07
                        (NSTEP:   761  DELTAT:   1.0000E+01  TIME:   6.9024E+03)
     1    24 5.554E-04 1.082E-05   412 -6.16E-03 -6.15E-03 5.979E-07 1.108E-07
                        (NSTEP:   762  DELTAT:   1.0000E+01  TIME:   6.9124E+03)
     1    24 5.553E-04 1.083E-05   412 -6.17E-03 -6.16E-03 5.978E-07 1.108E-07
                        (NSTEP:   763  DELTAT:   1.0000E+01  TIME:   6.9224E+03)
     1    24 5.553E-04 1.085E-05   412 -6.18E-03 -6.17E-03 5.977E-07 1.108E-07
                        (NSTEP:   764  DELTAT:   1.0000E+01  TIME:   6.9324E+03)
     1    24 5.552E-04 1.086E-05   412 -6.19E-03 -6.18E-03 5.976E-07 1.108E-07
                        (NSTEP:   765  DELTAT:   1.0000E+01  TIME:   6.9424E+03)
     1    24 5.551E-04 1.087E-05   412 -6.20E-03 -6.19E-03 5.975E-07 1.108E-07
                        (NSTEP:   766  DELTAT:   1.0000E+01  TIME:   6.9524E+03)
     1    24 5.551E-04 1.088E-05   412 -6.21E-03 -6.20E-03 5.975E-07 1.108E-07
                        (NSTEP:   767  DELTAT:   1.0000E+01  TIME:   6.9624E+03)
     1    24 5.550E-04 1.088E-05   412 -6.22E-03 -6.21E-03 5.974E-07 1.108E-07
                        (NSTEP:   768  DELTAT:   1.0000E+01  TIME:   6.9724E+03)
     1    24 5.549E-04 1.089E-05   412 -6.24E-03 -6.22E-03 5.973E-07 1.108E-07
                        (NSTEP:   769  DELTAT:   1.0000E+01  TIME:   6.9824E+03)
     1    24 5.549E-04 1.090E-05   412 -6.25E-03 -6.24E-03 5.972E-07 1.108E-07
                        (NSTEP:   770  DELTAT:   1.0000E+01  TIME:   6.9924E+03)
     1    24 5.548E-04 1.091E-05   412 -6.26E-03 -6.25E-03 5.972E-07 1.108E-07
                        (NSTEP:   771  DELTAT:   1.0000E+01  TIME:   7.0024E+03)
     1    24 5.547E-04 1.091E-05   412 -6.27E-03 -6.26E-03 5.971E-07 1.108E-07
                        (NSTEP:   772  DELTAT:   1.0000E+01  TIME:   7.0124E+03)
     1    24 5.547E-04 1.092E-05   412 -6.28E-03 -6.27E-03 5.970E-07 1.108E-07
                        (NSTEP:   773  DELTAT:   1.0000E+01  TIME:   7.0224E+03)
     1    24 5.546E-04 1.093E-05   412 -6.29E-03 -6.28E-03 5.969E-07 1.108E-07
                        (NSTEP:   774  DELTAT:   1.0000E+01  TIME:   7.0324E+03)
     1    24 5.545E-04 1.093E-05   412 -6.30E-03 -6.29E-03 5.968E-07 1.108E-07
                        (NSTEP:   775  DELTAT:   1.0000E+01  TIME:   7.0424E+03)
     1    24 5.545E-04 1.094E-05   412 -6.31E-03 -6.30E-03 5.968E-07 1.108E-07
                        (NSTEP:   776  DELTAT:   1.0000E+01  TIME:   7.0524E+03)
     1    24 5.544E-04 1.095E-05   412 -6.32E-03 -6.31E-03 5.967E-07 1.108E-07
                        (NSTEP:   777  DELTAT:   1.0000E+01  TIME:   7.0624E+03)
     1    24 5.543E-04 1.095E-05   412 -6.33E-03 -6.32E-03 5.966E-07 1.108E-07
                        (NSTEP:   778  DELTAT:   1.0000E+01  TIME:   7.0724E+03)
     1    24 5.543E-04 1.096E-05   412 -6.34E-03 -6.33E-03 5.965E-07 1.108E-07
                        (NSTEP:   779  DELTAT:   1.0000E+01  TIME:   7.0824E+03)
     1    24 5.542E-04 1.096E-05   412 -6.36E-03 -6.34E-03 5.965E-07 1.108E-07
                        (NSTEP:   780  DELTAT:   1.0000E+01  TIME:   7.0924E+03)
     1    24 5.541E-04 1.097E-05   412 -6.37E-03 -6.36E-03 5.964E-07 1.108E-07
                        (NSTEP:   781  DELTAT:   1.0000E+01  TIME:   7.1024E+03)
     1    24 5.541E-04 1.097E-05   412 -6.38E-03 -6.37E-03 5.963E-07 1.108E-07
                        (NSTEP:   782  DELTAT:   1.0000E+01  TIME:   7.1124E+03)
     1    24 5.540E-04 1.098E-05   412 -6.39E-03 -6.38E-03 5.962E-07 1.108E-07
                        (NSTEP:   783  DELTAT:   1.0000E+01  TIME:   7.1224E+03)
     1    24 5.539E-04 1.098E-05   412 -6.40E-03 -6.39E-03 5.962E-07 1.108E-07
                        (NSTEP:   784  DELTAT:   1.0000E+01  TIME:   7.1324E+03)
     1    24 5.539E-04 1.098E-05   412 -6.41E-03 -6.40E-03 5.961E-07 1.108E-07
                        (NSTEP:   785  DELTAT:   1.0000E+01  TIME:   7.1424E+03)
     1    24 5.538E-04 1.099E-05   412 -6.42E-03 -6.41E-03 5.960E-07 1.109E-07
                        (NSTEP:   786  DELTAT:   1.0000E+01  TIME:   7.1524E+03)
     1    24 5.537E-04 1.099E-05   412 -6.43E-03 -6.42E-03 5.959E-07 1.109E-07
                        (NSTEP:   787  DELTAT:   1.0000E+01  TIME:   7.1624E+03)
     1    24 5.537E-04 1.100E-05   412 -6.44E-03 -6.43E-03 5.959E-07 1.109E-07
                        (NSTEP:   788  DELTAT:   1.0000E+01  TIME:   7.1724E+03)
     1    24 5.536E-04 1.100E-05   412 -6.45E-03 -6.44E-03 5.958E-07 1.109E-07
                        (NSTEP:   789  DELTAT:   1.0000E+01  TIME:   7.1824E+03)
     1    24 5.536E-04 1.100E-05   412 -6.47E-03 -6.45E-03 5.957E-07 1.109E-07
                        (NSTEP:   790  DELTAT:   1.0000E+01  TIME:   7.1924E+03)
     1    24 5.535E-04 1.101E-05   412 -6.48E-03 -6.47E-03 5.956E-07 1.109E-07
                        (NSTEP:   791  DELTAT:   1.0000E+01  TIME:   7.2024E+03)
     1    24 5.534E-04 1.101E-05   412 -6.49E-03 -6.48E-03 5.955E-07 1.109E-07
                        (NSTEP:   792  DELTAT:   1.0000E+01  TIME:   7.2124E+03)
     1    24 5.533E-04 1.101E-05   412 -6.50E-03 -6.49E-03 5.955E-07 1.109E-07
                        (NSTEP:   793  DELTAT:   1.0000E+01  TIME:   7.2224E+03)
     1    24 5.533E-04 1.102E-05   412 -6.51E-03 -6.50E-03 5.954E-07 1.109E-07
                        (NSTEP:   794  DELTAT:   1.0000E+01  TIME:   7.2324E+03)
     1    24 5.532E-04 1.102E-05   412 -6.52E-03 -6.51E-03 5.953E-07 1.109E-07
                        (NSTEP:   795  DELTAT:   1.0000E+01  TIME:   7.2424E+03)
     1    24 5.531E-04 1.102E-05   412 -6.53E-03 -6.52E-03 5.952E-07 1.109E-07
                        (NSTEP:   796  DELTAT:   1.0000E+01  TIME:   7.2524E+03)
     1    24 5.530E-04 1.103E-05   412 -6.54E-03 -6.53E-03 5.952E-07 1.109E-07
                        (NSTEP:   797  DELTAT:   1.0000E+01  TIME:   7.2624E+03)
     1    24 5.530E-04 1.103E-05   412 -6.55E-03 -6.54E-03 5.951E-07 1.109E-07
                        (NSTEP:   798  DELTAT:   1.0000E+01  TIME:   7.2724E+03)
     1    24 5.529E-04 1.103E-05   412 -6.56E-03 -6.55E-03 5.950E-07 1.109E-07
                        (NSTEP:   799  DELTAT:   1.0000E+01  TIME:   7.2824E+03)
     1    24 5.528E-04 1.103E-05   412 -6.58E-03 -6.56E-03 5.949E-07 1.109E-07
                        (NSTEP:   800  DELTAT:   1.0000E+01  TIME:   7.2924E+03)
     1    24 5.528E-04 1.104E-05   412 -6.59E-03 -6.58E-03 5.949E-07 1.109E-07
                        (NSTEP:   801  DELTAT:   1.0000E+01  TIME:   7.3024E+03)
     1    24 5.527E-04 1.104E-05   412 -6.60E-03 -6.59E-03 5.948E-07 1.109E-07
                        (NSTEP:   802  DELTAT:   1.0000E+01  TIME:   7.3124E+03)
     1    24 5.536E-04 1.104E-05   412 -6.61E-03 -6.60E-03 5.945E-07 1.104E-07
                        (NSTEP:   803  DELTAT:   1.0000E+01  TIME:   7.3224E+03)
     1    22 5.529E-04 1.104E-05   412 -6.62E-03 -6.61E-03 5.944E-07 1.102E-07
                        (NSTEP:   804  DELTAT:   1.0000E+01  TIME:   7.3324E+03)
     1    23 5.527E-04 1.105E-05   412 -6.63E-03 -6.62E-03 5.943E-07 1.101E-07
                        (NSTEP:   805  DELTAT:   1.0000E+01  TIME:   7.3424E+03)
     1    23 5.525E-04 1.105E-05   412 -6.64E-03 -6.63E-03 5.941E-07 1.099E-07
                        (NSTEP:   806  DELTAT:   1.0000E+01  TIME:   7.3524E+03)
     1    24 5.524E-04 1.105E-05   412 -6.65E-03 -6.64E-03 5.940E-07 1.097E-07
                        (NSTEP:   807  DELTAT:   1.0000E+01  TIME:   7.3624E+03)
     1    24 5.523E-04 1.105E-05   412 -6.66E-03 -6.65E-03 5.939E-07 1.096E-07
                        (NSTEP:   808  DELTAT:   1.0000E+01  TIME:   7.3724E+03)
     1    24 5.522E-04 1.105E-05   412 -6.68E-03 -6.66E-03 5.938E-07 1.095E-07
                        (NSTEP:   809  DELTAT:   1.0000E+01  TIME:   7.3824E+03)
     1    24 5.521E-04 1.106E-05   412 -6.69E-03 -6.68E-03 5.937E-07 1.094E-07
                        (NSTEP:   810  DELTAT:   1.0000E+01  TIME:   7.3924E+03)
     1    24 5.520E-04 1.106E-05   412 -6.70E-03 -6.69E-03 5.936E-07 1.092E-07
                        (NSTEP:   811  DELTAT:   1.0000E+01  TIME:   7.4024E+03)
     1    24 5.519E-04 1.106E-05   412 -6.71E-03 -6.70E-03 5.935E-07 1.091E-07
                        (NSTEP:   812  DELTAT:   1.0000E+01  TIME:   7.4124E+03)
     1    24 5.519E-04 1.106E-05   412 -6.72E-03 -6.71E-03 5.934E-07 1.090E-07
                        (NSTEP:   813  DELTAT:   1.0000E+01  TIME:   7.4224E+03)
     1    24 5.518E-04 1.106E-05   412 -6.73E-03 -6.72E-03 5.932E-07 1.089E-07
                        (NSTEP:   814  DELTAT:   1.0000E+01  TIME:   7.4324E+03)
     1    24 5.517E-04 1.107E-05   412 -6.74E-03 -6.73E-03 5.931E-07 1.088E-07
                        (NSTEP:   815  DELTAT:   1.0000E+01  TIME:   7.4424E+03)
     1    24 5.516E-04 1.107E-05   412 -6.75E-03 -6.74E-03 5.930E-07 1.088E-07
                        (NSTEP:   816  DELTAT:   1.0000E+01  TIME:   7.4524E+03)
     1    24 5.515E-04 1.107E-05   412 -6.76E-03 -6.75E-03 5.930E-07 1.087E-07
                        (NSTEP:   817  DELTAT:   1.0000E+01  TIME:   7.4624E+03)
     1    24 5.515E-04 1.107E-05   412 -6.77E-03 -6.76E-03 5.929E-07 1.086E-07
                        (NSTEP:   818  DELTAT:   1.0000E+01  TIME:   7.4724E+03)
     1    24 5.514E-04 1.107E-05   412 -6.79E-03 -6.77E-03 5.928E-07 1.085E-07
                        (NSTEP:   819  DELTAT:   1.0000E+01  TIME:   7.4824E+03)
     1    24 5.513E-04 1.107E-05   412 -6.80E-03 -6.79E-03 5.927E-07 1.084E-07
                        (NSTEP:   820  DELTAT:   1.0000E+01  TIME:   7.4924E+03)
     1    24 5.512E-04 1.107E-05   412 -6.81E-03 -6.80E-03 5.926E-07 1.084E-07
                        (NSTEP:   821  DELTAT:   1.0000E+01  TIME:   7.5024E+03)
     1    24 5.512E-04 1.108E-05   412 -6.82E-03 -6.81E-03 5.925E-07 1.083E-07
                        (NSTEP:   822  DELTAT:   1.0000E+01  TIME:   7.5124E+03)
     1    24 5.511E-04 1.108E-05   412 -6.83E-03 -6.82E-03 5.924E-07 1.082E-07
                        (NSTEP:   823  DELTAT:   1.0000E+01  TIME:   7.5224E+03)
     1    24 5.510E-04 1.108E-05   412 -6.84E-03 -6.83E-03 5.923E-07 1.081E-07
                        (NSTEP:   824  DELTAT:   1.0000E+01  TIME:   7.5324E+03)
     1    24 5.510E-04 1.108E-05   412 -6.85E-03 -6.84E-03 5.922E-07 1.081E-07
                        (NSTEP:   825  DELTAT:   1.0000E+01  TIME:   7.5424E+03)
     1    24 5.509E-04 1.108E-05   412 -6.86E-03 -6.85E-03 5.921E-07 1.080E-07
                        (NSTEP:   826  DELTAT:   1.0000E+01  TIME:   7.5524E+03)
     1    24 5.508E-04 1.108E-05   412 -6.87E-03 -6.86E-03 5.920E-07 1.079E-07
                        (NSTEP:   827  DELTAT:   1.0000E+01  TIME:   7.5624E+03)
     1    24 5.507E-04 1.108E-05   412 -6.89E-03 -6.87E-03 5.919E-07 1.079E-07
                        (NSTEP:   828  DELTAT:   1.0000E+01  TIME:   7.5724E+03)
     1    24 5.507E-04 1.109E-05   412 -6.90E-03 -6.89E-03 5.918E-07 1.078E-07
                        (NSTEP:   829  DELTAT:   1.0000E+01  TIME:   7.5824E+03)
     1    24 5.506E-04 1.109E-05   412 -6.91E-03 -6.90E-03 5.917E-07 1.078E-07
                        (NSTEP:   830  DELTAT:   1.0000E+01  TIME:   7.5924E+03)
     1    24 5.505E-04 1.109E-05   412 -6.92E-03 -6.91E-03 5.917E-07 1.077E-07
                        (NSTEP:   831  DELTAT:   1.0000E+01  TIME:   7.6024E+03)
     1    24 5.505E-04 1.109E-05   412 -6.93E-03 -6.92E-03 5.916E-07 1.076E-07
                        (NSTEP:   832  DELTAT:   1.0000E+01  TIME:   7.6124E+03)
     1    24 5.504E-04 1.109E-05   412 -6.94E-03 -6.93E-03 5.915E-07 1.076E-07
                        (NSTEP:   833  DELTAT:   1.0000E+01  TIME:   7.6224E+03)
     1    22 5.561E-04 7.221E-05   395 -8.98E-06  6.32E-05 8.088E-07 3.907E-07
                        (NSTEP:   834  DELTAT:   1.0000E+01  TIME:   7.6324E+03)
     1    23 5.510E-04 1.111E-05   412 -6.96E-03 -6.95E-03 5.922E-07 1.075E-07
                        (NSTEP:   835  DELTAT:   1.0000E+01  TIME:   7.6424E+03)
     1    23 5.511E-04 1.111E-05   412 -6.97E-03 -6.96E-03 5.912E-07 1.074E-07
                        (NSTEP:   836  DELTAT:   1.0000E+01  TIME:   7.6524E+03)
     1    23 5.510E-04 1.112E-05   412 -6.99E-03 -6.97E-03 5.912E-07 1.074E-07
                        (NSTEP:   837  DELTAT:   1.0000E+01  TIME:   7.6624E+03)
     1    23 5.509E-04 1.113E-05   412 -7.00E-03 -6.99E-03 5.911E-07 1.073E-07
                        (NSTEP:   838  DELTAT:   1.0000E+01  TIME:   7.6724E+03)
     1    23 5.508E-04 1.114E-05   412 -7.01E-03 -7.00E-03 5.910E-07 1.073E-07
                        (NSTEP:   839  DELTAT:   1.0000E+01  TIME:   7.6824E+03)
     1    23 5.507E-04 1.115E-05   412 -7.02E-03 -7.01E-03 5.909E-07 1.072E-07
                        (NSTEP:   840  DELTAT:   1.0000E+01  TIME:   7.6924E+03)
     1    24 5.506E-04 1.115E-05   412 -7.03E-03 -7.02E-03 5.908E-07 1.072E-07
                        (NSTEP:   841  DELTAT:   1.0000E+01  TIME:   7.7024E+03)
     1    24 5.506E-04 1.116E-05   412 -7.04E-03 -7.03E-03 5.908E-07 1.072E-07
                        (NSTEP:   842  DELTAT:   1.0000E+01  TIME:   7.7124E+03)
     1    24 5.505E-04 1.117E-05   412 -7.05E-03 -7.04E-03 5.907E-07 1.071E-07
                        (NSTEP:   843  DELTAT:   1.0000E+01  TIME:   7.7224E+03)
     1    24 5.504E-04 1.117E-05   412 -7.06E-03 -7.05E-03 5.906E-07 1.071E-07
                        (NSTEP:   844  DELTAT:   1.0000E+01  TIME:   7.7324E+03)
     1    24 5.504E-04 1.118E-05   412 -7.07E-03 -7.06E-03 5.905E-07 1.070E-07
                        (NSTEP:   845  DELTAT:   1.0000E+01  TIME:   7.7424E+03)
     1    24 5.503E-04 1.119E-05   412 -7.09E-03 -7.07E-03 5.904E-07 1.070E-07
                        (NSTEP:   846  DELTAT:   1.0000E+01  TIME:   7.7524E+03)
     1    24 5.502E-04 1.119E-05   412 -7.10E-03 -7.09E-03 5.904E-07 1.069E-07
                        (NSTEP:   847  DELTAT:   1.0000E+01  TIME:   7.7624E+03)
     1    24 5.502E-04 1.120E-05   412 -7.11E-03 -7.10E-03 5.903E-07 1.069E-07
                        (NSTEP:   848  DELTAT:   1.0000E+01  TIME:   7.7724E+03)
     1    24 5.501E-04 1.120E-05   412 -7.12E-03 -7.11E-03 5.902E-07 1.069E-07
                        (NSTEP:   849  DELTAT:   1.0000E+01  TIME:   7.7824E+03)
     1    24 5.501E-04 1.121E-05   412 -7.13E-03 -7.12E-03 5.901E-07 1.068E-07
                        (NSTEP:   850  DELTAT:   1.0000E+01  TIME:   7.7924E+03)
     1    24 5.500E-04 1.121E-05   412 -7.14E-03 -7.13E-03 5.900E-07 1.068E-07
                        (NSTEP:   851  DELTAT:   1.0000E+01  TIME:   7.8024E+03)
     1    24 5.499E-04 1.122E-05   412 -7.15E-03 -7.14E-03 5.900E-07 1.067E-07
                        (NSTEP:   852  DELTAT:   1.0000E+01  TIME:   7.8124E+03)
     1    24 5.499E-04 1.123E-05   412 -7.16E-03 -7.15E-03 5.899E-07 1.067E-07
                        (NSTEP:   853  DELTAT:   1.0000E+01  TIME:   7.8224E+03)
     1    24 5.498E-04 1.123E-05   412 -7.18E-03 -7.16E-03 5.898E-07 1.067E-07
                        (NSTEP:   854  DELTAT:   1.0000E+01  TIME:   7.8324E+03)
     1    24 5.497E-04 1.124E-05   412 -7.19E-03 -7.18E-03 5.897E-07 1.066E-07
                        (NSTEP:   855  DELTAT:   1.0000E+01  TIME:   7.8424E+03)
     1    24 5.497E-04 1.124E-05   412 -7.20E-03 -7.19E-03 5.897E-07 1.066E-07
                        (NSTEP:   856  DELTAT:   1.0000E+01  TIME:   7.8524E+03)
     1    24 5.496E-04 1.125E-05   412 -7.21E-03 -7.20E-03 5.896E-07 1.066E-07
                        (NSTEP:   857  DELTAT:   1.0000E+01  TIME:   7.8624E+03)
     1    24 5.496E-04 1.125E-05   412 -7.22E-03 -7.21E-03 5.895E-07 1.065E-07
                        (NSTEP:   858  DELTAT:   1.0000E+01  TIME:   7.8724E+03)
     1    24 5.495E-04 1.126E-05   412 -7.23E-03 -7.22E-03 5.894E-07 1.065E-07
                        (NSTEP:   859  DELTAT:   1.0000E+01  TIME:   7.8824E+03)
     1    24 5.494E-04 1.126E-05   412 -7.24E-03 -7.23E-03 5.893E-07 1.065E-07
                        (NSTEP:   860  DELTAT:   1.0000E+01  TIME:   7.8924E+03)
     1    24 5.494E-04 1.127E-05   412 -7.25E-03 -7.24E-03 5.893E-07 1.064E-07
                        (NSTEP:   861  DELTAT:   1.0000E+01  TIME:   7.9024E+03)
     1    24 5.493E-04 1.127E-05   412 -7.27E-03 -7.25E-03 5.892E-07 1.064E-07
                        (NSTEP:   862  DELTAT:   1.0000E+01  TIME:   7.9124E+03)
     1    24 5.493E-04 1.128E-05   412 -7.28E-03 -7.27E-03 5.891E-07 1.064E-07
                        (NSTEP:   863  DELTAT:   1.0000E+01  TIME:   7.9224E+03)
     1    24 5.492E-04 1.128E-05   412 -7.29E-03 -7.28E-03 5.890E-07 1.063E-07
                        (NSTEP:   864  DELTAT:   1.0000E+01  TIME:   7.9324E+03)
     1    24 5.492E-04 1.129E-05   412 -7.30E-03 -7.29E-03 5.890E-07 1.063E-07
                        (NSTEP:   865  DELTAT:   1.0000E+01  TIME:   7.9424E+03)
     1    24 5.491E-04 1.129E-05   412 -7.31E-03 -7.30E-03 5.889E-07 1.063E-07
                        (NSTEP:   866  DELTAT:   1.0000E+01  TIME:   7.9524E+03)
     1    24 5.491E-04 1.129E-05   412 -7.32E-03 -7.31E-03 5.888E-07 1.063E-07
                        (NSTEP:   867  DELTAT:   1.0000E+01  TIME:   7.9624E+03)
     1    24 5.490E-04 1.130E-05   412 -7.33E-03 -7.32E-03 5.888E-07 1.062E-07
                        (NSTEP:   868  DELTAT:   1.0000E+01  TIME:   7.9724E+03)
     1    24 5.489E-04 1.130E-05   412 -7.34E-03 -7.33E-03 5.887E-07 1.062E-07
                        (NSTEP:   869  DELTAT:   1.0000E+01  TIME:   7.9824E+03)
     1    24 5.489E-04 1.131E-05   412 -7.36E-03 -7.34E-03 5.886E-07 1.062E-07
                        (NSTEP:   870  DELTAT:   1.0000E+01  TIME:   7.9924E+03)
     1    24 5.488E-04 1.131E-05   412 -7.37E-03 -7.36E-03 5.885E-07 1.062E-07
                        (NSTEP:   871  DELTAT:   1.0000E+01  TIME:   8.0024E+03)
     1    24 5.488E-04 1.132E-05   412 -7.38E-03 -7.37E-03 5.885E-07 1.061E-07
                        (NSTEP:   872  DELTAT:   1.0000E+01  TIME:   8.0124E+03)
     1    24 5.487E-04 1.132E-05   412 -7.39E-03 -7.38E-03 5.884E-07 1.061E-07
                        (NSTEP:   873  DELTAT:   1.0000E+01  TIME:   8.0224E+03)
     1    24 5.487E-04 1.132E-05   412 -7.40E-03 -7.39E-03 5.883E-07 1.061E-07
                        (NSTEP:   874  DELTAT:   1.0000E+01  TIME:   8.0324E+03)
     1    24 5.486E-04 1.133E-05   412 -7.41E-03 -7.40E-03 5.882E-07 1.060E-07
                        (NSTEP:   875  DELTAT:   1.0000E+01  TIME:   8.0424E+03)
     1    24 5.486E-04 1.133E-05   412 -7.42E-03 -7.41E-03 5.882E-07 1.060E-07
                        (NSTEP:   876  DELTAT:   1.0000E+01  TIME:   8.0524E+03)
     1    24 5.485E-04 1.134E-05   412 -7.44E-03 -7.42E-03 5.881E-07 1.060E-07
                        (NSTEP:   877  DELTAT:   1.0000E+01  TIME:   8.0624E+03)
     1    24 5.485E-04 1.134E-05   412 -7.45E-03 -7.44E-03 5.880E-07 1.060E-07
                        (NSTEP:   878  DELTAT:   1.0000E+01  TIME:   8.0724E+03)
     1    24 5.484E-04 1.135E-05   412 -7.46E-03 -7.45E-03 5.879E-07 1.060E-07
                        (NSTEP:   879  DELTAT:   1.0000E+01  TIME:   8.0824E+03)
     1    24 5.483E-04 1.135E-05   412 -7.47E-03 -7.46E-03 5.879E-07 1.059E-07
                        (NSTEP:   880  DELTAT:   1.0000E+01  TIME:   8.0924E+03)
     1    24 5.483E-04 1.135E-05   412 -7.48E-03 -7.47E-03 5.878E-07 1.059E-07
                        (NSTEP:   881  DELTAT:   1.0000E+01  TIME:   8.1024E+03)
     1    24 5.482E-04 1.136E-05   412 -7.49E-03 -7.48E-03 5.877E-07 1.059E-07
                        (NSTEP:   882  DELTAT:   1.0000E+01  TIME:   8.1124E+03)
     1    24 5.481E-04 1.136E-05   412 -7.50E-03 -7.49E-03 5.877E-07 1.059E-07
                        (NSTEP:   883  DELTAT:   1.0000E+01  TIME:   8.1224E+03)
     1    24 5.481E-04 1.137E-05   412 -7.51E-03 -7.50E-03 5.876E-07 1.058E-07
                        (NSTEP:   884  DELTAT:   1.0000E+01  TIME:   8.1324E+03)
     1    24 5.480E-04 1.137E-05   412 -7.53E-03 -7.51E-03 5.875E-07 1.058E-07
                        (NSTEP:   885  DELTAT:   1.0000E+01  TIME:   8.1424E+03)
     1    24 5.480E-04 1.137E-05   412 -7.54E-03 -7.53E-03 5.874E-07 1.058E-07
                        (NSTEP:   886  DELTAT:   1.0000E+01  TIME:   8.1524E+03)
     1    24 5.479E-04 1.138E-05   412 -7.55E-03 -7.54E-03 5.874E-07 1.058E-07
                        (NSTEP:   887  DELTAT:   1.0000E+01  TIME:   8.1624E+03)
     1    24 5.479E-04 1.138E-05   412 -7.56E-03 -7.55E-03 5.873E-07 1.058E-07
                        (NSTEP:   888  DELTAT:   1.0000E+01  TIME:   8.1724E+03)
     1    24 5.478E-04 1.138E-05   412 -7.57E-03 -7.56E-03 5.872E-07 1.057E-07
                        (NSTEP:   889  DELTAT:   1.0000E+01  TIME:   8.1824E+03)
     1    24 5.477E-04 1.139E-05   412 -7.58E-03 -7.57E-03 5.872E-07 1.057E-07
                        (NSTEP:   890  DELTAT:   1.0000E+01  TIME:   8.1924E+03)
     1    24 5.477E-04 1.139E-05   412 -7.59E-03 -7.58E-03 5.871E-07 1.057E-07
                        (NSTEP:   891  DELTAT:   1.0000E+01  TIME:   8.2024E+03)
     1    24 5.476E-04 1.139E-05   412 -7.61E-03 -7.59E-03 5.870E-07 1.057E-07
                        (NSTEP:   892  DELTAT:   1.0000E+01  TIME:   8.2124E+03)
     1    24 5.476E-04 1.139E-05   412 -7.62E-03 -7.61E-03 5.869E-07 1.057E-07
                        (NSTEP:   893  DELTAT:   1.0000E+01  TIME:   8.2224E+03)
     1    24 5.475E-04 1.140E-05   412 -7.63E-03 -7.62E-03 5.869E-07 1.056E-07
                        (NSTEP:   894  DELTAT:   1.0000E+01  TIME:   8.2324E+03)
     1    24 5.475E-04 1.140E-05   412 -7.64E-03 -7.63E-03 5.868E-07 1.056E-07
                        (NSTEP:   895  DELTAT:   1.0000E+01  TIME:   8.2424E+03)
     1    24 5.474E-04 1.140E-05   412 -7.65E-03 -7.64E-03 5.867E-07 1.056E-07
                        (NSTEP:   896  DELTAT:   1.0000E+01  TIME:   8.2524E+03)
     1    24 5.474E-04 1.141E-05   412 -7.66E-03 -7.65E-03 5.867E-07 1.056E-07
                        (NSTEP:   897  DELTAT:   1.0000E+01  TIME:   8.2624E+03)
     1    24 5.473E-04 1.141E-05   412 -7.67E-03 -7.66E-03 5.866E-07 1.056E-07
                        (NSTEP:   898  DELTAT:   1.0000E+01  TIME:   8.2724E+03)
     1    24 5.472E-04 1.141E-05   412 -7.69E-03 -7.67E-03 5.865E-07 1.056E-07
                        (NSTEP:   899  DELTAT:   1.0000E+01  TIME:   8.2824E+03)
     1    24 5.472E-04 1.141E-05   412 -7.70E-03 -7.69E-03 5.865E-07 1.055E-07
                        (NSTEP:   900  DELTAT:   1.0000E+01  TIME:   8.2924E+03)
     1    24 5.471E-04 1.142E-05   412 -7.71E-03 -7.70E-03 5.864E-07 1.055E-07
                        (NSTEP:   901  DELTAT:   1.0000E+01  TIME:   8.3024E+03)
     1    24 5.471E-04 1.142E-05   412 -7.72E-03 -7.71E-03 5.863E-07 1.055E-07
                        (NSTEP:   902  DELTAT:   1.0000E+01  TIME:   8.3124E+03)
     1    24 5.470E-04 1.142E-05   412 -7.73E-03 -7.72E-03 5.863E-07 1.055E-07
                        (NSTEP:   903  DELTAT:   1.0000E+01  TIME:   8.3224E+03)
     1    24 5.470E-04 1.142E-05   412 -7.74E-03 -7.73E-03 5.862E-07 1.055E-07
                        (NSTEP:   904  DELTAT:   1.0000E+01  TIME:   8.3324E+03)
     1    24 5.469E-04 1.143E-05   412 -7.75E-03 -7.74E-03 5.861E-07 1.055E-07
                        (NSTEP:   905  DELTAT:   1.0000E+01  TIME:   8.3424E+03)
     1    24 5.469E-04 1.143E-05   412 -7.77E-03 -7.75E-03 5.861E-07 1.054E-07
                        (NSTEP:   906  DELTAT:   1.0000E+01  TIME:   8.3524E+03)
     1    24 5.468E-04 1.143E-05   412 -7.78E-03 -7.77E-03 5.860E-07 1.054E-07
                        (NSTEP:   907  DELTAT:   1.0000E+01  TIME:   8.3624E+03)
     1    24 5.467E-04 1.143E-05   412 -7.79E-03 -7.78E-03 5.859E-07 1.054E-07
                        (NSTEP:   908  DELTAT:   1.0000E+01  TIME:   8.3724E+03)
     1    24 5.467E-04 1.143E-05   412 -7.80E-03 -7.79E-03 5.858E-07 1.054E-07
                        (NSTEP:   909  DELTAT:   1.0000E+01  TIME:   8.3824E+03)
     1    24 5.466E-04 1.144E-05   412 -7.81E-03 -7.80E-03 5.858E-07 1.054E-07
                        (NSTEP:   910  DELTAT:   1.0000E+01  TIME:   8.3924E+03)
     1    24 5.466E-04 1.148E-05   412 -7.82E-03 -7.81E-03 5.857E-07 1.054E-07
                        (NSTEP:   911  DELTAT:   1.0000E+01  TIME:   8.4024E+03)
     1    24 5.466E-04 1.158E-05   412 -7.83E-03 -7.82E-03 5.856E-07 1.054E-07
                        (NSTEP:   912  DELTAT:   1.0000E+01  TIME:   8.4124E+03)
     1    24 5.465E-04 1.172E-05   412 -7.85E-03 -7.83E-03 5.856E-07 1.054E-07
                        (NSTEP:   913  DELTAT:   1.0000E+01  TIME:   8.4224E+03)
     1    24 5.465E-04 1.190E-05   412 -7.86E-03 -7.85E-03 5.855E-07 1.053E-07
                        (NSTEP:   914  DELTAT:   1.0000E+01  TIME:   8.4324E+03)
     1    24 5.465E-04 1.209E-05   412 -7.87E-03 -7.86E-03 5.854E-07 1.053E-07
                        (NSTEP:   915  DELTAT:   1.0000E+01  TIME:   8.4424E+03)
     1    24 5.465E-04 1.229E-05   412 -7.88E-03 -7.87E-03 5.854E-07 1.053E-07
                        (NSTEP:   916  DELTAT:   1.0000E+01  TIME:   8.4524E+03)
     1    24 5.465E-04 1.250E-05   412 -7.89E-03 -7.88E-03 5.853E-07 1.053E-07
                        (NSTEP:   917  DELTAT:   1.0000E+01  TIME:   8.4624E+03)
     1    24 5.465E-04 1.271E-05   412 -7.91E-03 -7.89E-03 5.853E-07 1.053E-07
                        (NSTEP:   918  DELTAT:   1.0000E+01  TIME:   8.4724E+03)
     1    24 5.467E-04 1.292E-05   412 -7.92E-03 -7.91E-03 5.851E-07 1.053E-07
                        (NSTEP:   919  DELTAT:   1.0000E+01  TIME:   8.4824E+03)
     1    24 5.466E-04 1.313E-05   412 -7.93E-03 -7.92E-03 5.851E-07 1.053E-07
                        (NSTEP:   920  DELTAT:   1.0000E+01  TIME:   8.4924E+03)
     1    24 5.465E-04 1.334E-05   412 -7.95E-03 -7.93E-03 5.850E-07 1.053E-07
                        (NSTEP:   921  DELTAT:   1.0000E+01  TIME:   8.5024E+03)
     1    24 5.465E-04 1.354E-05   412 -7.96E-03 -7.95E-03 5.850E-07 1.052E-07
                        (NSTEP:   922  DELTAT:   1.0000E+01  TIME:   8.5124E+03)
     1    24 5.465E-04 1.373E-05   412 -7.97E-03 -7.96E-03 5.849E-07 1.052E-07
                        (NSTEP:   923  DELTAT:   1.0000E+01  TIME:   8.5224E+03)
     1    24 5.465E-04 1.393E-05   412 -7.99E-03 -7.97E-03 5.848E-07 1.052E-07
                        (NSTEP:   924  DELTAT:   1.0000E+01  TIME:   8.5324E+03)
     1    24 5.465E-04 1.412E-05   412 -8.00E-03 -7.99E-03 5.848E-07 1.052E-07
                        (NSTEP:   925  DELTAT:   1.0000E+01  TIME:   8.5424E+03)
     1    24 5.465E-04 1.430E-05   412 -8.02E-03 -8.00E-03 5.847E-07 1.052E-07
                        (NSTEP:   926  DELTAT:   1.0000E+01  TIME:   8.5524E+03)
     1    24 5.465E-04 1.448E-05   412 -8.03E-03 -8.02E-03 5.846E-07 1.052E-07
                        (NSTEP:   927  DELTAT:   1.0000E+01  TIME:   8.5624E+03)
     1    24 5.465E-04 1.465E-05   412 -8.05E-03 -8.03E-03 5.846E-07 1.052E-07
                        (NSTEP:   928  DELTAT:   1.0000E+01  TIME:   8.5724E+03)
     1    24 5.466E-04 1.482E-05   412 -8.06E-03 -8.05E-03 5.845E-07 1.052E-07
                        (NSTEP:   929  DELTAT:   1.0000E+01  TIME:   8.5824E+03)
     1    24 5.466E-04 1.499E-05   412 -8.08E-03 -8.06E-03 5.844E-07 1.052E-07
                        (NSTEP:   930  DELTAT:   1.0000E+01  TIME:   8.5924E+03)
     1    24 5.466E-04 1.515E-05   412 -8.09E-03 -8.08E-03 5.844E-07 1.051E-07
                        (NSTEP:   931  DELTAT:   1.0000E+01  TIME:   8.6024E+03)
     1    24 5.466E-04 1.530E-05   412 -8.11E-03 -8.09E-03 5.843E-07 1.051E-07
                        (NSTEP:   932  DELTAT:   1.0000E+01  TIME:   8.6124E+03)
     1    24 5.466E-04 1.546E-05   412 -8.12E-03 -8.11E-03 5.843E-07 1.051E-07
                        (NSTEP:   933  DELTAT:   1.0000E+01  TIME:   8.6224E+03)
     1    24 5.466E-04 1.560E-05   412 -8.14E-03 -8.12E-03 5.842E-07 1.051E-07
                        (NSTEP:   934  DELTAT:   1.0000E+01  TIME:   8.6324E+03)
     1    24 5.466E-04 1.575E-05   412 -8.15E-03 -8.14E-03 5.841E-07 1.051E-07
                        (NSTEP:   935  DELTAT:   1.0000E+01  TIME:   8.6424E+03)
     1    24 5.466E-04 1.589E-05   412 -8.17E-03 -8.15E-03 5.841E-07 1.051E-07
                        (NSTEP:   936  DELTAT:   1.0000E+01  TIME:   8.6524E+03)
     1    24 5.466E-04 1.603E-05   412 -8.18E-03 -8.17E-03 5.840E-07 1.051E-07
                        (NSTEP:   937  DELTAT:   1.0000E+01  TIME:   8.6624E+03)
     1    24 5.466E-04 1.616E-05   412 -8.20E-03 -8.18E-03 5.840E-07 1.051E-07
                        (NSTEP:   938  DELTAT:   1.0000E+01  TIME:   8.6724E+03)
     1    24 5.469E-04 1.629E-05   412 -8.22E-03 -8.20E-03 5.838E-07 1.051E-07
                        (NSTEP:   939  DELTAT:   1.0000E+01  TIME:   8.6824E+03)
     1    24 5.468E-04 1.642E-05   412 -8.23E-03 -8.22E-03 5.837E-07 1.051E-07
                        (NSTEP:   940  DELTAT:   1.0000E+01  TIME:   8.6924E+03)
     1    24 5.466E-04 1.654E-05   412 -8.25E-03 -8.23E-03 5.836E-07 1.051E-07
                        (NSTEP:   941  DELTAT:   1.0000E+01  TIME:   8.7024E+03)
     1    24 5.466E-04 1.666E-05   412 -8.27E-03 -8.25E-03 5.835E-07 1.051E-07
                        (NSTEP:   942  DELTAT:   1.0000E+01  TIME:   8.7124E+03)
     1    24 5.466E-04 1.678E-05   412 -8.28E-03 -8.27E-03 5.834E-07 1.050E-07
                        (NSTEP:   943  DELTAT:   1.0000E+01  TIME:   8.7224E+03)
     1    24 5.466E-04 1.690E-05   412 -8.30E-03 -8.28E-03 5.833E-07 1.050E-07
                        (NSTEP:   944  DELTAT:   1.0000E+01  TIME:   8.7324E+03)
     1    24 5.466E-04 1.701E-05   412 -8.32E-03 -8.30E-03 5.833E-07 1.050E-07
                        (NSTEP:   945  DELTAT:   1.0000E+01  TIME:   8.7424E+03)
     1    24 5.466E-04 1.712E-05   412 -8.33E-03 -8.32E-03 5.832E-07 1.050E-07
                        (NSTEP:   946  DELTAT:   1.0000E+01  TIME:   8.7524E+03)
     1    24 5.466E-04 1.723E-05   412 -8.35E-03 -8.33E-03 5.831E-07 1.050E-07
                        (NSTEP:   947  DELTAT:   1.0000E+01  TIME:   8.7624E+03)
     1    24 5.466E-04 1.733E-05   412 -8.37E-03 -8.35E-03 5.830E-07 1.050E-07
                        (NSTEP:   948  DELTAT:   1.0000E+01  TIME:   8.7724E+03)
     1    24 5.466E-04 1.743E-05   412 -8.39E-03 -8.37E-03 5.829E-07 1.050E-07
                        (NSTEP:   949  DELTAT:   1.0000E+01  TIME:   8.7824E+03)
     1    24 5.466E-04 1.753E-05   412 -8.40E-03 -8.39E-03 5.829E-07 1.050E-07
                        (NSTEP:   950  DELTAT:   1.0000E+01  TIME:   8.7924E+03)
     1    24 5.466E-04 1.763E-05   412 -8.42E-03 -8.40E-03 5.828E-07 1.050E-07
                        (NSTEP:   951  DELTAT:   1.0000E+01  TIME:   8.8024E+03)
     1    24 5.466E-04 1.773E-05   412 -8.44E-03 -8.42E-03 5.827E-07 1.050E-07
                        (NSTEP:   952  DELTAT:   1.0000E+01  TIME:   8.8124E+03)
     1    24 5.465E-04 1.782E-05   412 -8.46E-03 -8.44E-03 5.827E-07 1.050E-07
                        (NSTEP:   953  DELTAT:   1.0000E+01  TIME:   8.8224E+03)
     1    24 5.465E-04 1.791E-05   412 -8.48E-03 -8.46E-03 5.826E-07 1.050E-07
                        (NSTEP:   954  DELTAT:   1.0000E+01  TIME:   8.8324E+03)
     1    24 5.465E-04 1.800E-05   412 -8.49E-03 -8.48E-03 5.825E-07 1.050E-07
                        (NSTEP:   955  DELTAT:   1.0000E+01  TIME:   8.8424E+03)
     1    24 5.465E-04 1.809E-05   412 -8.51E-03 -8.49E-03 5.824E-07 1.050E-07
                        (NSTEP:   956  DELTAT:   1.0000E+01  TIME:   8.8524E+03)
     1    24 5.465E-04 1.817E-05   412 -8.53E-03 -8.51E-03 5.824E-07 1.049E-07
                        (NSTEP:   957  DELTAT:   1.0000E+01  TIME:   8.8624E+03)
     1    24 5.465E-04 1.826E-05   412 -8.55E-03 -8.53E-03 5.823E-07 1.049E-07
                        (NSTEP:   958  DELTAT:   1.0000E+01  TIME:   8.8724E+03)
     1    24 5.465E-04 1.834E-05   412 -8.57E-03 -8.55E-03 5.822E-07 1.049E-07
                        (NSTEP:   959  DELTAT:   1.0000E+01  TIME:   8.8824E+03)
     1    24 5.465E-04 1.842E-05   412 -8.58E-03 -8.57E-03 5.822E-07 1.049E-07
                        (NSTEP:   960  DELTAT:   1.0000E+01  TIME:   8.8924E+03)
     1    24 5.465E-04 1.850E-05   412 -8.60E-03 -8.58E-03 5.821E-07 1.049E-07
                        (NSTEP:   961  DELTAT:   1.0000E+01  TIME:   8.9024E+03)
     1    24 5.465E-04 1.857E-05   412 -8.62E-03 -8.60E-03 5.820E-07 1.049E-07
                        (NSTEP:   962  DELTAT:   1.0000E+01  TIME:   8.9124E+03)
     1    24 5.465E-04 1.865E-05   412 -8.64E-03 -8.62E-03 5.820E-07 1.049E-07
                        (NSTEP:   963  DELTAT:   1.0000E+01  TIME:   8.9224E+03)
     1    24 5.465E-04 1.872E-05   412 -8.66E-03 -8.64E-03 5.819E-07 1.049E-07
                        (NSTEP:   964  DELTAT:   1.0000E+01  TIME:   8.9324E+03)
     1    24 5.465E-04 1.879E-05   412 -8.68E-03 -8.66E-03 5.818E-07 1.049E-07
                        (NSTEP:   965  DELTAT:   1.0000E+01  TIME:   8.9424E+03)
     1    24 5.465E-04 1.886E-05   412 -8.70E-03 -8.68E-03 5.818E-07 1.049E-07
                        (NSTEP:   966  DELTAT:   1.0000E+01  TIME:   8.9524E+03)
     1    24 5.465E-04 1.893E-05   412 -8.72E-03 -8.70E-03 5.817E-07 1.049E-07
                        (NSTEP:   967  DELTAT:   1.0000E+01  TIME:   8.9624E+03)
     1    24 5.465E-04 1.900E-05   412 -8.73E-03 -8.72E-03 5.817E-07 1.049E-07
                        (NSTEP:   968  DELTAT:   1.0000E+01  TIME:   8.9724E+03)
     1    24 5.465E-04 1.907E-05   412 -8.75E-03 -8.73E-03 5.816E-07 1.049E-07
                        (NSTEP:   969  DELTAT:   1.0000E+01  TIME:   8.9824E+03)
     1    24 5.465E-04 1.913E-05   412 -8.77E-03 -8.75E-03 5.815E-07 1.049E-07
                        (NSTEP:   970  DELTAT:   1.0000E+01  TIME:   8.9924E+03)
     1    24 5.465E-04 1.920E-05   412 -8.79E-03 -8.77E-03 5.815E-07 1.049E-07
                        (NSTEP:   971  DELTAT:   1.0000E+01  TIME:   9.0024E+03)
     1    24 5.465E-04 1.926E-05   412 -8.81E-03 -8.79E-03 5.814E-07 1.049E-07
                        (NSTEP:   972  DELTAT:   1.0000E+01  TIME:   9.0124E+03)
     1    24 5.465E-04 1.932E-05   412 -8.83E-03 -8.81E-03 5.813E-07 1.049E-07
                        (NSTEP:   973  DELTAT:   1.0000E+01  TIME:   9.0224E+03)
     1    24 5.465E-04 1.938E-05   412 -8.85E-03 -8.83E-03 5.813E-07 1.049E-07
                        (NSTEP:   974  DELTAT:   1.0000E+01  TIME:   9.0324E+03)
     1    24 5.465E-04 1.944E-05   412 -8.87E-03 -8.85E-03 5.812E-07 1.049E-07
                        (NSTEP:   975  DELTAT:   1.0000E+01  TIME:   9.0424E+03)
     1    24 5.465E-04 1.950E-05   412 -8.89E-03 -8.87E-03 5.812E-07 1.048E-07
                        (NSTEP:   976  DELTAT:   1.0000E+01  TIME:   9.0524E+03)
     1    24 5.465E-04 1.956E-05   412 -8.91E-03 -8.89E-03 5.811E-07 1.048E-07
                        (NSTEP:   977  DELTAT:   1.0000E+01  TIME:   9.0624E+03)
     1    24 5.465E-04 1.961E-05   412 -8.93E-03 -8.91E-03 5.810E-07 1.048E-07
                        (NSTEP:   978  DELTAT:   1.0000E+01  TIME:   9.0724E+03)
     1    24 5.465E-04 1.967E-05   412 -8.95E-03 -8.93E-03 5.810E-07 1.048E-07
                        (NSTEP:   979  DELTAT:   1.0000E+01  TIME:   9.0824E+03)
     1    24 5.465E-04 1.972E-05   412 -8.97E-03 -8.95E-03 5.809E-07 1.048E-07
                        (NSTEP:   980  DELTAT:   1.0000E+01  TIME:   9.0924E+03)
     1    24 5.465E-04 1.978E-05   412 -8.99E-03 -8.97E-03 5.809E-07 1.048E-07
                        (NSTEP:   981  DELTAT:   1.0000E+01  TIME:   9.1024E+03)
     1    24 5.465E-04 1.983E-05   412 -9.01E-03 -8.99E-03 5.808E-07 1.048E-07
                        (NSTEP:   982  DELTAT:   1.0000E+01  TIME:   9.1124E+03)
     1    24 5.465E-04 1.988E-05   412 -9.03E-03 -9.01E-03 5.808E-07 1.048E-07
                        (NSTEP:   983  DELTAT:   1.0000E+01  TIME:   9.1224E+03)
     1    24 5.465E-04 1.993E-05   412 -9.05E-03 -9.03E-03 5.807E-07 1.048E-07
                        (NSTEP:   984  DELTAT:   1.0000E+01  TIME:   9.1324E+03)
     1    24 5.465E-04 1.998E-05   412 -9.07E-03 -9.05E-03 5.806E-07 1.048E-07
                        (NSTEP:   985  DELTAT:   1.0000E+01  TIME:   9.1424E+03)
     1    24 5.464E-04 2.003E-05   412 -9.09E-03 -9.07E-03 5.806E-07 1.048E-07
                        (NSTEP:   986  DELTAT:   1.0000E+01  TIME:   9.1524E+03)
     1    24 5.464E-04 2.007E-05   412 -9.11E-03 -9.09E-03 5.805E-07 1.048E-07
                        (NSTEP:   987  DELTAT:   1.0000E+01  TIME:   9.1624E+03)
     1    24 5.464E-04 2.012E-05   412 -9.13E-03 -9.11E-03 5.805E-07 1.048E-07
                        (NSTEP:   988  DELTAT:   1.0000E+01  TIME:   9.1724E+03)
     1    24 5.464E-04 2.017E-05   412 -9.15E-03 -9.13E-03 5.804E-07 1.048E-07
                        (NSTEP:   989  DELTAT:   1.0000E+01  TIME:   9.1824E+03)
     1    24 5.464E-04 2.021E-05   412 -9.17E-03 -9.15E-03 5.804E-07 1.048E-07
                        (NSTEP:   990  DELTAT:   1.0000E+01  TIME:   9.1924E+03)
     1    24 5.464E-04 2.026E-05   412 -9.19E-03 -9.17E-03 5.803E-07 1.048E-07
                        (NSTEP:   991  DELTAT:   1.0000E+01  TIME:   9.2024E+03)
     1    24 5.464E-04 2.030E-05   412 -9.21E-03 -9.19E-03 5.802E-07 1.048E-07
                        (NSTEP:   992  DELTAT:   1.0000E+01  TIME:   9.2124E+03)
     1    24 5.464E-04 2.035E-05   412 -9.23E-03 -9.21E-03 5.802E-07 1.048E-07
                        (NSTEP:   993  DELTAT:   1.0000E+01  TIME:   9.2224E+03)
     1    24 5.464E-04 2.039E-05   412 -9.25E-03 -9.23E-03 5.801E-07 1.048E-07
                        (NSTEP:   994  DELTAT:   1.0000E+01  TIME:   9.2324E+03)
     1    24 5.464E-04 2.043E-05   412 -9.27E-03 -9.25E-03 5.801E-07 1.048E-07
                        (NSTEP:   995  DELTAT:   1.0000E+01  TIME:   9.2424E+03)
     1    24 5.464E-04 2.047E-05   412 -9.29E-03 -9.27E-03 5.800E-07 1.048E-07
                        (NSTEP:   996  DELTAT:   1.0000E+01  TIME:   9.2524E+03)
     1    24 5.464E-04 2.051E-05   412 -9.31E-03 -9.29E-03 5.800E-07 1.048E-07
                        (NSTEP:   997  DELTAT:   1.0000E+01  TIME:   9.2624E+03)
     1    24 5.464E-04 2.055E-05   412 -9.33E-03 -9.31E-03 5.799E-07 1.048E-07
                        (NSTEP:   998  DELTAT:   1.0000E+01  TIME:   9.2724E+03)
     1    24 5.464E-04 2.059E-05   412 -9.35E-03 -9.33E-03 5.799E-07 1.048E-07
                        (NSTEP:   999  DELTAT:   1.0000E+01  TIME:   9.2824E+03)
     1    24 5.463E-04 2.063E-05   412 -9.37E-03 -9.35E-03 5.798E-07 1.048E-07
                        (NSTEP:  1000  DELTAT:   1.0000E+01  TIME:   9.2924E+03)
     1    23 5.577E-04 4.295E-05   433 -3.85E-05  4.46E-06 5.801E-07 1.048E-07
                        (NSTEP:  1001  DELTAT:   1.0000E+01  TIME:   9.3024E+03)
     1    24 5.503E-04 2.094E-05   412 -9.41E-03 -9.39E-03 5.798E-07 1.048E-07
                        (NSTEP:  1002  DELTAT:   1.0000E+01  TIME:   9.3124E+03)
     1    24 5.506E-04 2.092E-05   412 -9.44E-03 -9.41E-03 5.797E-07 1.048E-07
                        (NSTEP:  1003  DELTAT:   1.0000E+01  TIME:   9.3224E+03)
     1    24 5.503E-04 2.044E-05   412 -9.46E-03 -9.44E-03 5.797E-07 1.048E-07
                        (NSTEP:  1004  DELTAT:   1.0000E+01  TIME:   9.3324E+03)
     1    24 5.499E-04 1.984E-05   412 -9.48E-03 -9.46E-03 5.796E-07 1.048E-07
                        (NSTEP:  1005  DELTAT:   1.0000E+01  TIME:   9.3424E+03)
     1    24 5.495E-04 1.917E-05   412 -9.49E-03 -9.48E-03 5.796E-07 1.048E-07
                        (NSTEP:  1006  DELTAT:   1.0000E+01  TIME:   9.3524E+03)
     1    24 5.491E-04 1.848E-05   412 -9.51E-03 -9.49E-03 5.795E-07 1.048E-07
                        (NSTEP:  1007  DELTAT:   1.0000E+01  TIME:   9.3624E+03)
     1    24 5.487E-04 1.778E-05   412 -9.53E-03 -9.51E-03 5.795E-07 1.048E-07
                        (NSTEP:  1008  DELTAT:   1.0000E+01  TIME:   9.3724E+03)
     1    24 5.484E-04 1.710E-05   412 -9.55E-03 -9.53E-03 5.794E-07 1.048E-07
                        (NSTEP:  1009  DELTAT:   1.0000E+01  TIME:   9.3824E+03)
     1    24 5.480E-04 1.645E-05   412 -9.56E-03 -9.55E-03 5.793E-07 1.048E-07
                        (NSTEP:  1010  DELTAT:   1.0000E+01  TIME:   9.3924E+03)
     1    24 5.477E-04 1.583E-05   412 -9.58E-03 -9.56E-03 5.793E-07 1.047E-07
                        (NSTEP:  1011  DELTAT:   1.0000E+01  TIME:   9.4024E+03)
     1    24 5.474E-04 1.525E-05   412 -9.60E-03 -9.58E-03 5.792E-07 1.047E-07
                        (NSTEP:  1012  DELTAT:   1.0000E+01  TIME:   9.4124E+03)
     1    24 5.471E-04 1.470E-05   412 -9.61E-03 -9.60E-03 5.792E-07 1.047E-07
                        (NSTEP:  1013  DELTAT:   1.0000E+01  TIME:   9.4224E+03)
     1    24 5.468E-04 1.420E-05   412 -9.62E-03 -9.61E-03 5.791E-07 1.047E-07
                        (NSTEP:  1014  DELTAT:   1.0000E+01  TIME:   9.4324E+03)
     1    24 5.465E-04 1.373E-05   412 -9.64E-03 -9.62E-03 5.791E-07 1.047E-07
                        (NSTEP:  1015  DELTAT:   1.0000E+01  TIME:   9.4424E+03)
     1    24 5.462E-04 1.330E-05   412 -9.65E-03 -9.64E-03 5.790E-07 1.047E-07
                        (NSTEP:  1016  DELTAT:   1.0000E+01  TIME:   9.4524E+03)
     1    24 5.460E-04 1.291E-05   412 -9.66E-03 -9.65E-03 5.790E-07 1.047E-07
                        (NSTEP:  1017  DELTAT:   1.0000E+01  TIME:   9.4624E+03)
     1    24 5.457E-04 1.255E-05   412 -9.68E-03 -9.66E-03 5.789E-07 1.047E-07
                        (NSTEP:  1018  DELTAT:   1.0000E+01  TIME:   9.4724E+03)
     1    24 5.455E-04 1.221E-05   412 -9.69E-03 -9.68E-03 5.788E-07 1.047E-07
                        (NSTEP:  1019  DELTAT:   1.0000E+01  TIME:   9.4824E+03)
     1    24 5.452E-04 1.190E-05   412 -9.70E-03 -9.69E-03 5.788E-07 1.047E-07
                        (NSTEP:  1020  DELTAT:   1.0000E+01  TIME:   9.4924E+03)
     1    24 5.450E-04 1.161E-05   412 -9.71E-03 -9.70E-03 5.787E-07 1.047E-07
                        (NSTEP:  1021  DELTAT:   1.0000E+01  TIME:   9.5024E+03)
     1    24 5.448E-04 1.135E-05   412 -9.72E-03 -9.71E-03 5.787E-07 1.047E-07
                        (NSTEP:  1022  DELTAT:   1.0000E+01  TIME:   9.5124E+03)
     1    24 5.447E-04 1.111E-05   412 -9.73E-03 -9.72E-03 5.786E-07 1.047E-07
                        (NSTEP:  1023  DELTAT:   1.0000E+01  TIME:   9.5224E+03)
     1    24 5.445E-04 1.089E-05   412 -9.75E-03 -9.73E-03 5.786E-07 1.047E-07
                        (NSTEP:  1024  DELTAT:   1.0000E+01  TIME:   9.5324E+03)
     1    24 5.443E-04 1.068E-05   412 -9.76E-03 -9.75E-03 5.785E-07 1.047E-07
                        (NSTEP:  1025  DELTAT:   1.0000E+01  TIME:   9.5424E+03)
     1    24 5.442E-04 1.050E-05   412 -9.77E-03 -9.76E-03 5.784E-07 1.047E-07
                        (NSTEP:  1026  DELTAT:   1.0000E+01  TIME:   9.5524E+03)
     1    24 5.440E-04 1.033E-05   412 -9.78E-03 -9.77E-03 5.784E-07 1.047E-07
                        (NSTEP:  1027  DELTAT:   1.0000E+01  TIME:   9.5624E+03)
     1    24 5.439E-04 1.017E-05   412 -9.79E-03 -9.78E-03 5.783E-07 1.047E-07
                        (NSTEP:  1028  DELTAT:   1.0000E+01  TIME:   9.5724E+03)
     1    24 5.437E-04 1.002E-05   412 -9.80E-03 -9.79E-03 5.783E-07 1.047E-07
                        (NSTEP:  1029  DELTAT:   1.0000E+01  TIME:   9.5824E+03)
     1    24 5.436E-04 9.891E-06   412 -9.81E-03 -9.80E-03 5.782E-07 1.047E-07
                        (NSTEP:  1030  DELTAT:   8.8100E+00  TIME:   9.5912E+03)
     1    25 2.091E-03 7.355E-04   395 -2.24E-04 -9.59E-04 6.241E-07 2.006E-07
     2    24 1.895E-04 6.555E-05   836  5.54E-03  5.47E-03 2.485E-07 1.066E-07
                        (NSTEP:  1031  DELTAT:   8.8100E+00  TIME:   9.6000E+03)
     1    25 7.758E-04 1.811E-04   395  8.26E-06 -1.73E-04 5.814E-07 1.047E-07
     2    24 3.530E-05 1.551E-05   836  5.73E-03  5.72E-03 1.007E-07 9.799E-08
