#INITIAL VOLUME OF WATER IN THE SUBSURFACE =   1.60696E+02
#NSTEP       DELTAT         TIME  NLIN   AVG.LIN       STORE1       STORE2       DSTORE   CUM.DSTORE       VIN  CUM.VIN       VOUT    CUM.VOUT   VIN+VOUT   CUM. VIN  M.BAL.ERR   REL. MBE   CUM. MBE      CUM.
#                                 ITER.    ITER.                             (>0 x inc)                                                                      + VOUT  (Vi+Vo-Ds)        (%)             ABS(MBE)
     1 1.000000E-02 1.000000E-02     7 6.286E+00 1.606962E+02 1.606962E+02 -2.88884E-07 -2.88884E-07 0.000E+00 0.000E+00 -1.306E-07 -1.306E-07 -1.306E-07 -1.306E-07  1.583E-07 -1.212E+02  1.583E-07 1.583E-07
     2 5.000000E-03 1.500000E-02     2 5.000E+00 1.606962E+02 1.606962E+02 -1.12880E-07 -4.01764E-07 6.822E-09 6.822E-09 -1.282E-07 -2.588E-07 -1.214E-07 -2.520E-07 -8.476E-09  6.984E+00  1.498E-07 1.668E-07
     3 5.500000E-03 2.050000E-02     2 6.000E+00 1.606962E+02 1.606962E+02 -1.14150E-07 -5.15915E-07 1.942E-08 2.624E-08 -1.376E-07 -3.964E-07 -1.182E-07 -3.701E-07 -4.022E-09  3.404E+00  1.458E-07 1.708E-07
     4 6.050000E-03 2.655000E-02     2 5.500E+00 1.606962E+02 1.606962E+02  1.77824E-07 -3.38091E-07 1.769E-07 2.032E-07 -1.502E-07 -5.465E-07  2.676E-08 -3.434E-07 -1.511E-07 -5.645E+02 -5.281E-09 3.218E-07
     5 6.655000E-03 3.320500E-02     2 5.500E+00 1.606962E+02 1.606962E+02  7.95605E-08 -2.58530E-07 3.021E-07 5.052E-07 -1.644E-07 -7.110E-07  1.376E-07 -2.058E-07  5.805E-08  4.218E+01  5.276E-08 3.799E-07
     6 7.320500E-03 4.052550E-02     1 6.000E+00 1.606962E+02 1.606962E+02 -5.71527E-09 -2.64245E-07 2.359E-07 7.411E-07 -1.803E-07 -8.913E-07  5.552E-08 -1.502E-07  6.124E-08  1.103E+02  1.140E-07 4.411E-07
     7 8.052550E-03 4.857805E-02     1 6.000E+00 1.606962E+02 1.606962E+02 -5.64135E-09 -2.69887E-07 1.983E-07 9.394E-07 -1.980E-07 -1.089E-06  3.351E-10 -1.499E-07  5.976E-09  1.784E+03  1.200E-07 4.471E-07
     8 8.857805E-03 5.743586E-02     1 7.000E+00 1.606962E+02 1.606962E+02 -5.62529E-09 -2.75512E-07 1.694E-07 1.109E-06 -2.174E-07 -1.307E-06 -4.803E-08 -1.979E-07 -4.240E-08  8.829E+01  7.758E-08 4.895E-07
     9 9.743586E-03 6.717944E-02     1 7.000E+00 1.606962E+02 1.606962E+02 -5.64592E-09 -2.81158E-07 1.475E-07 1.256E-06 -2.389E-07 -1.546E-06 -9.133E-08 -2.893E-07 -8.569E-08  9.382E+01 -8.109E-09 5.752E-07
    10 1.071794E-02 7.789738E-02     1 7.000E+00 1.606962E+02 1.606962E+02 -5.69109E-09 -2.86849E-07 1.314E-07 1.388E-06 -2.625E-07 -1.808E-06 -1.311E-07 -4.203E-07 -1.254E-07  9.566E+01 -1.335E-07 7.006E-07
    11 1.178974E-02 8.968712E-02     1 8.000E+00 1.606962E+02 1.606962E+02 -5.75083E-09 -2.92600E-07 1.200E-07 1.508E-06 -2.885E-07 -2.097E-06 -1.685E-07 -5.888E-07 -1.628E-07  9.659E+01 -2.962E-07 8.633E-07
    12 1.296871E-02 1.026558E-01     1 8.000E+00 1.606962E+02 1.606962E+02 -5.81527E-09 -2.98415E-07 1.125E-07 1.620E-06 -3.172E-07 -2.414E-06 -2.047E-07 -7.935E-07 -1.988E-07  9.716E+01 -4.951E-07 1.062E-06
    13 1.426558E-02 1.169214E-01     1 8.000E+00 1.606962E+02 1.606962E+02 -5.87410E-09 -3.04289E-07 1.110E-07 1.731E-06 -3.487E-07 -2.762E-06 -2.377E-07 -1.031E-06 -2.318E-07  9.753E+01 -7.269E-07 1.294E-06
    14 1.569214E-02 1.326136E-01     1 9.000E+00 1.606962E+02 1.606962E+02 -5.91666E-09 -3.10206E-07 1.150E-07 1.846E-06 -3.834E-07 -3.146E-06 -2.684E-07 -1.300E-06 -2.625E-07  9.780E+01 -9.893E-07 1.556E-06
    15 1.726136E-02 1.498749E-01     1 9.000E+00 1.606962E+02 1.606962E+02 -5.93248E-09 -3.16138E-07 1.206E-07 1.967E-06 -4.215E-07 -3.567E-06 -3.010E-07 -1.601E-06 -2.950E-07  9.803E+01 -1.284E-06 1.851E-06
    16 1.898749E-02 1.688624E-01     1 9.000E+00 1.606962E+02 1.606962E+02 -5.91166E-09 -3.22050E-07 1.278E-07 2.095E-06 -4.635E-07 -4.031E-06 -3.357E-07 -1.936E-06 -3.298E-07  9.824E+01 -1.614E-06 2.181E-06
    17 2.088624E-02 1.897486E-01     1 1.000E+01 1.606962E+02 1.606962E+02 -5.84553E-09 -3.27896E-07 1.365E-07 2.231E-06 -5.097E-07 -4.541E-06 -3.732E-07 -2.309E-06 -3.673E-07  9.843E+01 -1.982E-06 2.549E-06
    18 2.297486E-02 2.127235E-01     1 1.000E+01 1.606962E+02 1.606962E+02 -5.72701E-09 -3.33623E-07 1.467E-07 2.378E-06 -5.605E-07 -5.101E-06 -4.137E-07 -2.723E-06 -4.080E-07  9.862E+01 -2.390E-06 2.957E-06
    19 2.527235E-02 2.379959E-01     1 1.000E+01 1.606962E+02 1.606962E+02 -5.55070E-09 -3.39173E-07 1.586E-07 2.536E-06 -6.164E-07 -5.717E-06 -4.578E-07 -3.181E-06 -4.523E-07  9.879E+01 -2.842E-06 3.409E-06
    20 2.779959E-02 2.657955E-01     1 1.000E+01 1.606962E+02 1.606962E+02 -5.31192E-09 -3.44485E-07 1.720E-07 2.708E-06 -6.779E-07 -6.395E-06 -5.059E-07 -3.687E-06 -5.006E-07  9.895E+01 -3.342E-06 3.909E-06
    21 3.057955E-02 2.963750E-01     1 1.100E+01 1.606962E+02 1.606962E+02 -4.99647E-09 -3.49482E-07 1.871E-07 2.895E-06 -7.455E-07 -7.141E-06 -5.585E-07 -4.245E-06 -5.535E-07  9.911E+01 -3.896E-06 4.463E-06
    22 3.363750E-02 3.300125E-01     2 9.500E+00 1.606962E+02 1.606962E+02  1.45415E-06  1.10467E-06 1.241E-06 4.136E-06 -8.199E-07 -7.961E-06  4.209E-07 -3.824E-06 -1.033E-06 -2.455E+02 -4.929E-06 5.496E-06
    23 3.700125E-02 3.670137E-01     2 1.000E+01 1.606962E+02 1.606962E+02  8.28404E-07  1.93307E-06 2.119E-06 6.255E-06 -9.018E-07 -8.862E-06  1.217E-06 -2.608E-06  3.885E-07  3.193E+01 -4.541E-06 5.885E-06
    24 4.070137E-02 4.077151E-01     2 1.050E+01 1.606962E+02 1.606962E+02  3.43472E-07  2.27655E-06 1.622E-06 7.877E-06 -9.919E-07 -9.854E-06  6.306E-07 -1.977E-06  2.871E-07  4.553E+01 -4.254E-06 6.172E-06
    25 4.477151E-02 4.524866E-01     2 1.100E+01 1.606962E+02 1.606962E+02 -4.78664E-08  2.22868E-06 1.260E-06 9.137E-06 -1.091E-06 -1.095E-05  1.690E-07 -1.808E-06  2.169E-07  1.283E+02 -4.037E-06 6.389E-06
    26 4.924866E-02 5.017353E-01     1 1.200E+01 1.606962E+02 1.606962E+02 -2.78248E-09  2.22590E-06 1.003E-06 1.014E-05 -1.200E-06 -1.215E-05 -1.976E-07 -2.006E-06 -1.948E-07  9.859E+01 -4.231E-06 6.584E-06
    27 5.417353E-02 5.559088E-01     1 1.200E+01 1.606962E+02 1.606962E+02 -2.25477E-09  2.22364E-06 8.688E-07 1.101E-05 -1.320E-06 -1.347E-05 -4.514E-07 -2.457E-06 -4.492E-07  9.950E+01 -4.681E-06 7.033E-06
    28 5.959088E-02 6.154997E-01     1 1.200E+01 1.606962E+02 1.606962E+02 -1.73453E-09  2.22191E-06 8.187E-07 1.183E-05 -1.452E-06 -1.492E-05 -6.338E-07 -3.091E-06 -6.320E-07  9.973E+01 -5.313E-06 7.665E-06
    29 6.554997E-02 6.810497E-01     2 1.350E+01 1.606962E+02 1.606962E+02 -9.02644E-07  1.31926E-06 7.799E-07 1.261E-05 -1.598E-06 -1.652E-05 -8.182E-07 -3.909E-06  8.440E-08 -1.031E+01 -5.228E-06 7.749E-06
    30 7.210497E-02 7.531546E-01     2 1.500E+01 1.606962E+02 1.606962E+02 -1.05677E-06  2.62495E-07 7.511E-07 1.336E-05 -1.759E-06 -1.828E-05 -1.008E-06 -4.917E-06  4.889E-08 -4.851E+00 -5.179E-06 7.798E-06
    31 7.931546E-02 8.324701E-01     1 1.300E+01 1.606962E+02 1.606962E+02  8.11537E-12  2.62503E-07 7.323E-07 1.409E-05 -1.936E-06 -2.021E-05 -1.204E-06 -6.121E-06 -1.204E-06  1.000E+02 -6.383E-06 9.002E-06
    32 8.724701E-02 9.197171E-01     1 1.400E+01 1.606962E+02 1.606962E+02  1.33218E-11  2.62517E-07 7.233E-07 1.481E-05 -2.130E-06 -2.234E-05 -1.407E-06 -7.527E-06 -1.407E-06  1.000E+02 -7.790E-06 1.041E-05
    33 9.597171E-02 1.015689E+00     1 1.400E+01 1.606962E+02 1.606962E+02  1.30889E-11  2.62530E-07 7.231E-07 1.554E-05 -2.343E-06 -2.468E-05 -1.620E-06 -9.147E-06 -1.620E-06  1.000E+02 -9.410E-06 1.203E-05
    34 1.055689E-01 1.121258E+00     1 1.500E+01 1.606962E+02 1.606962E+02 -1.71074E-11  2.62513E-07 7.338E-07 1.627E-05 -2.577E-06 -2.726E-05 -1.844E-06 -1.099E-05 -1.844E-06  1.000E+02 -1.125E-05 1.387E-05
    35 1.161258E-01 1.237383E+00     1 1.400E+01 1.606962E+02 1.606962E+02 -7.60188E-11  2.62437E-07 7.660E-07 1.704E-05 -2.835E-06 -3.010E-05 -2.069E-06 -1.306E-05 -2.069E-06  1.000E+02 -1.332E-05 1.594E-05
    36 1.277383E-01 1.365122E+00     1 1.500E+01 1.606962E+02 1.606962E+02 -1.57503E-10  2.62279E-07 8.177E-07 1.785E-05 -3.119E-06 -3.322E-05 -2.301E-06 -1.536E-05 -2.301E-06  9.999E+01 -1.562E-05 1.824E-05
    37 1.405122E-01 1.505634E+00     1 1.500E+01 1.606962E+02 1.606962E+02 -2.55799E-10  2.62023E-07 8.769E-07 1.873E-05 -3.430E-06 -3.665E-05 -2.553E-06 -1.791E-05 -2.553E-06  9.999E+01 -1.818E-05 2.079E-05
    38 1.545634E-01 1.660197E+00     4 1.875E+01 1.606962E+02 1.606962E+02 -2.85625E-06 -2.59422E-06 9.373E-07 1.967E-05 -3.773E-06 -4.042E-05 -2.835E-06 -2.075E-05  2.093E-08 -7.381E-01 -1.816E-05 2.082E-05
    39 1.700197E-01 1.830217E+00     1 1.700E+01 1.606962E+02 1.606962E+02 -9.49660E-10 -2.59517E-06 1.003E-06 2.067E-05 -4.149E-06 -4.457E-05 -3.146E-06 -2.390E-05 -3.145E-06  9.997E+01 -2.130E-05 2.396E-05
    40 1.870217E-01 2.017239E+00     1 1.800E+01 1.606962E+02 1.606962E+02 -1.11576E-09 -2.59629E-06 1.084E-06 2.176E-05 -4.563E-06 -4.913E-05 -3.479E-06 -2.737E-05 -3.478E-06  9.997E+01 -2.478E-05 2.744E-05
    41 2.057239E-01 2.222963E+00     1 1.800E+01 1.606962E+02 1.606962E+02 -1.27541E-09 -2.59756E-06 1.175E-06 2.293E-05 -5.018E-06 -5.415E-05 -3.842E-06 -3.122E-05 -3.841E-06  9.997E+01 -2.862E-05 3.128E-05
    42 2.262963E-01 2.449259E+00     1 1.900E+01 1.606962E+02 1.606962E+02 -1.42667E-09 -2.59899E-06 1.279E-06 2.421E-05 -5.518E-06 -5.967E-05 -4.239E-06 -3.546E-05 -4.238E-06  9.997E+01 -3.286E-05 3.552E-05
    43 2.489259E-01 2.698185E+00     1 1.900E+01 1.606962E+02 1.606962E+02 -1.57274E-09 -2.60056E-06 1.394E-06 2.560E-05 -6.067E-06 -6.573E-05 -4.673E-06 -4.013E-05 -4.672E-06  9.997E+01 -3.753E-05 4.019E-05
    44 2.738185E-01 2.972003E+00     1 1.900E+01 1.606962E+02 1.606962E+02 -1.71644E-09 -2.60228E-06 1.523E-06 2.713E-05 -6.672E-06 -7.240E-05 -5.149E-06 -4.528E-05 -5.147E-06  9.997E+01 -4.268E-05 4.534E-05
    45 3.012003E-01 3.273204E+00     1 2.000E+01 1.606962E+02 1.606962E+02 -1.85980E-09 -2.60414E-06 1.668E-06 2.879E-05 -7.336E-06 -7.974E-05 -5.668E-06 -5.095E-05 -5.666E-06  9.997E+01 -4.834E-05 5.100E-05
    46 3.313204E-01 3.604524E+00     1 2.000E+01 1.606962E+02 1.606962E+02 -2.00452E-09 -2.60614E-06 1.829E-06 3.062E-05 -8.066E-06 -8.781E-05 -6.237E-06 -5.718E-05 -6.235E-06  9.997E+01 -5.458E-05 5.724E-05
    47 3.644524E-01 3.968977E+00     1 2.000E+01 1.606962E+02 1.606962E+02 -2.15196E-09 -2.60830E-06 2.008E-06 3.263E-05 -8.869E-06 -9.668E-05 -6.861E-06 -6.404E-05 -6.858E-06  9.997E+01 -6.144E-05 6.410E-05
    48 4.008977E-01 4.369874E+00     1 2.000E+01 1.606962E+02 1.606962E+02 -2.30308E-09 -2.61060E-06 2.205E-06 3.484E-05 -9.751E-06 -1.064E-04 -7.545E-06 -7.159E-05 -7.543E-06  9.997E+01 -6.898E-05 7.164E-05
    49 4.409874E-01 4.810862E+00     1 2.100E+01 1.606962E+02 1.606962E+02 -2.45860E-09 -2.61306E-06 2.423E-06 3.726E-05 -1.072E-05 -1.171E-04 -8.297E-06 -7.989E-05 -8.295E-06  9.997E+01 -7.727E-05 7.993E-05
    50 4.850862E-01 5.295948E+00     2 2.200E+01 1.606961E+02 1.606962E+02 -9.12347E-06 -1.17365E-05 2.663E-06 3.992E-05 -1.179E-05 -1.289E-04 -9.123E-06 -8.901E-05  6.898E-10 -7.562E-03 -7.727E-05 7.993E-05
    51 5.335948E-01 5.829543E+00     2 2.250E+01 1.606961E+02 1.606962E+02 -1.00459E-05 -2.17824E-05 2.926E-06 4.285E-05 -1.296E-05 -1.419E-04 -1.003E-05 -9.904E-05  1.688E-08 -1.683E-01 -7.726E-05 7.995E-05
    52 5.869543E-01 6.416497E+00     1 2.200E+01 1.606961E+02 1.606962E+02 -3.02663E-09 -2.17855E-05 3.216E-06 4.607E-05 -1.424E-05 -1.561E-04 -1.103E-05 -1.101E-04 -1.102E-05  9.997E+01 -8.828E-05 9.097E-05
    53 6.456497E-01 7.062147E+00     1 2.200E+01 1.606961E+02 1.606962E+02 -2.93890E-09 -2.17884E-05 3.535E-06 4.960E-05 -1.566E-05 -1.718E-04 -1.212E-05 -1.222E-04 -1.212E-05  9.998E+01 -1.004E-04 1.031E-04
    54 7.102147E-01 7.772361E+00     1 2.200E+01 1.606961E+02 1.606962E+02 -3.02257E-09 -2.17914E-05 3.885E-06 5.348E-05 -1.721E-05 -1.890E-04 -1.333E-05 -1.355E-04 -1.333E-05  9.998E+01 -1.137E-04 1.164E-04
    55 7.812361E-01 8.553597E+00     1 2.200E+01 1.606961E+02 1.606962E+02 -3.15779E-09 -2.17946E-05 4.270E-06 5.775E-05 -1.892E-05 -2.079E-04 -1.465E-05 -1.502E-04 -1.465E-05  9.998E+01 -1.284E-04 1.311E-04
    56 8.593597E-01 9.412957E+00     1 2.200E+01 1.606961E+02 1.606962E+02 -3.31837E-09 -2.17979E-05 4.693E-06 6.245E-05 -2.080E-05 -2.287E-04 -1.611E-05 -1.663E-04 -1.611E-05  9.998E+01 -1.445E-04 1.472E-04
    57 9.452957E-01 1.035825E+01     1 2.200E+01 1.606961E+02 1.606962E+02 -3.49712E-09 -2.18014E-05 5.158E-06 6.761E-05 -2.287E-05 -2.516E-04 -1.771E-05 -1.840E-04 -1.771E-05  9.998E+01 -1.622E-04 1.649E-04
    58 1.039825E+00 1.139808E+01     1 2.200E+01 1.606960E+02 1.606962E+02 -3.69226E-09 -2.18051E-05 5.669E-06 7.327E-05 -2.514E-05 -2.767E-04 -1.947E-05 -2.035E-04 -1.946E-05  9.998E+01 -1.817E-04 1.843E-04
    59 1.143808E+00 1.254189E+01     1 2.200E+01 1.606960E+02 1.606962E+02 -3.90386E-09 -2.18090E-05 6.230E-06 7.950E-05 -2.763E-05 -3.044E-04 -2.140E-05 -2.249E-04 -2.140E-05  9.998E+01 -2.030E-04 2.057E-04
    60 1.258189E+00 1.380007E+01     1 2.200E+01 1.606960E+02 1.606962E+02 -4.13277E-09 -2.18131E-05 6.846E-06 8.635E-05 -3.037E-05 -3.347E-04 -2.352E-05 -2.484E-04 -2.352E-05  9.998E+01 -2.266E-04 2.293E-04
    61 1.384007E+00 1.518408E+01     1 2.200E+01 1.606960E+02 1.606962E+02 -4.38035E-09 -2.18175E-05 7.523E-06 9.387E-05 -3.338E-05 -3.681E-04 -2.586E-05 -2.742E-04 -2.585E-05  9.998E+01 -2.524E-04 2.551E-04
    62 1.522408E+00 1.670649E+01     1 2.200E+01 1.606959E+02 1.606962E+02 -4.64833E-09 -2.18222E-05 8.266E-06 1.021E-04 -3.669E-05 -4.048E-04 -2.842E-05 -3.027E-04 -2.842E-05  9.998E+01 -2.808E-04 2.835E-04
    63 1.674649E+00 1.838114E+01     1 2.200E+01 1.606959E+02 1.606962E+02 -4.93883E-09 -2.18271E-05 9.082E-06 1.112E-04 -4.033E-05 -4.451E-04 -3.124E-05 -3.339E-04 -3.124E-05  9.998E+01 -3.121E-04 3.148E-04
    64 1.842114E+00 2.022325E+01     1 2.200E+01 1.606959E+02 1.606962E+02 -5.25431E-09 -2.18324E-05 9.977E-06 1.212E-04 -4.432E-05 -4.894E-04 -3.434E-05 -3.683E-04 -3.434E-05  9.998E+01 -3.464E-04 3.491E-04
    65 2.026325E+00 2.224958E+01     1 2.200E+01 1.606958E+02 1.606962E+02 -5.59758E-09 -2.18380E-05 1.096E-05 1.322E-04 -4.871E-05 -5.382E-04 -3.775E-05 -4.060E-04 -3.774E-05  9.999E+01 -3.842E-04 3.869E-04
    66 2.228958E+00 2.447854E+01     2 2.300E+01 1.606958E+02 1.606962E+02 -4.14788E-05 -6.33168E-05 1.204E-05 1.442E-04 -5.352E-05 -5.917E-04 -4.148E-05 -4.475E-04 -1.780E-09  4.291E-03 -3.842E-04 3.869E-04
    67 2.451854E+00 2.693039E+01     2 2.400E+01 1.606957E+02 1.606961E+02 -4.55890E-05 -1.08906E-04 1.322E-05 1.574E-04 -5.880E-05 -6.505E-04 -4.558E-05 -4.931E-04  7.967E-09 -1.748E-02 -3.842E-04 3.869E-04
    68 2.697039E+00 2.962743E+01     2 2.400E+01 1.606957E+02 1.606961E+02 -5.01044E-05 -1.59010E-04 1.452E-05 1.719E-04 -6.461E-05 -7.151E-04 -5.010E-05 -5.432E-04  8.924E-09 -1.781E-02 -3.841E-04 3.869E-04
    69 2.966743E+00 3.259417E+01     2 2.400E+01 1.606956E+02 1.606960E+02 -5.50655E-05 -2.14076E-04 1.594E-05 1.879E-04 -7.099E-05 -7.861E-04 -5.505E-05 -5.982E-04  1.053E-08 -1.912E-02 -3.841E-04 3.869E-04
    70 3.263417E+00 3.585759E+01     2 2.400E+01 1.606956E+02 1.606960E+02 -6.05161E-05 -2.74592E-04 1.750E-05 2.054E-04 -7.800E-05 -8.641E-04 -6.050E-05 -6.587E-04  1.266E-08 -2.092E-02 -3.841E-04 3.869E-04
    71 3.589759E+00 3.944735E+01     2 2.400E+01 1.606955E+02 1.606959E+02 -6.65042E-05 -3.41096E-04 1.921E-05 2.246E-04 -8.569E-05 -9.498E-04 -6.649E-05 -7.252E-04  1.544E-08 -2.323E-02 -3.841E-04 3.869E-04
    72 3.948735E+00 4.339608E+01     2 2.400E+01 1.606954E+02 1.606958E+02 -7.30828E-05 -4.14179E-04 2.108E-05 2.456E-04 -9.414E-05 -1.044E-03 -7.306E-05 -7.983E-04  1.905E-08 -2.607E-02 -3.841E-04 3.869E-04
    73 4.343608E+00 4.773969E+01     2 2.400E+01 1.606954E+02 1.606957E+02 -8.03100E-05 -4.94489E-04 2.313E-05 2.688E-04 -1.034E-04 -1.147E-03 -8.029E-05 -8.786E-04  2.370E-08 -2.952E-02 -3.841E-04 3.870E-04
    74 4.777969E+00 5.251766E+01     2 2.400E+01 1.606953E+02 1.606957E+02 -8.82499E-05 -5.82739E-04 2.537E-05 2.941E-04 -1.136E-04 -1.261E-03 -8.822E-05 -9.668E-04  2.967E-08 -3.363E-02 -3.840E-04 3.870E-04
    75 5.255766E+00 5.777343E+01     2 2.400E+01 1.606952E+02 1.606956E+02 -9.69735E-05 -6.79712E-04 2.782E-05 3.220E-04 -1.248E-04 -1.386E-03 -9.694E-05 -1.064E-03  3.794E-08 -3.914E-02 -3.840E-04 3.870E-04
    76 5.781343E+00 6.355477E+01     2 2.350E+01 1.606951E+02 1.606955E+02 -1.06558E-04 -7.86270E-04 3.050E-05 3.525E-04 -1.370E-04 -1.523E-03 -1.065E-04 -1.170E-03  4.859E-08 -4.562E-02 -3.839E-04 3.871E-04
    77 6.359477E+00 6.991425E+01     1 2.300E+01 1.606950E+02 1.606955E+02 -1.70847E-08 -7.86288E-04 3.343E-05 3.859E-04 -1.505E-04 -1.673E-03 -1.171E-04 -1.287E-03 -1.171E-04  9.999E+01 -5.010E-04 5.041E-04
    78 6.995425E+00 7.690967E+01     1 2.500E+01 1.606948E+02 1.606955E+02 -1.48175E-08 -7.86302E-04 3.663E-05 4.225E-04 -1.654E-04 -1.839E-03 -1.287E-04 -1.416E-03 -1.287E-04  9.999E+01 -6.297E-04 6.329E-04
    79 7.694967E+00 8.460464E+01     1 2.500E+01 1.606947E+02 1.606955E+02 -1.60638E-08 -7.86318E-04 4.009E-05 4.626E-04 -1.815E-04 -2.020E-03 -1.414E-04 -1.557E-03 -1.414E-04  9.999E+01 -7.712E-04 7.743E-04
    80 8.464464E+00 9.306910E+01     3 2.433E+01 1.606945E+02 1.606953E+02 -1.55176E-04 -9.41495E-04 4.383E-05 5.064E-04 -1.992E-04 -2.219E-03 -1.553E-04 -1.713E-03 -1.701E-07  1.095E-01 -7.713E-04 7.745E-04
    81 9.310910E+00 1.023800E+02     1 2.500E+01 1.606944E+02 1.606953E+02 -2.41433E-08 -9.41519E-04 4.787E-05 5.543E-04 -2.186E-04 -2.438E-03 -1.707E-04 -1.884E-03 -1.707E-04  9.999E+01 -9.421E-04 9.452E-04
    82 1.000000E+01 1.123800E+02     3 2.433E+01 1.606942E+02 1.606951E+02 -1.82635E-04 -1.12415E-03 5.124E-05 6.055E-04 -2.343E-04 -2.672E-03 -1.830E-04 -2.067E-03 -4.058E-07  2.217E-01 -9.425E-04 9.456E-04
    83 1.000000E+01 1.223800E+02     3 2.433E+01 1.606940E+02 1.606949E+02 -1.80775E-04 -1.30493E-03 5.208E-05 6.576E-04 -2.338E-04 -2.906E-03 -1.817E-04 -2.248E-03 -9.305E-07  5.121E-01 -9.434E-04 9.465E-04
    84 1.000000E+01 1.323800E+02     3 2.433E+01 1.606938E+02 1.606948E+02 -1.79491E-04 -1.48442E-03 5.352E-05 7.111E-04 -2.337E-04 -3.140E-03 -1.801E-04 -2.428E-03 -6.423E-07  3.566E-01 -9.440E-04 9.472E-04
    85 1.000000E+01 1.423800E+02     3 2.433E+01 1.606936E+02 1.606946E+02 -1.78540E-04 -1.66296E-03 5.458E-05 7.657E-04 -2.336E-04 -3.373E-03 -1.790E-04 -2.607E-03 -4.756E-07  2.657E-01 -9.445E-04 9.476E-04
    86 1.000000E+01 1.523800E+02     3 2.433E+01 1.606935E+02 1.606944E+02 -1.77793E-04 -1.84075E-03 5.538E-05 8.211E-04 -2.335E-04 -3.607E-03 -1.782E-04 -2.786E-03 -3.738E-07  2.098E-01 -9.449E-04 9.480E-04
    87 1.000000E+01 1.623800E+02     3 2.433E+01 1.606933E+02 1.606942E+02 -1.77177E-04 -2.01793E-03 5.602E-05 8.771E-04 -2.335E-04 -3.840E-03 -1.775E-04 -2.963E-03 -3.079E-07  1.735E-01 -9.452E-04 9.483E-04
    88 1.000000E+01 1.723800E+02     2 2.450E+01 1.606931E+02 1.606940E+02 -1.76815E-04 -2.19474E-03 5.654E-05 9.337E-04 -2.335E-04 -4.074E-03 -1.769E-04 -3.140E-03 -9.952E-08  5.626E-02 -9.453E-04 9.484E-04
    89 1.000000E+01 1.823800E+02     2 2.450E+01 1.606929E+02 1.606939E+02 -1.76347E-04 -2.37109E-03 5.698E-05 9.906E-04 -2.334E-04 -4.307E-03 -1.764E-04 -3.316E-03 -7.526E-08  4.266E-02 -9.454E-04 9.485E-04
    90 1.000000E+01 1.923800E+02     2 2.450E+01 1.606928E+02 1.606937E+02 -1.75928E-04 -2.54702E-03 5.736E-05 1.048E-03 -2.333E-04 -4.540E-03 -1.760E-04 -3.492E-03 -5.838E-08  3.317E-02 -9.454E-04 9.486E-04
    91 1.000000E+01 2.023800E+02     2 2.450E+01 1.606926E+02 1.606935E+02 -1.75548E-04 -2.72257E-03 5.769E-05 1.106E-03 -2.333E-04 -4.774E-03 -1.756E-04 -3.668E-03 -4.623E-08  2.633E-02 -9.455E-04 9.486E-04
    92 1.000000E+01 2.123800E+02     2 2.450E+01 1.606924E+02 1.606933E+02 -1.75199E-04 -2.89777E-03 5.798E-05 1.164E-03 -2.332E-04 -5.007E-03 -1.752E-04 -3.843E-03 -3.723E-08  2.124E-02 -9.455E-04 9.486E-04
    93 1.000000E+01 2.223800E+02     2 2.450E+01 1.606922E+02 1.606932E+02 -1.74876E-04 -3.07264E-03 5.824E-05 1.222E-03 -2.331E-04 -5.240E-03 -1.749E-04 -4.018E-03 -3.038E-08  1.737E-02 -9.455E-04 9.487E-04
    94 1.000000E+01 2.323800E+02     2 2.450E+01 1.606921E+02 1.606930E+02 -1.74575E-04 -3.24722E-03 5.848E-05 1.280E-03 -2.331E-04 -5.473E-03 -1.746E-04 -4.193E-03 -2.505E-08  1.435E-02 -9.456E-04 9.487E-04
    95 1.000000E+01 2.423800E+02     2 2.450E+01 1.606919E+02 1.606928E+02 -1.74294E-04 -3.42151E-03 5.870E-05 1.339E-03 -2.330E-04 -5.706E-03 -1.743E-04 -4.367E-03 -2.080E-08  1.193E-02 -9.456E-04 9.487E-04
    96 1.000000E+01 2.523800E+02     2 2.450E+01 1.606917E+02 1.606926E+02 -1.74033E-04 -3.59554E-03 5.889E-05 1.398E-03 -2.329E-04 -5.939E-03 -1.740E-04 -4.541E-03 -1.413E-08  8.121E-03 -9.456E-04 9.487E-04
    97 1.000000E+01 2.623800E+02     2 2.450E+01 1.606915E+02 1.606925E+02 -1.73785E-04 -3.76933E-03 5.907E-05 1.457E-03 -2.329E-04 -6.172E-03 -1.738E-04 -4.715E-03 -1.024E-08  5.893E-03 -9.456E-04 9.487E-04
    98 1.000000E+01 2.723800E+02     1 2.500E+01 1.606914E+02 1.606925E+02 -1.84985E-08 -3.76935E-03 5.925E-05 1.516E-03 -2.329E-04 -6.405E-03 -1.736E-04 -4.889E-03 -1.736E-04  9.999E+01 -1.119E-03 1.122E-03
    99 1.000000E+01 2.823800E+02     1 2.500E+01 1.606912E+02 1.606925E+02 -1.62616E-08 -3.76936E-03 5.941E-05 1.576E-03 -2.328E-04 -6.638E-03 -1.734E-04 -5.062E-03 -1.734E-04  9.999E+01 -1.293E-03 1.296E-03
   100 1.000000E+01 2.923800E+02     1 2.500E+01 1.606910E+02 1.606925E+02 -1.63235E-08 -3.76938E-03 5.955E-05 1.635E-03 -2.328E-04 -6.870E-03 -1.732E-04 -5.235E-03 -1.732E-04  9.999E+01 -1.466E-03 1.469E-03
   101 1.000000E+01 3.023800E+02     1 2.500E+01 1.606908E+02 1.606925E+02 -1.64190E-08 -3.76940E-03 5.968E-05 1.695E-03 -2.327E-04 -7.103E-03 -1.730E-04 -5.408E-03 -1.730E-04  9.999E+01 -1.639E-03 1.642E-03
   102 1.000000E+01 3.123800E+02     1 2.500E+01 1.606907E+02 1.606925E+02 -1.65139E-08 -3.76941E-03 5.980E-05 1.755E-03 -2.326E-04 -7.336E-03 -1.728E-04 -5.581E-03 -1.728E-04  9.999E+01 -1.812E-03 1.815E-03
   103 1.000000E+01 3.223800E+02     1 2.500E+01 1.606905E+02 1.606925E+02 -1.66071E-08 -3.76943E-03 5.991E-05 1.815E-03 -2.325E-04 -7.568E-03 -1.726E-04 -5.754E-03 -1.726E-04  9.999E+01 -1.984E-03 1.987E-03
   104 1.000000E+01 3.323800E+02     1 2.400E+01 1.606903E+02 1.606925E+02 -1.66984E-08 -3.76945E-03 6.001E-05 1.875E-03 -2.325E-04 -7.801E-03 -1.725E-04 -5.926E-03 -1.725E-04  9.999E+01 -2.157E-03 2.160E-03
   105 1.000000E+01 3.423800E+02     1 2.400E+01 1.606901E+02 1.606925E+02 -1.67875E-08 -3.76946E-03 6.011E-05 1.935E-03 -2.324E-04 -8.033E-03 -1.723E-04 -6.098E-03 -1.723E-04  9.999E+01 -2.329E-03 2.332E-03
   106 1.000000E+01 3.523800E+02     1 2.400E+01 1.606900E+02 1.606925E+02 -1.68739E-08 -3.76948E-03 6.020E-05 1.995E-03 -2.323E-04 -8.266E-03 -1.721E-04 -6.271E-03 -1.721E-04  9.999E+01 -2.501E-03 2.504E-03
   107 1.000000E+01 3.623800E+02     1 2.400E+01 1.606898E+02 1.606925E+02 -1.69567E-08 -3.76950E-03 6.028E-05 2.055E-03 -2.323E-04 -8.498E-03 -1.720E-04 -6.443E-03 -1.720E-04  9.999E+01 -2.673E-03 2.676E-03
   108 1.000000E+01 3.723800E+02     1 2.400E+01 1.606896E+02 1.606925E+02 -1.73619E-08 -3.76951E-03 6.033E-05 2.116E-03 -2.322E-04 -8.730E-03 -1.719E-04 -6.614E-03 -1.719E-04  9.999E+01 -2.845E-03 2.848E-03
   109 1.000000E+01 3.823800E+02     1 2.400E+01 1.606895E+02 1.606925E+02 -1.75324E-08 -3.76953E-03 6.033E-05 2.176E-03 -2.321E-04 -8.962E-03 -1.718E-04 -6.786E-03 -1.718E-04  9.999E+01 -3.017E-03 3.020E-03
   110 1.000000E+01 3.923800E+02     1 2.400E+01 1.606893E+02 1.606925E+02 -1.75725E-08 -3.76955E-03 6.034E-05 2.236E-03 -2.320E-04 -9.194E-03 -1.717E-04 -6.958E-03 -1.717E-04  9.999E+01 -3.188E-03 3.192E-03
   111 1.000000E+01 4.023800E+02     1 2.400E+01 1.606891E+02 1.606925E+02 -1.76435E-08 -3.76957E-03 6.035E-05 2.297E-03 -2.320E-04 -9.426E-03 -1.716E-04 -7.130E-03 -1.716E-04  9.999E+01 -3.360E-03 3.363E-03
   112 1.000000E+01 4.123800E+02     1 2.400E+01 1.606889E+02 1.606925E+02 -1.77110E-08 -3.76958E-03 6.036E-05 2.357E-03 -2.319E-04 -9.658E-03 -1.715E-04 -7.301E-03 -1.715E-04  9.999E+01 -3.532E-03 3.535E-03
   113 1.000000E+01 4.223800E+02     1 2.400E+01 1.606888E+02 1.606925E+02 -1.77752E-08 -3.76960E-03 6.037E-05 2.417E-03 -2.318E-04 -9.890E-03 -1.714E-04 -7.473E-03 -1.714E-04  9.999E+01 -3.703E-03 3.706E-03
   114 1.000000E+01 4.323800E+02     1 2.400E+01 1.606886E+02 1.606925E+02 -1.78363E-08 -3.76962E-03 6.037E-05 2.478E-03 -2.317E-04 -1.012E-02 -1.714E-04 -7.644E-03 -1.713E-04  9.999E+01 -3.874E-03 3.877E-03
   115 1.000000E+01 4.423800E+02     1 2.400E+01 1.606884E+02 1.606925E+02 -1.78945E-08 -3.76964E-03 6.038E-05 2.538E-03 -2.317E-04 -1.035E-02 -1.713E-04 -7.815E-03 -1.713E-04  9.999E+01 -4.046E-03 4.049E-03
   116 1.000000E+01 4.523800E+02     1 2.400E+01 1.606883E+02 1.606925E+02 -1.79500E-08 -3.76965E-03 6.039E-05 2.598E-03 -2.316E-04 -1.058E-02 -1.712E-04 -7.986E-03 -1.712E-04  9.999E+01 -4.217E-03 4.220E-03
   117 1.000000E+01 4.623800E+02     1 2.400E+01 1.606881E+02 1.606925E+02 -1.80029E-08 -3.76967E-03 6.040E-05 2.659E-03 -2.315E-04 -1.082E-02 -1.711E-04 -8.158E-03 -1.711E-04  9.999E+01 -4.388E-03 4.391E-03
   118 1.000000E+01 4.723800E+02     1 2.400E+01 1.606879E+02 1.606925E+02 -1.80534E-08 -3.76969E-03 6.040E-05 2.719E-03 -2.315E-04 -1.105E-02 -1.711E-04 -8.329E-03 -1.710E-04  9.999E+01 -4.559E-03 4.562E-03
   119 1.000000E+01 4.823800E+02     1 2.400E+01 1.606877E+02 1.606925E+02 -1.81017E-08 -3.76971E-03 6.041E-05 2.780E-03 -2.314E-04 -1.128E-02 -1.710E-04 -8.500E-03 -1.710E-04  9.999E+01 -4.730E-03 4.733E-03
   120 1.000000E+01 4.923800E+02     1 2.400E+01 1.606876E+02 1.606925E+02 -1.81477E-08 -3.76973E-03 6.042E-05 2.840E-03 -2.313E-04 -1.151E-02 -1.709E-04 -8.671E-03 -1.709E-04  9.999E+01 -4.901E-03 4.904E-03
   121 1.000000E+01 5.023800E+02     1 2.400E+01 1.606874E+02 1.606925E+02 -1.81917E-08 -3.76975E-03 6.042E-05 2.901E-03 -2.313E-04 -1.174E-02 -1.709E-04 -8.841E-03 -1.708E-04  9.999E+01 -5.072E-03 5.075E-03
   122 1.000000E+01 5.123800E+02     1 2.400E+01 1.606872E+02 1.606925E+02 -1.82337E-08 -3.76976E-03 6.043E-05 2.961E-03 -2.312E-04 -1.197E-02 -1.708E-04 -9.012E-03 -1.708E-04  9.999E+01 -5.242E-03 5.246E-03
   123 1.000000E+01 5.223800E+02     1 2.400E+01 1.606871E+02 1.606925E+02 -1.82738E-08 -3.76978E-03 6.043E-05 3.021E-03 -2.312E-04 -1.220E-02 -1.707E-04 -9.183E-03 -1.707E-04  9.999E+01 -5.413E-03 5.416E-03
   124 1.000000E+01 5.323800E+02     1 2.400E+01 1.606869E+02 1.606925E+02 -1.83121E-08 -3.76980E-03 6.044E-05 3.082E-03 -2.311E-04 -1.244E-02 -1.707E-04 -9.354E-03 -1.707E-04  9.999E+01 -5.584E-03 5.587E-03
   125 1.000000E+01 5.423800E+02     1 2.400E+01 1.606867E+02 1.606925E+02 -1.83487E-08 -3.76982E-03 6.044E-05 3.142E-03 -2.311E-04 -1.267E-02 -1.706E-04 -9.524E-03 -1.706E-04  9.999E+01 -5.754E-03 5.758E-03
   126 1.000000E+01 5.523800E+02     1 2.400E+01 1.606866E+02 1.606925E+02 -1.83836E-08 -3.76984E-03 6.045E-05 3.203E-03 -2.310E-04 -1.290E-02 -1.706E-04 -9.695E-03 -1.705E-04  9.999E+01 -5.925E-03 5.928E-03
   127 1.000000E+01 5.623800E+02     1 2.400E+01 1.606864E+02 1.606925E+02 -1.84169E-08 -3.76986E-03 6.045E-05 3.263E-03 -2.309E-04 -1.313E-02 -1.705E-04 -9.865E-03 -1.705E-04  9.999E+01 -6.095E-03 6.099E-03
   128 1.000000E+01 5.723800E+02     1 2.400E+01 1.606862E+02 1.606925E+02 -1.84487E-08 -3.76987E-03 6.046E-05 3.324E-03 -2.309E-04 -1.336E-02 -1.704E-04 -1.004E-02 -1.704E-04  9.999E+01 -6.266E-03 6.269E-03
   129 1.000000E+01 5.823800E+02     1 2.400E+01 1.606860E+02 1.606925E+02 -1.84791E-08 -3.76989E-03 6.046E-05 3.384E-03 -2.308E-04 -1.359E-02 -1.704E-04 -1.021E-02 -1.704E-04  9.999E+01 -6.436E-03 6.439E-03
   130 1.000000E+01 5.923800E+02     1 2.400E+01 1.606859E+02 1.606925E+02 -1.85082E-08 -3.76991E-03 6.047E-05 3.445E-03 -2.308E-04 -1.382E-02 -1.703E-04 -1.038E-02 -1.703E-04  9.999E+01 -6.606E-03 6.610E-03
   131 1.000000E+01 6.023800E+02     1 2.400E+01 1.606857E+02 1.606925E+02 -1.85360E-08 -3.76993E-03 6.047E-05 3.505E-03 -2.307E-04 -1.405E-02 -1.703E-04 -1.055E-02 -1.703E-04  9.999E+01 -6.777E-03 6.780E-03
   132 1.000000E+01 6.123800E+02     1 2.400E+01 1.606855E+02 1.606925E+02 -1.85637E-08 -3.76995E-03 6.047E-05 3.565E-03 -2.307E-04 -1.428E-02 -1.702E-04 -1.072E-02 -1.702E-04  9.999E+01 -6.947E-03 6.950E-03
   133 1.000000E+01 6.223800E+02     1 2.400E+01 1.606854E+02 1.606925E+02 -1.85876E-08 -3.76997E-03 6.048E-05 3.626E-03 -2.307E-04 -1.451E-02 -1.702E-04 -1.089E-02 -1.702E-04  9.999E+01 -7.117E-03 7.120E-03
   134 1.000000E+01 6.323800E+02     1 2.400E+01 1.606852E+02 1.606925E+02 -1.86115E-08 -3.76999E-03 6.048E-05 3.686E-03 -2.306E-04 -1.474E-02 -1.701E-04 -1.106E-02 -1.701E-04  9.999E+01 -7.287E-03 7.290E-03
   135 1.000000E+01 6.423800E+02     1 2.400E+01 1.606850E+02 1.606925E+02 -1.86344E-08 -3.77000E-03 6.049E-05 3.747E-03 -2.306E-04 -1.497E-02 -1.701E-04 -1.123E-02 -1.701E-04  9.999E+01 -7.457E-03 7.460E-03
   136 1.000000E+01 6.523800E+02     1 2.400E+01 1.606848E+02 1.606925E+02 -1.86564E-08 -3.77002E-03 6.049E-05 3.807E-03 -2.305E-04 -1.520E-02 -1.700E-04 -1.140E-02 -1.700E-04  9.999E+01 -7.627E-03 7.630E-03
   137 1.000000E+01 6.623800E+02     1 2.400E+01 1.606847E+02 1.606925E+02 -1.86775E-08 -3.77004E-03 6.049E-05 3.868E-03 -2.305E-04 -1.544E-02 -1.700E-04 -1.157E-02 -1.700E-04  9.999E+01 -7.797E-03 7.800E-03
   138 1.000000E+01 6.723800E+02     1 2.400E+01 1.606845E+02 1.606925E+02 -1.86976E-08 -3.77006E-03 6.050E-05 3.928E-03 -2.304E-04 -1.567E-02 -1.699E-04 -1.174E-02 -1.699E-04  9.999E+01 -7.967E-03 7.970E-03
   139 1.000000E+01 6.823800E+02     1 2.400E+01 1.606843E+02 1.606925E+02 -1.87169E-08 -3.77008E-03 6.050E-05 3.989E-03 -2.304E-04 -1.590E-02 -1.699E-04 -1.191E-02 -1.699E-04  9.999E+01 -8.137E-03 8.140E-03
   140 1.000000E+01 6.923800E+02     1 2.400E+01 1.606842E+02 1.606925E+02 -1.87352E-08 -3.77010E-03 6.050E-05 4.049E-03 -2.304E-04 -1.613E-02 -1.698E-04 -1.208E-02 -1.698E-04  9.999E+01 -8.307E-03 8.310E-03
   141 1.000000E+01 7.023800E+02     1 2.400E+01 1.606840E+02 1.606925E+02 -1.87528E-08 -3.77012E-03 6.051E-05 4.110E-03 -2.303E-04 -1.636E-02 -1.698E-04 -1.225E-02 -1.698E-04  9.999E+01 -8.477E-03 8.480E-03
   142 1.000000E+01 7.123800E+02     1 2.400E+01 1.606838E+02 1.606925E+02 -1.87696E-08 -3.77013E-03 6.051E-05 4.170E-03 -2.303E-04 -1.659E-02 -1.698E-04 -1.242E-02 -1.697E-04  9.999E+01 -8.646E-03 8.650E-03
   143 1.000000E+01 7.223800E+02     1 2.400E+01 1.606837E+02 1.606925E+02 -1.87856E-08 -3.77015E-03 6.051E-05 4.231E-03 -2.302E-04 -1.682E-02 -1.697E-04 -1.259E-02 -1.697E-04  9.999E+01 -8.816E-03 8.819E-03
   144 1.000000E+01 7.323800E+02     1 2.400E+01 1.606835E+02 1.606925E+02 -1.88009E-08 -3.77017E-03 6.052E-05 4.291E-03 -2.302E-04 -1.705E-02 -1.697E-04 -1.276E-02 -1.697E-04  9.999E+01 -8.986E-03 8.989E-03
   145 1.000000E+01 7.423800E+02     1 2.400E+01 1.606833E+02 1.606925E+02 -1.88155E-08 -3.77019E-03 6.052E-05 4.352E-03 -2.302E-04 -1.728E-02 -1.696E-04 -1.293E-02 -1.696E-04  9.999E+01 -9.155E-03 9.159E-03
   146 1.000000E+01 7.523800E+02     1 2.400E+01 1.606832E+02 1.606925E+02 -1.88295E-08 -3.77021E-03 6.053E-05 4.412E-03 -2.301E-04 -1.751E-02 -1.696E-04 -1.310E-02 -1.696E-04  9.999E+01 -9.325E-03 9.328E-03
   147 1.000000E+01 7.623800E+02     1 2.400E+01 1.606830E+02 1.606925E+02 -1.88428E-08 -3.77023E-03 6.053E-05 4.473E-03 -2.301E-04 -1.774E-02 -1.696E-04 -1.326E-02 -1.695E-04  9.999E+01 -9.495E-03 9.498E-03
   148 1.000000E+01 7.723800E+02     1 2.400E+01 1.606828E+02 1.606925E+02 -1.88555E-08 -3.77025E-03 6.053E-05 4.534E-03 -2.300E-04 -1.797E-02 -1.695E-04 -1.343E-02 -1.695E-04  9.999E+01 -9.664E-03 9.667E-03
   149 1.000000E+01 7.823800E+02     1 2.400E+01 1.606826E+02 1.606925E+02 -1.88676E-08 -3.77027E-03 6.054E-05 4.594E-03 -2.300E-04 -1.820E-02 -1.695E-04 -1.360E-02 -1.695E-04  9.999E+01 -9.833E-03 9.837E-03
   150 1.000000E+01 7.923800E+02     1 2.400E+01 1.606825E+02 1.606925E+02 -1.88792E-08 -3.77029E-03 6.054E-05 4.655E-03 -2.300E-04 -1.843E-02 -1.694E-04 -1.377E-02 -1.694E-04  9.999E+01 -1.000E-02 1.001E-02
   151 1.000000E+01 8.023800E+02     1 2.400E+01 1.606823E+02 1.606925E+02 -1.88902E-08 -3.77030E-03 6.054E-05 4.715E-03 -2.299E-04 -1.866E-02 -1.694E-04 -1.394E-02 -1.694E-04  9.999E+01 -1.017E-02 1.018E-02
   152 1.000000E+01 8.123800E+02     1 2.400E+01 1.606821E+02 1.606925E+02 -1.89007E-08 -3.77032E-03 6.055E-05 4.776E-03 -2.299E-04 -1.889E-02 -1.694E-04 -1.411E-02 -1.693E-04  9.999E+01 -1.034E-02 1.034E-02
   153 1.000000E+01 8.223800E+02     1 2.400E+01 1.606820E+02 1.606925E+02 -1.89108E-08 -3.77034E-03 6.055E-05 4.836E-03 -2.299E-04 -1.912E-02 -1.693E-04 -1.428E-02 -1.693E-04  9.999E+01 -1.051E-02 1.051E-02
   154 1.000000E+01 8.323800E+02     1 2.400E+01 1.606818E+02 1.606925E+02 -1.89203E-08 -3.77036E-03 6.055E-05 4.897E-03 -2.298E-04 -1.935E-02 -1.693E-04 -1.445E-02 -1.693E-04  9.999E+01 -1.068E-02 1.068E-02
   155 1.000000E+01 8.423800E+02     1 2.400E+01 1.606816E+02 1.606925E+02 -1.89294E-08 -3.77038E-03 6.056E-05 4.957E-03 -2.298E-04 -1.958E-02 -1.692E-04 -1.462E-02 -1.692E-04  9.999E+01 -1.085E-02 1.085E-02
   156 1.000000E+01 8.523800E+02     1 2.400E+01 1.606815E+02 1.606925E+02 -1.89381E-08 -3.77040E-03 6.056E-05 5.018E-03 -2.298E-04 -1.981E-02 -1.692E-04 -1.479E-02 -1.692E-04  9.999E+01 -1.102E-02 1.102E-02
   157 1.000000E+01 8.623800E+02     1 2.400E+01 1.606813E+02 1.606925E+02 -1.89463E-08 -3.77042E-03 6.056E-05 5.079E-03 -2.297E-04 -2.004E-02 -1.692E-04 -1.496E-02 -1.692E-04  9.999E+01 -1.119E-02 1.119E-02
   158 1.000000E+01 8.723800E+02     1 2.400E+01 1.606811E+02 1.606925E+02 -1.89542E-08 -3.77044E-03 6.057E-05 5.139E-03 -2.297E-04 -2.027E-02 -1.691E-04 -1.513E-02 -1.691E-04  9.999E+01 -1.136E-02 1.136E-02
   159 1.000000E+01 8.823800E+02     1 2.400E+01 1.606810E+02 1.606925E+02 -1.89617E-08 -3.77046E-03 6.057E-05 5.200E-03 -2.297E-04 -2.050E-02 -1.691E-04 -1.530E-02 -1.691E-04  9.999E+01 -1.153E-02 1.153E-02
   160 1.000000E+01 8.923800E+02     1 2.400E+01 1.606808E+02 1.606925E+02 -1.89687E-08 -3.77047E-03 6.057E-05 5.260E-03 -2.296E-04 -2.073E-02 -1.691E-04 -1.547E-02 -1.690E-04  9.999E+01 -1.170E-02 1.170E-02
   161 1.000000E+01 9.023800E+02     1 2.400E+01 1.606806E+02 1.606925E+02 -1.89755E-08 -3.77049E-03 6.058E-05 5.321E-03 -2.296E-04 -2.096E-02 -1.690E-04 -1.563E-02 -1.690E-04  9.999E+01 -1.186E-02 1.187E-02
   162 1.000000E+01 9.123800E+02     1 2.400E+01 1.606804E+02 1.606925E+02 -1.89819E-08 -3.77051E-03 6.058E-05 5.381E-03 -2.296E-04 -2.118E-02 -1.690E-04 -1.580E-02 -1.690E-04  9.999E+01 -1.203E-02 1.204E-02
   163 1.000000E+01 9.223800E+02     1 2.400E+01 1.606803E+02 1.606925E+02 -1.89879E-08 -3.77053E-03 6.059E-05 5.442E-03 -2.295E-04 -2.141E-02 -1.690E-04 -1.597E-02 -1.689E-04  9.999E+01 -1.220E-02 1.221E-02
   164 1.000000E+01 9.323800E+02     1 2.400E+01 1.606801E+02 1.606925E+02 -1.89937E-08 -3.77055E-03 6.059E-05 5.503E-03 -2.295E-04 -2.164E-02 -1.689E-04 -1.614E-02 -1.689E-04  9.999E+01 -1.237E-02 1.237E-02
   165 1.000000E+01 9.423800E+02     1 2.400E+01 1.606799E+02 1.606925E+02 -1.89991E-08 -3.77057E-03 6.059E-05 5.563E-03 -2.295E-04 -2.187E-02 -1.689E-04 -1.631E-02 -1.689E-04  9.999E+01 -1.254E-02 1.254E-02
   166 1.000000E+01 9.523800E+02     1 2.400E+01 1.606798E+02 1.606925E+02 -1.90043E-08 -3.77059E-03 6.060E-05 5.624E-03 -2.295E-04 -2.210E-02 -1.689E-04 -1.648E-02 -1.688E-04  9.999E+01 -1.271E-02 1.271E-02
   167 1.000000E+01 9.623800E+02     1 2.400E+01 1.606796E+02 1.606925E+02 -1.90092E-08 -3.77061E-03 6.060E-05 5.684E-03 -2.294E-04 -2.233E-02 -1.688E-04 -1.665E-02 -1.688E-04  9.999E+01 -1.288E-02 1.288E-02
   168 1.000000E+01 9.723800E+02     1 2.400E+01 1.606794E+02 1.606925E+02 -1.90138E-08 -3.77063E-03 6.060E-05 5.745E-03 -2.294E-04 -2.256E-02 -1.688E-04 -1.682E-02 -1.688E-04  9.999E+01 -1.305E-02 1.305E-02
   169 1.000000E+01 9.823800E+02     1 2.400E+01 1.606793E+02 1.606925E+02 -1.90181E-08 -3.77065E-03 6.061E-05 5.806E-03 -2.294E-04 -2.279E-02 -1.688E-04 -1.699E-02 -1.687E-04  9.999E+01 -1.321E-02 1.322E-02
   170 1.000000E+01 9.923800E+02     1 2.400E+01 1.606791E+02 1.606925E+02 -1.90222E-08 -3.77066E-03 6.061E-05 5.866E-03 -2.293E-04 -2.302E-02 -1.687E-04 -1.715E-02 -1.687E-04  9.999E+01 -1.338E-02 1.339E-02
   171 1.000000E+01 1.002380E+03     1 2.400E+01 1.606789E+02 1.606925E+02 -1.90260E-08 -3.77068E-03 6.062E-05 5.927E-03 -2.293E-04 -2.325E-02 -1.687E-04 -1.732E-02 -1.687E-04  9.999E+01 -1.355E-02 1.356E-02
   172 1.000000E+01 1.012380E+03     1 2.400E+01 1.606788E+02 1.606925E+02 -1.90296E-08 -3.77070E-03 6.062E-05 5.987E-03 -2.293E-04 -2.348E-02 -1.687E-04 -1.749E-02 -1.686E-04  9.999E+01 -1.372E-02 1.372E-02
   173 1.000000E+01 1.022380E+03     1 2.400E+01 1.606786E+02 1.606925E+02 -1.90330E-08 -3.77072E-03 6.062E-05 6.048E-03 -2.292E-04 -2.371E-02 -1.686E-04 -1.766E-02 -1.686E-04  9.999E+01 -1.389E-02 1.389E-02
   174 1.000000E+01 1.032380E+03     1 2.400E+01 1.606784E+02 1.606925E+02 -1.90362E-08 -3.77074E-03 6.063E-05 6.109E-03 -2.292E-04 -2.394E-02 -1.686E-04 -1.783E-02 -1.686E-04  9.999E+01 -1.406E-02 1.406E-02
   175 1.000000E+01 1.042380E+03     1 2.400E+01 1.606783E+02 1.606925E+02 -1.90391E-08 -3.77076E-03 6.063E-05 6.169E-03 -2.292E-04 -2.417E-02 -1.686E-04 -1.800E-02 -1.685E-04  9.999E+01 -1.423E-02 1.423E-02
   176 1.000000E+01 1.052380E+03     1 2.400E+01 1.606781E+02 1.606925E+02 -1.90419E-08 -3.77078E-03 6.063E-05 6.230E-03 -2.292E-04 -2.440E-02 -1.685E-04 -1.817E-02 -1.685E-04  9.999E+01 -1.440E-02 1.440E-02
   177 1.000000E+01 1.062380E+03     1 2.400E+01 1.606779E+02 1.606925E+02 -1.90444E-08 -3.77080E-03 6.064E-05 6.291E-03 -2.291E-04 -2.462E-02 -1.685E-04 -1.833E-02 -1.685E-04  9.999E+01 -1.456E-02 1.457E-02
   178 1.000000E+01 1.072380E+03     1 2.400E+01 1.606777E+02 1.606925E+02 -1.90468E-08 -3.77082E-03 6.064E-05 6.351E-03 -2.291E-04 -2.485E-02 -1.685E-04 -1.850E-02 -1.684E-04  9.999E+01 -1.473E-02 1.474E-02
   179 1.000000E+01 1.082380E+03     1 2.400E+01 1.606776E+02 1.606925E+02 -1.90490E-08 -3.77084E-03 6.065E-05 6.412E-03 -2.291E-04 -2.508E-02 -1.684E-04 -1.867E-02 -1.684E-04  9.999E+01 -1.490E-02 1.490E-02
   180 1.000000E+01 1.092380E+03     1 2.400E+01 1.606774E+02 1.606925E+02 -1.90510E-08 -3.77086E-03 6.065E-05 6.472E-03 -2.290E-04 -2.531E-02 -1.684E-04 -1.884E-02 -1.684E-04  9.999E+01 -1.507E-02 1.507E-02
   181 1.000000E+01 1.102380E+03     1 2.400E+01 1.606772E+02 1.606925E+02 -1.90529E-08 -3.77087E-03 6.065E-05 6.533E-03 -2.290E-04 -2.554E-02 -1.684E-04 -1.901E-02 -1.683E-04  9.999E+01 -1.524E-02 1.524E-02
   182 1.000000E+01 1.112380E+03     1 2.400E+01 1.606771E+02 1.606925E+02 -1.90545E-08 -3.77089E-03 6.066E-05 6.594E-03 -2.290E-04 -2.577E-02 -1.683E-04 -1.918E-02 -1.683E-04  9.999E+01 -1.541E-02 1.541E-02
   183 1.000000E+01 1.122380E+03     1 2.400E+01 1.606769E+02 1.606925E+02 -1.90561E-08 -3.77091E-03 6.066E-05 6.654E-03 -2.290E-04 -2.600E-02 -1.683E-04 -1.934E-02 -1.683E-04  9.999E+01 -1.557E-02 1.558E-02
   184 1.000000E+01 1.132380E+03     1 2.400E+01 1.606767E+02 1.606925E+02 -1.90575E-08 -3.77093E-03 6.067E-05 6.715E-03 -2.289E-04 -2.623E-02 -1.683E-04 -1.951E-02 -1.683E-04  9.999E+01 -1.574E-02 1.575E-02
   185 1.000000E+01 1.142380E+03     1 2.400E+01 1.606766E+02 1.606925E+02 -1.90587E-08 -3.77095E-03 6.067E-05 6.776E-03 -2.289E-04 -2.646E-02 -1.682E-04 -1.968E-02 -1.682E-04  9.999E+01 -1.591E-02 1.591E-02
   186 1.000000E+01 1.152380E+03     1 2.400E+01 1.606764E+02 1.606925E+02 -1.90881E-08 -3.77097E-03 6.067E-05 6.836E-03 -2.289E-04 -2.669E-02 -1.682E-04 -1.985E-02 -1.682E-04  9.999E+01 -1.608E-02 1.608E-02
   187 1.000000E+01 1.162380E+03     1 2.400E+01 1.606762E+02 1.606925E+02 -1.90666E-08 -3.77099E-03 6.068E-05 6.897E-03 -2.289E-04 -2.691E-02 -1.682E-04 -2.002E-02 -1.682E-04  9.999E+01 -1.625E-02 1.625E-02
   188 1.000000E+01 1.172380E+03     1 2.400E+01 1.606761E+02 1.606925E+02 -1.90602E-08 -3.77101E-03 6.068E-05 6.958E-03 -2.288E-04 -2.714E-02 -1.681E-04 -2.019E-02 -1.681E-04  9.999E+01 -1.641E-02 1.642E-02
   189 1.000000E+01 1.182380E+03     1 2.400E+01 1.606759E+02 1.606925E+02 -1.90577E-08 -3.77103E-03 6.068E-05 7.019E-03 -2.288E-04 -2.737E-02 -1.681E-04 -2.035E-02 -1.681E-04  9.999E+01 -1.658E-02 1.659E-02
   190 1.000000E+01 1.192380E+03     1 2.400E+01 1.606757E+02 1.606925E+02 -1.90563E-08 -3.77105E-03 6.069E-05 7.079E-03 -2.288E-04 -2.760E-02 -1.681E-04 -2.052E-02 -1.681E-04  9.999E+01 -1.675E-02 1.675E-02
   191 1.000000E+01 1.202380E+03     1 2.400E+01 1.606756E+02 1.606925E+02 -1.90552E-08 -3.77106E-03 6.069E-05 7.140E-03 -2.287E-04 -2.783E-02 -1.681E-04 -2.069E-02 -1.680E-04  9.999E+01 -1.692E-02 1.692E-02
   192 1.000000E+01 1.212380E+03     1 2.400E+01 1.606754E+02 1.606925E+02 -1.90543E-08 -3.77108E-03 6.070E-05 7.201E-03 -2.287E-04 -2.806E-02 -1.680E-04 -2.086E-02 -1.680E-04  9.999E+01 -1.709E-02 1.709E-02
   193 1.000000E+01 1.222380E+03     1 2.400E+01 1.606752E+02 1.606925E+02 -1.90535E-08 -3.77110E-03 6.070E-05 7.261E-03 -2.287E-04 -2.829E-02 -1.680E-04 -2.103E-02 -1.680E-04  9.999E+01 -1.725E-02 1.726E-02
   194 1.000000E+01 1.232380E+03     1 2.400E+01 1.606751E+02 1.606925E+02 -1.90527E-08 -3.77112E-03 6.070E-05 7.322E-03 -2.287E-04 -2.852E-02 -1.680E-04 -2.119E-02 -1.679E-04  9.999E+01 -1.742E-02 1.743E-02
   195 1.000000E+01 1.242380E+03     1 2.400E+01 1.606749E+02 1.606925E+02 -1.90518E-08 -3.77114E-03 6.071E-05 7.383E-03 -2.286E-04 -2.874E-02 -1.679E-04 -2.136E-02 -1.679E-04  9.999E+01 -1.759E-02 1.759E-02
   196 1.000000E+01 1.252380E+03     1 2.400E+01 1.606747E+02 1.606925E+02 -1.90509E-08 -3.77116E-03 6.071E-05 7.443E-03 -2.286E-04 -2.897E-02 -1.679E-04 -2.153E-02 -1.679E-04  9.999E+01 -1.776E-02 1.776E-02
   197 1.000000E+01 1.262380E+03     1 2.400E+01 1.606746E+02 1.606925E+02 -1.90500E-08 -3.77118E-03 6.072E-05 7.504E-03 -2.286E-04 -2.920E-02 -1.679E-04 -2.170E-02 -1.678E-04  9.999E+01 -1.793E-02 1.793E-02
   198 1.000000E+01 1.272380E+03     1 2.400E+01 1.606744E+02 1.606925E+02 -1.90491E-08 -3.77120E-03 6.072E-05 7.565E-03 -2.286E-04 -2.943E-02 -1.678E-04 -2.187E-02 -1.678E-04  9.999E+01 -1.809E-02 1.810E-02
   199 1.000000E+01 1.282380E+03     1 2.400E+01 1.606742E+02 1.606925E+02 -1.90481E-08 -3.77122E-03 6.072E-05 7.626E-03 -2.285E-04 -2.966E-02 -1.678E-04 -2.203E-02 -1.678E-04  9.999E+01 -1.826E-02 1.827E-02
   200 1.000000E+01 1.292380E+03     1 2.400E+01 1.606740E+02 1.606925E+02 -1.90470E-08 -3.77124E-03 6.073E-05 7.686E-03 -2.285E-04 -2.989E-02 -1.678E-04 -2.220E-02 -1.678E-04  9.999E+01 -1.843E-02 1.843E-02
   201 1.000000E+01 1.302380E+03     1 2.400E+01 1.606739E+02 1.606925E+02 -1.90459E-08 -3.77126E-03 6.073E-05 7.747E-03 -2.285E-04 -3.012E-02 -1.677E-04 -2.237E-02 -1.677E-04  9.999E+01 -1.860E-02 1.860E-02
   202 1.000000E+01 1.312380E+03     1 2.400E+01 1.606737E+02 1.606925E+02 -1.90447E-08 -3.77127E-03 6.074E-05 7.808E-03 -2.285E-04 -3.034E-02 -1.677E-04 -2.254E-02 -1.677E-04  9.999E+01 -1.877E-02 1.877E-02
   203 1.000000E+01 1.322380E+03     1 2.400E+01 1.606735E+02 1.606925E+02 -1.90435E-08 -3.77129E-03 6.074E-05 7.869E-03 -2.284E-04 -3.057E-02 -1.677E-04 -2.270E-02 -1.677E-04  9.999E+01 -1.893E-02 1.894E-02
   204 1.000000E+01 1.332380E+03     1 2.400E+01 1.606734E+02 1.606925E+02 -1.90422E-08 -3.77131E-03 6.075E-05 7.929E-03 -2.284E-04 -3.080E-02 -1.677E-04 -2.287E-02 -1.676E-04  9.999E+01 -1.910E-02 1.910E-02
   205 1.000000E+01 1.342380E+03     1 2.400E+01 1.606732E+02 1.606925E+02 -1.90408E-08 -3.77133E-03 6.075E-05 7.990E-03 -2.284E-04 -3.103E-02 -1.676E-04 -2.304E-02 -1.676E-04  9.999E+01 -1.927E-02 1.927E-02
   206 1.000000E+01 1.352380E+03     1 2.400E+01 1.606730E+02 1.606925E+02 -1.90394E-08 -3.77135E-03 6.075E-05 8.051E-03 -2.283E-04 -3.126E-02 -1.676E-04 -2.321E-02 -1.676E-04  9.999E+01 -1.944E-02 1.944E-02
   207 1.000000E+01 1.362380E+03     1 2.400E+01 1.606729E+02 1.606925E+02 -1.90380E-08 -3.77137E-03 6.076E-05 8.112E-03 -2.283E-04 -3.149E-02 -1.676E-04 -2.337E-02 -1.675E-04  9.999E+01 -1.960E-02 1.961E-02
   208 1.000000E+01 1.372380E+03     1 2.400E+01 1.606727E+02 1.606925E+02 -1.90365E-08 -3.77139E-03 6.076E-05 8.172E-03 -2.283E-04 -3.171E-02 -1.675E-04 -2.354E-02 -1.675E-04  9.999E+01 -1.977E-02 1.977E-02
   209 1.000000E+01 1.382380E+03     1 2.400E+01 1.606725E+02 1.606925E+02 -1.90349E-08 -3.77141E-03 6.077E-05 8.233E-03 -2.283E-04 -3.194E-02 -1.675E-04 -2.371E-02 -1.675E-04  9.999E+01 -1.994E-02 1.994E-02
   210 1.000000E+01 1.392380E+03     1 2.400E+01 1.606724E+02 1.606925E+02 -1.90333E-08 -3.77143E-03 6.077E-05 8.294E-03 -2.282E-04 -3.217E-02 -1.675E-04 -2.388E-02 -1.675E-04  9.999E+01 -2.011E-02 2.011E-02
   211 1.000000E+01 1.402380E+03     1 2.400E+01 1.606722E+02 1.606925E+02 -1.90317E-08 -3.77145E-03 6.077E-05 8.355E-03 -2.282E-04 -3.240E-02 -1.674E-04 -2.404E-02 -1.674E-04  9.999E+01 -2.027E-02 2.028E-02
   212 1.000000E+01 1.412380E+03     1 2.400E+01 1.606720E+02 1.606925E+02 -1.90300E-08 -3.77146E-03 6.078E-05 8.415E-03 -2.282E-04 -3.263E-02 -1.674E-04 -2.421E-02 -1.674E-04  9.999E+01 -2.044E-02 2.044E-02
   213 1.000000E+01 1.422380E+03     1 2.400E+01 1.606719E+02 1.606925E+02 -1.90282E-08 -3.77148E-03 6.078E-05 8.476E-03 -2.282E-04 -3.286E-02 -1.674E-04 -2.438E-02 -1.674E-04  9.999E+01 -2.061E-02 2.061E-02
   214 1.000000E+01 1.432380E+03     1 2.400E+01 1.606717E+02 1.606925E+02 -1.90265E-08 -3.77150E-03 6.079E-05 8.537E-03 -2.281E-04 -3.308E-02 -1.674E-04 -2.455E-02 -1.673E-04  9.999E+01 -2.078E-02 2.078E-02
   215 1.000000E+01 1.442380E+03     1 2.400E+01 1.606715E+02 1.606925E+02 -1.90246E-08 -3.77152E-03 6.079E-05 8.598E-03 -2.281E-04 -3.331E-02 -1.673E-04 -2.471E-02 -1.673E-04  9.999E+01 -2.094E-02 2.095E-02
   216 1.000000E+01 1.452380E+03     1 2.400E+01 1.606714E+02 1.606925E+02 -1.90228E-08 -3.77154E-03 6.079E-05 8.659E-03 -2.281E-04 -3.354E-02 -1.673E-04 -2.488E-02 -1.673E-04  9.999E+01 -2.111E-02 2.111E-02
   217 1.000000E+01 1.462380E+03     1 2.400E+01 1.606712E+02 1.606925E+02 -1.90208E-08 -3.77156E-03 6.080E-05 8.719E-03 -2.281E-04 -3.377E-02 -1.673E-04 -2.505E-02 -1.672E-04  9.999E+01 -2.128E-02 2.128E-02
   218 1.000000E+01 1.472380E+03     1 2.400E+01 1.606710E+02 1.606925E+02 -1.90189E-08 -3.77158E-03 6.080E-05 8.780E-03 -2.280E-04 -3.400E-02 -1.672E-04 -2.522E-02 -1.672E-04  9.999E+01 -2.144E-02 2.145E-02
   219 1.000000E+01 1.482380E+03     1 2.400E+01 1.606709E+02 1.606925E+02 -1.90169E-08 -3.77160E-03 6.081E-05 8.841E-03 -2.280E-04 -3.422E-02 -1.672E-04 -2.538E-02 -1.672E-04  9.999E+01 -2.161E-02 2.161E-02
   220 1.000000E+01 1.492380E+03     1 2.400E+01 1.606707E+02 1.606925E+02 -1.91472E-08 -3.77162E-03 6.080E-05 8.902E-03 -2.280E-04 -3.445E-02 -1.672E-04 -2.555E-02 -1.672E-04  9.999E+01 -2.178E-02 2.178E-02
   221 1.000000E+01 1.502380E+03     1 2.400E+01 1.606705E+02 1.606925E+02 -1.91319E-08 -3.77164E-03 6.078E-05 8.963E-03 -2.279E-04 -3.468E-02 -1.672E-04 -2.572E-02 -1.671E-04  9.999E+01 -2.195E-02 2.195E-02
   222 1.000000E+01 1.512380E+03     1 2.400E+01 1.606704E+02 1.606925E+02 -1.91448E-08 -3.77166E-03 6.076E-05 9.023E-03 -2.279E-04 -3.491E-02 -1.672E-04 -2.588E-02 -1.671E-04  9.999E+01 -2.211E-02 2.212E-02
   223 1.000000E+01 1.522380E+03     1 2.400E+01 1.606702E+02 1.606925E+02 -1.91488E-08 -3.77167E-03 6.074E-05 9.084E-03 -2.279E-04 -3.514E-02 -1.671E-04 -2.605E-02 -1.671E-04  9.999E+01 -2.228E-02 2.228E-02
   224 1.000000E+01 1.532380E+03     1 2.400E+01 1.606700E+02 1.606925E+02 -1.91512E-08 -3.77169E-03 6.073E-05 9.145E-03 -2.278E-04 -3.536E-02 -1.671E-04 -2.622E-02 -1.671E-04  9.999E+01 -2.245E-02 2.245E-02
   225 1.000000E+01 1.542380E+03     1 2.400E+01 1.606699E+02 1.606925E+02 -1.91530E-08 -3.77171E-03 6.071E-05 9.205E-03 -2.278E-04 -3.559E-02 -1.671E-04 -2.639E-02 -1.671E-04  9.999E+01 -2.261E-02 2.262E-02
   226 1.000000E+01 1.552380E+03     1 2.400E+01 1.606697E+02 1.606925E+02 -1.91544E-08 -3.77173E-03 6.070E-05 9.266E-03 -2.278E-04 -3.582E-02 -1.671E-04 -2.655E-02 -1.671E-04  9.999E+01 -2.278E-02 2.278E-02
   227 1.000000E+01 1.562380E+03     1 2.400E+01 1.606695E+02 1.606925E+02 -1.91577E-08 -3.77175E-03 6.068E-05 9.327E-03 -2.278E-04 -3.605E-02 -1.671E-04 -2.672E-02 -1.671E-04  9.999E+01 -2.295E-02 2.295E-02
   228 1.000000E+01 1.572380E+03     1 2.400E+01 1.606694E+02 1.606925E+02 -1.91588E-08 -3.77177E-03 6.067E-05 9.388E-03 -2.277E-04 -3.627E-02 -1.671E-04 -2.689E-02 -1.670E-04  9.999E+01 -2.312E-02 2.312E-02
   229 1.000000E+01 1.582380E+03     1 2.400E+01 1.606692E+02 1.606925E+02 -1.91571E-08 -3.77179E-03 6.065E-05 9.448E-03 -2.277E-04 -3.650E-02 -1.670E-04 -2.705E-02 -1.670E-04  9.999E+01 -2.328E-02 2.329E-02
   230 1.000000E+01 1.592380E+03     1 2.400E+01 1.606690E+02 1.606925E+02 -1.91566E-08 -3.77181E-03 6.064E-05 9.509E-03 -2.277E-04 -3.673E-02 -1.670E-04 -2.722E-02 -1.670E-04  9.999E+01 -2.345E-02 2.345E-02
   231 1.000000E+01 1.602380E+03     1 2.400E+01 1.606689E+02 1.606925E+02 -1.91562E-08 -3.77183E-03 6.062E-05 9.569E-03 -2.276E-04 -3.696E-02 -1.670E-04 -2.739E-02 -1.670E-04  9.999E+01 -2.362E-02 2.362E-02
   232 1.000000E+01 1.612380E+03     1 2.400E+01 1.606687E+02 1.606925E+02 -1.91558E-08 -3.77185E-03 6.061E-05 9.630E-03 -2.276E-04 -3.719E-02 -1.670E-04 -2.756E-02 -1.670E-04  9.999E+01 -2.378E-02 2.379E-02
   233 1.000000E+01 1.622380E+03     1 2.400E+01 1.606685E+02 1.606925E+02 -1.91555E-08 -3.77187E-03 6.060E-05 9.691E-03 -2.276E-04 -3.741E-02 -1.670E-04 -2.772E-02 -1.669E-04  9.999E+01 -2.395E-02 2.395E-02
   234 1.000000E+01 1.632380E+03     1 2.400E+01 1.606684E+02 1.606925E+02 -1.91551E-08 -3.77189E-03 6.059E-05 9.751E-03 -2.275E-04 -3.764E-02 -1.669E-04 -2.789E-02 -1.669E-04  9.999E+01 -2.412E-02 2.412E-02
   235 1.000000E+01 1.642380E+03     1 2.400E+01 1.606682E+02 1.606925E+02 -1.91546E-08 -3.77190E-03 6.057E-05 9.812E-03 -2.275E-04 -3.787E-02 -1.669E-04 -2.806E-02 -1.669E-04  9.999E+01 -2.428E-02 2.429E-02
   236 1.000000E+01 1.652380E+03     1 2.400E+01 1.606680E+02 1.606925E+02 -1.91542E-08 -3.77192E-03 6.056E-05 9.872E-03 -2.275E-04 -3.810E-02 -1.669E-04 -2.822E-02 -1.669E-04  9.999E+01 -2.445E-02 2.445E-02
   237 1.000000E+01 1.662380E+03     1 2.400E+01 1.606679E+02 1.606925E+02 -1.91537E-08 -3.77194E-03 6.055E-05 9.933E-03 -2.274E-04 -3.832E-02 -1.669E-04 -2.839E-02 -1.669E-04  9.999E+01 -2.462E-02 2.462E-02
   238 1.000000E+01 1.672380E+03     1 2.400E+01 1.606677E+02 1.606925E+02 -1.91532E-08 -3.77196E-03 6.054E-05 9.993E-03 -2.274E-04 -3.855E-02 -1.669E-04 -2.856E-02 -1.668E-04  9.999E+01 -2.478E-02 2.479E-02
   239 1.000000E+01 1.682380E+03     1 2.400E+01 1.606675E+02 1.606925E+02 -1.91527E-08 -3.77198E-03 6.053E-05 1.005E-02 -2.274E-04 -3.878E-02 -1.668E-04 -2.872E-02 -1.668E-04  9.999E+01 -2.495E-02 2.495E-02
   240 1.000000E+01 1.692380E+03     1 2.400E+01 1.606674E+02 1.606925E+02 -1.91521E-08 -3.77200E-03 6.051E-05 1.011E-02 -2.273E-04 -3.900E-02 -1.668E-04 -2.889E-02 -1.668E-04  9.999E+01 -2.512E-02 2.512E-02
   241 1.000000E+01 1.702380E+03     1 2.400E+01 1.606672E+02 1.606925E+02 -1.91516E-08 -3.77202E-03 6.050E-05 1.017E-02 -2.273E-04 -3.923E-02 -1.668E-04 -2.906E-02 -1.668E-04  9.999E+01 -2.529E-02 2.529E-02
   242 1.000000E+01 1.712380E+03     1 2.400E+01 1.606670E+02 1.606925E+02 -1.91510E-08 -3.77204E-03 6.049E-05 1.024E-02 -2.273E-04 -3.946E-02 -1.668E-04 -2.922E-02 -1.668E-04  9.999E+01 -2.545E-02 2.546E-02
   243 1.000000E+01 1.722380E+03     1 2.400E+01 1.606669E+02 1.606925E+02 -1.91504E-08 -3.77206E-03 6.048E-05 1.030E-02 -2.272E-04 -3.969E-02 -1.668E-04 -2.939E-02 -1.667E-04  9.999E+01 -2.562E-02 2.562E-02
   244 1.000000E+01 1.732380E+03     1 2.400E+01 1.606667E+02 1.606925E+02 -1.91497E-08 -3.77208E-03 6.047E-05 1.036E-02 -2.272E-04 -3.991E-02 -1.667E-04 -2.956E-02 -1.667E-04  9.999E+01 -2.579E-02 2.579E-02
   245 1.000000E+01 1.742380E+03     1 2.400E+01 1.606665E+02 1.606925E+02 -1.91491E-08 -3.77210E-03 6.046E-05 1.042E-02 -2.272E-04 -4.014E-02 -1.667E-04 -2.972E-02 -1.667E-04  9.999E+01 -2.595E-02 2.596E-02
   246 1.000000E+01 1.752380E+03     1 2.400E+01 1.606664E+02 1.606925E+02 -1.91484E-08 -3.77212E-03 6.045E-05 1.048E-02 -2.271E-04 -4.037E-02 -1.667E-04 -2.989E-02 -1.667E-04  9.999E+01 -2.612E-02 2.612E-02
   247 1.000000E+01 1.762380E+03     1 2.400E+01 1.606662E+02 1.606925E+02 -1.91477E-08 -3.77213E-03 6.044E-05 1.054E-02 -2.271E-04 -4.060E-02 -1.667E-04 -3.006E-02 -1.667E-04  9.999E+01 -2.629E-02 2.629E-02
   248 1.000000E+01 1.772380E+03     1 2.400E+01 1.606660E+02 1.606925E+02 -1.91470E-08 -3.77215E-03 6.042E-05 1.060E-02 -2.271E-04 -4.082E-02 -1.667E-04 -3.022E-02 -1.666E-04  9.999E+01 -2.645E-02 2.646E-02
   249 1.000000E+01 1.782380E+03     1 2.400E+01 1.606659E+02 1.606925E+02 -1.91463E-08 -3.77217E-03 6.041E-05 1.066E-02 -2.271E-04 -4.105E-02 -1.666E-04 -3.039E-02 -1.666E-04  9.999E+01 -2.662E-02 2.662E-02
   250 1.000000E+01 1.792380E+03     1 2.400E+01 1.606657E+02 1.606925E+02 -1.91455E-08 -3.77219E-03 6.040E-05 1.072E-02 -2.270E-04 -4.128E-02 -1.666E-04 -3.056E-02 -1.666E-04  9.999E+01 -2.679E-02 2.679E-02
   251 1.000000E+01 1.802380E+03     1 2.400E+01 1.606655E+02 1.606925E+02 -1.91448E-08 -3.77221E-03 6.039E-05 1.078E-02 -2.270E-04 -4.150E-02 -1.666E-04 -3.072E-02 -1.666E-04  9.999E+01 -2.695E-02 2.695E-02
   252 1.000000E+01 1.812380E+03     1 2.400E+01 1.606654E+02 1.606925E+02 -1.91440E-08 -3.77223E-03 6.038E-05 1.084E-02 -2.270E-04 -4.173E-02 -1.666E-04 -3.089E-02 -1.666E-04  9.999E+01 -2.712E-02 2.712E-02
   253 1.000000E+01 1.822380E+03     1 2.400E+01 1.606652E+02 1.606925E+02 -1.91432E-08 -3.77225E-03 6.037E-05 1.090E-02 -2.269E-04 -4.196E-02 -1.666E-04 -3.106E-02 -1.665E-04  9.999E+01 -2.728E-02 2.729E-02
   254 1.000000E+01 1.832380E+03     1 2.400E+01 1.606650E+02 1.606925E+02 -1.91424E-08 -3.77227E-03 6.036E-05 1.096E-02 -2.269E-04 -4.218E-02 -1.665E-04 -3.122E-02 -1.665E-04  9.999E+01 -2.745E-02 2.745E-02
   255 1.000000E+01 1.842380E+03     1 2.400E+01 1.606649E+02 1.606925E+02 -1.91416E-08 -3.77229E-03 6.035E-05 1.102E-02 -2.269E-04 -4.241E-02 -1.665E-04 -3.139E-02 -1.665E-04  9.999E+01 -2.762E-02 2.762E-02
   256 1.000000E+01 1.852380E+03     1 2.400E+01 1.606647E+02 1.606925E+02 -1.91407E-08 -3.77231E-03 6.034E-05 1.108E-02 -2.268E-04 -4.264E-02 -1.665E-04 -3.156E-02 -1.665E-04  9.999E+01 -2.778E-02 2.779E-02
   257 1.000000E+01 1.862380E+03     1 2.400E+01 1.606645E+02 1.606925E+02 -1.91399E-08 -3.77233E-03 6.033E-05 1.114E-02 -2.268E-04 -4.286E-02 -1.665E-04 -3.172E-02 -1.665E-04  9.999E+01 -2.795E-02 2.795E-02
   258 1.000000E+01 1.872380E+03     1 2.400E+01 1.606644E+02 1.606925E+02 -1.91390E-08 -3.77234E-03 6.032E-05 1.120E-02 -2.268E-04 -4.309E-02 -1.664E-04 -3.189E-02 -1.664E-04  9.999E+01 -2.812E-02 2.812E-02
   259 1.000000E+01 1.882380E+03     1 2.400E+01 1.606642E+02 1.606925E+02 -1.91381E-08 -3.77236E-03 6.031E-05 1.126E-02 -2.267E-04 -4.332E-02 -1.664E-04 -3.206E-02 -1.664E-04  9.999E+01 -2.828E-02 2.829E-02
   260 1.000000E+01 1.892380E+03     1 2.400E+01 1.606640E+02 1.606925E+02 -1.91372E-08 -3.77238E-03 6.030E-05 1.132E-02 -2.267E-04 -4.354E-02 -1.664E-04 -3.222E-02 -1.664E-04  9.999E+01 -2.845E-02 2.845E-02
   261 1.000000E+01 1.902380E+03     1 2.400E+01 1.606639E+02 1.606925E+02 -1.91363E-08 -3.77240E-03 6.029E-05 1.138E-02 -2.267E-04 -4.377E-02 -1.664E-04 -3.239E-02 -1.664E-04  9.999E+01 -2.862E-02 2.862E-02
   262 1.000000E+01 1.912380E+03     1 2.400E+01 1.606637E+02 1.606925E+02 -1.91354E-08 -3.77242E-03 6.028E-05 1.144E-02 -2.266E-04 -4.400E-02 -1.664E-04 -3.256E-02 -1.663E-04  9.999E+01 -2.878E-02 2.879E-02
   263 1.000000E+01 1.922380E+03     1 2.400E+01 1.606635E+02 1.606925E+02 -1.91345E-08 -3.77244E-03 6.027E-05 1.150E-02 -2.266E-04 -4.422E-02 -1.663E-04 -3.272E-02 -1.663E-04  9.999E+01 -2.895E-02 2.895E-02
   264 1.000000E+01 1.932380E+03     1 2.400E+01 1.606634E+02 1.606925E+02 -1.91335E-08 -3.77246E-03 6.026E-05 1.156E-02 -2.266E-04 -4.445E-02 -1.663E-04 -3.289E-02 -1.663E-04  9.999E+01 -2.912E-02 2.912E-02
   265 1.000000E+01 1.942380E+03     1 2.400E+01 1.606632E+02 1.606925E+02 -1.91325E-08 -3.77248E-03 6.025E-05 1.162E-02 -2.265E-04 -4.468E-02 -1.663E-04 -3.305E-02 -1.663E-04  9.999E+01 -2.928E-02 2.928E-02
   266 1.000000E+01 1.952380E+03     1 2.400E+01 1.606630E+02 1.606925E+02 -1.91316E-08 -3.77250E-03 6.024E-05 1.168E-02 -2.265E-04 -4.490E-02 -1.663E-04 -3.322E-02 -1.663E-04  9.999E+01 -2.945E-02 2.945E-02
   267 1.000000E+01 1.962380E+03     1 2.400E+01 1.606629E+02 1.606925E+02 -1.91306E-08 -3.77252E-03 6.023E-05 1.174E-02 -2.265E-04 -4.513E-02 -1.663E-04 -3.339E-02 -1.662E-04  9.999E+01 -2.961E-02 2.962E-02
   268 1.000000E+01 1.972380E+03     1 2.400E+01 1.606627E+02 1.606925E+02 -1.91296E-08 -3.77254E-03 6.021E-05 1.180E-02 -2.265E-04 -4.536E-02 -1.662E-04 -3.355E-02 -1.662E-04  9.999E+01 -2.978E-02 2.978E-02
   269 1.000000E+01 1.982380E+03     1 2.400E+01 1.606625E+02 1.606925E+02 -1.91285E-08 -3.77256E-03 6.020E-05 1.186E-02 -2.264E-04 -4.558E-02 -1.662E-04 -3.372E-02 -1.662E-04  9.999E+01 -2.995E-02 2.995E-02
   270 1.000000E+01 1.992380E+03     1 2.400E+01 1.606624E+02 1.606925E+02 -1.91275E-08 -3.77257E-03 6.019E-05 1.192E-02 -2.264E-04 -4.581E-02 -1.662E-04 -3.389E-02 -1.662E-04  9.999E+01 -3.011E-02 3.012E-02
   271 1.000000E+01 2.002380E+03     1 2.400E+01 1.606622E+02 1.606925E+02 -1.91265E-08 -3.77259E-03 6.018E-05 1.199E-02 -2.264E-04 -4.604E-02 -1.662E-04 -3.405E-02 -1.662E-04  9.999E+01 -3.028E-02 3.028E-02
   272 1.000000E+01 2.012380E+03     1 2.400E+01 1.606620E+02 1.606925E+02 -1.91254E-08 -3.77261E-03 6.017E-05 1.205E-02 -2.263E-04 -4.626E-02 -1.662E-04 -3.422E-02 -1.661E-04  9.999E+01 -3.045E-02 3.045E-02
   273 1.000000E+01 2.022380E+03     1 2.400E+01 1.606619E+02 1.606925E+02 -1.91243E-08 -3.77263E-03 6.016E-05 1.211E-02 -2.263E-04 -4.649E-02 -1.661E-04 -3.438E-02 -1.661E-04  9.999E+01 -3.061E-02 3.061E-02
   274 1.000000E+01 2.032380E+03     1 2.400E+01 1.606617E+02 1.606925E+02 -1.91232E-08 -3.77265E-03 6.015E-05 1.217E-02 -2.263E-04 -4.672E-02 -1.661E-04 -3.455E-02 -1.661E-04  9.999E+01 -3.078E-02 3.078E-02
   275 1.000000E+01 2.042380E+03     1 2.400E+01 1.606615E+02 1.606925E+02 -1.91221E-08 -3.77267E-03 6.014E-05 1.223E-02 -2.262E-04 -4.694E-02 -1.661E-04 -3.472E-02 -1.661E-04  9.999E+01 -3.094E-02 3.095E-02
   276 1.000000E+01 2.052380E+03     1 2.400E+01 1.606614E+02 1.606925E+02 -1.91210E-08 -3.77269E-03 6.013E-05 1.229E-02 -2.262E-04 -4.717E-02 -1.661E-04 -3.488E-02 -1.660E-04  9.999E+01 -3.111E-02 3.111E-02
   277 1.000000E+01 2.062380E+03     1 2.400E+01 1.606612E+02 1.606925E+02 -1.91199E-08 -3.77271E-03 6.012E-05 1.235E-02 -2.262E-04 -4.739E-02 -1.660E-04 -3.505E-02 -1.660E-04  9.999E+01 -3.128E-02 3.128E-02
   278 1.000000E+01 2.072380E+03     1 2.400E+01 1.606610E+02 1.606925E+02 -1.91188E-08 -3.77273E-03 6.011E-05 1.241E-02 -2.261E-04 -4.762E-02 -1.660E-04 -3.521E-02 -1.660E-04  9.999E+01 -3.144E-02 3.144E-02
   279 1.000000E+01 2.082380E+03     1 2.400E+01 1.606609E+02 1.606925E+02 -1.91176E-08 -3.77275E-03 6.010E-05 1.247E-02 -2.261E-04 -4.785E-02 -1.660E-04 -3.538E-02 -1.660E-04  9.999E+01 -3.161E-02 3.161E-02
   280 1.000000E+01 2.092380E+03     1 2.400E+01 1.606607E+02 1.606925E+02 -1.91165E-08 -3.77277E-03 6.009E-05 1.253E-02 -2.261E-04 -4.807E-02 -1.660E-04 -3.555E-02 -1.660E-04  9.999E+01 -3.177E-02 3.178E-02
   281 1.000000E+01 2.102380E+03     1 2.400E+01 1.606605E+02 1.606925E+02 -1.91153E-08 -3.77278E-03 6.008E-05 1.259E-02 -2.260E-04 -4.830E-02 -1.660E-04 -3.571E-02 -1.659E-04  9.999E+01 -3.194E-02 3.194E-02
   282 1.000000E+01 2.112380E+03     1 2.400E+01 1.606604E+02 1.606925E+02 -1.91142E-08 -3.77280E-03 6.007E-05 1.265E-02 -2.260E-04 -4.852E-02 -1.659E-04 -3.588E-02 -1.659E-04  9.999E+01 -3.211E-02 3.211E-02
   283 1.000000E+01 2.122380E+03     1 2.400E+01 1.606602E+02 1.606925E+02 -1.91130E-08 -3.77282E-03 6.006E-05 1.271E-02 -2.260E-04 -4.875E-02 -1.659E-04 -3.604E-02 -1.659E-04  9.999E+01 -3.227E-02 3.227E-02
   284 1.000000E+01 2.132380E+03     1 2.400E+01 1.606600E+02 1.606925E+02 -1.91118E-08 -3.77284E-03 6.005E-05 1.277E-02 -2.259E-04 -4.898E-02 -1.659E-04 -3.621E-02 -1.659E-04  9.999E+01 -3.244E-02 3.244E-02
   285 1.000000E+01 2.142380E+03     1 2.400E+01 1.606599E+02 1.606925E+02 -1.91106E-08 -3.77286E-03 6.004E-05 1.283E-02 -2.259E-04 -4.920E-02 -1.659E-04 -3.638E-02 -1.659E-04  9.999E+01 -3.260E-02 3.261E-02
   286 1.000000E+01 2.152380E+03     1 2.400E+01 1.606597E+02 1.606925E+02 -1.91094E-08 -3.77288E-03 6.003E-05 1.289E-02 -2.259E-04 -4.943E-02 -1.658E-04 -3.654E-02 -1.658E-04  9.999E+01 -3.277E-02 3.277E-02
   287 1.000000E+01 2.162380E+03     1 2.400E+01 1.606595E+02 1.606925E+02 -1.91081E-08 -3.77290E-03 6.002E-05 1.295E-02 -2.258E-04 -4.965E-02 -1.658E-04 -3.671E-02 -1.658E-04  9.999E+01 -3.293E-02 3.294E-02
   288 1.000000E+01 2.172380E+03     1 2.400E+01 1.606594E+02 1.606925E+02 -1.91069E-08 -3.77292E-03 6.001E-05 1.301E-02 -2.258E-04 -4.988E-02 -1.658E-04 -3.687E-02 -1.658E-04  9.999E+01 -3.310E-02 3.310E-02
   289 1.000000E+01 2.182380E+03     1 2.400E+01 1.606592E+02 1.606925E+02 -1.91057E-08 -3.77294E-03 6.000E-05 1.307E-02 -2.258E-04 -5.011E-02 -1.658E-04 -3.704E-02 -1.658E-04  9.999E+01 -3.327E-02 3.327E-02
   290 1.000000E+01 2.192380E+03     1 2.400E+01 1.606590E+02 1.606925E+02 -1.91044E-08 -3.77296E-03 5.999E-05 1.313E-02 -2.257E-04 -5.033E-02 -1.658E-04 -3.720E-02 -1.657E-04  9.999E+01 -3.343E-02 3.343E-02
   291 1.000000E+01 2.202380E+03     1 2.400E+01 1.606589E+02 1.606925E+02 -1.91032E-08 -3.77298E-03 5.998E-05 1.319E-02 -2.257E-04 -5.056E-02 -1.657E-04 -3.737E-02 -1.657E-04  9.999E+01 -3.360E-02 3.360E-02
   292 1.000000E+01 2.212380E+03     1 2.400E+01 1.606587E+02 1.606925E+02 -1.91280E-08 -3.77299E-03 5.997E-05 1.325E-02 -2.257E-04 -5.078E-02 -1.657E-04 -3.754E-02 -1.657E-04  9.999E+01 -3.376E-02 3.377E-02
   293 1.000000E+01 2.222380E+03     1 2.400E+01 1.606586E+02 1.606925E+02 -1.91123E-08 -3.77301E-03 5.996E-05 1.331E-02 -2.257E-04 -5.101E-02 -1.657E-04 -3.770E-02 -1.657E-04  9.999E+01 -3.393E-02 3.393E-02
   294 1.000000E+01 2.232380E+03     1 2.400E+01 1.606584E+02 1.606925E+02 -1.91047E-08 -3.77303E-03 5.995E-05 1.337E-02 -2.256E-04 -5.123E-02 -1.657E-04 -3.787E-02 -1.657E-04  9.999E+01 -3.409E-02 3.410E-02
   295 1.000000E+01 2.242380E+03     1 2.400E+01 1.606582E+02 1.606925E+02 -1.91006E-08 -3.77305E-03 5.994E-05 1.343E-02 -2.256E-04 -5.146E-02 -1.657E-04 -3.803E-02 -1.656E-04  9.999E+01 -3.426E-02 3.426E-02
   296 1.000000E+01 2.252380E+03     1 2.400E+01 1.606581E+02 1.606925E+02 -1.90975E-08 -3.77307E-03 5.993E-05 1.349E-02 -2.256E-04 -5.169E-02 -1.656E-04 -3.820E-02 -1.656E-04  9.999E+01 -3.443E-02 3.443E-02
   297 1.000000E+01 2.262380E+03     1 2.400E+01 1.606579E+02 1.606925E+02 -1.90948E-08 -3.77309E-03 5.991E-05 1.355E-02 -2.255E-04 -5.191E-02 -1.656E-04 -3.836E-02 -1.656E-04  9.999E+01 -3.459E-02 3.459E-02
   298 1.000000E+01 2.272380E+03     1 2.400E+01 1.606577E+02 1.606925E+02 -1.90924E-08 -3.77311E-03 5.990E-05 1.361E-02 -2.255E-04 -5.214E-02 -1.656E-04 -3.853E-02 -1.656E-04  9.999E+01 -3.476E-02 3.476E-02
   299 1.000000E+01 2.282380E+03     1 2.400E+01 1.606576E+02 1.606925E+02 -1.90901E-08 -3.77313E-03 5.989E-05 1.367E-02 -2.255E-04 -5.236E-02 -1.656E-04 -3.870E-02 -1.655E-04  9.999E+01 -3.492E-02 3.493E-02
   300 1.000000E+01 2.292380E+03     1 2.400E+01 1.606574E+02 1.606925E+02 -1.90880E-08 -3.77315E-03 5.988E-05 1.373E-02 -2.254E-04 -5.259E-02 -1.655E-04 -3.886E-02 -1.655E-04  9.999E+01 -3.509E-02 3.509E-02
   301 1.000000E+01 2.302380E+03     1 2.400E+01 1.606572E+02 1.606925E+02 -1.90859E-08 -3.77317E-03 5.987E-05 1.379E-02 -2.254E-04 -5.281E-02 -1.655E-04 -3.903E-02 -1.655E-04  9.999E+01 -3.525E-02 3.526E-02
   302 1.000000E+01 2.312380E+03     1 2.400E+01 1.606571E+02 1.606925E+02 -1.90839E-08 -3.77319E-03 5.986E-05 1.385E-02 -2.254E-04 -5.304E-02 -1.655E-04 -3.919E-02 -1.655E-04  9.999E+01 -3.542E-02 3.542E-02
   303 1.000000E+01 2.322380E+03     1 2.400E+01 1.606569E+02 1.606925E+02 -1.90820E-08 -3.77320E-03 5.985E-05 1.391E-02 -2.253E-04 -5.326E-02 -1.655E-04 -3.936E-02 -1.655E-04  9.999E+01 -3.558E-02 3.559E-02
   304 1.000000E+01 2.332380E+03     1 2.400E+01 1.606567E+02 1.606925E+02 -1.90801E-08 -3.77322E-03 5.984E-05 1.397E-02 -2.253E-04 -5.349E-02 -1.655E-04 -3.952E-02 -1.654E-04  9.999E+01 -3.575E-02 3.575E-02
   305 1.000000E+01 2.342380E+03     1 2.400E+01 1.606566E+02 1.606925E+02 -1.90782E-08 -3.77324E-03 5.983E-05 1.403E-02 -2.253E-04 -5.371E-02 -1.654E-04 -3.969E-02 -1.654E-04  9.999E+01 -3.592E-02 3.592E-02
   306 1.000000E+01 2.352380E+03     1 2.400E+01 1.606564E+02 1.606925E+02 -1.90764E-08 -3.77326E-03 5.982E-05 1.408E-02 -2.252E-04 -5.394E-02 -1.654E-04 -3.985E-02 -1.654E-04  9.999E+01 -3.608E-02 3.608E-02
   307 1.000000E+01 2.362380E+03     1 2.400E+01 1.606562E+02 1.606925E+02 -1.90746E-08 -3.77328E-03 5.981E-05 1.414E-02 -2.252E-04 -5.416E-02 -1.654E-04 -4.002E-02 -1.654E-04  9.999E+01 -3.625E-02 3.625E-02
   308 1.000000E+01 2.372380E+03     1 2.400E+01 1.606561E+02 1.606925E+02 -1.90728E-08 -3.77330E-03 5.980E-05 1.420E-02 -2.252E-04 -5.439E-02 -1.654E-04 -4.018E-02 -1.654E-04  9.999E+01 -3.641E-02 3.641E-02
   309 1.000000E+01 2.382380E+03     1 2.400E+01 1.606559E+02 1.606925E+02 -1.90710E-08 -3.77332E-03 5.979E-05 1.426E-02 -2.251E-04 -5.461E-02 -1.653E-04 -4.035E-02 -1.653E-04  9.999E+01 -3.658E-02 3.658E-02
   310 1.000000E+01 2.392380E+03     1 2.400E+01 1.606557E+02 1.606925E+02 -1.90692E-08 -3.77334E-03 5.978E-05 1.432E-02 -2.251E-04 -5.484E-02 -1.653E-04 -4.052E-02 -1.653E-04  9.999E+01 -3.674E-02 3.675E-02
   311 1.000000E+01 2.402380E+03     1 2.400E+01 1.606556E+02 1.606925E+02 -1.90674E-08 -3.77336E-03 5.977E-05 1.438E-02 -2.251E-04 -5.506E-02 -1.653E-04 -4.068E-02 -1.653E-04  9.999E+01 -3.691E-02 3.691E-02
   312 1.000000E+01 2.412380E+03     1 2.400E+01 1.606554E+02 1.606925E+02 -1.90657E-08 -3.77338E-03 5.976E-05 1.444E-02 -2.250E-04 -5.529E-02 -1.653E-04 -4.085E-02 -1.653E-04  9.999E+01 -3.707E-02 3.708E-02
   313 1.000000E+01 2.422380E+03     1 2.400E+01 1.606552E+02 1.606925E+02 -1.90639E-08 -3.77340E-03 5.975E-05 1.450E-02 -2.250E-04 -5.551E-02 -1.653E-04 -4.101E-02 -1.652E-04  9.999E+01 -3.724E-02 3.724E-02
   314 1.000000E+01 2.432380E+03     1 2.400E+01 1.606551E+02 1.606925E+02 -1.90622E-08 -3.77341E-03 5.974E-05 1.456E-02 -2.250E-04 -5.574E-02 -1.652E-04 -4.118E-02 -1.652E-04  9.999E+01 -3.740E-02 3.741E-02
   315 1.000000E+01 2.442380E+03     1 2.400E+01 1.606549E+02 1.606925E+02 -1.90604E-08 -3.77343E-03 5.973E-05 1.462E-02 -2.249E-04 -5.596E-02 -1.652E-04 -4.134E-02 -1.652E-04  9.999E+01 -3.757E-02 3.757E-02
   316 1.000000E+01 2.452380E+03     1 2.400E+01 1.606547E+02 1.606925E+02 -1.90587E-08 -3.77345E-03 5.972E-05 1.468E-02 -2.249E-04 -5.619E-02 -1.652E-04 -4.151E-02 -1.652E-04  9.999E+01 -3.773E-02 3.774E-02
   317 1.000000E+01 2.462380E+03     1 2.400E+01 1.606546E+02 1.606925E+02 -1.90570E-08 -3.77347E-03 5.971E-05 1.474E-02 -2.249E-04 -5.641E-02 -1.652E-04 -4.167E-02 -1.652E-04  9.999E+01 -3.790E-02 3.790E-02
   318 1.000000E+01 2.472380E+03     1 2.400E+01 1.606544E+02 1.606925E+02 -1.90553E-08 -3.77349E-03 5.970E-05 1.480E-02 -2.248E-04 -5.664E-02 -1.652E-04 -4.184E-02 -1.651E-04  9.999E+01 -3.806E-02 3.807E-02
   319 1.000000E+01 2.482380E+03     1 2.400E+01 1.606543E+02 1.606925E+02 -1.90535E-08 -3.77351E-03 5.968E-05 1.486E-02 -2.248E-04 -5.686E-02 -1.651E-04 -4.200E-02 -1.651E-04  9.999E+01 -3.823E-02 3.823E-02
   320 1.000000E+01 2.492380E+03     1 2.400E+01 1.606541E+02 1.606925E+02 -1.90518E-08 -3.77353E-03 5.967E-05 1.492E-02 -2.248E-04 -5.709E-02 -1.651E-04 -4.217E-02 -1.651E-04  9.999E+01 -3.839E-02 3.840E-02
   321 1.000000E+01 2.502380E+03     1 2.400E+01 1.606539E+02 1.606925E+02 -1.90501E-08 -3.77355E-03 5.966E-05 1.498E-02 -2.248E-04 -5.731E-02 -1.651E-04 -4.233E-02 -1.651E-04  9.999E+01 -3.856E-02 3.856E-02
   322 1.000000E+01 2.512380E+03     1 2.400E+01 1.606538E+02 1.606925E+02 -1.90484E-08 -3.77357E-03 5.965E-05 1.504E-02 -2.247E-04 -5.754E-02 -1.651E-04 -4.250E-02 -1.650E-04  9.999E+01 -3.872E-02 3.873E-02
   323 1.000000E+01 2.522380E+03     1 2.400E+01 1.606536E+02 1.606925E+02 -1.90467E-08 -3.77359E-03 5.964E-05 1.510E-02 -2.247E-04 -5.776E-02 -1.650E-04 -4.266E-02 -1.650E-04  9.999E+01 -3.889E-02 3.889E-02
   324 1.000000E+01 2.532380E+03     1 2.400E+01 1.606534E+02 1.606925E+02 -1.90449E-08 -3.77361E-03 5.963E-05 1.516E-02 -2.247E-04 -5.799E-02 -1.650E-04 -4.283E-02 -1.650E-04  9.999E+01 -3.905E-02 3.906E-02
   325 1.000000E+01 2.542380E+03     1 2.400E+01 1.606533E+02 1.606925E+02 -1.90432E-08 -3.77362E-03 5.962E-05 1.522E-02 -2.246E-04 -5.821E-02 -1.650E-04 -4.299E-02 -1.650E-04  9.999E+01 -3.922E-02 3.922E-02
   326 1.000000E+01 2.552380E+03     1 2.400E+01 1.606531E+02 1.606925E+02 -1.90415E-08 -3.77364E-03 5.961E-05 1.528E-02 -2.246E-04 -5.844E-02 -1.650E-04 -4.316E-02 -1.650E-04  9.999E+01 -3.938E-02 3.939E-02
   327 1.000000E+01 2.562380E+03     1 2.400E+01 1.606529E+02 1.606925E+02 -1.90398E-08 -3.77366E-03 5.960E-05 1.534E-02 -2.246E-04 -5.866E-02 -1.650E-04 -4.332E-02 -1.649E-04  9.999E+01 -3.955E-02 3.955E-02
   328 1.000000E+01 2.572380E+03     1 2.400E+01 1.606528E+02 1.606925E+02 -1.90381E-08 -3.77368E-03 5.959E-05 1.540E-02 -2.245E-04 -5.889E-02 -1.649E-04 -4.349E-02 -1.649E-04  9.999E+01 -3.971E-02 3.972E-02
   329 1.000000E+01 2.582380E+03     1 2.400E+01 1.606526E+02 1.606925E+02 -1.90364E-08 -3.77370E-03 5.958E-05 1.546E-02 -2.245E-04 -5.911E-02 -1.649E-04 -4.365E-02 -1.649E-04  9.999E+01 -3.988E-02 3.988E-02
   330 1.000000E+01 2.592380E+03     1 2.400E+01 1.606524E+02 1.606925E+02 -1.90346E-08 -3.77372E-03 5.957E-05 1.552E-02 -2.245E-04 -5.933E-02 -1.649E-04 -4.382E-02 -1.649E-04  9.999E+01 -4.004E-02 4.005E-02
   331 1.000000E+01 2.602380E+03     1 2.400E+01 1.606523E+02 1.606925E+02 -1.90329E-08 -3.77374E-03 5.956E-05 1.558E-02 -2.244E-04 -5.956E-02 -1.649E-04 -4.398E-02 -1.649E-04  9.999E+01 -4.021E-02 4.021E-02
   332 1.000000E+01 2.612380E+03     1 2.400E+01 1.606521E+02 1.606925E+02 -1.90489E-08 -3.77376E-03 5.955E-05 1.564E-02 -2.244E-04 -5.978E-02 -1.648E-04 -4.415E-02 -1.648E-04  9.999E+01 -4.037E-02 4.038E-02
   333 1.000000E+01 2.622380E+03     1 2.400E+01 1.606519E+02 1.606925E+02 -1.90484E-08 -3.77378E-03 5.954E-05 1.570E-02 -2.244E-04 -6.001E-02 -1.648E-04 -4.431E-02 -1.648E-04  9.999E+01 -4.054E-02 4.054E-02
   334 1.000000E+01 2.632380E+03     1 2.400E+01 1.606518E+02 1.606925E+02 -1.90290E-08 -3.77380E-03 5.953E-05 1.576E-02 -2.243E-04 -6.023E-02 -1.648E-04 -4.448E-02 -1.648E-04  9.999E+01 -4.070E-02 4.071E-02
   335 1.000000E+01 2.642380E+03     1 2.400E+01 1.606516E+02 1.606925E+02 -1.90231E-08 -3.77381E-03 5.952E-05 1.582E-02 -2.243E-04 -6.046E-02 -1.648E-04 -4.464E-02 -1.648E-04  9.999E+01 -4.087E-02 4.087E-02
   336 1.000000E+01 2.652380E+03     1 2.400E+01 1.606514E+02 1.606925E+02 -1.90190E-08 -3.77383E-03 5.951E-05 1.587E-02 -2.243E-04 -6.068E-02 -1.648E-04 -4.481E-02 -1.647E-04  9.999E+01 -4.103E-02 4.104E-02
   337 1.000000E+01 2.662380E+03     1 2.400E+01 1.606513E+02 1.606925E+02 -1.90156E-08 -3.77385E-03 5.950E-05 1.593E-02 -2.242E-04 -6.091E-02 -1.647E-04 -4.497E-02 -1.647E-04  9.999E+01 -4.120E-02 4.120E-02
   338 1.000000E+01 2.672380E+03     1 2.400E+01 1.606511E+02 1.606925E+02 -1.90125E-08 -3.77387E-03 5.949E-05 1.599E-02 -2.242E-04 -6.113E-02 -1.647E-04 -4.514E-02 -1.647E-04  9.999E+01 -4.136E-02 4.137E-02
   339 1.000000E+01 2.682380E+03     1 2.400E+01 1.606510E+02 1.606925E+02 -1.90097E-08 -3.77389E-03 5.947E-05 1.605E-02 -2.242E-04 -6.135E-02 -1.647E-04 -4.530E-02 -1.647E-04  9.999E+01 -4.153E-02 4.153E-02
   340 1.000000E+01 2.692380E+03     1 2.400E+01 1.606508E+02 1.606925E+02 -1.90070E-08 -3.77391E-03 5.946E-05 1.611E-02 -2.241E-04 -6.158E-02 -1.647E-04 -4.547E-02 -1.647E-04  9.999E+01 -4.169E-02 4.169E-02
   341 1.000000E+01 2.702380E+03     1 2.400E+01 1.606506E+02 1.606925E+02 -1.90044E-08 -3.77393E-03 5.945E-05 1.617E-02 -2.241E-04 -6.180E-02 -1.647E-04 -4.563E-02 -1.646E-04  9.999E+01 -4.186E-02 4.186E-02
   342 1.000000E+01 2.712380E+03     1 2.400E+01 1.606505E+02 1.606925E+02 -1.90019E-08 -3.77395E-03 5.944E-05 1.623E-02 -2.241E-04 -6.203E-02 -1.646E-04 -4.579E-02 -1.646E-04  9.999E+01 -4.202E-02 4.202E-02
   343 1.000000E+01 2.722380E+03     1 2.400E+01 1.606503E+02 1.606925E+02 -1.89994E-08 -3.77397E-03 5.943E-05 1.629E-02 -2.240E-04 -6.225E-02 -1.646E-04 -4.596E-02 -1.646E-04  9.999E+01 -4.219E-02 4.219E-02
   344 1.000000E+01 2.732380E+03     1 2.400E+01 1.606501E+02 1.606925E+02 -1.89970E-08 -3.77399E-03 5.942E-05 1.635E-02 -2.240E-04 -6.247E-02 -1.646E-04 -4.612E-02 -1.646E-04  9.999E+01 -4.235E-02 4.235E-02
   345 1.000000E+01 2.742380E+03     1 2.400E+01 1.606500E+02 1.606925E+02 -1.89947E-08 -3.77400E-03 5.941E-05 1.641E-02 -2.240E-04 -6.270E-02 -1.646E-04 -4.629E-02 -1.645E-04  9.999E+01 -4.251E-02 4.252E-02
   346 1.000000E+01 2.752380E+03     1 2.400E+01 1.606498E+02 1.606925E+02 -1.89923E-08 -3.77402E-03 5.940E-05 1.647E-02 -2.239E-04 -6.292E-02 -1.645E-04 -4.645E-02 -1.645E-04  9.999E+01 -4.268E-02 4.268E-02
   347 1.000000E+01 2.762380E+03     1 2.400E+01 1.606496E+02 1.606925E+02 -1.89900E-08 -3.77404E-03 5.939E-05 1.653E-02 -2.239E-04 -6.315E-02 -1.645E-04 -4.662E-02 -1.645E-04  9.999E+01 -4.284E-02 4.285E-02
   348 1.000000E+01 2.772380E+03     1 2.400E+01 1.606495E+02 1.606925E+02 -1.89878E-08 -3.77406E-03 5.938E-05 1.659E-02 -2.239E-04 -6.337E-02 -1.645E-04 -4.678E-02 -1.645E-04  9.999E+01 -4.301E-02 4.301E-02
   349 1.000000E+01 2.782380E+03     1 2.400E+01 1.606493E+02 1.606925E+02 -1.89855E-08 -3.77408E-03 5.937E-05 1.665E-02 -2.238E-04 -6.359E-02 -1.645E-04 -4.695E-02 -1.645E-04  9.999E+01 -4.317E-02 4.318E-02
   350 1.000000E+01 2.792380E+03     1 2.400E+01 1.606491E+02 1.606925E+02 -1.89833E-08 -3.77410E-03 5.936E-05 1.671E-02 -2.238E-04 -6.382E-02 -1.645E-04 -4.711E-02 -1.644E-04  9.999E+01 -4.334E-02 4.334E-02
   351 1.000000E+01 2.802380E+03     1 2.400E+01 1.606490E+02 1.606925E+02 -1.89811E-08 -3.77412E-03 5.935E-05 1.677E-02 -2.238E-04 -6.404E-02 -1.644E-04 -4.728E-02 -1.644E-04  9.999E+01 -4.350E-02 4.350E-02
   352 1.000000E+01 2.812380E+03     1 2.400E+01 1.606488E+02 1.606925E+02 -1.89789E-08 -3.77414E-03 5.934E-05 1.683E-02 -2.238E-04 -6.426E-02 -1.644E-04 -4.744E-02 -1.644E-04  9.999E+01 -4.367E-02 4.367E-02
   353 1.000000E+01 2.822380E+03     1 2.400E+01 1.606487E+02 1.606925E+02 -1.89767E-08 -3.77416E-03 5.933E-05 1.688E-02 -2.237E-04 -6.449E-02 -1.644E-04 -4.760E-02 -1.644E-04  9.999E+01 -4.383E-02 4.383E-02
   354 1.000000E+01 2.832380E+03     1 2.400E+01 1.606485E+02 1.606925E+02 -1.89745E-08 -3.77418E-03 5.932E-05 1.694E-02 -2.237E-04 -6.471E-02 -1.644E-04 -4.777E-02 -1.644E-04  9.999E+01 -4.399E-02 4.400E-02
   355 1.000000E+01 2.842380E+03     1 2.400E+01 1.606483E+02 1.606925E+02 -1.89723E-08 -3.77419E-03 5.931E-05 1.700E-02 -2.237E-04 -6.494E-02 -1.643E-04 -4.793E-02 -1.643E-04  9.999E+01 -4.416E-02 4.416E-02
   356 1.000000E+01 2.852380E+03     1 2.400E+01 1.606482E+02 1.606925E+02 -1.89702E-08 -3.77421E-03 5.929E-05 1.706E-02 -2.236E-04 -6.516E-02 -1.643E-04 -4.810E-02 -1.643E-04  9.999E+01 -4.432E-02 4.433E-02
   357 1.000000E+01 2.862380E+03     1 2.400E+01 1.606480E+02 1.606925E+02 -1.89681E-08 -3.77423E-03 5.928E-05 1.712E-02 -2.236E-04 -6.538E-02 -1.643E-04 -4.826E-02 -1.643E-04  9.999E+01 -4.449E-02 4.449E-02
   358 1.000000E+01 2.872380E+03     1 2.400E+01 1.606478E+02 1.606925E+02 -1.89659E-08 -3.77425E-03 5.927E-05 1.718E-02 -2.236E-04 -6.561E-02 -1.643E-04 -4.843E-02 -1.643E-04  9.999E+01 -4.465E-02 4.465E-02
   359 1.000000E+01 2.882380E+03     1 2.400E+01 1.606477E+02 1.606925E+02 -1.89638E-08 -3.77427E-03 5.926E-05 1.724E-02 -2.235E-04 -6.583E-02 -1.643E-04 -4.859E-02 -1.642E-04  9.999E+01 -4.482E-02 4.482E-02
   360 1.000000E+01 2.892380E+03     1 2.400E+01 1.606475E+02 1.606925E+02 -1.89617E-08 -3.77429E-03 5.925E-05 1.730E-02 -2.235E-04 -6.605E-02 -1.642E-04 -4.875E-02 -1.642E-04  9.999E+01 -4.498E-02 4.498E-02
   361 1.000000E+01 2.902380E+03     1 2.400E+01 1.606473E+02 1.606925E+02 -1.89596E-08 -3.77431E-03 5.924E-05 1.736E-02 -2.235E-04 -6.628E-02 -1.642E-04 -4.892E-02 -1.642E-04  9.999E+01 -4.514E-02 4.515E-02
   362 1.000000E+01 2.912380E+03     1 2.400E+01 1.606472E+02 1.606925E+02 -1.89575E-08 -3.77433E-03 5.923E-05 1.742E-02 -2.234E-04 -6.650E-02 -1.642E-04 -4.908E-02 -1.642E-04  9.999E+01 -4.531E-02 4.531E-02
   363 1.000000E+01 2.922380E+03     1 2.400E+01 1.606470E+02 1.606925E+02 -1.89554E-08 -3.77435E-03 5.922E-05 1.748E-02 -2.234E-04 -6.672E-02 -1.642E-04 -4.925E-02 -1.642E-04  9.999E+01 -4.547E-02 4.548E-02
   364 1.000000E+01 2.932380E+03     1 2.400E+01 1.606468E+02 1.606925E+02 -1.89533E-08 -3.77437E-03 5.921E-05 1.754E-02 -2.234E-04 -6.695E-02 -1.642E-04 -4.941E-02 -1.641E-04  9.999E+01 -4.564E-02 4.564E-02
   365 1.000000E+01 2.942380E+03     1 2.400E+01 1.606467E+02 1.606925E+02 -1.89513E-08 -3.77438E-03 5.920E-05 1.760E-02 -2.233E-04 -6.717E-02 -1.641E-04 -4.957E-02 -1.641E-04  9.999E+01 -4.580E-02 4.580E-02
   366 1.000000E+01 2.952380E+03     1 2.400E+01 1.606465E+02 1.606925E+02 -1.89492E-08 -3.77440E-03 5.919E-05 1.765E-02 -2.233E-04 -6.739E-02 -1.641E-04 -4.974E-02 -1.641E-04  9.999E+01 -4.596E-02 4.597E-02
   367 1.000000E+01 2.962380E+03     1 2.400E+01 1.606464E+02 1.606925E+02 -1.89471E-08 -3.77442E-03 5.918E-05 1.771E-02 -2.233E-04 -6.762E-02 -1.641E-04 -4.990E-02 -1.641E-04  9.999E+01 -4.613E-02 4.613E-02
   368 1.000000E+01 2.972380E+03     1 2.400E+01 1.606462E+02 1.606925E+02 -1.89451E-08 -3.77444E-03 5.917E-05 1.777E-02 -2.232E-04 -6.784E-02 -1.641E-04 -5.007E-02 -1.640E-04  9.999E+01 -4.629E-02 4.630E-02
   369 1.000000E+01 2.982380E+03     1 2.400E+01 1.606460E+02 1.606925E+02 -1.89430E-08 -3.77446E-03 5.916E-05 1.783E-02 -2.232E-04 -6.806E-02 -1.640E-04 -5.023E-02 -1.640E-04  9.999E+01 -4.646E-02 4.646E-02
   370 1.000000E+01 2.992380E+03     1 2.400E+01 1.606459E+02 1.606925E+02 -1.89410E-08 -3.77448E-03 5.915E-05 1.789E-02 -2.232E-04 -6.829E-02 -1.640E-04 -5.040E-02 -1.640E-04  9.999E+01 -4.662E-02 4.662E-02
   371 1.000000E+01 3.002380E+03     1 2.400E+01 1.606457E+02 1.606925E+02 -1.89389E-08 -3.77450E-03 5.914E-05 1.795E-02 -2.231E-04 -6.851E-02 -1.640E-04 -5.056E-02 -1.640E-04  9.999E+01 -4.678E-02 4.679E-02
   372 1.000000E+01 3.012380E+03     1 2.400E+01 1.606455E+02 1.606925E+02 -1.89369E-08 -3.77452E-03 5.913E-05 1.801E-02 -2.231E-04 -6.873E-02 -1.640E-04 -5.072E-02 -1.640E-04  9.999E+01 -4.695E-02 4.695E-02
   373 1.000000E+01 3.022380E+03     1 2.400E+01 1.606454E+02 1.606925E+02 -1.89348E-08 -3.77454E-03 5.911E-05 1.807E-02 -2.231E-04 -6.896E-02 -1.640E-04 -5.089E-02 -1.639E-04  9.999E+01 -4.711E-02 4.712E-02
   374 1.000000E+01 3.032380E+03     1 2.400E+01 1.606452E+02 1.606925E+02 -1.89328E-08 -3.77455E-03 5.910E-05 1.813E-02 -2.230E-04 -6.918E-02 -1.639E-04 -5.105E-02 -1.639E-04  9.999E+01 -4.728E-02 4.728E-02
   375 1.000000E+01 3.042380E+03     1 2.400E+01 1.606450E+02 1.606925E+02 -1.89308E-08 -3.77457E-03 5.909E-05 1.819E-02 -2.230E-04 -6.940E-02 -1.639E-04 -5.122E-02 -1.639E-04  9.999E+01 -4.744E-02 4.744E-02
   376 1.000000E+01 3.052380E+03     1 2.400E+01 1.606449E+02 1.606925E+02 -1.89288E-08 -3.77459E-03 5.908E-05 1.825E-02 -2.230E-04 -6.963E-02 -1.639E-04 -5.138E-02 -1.639E-04  9.999E+01 -4.760E-02 4.761E-02
   377 1.000000E+01 3.062380E+03     1 2.400E+01 1.606447E+02 1.606925E+02 -1.89267E-08 -3.77461E-03 5.907E-05 1.831E-02 -2.229E-04 -6.985E-02 -1.639E-04 -5.154E-02 -1.638E-04  9.999E+01 -4.777E-02 4.777E-02
   378 1.000000E+01 3.072380E+03     1 2.400E+01 1.606445E+02 1.606925E+02 -1.89247E-08 -3.77463E-03 5.906E-05 1.836E-02 -2.229E-04 -7.007E-02 -1.638E-04 -5.171E-02 -1.638E-04  9.999E+01 -4.793E-02 4.794E-02
   379 1.000000E+01 3.082380E+03     1 2.400E+01 1.606444E+02 1.606925E+02 -1.89227E-08 -3.77465E-03 5.905E-05 1.842E-02 -2.229E-04 -7.029E-02 -1.638E-04 -5.187E-02 -1.638E-04  9.999E+01 -4.810E-02 4.810E-02
   380 1.000000E+01 3.092380E+03     1 2.400E+01 1.606442E+02 1.606925E+02 -1.89207E-08 -3.77467E-03 5.904E-05 1.848E-02 -2.228E-04 -7.052E-02 -1.638E-04 -5.203E-02 -1.638E-04  9.999E+01 -4.826E-02 4.826E-02
   381 1.000000E+01 3.102380E+03     1 2.400E+01 1.606441E+02 1.606925E+02 -1.89187E-08 -3.77469E-03 5.903E-05 1.854E-02 -2.228E-04 -7.074E-02 -1.638E-04 -5.220E-02 -1.638E-04  9.999E+01 -4.842E-02 4.843E-02
   382 1.000000E+01 3.112380E+03     1 2.400E+01 1.606439E+02 1.606925E+02 -1.89167E-08 -3.77471E-03 5.902E-05 1.860E-02 -2.228E-04 -7.096E-02 -1.638E-04 -5.236E-02 -1.637E-04  9.999E+01 -4.859E-02 4.859E-02
   383 1.000000E+01 3.122380E+03     1 2.400E+01 1.606437E+02 1.606925E+02 -1.89146E-08 -3.77472E-03 5.901E-05 1.866E-02 -2.227E-04 -7.119E-02 -1.637E-04 -5.253E-02 -1.637E-04  9.999E+01 -4.875E-02 4.875E-02
   384 1.000000E+01 3.132380E+03     1 2.400E+01 1.606436E+02 1.606925E+02 -1.89126E-08 -3.77474E-03 5.900E-05 1.872E-02 -2.227E-04 -7.141E-02 -1.637E-04 -5.269E-02 -1.637E-04  9.999E+01 -4.891E-02 4.892E-02
   385 1.000000E+01 3.142380E+03     1 2.400E+01 1.606434E+02 1.606925E+02 -1.89106E-08 -3.77476E-03 5.899E-05 1.878E-02 -2.227E-04 -7.163E-02 -1.637E-04 -5.285E-02 -1.637E-04  9.999E+01 -4.908E-02 4.908E-02
   386 1.000000E+01 3.152380E+03     1 2.400E+01 1.606432E+02 1.606925E+02 -1.89086E-08 -3.77478E-03 5.898E-05 1.884E-02 -2.226E-04 -7.185E-02 -1.637E-04 -5.302E-02 -1.637E-04  9.999E+01 -4.924E-02 4.924E-02
   387 1.000000E+01 3.162380E+03     1 2.400E+01 1.606431E+02 1.606925E+02 -1.89066E-08 -3.77480E-03 5.897E-05 1.890E-02 -2.226E-04 -7.208E-02 -1.636E-04 -5.318E-02 -1.636E-04  9.999E+01 -4.941E-02 4.941E-02
   388 1.000000E+01 3.172380E+03     1 2.400E+01 1.606429E+02 1.606925E+02 -1.89046E-08 -3.77482E-03 5.896E-05 1.895E-02 -2.226E-04 -7.230E-02 -1.636E-04 -5.334E-02 -1.636E-04  9.999E+01 -4.957E-02 4.957E-02
   389 1.000000E+01 3.182380E+03     1 2.400E+01 1.606427E+02 1.606925E+02 -1.89026E-08 -3.77484E-03 5.894E-05 1.901E-02 -2.225E-04 -7.252E-02 -1.636E-04 -5.351E-02 -1.636E-04  9.999E+01 -4.973E-02 4.974E-02
   390 1.000000E+01 3.192380E+03     1 2.400E+01 1.606426E+02 1.606925E+02 -1.89007E-08 -3.77486E-03 5.893E-05 1.907E-02 -2.225E-04 -7.274E-02 -1.636E-04 -5.367E-02 -1.636E-04  9.999E+01 -4.990E-02 4.990E-02
   391 1.000000E+01 3.202380E+03     1 2.400E+01 1.606424E+02 1.606925E+02 -1.88987E-08 -3.77488E-03 5.892E-05 1.913E-02 -2.225E-04 -7.297E-02 -1.636E-04 -5.383E-02 -1.635E-04  9.999E+01 -5.006E-02 5.006E-02
   392 1.000000E+01 3.212380E+03     1 2.400E+01 1.606423E+02 1.606925E+02 -1.88967E-08 -3.77490E-03 5.891E-05 1.919E-02 -2.225E-04 -7.319E-02 -1.635E-04 -5.400E-02 -1.635E-04  9.999E+01 -5.022E-02 5.023E-02
   393 1.000000E+01 3.222380E+03     1 2.400E+01 1.606421E+02 1.606925E+02 -1.88947E-08 -3.77491E-03 5.890E-05 1.925E-02 -2.224E-04 -7.341E-02 -1.635E-04 -5.416E-02 -1.635E-04  9.999E+01 -5.039E-02 5.039E-02
   394 1.000000E+01 3.232380E+03     1 2.400E+01 1.606419E+02 1.606925E+02 -1.88927E-08 -3.77493E-03 5.889E-05 1.931E-02 -2.224E-04 -7.363E-02 -1.635E-04 -5.433E-02 -1.635E-04  9.999E+01 -5.055E-02 5.055E-02
   395 1.000000E+01 3.242380E+03     1 2.400E+01 1.606418E+02 1.606925E+02 -1.88907E-08 -3.77495E-03 5.888E-05 1.937E-02 -2.224E-04 -7.386E-02 -1.635E-04 -5.449E-02 -1.635E-04  9.999E+01 -5.071E-02 5.072E-02
   396 1.000000E+01 3.252380E+03     1 2.400E+01 1.606416E+02 1.606925E+02 -1.88887E-08 -3.77497E-03 5.887E-05 1.943E-02 -2.223E-04 -7.408E-02 -1.635E-04 -5.465E-02 -1.634E-04  9.999E+01 -5.088E-02 5.088E-02
   397 1.000000E+01 3.262380E+03     1 2.400E+01 1.606414E+02 1.606925E+02 -1.88868E-08 -3.77499E-03 5.886E-05 1.948E-02 -2.223E-04 -7.430E-02 -1.634E-04 -5.482E-02 -1.634E-04  9.999E+01 -5.104E-02 5.104E-02
   398 1.000000E+01 3.272380E+03     1 2.400E+01 1.606413E+02 1.606925E+02 -1.88848E-08 -3.77501E-03 5.885E-05 1.954E-02 -2.223E-04 -7.452E-02 -1.634E-04 -5.498E-02 -1.634E-04  9.999E+01 -5.120E-02 5.121E-02
   399 1.000000E+01 3.282380E+03     1 2.400E+01 1.606411E+02 1.606925E+02 -1.88828E-08 -3.77503E-03 5.884E-05 1.960E-02 -2.222E-04 -7.474E-02 -1.634E-04 -5.514E-02 -1.634E-04  9.999E+01 -5.137E-02 5.137E-02
   400 1.000000E+01 3.292380E+03     1 2.400E+01 1.606409E+02 1.606925E+02 -1.88808E-08 -3.77505E-03 5.883E-05 1.966E-02 -2.222E-04 -7.497E-02 -1.634E-04 -5.531E-02 -1.633E-04  9.999E+01 -5.153E-02 5.153E-02
   401 1.000000E+01 3.302380E+03     1 2.400E+01 1.606408E+02 1.606925E+02 -1.88788E-08 -3.77507E-03 5.882E-05 1.972E-02 -2.222E-04 -7.519E-02 -1.633E-04 -5.547E-02 -1.633E-04  9.999E+01 -5.169E-02 5.170E-02
   402 1.000000E+01 3.312380E+03     1 2.400E+01 1.606406E+02 1.606925E+02 -1.88769E-08 -3.77508E-03 5.881E-05 1.978E-02 -2.221E-04 -7.541E-02 -1.633E-04 -5.563E-02 -1.633E-04  9.999E+01 -5.186E-02 5.186E-02
   403 1.000000E+01 3.322380E+03     1 2.400E+01 1.606405E+02 1.606925E+02 -1.88749E-08 -3.77510E-03 5.880E-05 1.984E-02 -2.221E-04 -7.563E-02 -1.633E-04 -5.580E-02 -1.633E-04  9.999E+01 -5.202E-02 5.202E-02
   404 1.000000E+01 3.332380E+03     1 2.400E+01 1.606403E+02 1.606925E+02 -1.88729E-08 -3.77512E-03 5.878E-05 1.990E-02 -2.221E-04 -7.586E-02 -1.633E-04 -5.596E-02 -1.633E-04  9.999E+01 -5.218E-02 5.219E-02
   405 1.000000E+01 3.342380E+03     1 2.400E+01 1.606401E+02 1.606925E+02 -1.88710E-08 -3.77514E-03 5.877E-05 1.996E-02 -2.220E-04 -7.608E-02 -1.633E-04 -5.612E-02 -1.632E-04  9.999E+01 -5.235E-02 5.235E-02
   406 1.000000E+01 3.352380E+03     1 2.400E+01 1.606400E+02 1.606925E+02 -1.88690E-08 -3.77516E-03 5.876E-05 2.001E-02 -2.220E-04 -7.630E-02 -1.632E-04 -5.629E-02 -1.632E-04  9.999E+01 -5.251E-02 5.251E-02
   407 1.000000E+01 3.362380E+03     1 2.400E+01 1.606398E+02 1.606925E+02 -1.88670E-08 -3.77518E-03 5.875E-05 2.007E-02 -2.220E-04 -7.652E-02 -1.632E-04 -5.645E-02 -1.632E-04  9.999E+01 -5.267E-02 5.268E-02
   408 1.000000E+01 3.372380E+03     1 2.400E+01 1.606396E+02 1.606925E+02 -1.88651E-08 -3.77520E-03 5.874E-05 2.013E-02 -2.219E-04 -7.674E-02 -1.632E-04 -5.661E-02 -1.632E-04  9.999E+01 -5.284E-02 5.284E-02
   409 1.000000E+01 3.382380E+03     1 2.400E+01 1.606395E+02 1.606925E+02 -1.88631E-08 -3.77522E-03 5.873E-05 2.019E-02 -2.219E-04 -7.697E-02 -1.632E-04 -5.677E-02 -1.631E-04  9.999E+01 -5.300E-02 5.300E-02
   410 1.000000E+01 3.392380E+03     1 2.400E+01 1.606393E+02 1.606925E+02 -1.88611E-08 -3.77523E-03 5.872E-05 2.025E-02 -2.219E-04 -7.719E-02 -1.631E-04 -5.694E-02 -1.631E-04  9.999E+01 -5.316E-02 5.317E-02
   411 1.000000E+01 3.402380E+03     1 2.400E+01 1.606392E+02 1.606925E+02 -1.88592E-08 -3.77525E-03 5.871E-05 2.031E-02 -2.218E-04 -7.741E-02 -1.631E-04 -5.710E-02 -1.631E-04  9.999E+01 -5.333E-02 5.333E-02
   412 1.000000E+01 3.412380E+03     1 2.400E+01 1.606390E+02 1.606925E+02 -1.88572E-08 -3.77527E-03 5.870E-05 2.037E-02 -2.218E-04 -7.763E-02 -1.631E-04 -5.726E-02 -1.631E-04  9.999E+01 -5.349E-02 5.349E-02
   413 1.000000E+01 3.422380E+03     1 2.400E+01 1.606388E+02 1.606925E+02 -1.88552E-08 -3.77529E-03 5.869E-05 2.042E-02 -2.218E-04 -7.785E-02 -1.631E-04 -5.743E-02 -1.631E-04  9.999E+01 -5.365E-02 5.366E-02
   414 1.000000E+01 3.432380E+03     1 2.400E+01 1.606387E+02 1.606925E+02 -1.88654E-08 -3.77531E-03 5.868E-05 2.048E-02 -2.217E-04 -7.807E-02 -1.631E-04 -5.759E-02 -1.630E-04  9.999E+01 -5.382E-02 5.382E-02
   415 1.000000E+01 3.442380E+03     1 2.400E+01 1.606385E+02 1.606925E+02 -1.88560E-08 -3.77533E-03 5.867E-05 2.054E-02 -2.217E-04 -7.830E-02 -1.630E-04 -5.775E-02 -1.630E-04  9.999E+01 -5.398E-02 5.398E-02
   416 1.000000E+01 3.452380E+03     1 2.400E+01 1.606383E+02 1.606925E+02 -1.88505E-08 -3.77535E-03 5.866E-05 2.060E-02 -2.217E-04 -7.852E-02 -1.630E-04 -5.792E-02 -1.630E-04  9.999E+01 -5.414E-02 5.414E-02
   417 1.000000E+01 3.462380E+03     1 2.400E+01 1.606382E+02 1.606925E+02 -1.88468E-08 -3.77537E-03 5.865E-05 2.066E-02 -2.216E-04 -7.874E-02 -1.630E-04 -5.808E-02 -1.630E-04  9.999E+01 -5.430E-02 5.431E-02
   418 1.000000E+01 3.472380E+03     1 2.400E+01 1.606380E+02 1.606925E+02 -1.88436E-08 -3.77539E-03 5.864E-05 2.072E-02 -2.216E-04 -7.896E-02 -1.630E-04 -5.824E-02 -1.630E-04  9.999E+01 -5.447E-02 5.447E-02
   419 1.000000E+01 3.482380E+03     1 2.400E+01 1.606379E+02 1.606925E+02 -1.88407E-08 -3.77540E-03 5.862E-05 2.078E-02 -2.216E-04 -7.918E-02 -1.629E-04 -5.841E-02 -1.629E-04  9.999E+01 -5.463E-02 5.463E-02
   420 1.000000E+01 3.492380E+03     1 2.400E+01 1.606377E+02 1.606925E+02 -1.88380E-08 -3.77542E-03 5.861E-05 2.084E-02 -2.215E-04 -7.940E-02 -1.629E-04 -5.857E-02 -1.629E-04  9.999E+01 -5.479E-02 5.480E-02
   421 1.000000E+01 3.502380E+03     1 2.400E+01 1.606375E+02 1.606925E+02 -1.88354E-08 -3.77544E-03 5.860E-05 2.089E-02 -2.215E-04 -7.963E-02 -1.629E-04 -5.873E-02 -1.629E-04  9.999E+01 -5.496E-02 5.496E-02
   422 1.000000E+01 3.512380E+03     1 2.400E+01 1.606374E+02 1.606925E+02 -1.88329E-08 -3.77546E-03 5.859E-05 2.095E-02 -2.215E-04 -7.985E-02 -1.629E-04 -5.889E-02 -1.629E-04  9.999E+01 -5.512E-02 5.512E-02
   423 1.000000E+01 3.522380E+03     1 2.400E+01 1.606372E+02 1.606925E+02 -1.88305E-08 -3.77548E-03 5.858E-05 2.101E-02 -2.214E-04 -8.007E-02 -1.629E-04 -5.906E-02 -1.628E-04  9.999E+01 -5.528E-02 5.528E-02
   424 1.000000E+01 3.532380E+03     1 2.400E+01 1.606370E+02 1.606925E+02 -1.88307E-08 -3.77550E-03 5.857E-05 2.107E-02 -2.214E-04 -8.029E-02 -1.628E-04 -5.922E-02 -1.628E-04  9.999E+01 -5.544E-02 5.545E-02
   425 1.000000E+01 3.542380E+03     1 2.400E+01 1.606369E+02 1.606925E+02 -1.88303E-08 -3.77552E-03 5.856E-05 2.113E-02 -2.214E-04 -8.051E-02 -1.628E-04 -5.938E-02 -1.628E-04  9.999E+01 -5.561E-02 5.561E-02
   426 1.000000E+01 3.552380E+03     1 2.400E+01 1.606367E+02 1.606925E+02 -1.88239E-08 -3.77554E-03 5.855E-05 2.119E-02 -2.213E-04 -8.073E-02 -1.628E-04 -5.955E-02 -1.628E-04  9.999E+01 -5.577E-02 5.577E-02
   427 1.000000E+01 3.562380E+03     1 2.400E+01 1.606365E+02 1.606925E+02 -1.88203E-08 -3.77556E-03 5.854E-05 2.125E-02 -2.213E-04 -8.095E-02 -1.628E-04 -5.971E-02 -1.628E-04  9.999E+01 -5.593E-02 5.594E-02
   428 1.000000E+01 3.572380E+03     1 2.400E+01 1.606364E+02 1.606925E+02 -1.88172E-08 -3.77557E-03 5.853E-05 2.130E-02 -2.213E-04 -8.117E-02 -1.628E-04 -5.987E-02 -1.627E-04  9.999E+01 -5.610E-02 5.610E-02
   429 1.000000E+01 3.582380E+03     1 2.400E+01 1.606362E+02 1.606925E+02 -1.88143E-08 -3.77559E-03 5.852E-05 2.136E-02 -2.212E-04 -8.140E-02 -1.627E-04 -6.003E-02 -1.627E-04  9.999E+01 -5.626E-02 5.626E-02
   430 1.000000E+01 3.592380E+03     1 2.400E+01 1.606361E+02 1.606925E+02 -1.88116E-08 -3.77561E-03 5.851E-05 2.142E-02 -2.212E-04 -8.162E-02 -1.627E-04 -6.020E-02 -1.627E-04  9.999E+01 -5.642E-02 5.642E-02
   431 1.000000E+01 3.602380E+03     1 2.400E+01 1.606359E+02 1.606925E+02 -1.88090E-08 -3.77563E-03 5.850E-05 2.148E-02 -2.212E-04 -8.184E-02 -1.627E-04 -6.036E-02 -1.627E-04  9.999E+01 -5.658E-02 5.659E-02
   432 1.000000E+01 3.612380E+03     1 2.400E+01 1.606357E+02 1.606925E+02 -1.88064E-08 -3.77565E-03 5.849E-05 2.154E-02 -2.211E-04 -8.206E-02 -1.627E-04 -6.052E-02 -1.626E-04  9.999E+01 -5.675E-02 5.675E-02
   433 1.000000E+01 3.622380E+03     1 2.400E+01 1.606356E+02 1.606925E+02 -1.88039E-08 -3.77567E-03 5.848E-05 2.160E-02 -2.211E-04 -8.228E-02 -1.626E-04 -6.068E-02 -1.626E-04  9.999E+01 -5.691E-02 5.691E-02
   434 1.000000E+01 3.632380E+03     1 2.400E+01 1.606354E+02 1.606925E+02 -1.88015E-08 -3.77569E-03 5.846E-05 2.165E-02 -2.211E-04 -8.250E-02 -1.626E-04 -6.085E-02 -1.626E-04  9.999E+01 -5.707E-02 5.707E-02
   435 1.000000E+01 3.642380E+03     1 2.400E+01 1.606352E+02 1.606925E+02 -1.87991E-08 -3.77571E-03 5.845E-05 2.171E-02 -2.211E-04 -8.272E-02 -1.626E-04 -6.101E-02 -1.626E-04  9.999E+01 -5.723E-02 5.724E-02
   436 1.000000E+01 3.652380E+03     1 2.400E+01 1.606351E+02 1.606925E+02 -1.87967E-08 -3.77572E-03 5.844E-05 2.177E-02 -2.210E-04 -8.294E-02 -1.626E-04 -6.117E-02 -1.626E-04  9.999E+01 -5.740E-02 5.740E-02
   437 1.000000E+01 3.662380E+03     1 2.400E+01 1.606349E+02 1.606925E+02 -1.87944E-08 -3.77574E-03 5.843E-05 2.183E-02 -2.210E-04 -8.316E-02 -1.626E-04 -6.133E-02 -1.625E-04  9.999E+01 -5.756E-02 5.756E-02
   438 1.000000E+01 3.672380E+03     1 2.400E+01 1.606348E+02 1.606925E+02 -1.87921E-08 -3.77576E-03 5.842E-05 2.189E-02 -2.210E-04 -8.339E-02 -1.625E-04 -6.150E-02 -1.625E-04  9.999E+01 -5.772E-02 5.772E-02
   439 1.000000E+01 3.682380E+03     1 2.400E+01 1.606346E+02 1.606925E+02 -1.87898E-08 -3.77578E-03 5.841E-05 2.195E-02 -2.209E-04 -8.361E-02 -1.625E-04 -6.166E-02 -1.625E-04  9.999E+01 -5.788E-02 5.789E-02
   440 1.000000E+01 3.692380E+03     1 2.400E+01 1.606344E+02 1.606925E+02 -1.87875E-08 -3.77580E-03 5.840E-05 2.201E-02 -2.209E-04 -8.383E-02 -1.625E-04 -6.182E-02 -1.625E-04  9.999E+01 -5.805E-02 5.805E-02
   441 1.000000E+01 3.702380E+03     1 2.400E+01 1.606343E+02 1.606925E+02 -1.87852E-08 -3.77582E-03 5.839E-05 2.206E-02 -2.209E-04 -8.405E-02 -1.625E-04 -6.198E-02 -1.624E-04  9.999E+01 -5.821E-02 5.821E-02
   442 1.000000E+01 3.712380E+03     1 2.400E+01 1.606341E+02 1.606925E+02 -1.87830E-08 -3.77584E-03 5.838E-05 2.212E-02 -2.208E-04 -8.427E-02 -1.624E-04 -6.215E-02 -1.624E-04  9.999E+01 -5.837E-02 5.837E-02
   443 1.000000E+01 3.722380E+03     1 2.400E+01 1.606339E+02 1.606925E+02 -1.87807E-08 -3.77586E-03 5.837E-05 2.218E-02 -2.208E-04 -8.449E-02 -1.624E-04 -6.231E-02 -1.624E-04  9.999E+01 -5.853E-02 5.854E-02
   444 1.000000E+01 3.732380E+03     1 2.400E+01 1.606338E+02 1.606925E+02 -1.87785E-08 -3.77587E-03 5.836E-05 2.224E-02 -2.208E-04 -8.471E-02 -1.624E-04 -6.247E-02 -1.624E-04  9.999E+01 -5.870E-02 5.870E-02
   445 1.000000E+01 3.742380E+03     1 2.400E+01 1.606336E+02 1.606925E+02 -1.87763E-08 -3.77589E-03 5.835E-05 2.230E-02 -2.207E-04 -8.493E-02 -1.624E-04 -6.263E-02 -1.624E-04  9.999E+01 -5.886E-02 5.886E-02
   446 1.000000E+01 3.752380E+03     1 2.400E+01 1.606335E+02 1.606925E+02 -1.87741E-08 -3.77591E-03 5.834E-05 2.236E-02 -2.207E-04 -8.515E-02 -1.624E-04 -6.280E-02 -1.623E-04  9.999E+01 -5.902E-02 5.902E-02
   447 1.000000E+01 3.762380E+03     1 2.400E+01 1.606333E+02 1.606925E+02 -1.87719E-08 -3.77593E-03 5.833E-05 2.241E-02 -2.207E-04 -8.537E-02 -1.623E-04 -6.296E-02 -1.623E-04  9.999E+01 -5.918E-02 5.919E-02
   448 1.000000E+01 3.772380E+03     1 2.400E+01 1.606331E+02 1.606925E+02 -1.87698E-08 -3.77595E-03 5.832E-05 2.247E-02 -2.206E-04 -8.559E-02 -1.623E-04 -6.312E-02 -1.623E-04  9.999E+01 -5.935E-02 5.935E-02
   449 1.000000E+01 3.782380E+03     1 2.400E+01 1.606330E+02 1.606925E+02 -1.87676E-08 -3.77597E-03 5.830E-05 2.253E-02 -2.206E-04 -8.581E-02 -1.623E-04 -6.328E-02 -1.623E-04  9.999E+01 -5.951E-02 5.951E-02
   450 1.000000E+01 3.792380E+03     1 2.400E+01 1.606328E+02 1.606925E+02 -1.87654E-08 -3.77599E-03 5.829E-05 2.259E-02 -2.206E-04 -8.603E-02 -1.623E-04 -6.345E-02 -1.623E-04  9.999E+01 -5.967E-02 5.967E-02
   451 1.000000E+01 3.802380E+03     1 2.400E+01 1.606326E+02 1.606925E+02 -1.87633E-08 -3.77601E-03 5.828E-05 2.265E-02 -2.205E-04 -8.626E-02 -1.622E-04 -6.361E-02 -1.622E-04  9.999E+01 -5.983E-02 5.984E-02
   452 1.000000E+01 3.812380E+03     1 2.400E+01 1.606325E+02 1.606925E+02 -1.87611E-08 -3.77602E-03 5.827E-05 2.271E-02 -2.205E-04 -8.648E-02 -1.622E-04 -6.377E-02 -1.622E-04  9.999E+01 -5.999E-02 6.000E-02
   453 1.000000E+01 3.822380E+03     1 2.400E+01 1.606323E+02 1.606925E+02 -1.87590E-08 -3.77604E-03 5.826E-05 2.276E-02 -2.205E-04 -8.670E-02 -1.622E-04 -6.393E-02 -1.622E-04  9.999E+01 -6.016E-02 6.016E-02
   454 1.000000E+01 3.832380E+03     1 2.400E+01 1.606322E+02 1.606925E+02 -1.87873E-08 -3.77606E-03 5.825E-05 2.282E-02 -2.204E-04 -8.692E-02 -1.622E-04 -6.409E-02 -1.622E-04  9.999E+01 -6.032E-02 6.032E-02
   455 1.000000E+01 3.842380E+03     1 2.400E+01 1.606320E+02 1.606925E+02 -1.87638E-08 -3.77608E-03 5.824E-05 2.288E-02 -2.204E-04 -8.714E-02 -1.622E-04 -6.426E-02 -1.621E-04  9.999E+01 -6.048E-02 6.048E-02
   456 1.000000E+01 3.852380E+03     1 2.400E+01 1.606318E+02 1.606925E+02 -1.87571E-08 -3.77610E-03 5.823E-05 2.294E-02 -2.204E-04 -8.736E-02 -1.621E-04 -6.442E-02 -1.621E-04  9.999E+01 -6.064E-02 6.065E-02
   457 1.000000E+01 3.862380E+03     1 2.400E+01 1.606317E+02 1.606925E+02 -1.87526E-08 -3.77612E-03 5.822E-05 2.300E-02 -2.203E-04 -8.758E-02 -1.621E-04 -6.458E-02 -1.621E-04  9.999E+01 -6.081E-02 6.081E-02
   458 1.000000E+01 3.872380E+03     1 2.400E+01 1.606315E+02 1.606925E+02 -1.87489E-08 -3.77614E-03 5.821E-05 2.305E-02 -2.203E-04 -8.780E-02 -1.621E-04 -6.474E-02 -1.621E-04  9.999E+01 -6.097E-02 6.097E-02
   459 1.000000E+01 3.882380E+03     1 2.400E+01 1.606314E+02 1.606925E+02 -1.87455E-08 -3.77616E-03 5.820E-05 2.311E-02 -2.203E-04 -8.802E-02 -1.621E-04 -6.491E-02 -1.621E-04  9.999E+01 -6.113E-02 6.113E-02
   460 1.000000E+01 3.892380E+03     1 2.400E+01 1.606312E+02 1.606925E+02 -1.87423E-08 -3.77617E-03 5.819E-05 2.317E-02 -2.202E-04 -8.824E-02 -1.621E-04 -6.507E-02 -1.620E-04  9.999E+01 -6.129E-02 6.129E-02
   461 1.000000E+01 3.902380E+03     1 2.400E+01 1.606310E+02 1.606925E+02 -1.87393E-08 -3.77619E-03 5.818E-05 2.323E-02 -2.202E-04 -8.846E-02 -1.620E-04 -6.523E-02 -1.620E-04  9.999E+01 -6.145E-02 6.146E-02
   462 1.000000E+01 3.912380E+03     1 2.400E+01 1.606309E+02 1.606925E+02 -1.87364E-08 -3.77621E-03 5.817E-05 2.329E-02 -2.202E-04 -8.868E-02 -1.620E-04 -6.539E-02 -1.620E-04  9.999E+01 -6.162E-02 6.162E-02
   463 1.000000E+01 3.922380E+03     1 2.400E+01 1.606307E+02 1.606925E+02 -1.87336E-08 -3.77623E-03 5.816E-05 2.335E-02 -2.201E-04 -8.890E-02 -1.620E-04 -6.555E-02 -1.620E-04  9.999E+01 -6.178E-02 6.178E-02
   464 1.000000E+01 3.932380E+03     1 2.400E+01 1.606305E+02 1.606925E+02 -1.87309E-08 -3.77625E-03 5.814E-05 2.340E-02 -2.201E-04 -8.912E-02 -1.620E-04 -6.572E-02 -1.619E-04  9.999E+01 -6.194E-02 6.194E-02
   465 1.000000E+01 3.942380E+03     1 2.400E+01 1.606304E+02 1.606925E+02 -1.87283E-08 -3.77627E-03 5.813E-05 2.346E-02 -2.201E-04 -8.934E-02 -1.619E-04 -6.588E-02 -1.619E-04  9.999E+01 -6.210E-02 6.210E-02
   466 1.000000E+01 3.952380E+03     1 2.400E+01 1.606302E+02 1.606925E+02 -1.87257E-08 -3.77629E-03 5.812E-05 2.352E-02 -2.200E-04 -8.956E-02 -1.619E-04 -6.604E-02 -1.619E-04  9.999E+01 -6.226E-02 6.227E-02
   467 1.000000E+01 3.962380E+03     1 2.400E+01 1.606301E+02 1.606925E+02 -1.87231E-08 -3.77631E-03 5.811E-05 2.358E-02 -2.200E-04 -8.978E-02 -1.619E-04 -6.620E-02 -1.619E-04  9.999E+01 -6.242E-02 6.243E-02
   468 1.000000E+01 3.972380E+03     1 2.400E+01 1.606299E+02 1.606925E+02 -1.87205E-08 -3.77632E-03 5.810E-05 2.364E-02 -2.200E-04 -9.000E-02 -1.619E-04 -6.636E-02 -1.619E-04  9.999E+01 -6.259E-02 6.259E-02
   469 1.000000E+01 3.982380E+03     1 2.400E+01 1.606297E+02 1.606925E+02 -1.87180E-08 -3.77634E-03 5.809E-05 2.369E-02 -2.199E-04 -9.022E-02 -1.619E-04 -6.652E-02 -1.618E-04  9.999E+01 -6.275E-02 6.275E-02
   470 1.000000E+01 3.992380E+03     1 2.400E+01 1.606296E+02 1.606925E+02 -1.87156E-08 -3.77636E-03 5.808E-05 2.375E-02 -2.199E-04 -9.044E-02 -1.618E-04 -6.669E-02 -1.618E-04  9.999E+01 -6.291E-02 6.291E-02
   471 1.000000E+01 4.002380E+03     1 2.400E+01 1.606294E+02 1.606925E+02 -1.87131E-08 -3.77638E-03 5.807E-05 2.381E-02 -2.199E-04 -9.066E-02 -1.618E-04 -6.685E-02 -1.618E-04  9.999E+01 -6.307E-02 6.308E-02
   472 1.000000E+01 4.012380E+03     1 2.400E+01 1.606292E+02 1.606925E+02 -1.87107E-08 -3.77640E-03 5.806E-05 2.387E-02 -2.198E-04 -9.088E-02 -1.618E-04 -6.701E-02 -1.618E-04  9.999E+01 -6.323E-02 6.324E-02
   473 1.000000E+01 4.022380E+03     1 2.400E+01 1.606291E+02 1.606925E+02 -1.87083E-08 -3.77642E-03 5.805E-05 2.393E-02 -2.198E-04 -9.110E-02 -1.618E-04 -6.717E-02 -1.617E-04  9.999E+01 -6.340E-02 6.340E-02
   474 1.000000E+01 4.032380E+03     1 2.400E+01 1.606289E+02 1.606925E+02 -1.87539E-08 -3.77644E-03 5.804E-05 2.398E-02 -2.198E-04 -9.132E-02 -1.617E-04 -6.733E-02 -1.617E-04  9.999E+01 -6.356E-02 6.356E-02
   475 1.000000E+01 4.042380E+03     1 2.400E+01 1.606288E+02 1.606925E+02 -1.87002E-08 -3.77646E-03 5.803E-05 2.404E-02 -2.197E-04 -9.154E-02 -1.617E-04 -6.750E-02 -1.617E-04  9.999E+01 -6.372E-02 6.372E-02
   476 1.000000E+01 4.052380E+03     1 2.400E+01 1.606286E+02 1.606925E+02 -1.86966E-08 -3.77647E-03 5.802E-05 2.410E-02 -2.197E-04 -9.176E-02 -1.617E-04 -6.766E-02 -1.617E-04  9.999E+01 -6.388E-02 6.388E-02
   477 1.000000E+01 4.062380E+03     1 2.400E+01 1.606284E+02 1.606925E+02 -1.86929E-08 -3.77649E-03 5.801E-05 2.416E-02 -2.197E-04 -9.198E-02 -1.617E-04 -6.782E-02 -1.617E-04  9.999E+01 -6.404E-02 6.405E-02
   478 1.000000E+01 4.072380E+03     1 2.400E+01 1.606283E+02 1.606925E+02 -1.86893E-08 -3.77651E-03 5.799E-05 2.422E-02 -2.197E-04 -9.220E-02 -1.617E-04 -6.798E-02 -1.616E-04  9.999E+01 -6.420E-02 6.421E-02
   479 1.000000E+01 4.082380E+03     1 2.400E+01 1.606281E+02 1.606925E+02 -1.86858E-08 -3.77653E-03 5.798E-05 2.427E-02 -2.196E-04 -9.242E-02 -1.616E-04 -6.814E-02 -1.616E-04  9.999E+01 -6.437E-02 6.437E-02
   480 1.000000E+01 4.092380E+03     1 2.400E+01 1.606280E+02 1.606925E+02 -1.86825E-08 -3.77655E-03 5.797E-05 2.433E-02 -2.196E-04 -9.264E-02 -1.616E-04 -6.830E-02 -1.616E-04  9.999E+01 -6.453E-02 6.453E-02
   481 1.000000E+01 4.102380E+03     1 2.400E+01 1.606278E+02 1.606925E+02 -1.86793E-08 -3.77657E-03 5.796E-05 2.439E-02 -2.196E-04 -9.286E-02 -1.616E-04 -6.847E-02 -1.616E-04  9.999E+01 -6.469E-02 6.469E-02
   482 1.000000E+01 4.112380E+03     1 2.400E+01 1.606276E+02 1.606925E+02 -1.86762E-08 -3.77659E-03 5.795E-05 2.445E-02 -2.195E-04 -9.308E-02 -1.616E-04 -6.863E-02 -1.616E-04  9.999E+01 -6.485E-02 6.485E-02
   483 1.000000E+01 4.122380E+03     1 2.400E+01 1.606275E+02 1.606925E+02 -1.86731E-08 -3.77661E-03 5.794E-05 2.451E-02 -2.195E-04 -9.330E-02 -1.615E-04 -6.879E-02 -1.615E-04  9.999E+01 -6.501E-02 6.502E-02
   484 1.000000E+01 4.132380E+03     1 2.400E+01 1.606273E+02 1.606925E+02 -1.86702E-08 -3.77662E-03 5.793E-05 2.456E-02 -2.195E-04 -9.351E-02 -1.615E-04 -6.895E-02 -1.615E-04  9.999E+01 -6.517E-02 6.518E-02
   485 1.000000E+01 4.142380E+03     1 2.400E+01 1.606271E+02 1.606925E+02 -1.86709E-08 -3.77664E-03 5.792E-05 2.462E-02 -2.194E-04 -9.373E-02 -1.615E-04 -6.911E-02 -1.615E-04  9.999E+01 -6.533E-02 6.534E-02
   486 1.000000E+01 4.152380E+03     1 2.400E+01 1.606270E+02 1.606925E+02 -1.86680E-08 -3.77666E-03 5.791E-05 2.468E-02 -2.194E-04 -9.395E-02 -1.615E-04 -6.927E-02 -1.615E-04  9.999E+01 -6.550E-02 6.550E-02
   487 1.000000E+01 4.162380E+03     1 2.400E+01 1.606268E+02 1.606925E+02 -1.86613E-08 -3.77668E-03 5.790E-05 2.474E-02 -2.194E-04 -9.417E-02 -1.615E-04 -6.943E-02 -1.614E-04  9.999E+01 -6.566E-02 6.566E-02
   488 1.000000E+01 4.172380E+03     1 2.400E+01 1.606267E+02 1.606925E+02 -1.86570E-08 -3.77670E-03 5.789E-05 2.480E-02 -2.193E-04 -9.439E-02 -1.614E-04 -6.960E-02 -1.614E-04  9.999E+01 -6.582E-02 6.582E-02
   489 1.000000E+01 4.182380E+03     1 2.400E+01 1.606265E+02 1.606925E+02 -1.86598E-08 -3.77672E-03 5.788E-05 2.485E-02 -2.193E-04 -9.461E-02 -1.614E-04 -6.976E-02 -1.614E-04  9.999E+01 -6.598E-02 6.598E-02
   490 1.000000E+01 4.192380E+03     1 2.400E+01 1.606263E+02 1.606925E+02 -1.86519E-08 -3.77674E-03 5.787E-05 2.491E-02 -2.193E-04 -9.483E-02 -1.614E-04 -6.992E-02 -1.614E-04  9.999E+01 -6.614E-02 6.615E-02
   491 1.000000E+01 4.202380E+03     1 2.400E+01 1.606262E+02 1.606925E+02 -1.86467E-08 -3.77675E-03 5.786E-05 2.497E-02 -2.192E-04 -9.505E-02 -1.614E-04 -7.008E-02 -1.614E-04  9.999E+01 -6.630E-02 6.631E-02
   492 1.000000E+01 4.212380E+03     1 2.400E+01 1.606260E+02 1.606925E+02 -1.86426E-08 -3.77677E-03 5.785E-05 2.503E-02 -2.192E-04 -9.527E-02 -1.614E-04 -7.024E-02 -1.613E-04  9.999E+01 -6.646E-02 6.647E-02
   493 1.000000E+01 4.222380E+03     1 2.400E+01 1.606259E+02 1.606925E+02 -1.86388E-08 -3.77679E-03 5.783E-05 2.509E-02 -2.192E-04 -9.549E-02 -1.613E-04 -7.040E-02 -1.613E-04  9.999E+01 -6.663E-02 6.663E-02
   494 1.000000E+01 4.232380E+03     1 2.400E+01 1.606257E+02 1.606925E+02 -1.86353E-08 -3.77681E-03 5.782E-05 2.514E-02 -2.191E-04 -9.571E-02 -1.613E-04 -7.056E-02 -1.613E-04  9.999E+01 -6.679E-02 6.679E-02
   495 1.000000E+01 4.242380E+03     1 2.400E+01 1.606255E+02 1.606925E+02 -1.86319E-08 -3.77683E-03 5.781E-05 2.520E-02 -2.191E-04 -9.593E-02 -1.613E-04 -7.073E-02 -1.613E-04  9.999E+01 -6.695E-02 6.695E-02
   496 1.000000E+01 4.252380E+03     1 2.400E+01 1.606254E+02 1.606925E+02 -1.86286E-08 -3.77685E-03 5.780E-05 2.526E-02 -2.191E-04 -9.615E-02 -1.613E-04 -7.089E-02 -1.612E-04  9.999E+01 -6.711E-02 6.711E-02
   497 1.000000E+01 4.262380E+03     1 2.400E+01 1.606252E+02 1.606925E+02 -1.86255E-08 -3.77687E-03 5.779E-05 2.532E-02 -2.190E-04 -9.636E-02 -1.612E-04 -7.105E-02 -1.612E-04  9.999E+01 -6.727E-02 6.727E-02
   498 1.000000E+01 4.272380E+03     1 2.400E+01 1.606250E+02 1.606925E+02 -1.86224E-08 -3.77689E-03 5.778E-05 2.537E-02 -2.190E-04 -9.658E-02 -1.612E-04 -7.121E-02 -1.612E-04  9.999E+01 -6.743E-02 6.744E-02
   499 1.000000E+01 4.282380E+03     1 2.400E+01 1.606249E+02 1.606925E+02 -1.86193E-08 -3.77690E-03 5.777E-05 2.543E-02 -2.190E-04 -9.680E-02 -1.612E-04 -7.137E-02 -1.612E-04  9.999E+01 -6.759E-02 6.760E-02
   500 1.000000E+01 4.292380E+03     1 2.400E+01 1.606247E+02 1.606925E+02 -1.86164E-08 -3.77692E-03 5.776E-05 2.549E-02 -2.189E-04 -9.702E-02 -1.612E-04 -7.153E-02 -1.612E-04  9.999E+01 -6.775E-02 6.776E-02
   501 1.000000E+01 4.302380E+03     1 2.400E+01 1.606246E+02 1.606925E+02 -1.86134E-08 -3.77694E-03 5.775E-05 2.555E-02 -2.189E-04 -9.724E-02 -1.612E-04 -7.169E-02 -1.611E-04  9.999E+01 -6.792E-02 6.792E-02
   502 1.000000E+01 4.312380E+03     1 2.400E+01 1.606244E+02 1.606925E+02 -1.86105E-08 -3.77696E-03 5.774E-05 2.561E-02 -2.189E-04 -9.746E-02 -1.611E-04 -7.185E-02 -1.611E-04  9.999E+01 -6.808E-02 6.808E-02
   503 1.000000E+01 4.322380E+03     1 2.400E+01 1.606242E+02 1.606925E+02 -1.86077E-08 -3.77698E-03 5.773E-05 2.566E-02 -2.188E-04 -9.768E-02 -1.611E-04 -7.201E-02 -1.611E-04  9.999E+01 -6.824E-02 6.824E-02
   504 1.000000E+01 4.332380E+03     1 2.400E+01 1.606241E+02 1.606925E+02 -1.86049E-08 -3.77700E-03 5.772E-05 2.572E-02 -2.188E-04 -9.790E-02 -1.611E-04 -7.218E-02 -1.611E-04  9.999E+01 -6.840E-02 6.840E-02
   505 1.000000E+01 4.342380E+03     1 2.400E+01 1.606239E+02 1.606925E+02 -1.86021E-08 -3.77702E-03 5.771E-05 2.578E-02 -2.188E-04 -9.812E-02 -1.611E-04 -7.234E-02 -1.610E-04  9.999E+01 -6.856E-02 6.856E-02
   506 1.000000E+01 4.352380E+03     1 2.400E+01 1.606238E+02 1.606925E+02 -1.85993E-08 -3.77703E-03 5.770E-05 2.584E-02 -2.187E-04 -9.833E-02 -1.610E-04 -7.250E-02 -1.610E-04  9.999E+01 -6.872E-02 6.872E-02
   507 1.000000E+01 4.362380E+03     1 2.400E+01 1.606236E+02 1.606925E+02 -1.85965E-08 -3.77705E-03 5.769E-05 2.589E-02 -2.187E-04 -9.855E-02 -1.610E-04 -7.266E-02 -1.610E-04  9.999E+01 -6.888E-02 6.889E-02
   508 1.000000E+01 4.372380E+03     1 2.400E+01 1.606234E+02 1.606925E+02 -1.85938E-08 -3.77707E-03 5.768E-05 2.595E-02 -2.187E-04 -9.877E-02 -1.610E-04 -7.282E-02 -1.610E-04  9.999E+01 -6.904E-02 6.905E-02
   509 1.000000E+01 4.382380E+03     1 2.400E+01 1.606233E+02 1.606925E+02 -1.85911E-08 -3.77709E-03 5.766E-05 2.601E-02 -2.186E-04 -9.899E-02 -1.610E-04 -7.298E-02 -1.610E-04  9.999E+01 -6.920E-02 6.921E-02
   510 1.000000E+01 4.392380E+03     1 2.400E+01 1.606231E+02 1.606925E+02 -1.85884E-08 -3.77711E-03 5.765E-05 2.607E-02 -2.186E-04 -9.921E-02 -1.610E-04 -7.314E-02 -1.609E-04  9.999E+01 -6.937E-02 6.937E-02
   511 1.000000E+01 4.402380E+03     1 2.400E+01 1.606230E+02 1.606925E+02 -1.85858E-08 -3.77713E-03 5.764E-05 2.612E-02 -2.186E-04 -9.943E-02 -1.609E-04 -7.330E-02 -1.609E-04  9.999E+01 -6.953E-02 6.953E-02
   512 1.000000E+01 4.412380E+03     1 2.400E+01 1.606228E+02 1.606925E+02 -1.85831E-08 -3.77715E-03 5.763E-05 2.618E-02 -2.185E-04 -9.965E-02 -1.609E-04 -7.346E-02 -1.609E-04  9.999E+01 -6.969E-02 6.969E-02
   513 1.000000E+01 4.422380E+03     1 2.400E+01 1.606226E+02 1.606925E+02 -1.85805E-08 -3.77716E-03 5.762E-05 2.624E-02 -2.185E-04 -9.986E-02 -1.609E-04 -7.362E-02 -1.609E-04  9.999E+01 -6.985E-02 6.985E-02
   514 1.000000E+01 4.432380E+03     1 2.400E+01 1.606225E+02 1.606925E+02 -1.85779E-08 -3.77718E-03 5.761E-05 2.630E-02 -2.185E-04 -1.001E-01 -1.609E-04 -7.379E-02 -1.609E-04  9.999E+01 -7.001E-02 7.001E-02
   515 1.000000E+01 4.442380E+03     1 2.400E+01 1.606223E+02 1.606925E+02 -1.85753E-08 -3.77720E-03 5.760E-05 2.636E-02 -2.185E-04 -1.003E-01 -1.609E-04 -7.395E-02 -1.608E-04  9.999E+01 -7.017E-02 7.017E-02
   516 1.000000E+01 4.452380E+03     1 2.400E+01 1.606222E+02 1.606925E+02 -1.85727E-08 -3.77722E-03 5.759E-05 2.641E-02 -2.184E-04 -1.005E-01 -1.608E-04 -7.411E-02 -1.608E-04  9.999E+01 -7.033E-02 7.033E-02
   517 1.000000E+01 4.462380E+03     1 2.400E+01 1.606220E+02 1.606925E+02 -1.85701E-08 -3.77724E-03 5.758E-05 2.647E-02 -2.184E-04 -1.007E-01 -1.608E-04 -7.427E-02 -1.608E-04  9.999E+01 -7.049E-02 7.049E-02
   518 1.000000E+01 4.472380E+03     1 2.400E+01 1.606218E+02 1.606925E+02 -1.85676E-08 -3.77726E-03 5.757E-05 2.653E-02 -2.184E-04 -1.010E-01 -1.608E-04 -7.443E-02 -1.608E-04  9.999E+01 -7.065E-02 7.065E-02
   519 1.000000E+01 4.482380E+03     1 2.400E+01 1.606217E+02 1.606925E+02 -1.85650E-08 -3.77728E-03 5.756E-05 2.659E-02 -2.183E-04 -1.012E-01 -1.608E-04 -7.459E-02 -1.607E-04  9.999E+01 -7.081E-02 7.082E-02
   520 1.000000E+01 4.492380E+03     1 2.400E+01 1.606215E+02 1.606925E+02 -1.85625E-08 -3.77729E-03 5.755E-05 2.664E-02 -2.183E-04 -1.014E-01 -1.607E-04 -7.475E-02 -1.607E-04  9.999E+01 -7.097E-02 7.098E-02
   521 1.000000E+01 4.502380E+03     1 2.400E+01 1.606213E+02 1.606925E+02 -1.85724E-08 -3.77731E-03 5.754E-05 2.670E-02 -2.183E-04 -1.016E-01 -1.607E-04 -7.491E-02 -1.607E-04  9.999E+01 -7.113E-02 7.114E-02
   522 1.000000E+01 4.512380E+03     1 2.400E+01 1.606212E+02 1.606925E+02 -1.85605E-08 -3.77733E-03 5.753E-05 2.676E-02 -2.182E-04 -1.018E-01 -1.607E-04 -7.507E-02 -1.607E-04  9.999E+01 -7.129E-02 7.130E-02
   523 1.000000E+01 4.522380E+03     1 2.400E+01 1.606210E+02 1.606925E+02 -1.85556E-08 -3.77735E-03 5.752E-05 2.682E-02 -2.182E-04 -1.020E-01 -1.607E-04 -7.523E-02 -1.607E-04  9.999E+01 -7.146E-02 7.146E-02
   524 1.000000E+01 4.532380E+03     1 2.400E+01 1.606209E+02 1.606925E+02 -1.85517E-08 -3.77737E-03 5.750E-05 2.687E-02 -2.182E-04 -1.023E-01 -1.607E-04 -7.539E-02 -1.606E-04  9.999E+01 -7.162E-02 7.162E-02
   525 1.000000E+01 4.542380E+03     1 2.400E+01 1.606207E+02 1.606925E+02 -1.85483E-08 -3.77739E-03 5.749E-05 2.693E-02 -2.181E-04 -1.025E-01 -1.606E-04 -7.555E-02 -1.606E-04  9.999E+01 -7.178E-02 7.178E-02
   526 1.000000E+01 4.552380E+03     1 2.400E+01 1.606205E+02 1.606925E+02 -1.85450E-08 -3.77741E-03 5.748E-05 2.699E-02 -2.181E-04 -1.027E-01 -1.606E-04 -7.571E-02 -1.606E-04  9.999E+01 -7.194E-02 7.194E-02
   527 1.000000E+01 4.562380E+03     1 2.400E+01 1.606204E+02 1.606925E+02 -1.85419E-08 -3.77742E-03 5.747E-05 2.705E-02 -2.181E-04 -1.029E-01 -1.606E-04 -7.588E-02 -1.606E-04  9.999E+01 -7.210E-02 7.210E-02
   528 1.000000E+01 4.572380E+03     1 2.400E+01 1.606202E+02 1.606925E+02 -1.85389E-08 -3.77744E-03 5.746E-05 2.710E-02 -2.180E-04 -1.031E-01 -1.606E-04 -7.604E-02 -1.605E-04  9.999E+01 -7.226E-02 7.226E-02
   529 1.000000E+01 4.582380E+03     1 2.400E+01 1.606201E+02 1.606925E+02 -1.85360E-08 -3.77746E-03 5.745E-05 2.716E-02 -2.180E-04 -1.034E-01 -1.605E-04 -7.620E-02 -1.605E-04  9.999E+01 -7.242E-02 7.242E-02
   530 1.000000E+01 4.592380E+03     1 2.400E+01 1.606199E+02 1.606925E+02 -1.85331E-08 -3.77748E-03 5.744E-05 2.722E-02 -2.180E-04 -1.036E-01 -1.605E-04 -7.636E-02 -1.605E-04  9.999E+01 -7.258E-02 7.258E-02
   531 1.000000E+01 4.602380E+03     1 2.400E+01 1.606197E+02 1.606925E+02 -1.85303E-08 -3.77750E-03 5.743E-05 2.728E-02 -2.179E-04 -1.038E-01 -1.605E-04 -7.652E-02 -1.605E-04  9.999E+01 -7.274E-02 7.274E-02
   532 1.000000E+01 4.612380E+03     1 2.400E+01 1.606196E+02 1.606925E+02 -1.85275E-08 -3.77752E-03 5.742E-05 2.733E-02 -2.179E-04 -1.040E-01 -1.605E-04 -7.668E-02 -1.605E-04  9.999E+01 -7.290E-02 7.290E-02
   533 1.000000E+01 4.622380E+03     1 2.400E+01 1.606194E+02 1.606925E+02 -1.85248E-08 -3.77754E-03 5.741E-05 2.739E-02 -2.179E-04 -1.042E-01 -1.605E-04 -7.684E-02 -1.604E-04  9.999E+01 -7.306E-02 7.306E-02
   534 1.000000E+01 4.632380E+03     1 2.400E+01 1.606193E+02 1.606925E+02 -1.85221E-08 -3.77755E-03 5.740E-05 2.745E-02 -2.178E-04 -1.044E-01 -1.604E-04 -7.700E-02 -1.604E-04  9.999E+01 -7.322E-02 7.322E-02
   535 1.000000E+01 4.642380E+03     1 2.400E+01 1.606191E+02 1.606925E+02 -1.85212E-08 -3.77757E-03 5.739E-05 2.750E-02 -2.178E-04 -1.047E-01 -1.604E-04 -7.716E-02 -1.604E-04  9.999E+01 -7.338E-02 7.338E-02
   536 1.000000E+01 4.652380E+03     1 2.300E+01 1.606189E+02 1.606925E+02 -1.85572E-08 -3.77759E-03 5.738E-05 2.756E-02 -2.178E-04 -1.049E-01 -1.604E-04 -7.732E-02 -1.604E-04  9.999E+01 -7.354E-02 7.354E-02
   537 1.000000E+01 4.662380E+03     1 2.400E+01 1.606188E+02 1.606925E+02 -1.85114E-08 -3.77761E-03 5.737E-05 2.762E-02 -2.177E-04 -1.051E-01 -1.604E-04 -7.748E-02 -1.604E-04  9.999E+01 -7.370E-02 7.371E-02
   538 1.000000E+01 4.672380E+03     1 2.400E+01 1.606186E+02 1.606925E+02 -1.85066E-08 -3.77763E-03 5.736E-05 2.768E-02 -2.177E-04 -1.053E-01 -1.604E-04 -7.764E-02 -1.603E-04  9.999E+01 -7.386E-02 7.387E-02
   539 1.000000E+01 4.682380E+03     1 2.400E+01 1.606185E+02 1.606925E+02 -1.85024E-08 -3.77765E-03 5.735E-05 2.773E-02 -2.177E-04 -1.055E-01 -1.603E-04 -7.780E-02 -1.603E-04  9.999E+01 -7.402E-02 7.403E-02
   540 1.000000E+01 4.692380E+03     1 2.400E+01 1.606183E+02 1.606925E+02 -1.84985E-08 -3.77766E-03 5.733E-05 2.779E-02 -2.176E-04 -1.058E-01 -1.603E-04 -7.796E-02 -1.603E-04  9.999E+01 -7.418E-02 7.419E-02
   541 1.000000E+01 4.702380E+03     1 2.400E+01 1.606181E+02 1.606925E+02 -1.84948E-08 -3.77768E-03 5.732E-05 2.785E-02 -2.176E-04 -1.060E-01 -1.603E-04 -7.812E-02 -1.603E-04  9.999E+01 -7.434E-02 7.435E-02
   542 1.000000E+01 4.712380E+03     1 2.400E+01 1.606180E+02 1.606925E+02 -1.84913E-08 -3.77770E-03 5.731E-05 2.791E-02 -2.176E-04 -1.062E-01 -1.603E-04 -7.828E-02 -1.602E-04  9.999E+01 -7.450E-02 7.451E-02
   543 1.000000E+01 4.722380E+03     1 2.400E+01 1.606178E+02 1.606925E+02 -1.84878E-08 -3.77772E-03 5.730E-05 2.796E-02 -2.175E-04 -1.064E-01 -1.602E-04 -7.844E-02 -1.602E-04  9.999E+01 -7.466E-02 7.467E-02
   544 1.000000E+01 4.732380E+03     1 2.400E+01 1.606177E+02 1.606925E+02 -1.84845E-08 -3.77774E-03 5.729E-05 2.802E-02 -2.175E-04 -1.066E-01 -1.602E-04 -7.860E-02 -1.602E-04  9.999E+01 -7.482E-02 7.483E-02
   545 1.000000E+01 4.742380E+03     1 2.400E+01 1.606175E+02 1.606925E+02 -1.84812E-08 -3.77776E-03 5.728E-05 2.808E-02 -2.175E-04 -1.068E-01 -1.602E-04 -7.876E-02 -1.602E-04  9.999E+01 -7.498E-02 7.499E-02
   546 1.000000E+01 4.752380E+03     1 2.400E+01 1.606173E+02 1.606925E+02 -1.84780E-08 -3.77778E-03 5.727E-05 2.814E-02 -2.174E-04 -1.071E-01 -1.602E-04 -7.892E-02 -1.602E-04  9.999E+01 -7.514E-02 7.515E-02
   547 1.000000E+01 4.762380E+03     1 2.400E+01 1.606172E+02 1.606925E+02 -1.84749E-08 -3.77779E-03 5.726E-05 2.819E-02 -2.174E-04 -1.073E-01 -1.602E-04 -7.908E-02 -1.601E-04  9.999E+01 -7.530E-02 7.531E-02
   548 1.000000E+01 4.772380E+03     1 2.400E+01 1.606170E+02 1.606925E+02 -1.84718E-08 -3.77781E-03 5.725E-05 2.825E-02 -2.174E-04 -1.075E-01 -1.601E-04 -7.924E-02 -1.601E-04  9.999E+01 -7.546E-02 7.547E-02
   549 1.000000E+01 4.782380E+03     1 2.400E+01 1.606169E+02 1.606925E+02 -1.84687E-08 -3.77783E-03 5.724E-05 2.831E-02 -2.174E-04 -1.077E-01 -1.601E-04 -7.940E-02 -1.601E-04  9.999E+01 -7.562E-02 7.563E-02
   550 1.000000E+01 4.792380E+03     1 2.400E+01 1.606167E+02 1.606925E+02 -1.84657E-08 -3.77785E-03 5.723E-05 2.836E-02 -2.173E-04 -1.079E-01 -1.601E-04 -7.956E-02 -1.601E-04  9.999E+01 -7.578E-02 7.579E-02
   551 1.000000E+01 4.802380E+03     1 2.400E+01 1.606165E+02 1.606925E+02 -1.84627E-08 -3.77787E-03 5.722E-05 2.842E-02 -2.173E-04 -1.081E-01 -1.601E-04 -7.972E-02 -1.600E-04  9.999E+01 -7.594E-02 7.595E-02
   552 1.000000E+01 4.812380E+03     1 2.400E+01 1.606164E+02 1.606925E+02 -1.84597E-08 -3.77789E-03 5.721E-05 2.848E-02 -2.173E-04 -1.084E-01 -1.600E-04 -7.988E-02 -1.600E-04  9.999E+01 -7.610E-02 7.611E-02
   553 1.000000E+01 4.822380E+03     1 2.400E+01 1.606162E+02 1.606925E+02 -1.84568E-08 -3.77790E-03 5.720E-05 2.854E-02 -2.172E-04 -1.086E-01 -1.600E-04 -8.004E-02 -1.600E-04  9.999E+01 -7.626E-02 7.627E-02
   554 1.000000E+01 4.832380E+03     1 2.400E+01 1.606161E+02 1.606925E+02 -1.84539E-08 -3.77792E-03 5.719E-05 2.859E-02 -2.172E-04 -1.088E-01 -1.600E-04 -8.020E-02 -1.600E-04  9.999E+01 -7.642E-02 7.643E-02
   555 1.000000E+01 4.842380E+03     1 2.400E+01 1.606159E+02 1.606925E+02 -1.84510E-08 -3.77794E-03 5.718E-05 2.865E-02 -2.172E-04 -1.090E-01 -1.600E-04 -8.036E-02 -1.600E-04  9.999E+01 -7.658E-02 7.659E-02
   556 1.000000E+01 4.852380E+03     1 2.400E+01 1.606157E+02 1.606925E+02 -1.84481E-08 -3.77796E-03 5.716E-05 2.871E-02 -2.171E-04 -1.092E-01 -1.600E-04 -8.052E-02 -1.599E-04  9.999E+01 -7.674E-02 7.675E-02
   557 1.000000E+01 4.862380E+03     1 2.400E+01 1.606156E+02 1.606925E+02 -1.84453E-08 -3.77798E-03 5.715E-05 2.876E-02 -2.171E-04 -1.094E-01 -1.599E-04 -8.068E-02 -1.599E-04  9.999E+01 -7.690E-02 7.691E-02
   558 1.000000E+01 4.872380E+03     1 2.400E+01 1.606154E+02 1.606925E+02 -1.84424E-08 -3.77800E-03 5.714E-05 2.882E-02 -2.171E-04 -1.097E-01 -1.599E-04 -8.084E-02 -1.599E-04  9.999E+01 -7.706E-02 7.707E-02
   559 1.000000E+01 4.882380E+03     1 2.400E+01 1.606153E+02 1.606925E+02 -1.84396E-08 -3.77802E-03 5.713E-05 2.888E-02 -2.170E-04 -1.099E-01 -1.599E-04 -8.100E-02 -1.599E-04  9.999E+01 -7.722E-02 7.723E-02
   560 1.000000E+01 4.892380E+03     1 2.400E+01 1.606151E+02 1.606925E+02 -1.84369E-08 -3.77803E-03 5.712E-05 2.894E-02 -2.170E-04 -1.101E-01 -1.599E-04 -8.116E-02 -1.599E-04  9.999E+01 -7.738E-02 7.739E-02
   561 1.000000E+01 4.902380E+03     1 2.400E+01 1.606149E+02 1.606925E+02 -1.84341E-08 -3.77805E-03 5.711E-05 2.899E-02 -2.170E-04 -1.103E-01 -1.599E-04 -8.132E-02 -1.598E-04  9.999E+01 -7.754E-02 7.755E-02
   562 1.000000E+01 4.912380E+03     1 2.400E+01 1.606148E+02 1.606925E+02 -1.84313E-08 -3.77807E-03 5.710E-05 2.905E-02 -2.169E-04 -1.105E-01 -1.598E-04 -8.148E-02 -1.598E-04  9.999E+01 -7.770E-02 7.771E-02
   563 1.000000E+01 4.922380E+03     1 2.400E+01 1.606146E+02 1.606925E+02 -1.84286E-08 -3.77809E-03 5.709E-05 2.911E-02 -2.169E-04 -1.107E-01 -1.598E-04 -8.164E-02 -1.598E-04  9.999E+01 -7.786E-02 7.787E-02
   564 1.000000E+01 4.932380E+03     1 2.400E+01 1.606145E+02 1.606925E+02 -1.84259E-08 -3.77811E-03 5.708E-05 2.916E-02 -2.169E-04 -1.110E-01 -1.598E-04 -8.180E-02 -1.598E-04  9.999E+01 -7.802E-02 7.803E-02
   565 1.000000E+01 4.942380E+03     1 2.400E+01 1.606143E+02 1.606925E+02 -1.84232E-08 -3.77813E-03 5.707E-05 2.922E-02 -2.168E-04 -1.112E-01 -1.598E-04 -8.196E-02 -1.597E-04  9.999E+01 -7.818E-02 7.819E-02
   566 1.000000E+01 4.952380E+03     1 2.400E+01 1.606141E+02 1.606925E+02 -1.84205E-08 -3.77814E-03 5.706E-05 2.928E-02 -2.168E-04 -1.114E-01 -1.597E-04 -8.212E-02 -1.597E-04  9.999E+01 -7.834E-02 7.835E-02
   567 1.000000E+01 4.962380E+03     1 2.400E+01 1.606140E+02 1.606925E+02 -1.84178E-08 -3.77816E-03 5.705E-05 2.934E-02 -2.168E-04 -1.116E-01 -1.597E-04 -8.228E-02 -1.597E-04  9.999E+01 -7.850E-02 7.851E-02
   568 1.000000E+01 4.972380E+03     1 2.400E+01 1.606138E+02 1.606925E+02 -1.84151E-08 -3.77818E-03 5.704E-05 2.939E-02 -2.167E-04 -1.118E-01 -1.597E-04 -8.244E-02 -1.597E-04  9.999E+01 -7.866E-02 7.867E-02
   569 1.000000E+01 4.982380E+03     1 2.400E+01 1.606137E+02 1.606925E+02 -1.84124E-08 -3.77820E-03 5.703E-05 2.945E-02 -2.167E-04 -1.120E-01 -1.597E-04 -8.260E-02 -1.597E-04  9.999E+01 -7.882E-02 7.883E-02
   570 1.000000E+01 4.992380E+03     1 2.400E+01 1.606135E+02 1.606925E+02 -1.84098E-08 -3.77822E-03 5.702E-05 2.951E-02 -2.167E-04 -1.123E-01 -1.597E-04 -8.276E-02 -1.596E-04  9.999E+01 -7.898E-02 7.898E-02
   571 1.000000E+01 5.002380E+03     1 2.400E+01 1.606133E+02 1.606925E+02 -1.84072E-08 -3.77824E-03 5.701E-05 2.956E-02 -2.166E-04 -1.125E-01 -1.596E-04 -8.292E-02 -1.596E-04  9.999E+01 -7.914E-02 7.914E-02
   572 1.000000E+01 5.012380E+03     1 2.400E+01 1.606132E+02 1.606925E+02 -1.84045E-08 -3.77826E-03 5.699E-05 2.962E-02 -2.166E-04 -1.127E-01 -1.596E-04 -8.308E-02 -1.596E-04  9.999E+01 -7.930E-02 7.930E-02
   573 1.000000E+01 5.022380E+03     1 2.400E+01 1.606130E+02 1.606925E+02 -1.84019E-08 -3.77827E-03 5.698E-05 2.968E-02 -2.166E-04 -1.129E-01 -1.596E-04 -8.324E-02 -1.596E-04  9.999E+01 -7.946E-02 7.946E-02
   574 1.000000E+01 5.032380E+03     1 2.400E+01 1.606129E+02 1.606925E+02 -1.84045E-08 -3.77829E-03 5.697E-05 2.973E-02 -2.165E-04 -1.131E-01 -1.596E-04 -8.340E-02 -1.596E-04  9.999E+01 -7.962E-02 7.962E-02
   575 1.000000E+01 5.042380E+03     1 2.400E+01 1.606127E+02 1.606925E+02 -1.83978E-08 -3.77831E-03 5.696E-05 2.979E-02 -2.165E-04 -1.133E-01 -1.595E-04 -8.356E-02 -1.595E-04  9.999E+01 -7.978E-02 7.978E-02
   576 1.000000E+01 5.052380E+03     1 2.400E+01 1.606125E+02 1.606925E+02 -1.83937E-08 -3.77833E-03 5.695E-05 2.985E-02 -2.165E-04 -1.136E-01 -1.595E-04 -8.372E-02 -1.595E-04  9.999E+01 -7.994E-02 7.994E-02
   577 1.000000E+01 5.062380E+03     1 2.400E+01 1.606124E+02 1.606925E+02 -1.83902E-08 -3.77835E-03 5.694E-05 2.991E-02 -2.164E-04 -1.138E-01 -1.595E-04 -8.388E-02 -1.595E-04  9.999E+01 -8.010E-02 8.010E-02
   578 1.000000E+01 5.072380E+03     1 2.400E+01 1.606122E+02 1.606925E+02 -1.83871E-08 -3.77837E-03 5.693E-05 2.996E-02 -2.164E-04 -1.140E-01 -1.595E-04 -8.404E-02 -1.595E-04  9.999E+01 -8.026E-02 8.026E-02
   579 1.000000E+01 5.082380E+03     1 2.400E+01 1.606121E+02 1.606925E+02 -1.83840E-08 -3.77838E-03 5.692E-05 3.002E-02 -2.164E-04 -1.142E-01 -1.595E-04 -8.420E-02 -1.594E-04  9.999E+01 -8.042E-02 8.042E-02
   580 1.000000E+01 5.092380E+03     1 2.400E+01 1.606119E+02 1.606925E+02 -1.83810E-08 -3.77840E-03 5.691E-05 3.008E-02 -2.163E-04 -1.144E-01 -1.594E-04 -8.436E-02 -1.594E-04  9.999E+01 -8.058E-02 8.058E-02
   581 1.000000E+01 5.102380E+03     1 2.400E+01 1.606117E+02 1.606925E+02 -1.83782E-08 -3.77842E-03 5.690E-05 3.013E-02 -2.163E-04 -1.146E-01 -1.594E-04 -8.451E-02 -1.594E-04  9.999E+01 -8.074E-02 8.074E-02
   582 1.000000E+01 5.112380E+03     1 2.400E+01 1.606116E+02 1.606925E+02 -1.83753E-08 -3.77844E-03 5.689E-05 3.019E-02 -2.163E-04 -1.149E-01 -1.594E-04 -8.467E-02 -1.594E-04  9.999E+01 -8.090E-02 8.090E-02
   583 1.000000E+01 5.122380E+03     1 2.400E+01 1.606114E+02 1.606925E+02 -1.83725E-08 -3.77846E-03 5.688E-05 3.025E-02 -2.163E-04 -1.151E-01 -1.594E-04 -8.483E-02 -1.594E-04  9.999E+01 -8.106E-02 8.106E-02
   584 1.000000E+01 5.132380E+03     1 2.400E+01 1.606113E+02 1.606925E+02 -1.83698E-08 -3.77848E-03 5.687E-05 3.030E-02 -2.162E-04 -1.153E-01 -1.594E-04 -8.499E-02 -1.593E-04  9.999E+01 -8.121E-02 8.122E-02
   585 1.000000E+01 5.142380E+03     1 2.400E+01 1.606111E+02 1.606925E+02 -1.83670E-08 -3.77849E-03 5.686E-05 3.036E-02 -2.162E-04 -1.155E-01 -1.593E-04 -8.515E-02 -1.593E-04  9.999E+01 -8.137E-02 8.138E-02
   586 1.000000E+01 5.152380E+03     1 2.400E+01 1.606109E+02 1.606925E+02 -1.83643E-08 -3.77851E-03 5.685E-05 3.042E-02 -2.162E-04 -1.157E-01 -1.593E-04 -8.531E-02 -1.593E-04  9.999E+01 -8.153E-02 8.154E-02
   587 1.000000E+01 5.162380E+03     1 2.400E+01 1.606108E+02 1.606925E+02 -1.83617E-08 -3.77853E-03 5.684E-05 3.047E-02 -2.161E-04 -1.159E-01 -1.593E-04 -8.547E-02 -1.593E-04  9.999E+01 -8.169E-02 8.170E-02
   588 1.000000E+01 5.172380E+03     1 2.400E+01 1.606106E+02 1.606925E+02 -1.83590E-08 -3.77855E-03 5.683E-05 3.053E-02 -2.161E-04 -1.162E-01 -1.593E-04 -8.563E-02 -1.592E-04  9.999E+01 -8.185E-02 8.185E-02
   589 1.000000E+01 5.182380E+03     1 2.400E+01 1.606105E+02 1.606925E+02 -1.83564E-08 -3.77857E-03 5.681E-05 3.059E-02 -2.161E-04 -1.164E-01 -1.592E-04 -8.579E-02 -1.592E-04  9.999E+01 -8.201E-02 8.201E-02
   590 1.000000E+01 5.192380E+03     1 2.400E+01 1.606103E+02 1.606925E+02 -1.83537E-08 -3.77859E-03 5.680E-05 3.064E-02 -2.160E-04 -1.166E-01 -1.592E-04 -8.595E-02 -1.592E-04  9.999E+01 -8.217E-02 8.217E-02
   591 1.000000E+01 5.202380E+03     1 2.400E+01 1.606102E+02 1.606925E+02 -1.83511E-08 -3.77860E-03 5.679E-05 3.070E-02 -2.160E-04 -1.168E-01 -1.592E-04 -8.611E-02 -1.592E-04  9.999E+01 -8.233E-02 8.233E-02
   592 1.000000E+01 5.212380E+03     1 2.400E+01 1.606100E+02 1.606925E+02 -1.83485E-08 -3.77862E-03 5.678E-05 3.076E-02 -2.160E-04 -1.170E-01 -1.592E-04 -8.627E-02 -1.592E-04  9.999E+01 -8.249E-02 8.249E-02
   593 1.000000E+01 5.222380E+03     1 2.400E+01 1.606098E+02 1.606925E+02 -1.83459E-08 -3.77864E-03 5.677E-05 3.082E-02 -2.159E-04 -1.172E-01 -1.592E-04 -8.643E-02 -1.591E-04  9.999E+01 -8.265E-02 8.265E-02
   594 1.000000E+01 5.232380E+03     1 2.400E+01 1.606097E+02 1.606925E+02 -1.83433E-08 -3.77866E-03 5.676E-05 3.087E-02 -2.159E-04 -1.175E-01 -1.591E-04 -8.659E-02 -1.591E-04  9.999E+01 -8.281E-02 8.281E-02
   595 1.000000E+01 5.242380E+03     1 2.400E+01 1.606095E+02 1.606925E+02 -1.83408E-08 -3.77868E-03 5.675E-05 3.093E-02 -2.159E-04 -1.177E-01 -1.591E-04 -8.674E-02 -1.591E-04  9.999E+01 -8.297E-02 8.297E-02
   596 1.000000E+01 5.252380E+03     1 2.400E+01 1.606094E+02 1.606925E+02 -1.83382E-08 -3.77870E-03 5.674E-05 3.099E-02 -2.158E-04 -1.179E-01 -1.591E-04 -8.690E-02 -1.591E-04  9.999E+01 -8.312E-02 8.313E-02
   597 1.000000E+01 5.262380E+03     1 2.400E+01 1.606092E+02 1.606925E+02 -1.83357E-08 -3.77871E-03 5.673E-05 3.104E-02 -2.158E-04 -1.181E-01 -1.591E-04 -8.706E-02 -1.591E-04  9.999E+01 -8.328E-02 8.329E-02
   598 1.000000E+01 5.272380E+03     1 2.400E+01 1.606090E+02 1.606925E+02 -1.83331E-08 -3.77873E-03 5.672E-05 3.110E-02 -2.158E-04 -1.183E-01 -1.591E-04 -8.722E-02 -1.590E-04  9.999E+01 -8.344E-02 8.345E-02
   599 1.000000E+01 5.282380E+03     1 2.400E+01 1.606089E+02 1.606925E+02 -1.83306E-08 -3.77875E-03 5.671E-05 3.116E-02 -2.157E-04 -1.185E-01 -1.590E-04 -8.738E-02 -1.590E-04  9.999E+01 -8.360E-02 8.360E-02
   600 1.000000E+01 5.292380E+03     1 2.400E+01 1.606087E+02 1.606925E+02 -1.83281E-08 -3.77877E-03 5.670E-05 3.121E-02 -2.157E-04 -1.188E-01 -1.590E-04 -8.754E-02 -1.590E-04  9.999E+01 -8.376E-02 8.376E-02
   601 1.000000E+01 5.302380E+03     1 2.400E+01 1.606086E+02 1.606925E+02 -1.83256E-08 -3.77879E-03 5.669E-05 3.127E-02 -2.157E-04 -1.190E-01 -1.590E-04 -8.770E-02 -1.590E-04  9.999E+01 -8.392E-02 8.392E-02
   602 1.000000E+01 5.312380E+03     1 2.400E+01 1.606084E+02 1.606925E+02 -1.83231E-08 -3.77881E-03 5.668E-05 3.133E-02 -2.156E-04 -1.192E-01 -1.590E-04 -8.786E-02 -1.589E-04  9.999E+01 -8.408E-02 8.408E-02
   603 1.000000E+01 5.322380E+03     1 2.400E+01 1.606082E+02 1.606925E+02 -1.83206E-08 -3.77882E-03 5.667E-05 3.138E-02 -2.156E-04 -1.194E-01 -1.589E-04 -8.802E-02 -1.589E-04  9.999E+01 -8.424E-02 8.424E-02
   604 1.000000E+01 5.332380E+03     1 2.400E+01 1.606081E+02 1.606925E+02 -1.83181E-08 -3.77884E-03 5.666E-05 3.144E-02 -2.156E-04 -1.196E-01 -1.589E-04 -8.818E-02 -1.589E-04  9.999E+01 -8.440E-02 8.440E-02
   605 1.000000E+01 5.342380E+03     1 2.400E+01 1.606079E+02 1.606925E+02 -1.83156E-08 -3.77886E-03 5.665E-05 3.150E-02 -2.155E-04 -1.198E-01 -1.589E-04 -8.833E-02 -1.589E-04  9.999E+01 -8.456E-02 8.456E-02
   606 1.000000E+01 5.352380E+03     1 2.400E+01 1.606078E+02 1.606925E+02 -1.83188E-08 -3.77888E-03 5.664E-05 3.155E-02 -2.155E-04 -1.200E-01 -1.589E-04 -8.849E-02 -1.589E-04  9.999E+01 -8.471E-02 8.472E-02
   607 1.000000E+01 5.362380E+03     1 2.400E+01 1.606076E+02 1.606925E+02 -1.83196E-08 -3.77890E-03 5.662E-05 3.161E-02 -2.155E-04 -1.203E-01 -1.589E-04 -8.865E-02 -1.588E-04  9.999E+01 -8.487E-02 8.488E-02
   608 1.000000E+01 5.372380E+03     1 2.400E+01 1.606075E+02 1.606925E+02 -1.83091E-08 -3.77892E-03 5.661E-05 3.167E-02 -2.154E-04 -1.205E-01 -1.588E-04 -8.881E-02 -1.588E-04  9.999E+01 -8.503E-02 8.504E-02
   609 1.000000E+01 5.382380E+03     1 2.400E+01 1.606073E+02 1.606925E+02 -1.83039E-08 -3.77893E-03 5.660E-05 3.172E-02 -2.154E-04 -1.207E-01 -1.588E-04 -8.897E-02 -1.588E-04  9.999E+01 -8.519E-02 8.519E-02
   610 1.000000E+01 5.392380E+03     1 2.400E+01 1.606071E+02 1.606925E+02 -1.82996E-08 -3.77895E-03 5.659E-05 3.178E-02 -2.154E-04 -1.209E-01 -1.588E-04 -8.913E-02 -1.588E-04  9.999E+01 -8.535E-02 8.535E-02
   611 1.000000E+01 5.402380E+03     1 2.400E+01 1.606070E+02 1.606925E+02 -1.82958E-08 -3.77897E-03 5.658E-05 3.184E-02 -2.154E-04 -1.211E-01 -1.588E-04 -8.929E-02 -1.588E-04  9.999E+01 -8.551E-02 8.551E-02
   612 1.000000E+01 5.412380E+03     1 2.400E+01 1.606068E+02 1.606925E+02 -1.82923E-08 -3.77899E-03 5.657E-05 3.189E-02 -2.153E-04 -1.213E-01 -1.587E-04 -8.945E-02 -1.587E-04  9.999E+01 -8.567E-02 8.567E-02
   613 1.000000E+01 5.422380E+03     1 2.400E+01 1.606067E+02 1.606925E+02 -1.82889E-08 -3.77901E-03 5.656E-05 3.195E-02 -2.153E-04 -1.216E-01 -1.587E-04 -8.960E-02 -1.587E-04  9.999E+01 -8.583E-02 8.583E-02
   614 1.000000E+01 5.432380E+03     1 2.400E+01 1.606065E+02 1.606925E+02 -1.82856E-08 -3.77903E-03 5.655E-05 3.200E-02 -2.153E-04 -1.218E-01 -1.587E-04 -8.976E-02 -1.587E-04  9.999E+01 -8.598E-02 8.599E-02
   615 1.000000E+01 5.442380E+03     1 2.400E+01 1.606063E+02 1.606925E+02 -1.82825E-08 -3.77904E-03 5.654E-05 3.206E-02 -2.152E-04 -1.220E-01 -1.587E-04 -8.992E-02 -1.587E-04  9.999E+01 -8.614E-02 8.615E-02
   616 1.000000E+01 5.452380E+03     1 2.400E+01 1.606062E+02 1.606925E+02 -1.82794E-08 -3.77906E-03 5.653E-05 3.212E-02 -2.152E-04 -1.222E-01 -1.587E-04 -9.008E-02 -1.586E-04  9.999E+01 -8.630E-02 8.630E-02
   617 1.000000E+01 5.462380E+03     1 2.400E+01 1.606060E+02 1.606925E+02 -1.82764E-08 -3.77908E-03 5.652E-05 3.217E-02 -2.152E-04 -1.224E-01 -1.586E-04 -9.024E-02 -1.586E-04  9.999E+01 -8.646E-02 8.646E-02
   618 1.000000E+01 5.472380E+03     1 2.400E+01 1.606059E+02 1.606925E+02 -1.82735E-08 -3.77910E-03 5.651E-05 3.223E-02 -2.151E-04 -1.226E-01 -1.586E-04 -9.040E-02 -1.586E-04  9.999E+01 -8.662E-02 8.662E-02
   619 1.000000E+01 5.482380E+03     1 2.400E+01 1.606057E+02 1.606925E+02 -1.82706E-08 -3.77912E-03 5.650E-05 3.229E-02 -2.151E-04 -1.228E-01 -1.586E-04 -9.056E-02 -1.586E-04  9.999E+01 -8.678E-02 8.678E-02
   620 1.000000E+01 5.492380E+03     1 2.400E+01 1.606055E+02 1.606925E+02 -1.82716E-08 -3.77914E-03 5.649E-05 3.234E-02 -2.151E-04 -1.231E-01 -1.586E-04 -9.072E-02 -1.586E-04  9.999E+01 -8.694E-02 8.694E-02
   621 1.000000E+01 5.502380E+03     1 2.400E+01 1.606054E+02 1.606925E+02 -1.82732E-08 -3.77915E-03 5.648E-05 3.240E-02 -2.150E-04 -1.233E-01 -1.586E-04 -9.087E-02 -1.585E-04  9.999E+01 -8.709E-02 8.710E-02
   622 1.000000E+01 5.512380E+03     1 2.400E+01 1.606052E+02 1.606925E+02 -1.82637E-08 -3.77917E-03 5.647E-05 3.246E-02 -2.150E-04 -1.235E-01 -1.585E-04 -9.103E-02 -1.585E-04  9.999E+01 -8.725E-02 8.726E-02
   623 1.000000E+01 5.522380E+03     1 2.400E+01 1.606051E+02 1.606925E+02 -1.82590E-08 -3.77919E-03 5.646E-05 3.251E-02 -2.150E-04 -1.237E-01 -1.585E-04 -9.119E-02 -1.585E-04  9.999E+01 -8.741E-02 8.741E-02
   624 1.000000E+01 5.532380E+03     1 2.400E+01 1.606049E+02 1.606925E+02 -1.82552E-08 -3.77921E-03 5.645E-05 3.257E-02 -2.149E-04 -1.239E-01 -1.585E-04 -9.135E-02 -1.585E-04  9.999E+01 -8.757E-02 8.757E-02
   625 1.000000E+01 5.542380E+03     1 2.400E+01 1.606048E+02 1.606925E+02 -1.82516E-08 -3.77923E-03 5.643E-05 3.263E-02 -2.149E-04 -1.241E-01 -1.585E-04 -9.151E-02 -1.585E-04  9.999E+01 -8.773E-02 8.773E-02
   626 1.000000E+01 5.552380E+03     1 2.400E+01 1.606046E+02 1.606925E+02 -1.82482E-08 -3.77924E-03 5.642E-05 3.268E-02 -2.149E-04 -1.243E-01 -1.584E-04 -9.167E-02 -1.584E-04  9.999E+01 -8.789E-02 8.789E-02
   627 1.000000E+01 5.562380E+03     1 2.400E+01 1.606044E+02 1.606925E+02 -1.82450E-08 -3.77926E-03 5.641E-05 3.274E-02 -2.148E-04 -1.246E-01 -1.584E-04 -9.182E-02 -1.584E-04  9.999E+01 -8.805E-02 8.805E-02
   628 1.000000E+01 5.572380E+03     1 2.400E+01 1.606043E+02 1.606925E+02 -1.82418E-08 -3.77928E-03 5.640E-05 3.280E-02 -2.148E-04 -1.248E-01 -1.584E-04 -9.198E-02 -1.584E-04  9.999E+01 -8.820E-02 8.821E-02
   629 1.000000E+01 5.582380E+03     1 2.400E+01 1.606041E+02 1.606925E+02 -1.82387E-08 -3.77930E-03 5.639E-05 3.285E-02 -2.148E-04 -1.250E-01 -1.584E-04 -9.214E-02 -1.584E-04  9.999E+01 -8.836E-02 8.837E-02
   630 1.000000E+01 5.592380E+03     1 2.400E+01 1.606040E+02 1.606925E+02 -1.82357E-08 -3.77932E-03 5.638E-05 3.291E-02 -2.147E-04 -1.252E-01 -1.584E-04 -9.230E-02 -1.583E-04  9.999E+01 -8.852E-02 8.852E-02
   631 1.000000E+01 5.602380E+03     1 2.400E+01 1.606038E+02 1.606925E+02 -1.82328E-08 -3.77934E-03 5.637E-05 3.296E-02 -2.147E-04 -1.254E-01 -1.583E-04 -9.246E-02 -1.583E-04  9.999E+01 -8.868E-02 8.868E-02
   632 1.000000E+01 5.612380E+03     1 2.400E+01 1.606036E+02 1.606925E+02 -1.82298E-08 -3.77935E-03 5.636E-05 3.302E-02 -2.147E-04 -1.256E-01 -1.583E-04 -9.262E-02 -1.583E-04  9.999E+01 -8.884E-02 8.884E-02
   633 1.000000E+01 5.622380E+03     1 2.400E+01 1.606035E+02 1.606925E+02 -1.82270E-08 -3.77937E-03 5.635E-05 3.308E-02 -2.146E-04 -1.259E-01 -1.583E-04 -9.277E-02 -1.583E-04  9.999E+01 -8.900E-02 8.900E-02
   634 1.000000E+01 5.632380E+03     1 2.400E+01 1.606033E+02 1.606925E+02 -1.82241E-08 -3.77939E-03 5.634E-05 3.313E-02 -2.146E-04 -1.261E-01 -1.583E-04 -9.293E-02 -1.583E-04  9.999E+01 -8.915E-02 8.916E-02
   635 1.000000E+01 5.642380E+03     1 2.400E+01 1.606032E+02 1.606925E+02 -1.82213E-08 -3.77941E-03 5.633E-05 3.319E-02 -2.146E-04 -1.263E-01 -1.583E-04 -9.309E-02 -1.582E-04  9.999E+01 -8.931E-02 8.931E-02
   636 1.000000E+01 5.652380E+03     1 2.400E+01 1.606030E+02 1.606925E+02 -1.82185E-08 -3.77943E-03 5.632E-05 3.325E-02 -2.146E-04 -1.265E-01 -1.582E-04 -9.325E-02 -1.582E-04  9.999E+01 -8.947E-02 8.947E-02
   637 1.000000E+01 5.662380E+03     1 2.400E+01 1.606029E+02 1.606925E+02 -1.82157E-08 -3.77945E-03 5.631E-05 3.330E-02 -2.145E-04 -1.267E-01 -1.582E-04 -9.341E-02 -1.582E-04  9.999E+01 -8.963E-02 8.963E-02
   638 1.000000E+01 5.672380E+03     1 2.400E+01 1.606027E+02 1.606925E+02 -1.82130E-08 -3.77946E-03 5.630E-05 3.336E-02 -2.145E-04 -1.269E-01 -1.582E-04 -9.357E-02 -1.582E-04  9.999E+01 -8.979E-02 8.979E-02
   639 1.000000E+01 5.682380E+03     1 2.400E+01 1.606025E+02 1.606925E+02 -1.82103E-08 -3.77948E-03 5.629E-05 3.342E-02 -2.145E-04 -1.271E-01 -1.582E-04 -9.372E-02 -1.581E-04  9.999E+01 -8.994E-02 8.995E-02
   640 1.000000E+01 5.692380E+03     1 2.400E+01 1.606024E+02 1.606925E+02 -1.82076E-08 -3.77950E-03 5.628E-05 3.347E-02 -2.144E-04 -1.274E-01 -1.581E-04 -9.388E-02 -1.581E-04  9.999E+01 -9.010E-02 9.011E-02
   641 1.000000E+01 5.702380E+03     1 2.400E+01 1.606022E+02 1.606925E+02 -1.82049E-08 -3.77952E-03 5.627E-05 3.353E-02 -2.144E-04 -1.276E-01 -1.581E-04 -9.404E-02 -1.581E-04  9.999E+01 -9.026E-02 9.026E-02
   642 1.000000E+01 5.712380E+03     1 2.400E+01 1.606021E+02 1.606925E+02 -1.82022E-08 -3.77954E-03 5.626E-05 3.358E-02 -2.144E-04 -1.278E-01 -1.581E-04 -9.420E-02 -1.581E-04  9.999E+01 -9.042E-02 9.042E-02
   643 1.000000E+01 5.722380E+03     1 2.400E+01 1.606019E+02 1.606925E+02 -1.81999E-08 -3.77955E-03 5.625E-05 3.364E-02 -2.143E-04 -1.280E-01 -1.581E-04 -9.436E-02 -1.581E-04  9.999E+01 -9.058E-02 9.058E-02
   644 1.000000E+01 5.732380E+03     1 2.300E+01 1.606017E+02 1.606925E+02 -1.82147E-08 -3.77957E-03 5.623E-05 3.370E-02 -2.143E-04 -1.282E-01 -1.581E-04 -9.451E-02 -1.580E-04  9.999E+01 -9.073E-02 9.074E-02
   645 1.000000E+01 5.742380E+03     1 2.400E+01 1.606016E+02 1.606925E+02 -1.81904E-08 -3.77959E-03 5.622E-05 3.375E-02 -2.143E-04 -1.284E-01 -1.580E-04 -9.467E-02 -1.580E-04  9.999E+01 -9.089E-02 9.090E-02
   646 1.000000E+01 5.752380E+03     1 2.400E+01 1.606014E+02 1.606925E+02 -1.81863E-08 -3.77961E-03 5.621E-05 3.381E-02 -2.142E-04 -1.286E-01 -1.580E-04 -9.483E-02 -1.580E-04  9.999E+01 -9.105E-02 9.105E-02
   647 1.000000E+01 5.762380E+03     1 2.400E+01 1.606013E+02 1.606925E+02 -1.81828E-08 -3.77963E-03 5.620E-05 3.387E-02 -2.142E-04 -1.289E-01 -1.580E-04 -9.499E-02 -1.580E-04  9.999E+01 -9.121E-02 9.121E-02
   648 1.000000E+01 5.772380E+03     1 2.400E+01 1.606011E+02 1.606925E+02 -1.81794E-08 -3.77965E-03 5.619E-05 3.392E-02 -2.142E-04 -1.291E-01 -1.580E-04 -9.515E-02 -1.580E-04  9.999E+01 -9.137E-02 9.137E-02
   649 1.000000E+01 5.782380E+03     1 2.400E+01 1.606010E+02 1.606925E+02 -1.81762E-08 -3.77966E-03 5.618E-05 3.398E-02 -2.141E-04 -1.293E-01 -1.580E-04 -9.530E-02 -1.579E-04  9.999E+01 -9.152E-02 9.153E-02
   650 1.000000E+01 5.792380E+03     1 2.400E+01 1.606008E+02 1.606925E+02 -1.81731E-08 -3.77968E-03 5.617E-05 3.403E-02 -2.141E-04 -1.295E-01 -1.579E-04 -9.546E-02 -1.579E-04  9.999E+01 -9.168E-02 9.169E-02
   651 1.000000E+01 5.802380E+03     1 2.400E+01 1.606006E+02 1.606925E+02 -1.81701E-08 -3.77970E-03 5.616E-05 3.409E-02 -2.141E-04 -1.297E-01 -1.579E-04 -9.562E-02 -1.579E-04  9.999E+01 -9.184E-02 9.184E-02
   652 1.000000E+01 5.812380E+03     1 2.400E+01 1.606005E+02 1.606925E+02 -1.81671E-08 -3.77972E-03 5.615E-05 3.415E-02 -2.140E-04 -1.299E-01 -1.579E-04 -9.578E-02 -1.579E-04  9.999E+01 -9.200E-02 9.200E-02
   653 1.000000E+01 5.822380E+03     1 2.400E+01 1.606003E+02 1.606925E+02 -1.81641E-08 -3.77974E-03 5.614E-05 3.420E-02 -2.140E-04 -1.301E-01 -1.579E-04 -9.594E-02 -1.578E-04  9.999E+01 -9.216E-02 9.216E-02
   654 1.000000E+01 5.832380E+03     1 2.400E+01 1.606002E+02 1.606925E+02 -1.81612E-08 -3.77975E-03 5.613E-05 3.426E-02 -2.140E-04 -1.304E-01 -1.578E-04 -9.609E-02 -1.578E-04  9.999E+01 -9.231E-02 9.232E-02
   655 1.000000E+01 5.842380E+03     1 2.400E+01 1.606000E+02 1.606925E+02 -1.81583E-08 -3.77977E-03 5.612E-05 3.431E-02 -2.139E-04 -1.306E-01 -1.578E-04 -9.625E-02 -1.578E-04  9.999E+01 -9.247E-02 9.248E-02
   656 1.000000E+01 5.852380E+03     1 2.400E+01 1.605999E+02 1.606925E+02 -1.81554E-08 -3.77979E-03 5.611E-05 3.437E-02 -2.139E-04 -1.308E-01 -1.578E-04 -9.641E-02 -1.578E-04  9.999E+01 -9.263E-02 9.263E-02
   657 1.000000E+01 5.862380E+03     1 2.400E+01 1.605997E+02 1.606925E+02 -1.81526E-08 -3.77981E-03 5.610E-05 3.443E-02 -2.139E-04 -1.310E-01 -1.578E-04 -9.657E-02 -1.578E-04  9.999E+01 -9.279E-02 9.279E-02
   658 1.000000E+01 5.872380E+03     1 2.400E+01 1.605995E+02 1.606925E+02 -1.81498E-08 -3.77983E-03 5.609E-05 3.448E-02 -2.138E-04 -1.312E-01 -1.578E-04 -9.673E-02 -1.577E-04  9.999E+01 -9.295E-02 9.295E-02
   659 1.000000E+01 5.882380E+03     1 2.400E+01 1.605994E+02 1.606925E+02 -1.81470E-08 -3.77985E-03 5.608E-05 3.454E-02 -2.138E-04 -1.314E-01 -1.577E-04 -9.688E-02 -1.577E-04  9.999E+01 -9.310E-02 9.311E-02
   660 1.000000E+01 5.892380E+03     1 2.400E+01 1.605992E+02 1.606925E+02 -1.81442E-08 -3.77986E-03 5.607E-05 3.459E-02 -2.138E-04 -1.316E-01 -1.577E-04 -9.704E-02 -1.577E-04  9.999E+01 -9.326E-02 9.326E-02
   661 1.000000E+01 5.902380E+03     1 2.400E+01 1.605991E+02 1.606925E+02 -1.81414E-08 -3.77988E-03 5.606E-05 3.465E-02 -2.138E-04 -1.318E-01 -1.577E-04 -9.720E-02 -1.577E-04  9.999E+01 -9.342E-02 9.342E-02
   662 1.000000E+01 5.912380E+03     1 2.400E+01 1.605989E+02 1.606925E+02 -1.81387E-08 -3.77990E-03 5.605E-05 3.471E-02 -2.137E-04 -1.321E-01 -1.577E-04 -9.736E-02 -1.577E-04  9.999E+01 -9.358E-02 9.358E-02
   663 1.000000E+01 5.922380E+03     1 2.400E+01 1.605987E+02 1.606925E+02 -1.81359E-08 -3.77992E-03 5.604E-05 3.476E-02 -2.137E-04 -1.323E-01 -1.577E-04 -9.751E-02 -1.576E-04  9.999E+01 -9.373E-02 9.374E-02
   664 1.000000E+01 5.932380E+03     1 2.400E+01 1.605986E+02 1.606925E+02 -1.81332E-08 -3.77994E-03 5.602E-05 3.482E-02 -2.137E-04 -1.325E-01 -1.576E-04 -9.767E-02 -1.576E-04  9.999E+01 -9.389E-02 9.389E-02
   665 1.000000E+01 5.942380E+03     1 2.400E+01 1.605984E+02 1.606925E+02 -1.81305E-08 -3.77995E-03 5.601E-05 3.488E-02 -2.136E-04 -1.327E-01 -1.576E-04 -9.783E-02 -1.576E-04  9.999E+01 -9.405E-02 9.405E-02
   666 1.000000E+01 5.952380E+03     1 2.400E+01 1.605983E+02 1.606925E+02 -1.81278E-08 -3.77997E-03 5.600E-05 3.493E-02 -2.136E-04 -1.329E-01 -1.576E-04 -9.799E-02 -1.576E-04  9.999E+01 -9.421E-02 9.421E-02
   667 1.000000E+01 5.962380E+03     1 2.400E+01 1.605981E+02 1.606925E+02 -1.81251E-08 -3.77999E-03 5.599E-05 3.499E-02 -2.136E-04 -1.331E-01 -1.576E-04 -9.814E-02 -1.575E-04  9.999E+01 -9.436E-02 9.437E-02
   668 1.000000E+01 5.972380E+03     1 2.400E+01 1.605980E+02 1.606925E+02 -1.81224E-08 -3.78001E-03 5.598E-05 3.504E-02 -2.135E-04 -1.333E-01 -1.575E-04 -9.830E-02 -1.575E-04  9.999E+01 -9.452E-02 9.452E-02
   669 1.000000E+01 5.982380E+03     1 2.400E+01 1.605978E+02 1.606925E+02 -1.81198E-08 -3.78003E-03 5.597E-05 3.510E-02 -2.135E-04 -1.336E-01 -1.575E-04 -9.846E-02 -1.575E-04  9.999E+01 -9.468E-02 9.468E-02
   670 1.000000E+01 5.992380E+03     1 2.400E+01 1.605976E+02 1.606925E+02 -1.81171E-08 -3.78004E-03 5.596E-05 3.515E-02 -2.135E-04 -1.338E-01 -1.575E-04 -9.862E-02 -1.575E-04  9.999E+01 -9.484E-02 9.484E-02
   671 1.000000E+01 6.002380E+03     1 2.400E+01 1.605975E+02 1.606925E+02 -1.81145E-08 -3.78006E-03 5.595E-05 3.521E-02 -2.134E-04 -1.340E-01 -1.575E-04 -9.877E-02 -1.575E-04  9.999E+01 -9.499E-02 9.500E-02
   672 1.000000E+01 6.012380E+03     1 2.400E+01 1.605973E+02 1.606925E+02 -1.81157E-08 -3.78008E-03 5.594E-05 3.527E-02 -2.134E-04 -1.342E-01 -1.575E-04 -9.893E-02 -1.574E-04  9.999E+01 -9.515E-02 9.515E-02
   673 1.000000E+01 6.022380E+03     1 2.400E+01 1.605972E+02 1.606925E+02 -1.81199E-08 -3.78010E-03 5.593E-05 3.532E-02 -2.134E-04 -1.344E-01 -1.574E-04 -9.909E-02 -1.574E-04  9.999E+01 -9.531E-02 9.531E-02
   674 1.000000E+01 6.032380E+03     1 2.400E+01 1.605970E+02 1.606925E+02 -1.81089E-08 -3.78012E-03 5.592E-05 3.538E-02 -2.133E-04 -1.346E-01 -1.574E-04 -9.925E-02 -1.574E-04  9.999E+01 -9.547E-02 9.547E-02
   675 1.000000E+01 6.042380E+03     1 2.400E+01 1.605969E+02 1.606925E+02 -1.81031E-08 -3.78014E-03 5.591E-05 3.543E-02 -2.133E-04 -1.348E-01 -1.574E-04 -9.940E-02 -1.574E-04  9.999E+01 -9.562E-02 9.563E-02
   676 1.000000E+01 6.052380E+03     1 2.400E+01 1.605967E+02 1.606925E+02 -1.80995E-08 -3.78015E-03 5.590E-05 3.549E-02 -2.133E-04 -1.351E-01 -1.574E-04 -9.956E-02 -1.574E-04  9.999E+01 -9.578E-02 9.578E-02
   677 1.000000E+01 6.062380E+03     1 2.400E+01 1.605965E+02 1.606925E+02 -1.80966E-08 -3.78017E-03 5.589E-05 3.555E-02 -2.132E-04 -1.353E-01 -1.573E-04 -9.972E-02 -1.573E-04  9.999E+01 -9.594E-02 9.594E-02
   678 1.000000E+01 6.072380E+03     1 2.400E+01 1.605964E+02 1.606925E+02 -1.80938E-08 -3.78019E-03 5.587E-05 3.560E-02 -2.132E-04 -1.355E-01 -1.573E-04 -9.988E-02 -1.573E-04  9.999E+01 -9.610E-02 9.610E-02
   679 1.000000E+01 6.082380E+03     1 2.400E+01 1.605962E+02 1.606925E+02 -1.80912E-08 -3.78021E-03 5.586E-05 3.566E-02 -2.132E-04 -1.357E-01 -1.573E-04 -1.000E-01 -1.573E-04  9.999E+01 -9.625E-02 9.626E-02
   680 1.000000E+01 6.092380E+03     1 2.400E+01 1.605961E+02 1.606925E+02 -1.80885E-08 -3.78023E-03 5.585E-05 3.571E-02 -2.131E-04 -1.359E-01 -1.573E-04 -1.002E-01 -1.573E-04  9.999E+01 -9.641E-02 9.641E-02
   681 1.000000E+01 6.102380E+03     1 2.400E+01 1.605959E+02 1.606925E+02 -1.80860E-08 -3.78024E-03 5.584E-05 3.577E-02 -2.131E-04 -1.361E-01 -1.573E-04 -1.003E-01 -1.572E-04  9.999E+01 -9.657E-02 9.657E-02
   682 1.000000E+01 6.112380E+03     1 2.400E+01 1.605958E+02 1.606925E+02 -1.80834E-08 -3.78026E-03 5.583E-05 3.583E-02 -2.131E-04 -1.363E-01 -1.572E-04 -1.005E-01 -1.572E-04  9.999E+01 -9.672E-02 9.673E-02
   683 1.000000E+01 6.122380E+03     1 2.400E+01 1.605956E+02 1.606925E+02 -1.80808E-08 -3.78028E-03 5.582E-05 3.588E-02 -2.130E-04 -1.365E-01 -1.572E-04 -1.007E-01 -1.572E-04  9.999E+01 -9.688E-02 9.688E-02
   684 1.000000E+01 6.132380E+03     1 2.400E+01 1.605954E+02 1.606925E+02 -1.80782E-08 -3.78030E-03 5.581E-05 3.594E-02 -2.130E-04 -1.368E-01 -1.572E-04 -1.008E-01 -1.572E-04  9.999E+01 -9.704E-02 9.704E-02
   685 1.000000E+01 6.142380E+03     1 2.400E+01 1.605953E+02 1.606925E+02 -1.80757E-08 -3.78032E-03 5.580E-05 3.599E-02 -2.130E-04 -1.370E-01 -1.572E-04 -1.010E-01 -1.572E-04  9.999E+01 -9.720E-02 9.720E-02
   686 1.000000E+01 6.152380E+03     1 2.400E+01 1.605951E+02 1.606925E+02 -1.80731E-08 -3.78033E-03 5.579E-05 3.605E-02 -2.129E-04 -1.372E-01 -1.572E-04 -1.011E-01 -1.571E-04  9.999E+01 -9.735E-02 9.736E-02
   687 1.000000E+01 6.162380E+03     1 2.400E+01 1.605950E+02 1.606925E+02 -1.80706E-08 -3.78035E-03 5.578E-05 3.610E-02 -2.129E-04 -1.374E-01 -1.571E-04 -1.013E-01 -1.571E-04  9.999E+01 -9.751E-02 9.751E-02
   688 1.000000E+01 6.172380E+03     1 2.400E+01 1.605948E+02 1.606925E+02 -1.80681E-08 -3.78037E-03 5.576E-05 3.616E-02 -2.129E-04 -1.376E-01 -1.571E-04 -1.014E-01 -1.571E-04  9.999E+01 -9.767E-02 9.767E-02
   689 1.000000E+01 6.182380E+03     1 2.400E+01 1.605947E+02 1.606925E+02 -1.80656E-08 -3.78039E-03 5.575E-05 3.622E-02 -2.128E-04 -1.378E-01 -1.571E-04 -1.016E-01 -1.571E-04  9.999E+01 -9.782E-02 9.783E-02
   690 1.000000E+01 6.192380E+03     1 2.400E+01 1.605945E+02 1.606925E+02 -1.80630E-08 -3.78041E-03 5.574E-05 3.627E-02 -2.128E-04 -1.380E-01 -1.571E-04 -1.018E-01 -1.571E-04  9.999E+01 -9.798E-02 9.798E-02
   691 1.000000E+01 6.202380E+03     1 2.400E+01 1.605943E+02 1.606925E+02 -1.80605E-08 -3.78042E-03 5.573E-05 3.633E-02 -2.128E-04 -1.382E-01 -1.571E-04 -1.019E-01 -1.570E-04  9.999E+01 -9.814E-02 9.814E-02
   692 1.000000E+01 6.212380E+03     1 2.400E+01 1.605942E+02 1.606925E+02 -1.80580E-08 -3.78044E-03 5.572E-05 3.638E-02 -2.128E-04 -1.385E-01 -1.570E-04 -1.021E-01 -1.570E-04  9.999E+01 -9.830E-02 9.830E-02
   693 1.000000E+01 6.222380E+03     1 2.400E+01 1.605940E+02 1.606925E+02 -1.80555E-08 -3.78046E-03 5.571E-05 3.644E-02 -2.127E-04 -1.387E-01 -1.570E-04 -1.022E-01 -1.570E-04  9.999E+01 -9.845E-02 9.846E-02
   694 1.000000E+01 6.232380E+03     1 2.400E+01 1.605939E+02 1.606925E+02 -1.80530E-08 -3.78048E-03 5.570E-05 3.649E-02 -2.127E-04 -1.389E-01 -1.570E-04 -1.024E-01 -1.570E-04  9.999E+01 -9.861E-02 9.861E-02
   695 1.000000E+01 6.242380E+03     1 2.400E+01 1.605937E+02 1.606925E+02 -1.80505E-08 -3.78050E-03 5.569E-05 3.655E-02 -2.127E-04 -1.391E-01 -1.570E-04 -1.025E-01 -1.569E-04  9.999E+01 -9.877E-02 9.877E-02
   696 1.000000E+01 6.252380E+03     1 2.400E+01 1.605936E+02 1.606925E+02 -1.80481E-08 -3.78051E-03 5.568E-05 3.661E-02 -2.126E-04 -1.393E-01 -1.569E-04 -1.027E-01 -1.569E-04  9.999E+01 -9.892E-02 9.893E-02
   697 1.000000E+01 6.262380E+03     1 2.400E+01 1.605934E+02 1.606925E+02 -1.80456E-08 -3.78053E-03 5.567E-05 3.666E-02 -2.126E-04 -1.395E-01 -1.569E-04 -1.029E-01 -1.569E-04  9.999E+01 -9.908E-02 9.908E-02
   698 1.000000E+01 6.272380E+03     1 2.400E+01 1.605932E+02 1.606925E+02 -1.80431E-08 -3.78055E-03 5.566E-05 3.672E-02 -2.126E-04 -1.397E-01 -1.569E-04 -1.030E-01 -1.569E-04  9.999E+01 -9.924E-02 9.924E-02
   699 1.000000E+01 6.282380E+03     1 2.400E+01 1.605931E+02 1.606925E+02 -1.80407E-08 -3.78057E-03 5.565E-05 3.677E-02 -2.125E-04 -1.399E-01 -1.569E-04 -1.032E-01 -1.569E-04  9.999E+01 -9.939E-02 9.940E-02
   700 1.000000E+01 6.292380E+03     1 2.400E+01 1.605929E+02 1.606925E+02 -1.80382E-08 -3.78059E-03 5.564E-05 3.683E-02 -2.125E-04 -1.402E-01 -1.569E-04 -1.033E-01 -1.568E-04  9.999E+01 -9.955E-02 9.955E-02
   701 1.000000E+01 6.302380E+03     1 2.400E+01 1.605928E+02 1.606925E+02 -1.80358E-08 -3.78060E-03 5.563E-05 3.688E-02 -2.125E-04 -1.404E-01 -1.568E-04 -1.035E-01 -1.568E-04  9.999E+01 -9.971E-02 9.971E-02
   702 1.000000E+01 6.312380E+03     1 2.400E+01 1.605926E+02 1.606925E+02 -1.80333E-08 -3.78062E-03 5.561E-05 3.694E-02 -2.124E-04 -1.406E-01 -1.568E-04 -1.036E-01 -1.568E-04  9.999E+01 -9.986E-02 9.987E-02
   703 1.000000E+01 6.322380E+03     1 2.400E+01 1.605925E+02 1.606925E+02 -1.80309E-08 -3.78064E-03 5.560E-05 3.700E-02 -2.124E-04 -1.408E-01 -1.568E-04 -1.038E-01 -1.568E-04  9.999E+01 -1.000E-01 1.000E-01
   704 1.000000E+01 6.332380E+03     1 2.400E+01 1.605923E+02 1.606925E+02 -1.80272E-08 -3.78066E-03 5.559E-05 3.705E-02 -2.124E-04 -1.410E-01 -1.568E-04 -1.040E-01 -1.568E-04  9.999E+01 -1.002E-01 1.002E-01
   705 1.000000E+01 6.342380E+03     1 2.400E+01 1.605921E+02 1.606925E+02 -1.80246E-08 -3.78068E-03 5.558E-05 3.711E-02 -2.123E-04 -1.412E-01 -1.568E-04 -1.041E-01 -1.567E-04  9.999E+01 -1.003E-01 1.003E-01
   706 1.000000E+01 6.352380E+03     1 2.400E+01 1.605920E+02 1.606925E+02 -1.80222E-08 -3.78070E-03 5.557E-05 3.716E-02 -2.123E-04 -1.414E-01 -1.567E-04 -1.043E-01 -1.567E-04  9.999E+01 -1.005E-01 1.005E-01
   707 1.000000E+01 6.362380E+03     1 2.400E+01 1.605918E+02 1.606925E+02 -1.80199E-08 -3.78071E-03 5.556E-05 3.722E-02 -2.123E-04 -1.416E-01 -1.567E-04 -1.044E-01 -1.567E-04  9.999E+01 -1.006E-01 1.007E-01
   708 1.000000E+01 6.372380E+03     1 2.400E+01 1.605917E+02 1.606925E+02 -1.80175E-08 -3.78073E-03 5.555E-05 3.727E-02 -2.122E-04 -1.419E-01 -1.567E-04 -1.046E-01 -1.567E-04  9.999E+01 -1.008E-01 1.008E-01
   709 1.000000E+01 6.382380E+03     1 2.400E+01 1.605915E+02 1.606925E+02 -1.80151E-08 -3.78075E-03 5.554E-05 3.733E-02 -2.122E-04 -1.421E-01 -1.567E-04 -1.047E-01 -1.566E-04  9.999E+01 -1.010E-01 1.010E-01
   710 1.000000E+01 6.392380E+03     1 2.400E+01 1.605914E+02 1.606925E+02 -1.80128E-08 -3.78077E-03 5.553E-05 3.738E-02 -2.122E-04 -1.423E-01 -1.566E-04 -1.049E-01 -1.566E-04  9.999E+01 -1.011E-01 1.011E-01
   711 1.000000E+01 6.402380E+03     1 2.400E+01 1.605912E+02 1.606925E+02 -1.80104E-08 -3.78079E-03 5.552E-05 3.744E-02 -2.121E-04 -1.425E-01 -1.566E-04 -1.051E-01 -1.566E-04  9.999E+01 -1.013E-01 1.013E-01
   712 1.000000E+01 6.412380E+03     1 2.400E+01 1.605911E+02 1.606925E+02 -1.80080E-08 -3.78080E-03 5.551E-05 3.750E-02 -2.121E-04 -1.427E-01 -1.566E-04 -1.052E-01 -1.566E-04  9.999E+01 -1.014E-01 1.014E-01
   713 1.000000E+01 6.422380E+03     1 2.400E+01 1.605909E+02 1.606925E+02 -1.80057E-08 -3.78082E-03 5.550E-05 3.755E-02 -2.121E-04 -1.429E-01 -1.566E-04 -1.054E-01 -1.566E-04  9.999E+01 -1.016E-01 1.016E-01
   714 1.000000E+01 6.432380E+03     1 2.400E+01 1.605907E+02 1.606925E+02 -1.80033E-08 -3.78084E-03 5.549E-05 3.761E-02 -2.120E-04 -1.431E-01 -1.566E-04 -1.055E-01 -1.565E-04  9.999E+01 -1.017E-01 1.017E-01
   715 1.000000E+01 6.442380E+03     1 2.400E+01 1.605906E+02 1.606925E+02 -1.80009E-08 -3.78086E-03 5.548E-05 3.766E-02 -2.120E-04 -1.433E-01 -1.565E-04 -1.057E-01 -1.565E-04  9.999E+01 -1.019E-01 1.019E-01
   716 1.000000E+01 6.452380E+03     1 2.400E+01 1.605904E+02 1.606925E+02 -1.80131E-08 -3.78088E-03 5.547E-05 3.772E-02 -2.120E-04 -1.436E-01 -1.565E-04 -1.058E-01 -1.565E-04  9.999E+01 -1.021E-01 1.021E-01
   717 1.000000E+01 6.462380E+03     1 2.400E+01 1.605903E+02 1.606925E+02 -1.80153E-08 -3.78089E-03 5.546E-05 3.777E-02 -2.120E-04 -1.438E-01 -1.565E-04 -1.060E-01 -1.565E-04  9.999E+01 -1.022E-01 1.022E-01
   718 1.000000E+01 6.472380E+03     1 2.400E+01 1.605901E+02 1.606925E+02 -1.80002E-08 -3.78091E-03 5.544E-05 3.783E-02 -2.119E-04 -1.440E-01 -1.565E-04 -1.062E-01 -1.565E-04  9.999E+01 -1.024E-01 1.024E-01
   719 1.000000E+01 6.482380E+03     1 2.400E+01 1.605900E+02 1.606925E+02 -1.79944E-08 -3.78093E-03 5.543E-05 3.788E-02 -2.119E-04 -1.442E-01 -1.565E-04 -1.063E-01 -1.564E-04  9.999E+01 -1.025E-01 1.025E-01
   720 1.000000E+01 6.492380E+03     1 2.400E+01 1.605898E+02 1.606925E+02 -1.79901E-08 -3.78095E-03 5.542E-05 3.794E-02 -2.119E-04 -1.444E-01 -1.564E-04 -1.065E-01 -1.564E-04  9.999E+01 -1.027E-01 1.027E-01
   721 1.000000E+01 6.502380E+03     1 2.400E+01 1.605896E+02 1.606925E+02 -1.79863E-08 -3.78097E-03 5.541E-05 3.799E-02 -2.118E-04 -1.446E-01 -1.564E-04 -1.066E-01 -1.564E-04  9.999E+01 -1.028E-01 1.028E-01
   722 1.000000E+01 6.512380E+03     1 2.400E+01 1.605895E+02 1.606925E+02 -1.79828E-08 -3.78098E-03 5.540E-05 3.805E-02 -2.118E-04 -1.448E-01 -1.564E-04 -1.068E-01 -1.564E-04  9.999E+01 -1.030E-01 1.030E-01
   723 1.000000E+01 6.522380E+03     1 2.400E+01 1.605893E+02 1.606925E+02 -1.79795E-08 -3.78100E-03 5.539E-05 3.811E-02 -2.118E-04 -1.450E-01 -1.564E-04 -1.069E-01 -1.564E-04  9.999E+01 -1.032E-01 1.032E-01
   724 1.000000E+01 6.532380E+03     1 2.400E+01 1.605892E+02 1.606925E+02 -1.79763E-08 -3.78102E-03 5.538E-05 3.816E-02 -2.117E-04 -1.453E-01 -1.563E-04 -1.071E-01 -1.563E-04  9.999E+01 -1.033E-01 1.033E-01
   725 1.000000E+01 6.542380E+03     1 2.400E+01 1.605890E+02 1.606925E+02 -1.79732E-08 -3.78104E-03 5.537E-05 3.822E-02 -2.117E-04 -1.455E-01 -1.563E-04 -1.072E-01 -1.563E-04  9.999E+01 -1.035E-01 1.035E-01
   726 1.000000E+01 6.552380E+03     1 2.400E+01 1.605889E+02 1.606925E+02 -1.79703E-08 -3.78106E-03 5.536E-05 3.827E-02 -2.117E-04 -1.457E-01 -1.563E-04 -1.074E-01 -1.563E-04  9.999E+01 -1.036E-01 1.036E-01
   727 1.000000E+01 6.562380E+03     1 2.400E+01 1.605887E+02 1.606925E+02 -1.79673E-08 -3.78107E-03 5.535E-05 3.833E-02 -2.116E-04 -1.459E-01 -1.563E-04 -1.076E-01 -1.563E-04  9.999E+01 -1.038E-01 1.038E-01
   728 1.000000E+01 6.572380E+03     1 2.400E+01 1.605885E+02 1.606925E+02 -1.79645E-08 -3.78109E-03 5.534E-05 3.838E-02 -2.116E-04 -1.461E-01 -1.563E-04 -1.077E-01 -1.562E-04  9.999E+01 -1.039E-01 1.039E-01
   729 1.000000E+01 6.582380E+03     1 2.400E+01 1.605884E+02 1.606925E+02 -1.79616E-08 -3.78111E-03 5.533E-05 3.844E-02 -2.116E-04 -1.463E-01 -1.562E-04 -1.079E-01 -1.562E-04  9.999E+01 -1.041E-01 1.041E-01
   730 1.000000E+01 6.592380E+03     1 2.400E+01 1.605882E+02 1.606925E+02 -1.79588E-08 -3.78113E-03 5.532E-05 3.849E-02 -2.115E-04 -1.465E-01 -1.562E-04 -1.080E-01 -1.562E-04  9.999E+01 -1.042E-01 1.042E-01
   731 1.000000E+01 6.602380E+03     1 2.400E+01 1.605881E+02 1.606925E+02 -1.79561E-08 -3.78114E-03 5.531E-05 3.855E-02 -2.115E-04 -1.467E-01 -1.562E-04 -1.082E-01 -1.562E-04  9.999E+01 -1.044E-01 1.044E-01
   732 1.000000E+01 6.612380E+03     1 2.400E+01 1.605879E+02 1.606925E+02 -1.79533E-08 -3.78116E-03 5.530E-05 3.860E-02 -2.115E-04 -1.469E-01 -1.562E-04 -1.083E-01 -1.562E-04  9.999E+01 -1.046E-01 1.046E-01
   733 1.000000E+01 6.622380E+03     1 2.400E+01 1.605878E+02 1.606925E+02 -1.79506E-08 -3.78118E-03 5.529E-05 3.866E-02 -2.114E-04 -1.472E-01 -1.562E-04 -1.085E-01 -1.561E-04  9.999E+01 -1.047E-01 1.047E-01
   734 1.000000E+01 6.632380E+03     1 2.400E+01 1.605876E+02 1.606925E+02 -1.79479E-08 -3.78120E-03 5.528E-05 3.871E-02 -2.114E-04 -1.474E-01 -1.561E-04 -1.087E-01 -1.561E-04  9.999E+01 -1.049E-01 1.049E-01
   735 1.000000E+01 6.642380E+03     1 2.400E+01 1.605875E+02 1.606925E+02 -1.79495E-08 -3.78122E-03 5.526E-05 3.877E-02 -2.114E-04 -1.476E-01 -1.561E-04 -1.088E-01 -1.561E-04  9.999E+01 -1.050E-01 1.050E-01
   736 1.000000E+01 6.652380E+03     1 2.400E+01 1.605873E+02 1.606925E+02 -1.79351E-08 -3.78123E-03 5.525E-05 3.882E-02 -2.113E-04 -1.478E-01 -1.561E-04 -1.090E-01 -1.561E-04  9.999E+01 -1.052E-01 1.052E-01
   737 1.000000E+01 6.662380E+03     1 2.400E+01 1.605871E+02 1.606925E+02 -1.79301E-08 -3.78125E-03 5.524E-05 3.888E-02 -2.113E-04 -1.480E-01 -1.561E-04 -1.091E-01 -1.561E-04  9.999E+01 -1.053E-01 1.053E-01
   738 1.000000E+01 6.672380E+03     1 2.400E+01 1.605870E+02 1.606925E+02 -1.79284E-08 -3.78127E-03 5.523E-05 3.894E-02 -2.113E-04 -1.482E-01 -1.561E-04 -1.093E-01 -1.560E-04  9.999E+01 -1.055E-01 1.055E-01
   739 1.000000E+01 6.682380E+03     1 2.400E+01 1.605868E+02 1.606925E+02 -1.79269E-08 -3.78129E-03 5.522E-05 3.899E-02 -2.112E-04 -1.484E-01 -1.560E-04 -1.094E-01 -1.560E-04  9.999E+01 -1.057E-01 1.057E-01
   740 1.000000E+01 6.692380E+03     1 2.400E+01 1.605867E+02 1.606925E+02 -1.79252E-08 -3.78131E-03 5.521E-05 3.905E-02 -2.112E-04 -1.486E-01 -1.560E-04 -1.096E-01 -1.560E-04  9.999E+01 -1.058E-01 1.058E-01
   741 1.000000E+01 6.702380E+03     1 2.400E+01 1.605865E+02 1.606925E+02 -1.79232E-08 -3.78132E-03 5.519E-05 3.910E-02 -2.112E-04 -1.488E-01 -1.560E-04 -1.097E-01 -1.560E-04  9.999E+01 -1.060E-01 1.060E-01
   742 1.000000E+01 6.712380E+03     1 2.400E+01 1.605864E+02 1.606925E+02 -1.79212E-08 -3.78134E-03 5.518E-05 3.916E-02 -2.112E-04 -1.491E-01 -1.560E-04 -1.099E-01 -1.560E-04  9.999E+01 -1.061E-01 1.061E-01
   743 1.000000E+01 6.722380E+03     1 2.400E+01 1.605862E+02 1.606925E+02 -1.79190E-08 -3.78136E-03 5.517E-05 3.921E-02 -2.111E-04 -1.493E-01 -1.559E-04 -1.101E-01 -1.559E-04  9.999E+01 -1.063E-01 1.063E-01
   744 1.000000E+01 6.732380E+03     1 2.400E+01 1.605861E+02 1.606925E+02 -1.79168E-08 -3.78138E-03 5.516E-05 3.927E-02 -2.111E-04 -1.495E-01 -1.559E-04 -1.102E-01 -1.559E-04  9.999E+01 -1.064E-01 1.064E-01
   745 1.000000E+01 6.742380E+03     1 2.400E+01 1.605859E+02 1.606925E+02 -1.79145E-08 -3.78140E-03 5.515E-05 3.932E-02 -2.111E-04 -1.497E-01 -1.559E-04 -1.104E-01 -1.559E-04  9.999E+01 -1.066E-01 1.066E-01
   746 1.000000E+01 6.752380E+03     1 2.400E+01 1.605857E+02 1.606925E+02 -1.79146E-08 -3.78141E-03 5.514E-05 3.938E-02 -2.110E-04 -1.499E-01 -1.559E-04 -1.105E-01 -1.559E-04  9.999E+01 -1.067E-01 1.067E-01
   747 1.000000E+01 6.762380E+03     1 2.400E+01 1.605856E+02 1.606925E+02 -1.79103E-08 -3.78143E-03 5.513E-05 3.943E-02 -2.110E-04 -1.501E-01 -1.559E-04 -1.107E-01 -1.558E-04  9.999E+01 -1.069E-01 1.069E-01
   748 1.000000E+01 6.772380E+03     1 2.400E+01 1.605854E+02 1.606925E+02 -1.79070E-08 -3.78145E-03 5.512E-05 3.949E-02 -2.110E-04 -1.503E-01 -1.558E-04 -1.108E-01 -1.558E-04  9.999E+01 -1.071E-01 1.071E-01
   749 1.000000E+01 6.782380E+03     1 2.400E+01 1.605853E+02 1.606925E+02 -1.79042E-08 -3.78147E-03 5.511E-05 3.954E-02 -2.109E-04 -1.505E-01 -1.558E-04 -1.110E-01 -1.558E-04  9.999E+01 -1.072E-01 1.072E-01
   750 1.000000E+01 6.792380E+03     1 2.400E+01 1.605851E+02 1.606925E+02 -1.79014E-08 -3.78149E-03 5.509E-05 3.960E-02 -2.109E-04 -1.507E-01 -1.558E-04 -1.111E-01 -1.558E-04  9.999E+01 -1.074E-01 1.074E-01
   751 1.000000E+01 6.802380E+03     1 2.400E+01 1.605850E+02 1.606925E+02 -1.78988E-08 -3.78150E-03 5.508E-05 3.965E-02 -2.109E-04 -1.510E-01 -1.558E-04 -1.113E-01 -1.558E-04  9.999E+01 -1.075E-01 1.075E-01
   752 1.000000E+01 6.812380E+03     1 2.400E+01 1.605848E+02 1.606925E+02 -1.78961E-08 -3.78152E-03 5.507E-05 3.971E-02 -2.108E-04 -1.512E-01 -1.558E-04 -1.115E-01 -1.557E-04  9.999E+01 -1.077E-01 1.077E-01
   753 1.000000E+01 6.822380E+03     1 2.400E+01 1.605847E+02 1.606925E+02 -1.78935E-08 -3.78154E-03 5.506E-05 3.976E-02 -2.108E-04 -1.514E-01 -1.557E-04 -1.116E-01 -1.557E-04  9.999E+01 -1.078E-01 1.078E-01
   754 1.000000E+01 6.832380E+03     1 2.400E+01 1.605845E+02 1.606925E+02 -1.78909E-08 -3.78156E-03 5.505E-05 3.982E-02 -2.108E-04 -1.516E-01 -1.557E-04 -1.118E-01 -1.557E-04  9.999E+01 -1.080E-01 1.080E-01
   755 1.000000E+01 6.842380E+03     1 2.400E+01 1.605843E+02 1.606925E+02 -1.78883E-08 -3.78157E-03 5.504E-05 3.987E-02 -2.107E-04 -1.518E-01 -1.557E-04 -1.119E-01 -1.557E-04  9.999E+01 -1.081E-01 1.081E-01
   756 1.000000E+01 6.852380E+03     1 2.400E+01 1.605842E+02 1.606925E+02 -1.78858E-08 -3.78159E-03 5.503E-05 3.993E-02 -2.107E-04 -1.520E-01 -1.557E-04 -1.121E-01 -1.557E-04  9.999E+01 -1.083E-01 1.083E-01
   757 1.000000E+01 6.862380E+03     1 2.400E+01 1.605840E+02 1.606925E+02 -1.78832E-08 -3.78161E-03 5.502E-05 3.998E-02 -2.107E-04 -1.522E-01 -1.557E-04 -1.122E-01 -1.556E-04  9.999E+01 -1.085E-01 1.085E-01
   758 1.000000E+01 6.872380E+03     1 2.400E+01 1.605839E+02 1.606925E+02 -1.78807E-08 -3.78163E-03 5.501E-05 4.004E-02 -2.106E-04 -1.524E-01 -1.556E-04 -1.124E-01 -1.556E-04  9.999E+01 -1.086E-01 1.086E-01
   759 1.000000E+01 6.882380E+03     1 2.400E+01 1.605837E+02 1.606925E+02 -1.78782E-08 -3.78165E-03 5.500E-05 4.009E-02 -2.106E-04 -1.526E-01 -1.556E-04 -1.125E-01 -1.556E-04  9.999E+01 -1.088E-01 1.088E-01
   760 1.000000E+01 6.892380E+03     1 2.400E+01 1.605836E+02 1.606925E+02 -1.78757E-08 -3.78166E-03 5.499E-05 4.015E-02 -2.106E-04 -1.529E-01 -1.556E-04 -1.127E-01 -1.556E-04  9.999E+01 -1.089E-01 1.089E-01
   761 1.000000E+01 6.902380E+03     1 2.400E+01 1.605834E+02 1.606925E+02 -1.78732E-08 -3.78168E-03 5.497E-05 4.020E-02 -2.105E-04 -1.531E-01 -1.556E-04 -1.129E-01 -1.556E-04  9.999E+01 -1.091E-01 1.091E-01
   762 1.000000E+01 6.912380E+03     1 2.400E+01 1.605833E+02 1.606925E+02 -1.78707E-08 -3.78170E-03 5.496E-05 4.026E-02 -2.105E-04 -1.533E-01 -1.556E-04 -1.130E-01 -1.555E-04  9.999E+01 -1.092E-01 1.092E-01
   763 1.000000E+01 6.922380E+03     1 2.400E+01 1.605831E+02 1.606925E+02 -1.78682E-08 -3.78172E-03 5.495E-05 4.031E-02 -2.105E-04 -1.535E-01 -1.555E-04 -1.132E-01 -1.555E-04  9.999E+01 -1.094E-01 1.094E-01
   764 1.000000E+01 6.932380E+03     1 2.400E+01 1.605829E+02 1.606925E+02 -1.78657E-08 -3.78174E-03 5.494E-05 4.037E-02 -2.105E-04 -1.537E-01 -1.555E-04 -1.133E-01 -1.555E-04  9.999E+01 -1.095E-01 1.095E-01
   765 1.000000E+01 6.942380E+03     1 2.400E+01 1.605828E+02 1.606925E+02 -1.78632E-08 -3.78175E-03 5.493E-05 4.042E-02 -2.104E-04 -1.539E-01 -1.555E-04 -1.135E-01 -1.555E-04  9.999E+01 -1.097E-01 1.097E-01
   766 1.000000E+01 6.952380E+03     1 2.400E+01 1.605826E+02 1.606925E+02 -1.78608E-08 -3.78177E-03 5.492E-05 4.048E-02 -2.104E-04 -1.541E-01 -1.555E-04 -1.136E-01 -1.555E-04  9.999E+01 -1.099E-01 1.099E-01
   767 1.000000E+01 6.962380E+03     1 2.400E+01 1.605825E+02 1.606925E+02 -1.78583E-08 -3.78179E-03 5.491E-05 4.053E-02 -2.104E-04 -1.543E-01 -1.554E-04 -1.138E-01 -1.554E-04  9.999E+01 -1.100E-01 1.100E-01
   768 1.000000E+01 6.972380E+03     1 2.400E+01 1.605823E+02 1.606925E+02 -1.78559E-08 -3.78181E-03 5.490E-05 4.059E-02 -2.103E-04 -1.545E-01 -1.554E-04 -1.139E-01 -1.554E-04  9.999E+01 -1.102E-01 1.102E-01
   769 1.000000E+01 6.982380E+03     1 2.400E+01 1.605822E+02 1.606925E+02 -1.78534E-08 -3.78183E-03 5.489E-05 4.064E-02 -2.103E-04 -1.547E-01 -1.554E-04 -1.141E-01 -1.554E-04  9.999E+01 -1.103E-01 1.103E-01
   770 1.000000E+01 6.992380E+03     1 2.400E+01 1.605820E+02 1.606925E+02 -1.78510E-08 -3.78184E-03 5.488E-05 4.070E-02 -2.103E-04 -1.550E-01 -1.554E-04 -1.143E-01 -1.554E-04  9.999E+01 -1.105E-01 1.105E-01
   771 1.000000E+01 7.002380E+03     1 2.400E+01 1.605819E+02 1.606925E+02 -1.78486E-08 -3.78186E-03 5.487E-05 4.075E-02 -2.102E-04 -1.552E-01 -1.554E-04 -1.144E-01 -1.553E-04  9.999E+01 -1.106E-01 1.106E-01
   772 1.000000E+01 7.012380E+03     1 2.400E+01 1.605817E+02 1.606925E+02 -1.78462E-08 -3.78188E-03 5.486E-05 4.081E-02 -2.102E-04 -1.554E-01 -1.553E-04 -1.146E-01 -1.553E-04  9.999E+01 -1.108E-01 1.108E-01
   773 1.000000E+01 7.022380E+03     1 2.400E+01 1.605815E+02 1.606925E+02 -1.78437E-08 -3.78190E-03 5.485E-05 4.086E-02 -2.102E-04 -1.556E-01 -1.553E-04 -1.147E-01 -1.553E-04  9.999E+01 -1.109E-01 1.109E-01
   774 1.000000E+01 7.032380E+03     1 2.400E+01 1.605814E+02 1.606925E+02 -1.78413E-08 -3.78191E-03 5.483E-05 4.092E-02 -2.101E-04 -1.558E-01 -1.553E-04 -1.149E-01 -1.553E-04  9.999E+01 -1.111E-01 1.111E-01
   775 1.000000E+01 7.042380E+03     1 2.400E+01 1.605812E+02 1.606925E+02 -1.78389E-08 -3.78193E-03 5.482E-05 4.097E-02 -2.101E-04 -1.560E-01 -1.553E-04 -1.150E-01 -1.553E-04  9.999E+01 -1.113E-01 1.113E-01
   776 1.000000E+01 7.052380E+03     1 2.400E+01 1.605811E+02 1.606925E+02 -1.78365E-08 -3.78195E-03 5.481E-05 4.103E-02 -2.101E-04 -1.562E-01 -1.553E-04 -1.152E-01 -1.552E-04  9.999E+01 -1.114E-01 1.114E-01
   777 1.000000E+01 7.062380E+03     1 2.400E+01 1.605809E+02 1.606925E+02 -1.78341E-08 -3.78197E-03 5.480E-05 4.108E-02 -2.100E-04 -1.564E-01 -1.552E-04 -1.153E-01 -1.552E-04  9.999E+01 -1.116E-01 1.116E-01
   778 1.000000E+01 7.072380E+03     1 2.400E+01 1.605808E+02 1.606925E+02 -1.78318E-08 -3.78199E-03 5.479E-05 4.114E-02 -2.100E-04 -1.566E-01 -1.552E-04 -1.155E-01 -1.552E-04  9.999E+01 -1.117E-01 1.117E-01
   779 1.000000E+01 7.082380E+03     1 2.400E+01 1.605806E+02 1.606925E+02 -1.78294E-08 -3.78200E-03 5.478E-05 4.119E-02 -2.100E-04 -1.568E-01 -1.552E-04 -1.157E-01 -1.552E-04  9.999E+01 -1.119E-01 1.119E-01
   780 1.000000E+01 7.092380E+03     1 2.400E+01 1.605805E+02 1.606925E+02 -1.78270E-08 -3.78202E-03 5.477E-05 4.124E-02 -2.099E-04 -1.571E-01 -1.552E-04 -1.158E-01 -1.552E-04  9.999E+01 -1.120E-01 1.120E-01
   781 1.000000E+01 7.102380E+03     1 2.400E+01 1.605803E+02 1.606925E+02 -1.78246E-08 -3.78204E-03 5.476E-05 4.130E-02 -2.099E-04 -1.573E-01 -1.552E-04 -1.160E-01 -1.551E-04  9.999E+01 -1.122E-01 1.122E-01
   782 1.000000E+01 7.112380E+03     1 2.400E+01 1.605801E+02 1.606925E+02 -1.78222E-08 -3.78206E-03 5.475E-05 4.135E-02 -2.099E-04 -1.575E-01 -1.551E-04 -1.161E-01 -1.551E-04  9.999E+01 -1.123E-01 1.123E-01
   783 1.000000E+01 7.122380E+03     1 2.400E+01 1.605800E+02 1.606925E+02 -1.78199E-08 -3.78207E-03 5.474E-05 4.141E-02 -2.099E-04 -1.577E-01 -1.551E-04 -1.163E-01 -1.551E-04  9.999E+01 -1.125E-01 1.125E-01
   784 1.000000E+01 7.132380E+03     1 2.400E+01 1.605798E+02 1.606925E+02 -1.78175E-08 -3.78209E-03 5.473E-05 4.146E-02 -2.098E-04 -1.579E-01 -1.551E-04 -1.164E-01 -1.551E-04  9.999E+01 -1.127E-01 1.127E-01
   785 1.000000E+01 7.142380E+03     1 2.400E+01 1.605797E+02 1.606925E+02 -1.78152E-08 -3.78211E-03 5.472E-05 4.152E-02 -2.098E-04 -1.581E-01 -1.551E-04 -1.166E-01 -1.551E-04  9.999E+01 -1.128E-01 1.128E-01
   786 1.000000E+01 7.152380E+03     1 2.400E+01 1.605795E+02 1.606925E+02 -1.78128E-08 -3.78213E-03 5.471E-05 4.157E-02 -2.098E-04 -1.583E-01 -1.551E-04 -1.167E-01 -1.550E-04  9.999E+01 -1.130E-01 1.130E-01
   787 1.000000E+01 7.162380E+03     1 2.400E+01 1.605794E+02 1.606925E+02 -1.78105E-08 -3.78215E-03 5.470E-05 4.163E-02 -2.097E-04 -1.585E-01 -1.550E-04 -1.169E-01 -1.550E-04  9.999E+01 -1.131E-01 1.131E-01
   788 1.000000E+01 7.172380E+03     1 2.400E+01 1.605792E+02 1.606925E+02 -1.78081E-08 -3.78216E-03 5.469E-05 4.168E-02 -2.097E-04 -1.587E-01 -1.550E-04 -1.171E-01 -1.550E-04  9.999E+01 -1.133E-01 1.133E-01
   789 1.000000E+01 7.182380E+03     1 2.400E+01 1.605791E+02 1.606925E+02 -1.78093E-08 -3.78218E-03 5.467E-05 4.174E-02 -2.097E-04 -1.589E-01 -1.550E-04 -1.172E-01 -1.550E-04  9.999E+01 -1.134E-01 1.134E-01
   790 1.000000E+01 7.192380E+03     1 2.400E+01 1.605789E+02 1.606925E+02 -1.78062E-08 -3.78220E-03 5.466E-05 4.179E-02 -2.096E-04 -1.592E-01 -1.550E-04 -1.174E-01 -1.549E-04  9.999E+01 -1.136E-01 1.136E-01
   791 1.000000E+01 7.202380E+03     1 2.400E+01 1.605787E+02 1.606925E+02 -1.78014E-08 -3.78222E-03 5.465E-05 4.185E-02 -2.096E-04 -1.594E-01 -1.549E-04 -1.175E-01 -1.549E-04  9.999E+01 -1.137E-01 1.137E-01
   792 1.000000E+01 7.212380E+03     1 2.400E+01 1.605786E+02 1.606925E+02 -1.77980E-08 -3.78224E-03 5.464E-05 4.190E-02 -2.096E-04 -1.596E-01 -1.549E-04 -1.177E-01 -1.549E-04  9.999E+01 -1.139E-01 1.139E-01
   793 1.000000E+01 7.222380E+03     1 2.400E+01 1.605784E+02 1.606925E+02 -1.77950E-08 -3.78225E-03 5.463E-05 4.196E-02 -2.095E-04 -1.598E-01 -1.549E-04 -1.178E-01 -1.549E-04  9.999E+01 -1.140E-01 1.140E-01
   794 1.000000E+01 7.232380E+03     1 2.400E+01 1.605783E+02 1.606925E+02 -1.77922E-08 -3.78227E-03 5.462E-05 4.201E-02 -2.095E-04 -1.600E-01 -1.549E-04 -1.180E-01 -1.549E-04  9.999E+01 -1.142E-01 1.142E-01
   795 1.000000E+01 7.242380E+03     1 2.400E+01 1.605781E+02 1.606925E+02 -1.77895E-08 -3.78229E-03 5.461E-05 4.206E-02 -2.095E-04 -1.602E-01 -1.549E-04 -1.181E-01 -1.548E-04  9.999E+01 -1.144E-01 1.144E-01
   796 1.000000E+01 7.252380E+03     1 2.400E+01 1.605780E+02 1.606925E+02 -1.77868E-08 -3.78231E-03 5.460E-05 4.212E-02 -2.094E-04 -1.604E-01 -1.548E-04 -1.183E-01 -1.548E-04  9.999E+01 -1.145E-01 1.145E-01
   797 1.000000E+01 7.262380E+03     1 2.400E+01 1.605778E+02 1.606925E+02 -1.77842E-08 -3.78232E-03 5.459E-05 4.217E-02 -2.094E-04 -1.606E-01 -1.548E-04 -1.184E-01 -1.548E-04  9.999E+01 -1.147E-01 1.147E-01
   798 1.000000E+01 7.272380E+03     1 2.400E+01 1.605777E+02 1.606925E+02 -1.77817E-08 -3.78234E-03 5.458E-05 4.223E-02 -2.094E-04 -1.608E-01 -1.548E-04 -1.186E-01 -1.548E-04  9.999E+01 -1.148E-01 1.148E-01
   799 1.000000E+01 7.282380E+03     1 2.400E+01 1.605775E+02 1.606925E+02 -1.77791E-08 -3.78236E-03 5.457E-05 4.228E-02 -2.093E-04 -1.610E-01 -1.548E-04 -1.188E-01 -1.548E-04  9.999E+01 -1.150E-01 1.150E-01
   800 1.000000E+01 7.292380E+03     1 2.400E+01 1.605774E+02 1.606925E+02 -1.77766E-08 -3.78238E-03 5.456E-05 4.234E-02 -2.093E-04 -1.612E-01 -1.548E-04 -1.189E-01 -1.547E-04  9.999E+01 -1.151E-01 1.151E-01
   801 1.000000E+01 7.302380E+03     1 2.400E+01 1.605772E+02 1.606925E+02 -1.77741E-08 -3.78240E-03 5.455E-05 4.239E-02 -2.093E-04 -1.615E-01 -1.547E-04 -1.191E-01 -1.547E-04  9.999E+01 -1.153E-01 1.153E-01
   802 1.000000E+01 7.312380E+03     1 2.400E+01 1.605770E+02 1.606925E+02 -1.78375E-08 -3.78241E-03 5.454E-05 4.245E-02 -2.093E-04 -1.617E-01 -1.547E-04 -1.192E-01 -1.547E-04  9.999E+01 -1.154E-01 1.154E-01
   803 1.000000E+01 7.322380E+03     1 2.200E+01 1.605769E+02 1.606925E+02 -1.77927E-08 -3.78243E-03 5.453E-05 4.250E-02 -2.092E-04 -1.619E-01 -1.547E-04 -1.194E-01 -1.547E-04  9.999E+01 -1.156E-01 1.156E-01
   804 1.000000E+01 7.332380E+03     1 2.300E+01 1.605767E+02 1.606925E+02 -1.77783E-08 -3.78245E-03 5.452E-05 4.256E-02 -2.092E-04 -1.621E-01 -1.547E-04 -1.195E-01 -1.547E-04  9.999E+01 -1.157E-01 1.158E-01
   805 1.000000E+01 7.342380E+03     1 2.300E+01 1.605766E+02 1.606925E+02 -1.77706E-08 -3.78247E-03 5.451E-05 4.261E-02 -2.092E-04 -1.623E-01 -1.547E-04 -1.197E-01 -1.546E-04  9.999E+01 -1.159E-01 1.159E-01
   806 1.000000E+01 7.352380E+03     1 2.400E+01 1.605764E+02 1.606925E+02 -1.77648E-08 -3.78248E-03 5.450E-05 4.267E-02 -2.091E-04 -1.625E-01 -1.546E-04 -1.198E-01 -1.546E-04  9.999E+01 -1.161E-01 1.161E-01
   807 1.000000E+01 7.362380E+03     1 2.400E+01 1.605763E+02 1.606925E+02 -1.77601E-08 -3.78250E-03 5.449E-05 4.272E-02 -2.091E-04 -1.627E-01 -1.546E-04 -1.200E-01 -1.546E-04  9.999E+01 -1.162E-01 1.162E-01
   808 1.000000E+01 7.372380E+03     1 2.400E+01 1.605761E+02 1.606925E+02 -1.77558E-08 -3.78252E-03 5.447E-05 4.277E-02 -2.091E-04 -1.629E-01 -1.546E-04 -1.201E-01 -1.546E-04  9.999E+01 -1.164E-01 1.164E-01
   809 1.000000E+01 7.382380E+03     1 2.400E+01 1.605760E+02 1.606925E+02 -1.77519E-08 -3.78254E-03 5.446E-05 4.283E-02 -2.090E-04 -1.631E-01 -1.546E-04 -1.203E-01 -1.546E-04  9.999E+01 -1.165E-01 1.165E-01
   810 1.000000E+01 7.392380E+03     1 2.400E+01 1.605758E+02 1.606925E+02 -1.77483E-08 -3.78256E-03 5.445E-05 4.288E-02 -2.090E-04 -1.633E-01 -1.545E-04 -1.205E-01 -1.545E-04  9.999E+01 -1.167E-01 1.167E-01
   811 1.000000E+01 7.402380E+03     1 2.400E+01 1.605757E+02 1.606925E+02 -1.77448E-08 -3.78257E-03 5.444E-05 4.294E-02 -2.090E-04 -1.635E-01 -1.545E-04 -1.206E-01 -1.545E-04  9.999E+01 -1.168E-01 1.168E-01
   812 1.000000E+01 7.412380E+03     1 2.400E+01 1.605755E+02 1.606925E+02 -1.77414E-08 -3.78259E-03 5.443E-05 4.299E-02 -2.089E-04 -1.638E-01 -1.545E-04 -1.208E-01 -1.545E-04  9.999E+01 -1.170E-01 1.170E-01
   813 1.000000E+01 7.422380E+03     1 2.400E+01 1.605753E+02 1.606925E+02 -1.77381E-08 -3.78261E-03 5.442E-05 4.305E-02 -2.089E-04 -1.640E-01 -1.545E-04 -1.209E-01 -1.545E-04  9.999E+01 -1.171E-01 1.171E-01
   814 1.000000E+01 7.432380E+03     1 2.400E+01 1.605752E+02 1.606925E+02 -1.77349E-08 -3.78263E-03 5.441E-05 4.310E-02 -2.089E-04 -1.642E-01 -1.545E-04 -1.211E-01 -1.544E-04  9.999E+01 -1.173E-01 1.173E-01
   815 1.000000E+01 7.442380E+03     1 2.400E+01 1.605750E+02 1.606925E+02 -1.77318E-08 -3.78264E-03 5.440E-05 4.315E-02 -2.088E-04 -1.644E-01 -1.544E-04 -1.212E-01 -1.544E-04  9.999E+01 -1.174E-01 1.175E-01
   816 1.000000E+01 7.452380E+03     1 2.400E+01 1.605749E+02 1.606925E+02 -1.77287E-08 -3.78266E-03 5.439E-05 4.321E-02 -2.088E-04 -1.646E-01 -1.544E-04 -1.214E-01 -1.544E-04  9.999E+01 -1.176E-01 1.176E-01
   817 1.000000E+01 7.462380E+03     1 2.400E+01 1.605747E+02 1.606925E+02 -1.77257E-08 -3.78268E-03 5.438E-05 4.326E-02 -2.088E-04 -1.648E-01 -1.544E-04 -1.215E-01 -1.544E-04  9.999E+01 -1.178E-01 1.178E-01
   818 1.000000E+01 7.472380E+03     1 2.400E+01 1.605746E+02 1.606925E+02 -1.77227E-08 -3.78270E-03 5.437E-05 4.332E-02 -2.088E-04 -1.650E-01 -1.544E-04 -1.217E-01 -1.544E-04  9.999E+01 -1.179E-01 1.179E-01
   819 1.000000E+01 7.482380E+03     1 2.400E+01 1.605744E+02 1.606925E+02 -1.77198E-08 -3.78271E-03 5.436E-05 4.337E-02 -2.087E-04 -1.652E-01 -1.544E-04 -1.218E-01 -1.543E-04  9.999E+01 -1.181E-01 1.181E-01
   820 1.000000E+01 7.492380E+03     1 2.400E+01 1.605743E+02 1.606925E+02 -1.77169E-08 -3.78273E-03 5.435E-05 4.343E-02 -2.087E-04 -1.654E-01 -1.543E-04 -1.220E-01 -1.543E-04  9.999E+01 -1.182E-01 1.182E-01
   821 1.000000E+01 7.502380E+03     1 2.400E+01 1.605741E+02 1.606925E+02 -1.77140E-08 -3.78275E-03 5.434E-05 4.348E-02 -2.087E-04 -1.656E-01 -1.543E-04 -1.222E-01 -1.543E-04  9.999E+01 -1.184E-01 1.184E-01
   822 1.000000E+01 7.512380E+03     1 2.400E+01 1.605740E+02 1.606925E+02 -1.77112E-08 -3.78277E-03 5.433E-05 4.354E-02 -2.086E-04 -1.658E-01 -1.543E-04 -1.223E-01 -1.543E-04  9.999E+01 -1.185E-01 1.185E-01
   823 1.000000E+01 7.522380E+03     1 2.400E+01 1.605738E+02 1.606925E+02 -1.77084E-08 -3.78279E-03 5.432E-05 4.359E-02 -2.086E-04 -1.661E-01 -1.543E-04 -1.225E-01 -1.543E-04  9.999E+01 -1.187E-01 1.187E-01
   824 1.000000E+01 7.532380E+03     1 2.400E+01 1.605736E+02 1.606925E+02 -1.77055E-08 -3.78280E-03 5.431E-05 4.364E-02 -2.086E-04 -1.663E-01 -1.543E-04 -1.226E-01 -1.542E-04  9.999E+01 -1.188E-01 1.188E-01
   825 1.000000E+01 7.542380E+03     1 2.400E+01 1.605735E+02 1.606925E+02 -1.77028E-08 -3.78282E-03 5.430E-05 4.370E-02 -2.085E-04 -1.665E-01 -1.542E-04 -1.228E-01 -1.542E-04  9.999E+01 -1.190E-01 1.190E-01
   826 1.000000E+01 7.552380E+03     1 2.400E+01 1.605733E+02 1.606925E+02 -1.77000E-08 -3.78284E-03 5.429E-05 4.375E-02 -2.085E-04 -1.667E-01 -1.542E-04 -1.229E-01 -1.542E-04  9.999E+01 -1.191E-01 1.191E-01
   827 1.000000E+01 7.562380E+03     1 2.400E+01 1.605732E+02 1.606925E+02 -1.76973E-08 -3.78286E-03 5.428E-05 4.381E-02 -2.085E-04 -1.669E-01 -1.542E-04 -1.231E-01 -1.542E-04  9.999E+01 -1.193E-01 1.193E-01
   828 1.000000E+01 7.572380E+03     1 2.400E+01 1.605730E+02 1.606925E+02 -1.76945E-08 -3.78287E-03 5.427E-05 4.386E-02 -2.084E-04 -1.671E-01 -1.542E-04 -1.232E-01 -1.542E-04  9.999E+01 -1.195E-01 1.195E-01
   829 1.000000E+01 7.582380E+03     1 2.400E+01 1.605729E+02 1.606925E+02 -1.76918E-08 -3.78289E-03 5.425E-05 4.392E-02 -2.084E-04 -1.673E-01 -1.542E-04 -1.234E-01 -1.541E-04  9.999E+01 -1.196E-01 1.196E-01
   830 1.000000E+01 7.592380E+03     1 2.400E+01 1.605727E+02 1.606925E+02 -1.76891E-08 -3.78291E-03 5.424E-05 4.397E-02 -2.084E-04 -1.675E-01 -1.541E-04 -1.235E-01 -1.541E-04  9.999E+01 -1.198E-01 1.198E-01
   831 1.000000E+01 7.602380E+03     1 2.400E+01 1.605726E+02 1.606925E+02 -1.76864E-08 -3.78293E-03 5.423E-05 4.402E-02 -2.083E-04 -1.677E-01 -1.541E-04 -1.237E-01 -1.541E-04  9.999E+01 -1.199E-01 1.199E-01
   832 1.000000E+01 7.612380E+03     1 2.400E+01 1.605724E+02 1.606925E+02 -1.76838E-08 -3.78294E-03 5.422E-05 4.408E-02 -2.083E-04 -1.679E-01 -1.541E-04 -1.239E-01 -1.541E-04  9.999E+01 -1.201E-01 1.201E-01
   833 1.000000E+01 7.622380E+03     1 2.200E+01 1.605723E+02 1.606925E+02 -1.77519E-08 -3.78296E-03 5.421E-05 4.413E-02 -2.083E-04 -1.681E-01 -1.541E-04 -1.240E-01 -1.541E-04  9.999E+01 -1.202E-01 1.202E-01
   834 1.000000E+01 7.632380E+03     1 2.300E+01 1.605721E+02 1.606925E+02 -1.77358E-08 -3.78298E-03 5.418E-05 4.419E-02 -2.082E-04 -1.683E-01 -1.541E-04 -1.242E-01 -1.540E-04  9.999E+01 -1.204E-01 1.204E-01
   835 1.000000E+01 7.642380E+03     1 2.300E+01 1.605720E+02 1.606925E+02 -1.77377E-08 -3.78300E-03 5.416E-05 4.424E-02 -2.082E-04 -1.686E-01 -1.540E-04 -1.243E-01 -1.540E-04  9.999E+01 -1.205E-01 1.205E-01
   836 1.000000E+01 7.652380E+03     1 2.300E+01 1.605718E+02 1.606925E+02 -1.77342E-08 -3.78302E-03 5.414E-05 4.429E-02 -2.082E-04 -1.688E-01 -1.540E-04 -1.245E-01 -1.540E-04  9.999E+01 -1.207E-01 1.207E-01
   837 1.000000E+01 7.662380E+03     1 2.300E+01 1.605716E+02 1.606925E+02 -1.77307E-08 -3.78303E-03 5.412E-05 4.435E-02 -2.081E-04 -1.690E-01 -1.540E-04 -1.246E-01 -1.540E-04  9.999E+01 -1.208E-01 1.208E-01
   838 1.000000E+01 7.672380E+03     1 2.300E+01 1.605715E+02 1.606925E+02 -1.77275E-08 -3.78305E-03 5.411E-05 4.440E-02 -2.081E-04 -1.692E-01 -1.540E-04 -1.248E-01 -1.540E-04  9.999E+01 -1.210E-01 1.210E-01
   839 1.000000E+01 7.682380E+03     1 2.300E+01 1.605713E+02 1.606925E+02 -1.77245E-08 -3.78307E-03 5.409E-05 4.446E-02 -2.081E-04 -1.694E-01 -1.540E-04 -1.249E-01 -1.540E-04  9.999E+01 -1.211E-01 1.212E-01
   840 1.000000E+01 7.692380E+03     1 2.400E+01 1.605712E+02 1.606925E+02 -1.77216E-08 -3.78309E-03 5.407E-05 4.451E-02 -2.080E-04 -1.696E-01 -1.540E-04 -1.251E-01 -1.539E-04  9.999E+01 -1.213E-01 1.213E-01
   841 1.000000E+01 7.702380E+03     1 2.400E+01 1.605710E+02 1.606925E+02 -1.77189E-08 -3.78310E-03 5.405E-05 4.457E-02 -2.080E-04 -1.698E-01 -1.539E-04 -1.252E-01 -1.539E-04  9.999E+01 -1.215E-01 1.215E-01
   842 1.000000E+01 7.712380E+03     1 2.400E+01 1.605709E+02 1.606925E+02 -1.77163E-08 -3.78312E-03 5.404E-05 4.462E-02 -2.080E-04 -1.700E-01 -1.539E-04 -1.254E-01 -1.539E-04  9.999E+01 -1.216E-01 1.216E-01
   843 1.000000E+01 7.722380E+03     1 2.400E+01 1.605707E+02 1.606925E+02 -1.77139E-08 -3.78314E-03 5.402E-05 4.467E-02 -2.079E-04 -1.702E-01 -1.539E-04 -1.255E-01 -1.539E-04  9.999E+01 -1.218E-01 1.218E-01
   844 1.000000E+01 7.732380E+03     1 2.400E+01 1.605706E+02 1.606925E+02 -1.77116E-08 -3.78316E-03 5.400E-05 4.473E-02 -2.079E-04 -1.704E-01 -1.539E-04 -1.257E-01 -1.539E-04  9.999E+01 -1.219E-01 1.219E-01
   845 1.000000E+01 7.742380E+03     1 2.400E+01 1.605704E+02 1.606925E+02 -1.77094E-08 -3.78318E-03 5.399E-05 4.478E-02 -2.079E-04 -1.706E-01 -1.539E-04 -1.259E-01 -1.539E-04  9.999E+01 -1.221E-01 1.221E-01
   846 1.000000E+01 7.752380E+03     1 2.400E+01 1.605703E+02 1.606925E+02 -1.77072E-08 -3.78319E-03 5.397E-05 4.484E-02 -2.078E-04 -1.708E-01 -1.539E-04 -1.260E-01 -1.538E-04  9.999E+01 -1.222E-01 1.222E-01
   847 1.000000E+01 7.762380E+03     1 2.400E+01 1.605701E+02 1.606925E+02 -1.77052E-08 -3.78321E-03 5.396E-05 4.489E-02 -2.078E-04 -1.711E-01 -1.538E-04 -1.262E-01 -1.538E-04  9.999E+01 -1.224E-01 1.224E-01
   848 1.000000E+01 7.772380E+03     1 2.400E+01 1.605700E+02 1.606925E+02 -1.77032E-08 -3.78323E-03 5.395E-05 4.494E-02 -2.078E-04 -1.713E-01 -1.538E-04 -1.263E-01 -1.538E-04  9.999E+01 -1.225E-01 1.225E-01
   849 1.000000E+01 7.782380E+03     1 2.400E+01 1.605698E+02 1.606925E+02 -1.77033E-08 -3.78325E-03 5.393E-05 4.500E-02 -2.077E-04 -1.715E-01 -1.538E-04 -1.265E-01 -1.538E-04  9.999E+01 -1.227E-01 1.227E-01
   850 1.000000E+01 7.792380E+03     1 2.400E+01 1.605696E+02 1.606925E+02 -1.77008E-08 -3.78326E-03 5.392E-05 4.505E-02 -2.077E-04 -1.717E-01 -1.538E-04 -1.266E-01 -1.538E-04  9.999E+01 -1.228E-01 1.228E-01
   851 1.000000E+01 7.802380E+03     1 2.400E+01 1.605695E+02 1.606925E+02 -1.76974E-08 -3.78328E-03 5.391E-05 4.511E-02 -2.077E-04 -1.719E-01 -1.538E-04 -1.268E-01 -1.537E-04  9.999E+01 -1.230E-01 1.230E-01
   852 1.000000E+01 7.812380E+03     1 2.400E+01 1.605693E+02 1.606925E+02 -1.76948E-08 -3.78330E-03 5.389E-05 4.516E-02 -2.076E-04 -1.721E-01 -1.537E-04 -1.269E-01 -1.537E-04  9.999E+01 -1.231E-01 1.232E-01
   853 1.000000E+01 7.822380E+03     1 2.400E+01 1.605692E+02 1.606925E+02 -1.76924E-08 -3.78332E-03 5.388E-05 4.521E-02 -2.076E-04 -1.723E-01 -1.537E-04 -1.271E-01 -1.537E-04  9.999E+01 -1.233E-01 1.233E-01
   854 1.000000E+01 7.832380E+03     1 2.400E+01 1.605690E+02 1.606925E+02 -1.76902E-08 -3.78333E-03 5.387E-05 4.527E-02 -2.076E-04 -1.725E-01 -1.537E-04 -1.272E-01 -1.537E-04  9.999E+01 -1.235E-01 1.235E-01
   855 1.000000E+01 7.842380E+03     1 2.400E+01 1.605689E+02 1.606925E+02 -1.76881E-08 -3.78335E-03 5.385E-05 4.532E-02 -2.075E-04 -1.727E-01 -1.537E-04 -1.274E-01 -1.537E-04  9.999E+01 -1.236E-01 1.236E-01
   856 1.000000E+01 7.852380E+03     1 2.400E+01 1.605687E+02 1.606925E+02 -1.76861E-08 -3.78337E-03 5.384E-05 4.537E-02 -2.075E-04 -1.729E-01 -1.537E-04 -1.275E-01 -1.537E-04  9.999E+01 -1.238E-01 1.238E-01
   857 1.000000E+01 7.862380E+03     1 2.400E+01 1.605686E+02 1.606925E+02 -1.76841E-08 -3.78339E-03 5.383E-05 4.543E-02 -2.075E-04 -1.731E-01 -1.537E-04 -1.277E-01 -1.536E-04  9.999E+01 -1.239E-01 1.239E-01
   858 1.000000E+01 7.872380E+03     1 2.400E+01 1.605684E+02 1.606925E+02 -1.76822E-08 -3.78341E-03 5.381E-05 4.548E-02 -2.075E-04 -1.733E-01 -1.536E-04 -1.279E-01 -1.536E-04  9.999E+01 -1.241E-01 1.241E-01
   859 1.000000E+01 7.882380E+03     1 2.400E+01 1.605683E+02 1.606925E+02 -1.76803E-08 -3.78342E-03 5.380E-05 4.554E-02 -2.074E-04 -1.735E-01 -1.536E-04 -1.280E-01 -1.536E-04  9.999E+01 -1.242E-01 1.242E-01
   860 1.000000E+01 7.892380E+03     1 2.400E+01 1.605681E+02 1.606925E+02 -1.76784E-08 -3.78344E-03 5.379E-05 4.559E-02 -2.074E-04 -1.737E-01 -1.536E-04 -1.282E-01 -1.536E-04  9.999E+01 -1.244E-01 1.244E-01
   861 1.000000E+01 7.902380E+03     1 2.400E+01 1.605680E+02 1.606925E+02 -1.76765E-08 -3.78346E-03 5.377E-05 4.564E-02 -2.074E-04 -1.740E-01 -1.536E-04 -1.283E-01 -1.536E-04  9.999E+01 -1.245E-01 1.245E-01
   862 1.000000E+01 7.912380E+03     1 2.400E+01 1.605678E+02 1.606925E+02 -1.76747E-08 -3.78348E-03 5.376E-05 4.570E-02 -2.073E-04 -1.742E-01 -1.536E-04 -1.285E-01 -1.536E-04  9.999E+01 -1.247E-01 1.247E-01
   863 1.000000E+01 7.922380E+03     1 2.400E+01 1.605676E+02 1.606925E+02 -1.76729E-08 -3.78349E-03 5.375E-05 4.575E-02 -2.073E-04 -1.744E-01 -1.535E-04 -1.286E-01 -1.535E-04  9.999E+01 -1.248E-01 1.248E-01
   864 1.000000E+01 7.932380E+03     1 2.400E+01 1.605675E+02 1.606925E+02 -1.76711E-08 -3.78351E-03 5.373E-05 4.580E-02 -2.073E-04 -1.746E-01 -1.535E-04 -1.288E-01 -1.535E-04  9.999E+01 -1.250E-01 1.250E-01
   865 1.000000E+01 7.942380E+03     1 2.400E+01 1.605673E+02 1.606925E+02 -1.76693E-08 -3.78353E-03 5.372E-05 4.586E-02 -2.072E-04 -1.748E-01 -1.535E-04 -1.289E-01 -1.535E-04  9.999E+01 -1.251E-01 1.251E-01
   866 1.000000E+01 7.952380E+03     1 2.400E+01 1.605672E+02 1.606925E+02 -1.76675E-08 -3.78355E-03 5.371E-05 4.591E-02 -2.072E-04 -1.750E-01 -1.535E-04 -1.291E-01 -1.535E-04  9.999E+01 -1.253E-01 1.253E-01
   867 1.000000E+01 7.962380E+03     1 2.400E+01 1.605670E+02 1.606925E+02 -1.76657E-08 -3.78356E-03 5.369E-05 4.597E-02 -2.072E-04 -1.752E-01 -1.535E-04 -1.292E-01 -1.535E-04  9.999E+01 -1.255E-01 1.255E-01
   868 1.000000E+01 7.972380E+03     1 2.400E+01 1.605669E+02 1.606925E+02 -1.76639E-08 -3.78358E-03 5.368E-05 4.602E-02 -2.071E-04 -1.754E-01 -1.535E-04 -1.294E-01 -1.534E-04  9.999E+01 -1.256E-01 1.256E-01
   869 1.000000E+01 7.982380E+03     1 2.400E+01 1.605667E+02 1.606925E+02 -1.76622E-08 -3.78360E-03 5.367E-05 4.607E-02 -2.071E-04 -1.756E-01 -1.534E-04 -1.295E-01 -1.534E-04  9.999E+01 -1.258E-01 1.258E-01
   870 1.000000E+01 7.992380E+03     1 2.400E+01 1.605666E+02 1.606925E+02 -1.76604E-08 -3.78362E-03 5.365E-05 4.613E-02 -2.071E-04 -1.758E-01 -1.534E-04 -1.297E-01 -1.534E-04  9.999E+01 -1.259E-01 1.259E-01
   871 1.000000E+01 8.002380E+03     1 2.400E+01 1.605664E+02 1.606925E+02 -1.76587E-08 -3.78363E-03 5.364E-05 4.618E-02 -2.070E-04 -1.760E-01 -1.534E-04 -1.298E-01 -1.534E-04  9.999E+01 -1.261E-01 1.261E-01
   872 1.000000E+01 8.012380E+03     1 2.400E+01 1.605663E+02 1.606925E+02 -1.76569E-08 -3.78365E-03 5.363E-05 4.623E-02 -2.070E-04 -1.762E-01 -1.534E-04 -1.300E-01 -1.534E-04  9.999E+01 -1.262E-01 1.262E-01
   873 1.000000E+01 8.022380E+03     1 2.400E+01 1.605661E+02 1.606925E+02 -1.76552E-08 -3.78367E-03 5.361E-05 4.629E-02 -2.070E-04 -1.764E-01 -1.534E-04 -1.302E-01 -1.534E-04  9.999E+01 -1.264E-01 1.264E-01
   874 1.000000E+01 8.032380E+03     1 2.400E+01 1.605660E+02 1.606925E+02 -1.76534E-08 -3.78369E-03 5.360E-05 4.634E-02 -2.070E-04 -1.766E-01 -1.534E-04 -1.303E-01 -1.533E-04  9.999E+01 -1.265E-01 1.265E-01
   875 1.000000E+01 8.042380E+03     1 2.400E+01 1.605658E+02 1.606925E+02 -1.76517E-08 -3.78371E-03 5.359E-05 4.639E-02 -2.069E-04 -1.769E-01 -1.533E-04 -1.305E-01 -1.533E-04  9.999E+01 -1.267E-01 1.267E-01
   876 1.000000E+01 8.052380E+03     1 2.400E+01 1.605657E+02 1.606925E+02 -1.76529E-08 -3.78372E-03 5.357E-05 4.645E-02 -2.069E-04 -1.771E-01 -1.533E-04 -1.306E-01 -1.533E-04  9.999E+01 -1.268E-01 1.268E-01
   877 1.000000E+01 8.062380E+03     1 2.400E+01 1.605655E+02 1.606925E+02 -1.76496E-08 -3.78374E-03 5.356E-05 4.650E-02 -2.069E-04 -1.773E-01 -1.533E-04 -1.308E-01 -1.533E-04  9.999E+01 -1.270E-01 1.270E-01
   878 1.000000E+01 8.072380E+03     1 2.400E+01 1.605653E+02 1.606925E+02 -1.76467E-08 -3.78376E-03 5.355E-05 4.656E-02 -2.068E-04 -1.775E-01 -1.533E-04 -1.309E-01 -1.533E-04  9.999E+01 -1.271E-01 1.271E-01
   879 1.000000E+01 8.082380E+03     1 2.400E+01 1.605652E+02 1.606925E+02 -1.76443E-08 -3.78378E-03 5.353E-05 4.661E-02 -2.068E-04 -1.777E-01 -1.533E-04 -1.311E-01 -1.532E-04  9.999E+01 -1.273E-01 1.273E-01
   880 1.000000E+01 8.092380E+03     1 2.400E+01 1.605650E+02 1.606925E+02 -1.76421E-08 -3.78379E-03 5.352E-05 4.666E-02 -2.068E-04 -1.779E-01 -1.532E-04 -1.312E-01 -1.532E-04  9.999E+01 -1.274E-01 1.274E-01
   881 1.000000E+01 8.102380E+03     1 2.400E+01 1.605649E+02 1.606925E+02 -1.76400E-08 -3.78381E-03 5.351E-05 4.672E-02 -2.067E-04 -1.781E-01 -1.532E-04 -1.314E-01 -1.532E-04  9.999E+01 -1.276E-01 1.276E-01
   882 1.000000E+01 8.112380E+03     1 2.400E+01 1.605647E+02 1.606925E+02 -1.76380E-08 -3.78383E-03 5.349E-05 4.677E-02 -2.067E-04 -1.783E-01 -1.532E-04 -1.315E-01 -1.532E-04  9.999E+01 -1.278E-01 1.278E-01
   883 1.000000E+01 8.122380E+03     1 2.400E+01 1.605646E+02 1.606925E+02 -1.76360E-08 -3.78385E-03 5.348E-05 4.682E-02 -2.067E-04 -1.785E-01 -1.532E-04 -1.317E-01 -1.532E-04  9.999E+01 -1.279E-01 1.279E-01
   884 1.000000E+01 8.132380E+03     1 2.400E+01 1.605644E+02 1.606925E+02 -1.76340E-08 -3.78386E-03 5.347E-05 4.688E-02 -2.066E-04 -1.787E-01 -1.532E-04 -1.318E-01 -1.532E-04  9.999E+01 -1.281E-01 1.281E-01
   885 1.000000E+01 8.142380E+03     1 2.400E+01 1.605643E+02 1.606925E+02 -1.76321E-08 -3.78388E-03 5.345E-05 4.693E-02 -2.066E-04 -1.789E-01 -1.532E-04 -1.320E-01 -1.531E-04  9.999E+01 -1.282E-01 1.282E-01
   886 1.000000E+01 8.152380E+03     1 2.400E+01 1.605641E+02 1.606925E+02 -1.76302E-08 -3.78390E-03 5.344E-05 4.698E-02 -2.066E-04 -1.791E-01 -1.531E-04 -1.321E-01 -1.531E-04  9.999E+01 -1.284E-01 1.284E-01
   887 1.000000E+01 8.162380E+03     1 2.400E+01 1.605640E+02 1.606925E+02 -1.76283E-08 -3.78392E-03 5.343E-05 4.704E-02 -2.065E-04 -1.793E-01 -1.531E-04 -1.323E-01 -1.531E-04  9.999E+01 -1.285E-01 1.285E-01
   888 1.000000E+01 8.172380E+03     1 2.400E+01 1.605638E+02 1.606925E+02 -1.76265E-08 -3.78393E-03 5.341E-05 4.709E-02 -2.065E-04 -1.795E-01 -1.531E-04 -1.325E-01 -1.531E-04  9.999E+01 -1.287E-01 1.287E-01
   889 1.000000E+01 8.182380E+03     1 2.400E+01 1.605637E+02 1.606925E+02 -1.76246E-08 -3.78395E-03 5.340E-05 4.714E-02 -2.065E-04 -1.798E-01 -1.531E-04 -1.326E-01 -1.531E-04  9.999E+01 -1.288E-01 1.288E-01
   890 1.000000E+01 8.192380E+03     1 2.400E+01 1.605635E+02 1.606925E+02 -1.76228E-08 -3.78397E-03 5.339E-05 4.720E-02 -2.064E-04 -1.800E-01 -1.531E-04 -1.328E-01 -1.530E-04  9.999E+01 -1.290E-01 1.290E-01
   891 1.000000E+01 8.202380E+03     1 2.400E+01 1.605634E+02 1.606925E+02 -1.76210E-08 -3.78399E-03 5.337E-05 4.725E-02 -2.064E-04 -1.802E-01 -1.530E-04 -1.329E-01 -1.530E-04  9.999E+01 -1.291E-01 1.291E-01
   892 1.000000E+01 8.212380E+03     1 2.400E+01 1.605632E+02 1.606925E+02 -1.76191E-08 -3.78401E-03 5.336E-05 4.730E-02 -2.064E-04 -1.804E-01 -1.530E-04 -1.331E-01 -1.530E-04  9.999E+01 -1.293E-01 1.293E-01
   893 1.000000E+01 8.222380E+03     1 2.400E+01 1.605631E+02 1.606925E+02 -1.76173E-08 -3.78402E-03 5.335E-05 4.736E-02 -2.064E-04 -1.806E-01 -1.530E-04 -1.332E-01 -1.530E-04  9.999E+01 -1.294E-01 1.294E-01
   894 1.000000E+01 8.232380E+03     1 2.400E+01 1.605629E+02 1.606925E+02 -1.76155E-08 -3.78404E-03 5.333E-05 4.741E-02 -2.063E-04 -1.808E-01 -1.530E-04 -1.334E-01 -1.530E-04  9.999E+01 -1.296E-01 1.296E-01
   895 1.000000E+01 8.242380E+03     1 2.400E+01 1.605627E+02 1.606925E+02 -1.76137E-08 -3.78406E-03 5.332E-05 4.746E-02 -2.063E-04 -1.810E-01 -1.530E-04 -1.335E-01 -1.530E-04  9.999E+01 -1.297E-01 1.297E-01
   896 1.000000E+01 8.252380E+03     1 2.400E+01 1.605626E+02 1.606925E+02 -1.76119E-08 -3.78408E-03 5.331E-05 4.752E-02 -2.063E-04 -1.812E-01 -1.530E-04 -1.337E-01 -1.529E-04  9.999E+01 -1.299E-01 1.299E-01
   897 1.000000E+01 8.262380E+03     1 2.400E+01 1.605624E+02 1.606925E+02 -1.76101E-08 -3.78409E-03 5.329E-05 4.757E-02 -2.062E-04 -1.814E-01 -1.529E-04 -1.338E-01 -1.529E-04  9.999E+01 -1.300E-01 1.300E-01
   898 1.000000E+01 8.272380E+03     1 2.400E+01 1.605623E+02 1.606925E+02 -1.76083E-08 -3.78411E-03 5.328E-05 4.762E-02 -2.062E-04 -1.816E-01 -1.529E-04 -1.340E-01 -1.529E-04  9.999E+01 -1.302E-01 1.302E-01
   899 1.000000E+01 8.282380E+03     1 2.400E+01 1.605621E+02 1.606925E+02 -1.76065E-08 -3.78413E-03 5.327E-05 4.768E-02 -2.062E-04 -1.818E-01 -1.529E-04 -1.341E-01 -1.529E-04  9.999E+01 -1.304E-01 1.304E-01
   900 1.000000E+01 8.292380E+03     1 2.400E+01 1.605620E+02 1.606925E+02 -1.76048E-08 -3.78415E-03 5.325E-05 4.773E-02 -2.061E-04 -1.820E-01 -1.529E-04 -1.343E-01 -1.529E-04  9.999E+01 -1.305E-01 1.305E-01
   901 1.000000E+01 8.302380E+03     1 2.400E+01 1.605618E+02 1.606925E+02 -1.76030E-08 -3.78416E-03 5.324E-05 4.778E-02 -2.061E-04 -1.822E-01 -1.529E-04 -1.344E-01 -1.528E-04  9.999E+01 -1.307E-01 1.307E-01
   902 1.000000E+01 8.312380E+03     1 2.400E+01 1.605617E+02 1.606925E+02 -1.76012E-08 -3.78418E-03 5.323E-05 4.784E-02 -2.061E-04 -1.824E-01 -1.528E-04 -1.346E-01 -1.528E-04  9.999E+01 -1.308E-01 1.308E-01
   903 1.000000E+01 8.322380E+03     1 2.400E+01 1.605615E+02 1.606925E+02 -1.75994E-08 -3.78420E-03 5.321E-05 4.789E-02 -2.060E-04 -1.826E-01 -1.528E-04 -1.347E-01 -1.528E-04  9.999E+01 -1.310E-01 1.310E-01
   904 1.000000E+01 8.332380E+03     1 2.400E+01 1.605614E+02 1.606925E+02 -1.75976E-08 -3.78422E-03 5.320E-05 4.794E-02 -2.060E-04 -1.828E-01 -1.528E-04 -1.349E-01 -1.528E-04  9.999E+01 -1.311E-01 1.311E-01
   905 1.000000E+01 8.342380E+03     1 2.400E+01 1.605612E+02 1.606925E+02 -1.75959E-08 -3.78423E-03 5.319E-05 4.800E-02 -2.060E-04 -1.830E-01 -1.528E-04 -1.351E-01 -1.528E-04  9.999E+01 -1.313E-01 1.313E-01
   906 1.000000E+01 8.352380E+03     1 2.400E+01 1.605611E+02 1.606925E+02 -1.75941E-08 -3.78425E-03 5.317E-05 4.805E-02 -2.059E-04 -1.833E-01 -1.528E-04 -1.352E-01 -1.528E-04  9.999E+01 -1.314E-01 1.314E-01
   907 1.000000E+01 8.362380E+03     1 2.400E+01 1.605609E+02 1.606925E+02 -1.75923E-08 -3.78427E-03 5.316E-05 4.810E-02 -2.059E-04 -1.835E-01 -1.528E-04 -1.354E-01 -1.527E-04  9.999E+01 -1.316E-01 1.316E-01
   908 1.000000E+01 8.372380E+03     1 2.400E+01 1.605608E+02 1.606925E+02 -1.75906E-08 -3.78429E-03 5.315E-05 4.816E-02 -2.059E-04 -1.837E-01 -1.527E-04 -1.355E-01 -1.527E-04  9.999E+01 -1.317E-01 1.317E-01
   909 1.000000E+01 8.382380E+03     1 2.400E+01 1.605606E+02 1.606925E+02 -1.75888E-08 -3.78430E-03 5.313E-05 4.821E-02 -2.059E-04 -1.839E-01 -1.527E-04 -1.357E-01 -1.527E-04  9.999E+01 -1.319E-01 1.319E-01
   910 1.000000E+01 8.392380E+03     1 2.400E+01 1.605605E+02 1.606925E+02 -1.75873E-08 -3.78432E-03 5.312E-05 4.826E-02 -2.058E-04 -1.841E-01 -1.527E-04 -1.358E-01 -1.527E-04  9.999E+01 -1.320E-01 1.320E-01
   911 1.000000E+01 8.402380E+03     1 2.400E+01 1.605603E+02 1.606925E+02 -1.75863E-08 -3.78434E-03 5.311E-05 4.831E-02 -2.058E-04 -1.843E-01 -1.527E-04 -1.360E-01 -1.527E-04  9.999E+01 -1.322E-01 1.322E-01
   912 1.000000E+01 8.412380E+03     1 2.400E+01 1.605601E+02 1.606925E+02 -1.75857E-08 -3.78436E-03 5.309E-05 4.837E-02 -2.058E-04 -1.845E-01 -1.527E-04 -1.361E-01 -1.526E-04  9.999E+01 -1.323E-01 1.323E-01
   913 1.000000E+01 8.422380E+03     1 2.400E+01 1.605600E+02 1.606925E+02 -1.75854E-08 -3.78437E-03 5.308E-05 4.842E-02 -2.057E-04 -1.847E-01 -1.526E-04 -1.363E-01 -1.526E-04  9.999E+01 -1.325E-01 1.325E-01
   914 1.000000E+01 8.432380E+03     1 2.400E+01 1.605598E+02 1.606925E+02 -1.75854E-08 -3.78439E-03 5.306E-05 4.847E-02 -2.057E-04 -1.849E-01 -1.526E-04 -1.364E-01 -1.526E-04  9.999E+01 -1.326E-01 1.326E-01
   915 1.000000E+01 8.442380E+03     1 2.400E+01 1.605597E+02 1.606925E+02 -1.75855E-08 -3.78441E-03 5.305E-05 4.853E-02 -2.057E-04 -1.851E-01 -1.526E-04 -1.366E-01 -1.526E-04  9.999E+01 -1.328E-01 1.328E-01
   916 1.000000E+01 8.452380E+03     1 2.400E+01 1.605595E+02 1.606925E+02 -1.75858E-08 -3.78443E-03 5.304E-05 4.858E-02 -2.056E-04 -1.853E-01 -1.526E-04 -1.367E-01 -1.526E-04  9.999E+01 -1.329E-01 1.330E-01
   917 1.000000E+01 8.462380E+03     1 2.400E+01 1.605594E+02 1.606925E+02 -1.75862E-08 -3.78445E-03 5.303E-05 4.863E-02 -2.056E-04 -1.855E-01 -1.526E-04 -1.369E-01 -1.526E-04  9.999E+01 -1.331E-01 1.331E-01
   918 1.000000E+01 8.472380E+03     1 2.400E+01 1.605592E+02 1.606925E+02 -1.75985E-08 -3.78446E-03 5.302E-05 4.869E-02 -2.056E-04 -1.857E-01 -1.526E-04 -1.370E-01 -1.526E-04  9.999E+01 -1.333E-01 1.333E-01
   919 1.000000E+01 8.482380E+03     1 2.400E+01 1.605591E+02 1.606925E+02 -1.75905E-08 -3.78448E-03 5.301E-05 4.874E-02 -2.056E-04 -1.859E-01 -1.526E-04 -1.372E-01 -1.525E-04  9.999E+01 -1.334E-01 1.334E-01
   920 1.000000E+01 8.492380E+03     1 2.400E+01 1.605589E+02 1.606925E+02 -1.75886E-08 -3.78450E-03 5.300E-05 4.879E-02 -2.055E-04 -1.861E-01 -1.525E-04 -1.373E-01 -1.525E-04  9.999E+01 -1.336E-01 1.336E-01
   921 1.000000E+01 8.502380E+03     1 2.400E+01 1.605588E+02 1.606925E+02 -1.75878E-08 -3.78452E-03 5.299E-05 4.885E-02 -2.055E-04 -1.863E-01 -1.525E-04 -1.375E-01 -1.525E-04  9.999E+01 -1.337E-01 1.337E-01
   922 1.000000E+01 8.512380E+03     1 2.400E+01 1.605586E+02 1.606925E+02 -1.75875E-08 -3.78453E-03 5.297E-05 4.890E-02 -2.055E-04 -1.865E-01 -1.525E-04 -1.376E-01 -1.525E-04  9.999E+01 -1.339E-01 1.339E-01
   923 1.000000E+01 8.522380E+03     1 2.400E+01 1.605585E+02 1.606925E+02 -1.75874E-08 -3.78455E-03 5.296E-05 4.895E-02 -2.055E-04 -1.868E-01 -1.525E-04 -1.378E-01 -1.525E-04  9.999E+01 -1.340E-01 1.340E-01
   924 1.000000E+01 8.532380E+03     1 2.400E+01 1.605583E+02 1.606925E+02 -1.75875E-08 -3.78457E-03 5.295E-05 4.900E-02 -2.054E-04 -1.870E-01 -1.525E-04 -1.380E-01 -1.525E-04  9.999E+01 -1.342E-01 1.342E-01
   925 1.000000E+01 8.542380E+03     1 2.400E+01 1.605582E+02 1.606925E+02 -1.75877E-08 -3.78459E-03 5.294E-05 4.906E-02 -2.054E-04 -1.872E-01 -1.525E-04 -1.381E-01 -1.524E-04  9.999E+01 -1.343E-01 1.343E-01
   926 1.000000E+01 8.552380E+03     1 2.400E+01 1.605580E+02 1.606925E+02 -1.75880E-08 -3.78460E-03 5.293E-05 4.911E-02 -2.054E-04 -1.874E-01 -1.524E-04 -1.383E-01 -1.524E-04  9.999E+01 -1.345E-01 1.345E-01
   927 1.000000E+01 8.562380E+03     1 2.400E+01 1.605579E+02 1.606925E+02 -1.75884E-08 -3.78462E-03 5.291E-05 4.916E-02 -2.053E-04 -1.876E-01 -1.524E-04 -1.384E-01 -1.524E-04  9.999E+01 -1.346E-01 1.346E-01
   928 1.000000E+01 8.572380E+03     1 2.400E+01 1.605577E+02 1.606925E+02 -1.75888E-08 -3.78464E-03 5.290E-05 4.922E-02 -2.053E-04 -1.878E-01 -1.524E-04 -1.386E-01 -1.524E-04  9.999E+01 -1.348E-01 1.348E-01
   929 1.000000E+01 8.582380E+03     1 2.400E+01 1.605576E+02 1.606925E+02 -1.75892E-08 -3.78466E-03 5.289E-05 4.927E-02 -2.053E-04 -1.880E-01 -1.524E-04 -1.387E-01 -1.524E-04  9.999E+01 -1.349E-01 1.349E-01
   930 1.000000E+01 8.592380E+03     1 2.400E+01 1.605574E+02 1.606925E+02 -1.75897E-08 -3.78467E-03 5.287E-05 4.932E-02 -2.053E-04 -1.882E-01 -1.524E-04 -1.389E-01 -1.524E-04  9.999E+01 -1.351E-01 1.351E-01
   931 1.000000E+01 8.602380E+03     1 2.400E+01 1.605573E+02 1.606925E+02 -1.75902E-08 -3.78469E-03 5.286E-05 4.937E-02 -2.052E-04 -1.884E-01 -1.524E-04 -1.390E-01 -1.524E-04  9.999E+01 -1.352E-01 1.352E-01
   932 1.000000E+01 8.612380E+03     1 2.400E+01 1.605571E+02 1.606925E+02 -1.75908E-08 -3.78471E-03 5.285E-05 4.943E-02 -2.052E-04 -1.886E-01 -1.524E-04 -1.392E-01 -1.523E-04  9.999E+01 -1.354E-01 1.354E-01
   933 1.000000E+01 8.622380E+03     1 2.400E+01 1.605569E+02 1.606925E+02 -1.75913E-08 -3.78473E-03 5.283E-05 4.948E-02 -2.052E-04 -1.888E-01 -1.524E-04 -1.393E-01 -1.523E-04  9.999E+01 -1.355E-01 1.355E-01
   934 1.000000E+01 8.632380E+03     1 2.400E+01 1.605568E+02 1.606925E+02 -1.75919E-08 -3.78474E-03 5.282E-05 4.953E-02 -2.052E-04 -1.890E-01 -1.523E-04 -1.395E-01 -1.523E-04  9.999E+01 -1.357E-01 1.357E-01
   935 1.000000E+01 8.642380E+03     1 2.400E+01 1.605566E+02 1.606925E+02 -1.75924E-08 -3.78476E-03 5.281E-05 4.959E-02 -2.051E-04 -1.892E-01 -1.523E-04 -1.396E-01 -1.523E-04  9.999E+01 -1.358E-01 1.358E-01
   936 1.000000E+01 8.652380E+03     1 2.400E+01 1.605565E+02 1.606925E+02 -1.75930E-08 -3.78478E-03 5.279E-05 4.964E-02 -2.051E-04 -1.894E-01 -1.523E-04 -1.398E-01 -1.523E-04  9.999E+01 -1.360E-01 1.360E-01
   937 1.000000E+01 8.662380E+03     1 2.400E+01 1.605563E+02 1.606925E+02 -1.75936E-08 -3.78480E-03 5.278E-05 4.969E-02 -2.051E-04 -1.896E-01 -1.523E-04 -1.399E-01 -1.523E-04  9.999E+01 -1.361E-01 1.362E-01
   938 1.000000E+01 8.672380E+03     1 2.400E+01 1.605562E+02 1.606925E+02 -1.76143E-08 -3.78481E-03 5.276E-05 4.974E-02 -2.050E-04 -1.898E-01 -1.523E-04 -1.401E-01 -1.523E-04  9.999E+01 -1.363E-01 1.363E-01
   939 1.000000E+01 8.682380E+03     1 2.400E+01 1.605560E+02 1.606925E+02 -1.76057E-08 -3.78483E-03 5.275E-05 4.980E-02 -2.050E-04 -1.900E-01 -1.523E-04 -1.402E-01 -1.523E-04  9.999E+01 -1.365E-01 1.365E-01
   940 1.000000E+01 8.692380E+03     1 2.400E+01 1.605559E+02 1.606925E+02 -1.75958E-08 -3.78485E-03 5.273E-05 4.985E-02 -2.050E-04 -1.902E-01 -1.523E-04 -1.404E-01 -1.522E-04  9.999E+01 -1.366E-01 1.366E-01
   941 1.000000E+01 8.702380E+03     1 2.400E+01 1.605557E+02 1.606925E+02 -1.75931E-08 -3.78487E-03 5.272E-05 4.990E-02 -2.050E-04 -1.904E-01 -1.522E-04 -1.405E-01 -1.522E-04  9.999E+01 -1.368E-01 1.368E-01
   942 1.000000E+01 8.712380E+03     1 2.400E+01 1.605556E+02 1.606925E+02 -1.75917E-08 -3.78489E-03 5.270E-05 4.996E-02 -2.049E-04 -1.907E-01 -1.522E-04 -1.407E-01 -1.522E-04  9.999E+01 -1.369E-01 1.369E-01
   943 1.000000E+01 8.722380E+03     1 2.400E+01 1.605554E+02 1.606925E+02 -1.75909E-08 -3.78490E-03 5.269E-05 5.001E-02 -2.049E-04 -1.909E-01 -1.522E-04 -1.408E-01 -1.522E-04  9.999E+01 -1.371E-01 1.371E-01
   944 1.000000E+01 8.732380E+03     1 2.400E+01 1.605553E+02 1.606925E+02 -1.75905E-08 -3.78492E-03 5.268E-05 5.006E-02 -2.049E-04 -1.911E-01 -1.522E-04 -1.410E-01 -1.522E-04  9.999E+01 -1.372E-01 1.372E-01
   945 1.000000E+01 8.742380E+03     1 2.400E+01 1.605551E+02 1.606925E+02 -1.75901E-08 -3.78494E-03 5.266E-05 5.011E-02 -2.049E-04 -1.913E-01 -1.522E-04 -1.412E-01 -1.522E-04  9.999E+01 -1.374E-01 1.374E-01
   946 1.000000E+01 8.752380E+03     1 2.400E+01 1.605550E+02 1.606925E+02 -1.75899E-08 -3.78496E-03 5.265E-05 5.017E-02 -2.048E-04 -1.915E-01 -1.522E-04 -1.413E-01 -1.522E-04  9.999E+01 -1.375E-01 1.375E-01
   947 1.000000E+01 8.762380E+03     1 2.400E+01 1.605548E+02 1.606925E+02 -1.75898E-08 -3.78497E-03 5.263E-05 5.022E-02 -2.048E-04 -1.917E-01 -1.522E-04 -1.415E-01 -1.522E-04  9.999E+01 -1.377E-01 1.377E-01
   948 1.000000E+01 8.772380E+03     1 2.400E+01 1.605547E+02 1.606925E+02 -1.75897E-08 -3.78499E-03 5.261E-05 5.027E-02 -2.048E-04 -1.919E-01 -1.522E-04 -1.416E-01 -1.521E-04  9.999E+01 -1.378E-01 1.378E-01
   949 1.000000E+01 8.782380E+03     1 2.400E+01 1.605545E+02 1.606925E+02 -1.75897E-08 -3.78501E-03 5.260E-05 5.032E-02 -2.047E-04 -1.921E-01 -1.521E-04 -1.418E-01 -1.521E-04  9.999E+01 -1.380E-01 1.380E-01
   950 1.000000E+01 8.792380E+03     1 2.400E+01 1.605544E+02 1.606925E+02 -1.75898E-08 -3.78503E-03 5.258E-05 5.038E-02 -2.047E-04 -1.923E-01 -1.521E-04 -1.419E-01 -1.521E-04  9.999E+01 -1.381E-01 1.381E-01
   951 1.000000E+01 8.802380E+03     1 2.400E+01 1.605542E+02 1.606925E+02 -1.75898E-08 -3.78504E-03 5.257E-05 5.043E-02 -2.047E-04 -1.925E-01 -1.521E-04 -1.421E-01 -1.521E-04  9.999E+01 -1.383E-01 1.383E-01
   952 1.000000E+01 8.812380E+03     1 2.400E+01 1.605541E+02 1.606925E+02 -1.75899E-08 -3.78506E-03 5.255E-05 5.048E-02 -2.047E-04 -1.927E-01 -1.521E-04 -1.422E-01 -1.521E-04  9.999E+01 -1.384E-01 1.384E-01
   953 1.000000E+01 8.822380E+03     1 2.400E+01 1.605539E+02 1.606925E+02 -1.75900E-08 -3.78508E-03 5.254E-05 5.053E-02 -2.046E-04 -1.929E-01 -1.521E-04 -1.424E-01 -1.521E-04  9.999E+01 -1.386E-01 1.386E-01
   954 1.000000E+01 8.832380E+03     1 2.400E+01 1.605537E+02 1.606925E+02 -1.75901E-08 -3.78510E-03 5.252E-05 5.059E-02 -2.046E-04 -1.931E-01 -1.521E-04 -1.425E-01 -1.521E-04  9.999E+01 -1.387E-01 1.387E-01
   955 1.000000E+01 8.842380E+03     1 2.400E+01 1.605536E+02 1.606925E+02 -1.75902E-08 -3.78511E-03 5.251E-05 5.064E-02 -2.046E-04 -1.933E-01 -1.521E-04 -1.427E-01 -1.521E-04  9.999E+01 -1.389E-01 1.389E-01
   956 1.000000E+01 8.852380E+03     1 2.400E+01 1.605534E+02 1.606925E+02 -1.75904E-08 -3.78513E-03 5.250E-05 5.069E-02 -2.046E-04 -1.935E-01 -1.521E-04 -1.428E-01 -1.520E-04  9.999E+01 -1.390E-01 1.390E-01
   957 1.000000E+01 8.862380E+03     1 2.400E+01 1.605533E+02 1.606925E+02 -1.75906E-08 -3.78515E-03 5.249E-05 5.074E-02 -2.045E-04 -1.937E-01 -1.521E-04 -1.430E-01 -1.520E-04  9.999E+01 -1.392E-01 1.392E-01
   958 1.000000E+01 8.872380E+03     1 2.400E+01 1.605531E+02 1.606925E+02 -1.75907E-08 -3.78517E-03 5.248E-05 5.080E-02 -2.045E-04 -1.939E-01 -1.520E-04 -1.431E-01 -1.520E-04  9.999E+01 -1.393E-01 1.393E-01
   959 1.000000E+01 8.882380E+03     1 2.400E+01 1.605530E+02 1.606925E+02 -1.75909E-08 -3.78518E-03 5.247E-05 5.085E-02 -2.045E-04 -1.941E-01 -1.520E-04 -1.433E-01 -1.520E-04  9.999E+01 -1.395E-01 1.395E-01
   960 1.000000E+01 8.892380E+03     1 2.400E+01 1.605528E+02 1.606925E+02 -1.75911E-08 -3.78520E-03 5.245E-05 5.090E-02 -2.045E-04 -1.943E-01 -1.520E-04 -1.434E-01 -1.520E-04  9.999E+01 -1.396E-01 1.397E-01
   961 1.000000E+01 8.902380E+03     1 2.400E+01 1.605527E+02 1.606925E+02 -1.75913E-08 -3.78522E-03 5.244E-05 5.095E-02 -2.044E-04 -1.945E-01 -1.520E-04 -1.436E-01 -1.520E-04  9.999E+01 -1.398E-01 1.398E-01
   962 1.000000E+01 8.912380E+03     1 2.400E+01 1.605525E+02 1.606925E+02 -1.75915E-08 -3.78524E-03 5.243E-05 5.101E-02 -2.044E-04 -1.947E-01 -1.520E-04 -1.437E-01 -1.520E-04  9.999E+01 -1.400E-01 1.400E-01
   963 1.000000E+01 8.922380E+03     1 2.400E+01 1.605524E+02 1.606925E+02 -1.75917E-08 -3.78525E-03 5.242E-05 5.106E-02 -2.044E-04 -1.949E-01 -1.520E-04 -1.439E-01 -1.520E-04  9.999E+01 -1.401E-01 1.401E-01
   964 1.000000E+01 8.932380E+03     1 2.400E+01 1.605522E+02 1.606925E+02 -1.75919E-08 -3.78527E-03 5.240E-05 5.111E-02 -2.044E-04 -1.952E-01 -1.520E-04 -1.440E-01 -1.520E-04  9.999E+01 -1.403E-01 1.403E-01
   965 1.000000E+01 8.942380E+03     1 2.400E+01 1.605521E+02 1.606925E+02 -1.75921E-08 -3.78529E-03 5.239E-05 5.116E-02 -2.044E-04 -1.954E-01 -1.520E-04 -1.442E-01 -1.519E-04  9.999E+01 -1.404E-01 1.404E-01
   966 1.000000E+01 8.952380E+03     1 2.400E+01 1.605519E+02 1.606925E+02 -1.75923E-08 -3.78531E-03 5.238E-05 5.122E-02 -2.043E-04 -1.956E-01 -1.519E-04 -1.443E-01 -1.519E-04  9.999E+01 -1.406E-01 1.406E-01
   967 1.000000E+01 8.962380E+03     1 2.400E+01 1.605518E+02 1.606925E+02 -1.75925E-08 -3.78532E-03 5.237E-05 5.127E-02 -2.043E-04 -1.958E-01 -1.519E-04 -1.445E-01 -1.519E-04  9.999E+01 -1.407E-01 1.407E-01
   968 1.000000E+01 8.972380E+03     1 2.400E+01 1.605516E+02 1.606925E+02 -1.75927E-08 -3.78534E-03 5.236E-05 5.132E-02 -2.043E-04 -1.960E-01 -1.519E-04 -1.446E-01 -1.519E-04  9.999E+01 -1.409E-01 1.409E-01
   969 1.000000E+01 8.982380E+03     1 2.400E+01 1.605515E+02 1.606925E+02 -1.75929E-08 -3.78536E-03 5.234E-05 5.137E-02 -2.043E-04 -1.962E-01 -1.519E-04 -1.448E-01 -1.519E-04  9.999E+01 -1.410E-01 1.410E-01
   970 1.000000E+01 8.992380E+03     1 2.400E+01 1.605513E+02 1.606925E+02 -1.75931E-08 -3.78538E-03 5.233E-05 5.143E-02 -2.042E-04 -1.964E-01 -1.519E-04 -1.450E-01 -1.519E-04  9.999E+01 -1.412E-01 1.412E-01
   971 1.000000E+01 9.002380E+03     1 2.400E+01 1.605512E+02 1.606925E+02 -1.75933E-08 -3.78540E-03 5.232E-05 5.148E-02 -2.042E-04 -1.966E-01 -1.519E-04 -1.451E-01 -1.519E-04  9.999E+01 -1.413E-01 1.413E-01
   972 1.000000E+01 9.012380E+03     1 2.400E+01 1.605510E+02 1.606925E+02 -1.75936E-08 -3.78541E-03 5.231E-05 5.153E-02 -2.042E-04 -1.968E-01 -1.519E-04 -1.453E-01 -1.519E-04  9.999E+01 -1.415E-01 1.415E-01
   973 1.000000E+01 9.022380E+03     1 2.400E+01 1.605509E+02 1.606925E+02 -1.75938E-08 -3.78543E-03 5.229E-05 5.158E-02 -2.042E-04 -1.970E-01 -1.519E-04 -1.454E-01 -1.519E-04  9.999E+01 -1.416E-01 1.416E-01
   974 1.000000E+01 9.032380E+03     1 2.400E+01 1.605507E+02 1.606925E+02 -1.75940E-08 -3.78545E-03 5.228E-05 5.163E-02 -2.041E-04 -1.972E-01 -1.519E-04 -1.456E-01 -1.518E-04  9.999E+01 -1.418E-01 1.418E-01
   975 1.000000E+01 9.042380E+03     1 2.400E+01 1.605506E+02 1.606925E+02 -1.75942E-08 -3.78547E-03 5.227E-05 5.169E-02 -2.041E-04 -1.974E-01 -1.518E-04 -1.457E-01 -1.518E-04  9.999E+01 -1.419E-01 1.419E-01
   976 1.000000E+01 9.052380E+03     1 2.400E+01 1.605504E+02 1.606925E+02 -1.75944E-08 -3.78548E-03 5.225E-05 5.174E-02 -2.041E-04 -1.976E-01 -1.518E-04 -1.459E-01 -1.518E-04  9.999E+01 -1.421E-01 1.421E-01
   977 1.000000E+01 9.062380E+03     1 2.400E+01 1.605503E+02 1.606925E+02 -1.75946E-08 -3.78550E-03 5.224E-05 5.179E-02 -2.041E-04 -1.978E-01 -1.518E-04 -1.460E-01 -1.518E-04  9.999E+01 -1.422E-01 1.422E-01
   978 1.000000E+01 9.072380E+03     1 2.400E+01 1.605501E+02 1.606925E+02 -1.75948E-08 -3.78552E-03 5.223E-05 5.184E-02 -2.040E-04 -1.980E-01 -1.518E-04 -1.462E-01 -1.518E-04  9.999E+01 -1.424E-01 1.424E-01
   979 1.000000E+01 9.082380E+03     1 2.400E+01 1.605500E+02 1.606925E+02 -1.75950E-08 -3.78554E-03 5.222E-05 5.190E-02 -2.040E-04 -1.982E-01 -1.518E-04 -1.463E-01 -1.518E-04  9.999E+01 -1.425E-01 1.425E-01
   980 1.000000E+01 9.092380E+03     1 2.400E+01 1.605498E+02 1.606925E+02 -1.75952E-08 -3.78555E-03 5.220E-05 5.195E-02 -2.040E-04 -1.984E-01 -1.518E-04 -1.465E-01 -1.518E-04  9.999E+01 -1.427E-01 1.427E-01
   981 1.000000E+01 9.102380E+03     1 2.400E+01 1.605496E+02 1.606925E+02 -1.75954E-08 -3.78557E-03 5.219E-05 5.200E-02 -2.040E-04 -1.986E-01 -1.518E-04 -1.466E-01 -1.518E-04  9.999E+01 -1.428E-01 1.428E-01
   982 1.000000E+01 9.112380E+03     1 2.400E+01 1.605495E+02 1.606925E+02 -1.75956E-08 -3.78559E-03 5.218E-05 5.205E-02 -2.039E-04 -1.988E-01 -1.518E-04 -1.468E-01 -1.518E-04  9.999E+01 -1.430E-01 1.430E-01
   983 1.000000E+01 9.122380E+03     1 2.400E+01 1.605493E+02 1.606925E+02 -1.75958E-08 -3.78561E-03 5.216E-05 5.210E-02 -2.039E-04 -1.990E-01 -1.518E-04 -1.469E-01 -1.517E-04  9.999E+01 -1.431E-01 1.431E-01
   984 1.000000E+01 9.132380E+03     1 2.400E+01 1.605492E+02 1.606925E+02 -1.75960E-08 -3.78562E-03 5.215E-05 5.216E-02 -2.039E-04 -1.992E-01 -1.517E-04 -1.471E-01 -1.517E-04  9.999E+01 -1.433E-01 1.433E-01
   985 1.000000E+01 9.142380E+03     1 2.400E+01 1.605490E+02 1.606925E+02 -1.75961E-08 -3.78564E-03 5.214E-05 5.221E-02 -2.039E-04 -1.994E-01 -1.517E-04 -1.472E-01 -1.517E-04  9.999E+01 -1.434E-01 1.434E-01
   986 1.000000E+01 9.152380E+03     1 2.400E+01 1.605489E+02 1.606925E+02 -1.75963E-08 -3.78566E-03 5.212E-05 5.226E-02 -2.038E-04 -1.996E-01 -1.517E-04 -1.474E-01 -1.517E-04  9.999E+01 -1.436E-01 1.436E-01
   987 1.000000E+01 9.162380E+03     1 2.400E+01 1.605487E+02 1.606925E+02 -1.75965E-08 -3.78568E-03 5.211E-05 5.231E-02 -2.038E-04 -1.998E-01 -1.517E-04 -1.475E-01 -1.517E-04  9.999E+01 -1.437E-01 1.438E-01
   988 1.000000E+01 9.172380E+03     1 2.400E+01 1.605486E+02 1.606925E+02 -1.75967E-08 -3.78569E-03 5.210E-05 5.236E-02 -2.038E-04 -2.001E-01 -1.517E-04 -1.477E-01 -1.517E-04  9.999E+01 -1.439E-01 1.439E-01
   989 1.000000E+01 9.182380E+03     1 2.400E+01 1.605484E+02 1.606925E+02 -1.75969E-08 -3.78571E-03 5.208E-05 5.242E-02 -2.038E-04 -2.003E-01 -1.517E-04 -1.478E-01 -1.517E-04  9.999E+01 -1.441E-01 1.441E-01
   990 1.000000E+01 9.192380E+03     1 2.400E+01 1.605483E+02 1.606925E+02 -1.75970E-08 -3.78573E-03 5.207E-05 5.247E-02 -2.038E-04 -2.005E-01 -1.517E-04 -1.480E-01 -1.517E-04  9.999E+01 -1.442E-01 1.442E-01
   991 1.000000E+01 9.202380E+03     1 2.400E+01 1.605481E+02 1.606925E+02 -1.75972E-08 -3.78575E-03 5.206E-05 5.252E-02 -2.037E-04 -2.007E-01 -1.517E-04 -1.481E-01 -1.517E-04  9.999E+01 -1.444E-01 1.444E-01
   992 1.000000E+01 9.212380E+03     1 2.400E+01 1.605480E+02 1.606925E+02 -1.75973E-08 -3.78576E-03 5.204E-05 5.257E-02 -2.037E-04 -2.009E-01 -1.517E-04 -1.483E-01 -1.516E-04  9.999E+01 -1.445E-01 1.445E-01
   993 1.000000E+01 9.222380E+03     1 2.400E+01 1.605478E+02 1.606925E+02 -1.75975E-08 -3.78578E-03 5.203E-05 5.263E-02 -2.037E-04 -2.011E-01 -1.516E-04 -1.484E-01 -1.516E-04  9.999E+01 -1.447E-01 1.447E-01
   994 1.000000E+01 9.232380E+03     1 2.400E+01 1.605477E+02 1.606925E+02 -1.75977E-08 -3.78580E-03 5.202E-05 5.268E-02 -2.037E-04 -2.013E-01 -1.516E-04 -1.486E-01 -1.516E-04  9.999E+01 -1.448E-01 1.448E-01
   995 1.000000E+01 9.242380E+03     1 2.400E+01 1.605475E+02 1.606925E+02 -1.75978E-08 -3.78582E-03 5.200E-05 5.273E-02 -2.036E-04 -2.015E-01 -1.516E-04 -1.487E-01 -1.516E-04  9.999E+01 -1.450E-01 1.450E-01
   996 1.000000E+01 9.252380E+03     1 2.400E+01 1.605474E+02 1.606925E+02 -1.75980E-08 -3.78584E-03 5.199E-05 5.278E-02 -2.036E-04 -2.017E-01 -1.516E-04 -1.489E-01 -1.516E-04  9.999E+01 -1.451E-01 1.451E-01
   997 1.000000E+01 9.262380E+03     1 2.400E+01 1.605472E+02 1.606925E+02 -1.75981E-08 -3.78585E-03 5.198E-05 5.283E-02 -2.036E-04 -2.019E-01 -1.516E-04 -1.491E-01 -1.516E-04  9.999E+01 -1.453E-01 1.453E-01
   998 1.000000E+01 9.272380E+03     1 2.400E+01 1.605471E+02 1.606925E+02 -1.75983E-08 -3.78587E-03 5.196E-05 5.289E-02 -2.036E-04 -2.021E-01 -1.516E-04 -1.492E-01 -1.516E-04  9.999E+01 -1.454E-01 1.454E-01
   999 1.000000E+01 9.282380E+03     1 2.400E+01 1.605469E+02 1.606925E+02 -1.75984E-08 -3.78589E-03 5.195E-05 5.294E-02 -2.035E-04 -2.023E-01 -1.516E-04 -1.494E-01 -1.516E-04  9.999E+01 -1.456E-01 1.456E-01
  1000 1.000000E+01 9.292380E+03     1 2.300E+01 1.605468E+02 1.606925E+02 -1.77625E-08 -3.78591E-03 5.192E-05 5.299E-02 -2.035E-04 -2.025E-01 -1.516E-04 -1.495E-01 -1.516E-04  9.999E+01 -1.457E-01 1.457E-01
  1001 1.000000E+01 9.302380E+03     1 2.400E+01 1.605466E+02 1.606925E+02 -1.76955E-08 -3.78592E-03 5.189E-05 5.304E-02 -2.035E-04 -2.027E-01 -1.516E-04 -1.497E-01 -1.516E-04  9.999E+01 -1.459E-01 1.459E-01
  1002 1.000000E+01 9.312380E+03     1 2.400E+01 1.605465E+02 1.606925E+02 -1.76986E-08 -3.78594E-03 5.186E-05 5.309E-02 -2.034E-04 -2.029E-01 -1.516E-04 -1.498E-01 -1.516E-04  9.999E+01 -1.460E-01 1.460E-01
  1003 1.000000E+01 9.322380E+03     1 2.400E+01 1.605463E+02 1.606925E+02 -1.76957E-08 -3.78596E-03 5.184E-05 5.314E-02 -2.034E-04 -2.031E-01 -1.516E-04 -1.500E-01 -1.516E-04  9.999E+01 -1.462E-01 1.462E-01
  1004 1.000000E+01 9.332380E+03     1 2.400E+01 1.605462E+02 1.606925E+02 -1.76905E-08 -3.78598E-03 5.182E-05 5.320E-02 -2.034E-04 -2.033E-01 -1.516E-04 -1.501E-01 -1.516E-04  9.999E+01 -1.463E-01 1.463E-01
  1005 1.000000E+01 9.342380E+03     1 2.400E+01 1.605460E+02 1.606925E+02 -1.76842E-08 -3.78599E-03 5.180E-05 5.325E-02 -2.034E-04 -2.035E-01 -1.516E-04 -1.503E-01 -1.515E-04  9.999E+01 -1.465E-01 1.465E-01
  1006 1.000000E+01 9.352380E+03     1 2.400E+01 1.605459E+02 1.606925E+02 -1.76772E-08 -3.78601E-03 5.178E-05 5.330E-02 -2.033E-04 -2.037E-01 -1.516E-04 -1.504E-01 -1.515E-04  9.999E+01 -1.466E-01 1.466E-01
  1007 1.000000E+01 9.362380E+03     1 2.400E+01 1.605457E+02 1.606925E+02 -1.76698E-08 -3.78603E-03 5.177E-05 5.335E-02 -2.033E-04 -2.039E-01 -1.515E-04 -1.506E-01 -1.515E-04  9.999E+01 -1.468E-01 1.468E-01
  1008 1.000000E+01 9.372380E+03     1 2.400E+01 1.605456E+02 1.606925E+02 -1.76622E-08 -3.78605E-03 5.175E-05 5.340E-02 -2.033E-04 -2.041E-01 -1.515E-04 -1.507E-01 -1.515E-04  9.999E+01 -1.469E-01 1.469E-01
  1009 1.000000E+01 9.382380E+03     1 2.400E+01 1.605454E+02 1.606925E+02 -1.76545E-08 -3.78606E-03 5.174E-05 5.346E-02 -2.033E-04 -2.043E-01 -1.515E-04 -1.509E-01 -1.515E-04  9.999E+01 -1.471E-01 1.471E-01
  1010 1.000000E+01 9.392380E+03     1 2.400E+01 1.605453E+02 1.606925E+02 -1.76468E-08 -3.78608E-03 5.173E-05 5.351E-02 -2.032E-04 -2.045E-01 -1.515E-04 -1.510E-01 -1.515E-04  9.999E+01 -1.472E-01 1.472E-01
  1011 1.000000E+01 9.402380E+03     1 2.400E+01 1.605451E+02 1.606925E+02 -1.76427E-08 -3.78610E-03 5.172E-05 5.356E-02 -2.032E-04 -2.047E-01 -1.515E-04 -1.512E-01 -1.515E-04  9.999E+01 -1.474E-01 1.474E-01
  1012 1.000000E+01 9.412380E+03     1 2.400E+01 1.605449E+02 1.606925E+02 -1.76325E-08 -3.78612E-03 5.171E-05 5.361E-02 -2.032E-04 -2.049E-01 -1.515E-04 -1.513E-01 -1.515E-04  9.999E+01 -1.475E-01 1.475E-01
  1013 1.000000E+01 9.422380E+03     1 2.400E+01 1.605448E+02 1.606925E+02 -1.76244E-08 -3.78614E-03 5.170E-05 5.366E-02 -2.032E-04 -2.051E-01 -1.515E-04 -1.515E-01 -1.514E-04  9.999E+01 -1.477E-01 1.477E-01
  1014 1.000000E+01 9.432380E+03     1 2.400E+01 1.605446E+02 1.606925E+02 -1.76167E-08 -3.78615E-03 5.169E-05 5.371E-02 -2.031E-04 -2.053E-01 -1.514E-04 -1.516E-01 -1.514E-04  9.999E+01 -1.478E-01 1.478E-01
  1015 1.000000E+01 9.442380E+03     1 2.400E+01 1.605445E+02 1.606925E+02 -1.76100E-08 -3.78617E-03 5.168E-05 5.377E-02 -2.031E-04 -2.055E-01 -1.514E-04 -1.518E-01 -1.514E-04  9.999E+01 -1.480E-01 1.480E-01
  1016 1.000000E+01 9.452380E+03     1 2.400E+01 1.605443E+02 1.606925E+02 -1.76030E-08 -3.78619E-03 5.167E-05 5.382E-02 -2.031E-04 -2.057E-01 -1.514E-04 -1.519E-01 -1.514E-04  9.999E+01 -1.481E-01 1.481E-01
  1017 1.000000E+01 9.462380E+03     1 2.400E+01 1.605442E+02 1.606925E+02 -1.75945E-08 -3.78621E-03 5.166E-05 5.387E-02 -2.030E-04 -2.059E-01 -1.514E-04 -1.521E-01 -1.514E-04  9.999E+01 -1.483E-01 1.483E-01
  1018 1.000000E+01 9.472380E+03     1 2.400E+01 1.605440E+02 1.606925E+02 -1.75871E-08 -3.78622E-03 5.165E-05 5.392E-02 -2.030E-04 -2.062E-01 -1.514E-04 -1.522E-01 -1.514E-04  9.999E+01 -1.484E-01 1.484E-01
  1019 1.000000E+01 9.482380E+03     1 2.400E+01 1.605439E+02 1.606925E+02 -1.75802E-08 -3.78624E-03 5.165E-05 5.397E-02 -2.030E-04 -2.064E-01 -1.514E-04 -1.524E-01 -1.513E-04  9.999E+01 -1.486E-01 1.486E-01
  1020 1.000000E+01 9.492380E+03     1 2.400E+01 1.605437E+02 1.606925E+02 -1.75738E-08 -3.78626E-03 5.164E-05 5.402E-02 -2.030E-04 -2.066E-01 -1.513E-04 -1.525E-01 -1.513E-04  9.999E+01 -1.487E-01 1.488E-01
  1021 1.000000E+01 9.502380E+03     1 2.400E+01 1.605436E+02 1.606925E+02 -1.75676E-08 -3.78628E-03 5.163E-05 5.408E-02 -2.029E-04 -2.068E-01 -1.513E-04 -1.527E-01 -1.513E-04  9.999E+01 -1.489E-01 1.489E-01
  1022 1.000000E+01 9.512380E+03     1 2.400E+01 1.605434E+02 1.606925E+02 -1.75618E-08 -3.78629E-03 5.162E-05 5.413E-02 -2.029E-04 -2.070E-01 -1.513E-04 -1.528E-01 -1.513E-04  9.999E+01 -1.491E-01 1.491E-01
  1023 1.000000E+01 9.522380E+03     1 2.400E+01 1.605433E+02 1.606925E+02 -1.75561E-08 -3.78631E-03 5.162E-05 5.418E-02 -2.029E-04 -2.072E-01 -1.513E-04 -1.530E-01 -1.513E-04  9.999E+01 -1.492E-01 1.492E-01
  1024 1.000000E+01 9.532380E+03     1 2.400E+01 1.605431E+02 1.606925E+02 -1.75507E-08 -3.78633E-03 5.161E-05 5.423E-02 -2.029E-04 -2.074E-01 -1.513E-04 -1.531E-01 -1.512E-04  9.999E+01 -1.494E-01 1.494E-01
  1025 1.000000E+01 9.542380E+03     1 2.400E+01 1.605430E+02 1.606925E+02 -1.75455E-08 -3.78635E-03 5.160E-05 5.428E-02 -2.028E-04 -2.076E-01 -1.512E-04 -1.533E-01 -1.512E-04  9.999E+01 -1.495E-01 1.495E-01
  1026 1.000000E+01 9.552380E+03     1 2.400E+01 1.605428E+02 1.606925E+02 -1.75405E-08 -3.78636E-03 5.160E-05 5.433E-02 -2.028E-04 -2.078E-01 -1.512E-04 -1.534E-01 -1.512E-04  9.999E+01 -1.497E-01 1.497E-01
  1027 1.000000E+01 9.562380E+03     1 2.400E+01 1.605427E+02 1.606925E+02 -1.75356E-08 -3.78638E-03 5.159E-05 5.439E-02 -2.028E-04 -2.080E-01 -1.512E-04 -1.536E-01 -1.512E-04  9.999E+01 -1.498E-01 1.498E-01
  1028 1.000000E+01 9.572380E+03     1 2.400E+01 1.605425E+02 1.606925E+02 -1.75309E-08 -3.78640E-03 5.158E-05 5.444E-02 -2.028E-04 -2.082E-01 -1.512E-04 -1.537E-01 -1.512E-04  9.999E+01 -1.500E-01 1.500E-01
  1029 1.000000E+01 9.582380E+03     1 2.400E+01 1.605424E+02 1.606925E+02 -1.75263E-08 -3.78642E-03 5.158E-05 5.449E-02 -2.027E-04 -2.084E-01 -1.512E-04 -1.539E-01 -1.511E-04  9.999E+01 -1.501E-01 1.501E-01
  1030 8.809995E+00 9.591190E+03     2 2.450E+01 1.605422E+02 1.606923E+02 -1.30058E-04 -3.91647E-03 4.733E-05 5.454E-02 -1.789E-04 -2.086E-01 -1.316E-04 -1.540E-01 -1.524E-06  1.158E+00 -1.501E-01 1.501E-01
  1031 8.809995E+00 9.600000E+03     2 2.450E+01 1.605421E+02 1.606922E+02 -1.30997E-04 -4.04747E-03 4.882E-05 5.458E-02 -1.793E-04 -2.087E-01 -1.305E-04 -1.542E-01  5.074E-07 -3.889E-01 -1.501E-01 1.501E-01
