      0  0.00000000E+00     NSTEP   TIME
 SURFACE NODE              X              Y             SW
            1   0.000000E+00   1.000000E+01   5.166229E-01
            2   5.000000E-01   1.000000E+01   5.171869E-01
            3   1.000000E+00   1.000000E+01   5.171869E-01
            4   1.500000E+00   1.000000E+01   5.170539E-01
            5   2.000000E+00   1.000000E+01   5.169542E-01
            6   2.500000E+00   1.000000E+01   5.168547E-01
            7   3.000000E+00   1.000000E+01   5.167222E-01
            8   3.500000E+00   1.000000E+01   5.166229E-01
            9   4.000000E+00   1.000000E+01   5.165238E-01
           10   4.500000E+00   1.000000E+01   5.164908E-01
           11   5.000000E+00   1.000000E+01   5.165238E-01
           12   5.500000E+00   1.000000E+01   5.166229E-01
           13   6.000000E+00   1.000000E+01   5.167553E-01
           14   6.500000E+00   1.000000E+01   5.169874E-01
           15   7.000000E+00   1.000000E+01   5.172536E-01
           16   7.500000E+00   1.000000E+01   5.176210E-01
           17   8.000000E+00   1.000000E+01   5.180575E-01
           18   8.500000E+00   1.000000E+01   5.185982E-01
           19   9.000000E+00   1.000000E+01   5.190743E-01
           20   9.500000E+00   1.000000E+01   5.203120E-01
           21   1.000000E+01   1.000000E+01   5.205897E-01
           22   0.000000E+00   9.500000E+00   5.174872E-01
           23   5.000000E-01   9.500000E+00   5.183950E-01
           24   1.000000E+00   9.500000E+00   5.185643E-01
           25   1.500000E+00   9.500000E+00   5.183274E-01
           26   2.000000E+00   9.500000E+00   5.181923E-01
           27   2.500000E+00   9.500000E+00   5.180575E-01
           28   3.000000E+00   9.500000E+00   5.179566E-01
           29   3.500000E+00   9.500000E+00   5.179230E-01
           30   4.000000E+00   9.500000E+00   5.179230E-01
           31   4.500000E+00   9.500000E+00   5.179902E-01
           32   5.000000E+00   9.500000E+00   5.180575E-01
           33   5.500000E+00   9.500000E+00   5.182261E-01
           34   6.000000E+00   9.500000E+00   5.183612E-01
           35   6.500000E+00   9.500000E+00   5.185982E-01
           36   7.000000E+00   9.500000E+00   5.188359E-01
           37   7.500000E+00   9.500000E+00   5.191767E-01
           38   8.000000E+00   9.500000E+00   5.195876E-01
           39   8.500000E+00   9.500000E+00   5.200353E-01
           40   9.000000E+00   9.500000E+00   5.205550E-01
           41   9.500000E+00   9.500000E+00   5.216400E-01
           42   1.000000E+01   9.500000E+00   5.214991E-01
           43   0.000000E+00   9.000000E+00   5.173870E-01
           44   5.000000E-01   9.000000E+00   5.182598E-01
           45   1.000000E+00   9.000000E+00   5.185304E-01
           46   1.500000E+00   9.000000E+00   5.182936E-01
           47   2.000000E+00   9.000000E+00   5.182936E-01
           48   2.500000E+00   9.000000E+00   5.182936E-01
           49   3.000000E+00   9.000000E+00   5.183274E-01
           50   3.500000E+00   9.000000E+00   5.184288E-01
           51   4.000000E+00   9.000000E+00   5.185982E-01
           52   4.500000E+00   9.000000E+00   5.187339E-01
           53   5.000000E+00   9.000000E+00   5.190061E-01
           54   5.500000E+00   9.000000E+00   5.192792E-01
           55   6.000000E+00   9.000000E+00   5.195876E-01
           56   6.500000E+00   9.000000E+00   5.200008E-01
           57   7.000000E+00   9.000000E+00   5.204508E-01
           58   7.500000E+00   9.000000E+00   5.209732E-01
           59   8.000000E+00   9.000000E+00   5.215695E-01
           60   8.500000E+00   9.000000E+00   5.222768E-01
           61   9.000000E+00   9.000000E+00   5.230622E-01
           62   9.500000E+00   9.000000E+00   5.244373E-01
           63   1.000000E+01   9.000000E+00   5.244738E-01
           64   0.000000E+00   8.500000E+00   5.170871E-01
           65   5.000000E-01   8.500000E+00   5.178894E-01
           66   1.000000E+00   8.500000E+00   5.182598E-01
           67   1.500000E+00   8.500000E+00   5.181586E-01
           68   2.000000E+00   8.500000E+00   5.182598E-01
           69   2.500000E+00   8.500000E+00   5.183950E-01
           70   3.000000E+00   8.500000E+00   5.185982E-01
           71   3.500000E+00   8.500000E+00   5.188019E-01
           72   4.000000E+00   8.500000E+00   5.190743E-01
           73   4.500000E+00   8.500000E+00   5.193819E-01
           74   5.000000E+00   8.500000E+00   5.197595E-01
           75   5.500000E+00   8.500000E+00   5.202081E-01
           76   6.000000E+00   8.500000E+00   5.206593E-01
           77   6.500000E+00   8.500000E+00   5.212533E-01
           78   7.000000E+00   8.500000E+00   5.218517E-01
           79   7.500000E+00   8.500000E+00   5.226329E-01
           80   8.000000E+00   8.500000E+00   5.234939E-01
           81   8.500000E+00   8.500000E+00   5.245103E-01
           82   9.000000E+00   8.500000E+00   5.255768E-01
           83   9.500000E+00   8.500000E+00   5.272601E-01
           84   1.000000E+01   8.500000E+00   5.272223E-01
           85   0.000000E+00   8.000000E+00   5.169874E-01
           86   5.000000E-01   8.000000E+00   5.179566E-01
           87   1.000000E+00   8.000000E+00   5.184965E-01
           88   1.500000E+00   8.000000E+00   5.185304E-01
           89   2.000000E+00   8.000000E+00   5.187339E-01
           90   2.500000E+00   8.000000E+00   5.190061E-01
           91   3.000000E+00   8.000000E+00   5.193134E-01
           92   3.500000E+00   8.000000E+00   5.196220E-01
           93   4.000000E+00   8.000000E+00   5.200698E-01
           94   4.500000E+00   8.000000E+00   5.205202E-01
           95   5.000000E+00   8.000000E+00   5.210082E-01
           96   5.500000E+00   8.000000E+00   5.216400E-01
           97   6.000000E+00   8.000000E+00   5.223124E-01
           98   6.500000E+00   8.000000E+00   5.230981E-01
           99   7.000000E+00   8.000000E+00   5.240005E-01
          100   7.500000E+00   8.000000E+00   5.250602E-01
          101   8.000000E+00   8.000000E+00   5.262459E-01
          102   8.500000E+00   8.000000E+00   5.275631E-01
          103   9.000000E+00   8.000000E+00   5.290950E-01
          104   9.500000E+00   8.000000E+00   5.311700E-01
          105   1.000000E+01   8.000000E+00   5.312096E-01
          106   0.000000E+00   7.500000E+00   5.172869E-01
          107   5.000000E-01   7.500000E+00   5.182936E-01
          108   1.000000E+00   7.500000E+00   5.189720E-01
          109   1.500000E+00   7.500000E+00   5.191084E-01
          110   2.000000E+00   7.500000E+00   5.194847E-01
          111   2.500000E+00   7.500000E+00   5.198628E-01
          112   3.000000E+00   7.500000E+00   5.203120E-01
          113   3.500000E+00   7.500000E+00   5.208336E-01
          114   4.000000E+00   7.500000E+00   5.213585E-01
          115   4.500000E+00   7.500000E+00   5.219932E-01
          116   5.000000E+00   7.500000E+00   5.227757E-01
          117   5.500000E+00   7.500000E+00   5.236022E-01
          118   6.000000E+00   7.500000E+00   5.245469E-01
          119   6.500000E+00   7.500000E+00   5.256509E-01
          120   7.000000E+00   7.500000E+00   5.268830E-01
          121   7.500000E+00   7.500000E+00   5.283254E-01
          122   8.000000E+00   7.500000E+00   5.299109E-01
          123   8.500000E+00   7.500000E+00   5.317669E-01
          124   9.000000E+00   7.500000E+00   5.337881E-01
          125   9.500000E+00   7.500000E+00   5.363646E-01
          126   1.000000E+01   7.500000E+00   5.364913E-01
          127   0.000000E+00   7.000000E+00   5.180239E-01
          128   5.000000E-01   7.000000E+00   5.189380E-01
          129   1.000000E+00   7.000000E+00   5.197251E-01
          130   1.500000E+00   7.000000E+00   5.200698E-01
          131   2.000000E+00   7.000000E+00   5.205550E-01
          132   2.500000E+00   7.000000E+00   5.211131E-01
          133   3.000000E+00   7.000000E+00   5.217105E-01
          134   3.500000E+00   7.000000E+00   5.224547E-01
          135   4.000000E+00   7.000000E+00   5.232418E-01
          136   4.500000E+00   7.000000E+00   5.241459E-01
          137   5.000000E+00   7.000000E+00   5.251706E-01
          138   5.500000E+00   7.000000E+00   5.263206E-01
          139   6.000000E+00   7.000000E+00   5.276390E-01
          140   6.500000E+00   7.000000E+00   5.290950E-01
          141   7.000000E+00   7.000000E+00   5.307744E-01
          142   7.500000E+00   7.000000E+00   5.326905E-01
          143   8.000000E+00   7.000000E+00   5.348175E-01
          144   8.500000E+00   7.000000E+00   5.372129E-01
          145   9.000000E+00   7.000000E+00   5.398538E-01
          146   9.500000E+00   7.000000E+00   5.430800E-01
          147   1.000000E+01   7.000000E+00   5.433085E-01
          148   0.000000E+00   6.500000E+00   5.192109E-01
          149   5.000000E-01   6.500000E+00   5.198628E-01
          150   1.000000E+00   6.500000E+00   5.208684E-01
          151   1.500000E+00   6.500000E+00   5.213937E-01
          152   2.000000E+00   6.500000E+00   5.220640E-01
          153   2.500000E+00   6.500000E+00   5.228831E-01
          154   3.000000E+00   6.500000E+00   5.237106E-01
          155   3.500000E+00   6.500000E+00   5.246932E-01
          156   4.000000E+00   6.500000E+00   5.257992E-01
          157   4.500000E+00   6.500000E+00   5.270336E-01
          158   5.000000E+00   6.500000E+00   5.284404E-01
          159   5.500000E+00   6.500000E+00   5.299890E-01
          160   6.000000E+00   6.500000E+00   5.318068E-01
          161   6.500000E+00   6.500000E+00   5.337472E-01
          162   7.000000E+00   6.500000E+00   5.359856E-01
          163   7.500000E+00   6.500000E+00   5.384582E-01
          164   8.000000E+00   6.500000E+00   5.411834E-01
          165   8.500000E+00   6.500000E+00   5.442290E-01
          166   9.000000E+00   6.500000E+00   5.476256E-01
          167   9.500000E+00   6.500000E+00   5.515097E-01
          168   1.000000E+01   6.500000E+00   5.518118E-01
          169   0.000000E+00   6.000000E+00   5.208336E-01
          170   5.000000E-01   6.000000E+00   5.212182E-01
          171   1.000000E+00   6.000000E+00   5.224903E-01
          172   1.500000E+00   6.000000E+00   5.232778E-01
          173   2.000000E+00   6.000000E+00   5.242550E-01
          174   2.500000E+00   6.000000E+00   5.252812E-01
          175   3.000000E+00   6.000000E+00   5.264702E-01
          176   3.500000E+00   6.000000E+00   5.277910E-01
          177   4.000000E+00   6.000000E+00   5.292885E-01
          178   4.500000E+00   6.000000E+00   5.309720E-01
          179   5.000000E+00   6.000000E+00   5.328118E-01
          180   5.500000E+00   6.000000E+00   5.349419E-01
          181   6.000000E+00   6.000000E+00   5.372982E-01
          182   6.500000E+00   6.000000E+00   5.398099E-01
          183   7.000000E+00   6.000000E+00   5.426700E-01
          184   7.500000E+00   6.000000E+00   5.458165E-01
          185   8.000000E+00   6.000000E+00   5.492764E-01
          186   8.500000E+00   6.000000E+00   5.530815E-01
          187   9.000000E+00   6.000000E+00   5.571619E-01
          188   9.500000E+00   6.000000E+00   5.618831E-01
          189   1.000000E+01   6.000000E+00   5.623348E-01
          190   0.000000E+00   5.500000E+00   5.230264E-01
          191   5.000000E-01   5.500000E+00   5.231699E-01
          192   1.000000E+00   5.500000E+00   5.247298E-01
          193   1.500000E+00   5.500000E+00   5.258735E-01
          194   2.000000E+00   5.500000E+00   5.271468E-01
          195   2.500000E+00   5.500000E+00   5.285939E-01
          196   3.000000E+00   5.500000E+00   5.301847E-01
          197   3.500000E+00   5.500000E+00   5.320068E-01
          198   4.000000E+00   5.500000E+00   5.340340E-01
          199   4.500000E+00   5.500000E+00   5.362381E-01
          200   5.000000E+00   5.500000E+00   5.386747E-01
          201   5.500000E+00   5.500000E+00   5.413622E-01
          202   6.000000E+00   5.500000E+00   5.443216E-01
          203   6.500000E+00   5.500000E+00   5.475775E-01
          204   7.000000E+00   5.500000E+00   5.511086E-01
          205   7.500000E+00   5.500000E+00   5.549941E-01
          206   8.000000E+00   5.500000E+00   5.592729E-01
          207   8.500000E+00   5.500000E+00   5.639333E-01
          208   9.000000E+00   5.500000E+00   5.689597E-01
          209   9.500000E+00   5.500000E+00   5.745878E-01
          210   1.000000E+01   5.500000E+00   5.751043E-01
          211   0.000000E+00   5.000000E+00   5.258735E-01
          212   5.000000E-01   5.000000E+00   5.259479E-01
          213   1.000000E+00   5.000000E+00   5.279052E-01
          214   1.500000E+00   5.000000E+00   5.294048E-01
          215   2.000000E+00   5.000000E+00   5.311700E-01
          216   2.500000E+00   5.000000E+00   5.330954E-01
          217   3.000000E+00   5.000000E+00   5.352328E-01
          218   3.500000E+00   5.000000E+00   5.375974E-01
          219   4.000000E+00   5.000000E+00   5.401622E-01
          220   4.500000E+00   5.000000E+00   5.429887E-01
          221   5.000000E+00   5.000000E+00   5.461469E-01
          222   5.500000E+00   5.000000E+00   5.495218E-01
          223   6.000000E+00   5.000000E+00   5.531838E-01
          224   6.500000E+00   5.000000E+00   5.571619E-01
          225   7.000000E+00   5.000000E+00   5.616019E-01
          226   7.500000E+00   5.000000E+00   5.663243E-01
          227   8.000000E+00   5.000000E+00   5.714828E-01
          228   8.500000E+00   5.000000E+00   5.770660E-01
          229   9.000000E+00   5.000000E+00   5.831271E-01
          230   9.500000E+00   5.000000E+00   5.898038E-01
          231   1.000000E+01   5.000000E+00   5.904811E-01
          232   0.000000E+00   4.500000E+00   5.297159E-01
          233   5.000000E-01   4.500000E+00   5.297938E-01
          234   1.000000E+00   4.500000E+00   5.321271E-01
          235   1.500000E+00   4.500000E+00   5.341984E-01
          236   2.000000E+00   4.500000E+00   5.364913E-01
          237   2.500000E+00   4.500000E+00   5.389789E-01
          238   3.000000E+00   4.500000E+00   5.417659E-01
          239   3.500000E+00   4.500000E+00   5.447394E-01
          240   4.000000E+00   4.500000E+00   5.480112E-01
          241   4.500000E+00   4.500000E+00   5.515600E-01
          242   5.000000E+00   4.500000E+00   5.554130E-01
          243   5.500000E+00   4.500000E+00   5.596020E-01
          244   6.000000E+00   4.500000E+00   5.641062E-01
          245   6.500000E+00   4.500000E+00   5.690204E-01
          246   7.000000E+00   4.500000E+00   5.742663E-01
          247   7.500000E+00   4.500000E+00   5.800161E-01
          248   8.000000E+00   4.500000E+00   5.861930E-01
          249   8.500000E+00   4.500000E+00   5.928488E-01
          250   9.000000E+00   4.500000E+00   6.002937E-01
          251   9.500000E+00   4.500000E+00   6.084792E-01
          252   1.000000E+01   4.500000E+00   6.091977E-01
          253   0.000000E+00   4.000000E+00   5.347761E-01
          254   5.000000E-01   4.000000E+00   5.349004E-01
          255   1.000000E+00   4.000000E+00   5.378118E-01
          256   1.500000E+00   4.000000E+00   5.404717E-01
          257   2.000000E+00   4.000000E+00   5.434002E-01
          258   2.500000E+00   4.000000E+00   5.465737E-01
          259   3.000000E+00   4.000000E+00   5.500146E-01
          260   3.500000E+00   4.000000E+00   5.537489E-01
          261   4.000000E+00   4.000000E+00   5.578063E-01
          262   4.500000E+00   4.000000E+00   5.621651E-01
          263   5.000000E+00   4.000000E+00   5.669169E-01
          264   5.500000E+00   4.000000E+00   5.719829E-01
          265   6.000000E+00   4.000000E+00   5.773968E-01
          266   6.500000E+00   4.000000E+00   5.832676E-01
          267   7.000000E+00   4.000000E+00   5.896539E-01
          268   7.500000E+00   4.000000E+00   5.965452E-01
          269   8.000000E+00   4.000000E+00   6.040935E-01
          270   8.500000E+00   4.000000E+00   6.123048E-01
          271   9.000000E+00   4.000000E+00   6.212764E-01
          272   9.500000E+00   4.000000E+00   6.313452E-01
          273   1.000000E+01   4.000000E+00   6.322250E-01
          274   0.000000E+00   3.500000E+00   5.413622E-01
          275   5.000000E-01   3.500000E+00   5.415863E-01
          276   1.000000E+00   3.500000E+00   5.450191E-01
          277   1.500000E+00   3.500000E+00   5.483986E-01
          278   2.000000E+00   3.500000E+00   5.520643E-01
          279   2.500000E+00   3.500000E+00   5.559923E-01
          280   3.000000E+00   3.500000E+00   5.602638E-01
          281   3.500000E+00   3.500000E+00   5.648591E-01
          282   4.000000E+00   3.500000E+00   5.698137E-01
          283   4.500000E+00   3.500000E+00   5.751043E-01
          284   5.000000E+00   3.500000E+00   5.808363E-01
          285   5.500000E+00   3.500000E+00   5.869195E-01
          286   6.000000E+00   3.500000E+00   5.934688E-01
          287   6.500000E+00   3.500000E+00   6.006260E-01
          288   7.000000E+00   3.500000E+00   6.083898E-01
          289   7.500000E+00   3.500000E+00   6.168455E-01
          290   8.000000E+00   3.500000E+00   6.259917E-01
          291   8.500000E+00   3.500000E+00   6.361531E-01
          292   9.000000E+00   3.500000E+00   6.472619E-01
          293   9.500000E+00   3.500000E+00   6.598838E-01
          294   1.000000E+01   3.500000E+00   6.609947E-01
          295   0.000000E+00   3.000000E+00   5.496694E-01
          296   5.000000E-01   3.000000E+00   5.500146E-01
          297   1.000000E+00   3.000000E+00   5.541103E-01
          298   1.500000E+00   3.000000E+00   5.582925E-01
          299   2.000000E+00   3.000000E+00   5.627887E-01
          300   2.500000E+00   3.000000E+00   5.676328E-01
          301   3.000000E+00   3.000000E+00   5.728645E-01
          302   3.500000E+00   3.000000E+00   5.783960E-01
          303   4.000000E+00   3.000000E+00   5.843991E-01
          304   4.500000E+00   3.000000E+00   5.907836E-01
          305   5.000000E+00   3.000000E+00   5.977529E-01
          306   5.500000E+00   3.000000E+00   6.052168E-01
          307   6.000000E+00   3.000000E+00   6.133291E-01
          308   6.500000E+00   3.000000E+00   6.220826E-01
          309   7.000000E+00   3.000000E+00   6.315645E-01
          310   7.500000E+00   3.000000E+00   6.419989E-01
          311   8.000000E+00   3.000000E+00   6.534146E-01
          312   8.500000E+00   3.000000E+00   6.661150E-01
          313   9.000000E+00   3.000000E+00   6.805203E-01
          314   9.500000E+00   3.000000E+00   6.969134E-01
          315   1.000000E+01   3.000000E+00   6.982088E-01
          316   0.000000E+00   2.500000E+00   5.599323E-01
          317   5.000000E-01   2.500000E+00   5.603746E-01
          318   1.000000E+00   2.500000E+00   5.653255E-01
          319   1.500000E+00   2.500000E+00   5.704285E-01
          320   2.000000E+00   2.500000E+00   5.759495E-01
          321   2.500000E+00   2.500000E+00   5.818017E-01
          322   3.000000E+00   2.500000E+00   5.880929E-01
          323   3.500000E+00   2.500000E+00   5.948774E-01
          324   4.000000E+00   2.500000E+00   6.022189E-01
          325   4.500000E+00   2.500000E+00   6.101025E-01
          326   5.000000E+00   2.500000E+00   6.185971E-01
          327   5.500000E+00   2.500000E+00   6.278907E-01
          328   6.000000E+00   2.500000E+00   6.378772E-01
          329   6.500000E+00   2.500000E+00   6.487718E-01
          330   7.000000E+00   2.500000E+00   6.608553E-01
          331   7.500000E+00   2.500000E+00   6.740369E-01
          332   8.000000E+00   2.500000E+00   6.887427E-01
          333   8.500000E+00   2.500000E+00   7.052882E-01
          334   9.000000E+00   2.500000E+00   7.242530E-01
          335   9.500000E+00   2.500000E+00   7.463122E-01
          336   1.000000E+01   2.500000E+00   7.479194E-01
          337   0.000000E+00   2.000000E+00   5.726118E-01
          338   5.000000E-01   2.000000E+00   5.731179E-01
          339   1.000000E+00   2.000000E+00   5.790005E-01
          340   1.500000E+00   2.000000E+00   5.851845E-01
          341   2.000000E+00   2.000000E+00   5.918493E-01
          342   2.500000E+00   2.000000E+00   5.990566E-01
          343   3.000000E+00   2.000000E+00   6.068798E-01
          344   3.500000E+00   2.000000E+00   6.152161E-01
          345   4.000000E+00   2.000000E+00   6.242264E-01
          346   4.500000E+00   2.000000E+00   6.341167E-01
          347   5.000000E+00   2.000000E+00   6.447858E-01
          348   5.500000E+00   2.000000E+00   6.564734E-01
          349   6.000000E+00   2.000000E+00   6.693459E-01
          350   6.500000E+00   2.000000E+00   6.835260E-01
          351   7.000000E+00   2.000000E+00   6.992019E-01
          352   7.500000E+00   2.000000E+00   7.166586E-01
          353   8.000000E+00   2.000000E+00   7.361586E-01
          354   8.500000E+00   2.000000E+00   7.583776E-01
          355   9.000000E+00   2.000000E+00   7.843687E-01
          356   9.500000E+00   2.000000E+00   8.145657E-01
          357   1.000000E+01   2.000000E+00   8.162254E-01
          358   0.000000E+00   1.500000E+00   5.878719E-01
          359   5.000000E-01   1.500000E+00   5.885365E-01
          360   1.000000E+00   1.500000E+00   5.956682E-01
          361   1.500000E+00   1.500000E+00   6.033226E-01
          362   2.000000E+00   1.500000E+00   6.115658E-01
          363   2.500000E+00   1.500000E+00   6.204759E-01
          364   3.000000E+00   1.500000E+00   6.301461E-01
          365   3.500000E+00   1.500000E+00   6.405698E-01
          366   4.000000E+00   1.500000E+00   6.521075E-01
          367   4.500000E+00   1.500000E+00   6.646723E-01
          368   5.000000E+00   1.500000E+00   6.786748E-01
          369   5.500000E+00   1.500000E+00   6.940720E-01
          370   6.000000E+00   1.500000E+00   7.112756E-01
          371   6.500000E+00   1.500000E+00   7.305022E-01
          372   7.000000E+00   1.500000E+00   7.520314E-01
          373   7.500000E+00   1.500000E+00   7.762533E-01
          374   8.000000E+00   1.500000E+00   8.029242E-01
          375   8.500000E+00   1.500000E+00   8.337811E-01
          376   9.000000E+00   1.500000E+00   8.714847E-01
          377   9.500000E+00   1.500000E+00   9.088507E-01
          378   1.000000E+01   1.500000E+00   9.094022E-01
          379   0.000000E+00   1.000000E+00   6.067916E-01
          380   5.000000E-01   1.000000E+00   6.074990E-01
          381   1.000000E+00   1.000000E+00   6.162677E-01
          382   1.500000E+00   1.000000E+00   6.257826E-01
          383   2.000000E+00   1.000000E+00   6.360391E-01
          384   2.500000E+00   1.000000E+00   6.472619E-01
          385   3.000000E+00   1.000000E+00   6.597457E-01
          386   3.500000E+00   1.000000E+00   6.734223E-01
          387   4.000000E+00   1.000000E+00   6.885028E-01
          388   4.500000E+00   1.000000E+00   7.054229E-01
          389   5.000000E+00   1.000000E+00   7.244275E-01
          390   5.500000E+00   1.000000E+00   7.457882E-01
          391   6.000000E+00   1.000000E+00   7.700475E-01
          392   6.500000E+00   1.000000E+00   7.976557E-01
          393   7.000000E+00   1.000000E+00   8.292820E-01
          394   7.500000E+00   1.000000E+00   8.660170E-01
          395   8.000000E+00   1.000000E+00   9.024802E-01
          396   8.500000E+00   1.000000E+00   9.438025E-01
          397   9.000000E+00   1.000000E+00   1.000000E+00
          398   9.500000E+00   1.000000E+00   1.000000E+00
          399   1.000000E+01   1.000000E+00   1.000000E+00
          400   0.000000E+00   5.000000E-01   6.304719E-01
          401   5.000000E-01   5.000000E-01   6.312357E-01
          402   1.000000E+00   5.000000E-01   6.422387E-01
          403   1.500000E+00   5.000000E-01   6.543377E-01
          404   2.000000E+00   5.000000E-01   6.675738E-01
          405   2.500000E+00   5.000000E-01   6.824075E-01
          406   3.000000E+00   5.000000E-01   6.988886E-01
          407   3.500000E+00   5.000000E-01   7.174702E-01
          408   4.000000E+00   5.000000E-01   7.384539E-01
          409   4.500000E+00   5.000000E-01   7.623107E-01
          410   5.000000E+00   5.000000E-01   7.897343E-01
          411   5.500000E+00   5.000000E-01   8.212080E-01
          412   6.000000E+00   5.000000E-01   8.572754E-01
          413   6.500000E+00   5.000000E-01   8.983489E-01
          414   7.000000E+00   5.000000E-01   9.443210E-01
          415   7.500000E+00   5.000000E-01   1.000000E+00
          416   8.000000E+00   5.000000E-01   1.000000E+00
          417   8.500000E+00   5.000000E-01   1.000000E+00
          418   9.000000E+00   5.000000E-01   1.000000E+00
          419   9.500000E+00   5.000000E-01   1.000000E+00
          420   1.000000E+01   5.000000E-01   1.000000E+00
          421   0.000000E+00   0.000000E+00   6.395090E-01
          422   5.000000E-01   0.000000E+00   6.433238E-01
          423   1.000000E+00   0.000000E+00   6.556683E-01
          424   1.500000E+00   0.000000E+00   6.691974E-01
          425   2.000000E+00   0.000000E+00   6.843044E-01
          426   2.500000E+00   0.000000E+00   7.011340E-01
          427   3.000000E+00   0.000000E+00   7.201222E-01
          428   3.500000E+00   0.000000E+00   7.416789E-01
          429   4.000000E+00   0.000000E+00   7.662213E-01
          430   4.500000E+00   0.000000E+00   7.945336E-01
          431   5.000000E+00   0.000000E+00   8.271792E-01
          432   5.500000E+00   0.000000E+00   8.647766E-01
          433   6.000000E+00   0.000000E+00   9.071500E-01
          434   6.500000E+00   0.000000E+00   9.520238E-01
          435   7.000000E+00   0.000000E+00   9.898993E-01
          436   7.500000E+00   0.000000E+00   1.000000E+00
          437   8.000000E+00   0.000000E+00   1.000000E+00
          438   8.500000E+00   0.000000E+00   1.000000E+00
          439   9.000000E+00   0.000000E+00   1.000000E+00
          440   9.500000E+00   0.000000E+00   1.000000E+00
          441   1.000000E+01   0.000000E+00   1.000000E+00
      1  1.00000000E-02     NSTEP   TIME
 SURFACE NODE              X              Y             SW
            1   0.000000E+00   1.000000E+01   5.166229E-01
            2   5.000000E-01   1.000000E+01   5.171869E-01
            3   1.000000E+00   1.000000E+01   5.171869E-01
            4   1.500000E+00   1.000000E+01   5.170539E-01
            5   2.000000E+00   1.000000E+01   5.169542E-01
            6   2.500000E+00   1.000000E+01   5.168547E-01
            7   3.000000E+00   1.000000E+01   5.167222E-01
            8   3.500000E+00   1.000000E+01   5.166229E-01
            9   4.000000E+00   1.000000E+01   5.165238E-01
           10   4.500000E+00   1.000000E+01   5.164908E-01
           11   5.000000E+00   1.000000E+01   5.165238E-01
           12   5.500000E+00   1.000000E+01   5.166229E-01
           13   6.000000E+00   1.000000E+01   5.167553E-01
           14   6.500000E+00   1.000000E+01   5.169874E-01
           15   7.000000E+00   1.000000E+01   5.172536E-01
           16   7.500000E+00   1.000000E+01   5.176210E-01
           17   8.000000E+00   1.000000E+01   5.180575E-01
           18   8.500000E+00   1.000000E+01   5.185982E-01
           19   9.000000E+00   1.000000E+01   5.190743E-01
           20   9.500000E+00   1.000000E+01   5.203120E-01
           21   1.000000E+01   1.000000E+01   5.205897E-01
           22   0.000000E+00   9.500000E+00   5.174872E-01
           23   5.000000E-01   9.500000E+00   5.183950E-01
           24   1.000000E+00   9.500000E+00   5.185643E-01
           25   1.500000E+00   9.500000E+00   5.183274E-01
           26   2.000000E+00   9.500000E+00   5.181923E-01
           27   2.500000E+00   9.500000E+00   5.180575E-01
           28   3.000000E+00   9.500000E+00   5.179566E-01
           29   3.500000E+00   9.500000E+00   5.179230E-01
           30   4.000000E+00   9.500000E+00   5.179230E-01
           31   4.500000E+00   9.500000E+00   5.179902E-01
           32   5.000000E+00   9.500000E+00   5.180575E-01
           33   5.500000E+00   9.500000E+00   5.182261E-01
           34   6.000000E+00   9.500000E+00   5.183612E-01
           35   6.500000E+00   9.500000E+00   5.185982E-01
           36   7.000000E+00   9.500000E+00   5.188359E-01
           37   7.500000E+00   9.500000E+00   5.191767E-01
           38   8.000000E+00   9.500000E+00   5.195876E-01
           39   8.500000E+00   9.500000E+00   5.200353E-01
           40   9.000000E+00   9.500000E+00   5.205550E-01
           41   9.500000E+00   9.500000E+00   5.216400E-01
           42   1.000000E+01   9.500000E+00   5.214991E-01
           43   0.000000E+00   9.000000E+00   5.173870E-01
           44   5.000000E-01   9.000000E+00   5.182598E-01
           45   1.000000E+00   9.000000E+00   5.185304E-01
           46   1.500000E+00   9.000000E+00   5.182936E-01
           47   2.000000E+00   9.000000E+00   5.182936E-01
           48   2.500000E+00   9.000000E+00   5.182936E-01
           49   3.000000E+00   9.000000E+00   5.183274E-01
           50   3.500000E+00   9.000000E+00   5.184288E-01
           51   4.000000E+00   9.000000E+00   5.185982E-01
           52   4.500000E+00   9.000000E+00   5.187339E-01
           53   5.000000E+00   9.000000E+00   5.190061E-01
           54   5.500000E+00   9.000000E+00   5.192792E-01
           55   6.000000E+00   9.000000E+00   5.195876E-01
           56   6.500000E+00   9.000000E+00   5.200008E-01
           57   7.000000E+00   9.000000E+00   5.204508E-01
           58   7.500000E+00   9.000000E+00   5.209732E-01
           59   8.000000E+00   9.000000E+00   5.215695E-01
           60   8.500000E+00   9.000000E+00   5.222768E-01
           61   9.000000E+00   9.000000E+00   5.230622E-01
           62   9.500000E+00   9.000000E+00   5.244373E-01
           63   1.000000E+01   9.000000E+00   5.244738E-01
           64   0.000000E+00   8.500000E+00   5.170871E-01
           65   5.000000E-01   8.500000E+00   5.178894E-01
           66   1.000000E+00   8.500000E+00   5.182598E-01
           67   1.500000E+00   8.500000E+00   5.181586E-01
           68   2.000000E+00   8.500000E+00   5.182598E-01
           69   2.500000E+00   8.500000E+00   5.183950E-01
           70   3.000000E+00   8.500000E+00   5.185982E-01
           71   3.500000E+00   8.500000E+00   5.188019E-01
           72   4.000000E+00   8.500000E+00   5.190743E-01
           73   4.500000E+00   8.500000E+00   5.193819E-01
           74   5.000000E+00   8.500000E+00   5.197595E-01
           75   5.500000E+00   8.500000E+00   5.202081E-01
           76   6.000000E+00   8.500000E+00   5.206593E-01
           77   6.500000E+00   8.500000E+00   5.212533E-01
           78   7.000000E+00   8.500000E+00   5.218517E-01
           79   7.500000E+00   8.500000E+00   5.226329E-01
           80   8.000000E+00   8.500000E+00   5.234939E-01
           81   8.500000E+00   8.500000E+00   5.245103E-01
           82   9.000000E+00   8.500000E+00   5.255768E-01
           83   9.500000E+00   8.500000E+00   5.272601E-01
           84   1.000000E+01   8.500000E+00   5.272223E-01
           85   0.000000E+00   8.000000E+00   5.169874E-01
           86   5.000000E-01   8.000000E+00   5.179566E-01
           87   1.000000E+00   8.000000E+00   5.184965E-01
           88   1.500000E+00   8.000000E+00   5.185304E-01
           89   2.000000E+00   8.000000E+00   5.187339E-01
           90   2.500000E+00   8.000000E+00   5.190061E-01
           91   3.000000E+00   8.000000E+00   5.193134E-01
           92   3.500000E+00   8.000000E+00   5.196220E-01
           93   4.000000E+00   8.000000E+00   5.200698E-01
           94   4.500000E+00   8.000000E+00   5.205202E-01
           95   5.000000E+00   8.000000E+00   5.210082E-01
           96   5.500000E+00   8.000000E+00   5.216400E-01
           97   6.000000E+00   8.000000E+00   5.223124E-01
           98   6.500000E+00   8.000000E+00   5.230981E-01
           99   7.000000E+00   8.000000E+00   5.240005E-01
          100   7.500000E+00   8.000000E+00   5.250602E-01
          101   8.000000E+00   8.000000E+00   5.262459E-01
          102   8.500000E+00   8.000000E+00   5.275631E-01
          103   9.000000E+00   8.000000E+00   5.290950E-01
          104   9.500000E+00   8.000000E+00   5.311700E-01
          105   1.000000E+01   8.000000E+00   5.312096E-01
          106   0.000000E+00   7.500000E+00   5.172869E-01
          107   5.000000E-01   7.500000E+00   5.182936E-01
          108   1.000000E+00   7.500000E+00   5.189720E-01
          109   1.500000E+00   7.500000E+00   5.191084E-01
          110   2.000000E+00   7.500000E+00   5.194847E-01
          111   2.500000E+00   7.500000E+00   5.198628E-01
          112   3.000000E+00   7.500000E+00   5.203120E-01
          113   3.500000E+00   7.500000E+00   5.208336E-01
          114   4.000000E+00   7.500000E+00   5.213585E-01
          115   4.500000E+00   7.500000E+00   5.219932E-01
          116   5.000000E+00   7.500000E+00   5.227757E-01
          117   5.500000E+00   7.500000E+00   5.236022E-01
          118   6.000000E+00   7.500000E+00   5.245469E-01
          119   6.500000E+00   7.500000E+00   5.256509E-01
          120   7.000000E+00   7.500000E+00   5.268830E-01
          121   7.500000E+00   7.500000E+00   5.283254E-01
          122   8.000000E+00   7.500000E+00   5.299109E-01
          123   8.500000E+00   7.500000E+00   5.317668E-01
          124   9.000000E+00   7.500000E+00   5.337881E-01
          125   9.500000E+00   7.500000E+00   5.363646E-01
          126   1.000000E+01   7.500000E+00   5.364913E-01
          127   0.000000E+00   7.000000E+00   5.180239E-01
          128   5.000000E-01   7.000000E+00   5.189380E-01
          129   1.000000E+00   7.000000E+00   5.197251E-01
          130   1.500000E+00   7.000000E+00   5.200698E-01
          131   2.000000E+00   7.000000E+00   5.205550E-01
          132   2.500000E+00   7.000000E+00   5.211131E-01
          133   3.000000E+00   7.000000E+00   5.217105E-01
          134   3.500000E+00   7.000000E+00   5.224547E-01
          135   4.000000E+00   7.000000E+00   5.232418E-01
          136   4.500000E+00   7.000000E+00   5.241458E-01
          137   5.000000E+00   7.000000E+00   5.251706E-01
          138   5.500000E+00   7.000000E+00   5.263206E-01
          139   6.000000E+00   7.000000E+00   5.276390E-01
          140   6.500000E+00   7.000000E+00   5.290950E-01
          141   7.000000E+00   7.000000E+00   5.307744E-01
          142   7.500000E+00   7.000000E+00   5.326905E-01
          143   8.000000E+00   7.000000E+00   5.348175E-01
          144   8.500000E+00   7.000000E+00   5.372129E-01
          145   9.000000E+00   7.000000E+00   5.398538E-01
          146   9.500000E+00   7.000000E+00   5.430800E-01
          147   1.000000E+01   7.000000E+00   5.433085E-01
          148   0.000000E+00   6.500000E+00   5.192109E-01
          149   5.000000E-01   6.500000E+00   5.198628E-01
          150   1.000000E+00   6.500000E+00   5.208684E-01
          151   1.500000E+00   6.500000E+00   5.213937E-01
          152   2.000000E+00   6.500000E+00   5.220640E-01
          153   2.500000E+00   6.500000E+00   5.228831E-01
          154   3.000000E+00   6.500000E+00   5.237106E-01
          155   3.500000E+00   6.500000E+00   5.246932E-01
          156   4.000000E+00   6.500000E+00   5.257992E-01
          157   4.500000E+00   6.500000E+00   5.270336E-01
          158   5.000000E+00   6.500000E+00   5.284404E-01
          159   5.500000E+00   6.500000E+00   5.299890E-01
          160   6.000000E+00   6.500000E+00   5.318068E-01
          161   6.500000E+00   6.500000E+00   5.337472E-01
          162   7.000000E+00   6.500000E+00   5.359856E-01
          163   7.500000E+00   6.500000E+00   5.384582E-01
          164   8.000000E+00   6.500000E+00   5.411834E-01
          165   8.500000E+00   6.500000E+00   5.442290E-01
          166   9.000000E+00   6.500000E+00   5.476256E-01
          167   9.500000E+00   6.500000E+00   5.515097E-01
          168   1.000000E+01   6.500000E+00   5.518118E-01
          169   0.000000E+00   6.000000E+00   5.208336E-01
          170   5.000000E-01   6.000000E+00   5.212182E-01
          171   1.000000E+00   6.000000E+00   5.224903E-01
          172   1.500000E+00   6.000000E+00   5.232778E-01
          173   2.000000E+00   6.000000E+00   5.242550E-01
          174   2.500000E+00   6.000000E+00   5.252812E-01
          175   3.000000E+00   6.000000E+00   5.264702E-01
          176   3.500000E+00   6.000000E+00   5.277910E-01
          177   4.000000E+00   6.000000E+00   5.292885E-01
          178   4.500000E+00   6.000000E+00   5.309720E-01
          179   5.000000E+00   6.000000E+00   5.328118E-01
          180   5.500000E+00   6.000000E+00   5.349419E-01
          181   6.000000E+00   6.000000E+00   5.372982E-01
          182   6.500000E+00   6.000000E+00   5.398099E-01
          183   7.000000E+00   6.000000E+00   5.426700E-01
          184   7.500000E+00   6.000000E+00   5.458165E-01
          185   8.000000E+00   6.000000E+00   5.492764E-01
          186   8.500000E+00   6.000000E+00   5.530815E-01
          187   9.000000E+00   6.000000E+00   5.571619E-01
          188   9.500000E+00   6.000000E+00   5.618831E-01
          189   1.000000E+01   6.000000E+00   5.623348E-01
          190   0.000000E+00   5.500000E+00   5.230264E-01
          191   5.000000E-01   5.500000E+00   5.231699E-01
          192   1.000000E+00   5.500000E+00   5.247298E-01
          193   1.500000E+00   5.500000E+00   5.258735E-01
          194   2.000000E+00   5.500000E+00   5.271468E-01
          195   2.500000E+00   5.500000E+00   5.285939E-01
          196   3.000000E+00   5.500000E+00   5.301847E-01
          197   3.500000E+00   5.500000E+00   5.320068E-01
          198   4.000000E+00   5.500000E+00   5.340340E-01
          199   4.500000E+00   5.500000E+00   5.362381E-01
          200   5.000000E+00   5.500000E+00   5.386747E-01
          201   5.500000E+00   5.500000E+00   5.413622E-01
          202   6.000000E+00   5.500000E+00   5.443216E-01
          203   6.500000E+00   5.500000E+00   5.475775E-01
          204   7.000000E+00   5.500000E+00   5.511086E-01
          205   7.500000E+00   5.500000E+00   5.549941E-01
          206   8.000000E+00   5.500000E+00   5.592729E-01
          207   8.500000E+00   5.500000E+00   5.639333E-01
          208   9.000000E+00   5.500000E+00   5.689597E-01
          209   9.500000E+00   5.500000E+00   5.745878E-01
          210   1.000000E+01   5.500000E+00   5.751043E-01
          211   0.000000E+00   5.000000E+00   5.258735E-01
          212   5.000000E-01   5.000000E+00   5.259479E-01
          213   1.000000E+00   5.000000E+00   5.279052E-01
          214   1.500000E+00   5.000000E+00   5.294048E-01
          215   2.000000E+00   5.000000E+00   5.311700E-01
          216   2.500000E+00   5.000000E+00   5.330954E-01
          217   3.000000E+00   5.000000E+00   5.352328E-01
          218   3.500000E+00   5.000000E+00   5.375974E-01
          219   4.000000E+00   5.000000E+00   5.401622E-01
          220   4.500000E+00   5.000000E+00   5.429887E-01
          221   5.000000E+00   5.000000E+00   5.461469E-01
          222   5.500000E+00   5.000000E+00   5.495218E-01
          223   6.000000E+00   5.000000E+00   5.531838E-01
          224   6.500000E+00   5.000000E+00   5.571619E-01
          225   7.000000E+00   5.000000E+00   5.616019E-01
          226   7.500000E+00   5.000000E+00   5.663243E-01
          227   8.000000E+00   5.000000E+00   5.714828E-01
          228   8.500000E+00   5.000000E+00   5.770660E-01
          229   9.000000E+00   5.000000E+00   5.831271E-01
          230   9.500000E+00   5.000000E+00   5.898038E-01
          231   1.000000E+01   5.000000E+00   5.904811E-01
          232   0.000000E+00   4.500000E+00   5.297159E-01
          233   5.000000E-01   4.500000E+00   5.297938E-01
          234   1.000000E+00   4.500000E+00   5.321271E-01
          235   1.500000E+00   4.500000E+00   5.341984E-01
          236   2.000000E+00   4.500000E+00   5.364913E-01
          237   2.500000E+00   4.500000E+00   5.389789E-01
          238   3.000000E+00   4.500000E+00   5.417659E-01
          239   3.500000E+00   4.500000E+00   5.447394E-01
          240   4.000000E+00   4.500000E+00   5.480112E-01
          241   4.500000E+00   4.500000E+00   5.515600E-01
          242   5.000000E+00   4.500000E+00   5.554130E-01
          243   5.500000E+00   4.500000E+00   5.596020E-01
          244   6.000000E+00   4.500000E+00   5.641062E-01
          245   6.500000E+00   4.500000E+00   5.690204E-01
          246   7.000000E+00   4.500000E+00   5.742663E-01
          247   7.500000E+00   4.500000E+00   5.800161E-01
          248   8.000000E+00   4.500000E+00   5.861930E-01
          249   8.500000E+00   4.500000E+00   5.928488E-01
          250   9.000000E+00   4.500000E+00   6.002937E-01
          251   9.500000E+00   4.500000E+00   6.084792E-01
          252   1.000000E+01   4.500000E+00   6.091977E-01
          253   0.000000E+00   4.000000E+00   5.347761E-01
          254   5.000000E-01   4.000000E+00   5.349004E-01
          255   1.000000E+00   4.000000E+00   5.378118E-01
          256   1.500000E+00   4.000000E+00   5.404717E-01
          257   2.000000E+00   4.000000E+00   5.434001E-01
          258   2.500000E+00   4.000000E+00   5.465737E-01
          259   3.000000E+00   4.000000E+00   5.500146E-01
          260   3.500000E+00   4.000000E+00   5.537489E-01
          261   4.000000E+00   4.000000E+00   5.578063E-01
          262   4.500000E+00   4.000000E+00   5.621651E-01
          263   5.000000E+00   4.000000E+00   5.669169E-01
          264   5.500000E+00   4.000000E+00   5.719829E-01
          265   6.000000E+00   4.000000E+00   5.773968E-01
          266   6.500000E+00   4.000000E+00   5.832676E-01
          267   7.000000E+00   4.000000E+00   5.896538E-01
          268   7.500000E+00   4.000000E+00   5.965452E-01
          269   8.000000E+00   4.000000E+00   6.040935E-01
          270   8.500000E+00   4.000000E+00   6.123048E-01
          271   9.000000E+00   4.000000E+00   6.212764E-01
          272   9.500000E+00   4.000000E+00   6.313452E-01
          273   1.000000E+01   4.000000E+00   6.322250E-01
          274   0.000000E+00   3.500000E+00   5.413622E-01
          275   5.000000E-01   3.500000E+00   5.415863E-01
          276   1.000000E+00   3.500000E+00   5.450191E-01
          277   1.500000E+00   3.500000E+00   5.483986E-01
          278   2.000000E+00   3.500000E+00   5.520643E-01
          279   2.500000E+00   3.500000E+00   5.559923E-01
          280   3.000000E+00   3.500000E+00   5.602638E-01
          281   3.500000E+00   3.500000E+00   5.648591E-01
          282   4.000000E+00   3.500000E+00   5.698137E-01
          283   4.500000E+00   3.500000E+00   5.751043E-01
          284   5.000000E+00   3.500000E+00   5.808363E-01
          285   5.500000E+00   3.500000E+00   5.869195E-01
          286   6.000000E+00   3.500000E+00   5.934688E-01
          287   6.500000E+00   3.500000E+00   6.006260E-01
          288   7.000000E+00   3.500000E+00   6.083898E-01
          289   7.500000E+00   3.500000E+00   6.168455E-01
          290   8.000000E+00   3.500000E+00   6.259917E-01
          291   8.500000E+00   3.500000E+00   6.361531E-01
          292   9.000000E+00   3.500000E+00   6.472619E-01
          293   9.500000E+00   3.500000E+00   6.598838E-01
          294   1.000000E+01   3.500000E+00   6.609947E-01
          295   0.000000E+00   3.000000E+00   5.496693E-01
          296   5.000000E-01   3.000000E+00   5.500146E-01
          297   1.000000E+00   3.000000E+00   5.541103E-01
          298   1.500000E+00   3.000000E+00   5.582925E-01
          299   2.000000E+00   3.000000E+00   5.627887E-01
          300   2.500000E+00   3.000000E+00   5.676328E-01
          301   3.000000E+00   3.000000E+00   5.728645E-01
          302   3.500000E+00   3.000000E+00   5.783960E-01
          303   4.000000E+00   3.000000E+00   5.843991E-01
          304   4.500000E+00   3.000000E+00   5.907836E-01
          305   5.000000E+00   3.000000E+00   5.977529E-01
          306   5.500000E+00   3.000000E+00   6.052168E-01
          307   6.000000E+00   3.000000E+00   6.133291E-01
          308   6.500000E+00   3.000000E+00   6.220826E-01
          309   7.000000E+00   3.000000E+00   6.315645E-01
          310   7.500000E+00   3.000000E+00   6.419989E-01
          311   8.000000E+00   3.000000E+00   6.534146E-01
          312   8.500000E+00   3.000000E+00   6.661150E-01
          313   9.000000E+00   3.000000E+00   6.805203E-01
          314   9.500000E+00   3.000000E+00   6.969134E-01
          315   1.000000E+01   3.000000E+00   6.982088E-01
          316   0.000000E+00   2.500000E+00   5.599323E-01
          317   5.000000E-01   2.500000E+00   5.603746E-01
          318   1.000000E+00   2.500000E+00   5.653255E-01
          319   1.500000E+00   2.500000E+00   5.704285E-01
          320   2.000000E+00   2.500000E+00   5.759495E-01
          321   2.500000E+00   2.500000E+00   5.818017E-01
          322   3.000000E+00   2.500000E+00   5.880929E-01
          323   3.500000E+00   2.500000E+00   5.948774E-01
          324   4.000000E+00   2.500000E+00   6.022189E-01
          325   4.500000E+00   2.500000E+00   6.101025E-01
          326   5.000000E+00   2.500000E+00   6.185971E-01
          327   5.500000E+00   2.500000E+00   6.278907E-01
          328   6.000000E+00   2.500000E+00   6.378772E-01
          329   6.500000E+00   2.500000E+00   6.487718E-01
          330   7.000000E+00   2.500000E+00   6.608553E-01
          331   7.500000E+00   2.500000E+00   6.740369E-01
          332   8.000000E+00   2.500000E+00   6.887427E-01
          333   8.500000E+00   2.500000E+00   7.052882E-01
          334   9.000000E+00   2.500000E+00   7.242530E-01
          335   9.500000E+00   2.500000E+00   7.463122E-01
          336   1.000000E+01   2.500000E+00   7.479194E-01
          337   0.000000E+00   2.000000E+00   5.726118E-01
          338   5.000000E-01   2.000000E+00   5.731179E-01
          339   1.000000E+00   2.000000E+00   5.790005E-01
          340   1.500000E+00   2.000000E+00   5.851845E-01
          341   2.000000E+00   2.000000E+00   5.918493E-01
          342   2.500000E+00   2.000000E+00   5.990566E-01
          343   3.000000E+00   2.000000E+00   6.068798E-01
          344   3.500000E+00   2.000000E+00   6.152161E-01
          345   4.000000E+00   2.000000E+00   6.242264E-01
          346   4.500000E+00   2.000000E+00   6.341167E-01
          347   5.000000E+00   2.000000E+00   6.447858E-01
          348   5.500000E+00   2.000000E+00   6.564734E-01
          349   6.000000E+00   2.000000E+00   6.693459E-01
          350   6.500000E+00   2.000000E+00   6.835260E-01
          351   7.000000E+00   2.000000E+00   6.992019E-01
          352   7.500000E+00   2.000000E+00   7.166586E-01
          353   8.000000E+00   2.000000E+00   7.361586E-01
          354   8.500000E+00   2.000000E+00   7.583776E-01
          355   9.000000E+00   2.000000E+00   7.843687E-01
          356   9.500000E+00   2.000000E+00   8.145657E-01
          357   1.000000E+01   2.000000E+00   8.162254E-01
          358   0.000000E+00   1.500000E+00   5.878719E-01
          359   5.000000E-01   1.500000E+00   5.885365E-01
          360   1.000000E+00   1.500000E+00   5.956682E-01
          361   1.500000E+00   1.500000E+00   6.033226E-01
          362   2.000000E+00   1.500000E+00   6.115658E-01
          363   2.500000E+00   1.500000E+00   6.204759E-01
          364   3.000000E+00   1.500000E+00   6.301461E-01
          365   3.500000E+00   1.500000E+00   6.405698E-01
          366   4.000000E+00   1.500000E+00   6.521075E-01
          367   4.500000E+00   1.500000E+00   6.646723E-01
          368   5.000000E+00   1.500000E+00   6.786748E-01
          369   5.500000E+00   1.500000E+00   6.940720E-01
          370   6.000000E+00   1.500000E+00   7.112756E-01
          371   6.500000E+00   1.500000E+00   7.305022E-01
          372   7.000000E+00   1.500000E+00   7.520314E-01
          373   7.500000E+00   1.500000E+00   7.762533E-01
          374   8.000000E+00   1.500000E+00   8.029242E-01
          375   8.500000E+00   1.500000E+00   8.337811E-01
          376   9.000000E+00   1.500000E+00   8.714848E-01
          377   9.500000E+00   1.500000E+00   9.088504E-01
          378   1.000000E+01   1.500000E+00   9.094022E-01
          379   0.000000E+00   1.000000E+00   6.067916E-01
          380   5.000000E-01   1.000000E+00   6.074990E-01
          381   1.000000E+00   1.000000E+00   6.162677E-01
          382   1.500000E+00   1.000000E+00   6.257826E-01
          383   2.000000E+00   1.000000E+00   6.360391E-01
          384   2.500000E+00   1.000000E+00   6.472619E-01
          385   3.000000E+00   1.000000E+00   6.597456E-01
          386   3.500000E+00   1.000000E+00   6.734223E-01
          387   4.000000E+00   1.000000E+00   6.885028E-01
          388   4.500000E+00   1.000000E+00   7.054229E-01
          389   5.000000E+00   1.000000E+00   7.244275E-01
          390   5.500000E+00   1.000000E+00   7.457882E-01
          391   6.000000E+00   1.000000E+00   7.700475E-01
          392   6.500000E+00   1.000000E+00   7.976557E-01
          393   7.000000E+00   1.000000E+00   8.292820E-01
          394   7.500000E+00   1.000000E+00   8.660171E-01
          395   8.000000E+00   1.000000E+00   9.024778E-01
          396   8.500000E+00   1.000000E+00   9.437969E-01
          397   9.000000E+00   1.000000E+00   9.999595E-01
          398   9.500000E+00   1.000000E+00   9.999931E-01
          399   1.000000E+01   1.000000E+00   9.999911E-01
          400   0.000000E+00   5.000000E-01   6.304719E-01
          401   5.000000E-01   5.000000E-01   6.312357E-01
          402   1.000000E+00   5.000000E-01   6.422387E-01
          403   1.500000E+00   5.000000E-01   6.543377E-01
          404   2.000000E+00   5.000000E-01   6.675738E-01
          405   2.500000E+00   5.000000E-01   6.824075E-01
          406   3.000000E+00   5.000000E-01   6.988886E-01
          407   3.500000E+00   5.000000E-01   7.174702E-01
          408   4.000000E+00   5.000000E-01   7.384539E-01
          409   4.500000E+00   5.000000E-01   7.623107E-01
          410   5.000000E+00   5.000000E-01   7.897342E-01
          411   5.500000E+00   5.000000E-01   8.212079E-01
          412   6.000000E+00   5.000000E-01   8.572754E-01
          413   6.500000E+00   5.000000E-01   8.983490E-01
          414   7.000000E+00   5.000000E-01   9.443211E-01
          415   7.500000E+00   5.000000E-01   9.999710E-01
          416   8.000000E+00   5.000000E-01   9.999967E-01
          417   8.500000E+00   5.000000E-01   1.000000E+00
          418   9.000000E+00   5.000000E-01   1.000000E+00
          419   9.500000E+00   5.000000E-01   1.000000E+00
          420   1.000000E+01   5.000000E-01   1.000000E+00
          421   0.000000E+00   0.000000E+00   6.395090E-01
          422   5.000000E-01   0.000000E+00   6.433238E-01
          423   1.000000E+00   0.000000E+00   6.556683E-01
          424   1.500000E+00   0.000000E+00   6.691974E-01
          425   2.000000E+00   0.000000E+00   6.843044E-01
          426   2.500000E+00   0.000000E+00   7.011340E-01
          427   3.000000E+00   0.000000E+00   7.201222E-01
          428   3.500000E+00   0.000000E+00   7.416789E-01
          429   4.000000E+00   0.000000E+00   7.662213E-01
          430   4.500000E+00   0.000000E+00   7.945336E-01
          431   5.000000E+00   0.000000E+00   8.271792E-01
          432   5.500000E+00   0.000000E+00   8.647766E-01
          433   6.000000E+00   0.000000E+00   9.071500E-01
          434   6.500000E+00   0.000000E+00   9.520238E-01
          435   7.000000E+00   0.000000E+00   9.898993E-01
          436   7.500000E+00   0.000000E+00   1.000000E+00
          437   8.000000E+00   0.000000E+00   1.000000E+00
          438   8.500000E+00   0.000000E+00   1.000000E+00
          439   9.000000E+00   0.000000E+00   1.000000E+00
          440   9.500000E+00   0.000000E+00   1.000000E+00
          441   1.000000E+01   0.000000E+00   1.000000E+00
   1031  9.60000000E+03     NSTEP   TIME
 SURFACE NODE              X              Y             SW
            1   0.000000E+00   1.000000E+01   5.148339E-01
            2   5.000000E-01   1.000000E+01   5.154051E-01
            3   1.000000E+00   1.000000E+01   5.154255E-01
            4   1.500000E+00   1.000000E+01   5.153004E-01
            5   2.000000E+00   1.000000E+01   5.152064E-01
            6   2.500000E+00   1.000000E+01   5.150964E-01
            7   3.000000E+00   1.000000E+01   5.149664E-01
            8   3.500000E+00   1.000000E+01   5.148429E-01
            9   4.000000E+00   1.000000E+01   5.147583E-01
           10   4.500000E+00   1.000000E+01   5.147078E-01
           11   5.000000E+00   1.000000E+01   5.147291E-01
           12   5.500000E+00   1.000000E+01   5.148152E-01
           13   6.000000E+00   1.000000E+01   5.149456E-01
           14   6.500000E+00   1.000000E+01   5.151670E-01
           15   7.000000E+00   1.000000E+01   5.154273E-01
           16   7.500000E+00   1.000000E+01   5.158010E-01
           17   8.000000E+00   1.000000E+01   5.162434E-01
           18   8.500000E+00   1.000000E+01   5.167766E-01
           19   9.000000E+00   1.000000E+01   5.172792E-01
           20   9.500000E+00   1.000000E+01   5.185011E-01
           21   1.000000E+01   1.000000E+01   5.188033E-01
           22   0.000000E+00   9.500000E+00   5.157216E-01
           23   5.000000E-01   9.500000E+00   5.166075E-01
           24   1.000000E+00   9.500000E+00   5.167733E-01
           25   1.500000E+00   9.500000E+00   5.165288E-01
           26   2.000000E+00   9.500000E+00   5.163599E-01
           27   2.500000E+00   9.500000E+00   5.162274E-01
           28   3.000000E+00   9.500000E+00   5.161165E-01
           29   3.500000E+00   9.500000E+00   5.160870E-01
           30   4.000000E+00   9.500000E+00   5.160700E-01
           31   4.500000E+00   9.500000E+00   5.161214E-01
           32   5.000000E+00   9.500000E+00   5.161852E-01
           33   5.500000E+00   9.500000E+00   5.163448E-01
           34   6.000000E+00   9.500000E+00   5.165153E-01
           35   6.500000E+00   9.500000E+00   5.167569E-01
           36   7.000000E+00   9.500000E+00   5.169909E-01
           37   7.500000E+00   9.500000E+00   5.173278E-01
           38   8.000000E+00   9.500000E+00   5.177597E-01
           39   8.500000E+00   9.500000E+00   5.182172E-01
           40   9.000000E+00   9.500000E+00   5.187481E-01
           41   9.500000E+00   9.500000E+00   5.198486E-01
           42   1.000000E+01   9.500000E+00   5.197278E-01
           43   0.000000E+00   9.000000E+00   5.156392E-01
           44   5.000000E-01   9.000000E+00   5.164654E-01
           45   1.000000E+00   9.000000E+00   5.167142E-01
           46   1.500000E+00   9.000000E+00   5.164662E-01
           47   2.000000E+00   9.000000E+00   5.164424E-01
           48   2.500000E+00   9.000000E+00   5.164406E-01
           49   3.000000E+00   9.000000E+00   5.164656E-01
           50   3.500000E+00   9.000000E+00   5.165660E-01
           51   4.000000E+00   9.000000E+00   5.167205E-01
           52   4.500000E+00   9.000000E+00   5.168660E-01
           53   5.000000E+00   9.000000E+00   5.171317E-01
           54   5.500000E+00   9.000000E+00   5.174057E-01
           55   6.000000E+00   9.000000E+00   5.177479E-01
           56   6.500000E+00   9.000000E+00   5.181399E-01
           57   7.000000E+00   9.000000E+00   5.186102E-01
           58   7.500000E+00   9.000000E+00   5.191413E-01
           59   8.000000E+00   9.000000E+00   5.197744E-01
           60   8.500000E+00   9.000000E+00   5.204856E-01
           61   9.000000E+00   9.000000E+00   5.212971E-01
           62   9.500000E+00   9.000000E+00   5.226607E-01
           63   1.000000E+01   9.000000E+00   5.227269E-01
           64   0.000000E+00   8.500000E+00   5.153404E-01
           65   5.000000E-01   8.500000E+00   5.160648E-01
           66   1.000000E+00   8.500000E+00   5.164184E-01
           67   1.500000E+00   8.500000E+00   5.163012E-01
           68   2.000000E+00   8.500000E+00   5.164024E-01
           69   2.500000E+00   8.500000E+00   5.165253E-01
           70   3.000000E+00   8.500000E+00   5.167178E-01
           71   3.500000E+00   8.500000E+00   5.169194E-01
           72   4.000000E+00   8.500000E+00   5.172245E-01
           73   4.500000E+00   8.500000E+00   5.175252E-01
           74   5.000000E+00   8.500000E+00   5.179092E-01
           75   5.500000E+00   8.500000E+00   5.183439E-01
           76   6.000000E+00   8.500000E+00   5.188298E-01
           77   6.500000E+00   8.500000E+00   5.194294E-01
           78   7.000000E+00   8.500000E+00   5.200737E-01
           79   7.500000E+00   8.500000E+00   5.208496E-01
           80   8.000000E+00   8.500000E+00   5.217505E-01
           81   8.500000E+00   8.500000E+00   5.227619E-01
           82   9.000000E+00   8.500000E+00   5.238814E-01
           83   9.500000E+00   8.500000E+00   5.255520E-01
           84   1.000000E+01   8.500000E+00   5.255557E-01
           85   0.000000E+00   8.000000E+00   5.152047E-01
           86   5.000000E-01   8.000000E+00   5.160717E-01
           87   1.000000E+00   8.000000E+00   5.166240E-01
           88   1.500000E+00   8.000000E+00   5.166526E-01
           89   2.000000E+00   8.000000E+00   5.168534E-01
           90   2.500000E+00   8.000000E+00   5.171340E-01
           91   3.000000E+00   8.000000E+00   5.174290E-01
           92   3.500000E+00   8.000000E+00   5.177712E-01
           93   4.000000E+00   8.000000E+00   5.182041E-01
           94   4.500000E+00   8.000000E+00   5.186734E-01
           95   5.000000E+00   8.000000E+00   5.192026E-01
           96   5.500000E+00   8.000000E+00   5.198232E-01
           97   6.000000E+00   8.000000E+00   5.205338E-01
           98   6.500000E+00   8.000000E+00   5.213424E-01
           99   7.000000E+00   8.000000E+00   5.222630E-01
          100   7.500000E+00   8.000000E+00   5.233241E-01
          101   8.000000E+00   8.000000E+00   5.245462E-01
          102   8.500000E+00   8.000000E+00   5.259024E-01
          103   9.000000E+00   8.000000E+00   5.274460E-01
          104   9.500000E+00   8.000000E+00   5.295482E-01
          105   1.000000E+01   8.000000E+00   5.295722E-01
          106   0.000000E+00   7.500000E+00   5.154657E-01
          107   5.000000E-01   7.500000E+00   5.164158E-01
          108   1.000000E+00   7.500000E+00   5.170855E-01
          109   1.500000E+00   7.500000E+00   5.172323E-01
          110   2.000000E+00   7.500000E+00   5.176249E-01
          111   2.500000E+00   7.500000E+00   5.179891E-01
          112   3.000000E+00   7.500000E+00   5.184662E-01
          113   3.500000E+00   7.500000E+00   5.189960E-01
          114   4.000000E+00   7.500000E+00   5.195607E-01
          115   4.500000E+00   7.500000E+00   5.202082E-01
          116   5.000000E+00   7.500000E+00   5.209853E-01
          117   5.500000E+00   7.500000E+00   5.218457E-01
          118   6.000000E+00   7.500000E+00   5.228131E-01
          119   6.500000E+00   7.500000E+00   5.239522E-01
          120   7.000000E+00   7.500000E+00   5.252130E-01
          121   7.500000E+00   7.500000E+00   5.266743E-01
          122   8.000000E+00   7.500000E+00   5.282896E-01
          123   8.500000E+00   7.500000E+00   5.301477E-01
          124   9.000000E+00   7.500000E+00   5.321908E-01
          125   9.500000E+00   7.500000E+00   5.348050E-01
          126   1.000000E+01   7.500000E+00   5.349027E-01
          127   0.000000E+00   7.000000E+00   5.161887E-01
          128   5.000000E-01   7.000000E+00   5.170640E-01
          129   1.000000E+00   7.000000E+00   5.178723E-01
          130   1.500000E+00   7.000000E+00   5.182123E-01
          131   2.000000E+00   7.000000E+00   5.187075E-01
          132   2.500000E+00   7.000000E+00   5.192958E-01
          133   3.000000E+00   7.000000E+00   5.199119E-01
          134   3.500000E+00   7.000000E+00   5.206517E-01
          135   4.000000E+00   7.000000E+00   5.214580E-01
          136   4.500000E+00   7.000000E+00   5.223838E-01
          137   5.000000E+00   7.000000E+00   5.234289E-01
          138   5.500000E+00   7.000000E+00   5.246171E-01
          139   6.000000E+00   7.000000E+00   5.259751E-01
          140   6.500000E+00   7.000000E+00   5.274666E-01
          141   7.000000E+00   7.000000E+00   5.291629E-01
          142   7.500000E+00   7.000000E+00   5.311168E-01
          143   8.000000E+00   7.000000E+00   5.332535E-01
          144   8.500000E+00   7.000000E+00   5.356708E-01
          145   9.000000E+00   7.000000E+00   5.383300E-01
          146   9.500000E+00   7.000000E+00   5.415459E-01
          147   1.000000E+01   7.000000E+00   5.417530E-01
          148   0.000000E+00   6.500000E+00   5.173772E-01
          149   5.000000E-01   6.500000E+00   5.180211E-01
          150   1.000000E+00   6.500000E+00   5.190334E-01
          151   1.500000E+00   6.500000E+00   5.195952E-01
          152   2.000000E+00   6.500000E+00   5.202756E-01
          153   2.500000E+00   6.500000E+00   5.210874E-01
          154   3.000000E+00   6.500000E+00   5.219565E-01
          155   3.500000E+00   6.500000E+00   5.229525E-01
          156   4.000000E+00   6.500000E+00   5.240934E-01
          157   4.500000E+00   6.500000E+00   5.253448E-01
          158   5.000000E+00   6.500000E+00   5.267837E-01
          159   5.500000E+00   6.500000E+00   5.283771E-01
          160   6.000000E+00   6.500000E+00   5.301860E-01
          161   6.500000E+00   6.500000E+00   5.321770E-01
          162   7.000000E+00   6.500000E+00   5.344292E-01
          163   7.500000E+00   6.500000E+00   5.369328E-01
          164   8.000000E+00   6.500000E+00   5.396884E-01
          165   8.500000E+00   6.500000E+00   5.427381E-01
          166   9.000000E+00   6.500000E+00   5.461007E-01
          167   9.500000E+00   6.500000E+00   5.499680E-01
          168   1.000000E+01   6.500000E+00   5.503025E-01
          169   0.000000E+00   6.000000E+00   5.190327E-01
          170   5.000000E-01   6.000000E+00   5.194217E-01
          171   1.000000E+00   6.000000E+00   5.207052E-01
          172   1.500000E+00   6.000000E+00   5.215145E-01
          173   2.000000E+00   6.000000E+00   5.224874E-01
          174   2.500000E+00   6.000000E+00   5.235675E-01
          175   3.000000E+00   6.000000E+00   5.247674E-01
          176   3.500000E+00   6.000000E+00   5.261280E-01
          177   4.000000E+00   6.000000E+00   5.276507E-01
          178   4.500000E+00   6.000000E+00   5.293447E-01
          179   5.000000E+00   6.000000E+00   5.312348E-01
          180   5.500000E+00   6.000000E+00   5.333723E-01
          181   6.000000E+00   6.000000E+00   5.357349E-01
          182   6.500000E+00   6.000000E+00   5.383096E-01
          183   7.000000E+00   6.000000E+00   5.411848E-01
          184   7.500000E+00   6.000000E+00   5.443170E-01
          185   8.000000E+00   6.000000E+00   5.477845E-01
          186   8.500000E+00   6.000000E+00   5.515563E-01
          187   9.000000E+00   6.000000E+00   5.556601E-01
          188   9.500000E+00   6.000000E+00   5.603341E-01
          189   1.000000E+01   6.000000E+00   5.607580E-01
          190   0.000000E+00   5.500000E+00   5.212656E-01
          191   5.000000E-01   5.500000E+00   5.214446E-01
          192   1.000000E+00   5.500000E+00   5.230070E-01
          193   1.500000E+00   5.500000E+00   5.241597E-01
          194   2.000000E+00   5.500000E+00   5.254602E-01
          195   2.500000E+00   5.500000E+00   5.269319E-01
          196   3.000000E+00   5.500000E+00   5.285631E-01
          197   3.500000E+00   5.500000E+00   5.303832E-01
          198   4.000000E+00   5.500000E+00   5.324169E-01
          199   4.500000E+00   5.500000E+00   5.346595E-01
          200   5.000000E+00   5.500000E+00   5.371253E-01
          201   5.500000E+00   5.500000E+00   5.398306E-01
          202   6.000000E+00   5.500000E+00   5.428249E-01
          203   6.500000E+00   5.500000E+00   5.460880E-01
          204   7.000000E+00   5.500000E+00   5.496382E-01
          205   7.500000E+00   5.500000E+00   5.535188E-01
          206   8.000000E+00   5.500000E+00   5.577417E-01
          207   8.500000E+00   5.500000E+00   5.623610E-01
          208   9.000000E+00   5.500000E+00   5.673669E-01
          209   9.500000E+00   5.500000E+00   5.729368E-01
          210   1.000000E+01   5.500000E+00   5.734443E-01
          211   0.000000E+00   5.000000E+00   5.241928E-01
          212   5.000000E-01   5.000000E+00   5.242886E-01
          213   1.000000E+00   5.000000E+00   5.262142E-01
          214   1.500000E+00   5.000000E+00   5.277709E-01
          215   2.000000E+00   5.000000E+00   5.295169E-01
          216   2.500000E+00   5.000000E+00   5.314856E-01
          217   3.000000E+00   5.000000E+00   5.336495E-01
          218   3.500000E+00   5.000000E+00   5.360200E-01
          219   4.000000E+00   5.000000E+00   5.386120E-01
          220   4.500000E+00   5.000000E+00   5.414851E-01
          221   5.000000E+00   5.000000E+00   5.446153E-01
          222   5.500000E+00   5.000000E+00   5.479959E-01
          223   6.000000E+00   5.000000E+00   5.516694E-01
          224   6.500000E+00   5.000000E+00   5.556617E-01
          225   7.000000E+00   5.000000E+00   5.600395E-01
          226   7.500000E+00   5.000000E+00   5.647722E-01
          227   8.000000E+00   5.000000E+00   5.698766E-01
          228   8.500000E+00   5.000000E+00   5.754179E-01
          229   9.000000E+00   5.000000E+00   5.814485E-01
          230   9.500000E+00   5.000000E+00   5.880900E-01
          231   1.000000E+01   5.000000E+00   5.887031E-01
          232   0.000000E+00   4.500000E+00   5.280838E-01
          233   5.000000E-01   4.500000E+00   5.281711E-01
          234   1.000000E+00   4.500000E+00   5.305280E-01
          235   1.500000E+00   4.500000E+00   5.325824E-01
          236   2.000000E+00   4.500000E+00   5.349077E-01
          237   2.500000E+00   4.500000E+00   5.374289E-01
          238   3.000000E+00   4.500000E+00   5.402016E-01
          239   3.500000E+00   4.500000E+00   5.432215E-01
          240   4.000000E+00   4.500000E+00   5.464945E-01
          241   4.500000E+00   4.500000E+00   5.500342E-01
          242   5.000000E+00   4.500000E+00   5.538773E-01
          243   5.500000E+00   4.500000E+00   5.580565E-01
          244   6.000000E+00   4.500000E+00   5.625737E-01
          245   6.500000E+00   4.500000E+00   5.674432E-01
          246   7.000000E+00   4.500000E+00   5.726693E-01
          247   7.500000E+00   4.500000E+00   5.783433E-01
          248   8.000000E+00   4.500000E+00   5.844917E-01
          249   8.500000E+00   4.500000E+00   5.911360E-01
          250   9.000000E+00   4.500000E+00   5.984493E-01
          251   9.500000E+00   4.500000E+00   6.065380E-01
          252   1.000000E+01   4.500000E+00   6.072560E-01
          253   0.000000E+00   4.000000E+00   5.332244E-01
          254   5.000000E-01   4.000000E+00   5.333276E-01
          255   1.000000E+00   4.000000E+00   5.362206E-01
          256   1.500000E+00   4.000000E+00   5.389050E-01
          257   2.000000E+00   4.000000E+00   5.418436E-01
          258   2.500000E+00   4.000000E+00   5.450294E-01
          259   3.000000E+00   4.000000E+00   5.484644E-01
          260   3.500000E+00   4.000000E+00   5.521763E-01
          261   4.000000E+00   4.000000E+00   5.562190E-01
          262   4.500000E+00   4.000000E+00   5.605822E-01
          263   5.000000E+00   4.000000E+00   5.652906E-01
          264   5.500000E+00   4.000000E+00   5.703313E-01
          265   6.000000E+00   4.000000E+00   5.757620E-01
          266   6.500000E+00   4.000000E+00   5.816077E-01
          267   7.000000E+00   4.000000E+00   5.879075E-01
          268   7.500000E+00   4.000000E+00   5.947487E-01
          269   8.000000E+00   4.000000E+00   6.022012E-01
          270   8.500000E+00   4.000000E+00   6.103320E-01
          271   9.000000E+00   4.000000E+00   6.192448E-01
          272   9.500000E+00   4.000000E+00   6.291475E-01
          273   1.000000E+01   4.000000E+00   6.300026E-01
          274   0.000000E+00   3.500000E+00   5.398006E-01
          275   5.000000E-01   3.500000E+00   5.400468E-01
          276   1.000000E+00   3.500000E+00   5.434819E-01
          277   1.500000E+00   3.500000E+00   5.468303E-01
          278   2.000000E+00   3.500000E+00   5.504835E-01
          279   2.500000E+00   3.500000E+00   5.543974E-01
          280   3.000000E+00   3.500000E+00   5.586624E-01
          281   3.500000E+00   3.500000E+00   5.632489E-01
          282   4.000000E+00   3.500000E+00   5.681717E-01
          283   4.500000E+00   3.500000E+00   5.734265E-01
          284   5.000000E+00   3.500000E+00   5.790988E-01
          285   5.500000E+00   3.500000E+00   5.851717E-01
          286   6.000000E+00   3.500000E+00   5.916977E-01
          287   6.500000E+00   3.500000E+00   5.988032E-01
          288   7.000000E+00   3.500000E+00   6.064909E-01
          289   7.500000E+00   3.500000E+00   6.148154E-01
          290   8.000000E+00   3.500000E+00   6.239139E-01
          291   8.500000E+00   3.500000E+00   6.339151E-01
          292   9.000000E+00   3.500000E+00   6.449761E-01
          293   9.500000E+00   3.500000E+00   6.573977E-01
          294   1.000000E+01   3.500000E+00   6.584265E-01
          295   0.000000E+00   3.000000E+00   5.481001E-01
          296   5.000000E-01   3.000000E+00   5.484523E-01
          297   1.000000E+00   3.000000E+00   5.525153E-01
          298   1.500000E+00   3.000000E+00   5.566788E-01
          299   2.000000E+00   3.000000E+00   5.611651E-01
          300   2.500000E+00   3.000000E+00   5.659722E-01
          301   3.000000E+00   3.000000E+00   5.711308E-01
          302   3.500000E+00   3.000000E+00   5.766557E-01
          303   4.000000E+00   3.000000E+00   5.825888E-01
          304   4.500000E+00   3.000000E+00   5.889669E-01
          305   5.000000E+00   3.000000E+00   5.958326E-01
          306   5.500000E+00   3.000000E+00   6.032654E-01
          307   6.000000E+00   3.000000E+00   6.112749E-01
          308   6.500000E+00   3.000000E+00   6.199526E-01
          309   7.000000E+00   3.000000E+00   6.293833E-01
          310   7.500000E+00   3.000000E+00   6.396751E-01
          311   8.000000E+00   3.000000E+00   6.509758E-01
          312   8.500000E+00   3.000000E+00   6.635770E-01
          313   9.000000E+00   3.000000E+00   6.777383E-01
          314   9.500000E+00   3.000000E+00   6.938537E-01
          315   1.000000E+01   3.000000E+00   6.951295E-01
          316   0.000000E+00   2.500000E+00   5.583256E-01
          317   5.000000E-01   2.500000E+00   5.587546E-01
          318   1.000000E+00   2.500000E+00   5.636756E-01
          319   1.500000E+00   2.500000E+00   5.687381E-01
          320   2.000000E+00   2.500000E+00   5.741572E-01
          321   2.500000E+00   2.500000E+00   5.799847E-01
          322   3.000000E+00   2.500000E+00   5.862277E-01
          323   3.500000E+00   2.500000E+00   5.929320E-01
          324   4.000000E+00   2.500000E+00   6.001991E-01
          325   4.500000E+00   2.500000E+00   6.080210E-01
          326   5.000000E+00   2.500000E+00   6.164627E-01
          327   5.500000E+00   2.500000E+00   6.256147E-01
          328   6.000000E+00   2.500000E+00   6.355517E-01
          329   6.500000E+00   2.500000E+00   6.463681E-01
          330   7.000000E+00   2.500000E+00   6.582415E-01
          331   7.500000E+00   2.500000E+00   6.713398E-01
          332   8.000000E+00   2.500000E+00   6.858539E-01
          333   8.500000E+00   2.500000E+00   7.021778E-01
          334   9.000000E+00   2.500000E+00   7.208600E-01
          335   9.500000E+00   2.500000E+00   7.425348E-01
          336   1.000000E+01   2.500000E+00   7.441330E-01
          337   0.000000E+00   2.000000E+00   5.708549E-01
          338   5.000000E-01   2.000000E+00   5.713720E-01
          339   1.000000E+00   2.000000E+00   5.771998E-01
          340   1.500000E+00   2.000000E+00   5.833432E-01
          341   2.000000E+00   2.000000E+00   5.899065E-01
          342   2.500000E+00   2.000000E+00   5.970216E-01
          343   3.000000E+00   2.000000E+00   6.047007E-01
          344   3.500000E+00   2.000000E+00   6.129683E-01
          345   4.000000E+00   2.000000E+00   6.219239E-01
          346   4.500000E+00   2.000000E+00   6.316514E-01
          347   5.000000E+00   2.000000E+00   6.422237E-01
          348   5.500000E+00   2.000000E+00   6.537794E-01
          349   6.000000E+00   2.000000E+00   6.665131E-01
          350   6.500000E+00   2.000000E+00   6.805271E-01
          351   7.000000E+00   2.000000E+00   6.960150E-01
          352   7.500000E+00   2.000000E+00   7.132808E-01
          353   8.000000E+00   2.000000E+00   7.325056E-01
          354   8.500000E+00   2.000000E+00   7.544288E-01
          355   9.000000E+00   2.000000E+00   7.801522E-01
          356   9.500000E+00   2.000000E+00   8.099302E-01
          357   1.000000E+01   2.000000E+00   8.116472E-01
          358   0.000000E+00   1.500000E+00   5.860016E-01
          359   5.000000E-01   1.500000E+00   5.866187E-01
          360   1.000000E+00   1.500000E+00   5.936534E-01
          361   1.500000E+00   1.500000E+00   6.011858E-01
          362   2.000000E+00   1.500000E+00   6.092918E-01
          363   2.500000E+00   1.500000E+00   6.180600E-01
          364   3.000000E+00   1.500000E+00   6.275813E-01
          365   3.500000E+00   1.500000E+00   6.379382E-01
          366   4.000000E+00   1.500000E+00   6.492327E-01
          367   4.500000E+00   1.500000E+00   6.617058E-01
          368   5.000000E+00   1.500000E+00   6.754492E-01
          369   5.500000E+00   1.500000E+00   6.906446E-01
          370   6.000000E+00   1.500000E+00   7.076057E-01
          371   6.500000E+00   1.500000E+00   7.265960E-01
          372   7.000000E+00   1.500000E+00   7.479043E-01
          373   7.500000E+00   1.500000E+00   7.718569E-01
          374   8.000000E+00   1.500000E+00   7.981043E-01
          375   8.500000E+00   1.500000E+00   8.283650E-01
          376   9.000000E+00   1.500000E+00   8.666971E-01
          377   9.500000E+00   1.500000E+00   9.041229E-01
          378   1.000000E+01   1.500000E+00   9.048647E-01
          379   0.000000E+00   1.000000E+00   6.045784E-01
          380   5.000000E-01   1.000000E+00   6.052901E-01
          381   1.000000E+00   1.000000E+00   6.139374E-01
          382   1.500000E+00   1.000000E+00   6.232409E-01
          383   2.000000E+00   1.000000E+00   6.333734E-01
          384   2.500000E+00   1.000000E+00   6.444219E-01
          385   3.000000E+00   1.000000E+00   6.565631E-01
          386   3.500000E+00   1.000000E+00   6.699975E-01
          387   4.000000E+00   1.000000E+00   6.848672E-01
          388   4.500000E+00   1.000000E+00   7.014595E-01
          389   5.000000E+00   1.000000E+00   7.201120E-01
          390   5.500000E+00   1.000000E+00   7.411225E-01
          391   6.000000E+00   1.000000E+00   7.649687E-01
          392   6.500000E+00   1.000000E+00   7.922823E-01
          393   7.000000E+00   1.000000E+00   8.237211E-01
          394   7.500000E+00   1.000000E+00   8.604456E-01
          395   8.000000E+00   1.000000E+00   8.953670E-01
          396   8.500000E+00   1.000000E+00   9.324962E-01
          397   9.000000E+00   1.000000E+00   1.000000E+00
          398   9.500000E+00   1.000000E+00   1.000000E+00
          399   1.000000E+01   1.000000E+00   1.000000E+00
          400   0.000000E+00   5.000000E-01   6.277824E-01
          401   5.000000E-01   5.000000E-01   6.285981E-01
          402   1.000000E+00   5.000000E-01   6.394118E-01
          403   1.500000E+00   5.000000E-01   6.511806E-01
          404   2.000000E+00   5.000000E-01   6.642354E-01
          405   2.500000E+00   5.000000E-01   6.786944E-01
          406   3.000000E+00   5.000000E-01   6.947851E-01
          407   3.500000E+00   5.000000E-01   7.129420E-01
          408   4.000000E+00   5.000000E-01   7.334481E-01
          409   4.500000E+00   5.000000E-01   7.567577E-01
          410   5.000000E+00   5.000000E-01   7.835257E-01
          411   5.500000E+00   5.000000E-01   8.143599E-01
          412   6.000000E+00   5.000000E-01   8.498886E-01
          413   6.500000E+00   5.000000E-01   8.907680E-01
          414   7.000000E+00   5.000000E-01   9.378284E-01
          415   7.500000E+00   5.000000E-01   1.000000E+00
          416   8.000000E+00   5.000000E-01   1.000000E+00
          417   8.500000E+00   5.000000E-01   1.000000E+00
          418   9.000000E+00   5.000000E-01   1.000000E+00
          419   9.500000E+00   5.000000E-01   1.000000E+00
          420   1.000000E+01   5.000000E-01   1.000000E+00
          421   0.000000E+00   0.000000E+00   6.367058E-01
          422   5.000000E-01   0.000000E+00   6.404775E-01
          423   1.000000E+00   0.000000E+00   6.525025E-01
          424   1.500000E+00   0.000000E+00   6.657556E-01
          425   2.000000E+00   0.000000E+00   6.804789E-01
          426   2.500000E+00   0.000000E+00   6.968960E-01
          427   3.000000E+00   0.000000E+00   7.154260E-01
          428   3.500000E+00   0.000000E+00   7.364301E-01
          429   4.000000E+00   0.000000E+00   7.603558E-01
          430   4.500000E+00   0.000000E+00   7.879465E-01
          431   5.000000E+00   0.000000E+00   8.198204E-01
          432   5.500000E+00   0.000000E+00   8.566431E-01
          433   6.000000E+00   0.000000E+00   8.986476E-01
          434   6.500000E+00   0.000000E+00   9.441472E-01
          435   7.000000E+00   0.000000E+00   9.852873E-01
          436   7.500000E+00   0.000000E+00   1.000000E+00
          437   8.000000E+00   0.000000E+00   1.000000E+00
          438   8.500000E+00   0.000000E+00   1.000000E+00
          439   9.000000E+00   0.000000E+00   1.000000E+00
          440   9.500000E+00   0.000000E+00   1.000000E+00
          441   1.000000E+01   0.000000E+00   1.000000E+00
   1031  9.60000000E+03     NSTEP   TIME
 SURFACE NODE              X              Y             SW
            1   0.000000E+00   1.000000E+01   5.148339E-01
            2   5.000000E-01   1.000000E+01   5.154051E-01
            3   1.000000E+00   1.000000E+01   5.154255E-01
            4   1.500000E+00   1.000000E+01   5.153004E-01
            5   2.000000E+00   1.000000E+01   5.152064E-01
            6   2.500000E+00   1.000000E+01   5.150964E-01
            7   3.000000E+00   1.000000E+01   5.149664E-01
            8   3.500000E+00   1.000000E+01   5.148429E-01
            9   4.000000E+00   1.000000E+01   5.147583E-01
           10   4.500000E+00   1.000000E+01   5.147078E-01
           11   5.000000E+00   1.000000E+01   5.147291E-01
           12   5.500000E+00   1.000000E+01   5.148152E-01
           13   6.000000E+00   1.000000E+01   5.149456E-01
           14   6.500000E+00   1.000000E+01   5.151670E-01
           15   7.000000E+00   1.000000E+01   5.154273E-01
           16   7.500000E+00   1.000000E+01   5.158010E-01
           17   8.000000E+00   1.000000E+01   5.162434E-01
           18   8.500000E+00   1.000000E+01   5.167766E-01
           19   9.000000E+00   1.000000E+01   5.172792E-01
           20   9.500000E+00   1.000000E+01   5.185011E-01
           21   1.000000E+01   1.000000E+01   5.188033E-01
           22   0.000000E+00   9.500000E+00   5.157216E-01
           23   5.000000E-01   9.500000E+00   5.166075E-01
           24   1.000000E+00   9.500000E+00   5.167733E-01
           25   1.500000E+00   9.500000E+00   5.165288E-01
           26   2.000000E+00   9.500000E+00   5.163599E-01
           27   2.500000E+00   9.500000E+00   5.162274E-01
           28   3.000000E+00   9.500000E+00   5.161165E-01
           29   3.500000E+00   9.500000E+00   5.160870E-01
           30   4.000000E+00   9.500000E+00   5.160700E-01
           31   4.500000E+00   9.500000E+00   5.161214E-01
           32   5.000000E+00   9.500000E+00   5.161852E-01
           33   5.500000E+00   9.500000E+00   5.163448E-01
           34   6.000000E+00   9.500000E+00   5.165153E-01
           35   6.500000E+00   9.500000E+00   5.167569E-01
           36   7.000000E+00   9.500000E+00   5.169909E-01
           37   7.500000E+00   9.500000E+00   5.173278E-01
           38   8.000000E+00   9.500000E+00   5.177597E-01
           39   8.500000E+00   9.500000E+00   5.182172E-01
           40   9.000000E+00   9.500000E+00   5.187481E-01
           41   9.500000E+00   9.500000E+00   5.198486E-01
           42   1.000000E+01   9.500000E+00   5.197278E-01
           43   0.000000E+00   9.000000E+00   5.156392E-01
           44   5.000000E-01   9.000000E+00   5.164654E-01
           45   1.000000E+00   9.000000E+00   5.167142E-01
           46   1.500000E+00   9.000000E+00   5.164662E-01
           47   2.000000E+00   9.000000E+00   5.164424E-01
           48   2.500000E+00   9.000000E+00   5.164406E-01
           49   3.000000E+00   9.000000E+00   5.164656E-01
           50   3.500000E+00   9.000000E+00   5.165660E-01
           51   4.000000E+00   9.000000E+00   5.167205E-01
           52   4.500000E+00   9.000000E+00   5.168660E-01
           53   5.000000E+00   9.000000E+00   5.171317E-01
           54   5.500000E+00   9.000000E+00   5.174057E-01
           55   6.000000E+00   9.000000E+00   5.177479E-01
           56   6.500000E+00   9.000000E+00   5.181399E-01
           57   7.000000E+00   9.000000E+00   5.186102E-01
           58   7.500000E+00   9.000000E+00   5.191413E-01
           59   8.000000E+00   9.000000E+00   5.197744E-01
           60   8.500000E+00   9.000000E+00   5.204856E-01
           61   9.000000E+00   9.000000E+00   5.212971E-01
           62   9.500000E+00   9.000000E+00   5.226607E-01
           63   1.000000E+01   9.000000E+00   5.227269E-01
           64   0.000000E+00   8.500000E+00   5.153404E-01
           65   5.000000E-01   8.500000E+00   5.160648E-01
           66   1.000000E+00   8.500000E+00   5.164184E-01
           67   1.500000E+00   8.500000E+00   5.163012E-01
           68   2.000000E+00   8.500000E+00   5.164024E-01
           69   2.500000E+00   8.500000E+00   5.165253E-01
           70   3.000000E+00   8.500000E+00   5.167178E-01
           71   3.500000E+00   8.500000E+00   5.169194E-01
           72   4.000000E+00   8.500000E+00   5.172245E-01
           73   4.500000E+00   8.500000E+00   5.175252E-01
           74   5.000000E+00   8.500000E+00   5.179092E-01
           75   5.500000E+00   8.500000E+00   5.183439E-01
           76   6.000000E+00   8.500000E+00   5.188298E-01
           77   6.500000E+00   8.500000E+00   5.194294E-01
           78   7.000000E+00   8.500000E+00   5.200737E-01
           79   7.500000E+00   8.500000E+00   5.208496E-01
           80   8.000000E+00   8.500000E+00   5.217505E-01
           81   8.500000E+00   8.500000E+00   5.227619E-01
           82   9.000000E+00   8.500000E+00   5.238814E-01
           83   9.500000E+00   8.500000E+00   5.255520E-01
           84   1.000000E+01   8.500000E+00   5.255557E-01
           85   0.000000E+00   8.000000E+00   5.152047E-01
           86   5.000000E-01   8.000000E+00   5.160717E-01
           87   1.000000E+00   8.000000E+00   5.166240E-01
           88   1.500000E+00   8.000000E+00   5.166526E-01
           89   2.000000E+00   8.000000E+00   5.168534E-01
           90   2.500000E+00   8.000000E+00   5.171340E-01
           91   3.000000E+00   8.000000E+00   5.174290E-01
           92   3.500000E+00   8.000000E+00   5.177712E-01
           93   4.000000E+00   8.000000E+00   5.182041E-01
           94   4.500000E+00   8.000000E+00   5.186734E-01
           95   5.000000E+00   8.000000E+00   5.192026E-01
           96   5.500000E+00   8.000000E+00   5.198232E-01
           97   6.000000E+00   8.000000E+00   5.205338E-01
           98   6.500000E+00   8.000000E+00   5.213424E-01
           99   7.000000E+00   8.000000E+00   5.222630E-01
          100   7.500000E+00   8.000000E+00   5.233241E-01
          101   8.000000E+00   8.000000E+00   5.245462E-01
          102   8.500000E+00   8.000000E+00   5.259024E-01
          103   9.000000E+00   8.000000E+00   5.274460E-01
          104   9.500000E+00   8.000000E+00   5.295482E-01
          105   1.000000E+01   8.000000E+00   5.295722E-01
          106   0.000000E+00   7.500000E+00   5.154657E-01
          107   5.000000E-01   7.500000E+00   5.164158E-01
          108   1.000000E+00   7.500000E+00   5.170855E-01
          109   1.500000E+00   7.500000E+00   5.172323E-01
          110   2.000000E+00   7.500000E+00   5.176249E-01
          111   2.500000E+00   7.500000E+00   5.179891E-01
          112   3.000000E+00   7.500000E+00   5.184662E-01
          113   3.500000E+00   7.500000E+00   5.189960E-01
          114   4.000000E+00   7.500000E+00   5.195607E-01
          115   4.500000E+00   7.500000E+00   5.202082E-01
          116   5.000000E+00   7.500000E+00   5.209853E-01
          117   5.500000E+00   7.500000E+00   5.218457E-01
          118   6.000000E+00   7.500000E+00   5.228131E-01
          119   6.500000E+00   7.500000E+00   5.239522E-01
          120   7.000000E+00   7.500000E+00   5.252130E-01
          121   7.500000E+00   7.500000E+00   5.266743E-01
          122   8.000000E+00   7.500000E+00   5.282896E-01
          123   8.500000E+00   7.500000E+00   5.301477E-01
          124   9.000000E+00   7.500000E+00   5.321908E-01
          125   9.500000E+00   7.500000E+00   5.348050E-01
          126   1.000000E+01   7.500000E+00   5.349027E-01
          127   0.000000E+00   7.000000E+00   5.161887E-01
          128   5.000000E-01   7.000000E+00   5.170640E-01
          129   1.000000E+00   7.000000E+00   5.178723E-01
          130   1.500000E+00   7.000000E+00   5.182123E-01
          131   2.000000E+00   7.000000E+00   5.187075E-01
          132   2.500000E+00   7.000000E+00   5.192958E-01
          133   3.000000E+00   7.000000E+00   5.199119E-01
          134   3.500000E+00   7.000000E+00   5.206517E-01
          135   4.000000E+00   7.000000E+00   5.214580E-01
          136   4.500000E+00   7.000000E+00   5.223838E-01
          137   5.000000E+00   7.000000E+00   5.234289E-01
          138   5.500000E+00   7.000000E+00   5.246171E-01
          139   6.000000E+00   7.000000E+00   5.259751E-01
          140   6.500000E+00   7.000000E+00   5.274666E-01
          141   7.000000E+00   7.000000E+00   5.291629E-01
          142   7.500000E+00   7.000000E+00   5.311168E-01
          143   8.000000E+00   7.000000E+00   5.332535E-01
          144   8.500000E+00   7.000000E+00   5.356708E-01
          145   9.000000E+00   7.000000E+00   5.383300E-01
          146   9.500000E+00   7.000000E+00   5.415459E-01
          147   1.000000E+01   7.000000E+00   5.417530E-01
          148   0.000000E+00   6.500000E+00   5.173772E-01
          149   5.000000E-01   6.500000E+00   5.180211E-01
          150   1.000000E+00   6.500000E+00   5.190334E-01
          151   1.500000E+00   6.500000E+00   5.195952E-01
          152   2.000000E+00   6.500000E+00   5.202756E-01
          153   2.500000E+00   6.500000E+00   5.210874E-01
          154   3.000000E+00   6.500000E+00   5.219565E-01
          155   3.500000E+00   6.500000E+00   5.229525E-01
          156   4.000000E+00   6.500000E+00   5.240934E-01
          157   4.500000E+00   6.500000E+00   5.253448E-01
          158   5.000000E+00   6.500000E+00   5.267837E-01
          159   5.500000E+00   6.500000E+00   5.283771E-01
          160   6.000000E+00   6.500000E+00   5.301860E-01
          161   6.500000E+00   6.500000E+00   5.321770E-01
          162   7.000000E+00   6.500000E+00   5.344292E-01
          163   7.500000E+00   6.500000E+00   5.369328E-01
          164   8.000000E+00   6.500000E+00   5.396884E-01
          165   8.500000E+00   6.500000E+00   5.427381E-01
          166   9.000000E+00   6.500000E+00   5.461007E-01
          167   9.500000E+00   6.500000E+00   5.499680E-01
          168   1.000000E+01   6.500000E+00   5.503025E-01
          169   0.000000E+00   6.000000E+00   5.190327E-01
          170   5.000000E-01   6.000000E+00   5.194217E-01
          171   1.000000E+00   6.000000E+00   5.207052E-01
          172   1.500000E+00   6.000000E+00   5.215145E-01
          173   2.000000E+00   6.000000E+00   5.224874E-01
          174   2.500000E+00   6.000000E+00   5.235675E-01
          175   3.000000E+00   6.000000E+00   5.247674E-01
          176   3.500000E+00   6.000000E+00   5.261280E-01
          177   4.000000E+00   6.000000E+00   5.276507E-01
          178   4.500000E+00   6.000000E+00   5.293447E-01
          179   5.000000E+00   6.000000E+00   5.312348E-01
          180   5.500000E+00   6.000000E+00   5.333723E-01
          181   6.000000E+00   6.000000E+00   5.357349E-01
          182   6.500000E+00   6.000000E+00   5.383096E-01
          183   7.000000E+00   6.000000E+00   5.411848E-01
          184   7.500000E+00   6.000000E+00   5.443170E-01
          185   8.000000E+00   6.000000E+00   5.477845E-01
          186   8.500000E+00   6.000000E+00   5.515563E-01
          187   9.000000E+00   6.000000E+00   5.556601E-01
          188   9.500000E+00   6.000000E+00   5.603341E-01
          189   1.000000E+01   6.000000E+00   5.607580E-01
          190   0.000000E+00   5.500000E+00   5.212656E-01
          191   5.000000E-01   5.500000E+00   5.214446E-01
          192   1.000000E+00   5.500000E+00   5.230070E-01
          193   1.500000E+00   5.500000E+00   5.241597E-01
          194   2.000000E+00   5.500000E+00   5.254602E-01
          195   2.500000E+00   5.500000E+00   5.269319E-01
          196   3.000000E+00   5.500000E+00   5.285631E-01
          197   3.500000E+00   5.500000E+00   5.303832E-01
          198   4.000000E+00   5.500000E+00   5.324169E-01
          199   4.500000E+00   5.500000E+00   5.346595E-01
          200   5.000000E+00   5.500000E+00   5.371253E-01
          201   5.500000E+00   5.500000E+00   5.398306E-01
          202   6.000000E+00   5.500000E+00   5.428249E-01
          203   6.500000E+00   5.500000E+00   5.460880E-01
          204   7.000000E+00   5.500000E+00   5.496382E-01
          205   7.500000E+00   5.500000E+00   5.535188E-01
          206   8.000000E+00   5.500000E+00   5.577417E-01
          207   8.500000E+00   5.500000E+00   5.623610E-01
          208   9.000000E+00   5.500000E+00   5.673669E-01
          209   9.500000E+00   5.500000E+00   5.729368E-01
          210   1.000000E+01   5.500000E+00   5.734443E-01
          211   0.000000E+00   5.000000E+00   5.241928E-01
          212   5.000000E-01   5.000000E+00   5.242886E-01
          213   1.000000E+00   5.000000E+00   5.262142E-01
          214   1.500000E+00   5.000000E+00   5.277709E-01
          215   2.000000E+00   5.000000E+00   5.295169E-01
          216   2.500000E+00   5.000000E+00   5.314856E-01
          217   3.000000E+00   5.000000E+00   5.336495E-01
          218   3.500000E+00   5.000000E+00   5.360200E-01
          219   4.000000E+00   5.000000E+00   5.386120E-01
          220   4.500000E+00   5.000000E+00   5.414851E-01
          221   5.000000E+00   5.000000E+00   5.446153E-01
          222   5.500000E+00   5.000000E+00   5.479959E-01
          223   6.000000E+00   5.000000E+00   5.516694E-01
          224   6.500000E+00   5.000000E+00   5.556617E-01
          225   7.000000E+00   5.000000E+00   5.600395E-01
          226   7.500000E+00   5.000000E+00   5.647722E-01
          227   8.000000E+00   5.000000E+00   5.698766E-01
          228   8.500000E+00   5.000000E+00   5.754179E-01
          229   9.000000E+00   5.000000E+00   5.814485E-01
          230   9.500000E+00   5.000000E+00   5.880900E-01
          231   1.000000E+01   5.000000E+00   5.887031E-01
          232   0.000000E+00   4.500000E+00   5.280838E-01
          233   5.000000E-01   4.500000E+00   5.281711E-01
          234   1.000000E+00   4.500000E+00   5.305280E-01
          235   1.500000E+00   4.500000E+00   5.325824E-01
          236   2.000000E+00   4.500000E+00   5.349077E-01
          237   2.500000E+00   4.500000E+00   5.374289E-01
          238   3.000000E+00   4.500000E+00   5.402016E-01
          239   3.500000E+00   4.500000E+00   5.432215E-01
          240   4.000000E+00   4.500000E+00   5.464945E-01
          241   4.500000E+00   4.500000E+00   5.500342E-01
          242   5.000000E+00   4.500000E+00   5.538773E-01
          243   5.500000E+00   4.500000E+00   5.580565E-01
          244   6.000000E+00   4.500000E+00   5.625737E-01
          245   6.500000E+00   4.500000E+00   5.674432E-01
          246   7.000000E+00   4.500000E+00   5.726693E-01
          247   7.500000E+00   4.500000E+00   5.783433E-01
          248   8.000000E+00   4.500000E+00   5.844917E-01
          249   8.500000E+00   4.500000E+00   5.911360E-01
          250   9.000000E+00   4.500000E+00   5.984493E-01
          251   9.500000E+00   4.500000E+00   6.065380E-01
          252   1.000000E+01   4.500000E+00   6.072560E-01
          253   0.000000E+00   4.000000E+00   5.332244E-01
          254   5.000000E-01   4.000000E+00   5.333276E-01
          255   1.000000E+00   4.000000E+00   5.362206E-01
          256   1.500000E+00   4.000000E+00   5.389050E-01
          257   2.000000E+00   4.000000E+00   5.418436E-01
          258   2.500000E+00   4.000000E+00   5.450294E-01
          259   3.000000E+00   4.000000E+00   5.484644E-01
          260   3.500000E+00   4.000000E+00   5.521763E-01
          261   4.000000E+00   4.000000E+00   5.562190E-01
          262   4.500000E+00   4.000000E+00   5.605822E-01
          263   5.000000E+00   4.000000E+00   5.652906E-01
          264   5.500000E+00   4.000000E+00   5.703313E-01
          265   6.000000E+00   4.000000E+00   5.757620E-01
          266   6.500000E+00   4.000000E+00   5.816077E-01
          267   7.000000E+00   4.000000E+00   5.879075E-01
          268   7.500000E+00   4.000000E+00   5.947487E-01
          269   8.000000E+00   4.000000E+00   6.022012E-01
          270   8.500000E+00   4.000000E+00   6.103320E-01
          271   9.000000E+00   4.000000E+00   6.192448E-01
          272   9.500000E+00   4.000000E+00   6.291475E-01
          273   1.000000E+01   4.000000E+00   6.300026E-01
          274   0.000000E+00   3.500000E+00   5.398006E-01
          275   5.000000E-01   3.500000E+00   5.400468E-01
          276   1.000000E+00   3.500000E+00   5.434819E-01
          277   1.500000E+00   3.500000E+00   5.468303E-01
          278   2.000000E+00   3.500000E+00   5.504835E-01
          279   2.500000E+00   3.500000E+00   5.543974E-01
          280   3.000000E+00   3.500000E+00   5.586624E-01
          281   3.500000E+00   3.500000E+00   5.632489E-01
          282   4.000000E+00   3.500000E+00   5.681717E-01
          283   4.500000E+00   3.500000E+00   5.734265E-01
          284   5.000000E+00   3.500000E+00   5.790988E-01
          285   5.500000E+00   3.500000E+00   5.851717E-01
          286   6.000000E+00   3.500000E+00   5.916977E-01
          287   6.500000E+00   3.500000E+00   5.988032E-01
          288   7.000000E+00   3.500000E+00   6.064909E-01
          289   7.500000E+00   3.500000E+00   6.148154E-01
          290   8.000000E+00   3.500000E+00   6.239139E-01
          291   8.500000E+00   3.500000E+00   6.339151E-01
          292   9.000000E+00   3.500000E+00   6.449761E-01
          293   9.500000E+00   3.500000E+00   6.573977E-01
          294   1.000000E+01   3.500000E+00   6.584265E-01
          295   0.000000E+00   3.000000E+00   5.481001E-01
          296   5.000000E-01   3.000000E+00   5.484523E-01
          297   1.000000E+00   3.000000E+00   5.525153E-01
          298   1.500000E+00   3.000000E+00   5.566788E-01
          299   2.000000E+00   3.000000E+00   5.611651E-01
          300   2.500000E+00   3.000000E+00   5.659722E-01
          301   3.000000E+00   3.000000E+00   5.711308E-01
          302   3.500000E+00   3.000000E+00   5.766557E-01
          303   4.000000E+00   3.000000E+00   5.825888E-01
          304   4.500000E+00   3.000000E+00   5.889669E-01
          305   5.000000E+00   3.000000E+00   5.958326E-01
          306   5.500000E+00   3.000000E+00   6.032654E-01
          307   6.000000E+00   3.000000E+00   6.112749E-01
          308   6.500000E+00   3.000000E+00   6.199526E-01
          309   7.000000E+00   3.000000E+00   6.293833E-01
          310   7.500000E+00   3.000000E+00   6.396751E-01
          311   8.000000E+00   3.000000E+00   6.509758E-01
          312   8.500000E+00   3.000000E+00   6.635770E-01
          313   9.000000E+00   3.000000E+00   6.777383E-01
          314   9.500000E+00   3.000000E+00   6.938537E-01
          315   1.000000E+01   3.000000E+00   6.951295E-01
          316   0.000000E+00   2.500000E+00   5.583256E-01
          317   5.000000E-01   2.500000E+00   5.587546E-01
          318   1.000000E+00   2.500000E+00   5.636756E-01
          319   1.500000E+00   2.500000E+00   5.687381E-01
          320   2.000000E+00   2.500000E+00   5.741572E-01
          321   2.500000E+00   2.500000E+00   5.799847E-01
          322   3.000000E+00   2.500000E+00   5.862277E-01
          323   3.500000E+00   2.500000E+00   5.929320E-01
          324   4.000000E+00   2.500000E+00   6.001991E-01
          325   4.500000E+00   2.500000E+00   6.080210E-01
          326   5.000000E+00   2.500000E+00   6.164627E-01
          327   5.500000E+00   2.500000E+00   6.256147E-01
          328   6.000000E+00   2.500000E+00   6.355517E-01
          329   6.500000E+00   2.500000E+00   6.463681E-01
          330   7.000000E+00   2.500000E+00   6.582415E-01
          331   7.500000E+00   2.500000E+00   6.713398E-01
          332   8.000000E+00   2.500000E+00   6.858539E-01
          333   8.500000E+00   2.500000E+00   7.021778E-01
          334   9.000000E+00   2.500000E+00   7.208600E-01
          335   9.500000E+00   2.500000E+00   7.425348E-01
          336   1.000000E+01   2.500000E+00   7.441330E-01
          337   0.000000E+00   2.000000E+00   5.708549E-01
          338   5.000000E-01   2.000000E+00   5.713720E-01
          339   1.000000E+00   2.000000E+00   5.771998E-01
          340   1.500000E+00   2.000000E+00   5.833432E-01
          341   2.000000E+00   2.000000E+00   5.899065E-01
          342   2.500000E+00   2.000000E+00   5.970216E-01
          343   3.000000E+00   2.000000E+00   6.047007E-01
          344   3.500000E+00   2.000000E+00   6.129683E-01
          345   4.000000E+00   2.000000E+00   6.219239E-01
          346   4.500000E+00   2.000000E+00   6.316514E-01
          347   5.000000E+00   2.000000E+00   6.422237E-01
          348   5.500000E+00   2.000000E+00   6.537794E-01
          349   6.000000E+00   2.000000E+00   6.665131E-01
          350   6.500000E+00   2.000000E+00   6.805271E-01
          351   7.000000E+00   2.000000E+00   6.960150E-01
          352   7.500000E+00   2.000000E+00   7.132808E-01
          353   8.000000E+00   2.000000E+00   7.325056E-01
          354   8.500000E+00   2.000000E+00   7.544288E-01
          355   9.000000E+00   2.000000E+00   7.801522E-01
          356   9.500000E+00   2.000000E+00   8.099302E-01
          357   1.000000E+01   2.000000E+00   8.116472E-01
          358   0.000000E+00   1.500000E+00   5.860016E-01
          359   5.000000E-01   1.500000E+00   5.866187E-01
          360   1.000000E+00   1.500000E+00   5.936534E-01
          361   1.500000E+00   1.500000E+00   6.011858E-01
          362   2.000000E+00   1.500000E+00   6.092918E-01
          363   2.500000E+00   1.500000E+00   6.180600E-01
          364   3.000000E+00   1.500000E+00   6.275813E-01
          365   3.500000E+00   1.500000E+00   6.379382E-01
          366   4.000000E+00   1.500000E+00   6.492327E-01
          367   4.500000E+00   1.500000E+00   6.617058E-01
          368   5.000000E+00   1.500000E+00   6.754492E-01
          369   5.500000E+00   1.500000E+00   6.906446E-01
          370   6.000000E+00   1.500000E+00   7.076057E-01
          371   6.500000E+00   1.500000E+00   7.265960E-01
          372   7.000000E+00   1.500000E+00   7.479043E-01
          373   7.500000E+00   1.500000E+00   7.718569E-01
          374   8.000000E+00   1.500000E+00   7.981043E-01
          375   8.500000E+00   1.500000E+00   8.283650E-01
          376   9.000000E+00   1.500000E+00   8.666971E-01
          377   9.500000E+00   1.500000E+00   9.041229E-01
          378   1.000000E+01   1.500000E+00   9.048647E-01
          379   0.000000E+00   1.000000E+00   6.045784E-01
          380   5.000000E-01   1.000000E+00   6.052901E-01
          381   1.000000E+00   1.000000E+00   6.139374E-01
          382   1.500000E+00   1.000000E+00   6.232409E-01
          383   2.000000E+00   1.000000E+00   6.333734E-01
          384   2.500000E+00   1.000000E+00   6.444219E-01
          385   3.000000E+00   1.000000E+00   6.565631E-01
          386   3.500000E+00   1.000000E+00   6.699975E-01
          387   4.000000E+00   1.000000E+00   6.848672E-01
          388   4.500000E+00   1.000000E+00   7.014595E-01
          389   5.000000E+00   1.000000E+00   7.201120E-01
          390   5.500000E+00   1.000000E+00   7.411225E-01
          391   6.000000E+00   1.000000E+00   7.649687E-01
          392   6.500000E+00   1.000000E+00   7.922823E-01
          393   7.000000E+00   1.000000E+00   8.237211E-01
          394   7.500000E+00   1.000000E+00   8.604456E-01
          395   8.000000E+00   1.000000E+00   8.953670E-01
          396   8.500000E+00   1.000000E+00   9.324962E-01
          397   9.000000E+00   1.000000E+00   1.000000E+00
          398   9.500000E+00   1.000000E+00   1.000000E+00
          399   1.000000E+01   1.000000E+00   1.000000E+00
          400   0.000000E+00   5.000000E-01   6.277824E-01
          401   5.000000E-01   5.000000E-01   6.285981E-01
          402   1.000000E+00   5.000000E-01   6.394118E-01
          403   1.500000E+00   5.000000E-01   6.511806E-01
          404   2.000000E+00   5.000000E-01   6.642354E-01
          405   2.500000E+00   5.000000E-01   6.786944E-01
          406   3.000000E+00   5.000000E-01   6.947851E-01
          407   3.500000E+00   5.000000E-01   7.129420E-01
          408   4.000000E+00   5.000000E-01   7.334481E-01
          409   4.500000E+00   5.000000E-01   7.567577E-01
          410   5.000000E+00   5.000000E-01   7.835257E-01
          411   5.500000E+00   5.000000E-01   8.143599E-01
          412   6.000000E+00   5.000000E-01   8.498886E-01
          413   6.500000E+00   5.000000E-01   8.907680E-01
          414   7.000000E+00   5.000000E-01   9.378284E-01
          415   7.500000E+00   5.000000E-01   1.000000E+00
          416   8.000000E+00   5.000000E-01   1.000000E+00
          417   8.500000E+00   5.000000E-01   1.000000E+00
          418   9.000000E+00   5.000000E-01   1.000000E+00
          419   9.500000E+00   5.000000E-01   1.000000E+00
          420   1.000000E+01   5.000000E-01   1.000000E+00
          421   0.000000E+00   0.000000E+00   6.367058E-01
          422   5.000000E-01   0.000000E+00   6.404775E-01
          423   1.000000E+00   0.000000E+00   6.525025E-01
          424   1.500000E+00   0.000000E+00   6.657556E-01
          425   2.000000E+00   0.000000E+00   6.804789E-01
          426   2.500000E+00   0.000000E+00   6.968960E-01
          427   3.000000E+00   0.000000E+00   7.154260E-01
          428   3.500000E+00   0.000000E+00   7.364301E-01
          429   4.000000E+00   0.000000E+00   7.603558E-01
          430   4.500000E+00   0.000000E+00   7.879465E-01
          431   5.000000E+00   0.000000E+00   8.198204E-01
          432   5.500000E+00   0.000000E+00   8.566431E-01
          433   6.000000E+00   0.000000E+00   8.986476E-01
          434   6.500000E+00   0.000000E+00   9.441472E-01
          435   7.000000E+00   0.000000E+00   9.852873E-01
          436   7.500000E+00   0.000000E+00   1.000000E+00
          437   8.000000E+00   0.000000E+00   1.000000E+00
          438   8.500000E+00   0.000000E+00   1.000000E+00
          439   9.000000E+00   0.000000E+00   1.000000E+00
          440   9.500000E+00   0.000000E+00   1.000000E+00
          441   1.000000E+01   0.000000E+00   1.000000E+00
